src,dst,support,p_dst_given_src,lift,direct_share,sample_records
ENGINE_FAILURE,DECISION_INAPPROPRIATE,6544,0.3989,1.017,0.843,"20001211X13280_1;20001211X13284_1;20001211X11774_1;20001211X12515_1;20001211X12744_1"
CONTROL_INPUT_IMPROPER,LOSS_OF_CONTROL_GROUND,5557,0.1984,1.285,0.950,"20001211X12504_1;20001211X12270_1;20001211X12500_1;20001211X12501_1;20001211X12506_1"
FUEL_EXHAUSTION_OR_STARVATION,ENGINE_FAILURE,5051,0.9330,3.181,0.991,"20001211X13021_1;20001211X11774_1;20001211X12516_1;20001211X12744_1;20001211X13036_1"
CONTROL_INPUT_IMPROPER,STALL,4357,0.1556,1.310,0.960,"20001211X13278_1;20001211X12055_1;20001211X12268_1;20001211X12267_1;20001206X01898_1"
DECISION_INAPPROPRIATE,CONTROL_INPUT_IMPROPER,4343,0.1980,0.396,0.600,"20001211X13280_1;20001211X12503_1;20001211X12266_1;20001211X12743_1;20001211X12747_1"
ADVERSE_WIND_CONDITION,CONTROL_INPUT_IMPROPER,4198,0.4788,0.956,0.088,"20001211X12264_1;20001211X12266_1;20001211X12500_1;20001211X12501_1;20001211X12267_1"
ENGINE_FAILURE,PROCEDURE_NOT_FOLLOWED,3824,0.2331,0.796,0.688,"20001211X13021_1;20001211X12497_1;20001211X13284_1;20001211X13505_1;20001206X00689_1"
PERCEPTION_FAILURE,CONTROL_INPUT_IMPROPER,3480,0.3742,0.747,0.802,"20001211X11897_1;20001211X11773_1;20001211X12746_1;20001211X13300_1;20001211X13297_1"
MAINTENANCE_INADEQUATE,LATENT_MECHANICAL_DEFECT,2569,0.4554,3.049,0.931,"20001211X12739_1;20001211X13283_1;20001211X12509_1;20001211X13040_1;20001206X00689_1"
STALL,LOSS_OF_CONTROL_INFLIGHT,2428,0.3656,2.084,0.995,"20001211X13278_1;20001211X11902_1;20001211X12268_1;20001211X12748_1;20001206X01898_1"
LATENT_MECHANICAL_DEFECT,ENGINE_FAILURE,2331,0.2790,0.951,0.899,"20001211X13282_1;20001211X12498_1;20001211X12519_1;20001206X01652_1;20001206X01639_1"
DECISION_INAPPROPRIATE,FUEL_EXHAUSTION_OR_STARVATION,1850,0.0844,0.872,0.945,"20001211X13021_1;20001211X12516_1;20001211X13294_1;20001206X01194_1;20001206X01648_1"
ENGINE_FAILURE,CONTROL_INPUT_IMPROPER,1835,0.1118,0.223,0.675,"20001211X12508_1;20001211X13036_1;20001211X13291_1;20001211X12751_1;20001206X01413_1"
PROCEDURE_NOT_FOLLOWED,FUEL_EXHAUSTION_OR_STARVATION,1442,0.0880,0.909,0.931,"20001211X12744_1;20001211X13036_1;20001207X03582_1;20001208X06409_1;20001208X06675_1"
CONTROL_INPUT_IMPROPER,LOSS_OF_CONTROL_INFLIGHT,1430,0.0511,0.291,0.922,"20001211X12274_1;20001211X12743_1;20001211X13300_1;20001211X13298_1;20001206X01915_1"
PROCEDURE_NOT_FOLLOWED,CONTROL_INPUT_IMPROPER,1368,0.0835,0.167,0.577,"20001206X01634_1;20001211X13299_1;20001207X03206_1;20001207X03843_1;20001208X05683_1"
ADVERSE_WIND_CONDITION,DECISION_INAPPROPRIATE,1312,0.1496,0.382,0.046,"20001211X12264_1;20001211X12266_1;20001211X12753_1;20001211X13296_1;20001211X13506_1"
DECISION_INAPPROPRIATE,PROCEDURE_NOT_FOLLOWED,1306,0.0595,0.203,0.591,"20001211X13020_1;20001211X12056_1;20001211X13024_1;20001211X13032_1;20001211X13299_1"
CONTROL_INPUT_IMPROPER,PROCEDURE_NOT_FOLLOWED,1207,0.0431,0.147,0.727,"20001206X02161_1;20001207X02807_1;20001207X04627_1;20001208X07639_1;20001208X07252_1"
PROCEDURE_NOT_FOLLOWED,ENGINE_FAILURE,1137,0.0694,0.237,0.836,"20001206X01416_1;20001206X01904_1;20001206X02166_1;20001206X02669_1;20001207X03842_1"
LOW_VISIBILITY_OR_IMC,DECISION_INAPPROPRIATE,1131,0.4342,1.107,0.144,"20001211X11897_1;20001211X13020_1;20001211X15791_1;20001211X11903_1;20001211X11905_1"
DECISION_INAPPROPRIATE,PERCEPTION_FAILURE,1044,0.0476,0.286,0.476,"20001211X11897_1;20001211X11905_1;20001211X13033_1;20001211X12753_1;20001206X01899_1"
WIND_SHEAR_OR_GUST,CONTROL_INPUT_IMPROPER,1037,0.4724,0.944,0.503,"20001211X12735_1;20001207X03593_1;20001207X03600_1;20001207X03584_1;20001208X05349_1"
OTHER_SYSTEM_FAILURE,ENGINE_FAILURE,1035,0.2834,0.966,0.960,"20001211X13280_1;20001211X12497_1;20001211X13676_1;20001206X01646_1;20001207X03585_1"
CONTROL_INPUT_IMPROPER,DECISION_INAPPROPRIATE,1019,0.0364,0.093,0.745,"20001211X12055_1;20001206X01634_1;20001206X01907_1;20001206X01912_1;20001206X01922_1"
ENGINE_FAILURE,LOSS_OF_CONTROL_INFLIGHT,1016,0.0619,0.353,0.944,"20001211X12754_1;20001206X01652_1;20001211X09505_1;20001211X13818_1;20001206X00580_1"
LATENT_MECHANICAL_DEFECT,LANDING_GEAR_ANOMALY,1007,0.1205,1.560,0.930,"20001211X12261_1;20001211X12262_1;20001211X12496_1;20001211X12277_1;20001211X12502_1"
CARBURETOR_OR_INDUCTION_ICING,ENGINE_FAILURE,971,0.6669,2.274,0.735,"20001206X00575_1;20001208X05347_1;20001207X04941_1;20001211X12290_1;20001211X12282_1"
FUEL_SYSTEM_ANOMALY,ENGINE_FAILURE,954,0.5699,1.943,0.965,"20001211X11642_1;20001206X01017_1;20001206X02370_1;20001207X02810_1;20001207X03054_1"
DARK_NIGHT_OR_LOW_LIGHT,PERCEPTION_FAILURE,950,0.4044,2.432,0.256,"20001211X12736_1;20001206X01911_1;20001206X02369_1;20001207X03211_1;20001207X04138_1"
ADVERSE_WIND_CONDITION,WIND_SHEAR_OR_GUST,940,0.1072,2.732,0.926,"20001211X13042_1;20001211X13296_1;20001206X01418_1;20001207X03593_1;20001207X03584_1"
PERCEPTION_FAILURE,PROCEDURE_NOT_FOLLOWED,890,0.0957,0.327,0.728,"20001211X11905_1;20001211X13023_1;20001207X04398_1;20001208X06389_1;20001208X06670_1"
LOSS_OF_CONTROL_GROUND,CONTROL_INPUT_IMPROPER,871,0.1009,0.201,0.838,"20001211X12520_1;20001211X13503_1;20001206X01197_1;20001206X02162_1;20001207X03058_1"
FUEL_CONTAMINATION,ENGINE_FAILURE,826,0.7530,2.567,0.885,"20001211X12508_1;20001211X13291_1;20001211X12751_1;20001206X00576_1;20001207X02809_1"
RUNWAY_CONDITION_HAZARD,CONTROL_INPUT_IMPROPER,823,0.1880,0.375,0.211,"20001211X12055_1;20001211X12745_1;20001211X13046_1;20001211X13286_1;20001206X00691_1"
PERCEPTION_FAILURE,DECISION_INAPPROPRIATE,818,0.0879,0.224,0.752,"20001211X12265_1;20001206X01638_1;20001208X06144_1;20001208X07372_1;20001208X06651_1"
DECISION_INAPPROPRIATE,STALL,802,0.0366,0.308,0.718,"20001211X12748_1;20001211X12749_1;20001211X13034_1;20001211X13813_1;20001206X00690_1"
ADVERSE_WIND_CONDITION,LOSS_OF_CONTROL_GROUND,774,0.0883,0.572,0.183,"20001211X13026_1;20001211X13287_1;20001211X13044_1;20001211X13295_1;20001206X01197_1"
RUNWAY_CONDITION_HAZARD,LOSS_OF_CONTROL_GROUND,762,0.1741,1.128,0.366,"20001211X13279_1;20001211X12265_1;20001206X00692_1;20001211X13507_1;20001206X00693_1"
DECISION_INAPPROPRIATE,LOSS_OF_CONTROL_INFLIGHT,697,0.0318,0.181,0.680,"20001211X12754_1;20001211X13051_1;20001208X08038_1;20001208X06658_1;20001208X08274_1"
PILOT_FATIGUE_OR_PHYSIOLOGICAL_STATE,CONTROL_INPUT_IMPROPER,666,0.3548,0.709,0.044,"20001211X12055_1;20001211X12518_1;20001206X00688_1;20001206X00691_1;20001206X01193_1"
LOW_VISIBILITY_OR_IMC,PERCEPTION_FAILURE,662,0.2541,1.528,0.532,"20001211X11897_1;20001211X11903_1;20001211X12756_1;20001211X13297_1;20001207X03053_1"
MAINTENANCE_INADEQUATE,ENGINE_FAILURE,649,0.1151,0.392,0.743,"20001206X01903_1;20001208X06402_1;20001208X07838_1;20001206X00584_1;20001211X13677_1"
CONTROL_INPUT_IMPROPER,LANDING_GEAR_ANOMALY,638,0.0228,0.295,0.887,"20001211X11773_1;20001211X13047_1;20001206X01644_1;20001206X01637_1;20001206X01423_1"
ADVERSE_WIND_CONDITION,PERCEPTION_FAILURE,636,0.0725,0.436,0.222,"20001211X11905_1;20001211X12746_1;20001211X13295_1;20001206X01907_1;20001206X01649_1"
CONTROL_SURFACE_ANOMALY,LOSS_OF_CONTROL_INFLIGHT,624,0.3451,1.967,0.974,"20001207X03845_1;20001208X08537_1;20001211X12524_1;20001211X12284_1;20001206X00577_1"
PROCEDURE_NOT_FOLLOWED,PERCEPTION_FAILURE,619,0.0378,0.227,0.414,"20001208X05206_1;20001208X06145_1;20001211X09966_2;20001211X12059_1;20001207X02826_1"
LATENT_MECHANICAL_DEFECT,CONTROL_INPUT_IMPROPER,616,0.0737,0.147,0.349,"20001211X13674_1;20001206X00829_1;20001206X02166_1;20001207X03590_1;20001208X08767_1"
LATENT_MECHANICAL_DEFECT,CONTROL_SURFACE_ANOMALY,607,0.0726,2.248,0.969,"20001211X13028_1;20001207X04119_1;20001207X02808_1;20001208X08942_1;20001211X12524_1"
LANDING_GEAR_ANOMALY,LOSS_OF_CONTROL_GROUND,592,0.1370,0.888,0.981,"20001211X12496_1;20001211X12277_1;20001211X12271_1;20001211X12511_1;20001206X01016_1"
LANDING_GEAR_ANOMALY,PROCEDURE_NOT_FOLLOWED,588,0.1361,0.465,0.536,"20001211X12261_1;20001208X07469_1;20001208X07471_1;20001211X13684_1;20001207X03864_1"
LOSS_OF_CONTROL_INFLIGHT,CONTROL_INPUT_IMPROPER,580,0.0591,0.118,0.807,"20001206X01421_1;20001211X09505_1;20001211X13517_1;20001206X01670_1;20001207X03409_1"
LATENT_MECHANICAL_DEFECT,AIRFRAME_STRUCTURAL_FAILURE,576,0.0689,1.414,0.931,"20001206X00689_1;20001207X03836_1;20001207X04126_1;20001208X07481_1;20001206X01023_1"
PROCEDURE_NOT_FOLLOWED,STALL,567,0.0346,0.291,0.769,"20001211X12494_1;20001211X13500_1;20001208X05682_1;20001208X06670_1;20001211X12537_1"
RUNWAY_CONDITION_HAZARD,DECISION_INAPPROPRIATE,565,0.1291,0.329,0.018,"20001211X12264_1;20001211X12502_1;20001211X12517_1;20001211X12507_1;20001211X13031_1"
AIRFRAME_STRUCTURAL_FAILURE,LOSS_OF_CONTROL_INFLIGHT,560,0.2053,1.170,0.980,"20001211X12257_1;20001211X13680_1;20001206X01023_1;20001207X02921_1;20001207X04150_1"
TRAINING_OR_CURRENCY_GAP,CONTROL_INPUT_IMPROPER,555,0.5125,1.024,0.083,"20001206X01420_1;20001206X02170_1;20001206X02165_1;20001208X08530_1;20001208X07658_1"
CARBURETOR_OR_INDUCTION_ICING,PROCEDURE_NOT_FOLLOWED,549,0.3771,1.287,0.049,"20001206X01416_1;20001207X03842_1;20001207X04801_1;20001208X07127_1;20001211X09388_1"
DECISION_INAPPROPRIATE,LOSS_OF_CONTROL_GROUND,547,0.0249,0.162,0.693,"20001211X13279_1;20001211X12496_1;20001211X12265_1;20001211X12520_1;20001211X12742_1"
PROCEDURE_NOT_FOLLOWED,DECISION_INAPPROPRIATE,543,0.0331,0.085,0.503,"20001206X00575_1;20001206X02539_1;20001207X03597_1;20001207X04796_1;20001208X07471_1"
OTHER_SYSTEM_FAILURE,DECISION_INAPPROPRIATE,522,0.1429,0.365,0.718,"20001207X04621_1;20001206X00849_1;20001206X02176_1;20001207X03232_1;20001207X03408_1"
CONTROL_INPUT_IMPROPER,STRUCTURAL_OVERLOAD,518,0.0185,0.772,0.954,"20001211X13509_1;20001207X03590_1;20001207X04130_1;20001207X03853_1;20001208X06392_1"
CONTROL_INPUT_IMPROPER,TERRAIN_OR_OBSTACLE_PROXIMITY,517,0.0185,0.341,0.934,"20001211X12508_1;20001211X13511_1;20001206X02369_1;20001208X06401_1;20001208X08537_1"
ENGINE_FAILURE,STALL,517,0.0315,0.265,0.619,"20001211X12751_1;20001208X08764_1;20001211X12070_1;20001211X13683_1;20001207X02928_1"
LATENT_MECHANICAL_DEFECT,DECISION_INAPPROPRIATE,517,0.0619,0.158,0.195,"20001206X01919_1;20001207X04938_1;20001208X06140_1;20001208X06667_1;20001211X13060_1"
LOSS_OF_CONTROL_INFLIGHT,PROCEDURE_NOT_FOLLOWED,504,0.0514,0.175,0.688,"20001206X01652_1;20001207X03576_1;20001211X12524_1;20001207X04425_1;20001208X06680_1"
CREW_COORDINATION_FAILURE,CONTROL_INPUT_IMPROPER,502,0.2612,0.522,0.245,"20001211X12504_1;20001211X12506_1;20001211X09619_1;20001208X08052_1;20001206X00583_1"
PROCEDURE_NOT_FOLLOWED,LOSS_OF_CONTROL_GROUND,500,0.0305,0.198,0.746,"20001211X13024_1;20001207X04796_1;20001211X09972_1;20001211X09973_1;20001211X12066_1"
LATENT_MECHANICAL_DEFECT,PERCEPTION_FAILURE,489,0.0585,0.352,0.272,"20001211X12753_1;20001206X02540_1;20001208X06991_1;20001208X06670_1;20001208X07250_1"
MAINTENANCE_INADEQUATE,OTHER_SYSTEM_FAILURE,475,0.0842,1.290,0.909,"20001211X12259_1;20001211X13280_1;20001207X03585_1;20001208X06829_1;20001208X06135_1"
LATENT_MECHANICAL_DEFECT,FUEL_SYSTEM_ANOMALY,460,0.0551,1.840,0.933,"20001211X13283_1;20001211X13038_1;20001206X01017_1;20001207X03054_1;20001207X03395_1"
LOW_VISIBILITY_OR_IMC,SPATIAL_DISORIENTATION,459,0.1762,10.553,0.691,"20001211X12510_1;20001206X01901_1;20001206X01920_1;20001208X05497_1;20001208X06664_1"
SPATIAL_DISORIENTATION,LOSS_OF_CONTROL_INFLIGHT,448,0.4797,2.734,0.998,"20001211X13281_1;20001211X15791_1;20001211X13501_1;20001208X07368_1;20001211X09788_1"
MOUNTAINOUS_OR_RISING_TERRAIN,DECISION_INAPPROPRIATE,434,0.1653,0.422,0.018,"20001211X11897_1;20001211X13020_1;20001211X11903_1;20001211X12743_1;20001206X01898_1"
DECISION_INAPPROPRIATE,SPATIAL_DISORIENTATION,431,0.0197,1.177,0.838,"20001211X15791_1;20001211X12510_1;20001211X13501_1;20001211X13498_1;20001206X01920_1"
STALL,CONTROL_INPUT_IMPROPER,426,0.0641,0.128,0.826,"20001206X01902_1;20001208X05682_1;20001207X03075_1;20001208X07494_1;20001211X12792_1"
LOSS_OF_CONTROL_INFLIGHT,DECISION_INAPPROPRIATE,418,0.0426,0.109,0.722,"20001211X12259_1;20001206X01915_1;20001207X04412_1;20001208X08049_1;20001206X00582_1"
CONTROL_INPUT_IMPROPER,AIRFRAME_STRUCTURAL_FAILURE,414,0.0148,0.303,0.908,"20001211X13297_1;20001206X01197_1;20001207X03578_1;20001207X04136_1;20001208X05505_1"
TERRAIN_OR_OBSTACLE_PROXIMITY,PERCEPTION_FAILURE,413,0.1364,0.820,0.044,"20001208X05491_1;20001206X00699_1;20001208X07260_1;20001208X08953_1;20001207X04170_1"
PROCEDURE_NOT_FOLLOWED,LANDING_GEAR_ANOMALY,408,0.0249,0.322,0.826,"20001211X13023_1;20001206X00827_1;20001207X03594_1;20001207X03404_1;20001208X07850_1"
LANDING_GEAR_ANOMALY,CONTROL_INPUT_IMPROPER,406,0.0940,0.188,0.709,"20001211X12512_1;20001211X13048_1;20001206X01909_1;20001206X01419_1;20001207X04799_1"
LANDING_GEAR_ANOMALY,DECISION_INAPPROPRIATE,405,0.0937,0.239,0.669,"20001206X00827_1;20001206X01195_1;20001207X03394_1;20001208X07471_1;20001207X02826_1"
LATENT_MECHANICAL_DEFECT,OTHER_SYSTEM_FAILURE,403,0.0482,0.739,0.926,"20001211X12509_1;20001207X04398_1;20001207X04135_1;20001208X07647_1;20001207X02926_1"
DARK_NIGHT_OR_LOW_LIGHT,DECISION_INAPPROPRIATE,389,0.1656,0.422,0.008,"20001211X15791_1;20001211X13501_1;20001208X07480_1;20001211X09505_1;20001211X12527_1"
PILOT_FATIGUE_OR_PHYSIOLOGICAL_STATE,DECISION_INAPPROPRIATE,387,0.2062,0.526,0.137,"20001211X12519_1;20001211X13030_1;20001211X13498_1;20001207X03573_1;20001208X08759_1"
PROCEDURE_NOT_FOLLOWED,LOSS_OF_CONTROL_INFLIGHT,387,0.0236,0.135,0.726,"20001208X05687_1;20001208X07640_1;20001211X12762_1;20001208X05517_1;20001208X06843_1"
FUEL_SYSTEM_ANOMALY,FUEL_EXHAUSTION_OR_STARVATION,379,0.2264,2.339,0.950,"20001211X11774_1;20001206X01018_1;20001206X02169_1;20001208X07473_1;20001208X07835_1"
HIGH_DENSITY_ALTITUDE,DECISION_INAPPROPRIATE,376,0.2741,0.699,0.011,"20001206X01919_1;20001207X04153_1;20001207X04154_1;20001213X28718_1;20001206X01448_1"
MAINTENANCE_INADEQUATE,FUEL_SYSTEM_ANOMALY,360,0.0638,2.133,0.928,"20001211X11774_1;20001206X01018_1;20001208X07477_1;20001208X08766_1;20001211X10218_1"
PILOT_INCAPACITATION_OR_IMPAIRMENT,LOSS_OF_CONTROL_INFLIGHT,360,0.2723,1.552,0.797,"20001207X04409_1;20001206X01202_1;20001206X01439_1;20001208X08301_1;20001212X22374_1"
OTHER_SYSTEM_FAILURE,PROCEDURE_NOT_FOLLOWED,359,0.0983,0.336,0.624,"20001206X01921_1;20001206X01211_1;20001207X03223_1;20001208X05210_1;20001214X37716_1"
LOSS_OF_CONTROL_GROUND,DECISION_INAPPROPRIATE,352,0.0408,0.104,0.753,"20001211X13674_1;20001206X01020_1;20001207X03059_1;20001211X10204_1;20001211X09973_1"
FUEL_EXHAUSTION_OR_STARVATION,DECISION_INAPPROPRIATE,351,0.0648,0.165,0.293,"20001206X01901_1;20001208X07474_1;20001211X12775_1;20001206X02680_1;20001207X03869_1"
WIND_SHEAR_OR_GUST,LOSS_OF_CONTROL_GROUND,344,0.1567,1.015,0.773,"20001207X04404_1;20001208X06411_1;20001208X05359_1;20001206X01473_1;20001207X04433_1"
HIGH_DENSITY_ALTITUDE,STALL,343,0.2500,2.106,0.017,"20001208X05682_1;20001208X08534_1;20001211X13304_1;20001207X04422_1;20001208X08062_1"
TURBULENCE_ENCOUNTER,LOSS_OF_CONTROL_INFLIGHT,334,0.2269,1.293,0.799,"20001207X04622_1;20001208X08274_1;20001211X09977_1;20001211X12289_1;20001208X05351_1"
AIRFRAME_STRUCTURAL_FAILURE,ENGINE_FAILURE,333,0.1221,0.416,0.973,"20001206X00689_1;20001207X03396_1;20001207X04126_1;20001208X06147_1;20001211X10216_1"
CONTROL_INPUT_IMPROPER,ENGINE_FAILURE,323,0.0115,0.039,0.864,"20001207X03582_1;20001207X04127_1;20001206X02552_1;20001207X02928_1;20001208X05212_1"
PILOT_FATIGUE_OR_PHYSIOLOGICAL_STATE,PERCEPTION_FAILURE,321,0.1710,1.029,0.153,"20001206X01638_1;20001206X01911_1;20001208X08529_1;20001211X13313_1;20001211X12764_1"
PERCEPTION_FAILURE,LOSS_OF_CONTROL_INFLIGHT,318,0.0342,0.195,0.830,"20001207X03576_1;20001208X08049_1;20001207X02820_1;20001207X04633_1;20001213X32818_1"
LATENT_MECHANICAL_DEFECT,LOSS_OF_CONTROL_GROUND,314,0.0376,0.243,0.576,"20001207X04143_1;20001208X08044_1;20001208X07653_1;20001211X09967_1;20001208X08777_1"
PROCEDURE_NOT_FOLLOWED,LATENT_MECHANICAL_DEFECT,311,0.0190,0.127,0.942,"20001211X13500_1;20001206X02540_1;20001207X04137_1;20001207X04938_1;20001208X07647_1"
CONTROL_INPUT_IMPROPER,PERCEPTION_FAILURE,308,0.0110,0.066,0.471,"20001211X12275_1;20001206X02672_1;20001208X07839_1;20001208X08280_1;20001208X08776_1"
ADVERSE_WIND_CONDITION,LOSS_OF_CONTROL_INFLIGHT,307,0.0350,0.200,0.283,"20001206X01915_1;20001206X01908_1;20001206X01421_1;20001207X04416_1;20001211X11906_1"
PILOT_INCAPACITATION_OR_IMPAIRMENT,CONTROL_INPUT_IMPROPER,303,0.2292,0.458,0.455,"20001206X00829_1;20001208X06646_1;20001208X07644_1;20001206X00836_1;20001208X05218_1"
AIRCRAFT_WEIGHT_OR_BALANCE_OUT_OF_LIMITS,STALL,296,0.2865,2.414,0.193,"20001211X13278_1;20001211X12494_1;20001206X02675_1;20001211X13304_1;20001211X13301_1"
DARK_NIGHT_OR_LOW_LIGHT,SPATIAL_DISORIENTATION,296,0.1260,7.547,0.253,"20001211X13281_1;20001211X15791_1;20001208X05497_1;20001211X09505_1;20001211X13817_1"
ENGINE_FAILURE,PERCEPTION_FAILURE,296,0.0180,0.109,0.236,"20001208X07835_1;20001206X01658_1;20001213X27517_1;20001213X28722_1;20001206X01049_1"
INSTRUMENT_OR_AVIONICS_FAILURE,PERCEPTION_FAILURE,296,0.3766,2.265,0.666,"20001211X13816_1;20001206X02387_1;20001206X00734_1;20001206X01715_1;20001208X09146_1"
OTHER_SYSTEM_FAILURE,LOSS_OF_CONTROL_INFLIGHT,292,0.0800,0.456,0.962,"20001211X12259_1;20001211X12509_1;20001211X09802_1;20001206X01460_1;20001206X01982_1"
RUNWAY_CONDITION_HAZARD,PERCEPTION_FAILURE,290,0.0662,0.398,0.207,"20001211X11773_1;20001211X12269_1;20001206X01422_1;20001207X03209_1;20001207X03052_1"
LOSS_OF_CONTROL_GROUND,LANDING_GEAR_ANOMALY,288,0.0334,0.432,0.976,"20001211X13293_1;20001211X13046_1;20001207X04140_1;20001207X04144_1;20001208X05349_1"
MAINTENANCE_INADEQUATE,LANDING_GEAR_ANOMALY,286,0.0507,0.656,0.867,"20001211X12505_1;20001208X08531_1;20001211X13684_1;20001207X02815_1;20001208X06837_1"
INFLIGHT_FIRE_OR_SMOKE,PROCEDURE_NOT_FOLLOWED,283,0.1684,0.575,0.678,"20001207X04135_1;20001208X07477_1;20001208X08048_1;20001211X12525_1;20001207X04149_1"
LOSS_OF_CONTROL_GROUND,PROCEDURE_NOT_FOLLOWED,276,0.0320,0.109,0.594,"20001211X13673_1;20001207X03401_1;20001211X09972_1;20001206X02178_1;20001206X00596_1"
DECISION_INAPPROPRIATE,ALTITUDE_DEVIATION_UNCONTROLLED,270,0.0123,0.611,0.852,"20001207X03053_1;20001207X04622_1;20001208X05337_1;20001208X08759_1;20001208X06825_1"
HIGH_DENSITY_ALTITUDE,CONTROL_INPUT_IMPROPER,266,0.1939,0.387,0.034,"20001208X08283_1;20001206X01480_1;20001207X04435_1;20001211X10019_1;20001211X10270_1"
LATENT_MECHANICAL_DEFECT,PROCEDURE_NOT_FOLLOWED,265,0.0317,0.108,0.128,"20001206X01904_1;20001207X03594_1;20001208X05687_1;20001208X05682_1;20001206X00577_1"
ADVERSE_WIND_CONDITION,STALL,256,0.0292,0.246,0.066,"20001206X01924_1;20001206X01902_1;20001206X02167_1;20001207X04142_1;20001208X06665_1"
DECISION_INAPPROPRIATE,TERRAIN_OR_OBSTACLE_PROXIMITY,242,0.0110,0.204,0.727,"20001207X04116_1;20001206X02670_1;20001206X02674_1;20001207X04619_1;20001208X07641_1"
MAINTENANCE_INADEQUATE,CONTROL_SURFACE_ANOMALY,236,0.0418,1.294,0.873,"20001206X01940_1;20001207X04629_1;20001208X06680_1;20001211X09394_1;20001211X14772_1"
AIRCRAFT_WEIGHT_OR_BALANCE_OUT_OF_LIMITS,DECISION_INAPPROPRIATE,235,0.2275,0.580,0.217,"20001211X13279_1;20001207X03394_1;20001208X08274_1;20001207X04154_1;20001213X28718_1"
WIND_SHEAR_OR_GUST,LOSS_OF_CONTROL_INFLIGHT,235,0.1071,0.610,0.864,"20001211X13042_1;20001211X13039_1;20001206X01650_1;20001207X04412_1;20001208X06658_1"
INFLIGHT_FIRE_OR_SMOKE,DECISION_INAPPROPRIATE,235,0.1398,0.357,0.715,"20001208X07645_1;20001206X01200_1;20001207X02817_1;20001211X13319_1;20001211X13328_1"
PERCEPTION_FAILURE,ALTITUDE_DEVIATION_UNCONTROLLED,234,0.0252,1.248,0.919,"20001207X03053_1;20001207X04401_1;20001208X06644_1;20001208X05337_1;20001211X13679_1"
OTHER_SYSTEM_FAILURE,INFLIGHT_FIRE_OR_SMOKE,234,0.0641,2.132,0.957,"20001207X04135_1;20001208X06829_1;20001211X12525_1;20001211X12533_1;20001206X02374_1"
PILOT_INCAPACITATION_OR_IMPAIRMENT,DECISION_INAPPROPRIATE,233,0.1762,0.450,0.455,"20001211X13678_1;20001206X02678_1;20001207X03216_1;20001206X02543_1;20001207X04943_1"
LOW_VISIBILITY_OR_IMC,PROCEDURE_NOT_FOLLOWED,232,0.0891,0.304,0.159,"20001211X13020_1;20001207X03204_1;20001207X03051_1;20001208X06387_1;20001208X05683_1"
DECISION_INAPPROPRIATE,ENGINE_FAILURE,230,0.0105,0.036,0.530,"20001211X12519_1;20001207X03054_1;20001207X04941_1;20001211X09396_1;20001206X00590_1"
CONTROL_INPUT_IMPROPER,CREW_COORDINATION_FAILURE,229,0.0082,0.238,0.271,"20001208X08041_1;20001208X06993_1;20001206X00739_1;20001207X03658_1;20001207X04476_1"
LATENT_MECHANICAL_DEFECT,FUEL_EXHAUSTION_OR_STARVATION,226,0.0270,0.279,0.814,"20001206X01917_1;20001208X05507_1;20001211X13065_1;20001207X03607_1;20001206X00710_1"
PROCEDURE_NOT_FOLLOWED,CONTROL_SURFACE_ANOMALY,226,0.0138,0.427,0.934,"20001207X03843_1;20001208X05678_1;20001208X05890_1;20001208X07656_1;20001208X07846_1"
AIRCRAFT_WEIGHT_OR_BALANCE_OUT_OF_LIMITS,CONTROL_INPUT_IMPROPER,223,0.2159,0.431,0.161,"20001207X04937_1;20001211X11907_1;20001211X11908_1;20001206X01426_1;20001206X01668_1"
TRAINING_OR_CURRENCY_GAP,DECISION_INAPPROPRIATE,218,0.2013,0.513,0.138,"20001208X05506_1;20001211X10201_1;20001211X13822_1;20001206X02679_1;20001207X04633_1"
TERRAIN_OR_OBSTACLE_PROXIMITY,CONTROL_INPUT_IMPROPER,216,0.0713,0.142,0.505,"20001211X11903_1;20001206X02367_1;20001207X04131_1;20001207X04138_1;20001207X04136_1"
LOW_ALTITUDE_OPERATION,CONTROL_INPUT_IMPROPER,216,0.1581,0.316,0.093,"20001207X04406_1;20001208X06990_1;20001208X07644_1;20001208X08528_1;20001208X08525_1"
OTHER_SYSTEM_FAILURE,CONTROL_INPUT_IMPROPER,215,0.0589,0.118,0.740,"20001211X13673_1;20001208X06676_1;20001208X05210_1;20001212X16402_1;20001211X13367_1"
ADVERSE_WIND_CONDITION,TURBULENCE_ENCOUNTER,214,0.0244,0.928,0.799,"20001211X12268_1;20001206X00830_1;20001207X04121_1;20001207X04939_1;20001208X06676_1"
DECISION_INAPPROPRIATE,LOW_ALTITUDE_OPERATION,214,0.0098,0.400,0.860,"20001211X13285_1;20001207X03573_1;20001208X08525_1;20001207X03062_1;20001206X02175_1"
RUNWAY_CONDITION_HAZARD,LANDING_GEAR_ANOMALY,210,0.0480,0.621,0.681,"20001211X11773_1;20001211X12269_1;20001211X12750_1;20001211X13047_1;20001206X01195_1"
LOW_ALTITUDE_OPERATION,PERCEPTION_FAILURE,209,0.1530,0.920,0.077,"20001207X03062_1;20001208X06154_1;20001206X00708_1;20001207X04956_1;20001206X02196_1"
CONTROL_SURFACE_ANOMALY,LOSS_OF_CONTROL_GROUND,208,0.1150,0.745,0.966,"20001206X01020_1;20001207X03578_1;20001208X05892_1;20001207X04799_1;20001206X02548_1"
CONTROL_SURFACE_ANOMALY,DECISION_INAPPROPRIATE,199,0.1101,0.281,0.724,"20001208X05890_1;20001208X07846_1;20001206X01427_1;20001207X04629_1;20001208X06680_1"
STRUCTURAL_OVERLOAD,AIRFRAME_STRUCTURAL_FAILURE,195,0.1454,2.982,0.964,"20001207X02921_1;20001207X03213_1;20001208X07663_1;20001208X05220_1;20001208X06996_1"
PROCEDURE_NOT_FOLLOWED,FUEL_CONTAMINATION,193,0.0118,0.601,0.891,"20001211X11642_1;20001206X00576_1;20001207X02810_1;20001207X04125_1;20001208X08762_1"
PROCEDURE_NOT_FOLLOWED,FUEL_SYSTEM_ANOMALY,193,0.0118,0.394,0.886,"20001207X02810_1;20001211X10206_1;20001206X00839_1;20001206X02680_1;20001207X02818_1"
LATENT_MECHANICAL_DEFECT,LOSS_OF_CONTROL_INFLIGHT,192,0.0230,0.131,0.641,"20001213X25852_1;20001207X04952_1;20001207X03603_1;20001206X01454_1;20001206X01459_1"
TURBULENCE_ENCOUNTER,CONTROL_INPUT_IMPROPER,192,0.1304,0.261,0.474,"20001211X12268_1;20001211X12755_1;20001206X00830_1;20001207X03598_1;20001207X03207_1"
ENGINE_FAILURE,LOSS_OF_CONTROL_GROUND,186,0.0113,0.073,0.903,"20001211X12752_1;20001211X12772_1;20001207X04160_1;20001207X04816_1;20001207X04969_1"
BIRD_OR_WILDLIFE_STRIKE,AIRFRAME_STRUCTURAL_FAILURE,185,0.2697,5.530,1.000,"20001208X05528_1;20001211X09437_1;20001211X09442_1;20001208X09324_1;20001208X06096_1"
PROCEDURE_NOT_FOLLOWED,OTHER_SYSTEM_FAILURE,183,0.0112,0.171,0.836,"20001207X03232_1;20001207X03864_1;20001211X09802_1;20001206X02569_1;20001207X04475_1"
PERCEPTION_FAILURE,TERRAIN_OR_OBSTACLE_PROXIMITY,182,0.0196,0.362,0.885,"20001211X12257_1;20001211X11903_1;20001207X04619_1;20001207X04147_1;20001211X15793_1"
PERCEPTION_FAILURE,FUEL_EXHAUSTION_OR_STARVATION,182,0.0196,0.202,0.797,"20001208X07250_1;20001207X04145_1;20001211X12805_1;20001206X01059_1;20001206X02212_1"
ENGINE_FAILURE,INFLIGHT_FIRE_OR_SMOKE,182,0.0111,0.369,0.885,"20001208X08048_1;20001208X07257_1;20001208X06843_1;20001208X05906_1;20001212X23848_1"
FUEL_EXHAUSTION_OR_STARVATION,PROCEDURE_NOT_FOLLOWED,180,0.0332,0.114,0.183,"20001207X04635_1;20001211X15031_1;20001211X16126_1;20001207X04432_1;20001206X01224_1"
MAINTENANCE_INADEQUATE,FUEL_CONTAMINATION,178,0.0316,1.609,0.899,"20001207X02809_1;20001207X03402_1;20001208X08762_1;20001211X12534_1;20001206X01937_1"
CREW_COORDINATION_FAILURE,PROCEDURE_NOT_FOLLOWED,177,0.0921,0.314,0.328,"20001208X06675_1;20001208X07667_1;20001213X35081_1;20001211X12338_1;20001207X03419_1"
LATENT_MECHANICAL_DEFECT,INFLIGHT_FIRE_OR_SMOKE,176,0.0211,0.701,0.920,"20001211X12739_1;20001208X07645_1;20001207X04149_1;20001208X07490_1;20001213X32667_1"
ADVERSE_WIND_CONDITION,PROCEDURE_NOT_FOLLOWED,175,0.0200,0.068,0.103,"20001211X12494_1;20001207X03212_1;20001207X04796_1;20001208X05687_1;20001208X05683_1"
GROUND_PERSONNEL_ERROR,PERCEPTION_FAILURE,175,0.1453,0.874,0.240,"20001211X09506_1;20001207X04173_1;20001206X00724_1;20001206X00871_1;20001208X09273_1"
STALL,PROCEDURE_NOT_FOLLOWED,173,0.0261,0.089,0.636,"20001211X12267_1;20001211X13034_1;20001208X06400_1;20001208X07640_1;20001208X07850_1"
LANDING_GEAR_ANOMALY,PERCEPTION_FAILURE,173,0.0400,0.241,0.272,"20001207X03635_1;20001208X05723_1;20001208X08962_1;20001206X00623_1;20001211X13189_1"
OTHER_SYSTEM_FAILURE,PERCEPTION_FAILURE,172,0.0471,0.283,0.517,"20001207X04398_1;20001211X12285_1;20001206X02008_1;20001207X04975_1;20001208X08348_1"
LOSS_OF_CONTROL_GROUND,AIRFRAME_STRUCTURAL_FAILURE,172,0.0199,0.408,0.988,"20001207X03833_1;20001208X05505_1;20001208X05493_1;20001208X05891_1;20001206X01253_1"
OTHER_SYSTEM_FAILURE,LANDING_GEAR_ANOMALY,171,0.0468,0.606,0.895,"20001208X06395_1;20001208X08780_1;20001211X15589_1;20001207X04818_1;20001206X00886_1"
DARK_NIGHT_OR_LOW_LIGHT,CONTROL_INPUT_IMPROPER,170,0.0724,0.145,0.000,"20001211X13810_1;20001207X04405_1;20001206X01676_1;20001206X02177_1;20001214X37681_1"
MOUNTAINOUS_OR_RISING_TERRAIN,PERCEPTION_FAILURE,165,0.0629,0.378,0.109,"20001211X11903_1;20001207X04619_1;20001208X06651_1;20001211X09981_1;20001207X03874_1"
LATENT_MECHANICAL_DEFECT,MAINTENANCE_INADEQUATE,164,0.0196,0.195,0.098,"20001206X01933_1;20001206X02583_1;20001207X04223_1;20001211X12125_1;20001211X11988_1"
AIRCRAFT_WEIGHT_OR_BALANCE_OUT_OF_LIMITS,LOSS_OF_CONTROL_INFLIGHT,160,0.1549,0.883,0.425,"20001211X13049_1;20001206X01908_1;20001206X01651_1;20001207X04416_1;20001207X04937_1"
CONTROL_INPUT_IMPROPER,ALTITUDE_DEVIATION_UNCONTROLLED,158,0.0056,0.280,0.911,"20001207X03600_1;20001207X04625_1;20001208X07492_1;20001211X12339_1;20001211X12370_1"
PILOT_FATIGUE_OR_PHYSIOLOGICAL_STATE,LOSS_OF_CONTROL_INFLIGHT,154,0.0820,0.468,0.117,"20001207X04417_1;20001207X03215_1;20001211X12550_1;20001211X12824_1;20001206X01226_1"
MAINTENANCE_INADEQUATE,AIRFRAME_STRUCTURAL_FAILURE,153,0.0271,0.556,0.712,"20001211X10216_1;20001207X02825_1;20001208X05906_1;20001211X09986_1;20001211X13077_1"
LOSS_OF_CONTROL_INFLIGHT,STRUCTURAL_OVERLOAD,151,0.0154,0.642,0.993,"20001211X15791_1;20001206X01655_1;20001208X05351_1;20001207X04633_1;20001211X13323_1"
PERCEPTION_FAILURE,STALL,151,0.0162,0.137,0.702,"20001207X03842_1;20001208X06158_1;20001211X15986_1;20001207X03627_1;20001206X01262_1"
UNSUITABLE_TERRAIN_FOR_FORCED_LANDING,DECISION_INAPPROPRIATE,142,0.0736,0.188,0.120,"20001211X12515_1;20001211X13510_1;20001206X01414_1;20001207X03395_1;20001207X04140_1"
HIGH_DENSITY_ALTITUDE,LOSS_OF_CONTROL_INFLIGHT,142,0.1035,0.590,0.077,"20001206X01651_1;20001211X13517_1;20001211X13105_1;20001206X02021_1;20001211X14831_1"
INSTRUMENT_OR_AVIONICS_FAILURE,DECISION_INAPPROPRIATE,142,0.1807,0.461,0.430,"20001211X12527_1;20001207X04660_1;20001208X05531_1;20001208X07000_1;20001211X09811_1"
LOW_VISIBILITY_OR_IMC,LOSS_OF_CONTROL_INFLIGHT,142,0.0545,0.311,0.211,"20001213X28717_1;20001206X01443_1;20001206X02383_1;20001211X12553_1;20001206X01226_1"
WIND_SHEAR_OR_GUST,STALL,141,0.0642,0.541,0.638,"20001207X03860_1;20001206X01683_1;20001211X10257_1;20001208X08619_1;20001211X13767_1"
PROCEDURE_NOT_FOLLOWED,ALTITUDE_DEVIATION_UNCONTROLLED,140,0.0085,0.424,0.864,"20001207X03575_1;20001208X07252_1;20001207X03854_1;20001207X03061_1;20001208X05089_1"
DECISION_INAPPROPRIATE,TURBULENCE_ENCOUNTER,136,0.0062,0.236,0.632,"20001211X12755_1;20001207X03598_1;20001211X12289_1;20001211X13308_1;20001208X05351_1"
DECISION_INAPPROPRIATE,AIRCRAFT_WEIGHT_OR_BALANCE_OUT_OF_LIMITS,136,0.0062,0.336,0.926,"20001206X01651_1;20001207X04617_1;20001211X13304_1;20001206X01426_1;20001206X01930_1"
STALL,DECISION_INAPPROPRIATE,136,0.0205,0.052,0.794,"20001208X06670_1;20001211X10473_1;20001211X12363_1;20001211X13366_1;20001208X06171_1"
FUEL_CONTAMINATION,FUEL_SYSTEM_ANOMALY,134,0.1222,4.082,0.910,"20001211X11642_1;20001211X12534_1;20001206X00839_1;20001207X03856_1;20001208X06836_1"
INFLIGHT_FIRE_OR_SMOKE,ENGINE_FAILURE,132,0.0785,0.268,0.841,"20001206X00689_1;20001211X12525_1;20001206X02374_1;20001207X03609_1;20001213X32667_1"
MAINTENANCE_INADEQUATE,DECISION_INAPPROPRIATE,132,0.0234,0.060,0.227,"20001207X04617_1;20001208X08279_1;20001206X02553_1;20001207X03603_1;20001208X06833_1"
MAINTENANCE_INADEQUATE,FUEL_EXHAUSTION_OR_STARVATION,131,0.0232,0.240,0.771,"20001211X12770_1;20001208X05214_1;20001208X08298_1;20001208X08795_1;20001206X00710_1"
THUNDERSTORM_OR_CONVECTIVE,DECISION_INAPPROPRIATE,131,0.4119,1.051,0.282,"20001206X01432_1;20001208X05351_1;20001208X07484_1;20001211X09392_1;20001213X27532_1"
TERRAIN_OR_OBSTACLE_PROXIMITY,AIRFRAME_STRUCTURAL_FAILURE,130,0.0429,0.880,0.931,"20001211X12257_1;20001211X13680_1;20001207X03870_1;20001208X06417_1;20001211X12839_1"
WIND_SHEAR_OR_GUST,DECISION_INAPPROPRIATE,130,0.0592,0.151,0.546,"20001211X12742_1;20010110X00278_1;20001214X44511_1;20001208X05558_1;20001208X05135_1"
LOSS_OF_CONTROL_GROUND,STRUCTURAL_OVERLOAD,129,0.0149,0.623,0.984,"20001211X12500_1;20001206X00693_1;20001208X05895_1;20001208X07649_1;20001208X07653_1"
CONTROL_SURFACE_ANOMALY,CONTROL_INPUT_IMPROPER,129,0.0713,0.143,0.845,"20001207X03843_1;20001208X07664_1;20001211X09393_1;20001211X13358_1;20001206X01264_1"
LOSS_OF_CONTROL_INFLIGHT,STALL,129,0.0131,0.111,0.822,"20001207X04409_1;20001206X01439_1;20001211X13075_1;20001211X13723_1;20001207X03901_2"
OTHER_SYSTEM_FAILURE,LOSS_OF_CONTROL_GROUND,128,0.0350,0.227,0.930,"20001211X13673_1;20001208X06135_1;20001208X07647_1;20001208X05354_1;20001208X09138_1"
TERRAIN_OR_OBSTACLE_PROXIMITY,DECISION_INAPPROPRIATE,128,0.0423,0.108,0.258,"20001207X04136_1;20001208X05688_1;20001208X05491_1;20001208X08281_1;20001208X08765_1"
CREW_COORDINATION_FAILURE,LOSS_OF_CONTROL_GROUND,128,0.0666,0.431,0.383,"20001208X08277_1;20001206X02562_1;20001207X03261_1;20001211X13854_1;20001208X08834_1"
DECISION_INAPPROPRIATE,LANDING_GEAR_ANOMALY,126,0.0057,0.074,0.468,"20001211X12502_1;20001211X12750_1;20001207X03394_1;20001208X07475_1;20001208X08278_1"
CONTROL_INPUT_IMPROPER,CONTROL_SURFACE_ANOMALY,126,0.0045,0.139,0.921,"20001206X01020_1;20001207X04799_1;20001208X08945_1;20001206X02548_1;20001207X04950_1"
LATENT_MECHANICAL_DEFECT,STALL,125,0.0150,0.126,0.464,"20001211X13500_1;20001211X12778_1;20001207X03233_1;20001211X13539_1;20001207X03246_1"
AIRFRAME_STRUCTURAL_FAILURE,CONTROL_SURFACE_ANOMALY,124,0.0455,1.406,1.000,"20001207X03578_1;20001207X03836_1;20001207X04150_1;20001208X07664_1;20001211X13358_1"
LATENT_MECHANICAL_DEFECT,STRUCTURAL_OVERLOAD,121,0.0145,0.604,0.545,"20001211X13509_1;20001208X06414_1;20001208X05220_1;20001208X06996_1;20001207X04161_1"
ICING_ENCOUNTER,DECISION_INAPPROPRIATE,121,0.2695,0.687,0.248,"20001211X13813_1;20001206X02675_1;20001208X05208_1;20001208X05353_1;20001207X02828_1"
PILOT_INCAPACITATION_OR_IMPAIRMENT,PERCEPTION_FAILURE,118,0.0893,0.537,0.602,"20001211X12736_1;20001211X13815_1;20001207X03829_1;20001207X03228_1;20001208X07660_1"
DESIGN_DEFECT_LATENT,LATENT_MECHANICAL_DEFECT,118,0.1525,1.021,0.915,"20001211X13038_1;20001207X03399_1;20001206X00850_1;20001206X00705_1;20001206X01069_1"
LATENT_MECHANICAL_DEFECT,INSTRUMENT_OR_AVIONICS_FAILURE,118,0.0141,1.005,0.847,"20001211X09616_1;20001211X13816_1;20001206X02373_1;20001206X01715_1;20001207X03254_1"
STALL,LOSS_OF_CONTROL_GROUND,117,0.0176,0.114,0.880,"20001206X01905_1;20001207X04124_1;20001208X07653_1;20001206X01992_1;20001208X07145_1"
STRUCTURAL_OVERLOAD,LANDING_GEAR_ANOMALY,117,0.0872,1.130,0.991,"20001208X07482_1;20001208X07649_1;20001211X09502_1;20001211X13308_1;20001207X03069_1"
CREW_COORDINATION_FAILURE,PERCEPTION_FAILURE,116,0.0604,0.363,0.328,"20001206X02182_1;20001211X14784_1;20001211X13375_1;20001207X03655_1;20001207X04475_1"
MOUNTAINOUS_OR_RISING_TERRAIN,TURBULENCE_ENCOUNTER,115,0.0438,1.665,0.826,"20001206X00830_1;20001207X03204_1;20001207X03598_1;20001208X08523_1;20001208X08274_1"
AIRFRAME_STRUCTURAL_FAILURE,OTHER_SYSTEM_FAILURE,115,0.0422,0.646,0.965,"20001208X05692_1;20001211X13066_1;20001211X12869_1;20001206X00861_1;20001206X02008_1"
PILOT_FATIGUE_OR_PHYSIOLOGICAL_STATE,PILOT_INCAPACITATION_OR_IMPAIRMENT,115,0.0613,2.593,0.643,"20001211X12552_1;20001206X01491_1;20001206X02396_1;20001207X04964_1;20001207X04214_1"
UNSUITABLE_TERRAIN_FOR_FORCED_LANDING,CONTROL_INPUT_IMPROPER,114,0.0591,0.118,0.175,"20001211X13511_1;20001211X09624_1;20001211X12775_1;20001206X02005_1;20001206X01247_1"
ORG_OR_REGULATORY_INADEQUATE,DECISION_INAPPROPRIATE,113,0.1370,0.349,0.088,"20001211X12510_1;20001211X13031_1;20001206X01021_1;20001206X01426_1;20001208X08291_1"
DECISION_INAPPROPRIATE,RUNWAY_CONDITION_HAZARD,112,0.0051,0.065,0.580,"20001206X01641_1;20001207X04120_1;20001208X05887_1;20001208X05343_1;20001208X06142_1"
PILOT_FATIGUE_OR_PHYSIOLOGICAL_STATE,PROCEDURE_NOT_FOLLOWED,112,0.0597,0.204,0.045,"20001208X07850_1;20001211X11645_1;20001206X01466_1;20001206X01226_1;20001207X03919_1"
BIRD_OR_WILDLIFE_STRIKE,CONTROL_INPUT_IMPROPER,111,0.1618,0.323,0.946,"20001211X12757_1;20001208X07839_1;20001211X12069_1;20001206X01944_1;20001206X02685_1"
TURBULENCE_ENCOUNTER,DECISION_INAPPROPRIATE,111,0.0754,0.192,0.387,"20001207X04939_1;20001208X07126_1;20001211X13312_1;20001207X03874_1;20001211X09519_1"
LOW_ALTITUDE_OPERATION,DECISION_INAPPROPRIATE,111,0.0813,0.207,0.207,"20001208X06393_1;20001207X03634_1;20001211X12339_1;20001208X06476_1;20001211X10244_1"
LOSS_OF_CONTROL_GROUND,TERRAIN_OR_OBSTACLE_PROXIMITY,111,0.0129,0.237,0.946,"20001208X06407_1;20001208X07648_1;20001208X08542_1;20001211X11908_1;20001211X13680_1"
LOW_ALTITUDE_OPERATION,LOSS_OF_CONTROL_INFLIGHT,109,0.0798,0.455,0.128,"20001206X02564_1;20001207X02945_1;20001208X06452_1;20001208X08570_1;20001208X08806_1"
OTHER_SYSTEM_FAILURE,FUEL_EXHAUSTION_OR_STARVATION,108,0.0296,0.306,0.981,"20001211X12754_1;20001208X05893_1;20001206X01434_1;20001211X09800_1;20001207X04174_1"
SPATIAL_DISORIENTATION,CONTROL_INPUT_IMPROPER,108,0.1156,0.231,0.880,"20001212X16398_1;20001211X14556_1;20001207X04640_1;20001213X28770_1;20001212X18445_1"
INSTRUMENT_OR_AVIONICS_FAILURE,PROCEDURE_NOT_FOLLOWED,108,0.1374,0.469,0.370,"20001211X12079_1;20001211X12864_1;20001211X09999_1;20001211X12604_1;20001212X18427_1"
CONTROL_SURFACE_ANOMALY,ENGINE_FAILURE,107,0.0592,0.202,0.981,"20001211X09979_1;20001206X01940_1;20001208X07375_1;20001211X09394_1;20001206X01967_1"
FUEL_SYSTEM_ANOMALY,DECISION_INAPPROPRIATE,107,0.0639,0.163,0.561,"20001211X12863_1;20001211X11957_1;20001207X04674_1;20001208X08583_1;20001211X09522_1"
MAINTENANCE_INADEQUATE,PROCEDURE_NOT_FOLLOWED,106,0.0188,0.064,0.208,"20001207X02809_1;20001211X15017_1;20001211X12547_1;20001211X12338_1;20001206X02407_1"
PERCEPTION_FAILURE,LANDING_GEAR_ANOMALY,105,0.0113,0.146,0.743,"20001211X12269_1;20001208X08039_1;20001207X02826_1;20001208X08093_1;20001211X12169_1"
CONTROL_SURFACE_ANOMALY,PROCEDURE_NOT_FOLLOWED,105,0.0581,0.198,0.705,"20001207X03843_1;20001211X09393_1;20001206X02704_1;20001208X07387_1;20001207X05000_1"
PROCEDURE_NOT_FOLLOWED,INFLIGHT_FIRE_OR_SMOKE,105,0.0064,0.213,0.848,"20001211X09388_1;20001207X04648_1;20001207X04641_1;20001208X05740_1;20001208X06178_1"
LOSS_OF_CONTROL_INFLIGHT,TERRAIN_OR_OBSTACLE_PROXIMITY,105,0.0107,0.198,0.914,"20001206X01944_1;20001206X01054_1;20001206X01698_1;20001211X10025_1;20001211X10270_1"
GROUND_PERSONNEL_ERROR,LATENT_MECHANICAL_DEFECT,105,0.0872,0.584,0.933,"20001206X00861_1;20001206X02570_1;20001207X02845_1;20001211X14253_1;20001211X11657_1"
MOUNTAINOUS_OR_RISING_TERRAIN,ALTITUDE_DEVIATION_UNCONTROLLED,104,0.0396,1.965,0.029,"20001207X04401_1;20001208X06825_1;20001206X01022_1;20001211X12370_1;20001208X08360_1"
ATC_OR_DISPATCH_INADEQUATE,PERCEPTION_FAILURE,104,0.2921,1.757,0.288,"20001208X05680_1;20001211X15793_1;20001213X31087_1;20001211X11943_1;20001208X08309_2"
CONTROL_INPUT_IMPROPER,OTHER_SYSTEM_FAILURE,104,0.0037,0.057,0.875,"20001208X07647_1;20001207X03223_1;20001211X15986_1;20001207X04475_1;20001208X06442_1"
PILOT_FATIGUE_OR_PHYSIOLOGICAL_STATE,SPATIAL_DISORIENTATION,104,0.0554,3.319,0.135,"20001206X01425_1;20001208X09129_1;20001214X35623_1;20001214X38716_1;20001213X28489_1"
TRAINING_OR_CURRENCY_GAP,PERCEPTION_FAILURE,103,0.0951,0.572,0.155,"20001211X09966_2;20001206X00727_1;20001206X02398_1;20001207X03683_1;20001206X00616_1"
AIRFRAME_STRUCTURAL_FAILURE,DECISION_INAPPROPRIATE,103,0.0378,0.096,0.534,"20001208X08048_1;20001211X12529_1;20001211X13680_1;20001207X02825_1;20001208X06682_1"
MOUNTAINOUS_OR_RISING_TERRAIN,LOSS_OF_CONTROL_INFLIGHT,102,0.0389,0.222,0.049,"20001206X01902_1;20001207X04622_1;20001208X05687_1;20001208X08038_1;20001208X08291_1"
TERRAIN_OR_OBSTACLE_PROXIMITY,LOSS_OF_CONTROL_INFLIGHT,101,0.0334,0.190,0.812,"20001206X02547_1;20001211X11919_1;20001206X01073_1;20001211X12606_1;20001206X00913_1"
MAINTENANCE_INADEQUATE,INFLIGHT_FIRE_OR_SMOKE,101,0.0179,0.596,0.861,"20001207X03231_1;20001208X09133_1;20001206X00725_1;20001206X01070_1;20001206X00608_1"
AIRFRAME_STRUCTURAL_FAILURE,LOSS_OF_CONTROL_GROUND,98,0.0359,0.233,0.929,"20001207X03841_1;20001207X04136_1;20001208X05505_1;20001206X01997_1;20001207X03260_1"
THUNDERSTORM_OR_CONVECTIVE,TURBULENCE_ENCOUNTER,96,0.3019,11.473,0.990,"20001208X05351_1;20001208X07484_1;20001211X09392_1;20001206X01494_1;20001207X03670_1"
FUEL_SYSTEM_ANOMALY,INFLIGHT_FIRE_OR_SMOKE,94,0.0562,1.869,0.968,"20001211X13283_1;20001207X04135_1;20001208X07477_1;20001208X07856_1;20001208X07490_1"
MOUNTAINOUS_OR_RISING_TERRAIN,CONTROL_INPUT_IMPROPER,93,0.0354,0.071,0.129,"20001211X12735_1;20001206X01647_1;20001207X03831_1;20001207X03591_1;20001207X04406_1"
PERCEPTION_FAILURE,LOSS_OF_CONTROL_GROUND,93,0.0100,0.065,0.602,"20001206X01414_1;20001207X03400_1;20001208X08280_1;20001211X09388_1;20001207X03729_1"
TRAINING_OR_CURRENCY_GAP,LOSS_OF_CONTROL_INFLIGHT,93,0.0859,0.490,0.151,"20001207X04146_1;20001207X04952_1;20001211X12566_1;20001207X03425_1;20001207X04655_1"
PROCEDURE_NOT_FOLLOWED,TERRAIN_OR_OBSTACLE_PROXIMITY,90,0.0055,0.101,0.833,"20001207X03401_1;20001211X13685_1;20001207X04951_1;20001206X01971_1;20001212X23098_1"
TURBULENCE_ENCOUNTER,PROCEDURE_NOT_FOLLOWED,90,0.0611,0.209,0.189,"20001208X07126_1;20001211X13704_1;20001211X13714_1;20001211X10013_1;20001208X05988_1"
AIRFRAME_STRUCTURAL_FAILURE,INFLIGHT_FIRE_OR_SMOKE,89,0.0326,1.086,0.944,"20001206X00689_1;20001208X05891_1;20001208X07481_1;20001207X03623_1;20001208X06417_1"
DARK_NIGHT_OR_LOW_LIGHT,PROCEDURE_NOT_FOLLOWED,88,0.0375,0.128,0.000,"20001206X00835_1;20001206X00694_1;20001207X03854_1;20001207X03061_1;20001206X02551_1"
LOSS_OF_CONTROL_GROUND,CREW_COORDINATION_FAILURE,86,0.0100,0.290,0.209,"20001207X03210_1;20001211X12367_1;20001206X00612_1;20001208X06859_1;20001211X12165_1"
DECISION_INAPPROPRIATE,LOW_VISIBILITY_OR_IMC,86,0.0039,0.084,0.640,"20001208X07368_1;20001206X01445_1;20001207X04464_1;20001208X05223_1;20001208X05944_1"
DECISION_INAPPROPRIATE,UNSUITABLE_TERRAIN_FOR_FORCED_LANDING,85,0.0039,0.112,0.682,"20001211X13033_1;20001207X03602_1;20001208X07642_1;20001208X08775_1;20001207X03865_1"
FUEL_CONTAMINATION,PROCEDURE_NOT_FOLLOWED,85,0.0775,0.265,0.047,"20001206X00839_1;20001206X02181_1;20001206X01671_1;20001211X15312_1;20001206X01222_1"
DECISION_INAPPROPRIATE,ICING_ENCOUNTER,83,0.0038,0.471,0.771,"20001206X02370_1;20001206X01021_1;20001211X13832_1;20001206X00868_1;20001207X04656_1"
ORG_OR_REGULATORY_INADEQUATE,PROCEDURE_NOT_FOLLOWED,82,0.0994,0.339,0.171,"20001211X13036_1;20001213X29893_1;20001211X13697_1;20001212X23596_1;20001206X01264_1"
PILOT_INCAPACITATION_OR_IMPAIRMENT,PROCEDURE_NOT_FOLLOWED,82,0.0620,0.212,0.390,"20001206X02158_1;20001213X28717_1;20001207X04429_1;20001206X00864_1;20001207X04193_1"
TURBULENCE_ENCOUNTER,STALL,82,0.0557,0.469,0.439,"20001207X04121_1;20001208X06676_1;20001208X08523_1;20001211X10227_1;20001206X01054_1"
ORG_OR_REGULATORY_INADEQUATE,LATENT_MECHANICAL_DEFECT,81,0.0982,0.657,0.173,"20001208X05887_1;20001211X13065_1;20001206X01206_1;20001211X09393_1;20001211X12330_1"
TRAINING_OR_CURRENCY_GAP,PROCEDURE_NOT_FOLLOWED,81,0.0748,0.255,0.148,"20001208X05087_1;20001208X07487_1;20001211X12336_1;20001208X05920_1;20001208X05380_1"
CONTROL_SURFACE_ANOMALY,PERCEPTION_FAILURE,81,0.0448,0.269,0.728,"20001208X07664_1;20001211X09393_1;20001212X16718_1;20001208X08307_1;20001206X01294_1"
PROCEDURE_NOT_FOLLOWED,CREW_COORDINATION_FAILURE,80,0.0049,0.142,0.212,"20001206X02182_1;20001206X01705_1;20001211X16128_1;20001208X05238_1;20001208X08834_1"
HIGH_DENSITY_ALTITUDE,ENGINE_FAILURE,80,0.0583,0.199,0.100,"20001207X03640_1;20001212X18083_1;20001206X01750_1;20001207X03967_1;20001207X04488_1"
ICING_ENCOUNTER,STALL,79,0.1759,1.482,0.532,"20001206X02675_1;20001207X02828_1;20001211X13724_1;20001207X03246_1;20001206X02698_1"
FUEL_EXHAUSTION_OR_STARVATION,PERCEPTION_FAILURE,79,0.0146,0.088,0.000,"20001208X07474_1;20001207X04974_1;20001208X06246_1;20001214X36524_1;20001207X04789_1"
GROUND_PERSONNEL_ERROR,CONTROL_INPUT_IMPROPER,78,0.0648,0.129,0.487,"20001208X05888_1;20001211X12283_1;20001211X12924_1;20001211X13164_1;20001208X09107_1"
AUTOMATION_ANOMALY,CONTROL_INPUT_IMPROPER,77,0.1851,0.370,0.766,"20001206X02667_1;20001214X39461_1;20001208X08078_1;20001206X01101_1;20001208X06262_1"
LOW_ALTITUDE_OPERATION,STALL,77,0.0564,0.475,0.195,"20001206X01656_1;20001206X02175_1;20001207X03247_1;20001208X06167_1;20001211X13555_1"
LOW_VISIBILITY_OR_IMC,ICING_ENCOUNTER,77,0.0296,3.683,0.987,"20001211X15976_1;20001206X00720_1;20001207X04987_1;20001211X09642_1;20001213X27848_1"
DESIGN_DEFECT_LATENT,ENGINE_FAILURE,76,0.0982,0.335,0.684,"20001211X13284_1;20001211X12282_1;20001207X03863_1;20001206X01066_1;20001206X01229_1"
LOW_VISIBILITY_OR_IMC,CONTROL_INPUT_IMPROPER,75,0.0288,0.058,0.093,"20001207X04940_1;20001206X00586_1;20001206X02684_1;20001212X23057_1;20001213X28717_1"
SPATIAL_DISORIENTATION,ALTITUDE_DEVIATION_UNCONTROLLED,74,0.0792,3.929,0.959,"20001206X02673_1;20001208X05497_1;20001206X02375_1;20001212X24174_1;20001206X01447_1"
FUEL_EXHAUSTION_OR_STARVATION,FUEL_SYSTEM_ANOMALY,74,0.0137,0.457,0.635,"20001207X04122_1;20001208X05492_1;20001208X06409_1;20001214X42685_1;20001211X10576_1"
CONTROL_INPUT_IMPROPER,RUNWAY_CONDITION_HAZARD,73,0.0026,0.033,0.836,"20001208X08944_1;20001208X08346_1;20001211X10274_1;20001211X15185_1;20001208X05621_1"
ORG_OR_REGULATORY_INADEQUATE,PERCEPTION_FAILURE,72,0.0873,0.525,0.083,"20001211X12060_1;20001211X14784_1;20001206X01973_1;20001206X00724_1;20001206X00616_1"
DESIGN_DEFECT_LATENT,AIRFRAME_STRUCTURAL_FAILURE,72,0.0930,1.908,0.861,"20001208X07257_1;20001208X08789_1;20001213X29290_1;20001207X04439_1;20001208X05910_1"
ICING_ENCOUNTER,LOSS_OF_CONTROL_INFLIGHT,70,0.1559,0.889,0.743,"20001206X01021_1;20001211X13832_1;20001206X00868_1;20001208X05523_1;20001208X05711_1"
TRAINING_OR_CURRENCY_GAP,SPATIAL_DISORIENTATION,67,0.0619,3.705,0.060,"20001211X13281_1;20001206X01425_1;20001211X13822_1;20001212X17765_1;20001211X14556_1"
RUNWAY_CONDITION_HAZARD,PROCEDURE_NOT_FOLLOWED,67,0.0153,0.052,0.194,"20001207X03597_1;20001206X00838_1;20001206X00594_1;20001211X12867_1;20001211X10008_1"
DECISION_INAPPROPRIATE,STRUCTURAL_OVERLOAD,67,0.0031,0.127,0.716,"20001208X06144_1;20001208X07482_1;20001208X07251_1;20001207X02921_1;20001207X03213_1"
LOSS_OF_CONTROL_INFLIGHT,CREW_COORDINATION_FAILURE,67,0.0068,0.199,0.254,"20001206X01960_1;20001206X01233_1;20001207X02855_1;20001208X08867_1;20001208X08650_1"
TERRAIN_OR_OBSTACLE_PROXIMITY,LOSS_OF_CONTROL_GROUND,66,0.0218,0.141,0.727,"20001207X03223_1;20010110X00278_1;20001207X03299_1;20001207X04861_1;20001212X17965_1"
FUEL_SYSTEM_ANOMALY,PROCEDURE_NOT_FOLLOWED,66,0.0394,0.135,0.621,"20001211X13370_1;20001206X01712_1;20001211X13877_1;20001208X07333_1;20001211X10420_1"
GROUND_PERSONNEL_ERROR,PROCEDURE_NOT_FOLLOWED,65,0.0540,0.184,0.338,"20001211X11642_1;20001211X13697_1;20001206X00707_1;20001206X02584_1;20001211X11656_1"
MOUNTAINOUS_OR_RISING_TERRAIN,TERRAIN_OR_OBSTACLE_PROXIMITY,65,0.0248,0.457,0.046,"20001211X12510_1;20001207X04116_1;20001212X17458_1;20001211X13731_1;20001207X04479_1"
CONTROL_INPUT_IMPROPER,FUEL_EXHAUSTION_OR_STARVATION,65,0.0023,0.024,0.969,"20001208X05495_1;20001206X01207_1;20001208X05936_1;20001208X08084_1;20001208X08970_1"
MAINTENANCE_INADEQUATE,INSTRUMENT_OR_AVIONICS_FAILURE,64,0.0113,0.807,0.922,"20001208X06840_1;20001213X29523_1;20001207X04660_1;20001211X09811_1;20001213X27869_1"
TURBULENCE_ENCOUNTER,ALTITUDE_DEVIATION_UNCONTROLLED,64,0.0435,2.156,0.859,"20001211X15554_1;20001206X02002_1;20001207X03894_1;20001207X02964_1;20001208X05148_1"
TURBULENCE_ENCOUNTER,STRUCTURAL_OVERLOAD,63,0.0428,1.785,0.794,"20001208X06388_1;20001211X13308_1;20001207X03067_1;20001208X06414_1;20001208X07484_1"
LOW_VISIBILITY_OR_IMC,ALTITUDE_DEVIATION_UNCONTROLLED,63,0.0242,1.199,0.079,"20001206X02678_1;20001208X05087_1;20001206X02687_1;20001206X02395_1;20001207X04479_1"
THUNDERSTORM_OR_CONVECTIVE,WIND_SHEAR_OR_GUST,63,0.1981,5.049,0.984,"20001206X01683_1;20001206X02017_1;20001207X03907_1;20001208X05728_1;20001206X01727_1"
DESIGN_DEFECT_LATENT,OTHER_SYSTEM_FAILURE,62,0.0801,1.227,0.919,"20001206X01646_1;20001208X07662_1;20001206X02704_1;20001211X09522_1;20001211X09822_1"
LANDING_GEAR_ANOMALY,AIRFRAME_STRUCTURAL_FAILURE,62,0.0143,0.294,1.000,"20001208X05891_1;20001206X02589_1;20001207X04228_1;20001208X06747_1;20001208X07523_1"
OTHER_SYSTEM_FAILURE,INSTRUMENT_OR_AVIONICS_FAILURE,62,0.0170,1.208,0.935,"20001208X05916_1;20001207X04840_1;20001208X06728_1;20001208X08853_1;20001213X34976_1"
CONTROL_SURFACE_ANOMALY,AIRFRAME_STRUCTURAL_FAILURE,61,0.0337,0.692,0.984,"20001208X07656_1;20001208X07664_1;20001207X04665_1;20001207X04223_1;20001211X12779_1"
INFLIGHT_FIRE_OR_SMOKE,PERCEPTION_FAILURE,61,0.0363,0.218,0.803,"20001211X09388_1;20001206X02200_1;20001211X09821_1;20001208X08143_1;20001211X15715_1"
AUTOMATION_ANOMALY,LOSS_OF_CONTROL_INFLIGHT,61,0.1466,0.836,0.852,"20001208X06843_1;20001207X03254_1;20001211X13150_1;20001212X17574_1;20001208X06009_1"
ICING_ENCOUNTER,PROCEDURE_NOT_FOLLOWED,61,0.1359,0.464,0.328,"20001206X00868_1;20001206X02698_1;20001207X02941_1;20001207X04966_1;20001207X04825_1"
PROCEDURE_NOT_FOLLOWED,AIRCRAFT_WEIGHT_OR_BALANCE_OUT_OF_LIMITS,60,0.0037,0.198,0.933,"20001208X08763_1;20001211X10239_1;20001211X16128_1;20001206X00749_1;20001208X08655_1"
ALTITUDE_DEVIATION_UNCONTROLLED,TERRAIN_OR_OBSTACLE_PROXIMITY,60,0.0532,0.983,0.983,"20001207X03216_1;20001208X05087_1;20001206X01714_1;20001208X07262_1;20001208X06476_1"
PERCEPTION_FAILURE,SPATIAL_DISORIENTATION,60,0.0065,0.386,0.933,"20001206X01075_1;20001214X35858_1;20001213X27847_1;20001211X12127_1;20001207X03111_1"
CREW_COORDINATION_FAILURE,LOSS_OF_CONTROL_INFLIGHT,59,0.0307,0.175,0.407,"20001207X04145_1;20001207X03658_1;20001208X06685_1;20001208X08601_1;20001208X09143_1"
OTHER_SYSTEM_FAILURE,FUEL_SYSTEM_ANOMALY,58,0.0159,0.531,1.000,"20001208X07473_1;20001207X04145_1;20001206X01978_1;20001208X06481_1;20001211X09522_1"
CARBURETOR_OR_INDUCTION_ICING,DECISION_INAPPROPRIATE,57,0.0391,0.100,0.070,"20001211X13034_1;20001207X04941_1;20001207X03863_1;20001211X10228_1;20001206X01084_1"
MAINTENANCE_INADEQUATE,PERCEPTION_FAILURE,57,0.0101,0.061,0.123,"20001206X02212_1;20001208X05929_1;20001208X08982_1;20001212X16973_1;20001212X23196_1"
PROCEDURE_NOT_FOLLOWED,AIRFRAME_STRUCTURAL_FAILURE,57,0.0035,0.071,0.860,"20001207X03260_1;20001208X09161_1;20001213X27869_1;20001207X04234_1;20001208X08998_1"
AIRCRAFT_WEIGHT_OR_BALANCE_OUT_OF_LIMITS,LOSS_OF_CONTROL_GROUND,57,0.0552,0.357,0.368,"20001207X03905_1;20001208X07684_1;20001211X10239_1;20001212X22519_1;20001211X12143_1"
MOUNTAINOUS_OR_RISING_TERRAIN,WIND_SHEAR_OR_GUST,56,0.0213,0.544,0.786,"20001208X08759_1;20001208X06668_1;20001208X08761_1;20001206X00906_1;20001211X15456_1"
ALTITUDE_DEVIATION_UNCONTROLLED,CONTROL_INPUT_IMPROPER,56,0.0496,0.099,0.839,"20001207X03222_1;20001207X03633_1;20001211X13384_1;20001211X13733_1;20001206X00906_1"
OTHER_SYSTEM_FAILURE,CONTROL_SURFACE_ANOMALY,56,0.0153,0.474,0.964,"20001208X06192_1;20001211X13411_1;20001206X01309_1;20001208X05243_1;20001208X07045_1"
BIRD_OR_WILDLIFE_STRIKE,ENGINE_FAILURE,55,0.0802,0.273,0.982,"20001211X13284_1;20001208X05678_1;20001206X01042_1;20001211X13833_1;20001206X02438_1"
CREW_COORDINATION_FAILURE,DECISION_INAPPROPRIATE,55,0.0286,0.073,0.345,"20001206X01478_1;20001211X13524_1;20001213X27546_1;20001208X06877_1;20001208X06256_1"
DARK_NIGHT_OR_LOW_LIGHT,LOSS_OF_CONTROL_INFLIGHT,55,0.0234,0.133,0.000,"20001206X02383_1;20001207X03419_1;20001206X02566_1;20001208X08596_1;20001211X12135_1"
DECISION_INAPPROPRIATE,CREW_COORDINATION_FAILURE,54,0.0025,0.072,0.259,"20001207X04416_1;20001207X04640_1;20001211X09821_1;20001213X28792_1;20001207X03726_1"
DESIGN_DEFECT_LATENT,MAINTENANCE_INADEQUATE,54,0.0698,0.692,0.296,"20001211X10212_1;20001208X09133_1;20001206X01999_1;20001207X04835_1;20001208X06168_1"
HIGH_DENSITY_ALTITUDE,PROCEDURE_NOT_FOLLOWED,54,0.0394,0.134,0.074,"20001211X13517_1;20001211X14831_1;20001213X27417_1;20001213X29106_1;20001207X04236_1"
LATENT_MECHANICAL_DEFECT,AUTOMATION_ANOMALY,53,0.0063,0.853,0.906,"20001206X02667_1;20001208X05372_1;20001207X03717_1;20001208X06745_1;20001208X06262_1"
RUNWAY_CONDITION_HAZARD,STALL,52,0.0119,0.100,0.115,"20001211X12055_1;20001208X09263_1;20001211X12808_1;20001211X13366_1;20001208X05926_1"
GROUND_PERSONNEL_ERROR,CONTROL_SURFACE_ANOMALY,52,0.0432,1.336,0.981,"20001208X07375_1;20001211X10232_1;20001206X02432_1;20001212X16459_1;20001207X04295_1"
GROUND_PERSONNEL_ERROR,FUEL_CONTAMINATION,51,0.0424,2.160,1.000,"20001211X11642_1;20001212X23857_1;20001211X12831_1;20001211X12866_1;20001207X04828_1"
AIRFRAME_STRUCTURAL_FAILURE,LANDING_GEAR_ANOMALY,51,0.0187,0.242,0.961,"20001208X05345_1;20001208X09287_1;20001208X07584_1;20001207X04070_1;20001212X20271_1"
AIRFRAME_STRUCTURAL_FAILURE,PROCEDURE_NOT_FOLLOWED,51,0.0187,0.064,0.549,"20001208X07481_1;20001206X02204_1;20001208X09287_1;20001211X12153_1;20001208X07768_1"
LOSS_OF_CONTROL_INFLIGHT,ALTITUDE_DEVIATION_UNCONTROLLED,51,0.0052,0.258,1.000,"20001207X03857_1;20001207X03610_1;20001212X23065_1;20001211X13695_1;20001208X06196_1"
AUTOMATION_ANOMALY,PROCEDURE_NOT_FOLLOWED,51,0.1226,0.419,0.549,"20001208X06843_1;20001211X12828_1;20001208X05916_1;20001213X29581_1;20001213X32835_1"
STALL,CREW_COORDINATION_FAILURE,51,0.0077,0.224,0.176,"20001206X02230_1;20001208X06685_1;20001208X08095_1;20001208X06906_1;20001206X02304_1"
RUNWAY_CONDITION_HAZARD,AIRFRAME_STRUCTURAL_FAILURE,50,0.0114,0.234,0.600,"20001207X03833_1;20001208X09264_1;20001207X04815_1;20001207X03440_1;20001208X07283_1"
PERCEPTION_FAILURE,CREW_COORDINATION_FAILURE,50,0.0054,0.156,0.340,"20001208X08039_1;20001208X08277_1;20001207X02845_1;20001208X08326_1;20001208X07289_1"
PROCEDURE_NOT_FOLLOWED,STRUCTURAL_OVERLOAD,50,0.0031,0.127,0.660,"20001211X09502_1;20001211X13347_1;20001211X12572_1;20001211X13836_1;20001208X05375_1"
ALTITUDE_DEVIATION_UNCONTROLLED,DECISION_INAPPROPRIATE,50,0.0443,0.113,0.800,"20001211X12871_1;20001211X10008_1;20001207X04502_1;20001208X05134_1;20001208X06562_1"
GROUND_PERSONNEL_ERROR,OTHER_SYSTEM_FAILURE,50,0.0415,0.636,0.900,"20001208X05396_1;20001208X07535_1;20001211X09672_1;20001212X24640_1;20001207X04545_1"
MOUNTAINOUS_OR_RISING_TERRAIN,PROCEDURE_NOT_FOLLOWED,49,0.0187,0.064,0.020,"20001206X02158_1;20001208X06387_1;20001208X07255_1;20001206X00694_1;20001214X37319_1"
INSTRUMENT_OR_AVIONICS_FAILURE,ENGINE_FAILURE,49,0.0623,0.213,0.898,"20001208X06840_1;20001208X06739_1;20001206X01576_1;20001206X02300_1;20001207X04303_1"
SPATIAL_DISORIENTATION,DECISION_INAPPROPRIATE,48,0.0514,0.131,0.875,"20001206X01901_1;20001207X03865_1;20001206X01075_1;20001208X08381_1;20001208X08643_1"
PROCEDURE_NOT_FOLLOWED,SPATIAL_DISORIENTATION,47,0.0029,0.172,0.660,"20001211X13020_1;20001207X03051_1;20001211X13822_1;20001206X02375_1;20001213X26992_1"
DESIGN_DEFECT_LATENT,CONTROL_SURFACE_ANOMALY,47,0.0607,1.879,0.809,"20001208X05892_1;20001211X12284_1;20001206X02010_1;20001207X03251_1;20001208X07386_1"
DARK_NIGHT_OR_LOW_LIGHT,ALTITUDE_DEVIATION_UNCONTROLLED,47,0.0200,0.992,0.000,"20001208X07252_1;20001206X02543_1;20001212X23065_1;20001206X02687_1;20001206X00721_1"
OTHER_SYSTEM_FAILURE,AIRFRAME_STRUCTURAL_FAILURE,47,0.0129,0.264,0.957,"20001206X01035_1;20001207X02926_1;20001211X13066_1;20001206X01266_1;20001207X04480_1"
STRUCTURAL_OVERLOAD,LOSS_OF_CONTROL_INFLIGHT,46,0.0343,0.196,0.913,"20001208X06388_1;20001211X09966_2;20001206X01452_1;20001211X13085_1;20001208X07498_1"
DECISION_INAPPROPRIATE,THUNDERSTORM_OR_CONVECTIVE,46,0.0021,0.369,0.543,"20001206X01655_1;20001206X02020_1;20001207X03907_1;20001211X10493_1;20001213X28770_1"
AIRFRAME_STRUCTURAL_FAILURE,CONTROL_INPUT_IMPROPER,46,0.0169,0.034,0.761,"20001211X12529_1;20001208X07136_1;20001206X02204_1;20001211X13497_1;20001211X11050_1"
UNSUITABLE_TERRAIN_FOR_FORCED_LANDING,LOSS_OF_CONTROL_GROUND,45,0.0233,0.151,0.400,"20001207X03602_1;20001206X02038_1;20001206X01278_1;20001207X03952_1;20001208X07915_1"
DECISION_INAPPROPRIATE,WIND_SHEAR_OR_GUST,45,0.0021,0.052,0.378,"20001208X05085_1;20001208X08955_1;20001207X03675_1;20001211X10257_1;20001214X37434_1"
GROUND_PERSONNEL_ERROR,DECISION_INAPPROPRIATE,45,0.0374,0.095,0.267,"20001206X01201_1;20001207X02821_1;20001207X04713_1;20001208X06877_1;20001206X01312_1"
DARK_NIGHT_OR_LOW_LIGHT,BIRD_OR_WILDLIFE_STRIKE,45,0.0192,1.562,0.000,"20001206X01042_1;20001206X01078_1;20001208X05528_1;20001208X09155_1;20001211X09437_1"
AIRFRAME_STRUCTURAL_FAILURE,PERCEPTION_FAILURE,45,0.0165,0.099,0.578,"20001211X13114_1;20001206X02204_1;20001206X01756_1;20001208X05440_1;20001211X13908_1"
LATENT_MECHANICAL_DEFECT,FUEL_CONTAMINATION,45,0.0054,0.275,0.756,"20001206X01222_1;20001211X11920_1;20001207X05003_1;20001208X07914_1;20001208X06029_1"
PERCEPTION_FAILURE,CONTROL_SURFACE_ANOMALY,45,0.0048,0.150,0.778,"20001208X05550_1;20001206X02319_1;20001211X13616_1;20001206X02356_1;20001211X10513_1"
PROCEDURE_NOT_FOLLOWED,CARBURETOR_OR_INDUCTION_ICING,44,0.0027,0.103,0.977,"20001206X00575_1;20001207X04941_1;20001207X04966_1;20001211X15630_1;20001213X32505_1"
FUEL_CONTAMINATION,PERCEPTION_FAILURE,44,0.0401,0.241,0.068,"20001206X02692_1;20001206X02598_1;20001208X07198_1;20001208X08676_1;20001208X09202_1"
CONTROL_INPUT_IMPROPER,BIRD_OR_WILDLIFE_STRIKE,44,0.0016,0.128,0.955,"20001208X06445_1;20001206X02665_1;20001207X03807_1;20001208X09245_1;20001208X09249_1"
LOSS_OF_CONTROL_INFLIGHT,AIRFRAME_STRUCTURAL_FAILURE,44,0.0045,0.092,0.955,"20001211X13574_1;20001213X31293_1;20001213X29865_1;20001208X09367_1;20001211X11347_1"
HIGH_DENSITY_ALTITUDE,LOSS_OF_CONTROL_GROUND,44,0.0321,0.208,0.045,"20001206X01540_1;20001211X10076_1;20001206X01769_1;20001211X09724_1;20001208X08466_1"
PERCEPTION_FAILURE,AIRFRAME_STRUCTURAL_FAILURE,44,0.0047,0.097,0.864,"20001208X06748_1;20001208X06879_1;20001206X02079_1;20001211X12679_1;20001208X05884_1"
MAINTENANCE_INADEQUATE,CONTROL_INPUT_IMPROPER,43,0.0076,0.015,0.465,"20001208X08305_1;20001212X23887_1;20001207X04260_1;20001212X22937_1;20001211X16063_1"
LOSS_OF_CONTROL_GROUND,RUNWAY_CONDITION_HAZARD,43,0.0050,0.064,0.907,"20001208X09264_1;20001211X13536_1;20001207X03891_1;20001211X10485_1;20001208X09042_1"
ENGINE_FAILURE,OTHER_SYSTEM_FAILURE,43,0.0026,0.040,0.837,"20001212X16402_1;20001207X04969_1;20001208X06203_1;20001214X39848_1;20001213X28786_1"
ORG_OR_REGULATORY_INADEQUATE,GROUND_PERSONNEL_ERROR,43,0.0521,2.422,0.163,"20001211X12079_1;20001211X12866_1;20001213X28761_1;20001213X27869_1;20001213X33576_1"
PERCEPTION_FAILURE,ENGINE_FAILURE,43,0.0046,0.016,0.442,"20001211X13843_1;20001211X10083_1;20001207X04737_1;20001212X17969_1;20001208X06352_1"
GROUND_PERSONNEL_ERROR,RUNWAY_CONDITION_HAZARD,42,0.0349,0.446,0.976,"20001207X02807_1;20001207X03209_1;20001207X03587_1;20001211X09641_1;20001211X11656_1"
INFLIGHT_FIRE_OR_SMOKE,LOSS_OF_CONTROL_INFLIGHT,42,0.0250,0.142,0.786,"20001207X03405_1;20001208X05902_1;20001208X06843_1;20001211X13085_1;20001208X05743_1"
ENGINE_FAILURE,ALTITUDE_DEVIATION_UNCONTROLLED,42,0.0026,0.127,0.881,"20001211X13342_1;20001211X13384_1;20001206X00611_1;20001214X40623_1;20001211X10055_1"
DESIGN_DEFECT_LATENT,FUEL_SYSTEM_ANOMALY,42,0.0543,1.813,0.857,"20001211X12830_1;20001207X02833_1;20001207X04661_1;20001211X13151_1;20001206X01770_1"
ICING_ENCOUNTER,PERCEPTION_FAILURE,41,0.0913,0.549,0.683,"20001211X15976_1;20001206X00720_1;20001206X02581_1;20001207X04212_1;20001208X07275_1"
PERCEPTION_FAILURE,BIRD_OR_WILDLIFE_STRIKE,41,0.0044,0.359,0.927,"20001211X12387_1;20001211X13742_1;20001208X07425_1;20001211X09890_1;20001208X09227_1"
INFLIGHT_FIRE_OR_SMOKE,CONTROL_INPUT_IMPROPER,41,0.0244,0.049,0.634,"20001207X05010_1;20001211X09861_1;20001206X00675_1;20001208X08482_1;20001211X11050_1"
TRAINING_OR_CURRENCY_GAP,LOSS_OF_CONTROL_GROUND,40,0.0369,0.239,0.000,"20001208X09264_1;20001207X04957_1;20001211X13717_1;20001207X04182_1;20001208X08577_1"
AUTOMATION_ANOMALY,PERCEPTION_FAILURE,40,0.0962,0.578,0.300,"20001214X39461_1;20001213X27977_1;20001212X21729_1;20020206X00193_1;20020204X00174_1"
LATENT_MECHANICAL_DEFECT,PILOT_INCAPACITATION_OR_IMPAIRMENT,40,0.0048,0.203,0.650,"20001211X13323_1;20001211X12555_1;20001208X05374_1;20001213X27734_1;20001212X17574_1"
DESIGN_DEFECT_LATENT,PROCEDURE_NOT_FOLLOWED,39,0.0504,0.172,0.179,"20001211X13517_1;20001208X08373_1;20001211X09539_1;20001208X08998_1;20001211X14455_1"
TURBULENCE_ENCOUNTER,LOSS_OF_CONTROL_GROUND,39,0.0265,0.172,0.821,"20001207X03905_1;20001207X03691_1;20001206X02444_1;20001207X03474_1;20001208X06579_1"
PROCEDURE_NOT_FOLLOWED,AUTOMATION_ANOMALY,39,0.0024,0.320,0.846,"20001208X08078_1;20001211X11596_1;20001211X11453_1;20001212X19493_1;20001212X20613_1"
DECISION_INAPPROPRIATE,AIRFRAME_STRUCTURAL_FAILURE,38,0.0017,0.036,0.526,"20001208X05345_1;20001206X02425_1;20001206X02732_1;20001208X05588_1;20001211X10961_1"
AIRCRAFT_WEIGHT_OR_BALANCE_OUT_OF_LIMITS,ENGINE_FAILURE,38,0.0368,0.125,0.158,"20001208X08046_1;20001213X27678_1;20001207X04168_1;20001207X04262_1;20001206X01839_1"
WIND_SHEAR_OR_GUST,PERCEPTION_FAILURE,38,0.0173,0.104,0.289,"20001211X09507_1;20001206X01727_1;20001213X27244_1;20001206X01358_1;20001206X02134_1"
ADVERSE_WIND_CONDITION,ENGINE_FAILURE,37,0.0042,0.014,0.108,"20001206X01652_1;20001207X04168_1;20001207X03387_1;20001211X11024_1;20001211X11605_1"
MOUNTAINOUS_OR_RISING_TERRAIN,STALL,37,0.0141,0.119,0.108,"20001207X03050_1;20001207X04121_1;20001207X04142_1;20001212X24242_1;20001208X08837_1"
FUEL_CONTAMINATION,FUEL_EXHAUSTION_OR_STARVATION,37,0.0337,0.348,0.703,"20001207X03839_1;20001211X13318_1;20001206X01954_1;20001208X05917_1;20001208X07903_1"
TERRAIN_OR_OBSTACLE_PROXIMITY,LANDING_GEAR_ANOMALY,37,0.0122,0.158,0.892,"20001208X07641_1;20001208X06993_1;20001208X07873_1;20001211X15695_1;20001211X12621_1"
CARBURETOR_OR_INDUCTION_ICING,PERCEPTION_FAILURE,37,0.0254,0.153,0.189,"20001211X09388_1;20001208X07267_1;20001211X10934_1;20001204X00003_1;20001212X20431_1"
BIRD_OR_WILDLIFE_STRIKE,CONTROL_SURFACE_ANOMALY,37,0.0539,1.669,1.000,"20001206X01042_1;20001208X05941_1;20001208X06445_1;20001208X06732_1;20001208X08849_1"
OTHER_SYSTEM_FAILURE,LATENT_MECHANICAL_DEFECT,37,0.0101,0.068,0.973,"20001211X15695_1;20001211X13189_1;20001211X09893_1;20001211X09740_1;20001211X10644_1"
MOUNTAINOUS_OR_RISING_TERRAIN,LOSS_OF_CONTROL_GROUND,36,0.0137,0.089,0.139,"20001211X12752_1;20001211X13044_1;20001207X03403_1;20001211X10224_1;20001208X06383_1"
CONTROL_SURFACE_ANOMALY,STALL,36,0.0199,0.168,0.722,"20001211X13028_1;20001206X01427_1;20001212X23596_1;20001208X08307_1;20001208X05958_1"
CONTROL_INPUT_IMPROPER,FUEL_SYSTEM_ANOMALY,36,0.0013,0.043,0.917,"20001207X04122_1;20001208X05492_1;20001211X12618_1;20001207X03719_1;20001211X13163_1"
INSTRUMENT_OR_AVIONICS_FAILURE,CONTROL_INPUT_IMPROPER,36,0.0458,0.091,0.472,"20001211X12527_1;20001206X02373_1;20001206X02709_1;20001212X23371_1;20001213X28568_1"
PILOT_FATIGUE_OR_PHYSIOLOGICAL_STATE,STALL,36,0.0192,0.162,0.028,"20001208X09258_1;20001208X07850_1;20001207X04165_1;20001211X10020_1;20001207X04261_1"
DECISION_INAPPROPRIATE,OTHER_SYSTEM_FAILURE,36,0.0016,0.025,0.611,"20001211X15589_1;20001206X02570_1;20001208X05931_1;20001208X08807_1;20001207X02869_1"
TURBULENCE_ENCOUNTER,PERCEPTION_FAILURE,36,0.0245,0.147,0.444,"20001211X13714_1;20001207X04827_1;20001208X08964_1;20001206X01744_1;20001208X07724_1"
LOSS_OF_CONTROL_INFLIGHT,PERCEPTION_FAILURE,36,0.0037,0.022,0.417,"20001206X01702_1;20001211X12375_1;20001211X09594_1;20001206X01860_1;20001212X19426_1"
DECISION_INAPPROPRIATE,FUEL_SYSTEM_ANOMALY,36,0.0016,0.055,0.639,"20001208X06849_1;20001213X35123_1;20001208X06873_1;20001208X07401_1;20001207X03011_1"
PROCEDURE_NOT_FOLLOWED,INSTRUMENT_OR_AVIONICS_FAILURE,36,0.0022,0.156,0.917,"20001208X09146_1;20001206X00888_1;20001212X24238_1;20001212X23371_1;20001208X07922_1"
DESIGN_DEFECT_LATENT,LANDING_GEAR_ANOMALY,35,0.0452,0.585,0.800,"20001208X07469_1;20001211X10471_1;20001208X08821_1;20001211X09406_1;20001212X24039_1"
INSTRUMENT_OR_AVIONICS_FAILURE,SPATIAL_DISORIENTATION,35,0.0445,2.667,0.771,"20001213X29520_1;20001207X02931_1;20001211X13129_1;20001212X18427_1;20001211X13726_1"
WIND_SHEAR_OR_GUST,ALTITUDE_DEVIATION_UNCONTROLLED,35,0.0159,0.791,0.943,"20001207X03907_1;20001211X13733_1;20001206X00906_1;20001208X07572_1;20001208X09111_1"
RUNWAY_CONDITION_HAZARD,TERRAIN_OR_OBSTACLE_PROXIMITY,34,0.0078,0.143,0.382,"20001206X02369_1;20001206X02674_1;20001208X07641_1;20001206X01681_1;20001211X12401_1"
LANDING_GEAR_ANOMALY,STRUCTURAL_OVERLOAD,34,0.0079,0.328,0.853,"20001207X03580_1;20001206X01060_1;20001211X12114_1;20001207X03470_1;20001207X04017_1"
WIND_SHEAR_OR_GUST,PROCEDURE_NOT_FOLLOWED,34,0.0155,0.053,0.559,"20001207X04407_1;20001208X05604_1;20001208X08430_1;20001211X13001_1;20001208X06631_1"
DESIGN_DEFECT_LATENT,PERCEPTION_FAILURE,34,0.0439,0.264,0.176,"20001207X03863_1;20001213X30197_1;20001206X01727_1;20001211X14455_1;20001208X06573_1"
OTHER_SYSTEM_FAILURE,AUTOMATION_ANOMALY,34,0.0093,1.252,0.824,"20001211X13324_1;20001208X05916_1;20001213X29581_1;20001208X06542_1;20001206X00664_1"
FUEL_CONTAMINATION,DECISION_INAPPROPRIATE,34,0.0310,0.079,0.147,"20001207X03643_1;20001211X12866_1;20001208X07423_1;20001206X00981_1;20001208X05846_1"
DESIGN_DEFECT_LATENT,CONTROL_INPUT_IMPROPER,34,0.0439,0.088,0.147,"20001211X13544_1;20001206X02408_1;20001208X06426_1;20001206X00741_1;20001206X02267_1"
LOW_ALTITUDE_OPERATION,TERRAIN_OR_OBSTACLE_PROXIMITY,34,0.0249,0.460,0.471,"20001208X09287_1;20001211X10271_1;20001206X01521_1;20001208X06484_1;20001211X13199_1"
INFLIGHT_FIRE_OR_SMOKE,OTHER_SYSTEM_FAILURE,34,0.0202,0.310,0.882,"20001211X13942_1;20001213X27868_1;20001213X29969_1;20001211X13177_1;20001206X00774_1"
MOUNTAINOUS_OR_RISING_TERRAIN,SPATIAL_DISORIENTATION,33,0.0126,0.753,0.030,"20001211X13020_1;20001211X12510_1;20001211X13498_1;20001207X03051_1;20001211X11782_1"
ICING_ENCOUNTER,ENGINE_FAILURE,33,0.0735,0.251,0.727,"20001206X02669_1;20001211X12086_1;20001207X03248_1;20001208X05711_1;20001213X33545_1"
TERRAIN_OR_OBSTACLE_PROXIMITY,PROCEDURE_NOT_FOLLOWED,33,0.0109,0.037,0.394,"20001208X06405_1;20001206X01465_1;20001206X01066_1;20001211X09830_1;20001211X13568_1"
RUNWAY_CONDITION_HAZARD,STRUCTURAL_OVERLOAD,33,0.0075,0.314,0.576,"20001208X07482_1;20001208X07251_1;20001206X01937_1;20001207X04652_1;20001206X01691_1"
PILOT_FATIGUE_OR_PHYSIOLOGICAL_STATE,LOSS_OF_CONTROL_GROUND,33,0.0176,0.114,0.000,"20001208X08044_1;20001206X02004_1;20001206X02706_1;20001211X14647_1;20001207X03464_1"
THUNDERSTORM_OR_CONVECTIVE,LOSS_OF_CONTROL_INFLIGHT,33,0.1038,0.592,0.667,"20001206X01655_1;20001206X02020_1;20001208X06196_1;20001206X01519_1;20001212X18334_1"
PILOT_INCAPACITATION_OR_IMPAIRMENT,ALTITUDE_DEVIATION_UNCONTROLLED,33,0.0250,1.238,0.667,"20001211X13515_1;20001211X13678_1;20001206X02678_1;20001211X15554_1;20001206X00721_1"
DECISION_INAPPROPRIATE,LATENT_MECHANICAL_DEFECT,33,0.0015,0.010,0.818,"20001211X13816_1;20001207X03064_1;20001208X06895_1;20001212X16675_1;20001206X00944_1"
LANDING_GEAR_ANOMALY,INFLIGHT_FIRE_OR_SMOKE,33,0.0076,0.254,0.818,"20001208X07377_1;20001207X02856_1;20001211X13604_1;20001206X02284_1;20001206X01173_1"
DECISION_INAPPROPRIATE,ADVERSE_WIND_CONDITION,33,0.0015,0.010,0.485,"20001206X00706_1;20001211X13829_1;20001207X03886_1;20001208X05252_1;20001208X08858_1"
ATC_OR_DISPATCH_INADEQUATE,DECISION_INAPPROPRIATE,33,0.0927,0.236,0.212,"20001208X07003_1;20001213X29944_1;20001213X32527_1;20001212X16614_1;20001211X13882_1"
ENGINE_FAILURE,TERRAIN_OR_OBSTACLE_PROXIMITY,33,0.0020,0.037,0.939,"20001206X00913_1;20001206X01521_1;20001207X03692_1;20001211X10095_1;20001206X02062_1"
LANDING_GEAR_ANOMALY,OTHER_SYSTEM_FAILURE,32,0.0074,0.113,0.875,"20001211X12754_1;20001206X00886_1;20001208X06442_1;20001211X09663_1;20001206X02284_1"
ENGINE_FAILURE,AIRFRAME_STRUCTURAL_FAILURE,32,0.0020,0.040,0.938,"20001207X03623_1;20001208X05102_1;20001206X02215_1;20001208X06205_1;20001208X06881_1"
THUNDERSTORM_OR_CONVECTIVE,LOW_VISIBILITY_OR_IMC,32,0.1006,2.161,0.969,"20001213X29893_1;20001213X28731_1;20001214X39893_1;20001206X01730_1;20001208X06253_1"
DESIGN_DEFECT_LATENT,INFLIGHT_FIRE_OR_SMOKE,32,0.0413,1.376,0.719,"20001206X00725_1;20001208X05914_1;20001208X05710_1;20001208X07001_1;20001211X13942_1"
BIRD_OR_WILDLIFE_STRIKE,LOSS_OF_CONTROL_INFLIGHT,32,0.0466,0.266,0.969,"20001208X09324_1;20001211X13742_1;20001208X07425_1;20001207X03807_1;20001208X09249_1"
LOW_ALTITUDE_OPERATION,PROCEDURE_NOT_FOLLOWED,31,0.0227,0.077,0.355,"20001211X13285_1;20001211X13525_1;20001206X02707_1;20001208X05931_1;20001206X01275_1"
ATC_OR_DISPATCH_INADEQUATE,PROCEDURE_NOT_FOLLOWED,31,0.0871,0.297,0.323,"20001208X05897_1;20001208X08059_1;20001206X01039_1;20001214X37965_1;20001213X32505_1"
GROUND_PERSONNEL_ERROR,FUEL_EXHAUSTION_OR_STARVATION,31,0.0257,0.266,0.806,"20001206X01201_1;20001206X01498_1;20001208X09315_1;20001213X27621_1;20001211X11264_1"
CARBURETOR_OR_INDUCTION_ICING,CONTROL_INPUT_IMPROPER,31,0.0213,0.043,0.387,"20001208X05212_1;20001207X04810_1;20001207X04189_1;20001208X06426_1;20001213X32505_1"
MAINTENANCE_INADEQUATE,ORG_OR_REGULATORY_INADEQUATE,31,0.0055,0.373,0.355,"20001208X06678_1;20001208X05221_1;20001206X02567_1;20001211X13137_1;20001208X05999_1"
ENGINE_FAILURE,LOW_ALTITUDE_OPERATION,31,0.0019,0.077,0.677,"20001211X09804_1;20001213X25420_1;20001207X04261_1;20001207X03309_1;20001208X08452_1"
BIRD_OR_WILDLIFE_STRIKE,LANDING_GEAR_ANOMALY,31,0.0452,0.585,1.000,"20001211X12875_1;20001211X12397_1;20001208X06282_1;20001211X11072_1;20010718X01455_1"
AUTOMATION_ANOMALY,DECISION_INAPPROPRIATE,31,0.0745,0.190,0.645,"20001213X29581_1;20001207X03717_1;20001208X05866_1;20001211X11596_1;20001212X19360_1"
ORG_OR_REGULATORY_INADEQUATE,MAINTENANCE_INADEQUATE,30,0.0364,0.361,0.267,"20001206X01206_1;20001208X07139_1;20001207X02948_1;20001212X24238_1;20001212X16434_1"
CARBURETOR_OR_INDUCTION_ICING,FUEL_SYSTEM_ANOMALY,30,0.0206,0.689,0.700,"20001207X02818_1;20001208X07847_1;20001212X22643_1;20001208X08092_1;20001208X08600_1"
CONTROL_INPUT_IMPROPER,INFLIGHT_FIRE_OR_SMOKE,30,0.0011,0.036,0.867,"20001211X12800_1;20001211X13913_1;20001205X00123_1;20031029X01825_1;20031022X01792_1"
STALL,PERCEPTION_FAILURE,30,0.0045,0.027,0.200,"20001211X13348_1;20001207X03259_1;20001206X00646_1;20001207X05017_1;20001211X12019_1"
LANDING_GEAR_ANOMALY,INSTRUMENT_OR_AVIONICS_FAILURE,30,0.0069,0.494,0.800,"20001206X00734_1;20001207X04496_1;20001206X00815_1;20021204X05562_1;20040329X00380_1"
ADVERSE_WIND_CONDITION,ALTITUDE_DEVIATION_UNCONTROLLED,30,0.0034,0.170,0.467,"20001213X29579_1;20001206X01524_1;20001211X12437_1;20001208X05274_1;20001207X04730_1"
TRAINING_OR_CURRENCY_GAP,STALL,29,0.0268,0.226,0.034,"20001208X05506_1;20001208X09258_1;20001211X13524_1;20001206X02698_1;20001208X07907_1"
INFLIGHT_FIRE_OR_SMOKE,AIRFRAME_STRUCTURAL_FAILURE,29,0.0173,0.354,0.931,"20001208X08048_1;20001208X05913_1;20001208X05740_1;20001206X02709_1;20001211X09660_1"
BIRD_OR_WILDLIFE_STRIKE,DECISION_INAPPROPRIATE,29,0.0423,0.108,0.759,"20001208X05133_1;20001206X02635_1;20001206X01845_1;20001208X08757_1;20001212X19927_1"
INSTRUMENT_OR_AVIONICS_FAILURE,LANDING_GEAR_ANOMALY,29,0.0369,0.478,0.621,"20001208X09339_1;20001211X15760_1;20001212X18725_1;20051216X01984_1;20060217X00212_1"
LOSS_OF_CONTROL_GROUND,STALL,28,0.0032,0.027,0.786,"20001207X03050_1;20001208X08040_1;20001206X00877_1;20001206X00626_1;20050203X00128_1"
TERRAIN_OR_OBSTACLE_PROXIMITY,STALL,28,0.0092,0.078,0.679,"20001207X04935_1;20001208X09263_1;20001207X03430_1;20001211X10271_1;20001206X01733_1"
OTHER_SYSTEM_FAILURE,STALL,28,0.0077,0.065,0.821,"20001208X06676_1;20001211X09987_1;20001207X02828_1;20001206X01482_1;20001208X08330_1"
AUTOMATION_ANOMALY,ENGINE_FAILURE,28,0.0673,0.230,1.000,"20001211X12086_1;20001207X03717_1;20001212X19493_1;20051110X01830_1;20060228X00252_1"
ADVERSE_WIND_CONDITION,ICING_ENCOUNTER,28,0.0032,0.398,0.821,"20001208X05103_1;20001213X32510_1;20001211X13730_1;20001213X25720_1;20001207X03136_1"
STRUCTURAL_OVERLOAD,LOSS_OF_CONTROL_GROUND,27,0.0201,0.130,0.926,"20001206X01426_1;20001208X09137_1;20001207X03879_1;20001211X09717_1;20001211X10532_1"
GROUND_PERSONNEL_ERROR,TERRAIN_OR_OBSTACLE_PROXIMITY,27,0.0224,0.414,0.926,"20001206X01667_1;20001206X02575_1;20001207X02869_1;20001208X07403_1;20010508X00906_1"
PILOT_INCAPACITATION_OR_IMPAIRMENT,LOSS_OF_CONTROL_GROUND,27,0.0204,0.132,1.000,"20001208X08293_1;20001206X02220_1;20001208X08390_1;20001208X08627_1;20001206X01846_1"
ORG_OR_REGULATORY_INADEQUATE,CREW_COORDINATION_FAILURE,27,0.0327,0.953,0.074,"20001213X35081_1;20001213X29736_1;20001211X14784_1;20001207X04475_1;20001208X08606_1"
PILOT_INCAPACITATION_OR_IMPAIRMENT,STALL,27,0.0204,0.172,0.481,"20001211X09803_1;20001211X10004_1;20001207X02951_1;20001206X02486_1;20001211X10829_1"
BIRD_OR_WILDLIFE_STRIKE,OTHER_SYSTEM_FAILURE,27,0.0394,0.603,0.926,"20001206X01042_1;20010119X00328_1;20020903X01503_1;20030310X00302_1;20041115X01813_1"
ATC_OR_DISPATCH_INADEQUATE,CONTROL_INPUT_IMPROPER,27,0.0758,0.151,0.481,"20001211X12354_1;20001214X35485_1;20001208X07702_1;20001213X31839_1;20001213X28182_1"
TURBULENCE_ENCOUNTER,AIRFRAME_STRUCTURAL_FAILURE,27,0.0183,0.376,0.778,"20001208X07261_1;20001211X10065_1;20010803X01603_1;20020612X00856_1;20050209X00165_1"
STALL,STRUCTURAL_OVERLOAD,26,0.0039,0.163,0.962,"20001207X02928_1;20001208X07891_1;20001211X11684_1;20001206X02466_1;20001211X09770_1"
GROUND_PERSONNEL_ERROR,BIRD_OR_WILDLIFE_STRIKE,26,0.0216,1.761,0.654,"20001208X06838_1;20001211X12397_1;20001206X02291_1;20001208X06282_1;20001211X09472_1"
ALTITUDE_DEVIATION_UNCONTROLLED,PROCEDURE_NOT_FOLLOWED,26,0.0230,0.079,0.692,"20001211X14068_1;20001211X12339_1;20001207X02964_1;20001206X02614_1;20001208X05274_1"
FUEL_EXHAUSTION_OR_STARVATION,CONTROL_INPUT_IMPROPER,26,0.0048,0.010,0.269,"20001206X01072_1;20001211X12799_1;20001207X03702_1;20001208X05674_1;20001211X11260_1"
DESIGN_DEFECT_LATENT,LOSS_OF_CONTROL_INFLIGHT,26,0.0336,0.191,0.731,"20001211X13723_1;20001206X01999_1;20001206X02231_1;20001207X03425_1;20001207X04967_1"
DECISION_INAPPROPRIATE,CONTROL_SURFACE_ANOMALY,26,0.0012,0.037,0.769,"20001211X11656_1;20001208X08419_1;20001208X05167_1;20001208X05312_1;20001212X20283_1"
LOW_VISIBILITY_OR_IMC,TURBULENCE_ENCOUNTER,26,0.0100,0.379,0.769,"20001207X02964_1;20001211X09843_1;20001211X12644_1;20001206X00754_1;20001211X10349_1"
ADVERSE_WIND_CONDITION,OTHER_SYSTEM_FAILURE,25,0.0029,0.044,0.440,"20001208X06676_1;20001207X03241_1;20001206X02569_1;20001207X03441_1;20001212X20427_1"
DARK_NIGHT_OR_LOW_LIGHT,GROUND_PERSONNEL_ERROR,25,0.0106,0.494,0.000,"20001208X08536_1;20001208X08380_1;20001206X02285_1;20001208X06027_1;20001208X07192_1"
LATENT_MECHANICAL_DEFECT,SPATIAL_DISORIENTATION,25,0.0030,0.179,0.200,"20001214X35623_1;20001211X12554_1;20001208X06997_1;20001211X12602_1;20001211X12128_1"
GROUND_PERSONNEL_ERROR,LANDING_GEAR_ANOMALY,25,0.0208,0.269,0.920,"20001206X00724_1;20001211X11981_1;20001207X04543_1;20001211X10145_1;20001212X21299_1"
CREW_COORDINATION_FAILURE,STALL,25,0.0130,0.110,0.360,"20001211X13524_1;20001208X08630_1;20001213X27748_1;20001206X01136_1;20001208X07232_1"
INFLIGHT_FIRE_OR_SMOKE,PILOT_INCAPACITATION_OR_IMPAIRMENT,25,0.0149,0.629,0.960,"20001206X02398_1;20001206X02448_1;20001206X01583_1;20011019X02115_1;20020115X00070_1"
DECISION_INAPPROPRIATE,INFLIGHT_FIRE_OR_SMOKE,25,0.0011,0.038,0.560,"20001208X05708_1;20001211X13999_1;20001211X13779_1;20010222X00498_1;20011203X02332_1"
DESIGN_DEFECT_LATENT,DECISION_INAPPROPRIATE,24,0.0310,0.079,0.083,"20001211X12749_1;20001211X12335_1;20001206X01700_1;20001207X04832_1;20001207X05054_1"
DECISION_INAPPROPRIATE,BIRD_OR_WILDLIFE_STRIKE,24,0.0011,0.089,0.708,"20001207X04415_1;20001211X12875_1;20001211X13396_1;20001211X13245_1;20001211X13631_1"
SPATIAL_DISORIENTATION,PROCEDURE_NOT_FOLLOWED,24,0.0257,0.088,0.667,"20001207X04808_1;20001207X04268_1;20001208X09310_1;20001213X29814_1;20001211X14440_1"
FUEL_SYSTEM_ANOMALY,CONTROL_INPUT_IMPROPER,24,0.0143,0.029,0.542,"20001211X11957_1;20001211X11444_1;20001212X21931_1;20011212X02391_1;20080604X00790_1"
CONTROL_SURFACE_ANOMALY,OTHER_SYSTEM_FAILURE,24,0.0133,0.203,1.000,"20001207X04822_1;20001213X27705_1;20001213X27559_1;20001206X02733_1;20001206X02763_1"
ORG_OR_REGULATORY_INADEQUATE,ATC_OR_DISPATCH_INADEQUATE,24,0.0291,4.571,0.250,"20001212X22400_1;20001212X17883_1;20001206X01121_1;20001212X20686_2;20001212X20771_1"
MAINTENANCE_INADEQUATE,LOSS_OF_CONTROL_GROUND,23,0.0041,0.026,0.609,"20001207X03601_1;20001208X05689_1;20001207X04972_1;20001211X10485_1;20001211X13895_1"
BIRD_OR_WILDLIFE_STRIKE,PERCEPTION_FAILURE,23,0.0335,0.202,0.435,"20001211X10211_1;20001208X06838_1;20001208X08066_1;20001206X01845_1;20001212X19972_1"
GROUND_PERSONNEL_ERROR,LOSS_OF_CONTROL_GROUND,23,0.0191,0.124,0.826,"20001207X03878_1;20001208X05132_1;20001208X06869_1;20001211X12951_1;20001206X02285_1"
HIGH_DENSITY_ALTITUDE,ALTITUDE_DEVIATION_UNCONTROLLED,23,0.0168,0.831,0.087,"20001208X08290_1;20001207X04502_1;20001207X03735_1;20001208X06562_1;20001212X18188_1"
GROUND_PERSONNEL_ERROR,AIRFRAME_STRUCTURAL_FAILURE,23,0.0191,0.392,0.913,"20001208X09161_1;20001211X14503_1;20001212X22214_1;20020412X00510_1;20030910X01507_1"
PILOT_FATIGUE_OR_PHYSIOLOGICAL_STATE,CREW_COORDINATION_FAILURE,23,0.0123,0.357,0.000,"20001207X03690_1;20001206X00653_1;20001207X04742_1;20001212X21963_1;20001212X20726_1"
CARBURETOR_OR_INDUCTION_ICING,STALL,22,0.0151,0.127,0.409,"20001211X13034_1;20001208X07263_1;20001212X16434_1;20001206X00896_1;20001211X12171_1"
AIRFRAME_STRUCTURAL_FAILURE,FUEL_SYSTEM_ANOMALY,22,0.0081,0.269,1.000,"20001208X08050_1;20001208X05963_1;20001208X06487_1;20001207X03528_1;20001207X04344_1"
TERRAIN_OR_OBSTACLE_PROXIMITY,CONTROL_SURFACE_ANOMALY,22,0.0073,0.225,0.591,"20001208X08537_1;20001208X07540_1;20001211X10096_1;20001207X04304_1;20001208X06795_1"
INSTRUMENT_OR_AVIONICS_FAILURE,AUTOMATION_ANOMALY,22,0.0280,3.764,1.000,"20001211X09616_1;20001211X12828_1;20001207X03254_1;20001211X09810_1;20001208X06739_1"
PILOT_FATIGUE_OR_PHYSIOLOGICAL_STATE,ALTITUDE_DEVIATION_UNCONTROLLED,22,0.0117,0.581,0.136,"20001208X05087_1;20001208X07262_1;20001207X04502_1;20001207X04008_1;20001206X02487_1"
ICING_ENCOUNTER,CARBURETOR_OR_INDUCTION_ICING,22,0.0490,1.883,0.909,"20001208X05208_1;20001207X04966_1;20001208X05375_1;20001207X04833_1;20001211X13850_1"
PROCEDURE_NOT_FOLLOWED,PILOT_INCAPACITATION_OR_IMPAIRMENT,22,0.0013,0.057,0.455,"20001211X10470_1;20001207X03963_1;20001212X16603_1;20001206X01136_1;20001208X08501_1"
ENGINE_FAILURE,FUEL_SYSTEM_ANOMALY,22,0.0013,0.045,0.955,"20001211X12863_1;20001213X27261_1;20001207X04734_1;20001208X07589_1;20001208X07333_1"
INFLIGHT_FIRE_OR_SMOKE,INSTRUMENT_OR_AVIONICS_FAILURE,22,0.0131,0.931,0.864,"20001206X02709_1;20001208X06207_1;20001208X08143_1;20001208X06339_1;20001208X07808_1"
HIGH_DENSITY_ALTITUDE,PERCEPTION_FAILURE,22,0.0160,0.096,0.091,"20001212X19287_1;20001212X21215_1;20010910X01906_1;20020612X00858_1;20020808X01329_1"
UNSUITABLE_TERRAIN_FOR_FORCED_LANDING,PROCEDURE_NOT_FOLLOWED,21,0.0109,0.037,0.048,"20001207X03839_1;20001211X13699_1;20001206X01535_1;20001208X05770_1;20001208X05262_1"
DESIGN_DEFECT_LATENT,FUEL_EXHAUSTION_OR_STARVATION,21,0.0271,0.280,0.714,"20001211X13681_1;20001208X06187_1;20001208X08084_1;20001211X14898_1;20001207X03484_1"
ADVERSE_WIND_CONDITION,CONTROL_SURFACE_ANOMALY,21,0.0024,0.074,0.333,"20001206X00836_1;20001208X08307_1;20001208X05849_1;20001205X00277_1;20001205X00119_1"
DECISION_INAPPROPRIATE,CARBURETOR_OR_INDUCTION_ICING,21,0.0010,0.037,0.238,"20001207X04424_1;20001208X05375_1;20001211X16037_1;20001211X14308_1;20001211X09710_1"
LATENT_MECHANICAL_DEFECT,GROUND_PERSONNEL_ERROR,21,0.0025,0.117,0.286,"20001212X23857_1;20001206X00707_1;20001211X09740_1;20001208X07999_1;20001211X09761_1"
THUNDERSTORM_OR_CONVECTIVE,PERCEPTION_FAILURE,21,0.0660,0.397,0.238,"20001206X02230_1;20001211X10090_1;20001211X15706_1;20001211X10506_1;20010103X00009_1"
CONTROL_INPUT_IMPROPER,AUTOMATION_ANOMALY,21,0.0007,0.101,0.810,"20001206X02028_1;20001213X29581_1;20001212X24656_1;20030718X01151_1;20091117X33933_1"
ICING_ENCOUNTER,INSTRUMENT_OR_AVIONICS_FAILURE,21,0.0468,3.329,0.952,"20001207X02938_1;20001208X09146_1;20001212X23371_1;20001212X22579_1;20001212X16670_1"
CONTROL_INPUT_IMPROPER,LOW_ALTITUDE_OPERATION,21,0.0007,0.031,0.857,"20001211X10271_1;20001206X01517_1;20001213X28624_1;20001206X01406_1;20001205X00399_1"
MAINTENANCE_INADEQUATE,AUTOMATION_ANOMALY,21,0.0037,0.501,0.905,"20001206X01101_1;20001211X13601_1;20001213X27977_1;20001213X27997_1;20040910X01394_1"
ADVERSE_WIND_CONDITION,TERRAIN_OR_OBSTACLE_PROXIMITY,21,0.0024,0.044,0.429,"20001211X13731_1;20001208X09236_1;20001208X08254_1;20001212X21126_1;20001212X21206_1"
PILOT_INCAPACITATION_OR_IMPAIRMENT,CREW_COORDINATION_FAILURE,21,0.0159,0.462,0.619,"20001206X01136_1;20001208X07061_1;20001208X05448_1;20001208X05170_2;20001208X07449_1"
ADVERSE_WIND_CONDITION,GROUND_PERSONNEL_ERROR,21,0.0024,0.111,0.095,"20001211X11489_1;20001212X20700_1;20001212X22073_1;20010904X01867_1;20020319X00362_1"
AIRCRAFT_WEIGHT_OR_BALANCE_OUT_OF_LIMITS,PROCEDURE_NOT_FOLLOWED,20,0.0194,0.066,0.100,"20001211X12494_1;20001206X02012_1;20001208X08607_1;20001208X07302_1;20001208X07751_1"
CONTROL_INPUT_IMPROPER,PILOT_INCAPACITATION_OR_IMPAIRMENT,20,0.0007,0.030,0.800,"20001207X04409_1;20001211X10318_1;20001211X10966_1;20001211X11336_1;20001212X18713_1"
CREW_COORDINATION_FAILURE,LANDING_GEAR_ANOMALY,20,0.0104,0.135,0.250,"20001208X08039_1;20001211X09461_1;20011004X02043_1;20050708X00962_1;20050617X00806_1"
PROCEDURE_NOT_FOLLOWED,BIRD_OR_WILDLIFE_STRIKE,20,0.0012,0.100,0.900,"20001211X13336_1;20001211X13417_1;20001212X22178_1;20030317X00349_1;20030630X00972_1"
ADVERSE_WIND_CONDITION,LOW_VISIBILITY_OR_IMC,20,0.0023,0.049,0.900,"20001211X13841_1;20001208X07499_1;20001211X14391_1;20001214X38039_1;20001213X29836_1"
ENGINE_FAILURE,CREW_COORDINATION_FAILURE,20,0.0012,0.035,0.300,"20001206X02712_1;20001207X02868_1;20001208X05955_1;20001211X09892_1;20001207X03505_1"
LOSS_OF_CONTROL_GROUND,CONTROL_SURFACE_ANOMALY,20,0.0023,0.072,1.000,"20001208X08386_1;20001212X21764_1;20010110X00094_1;20001212X20934_1;20020612X00857_1"
STRUCTURAL_OVERLOAD,CONTROL_INPUT_IMPROPER,20,0.0149,0.030,0.850,"20001208X06037_1;20001207X03164_1;20001212X21419_1;20001212X21576_1;20030707X01023_1"
LOSS_OF_CONTROL_INFLIGHT,LOSS_OF_CONTROL_GROUND,20,0.0020,0.013,0.900,"20001208X05458_1;20001206X02122_1;20001205X00184_1;20001212X21653_1;20011108X02216_1"
SPATIAL_DISORIENTATION,PERCEPTION_FAILURE,19,0.0203,0.122,0.737,"20001206X01920_1;20001208X07368_1;20001213X27543_1;20001214X39360_1;20001208X06320_1"
ALTITUDE_DEVIATION_UNCONTROLLED,LOSS_OF_CONTROL_INFLIGHT,19,0.0168,0.096,0.895,"20001207X04622_1;20001211X15554_1;20001212X21954_1;20101110X74656_1;20110420X75124_1"
PERCEPTION_FAILURE,OTHER_SYSTEM_FAILURE,19,0.0020,0.031,0.842,"20001206X01211_1;20001208X05964_1;20001212X21687_1;20001212X21874_1;20001212X22291_1"
ADVERSE_WIND_CONDITION,STRUCTURAL_OVERLOAD,19,0.0022,0.090,0.263,"20001211X13091_1;20001211X13528_1;20001211X09530_1;20001208X05781_1;20001207X03330_1"
WIND_SHEAR_OR_GUST,AIRFRAME_STRUCTURAL_FAILURE,19,0.0087,0.177,0.789,"20001207X04234_1;20040511X00592_1;20040804X01146_1;20081004X12040_1;20090122X82054_1"
FUEL_SYSTEM_ANOMALY,PERCEPTION_FAILURE,19,0.0114,0.068,0.263,"20001213X27261_1;20001211X14713_1;20001208X05455_1;20001208X05882_1;20001211X10762_1"
ADVERSE_WIND_CONDITION,LANDING_GEAR_ANOMALY,19,0.0022,0.028,0.263,"20001206X00999_1;20001207X02918_1;20001206X00815_1;20001208X07457_1;20001204X00032_1"
LOW_VISIBILITY_OR_IMC,TERRAIN_OR_OBSTACLE_PROXIMITY,18,0.0069,0.128,0.056,"20001206X02670_1;20001208X07262_1;20001208X05944_1;20001207X04223_1;20001206X01823_1"
TERRAIN_OR_OBSTACLE_PROXIMITY,STRUCTURAL_OVERLOAD,18,0.0059,0.248,0.889,"20001208X05889_1;20001207X04306_1;20001208X07084_1;20001211X11100_1;20030108X00035_1"
AIRCRAFT_WEIGHT_OR_BALANCE_OUT_OF_LIMITS,STRUCTURAL_OVERLOAD,18,0.0174,0.727,0.333,"20001208X08763_1;20001206X01426_1;20001214X38716_1;20001208X08572_1;20001213X28737_1"
GROUND_PERSONNEL_ERROR,CREW_COORDINATION_FAILURE,18,0.0150,0.435,0.278,"20001213X35081_1;20001208X05414_1;20001212X21709_1;20030729X01210_1;20040212X00187_1"
OTHER_SYSTEM_FAILURE,PILOT_INCAPACITATION_OR_IMPAIRMENT,18,0.0049,0.209,0.833,"20001211X13363_1;20001207X02847_1;20001208X06517_1;20001208X08634_1;20001206X01130_1"
ICING_ENCOUNTER,CONTROL_INPUT_IMPROPER,18,0.0401,0.080,0.111,"20001207X04656_1;20001207X04968_1;20001208X07229_1;20020207X00197_1;20011113X02231_1"
UNSUITABLE_TERRAIN_FOR_FORCED_LANDING,STALL,18,0.0093,0.079,0.056,"20001211X12628_1;20001206X01737_1;20001208X05747_1;20001208X05149_1;20001208X05400_1"
STALL,TERRAIN_OR_OBSTACLE_PROXIMITY,18,0.0027,0.050,0.833,"20001212X24308_1;20001206X01621_1;20001212X20062_1;20001212X21763_1;20070806X01109_1"
GROUND_PERSONNEL_ERROR,INFLIGHT_FIRE_OR_SMOKE,18,0.0150,0.498,0.944,"20001208X06102_1;20001211X11362_1;20001212X20913_1;20001212X20732_1;20010316X00598_1"
LOSS_OF_CONTROL_GROUND,PERCEPTION_FAILURE,18,0.0021,0.013,0.500,"20001212X22011_1;20010627X01276_1;20011127X02301_1;20020408X00473_1;20050713X01002_1"
ADVERSE_WIND_CONDITION,SPATIAL_DISORIENTATION,17,0.0019,0.116,0.529,"20001206X02673_1;20001211X14391_1;20001212X22538_1;20001207X03708_1;20001211X11707_1"
RUNWAY_CONDITION_HAZARD,GROUND_PERSONNEL_ERROR,17,0.0039,0.180,0.118,"20001208X05888_1;20001208X08536_1;20001208X05462_1;20001211X11638_1;20020110X00051_1"
WIND_SHEAR_OR_GUST,TURBULENCE_ENCOUNTER,17,0.0077,0.294,0.824,"20001208X06388_1;20001212X21162_1;20040603X00724_1;20041105X01776_1;20070829X01270_1"
DECISION_INAPPROPRIATE,PILOT_INCAPACITATION_OR_IMPAIRMENT,17,0.0008,0.033,0.529,"20001208X07857_1;20001207X03904_1;20001211X12130_1;20001213X27734_1;20001212X22947_1"
PILOT_INCAPACITATION_OR_IMPAIRMENT,ENGINE_FAILURE,17,0.0129,0.044,0.176,"20001208X08064_1;20001206X01056_1;20001206X00864_1;20001213X29370_1;20001212X20587_1"
ENGINE_FAILURE,FUEL_EXHAUSTION_OR_STARVATION,17,0.0010,0.011,0.941,"20001212X18237_1;20001211X12363_1;20001208X07677_1;20001213X29382_1;20001206X01125_1"
INSTRUMENT_OR_AVIONICS_FAILURE,LOSS_OF_CONTROL_INFLIGHT,17,0.0216,0.123,0.706,"20001206X01953_1;20001212X24238_1;20001211X11974_1;20001207X04840_1;20001208X06002_1"
PERCEPTION_FAILURE,ATC_OR_DISPATCH_INADEQUATE,17,0.0018,0.287,0.706,"20001211X11943_1;20001213X34444_1;20001213X27336_1;20030117X00080_1;20071109X01780_2"
CONTROL_INPUT_IMPROPER,WIND_SHEAR_OR_GUST,17,0.0006,0.015,0.235,"20001208X05373_1;20010114X00299_1;20020612X00864_1;20050713X01009_1;20060206X00169_1"
CONTROL_INPUT_IMPROPER,HIGH_DENSITY_ALTITUDE,17,0.0006,0.025,0.882,"20001208X07689_1;20001208X07771_1;20001205X00481_1;20001212X19674_1;20001212X20337_1"
AIRFRAME_STRUCTURAL_FAILURE,STALL,17,0.0062,0.052,0.588,"20001207X03108_1;20001206X02732_1;20001213X28829_1;20001208X09373_1;20001205X00279_1"
PROCEDURE_NOT_FOLLOWED,TURBULENCE_ENCOUNTER,17,0.0010,0.039,0.765,"20001213X32105_1;20001213X29623_1;20001211X15906_1;20001212X19057_1;20020328X00420_1"
SPATIAL_DISORIENTATION,STRUCTURAL_OVERLOAD,16,0.0171,0.715,1.000,"20001211X13060_1;20001212X23624_1;20001213X25214_1;20001213X33545_1;20001211X11145_1"
CREW_COORDINATION_FAILURE,FUEL_EXHAUSTION_OR_STARVATION,16,0.0083,0.086,0.250,"20001211X13063_1;20001212X20138_1;20001212X22278_1;20010118X00324_1;20031023X01802_1"
ICING_ENCOUNTER,SPATIAL_DISORIENTATION,16,0.0356,2.134,0.438,"20001207X02931_1;20001213X33545_1;20001212X22417_1;20001211X12645_1;20001208X06911_1"
ENGINE_FAILURE,PILOT_INCAPACITATION_OR_IMPAIRMENT,16,0.0010,0.041,0.562,"20001206X00630_1;20001208X05980_1;20001211X14468_1;20001207X03563_1;20100404X22528_1"
PILOT_INCAPACITATION_OR_IMPAIRMENT,SPATIAL_DISORIENTATION,16,0.0121,0.725,0.312,"20001208X06003_1;20001213X29175_1;20001213X27978_1;20001207X05045_1;20010109X00070_1"
FUEL_SYSTEM_ANOMALY,LANDING_GEAR_ANOMALY,16,0.0096,0.124,1.000,"20001208X06057_1;20001208X08922_1;20001211X11294_1;20001212X21929_1;20030212X00202_1"
STRUCTURAL_OVERLOAD,CONTROL_SURFACE_ANOMALY,16,0.0119,0.369,1.000,"20001208X06071_1;20001212X21289_1;20020506X00625_1;20030214X00223_1;20070508X00532_1"
RUNWAY_CONDITION_HAZARD,OTHER_SYSTEM_FAILURE,15,0.0034,0.052,0.667,"20001208X08780_1;20001207X04350_1;20001212X22076_1;20011115X02246_1;20080324X00372_1"
LOSS_OF_CONTROL_GROUND,LOSS_OF_CONTROL_INFLIGHT,15,0.0017,0.010,0.933,"20001208X06831_1;20001211X11781_1;20001207X03901_2;20001212X18550_1;20001208X08386_1"
LOW_ALTITUDE_OPERATION,LOSS_OF_CONTROL_GROUND,15,0.0110,0.071,0.200,"20001208X06154_1;20050503X00541_1;20060929X01432_1;20100712X50901_1;20140408X11935_1"
GROUND_PERSONNEL_ERROR,FUEL_SYSTEM_ANOMALY,15,0.0125,0.416,1.000,"20001212X23857_1;20001207X04673_1;20001213X26237_1;20001208X06379_1;20001205X00440_1"
PROCEDURE_NOT_FOLLOWED,LOW_ALTITUDE_OPERATION,15,0.0009,0.037,0.867,"20001206X02386_1;20001211X15906_1;20001208X05418_1;20001211X09745_1;20001207X04604_1"
FUEL_SYSTEM_ANOMALY,LOSS_OF_CONTROL_INFLIGHT,15,0.0090,0.051,0.933,"20001206X00719_1;20001208X06857_1;20001211X12618_1;20001208X06873_1;20001212X24021_1"
PERCEPTION_FAILURE,LATENT_MECHANICAL_DEFECT,15,0.0016,0.011,0.667,"20001207X04212_1;20001206X02742_1;20001207X03146_1;20001211X11266_1;20010723X01475_1"
LOSS_OF_CONTROL_INFLIGHT,ENGINE_FAILURE,15,0.0015,0.005,0.267,"20001207X04455_1;20001211X14859_1;20001211X11572_1;20001212X19931_1;20021003X05262_1"
GROUND_PERSONNEL_ERROR,ATC_OR_DISPATCH_INADEQUATE,15,0.0125,1.958,0.400,"20001212X22534_1;20001207X03380_1;20010924X01980_1;20020627X00981_1;20070426X00458_2"
LOW_VISIBILITY_OR_IMC,CARBURETOR_OR_INDUCTION_ICING,15,0.0058,0.221,0.800,"20001212X16288_1;20001213X34948_1;20001212X22705_1;20001213X32784_1;20001207X03193_1"
PROCEDURE_NOT_FOLLOWED,GROUND_PERSONNEL_ERROR,15,0.0009,0.043,0.733,"20001207X03723_1;20001211X14503_1;20060808X01112_1;20090817X10417_1;20160201X52407_1"
ENGINE_FAILURE,STRUCTURAL_OVERLOAD,15,0.0009,0.038,0.867,"20001208X05159_1;20001211X09733_1;20001208X05849_1;20001204X00050_1;20100602X32802_1"
UNSUITABLE_TERRAIN_FOR_FORCED_LANDING,TERRAIN_OR_OBSTACLE_PROXIMITY,14,0.0073,0.134,0.429,"20001211X13511_1;20001208X08775_1;20001206X01521_1;20001207X03692_1;20001205X00536_1"
PERCEPTION_FAILURE,FUEL_SYSTEM_ANOMALY,14,0.0015,0.050,0.714,"20001206X00580_1;20001211X14713_1;20001211X11168_1;20001211X11444_1;20001212X19154_1"
INSTRUMENT_OR_AVIONICS_FAILURE,FUEL_EXHAUSTION_OR_STARVATION,14,0.0178,0.184,0.357,"20001213X29523_1;20001206X01978_1;20001211X11293_1;20010510X00927_1;20020909X01557_1"
TRAINING_OR_CURRENCY_GAP,CREW_COORDINATION_FAILURE,14,0.0129,0.376,0.000,"20001206X01960_1;20001211X13831_1;20001208X07199_1;20001208X08678_1;20001207X05052_1"
PROCEDURE_NOT_FOLLOWED,RUNWAY_CONDITION_HAZARD,14,0.0009,0.011,0.500,"20001208X06462_1;20001208X07238_1;20001212X20285_1;20010110X00098_1;20010926X01996_1"
DESIGN_DEFECT_LATENT,FUEL_CONTAMINATION,14,0.0181,0.922,0.929,"20001208X08341_1;20001211X09523_1;20001211X14000_1;20001206X01550_1;20001206X01853_1"
ATC_OR_DISPATCH_INADEQUATE,TURBULENCE_ENCOUNTER,14,0.0393,1.494,0.786,"20001213X24885_1;20001208X09028_1;20001206X01121_1;20001211X11023_1;20020913X01599_1"
ADVERSE_WIND_CONDITION,RUNWAY_CONDITION_HAZARD,14,0.0016,0.020,0.714,"20001211X15185_1;20001211X09719_1;20001207X05057_1;20001212X19406_1;20001212X21118_1"
LANDING_GEAR_ANOMALY,CONTROL_SURFACE_ANOMALY,14,0.0032,0.100,1.000,"20001212X20884_1;20020605X00807_1;20030515X00669_1;20031020X01774_1;20041223X02030_1"
STRUCTURAL_OVERLOAD,ENGINE_FAILURE,14,0.0104,0.036,0.929,"20001212X20973_1;20001212X21300_1;20010209X00430_1;20090821X70912_1;20090722X33920_1"
TURBULENCE_ENCOUNTER,AUTOMATION_ANOMALY,14,0.0095,1.279,0.929,"20051026X01739_1;20060425X00486_1;20090724X12005_1;20091124X94107_1;20160701X62525_1"
DECISION_INAPPROPRIATE,FUEL_CONTAMINATION,13,0.0006,0.030,0.923,"20001211X13291_1;20001211X13115_1;20001208X07551_1;20001208X07961_1;20001211X13611_1"
WIND_SHEAR_OR_GUST,STRUCTURAL_OVERLOAD,13,0.0059,0.247,0.538,"20001211X13296_1;20001208X06388_1;20001206X01045_1;20001207X04161_1;20001208X08666_1"
UNSUITABLE_TERRAIN_FOR_FORCED_LANDING,PERCEPTION_FAILURE,13,0.0067,0.041,0.077,"20001206X01414_1;20001208X08657_1;20001212X21297_1;20010926X01993_1;20040708X00931_1"
GROUND_PERSONNEL_ERROR,TURBULENCE_ENCOUNTER,13,0.0108,0.410,0.846,"20001207X03207_1;20001212X21128_1;20010216X00462_1;20030923X01577_1;20031126X01958_1"
UNSUITABLE_TERRAIN_FOR_FORCED_LANDING,LANDING_GEAR_ANOMALY,13,0.0067,0.087,0.692,"20001208X07475_1;20001211X12393_1;20001206X01746_1;20001208X09303_1;20001207X04792_1"
ADVERSE_WIND_CONDITION,FUEL_EXHAUSTION_OR_STARVATION,13,0.0015,0.015,0.077,"20001211X13692_1;20001211X13369_1;20001211X13540_1;20001211X09560_1;20001208X07753_1"
PERCEPTION_FAILURE,ADVERSE_WIND_CONDITION,13,0.0014,0.009,0.462,"20001207X03641_1;20001211X09876_1;20001208X05310_1;20001211X15535_1;20001212X19960_1"
TERRAIN_OR_OBSTACLE_PROXIMITY,BIRD_OR_WILDLIFE_STRIKE,13,0.0043,0.350,0.692,"20001206X01042_1;20001211X09890_1;20021205X05569_1;20080828X01351_1;20140828X32451_1"
LATENT_MECHANICAL_DEFECT,CARBURETOR_OR_INDUCTION_ICING,13,0.0016,0.060,0.846,"20001206X01236_1;20001207X02845_1;20001211X11363_1;20001212X20507_1;20010216X00465_1"
GROUND_PERSONNEL_ERROR,AIRCRAFT_WEIGHT_OR_BALANCE_OUT_OF_LIMITS,13,0.0108,0.585,1.000,"20001206X02584_1;20001208X07674_1;20001207X04031_1;20001211X09750_1;20001208X06079_1"
BIRD_OR_WILDLIFE_STRIKE,LOSS_OF_CONTROL_GROUND,13,0.0190,0.123,1.000,"20001208X08590_1;20041012X01610_1;20070817X01204_1;20100818X00639_1;20110204X91152_1"
STALL,LANDING_GEAR_ANOMALY,13,0.0020,0.025,0.769,"20001211X10241_1;20001206X00651_1;20001212X18673_1;20010608X01130_1;20040326X00378_1"
ICING_ENCOUNTER,AIRFRAME_STRUCTURAL_FAILURE,13,0.0290,0.594,0.923,"20001207X03108_1;20001206X02732_1;20001208X05588_1;20001204X00031_1;20001212X20593_1"
ORG_OR_REGULATORY_INADEQUATE,FUEL_CONTAMINATION,13,0.0158,0.804,0.462,"20001208X08622_1;20001208X05846_1;20001212X18817_1;20040325X00372_1;20050601X00694_1"
LOSS_OF_CONTROL_GROUND,PILOT_INCAPACITATION_OR_IMPAIRMENT,13,0.0015,0.064,0.769,"20001211X12951_1;20050222X00212_1;20090416X11934_1;20150115X51623_1;20150728X80758_1"
CONTROL_INPUT_IMPROPER,TURBULENCE_ENCOUNTER,13,0.0005,0.018,0.615,"20001208X07427_1;20001213X27765_1;20001212X20919_1;20001212X21420_1;20010724X01500_1"
FUEL_CONTAMINATION,MAINTENANCE_INADEQUATE,13,0.0119,0.118,0.154,"20001208X05846_1;20001205X00249_1;20010618X01191_1;20050601X00694_1;20100823X85049_1"
TURBULENCE_ENCOUNTER,PILOT_INCAPACITATION_OR_IMPAIRMENT,13,0.0088,0.374,0.846,"20001211X11023_1;20001211X11135_1;20001212X19008_1;20001212X22040_1;20030127X00112_1"
ORG_OR_REGULATORY_INADEQUATE,TRAINING_OR_CURRENCY_GAP,12,0.0145,0.751,0.417,"20001211X13281_1;20001206X02698_1;20001208X08822_1;20001206X00616_1;20001208X07150_1"
DESIGN_DEFECT_LATENT,STALL,12,0.0155,0.131,0.167,"20001211X12749_1;20001211X12335_1;20001208X05368_1;20001208X06875_1;20001206X00764_1"
LOW_VISIBILITY_OR_IMC,STALL,12,0.0046,0.039,0.167,"20001207X04397_1;20001211X13724_1;20001212X20877_1;20070201X00128_1;20151202X31330_1"
AUTOMATION_ANOMALY,CONTROL_SURFACE_ANOMALY,12,0.0288,0.893,1.000,"20001211X09616_1;20001211X13324_1;20010307X00558_1;20020823X01450_1;20040910X01394_1"
ADVERSE_WIND_CONDITION,PILOT_INCAPACITATION_OR_IMPAIRMENT,12,0.0014,0.058,0.083,"20001211X09982_1;20001208X08293_1;20001208X07879_1;20001211X12655_1;20001206X01325_1"
BIRD_OR_WILDLIFE_STRIKE,PILOT_INCAPACITATION_OR_IMPAIRMENT,12,0.0175,0.740,1.000,"20001207X03228_1;20001206X02409_1;20001206X01801_1;20001208X08261_1;20060215X00202_1"
ENGINE_FAILURE,AUTOMATION_ANOMALY,12,0.0007,0.098,0.833,"20001208X08064_1;20001211X10794_1;20001212X20002_1;20020823X01450_1;20090220X14000_1"
DESIGN_DEFECT_LATENT,STRUCTURAL_OVERLOAD,12,0.0155,0.647,0.833,"20001211X14572_1;20001207X04211_1;20001211X13754_1;20001205X00525_1;20001212X21289_1"
AUTOMATION_ANOMALY,LOSS_OF_CONTROL_GROUND,12,0.0288,0.187,0.833,"20001211X11781_1;20001208X06745_1;20130627X55924_1;20180725X25209_1;20191126X70448_1"
DESIGN_DEFECT_LATENT,INSTRUMENT_OR_AVIONICS_FAILURE,12,0.0155,1.103,0.750,"20001208X06204_1;20001208X09339_1;20001211X10653_1;20001211X11424_1;20050816X01251_1"
LATENT_MECHANICAL_DEFECT,ICING_ENCOUNTER,12,0.0014,0.179,0.500,"20001211X11672_1;20001212X21169_1;20020207X00195_1;20061114X01667_1;20090312X34256_1"
ADVERSE_WIND_CONDITION,CARBURETOR_OR_INDUCTION_ICING,12,0.0014,0.053,0.583,"20001212X16434_1;20001207X02962_1;20001208X09226_1;20001212X20086_1;20001212X21588_1"
CONTROL_INPUT_IMPROPER,SPATIAL_DISORIENTATION,12,0.0004,0.026,0.500,"20001212X18427_1;20001211X09486_1;20001212X21667_1;20080425X00546_1;20150120X70649_1"
DECISION_INAPPROPRIATE,PILOT_FATIGUE_OR_PHYSIOLOGICAL_STATE,12,0.0005,0.016,0.417,"20001211X12992_1;20001208X08470_1;20001206X00986_1;20001211X13922_1;20001211X10863_1"
PILOT_FATIGUE_OR_PHYSIOLOGICAL_STATE,TRAINING_OR_CURRENCY_GAP,12,0.0064,0.330,0.333,"20001207X04567_1;20001211X10581_1;20001211X10599_1;20001205X00381_1;20100729X71844_1"
BIRD_OR_WILDLIFE_STRIKE,PROCEDURE_NOT_FOLLOWED,12,0.0175,0.060,1.000,"20001208X07104_1;20101108X84714_1;20100428X51555_1;20130507X13505_1;20170912X85009_1"
ALTITUDE_DEVIATION_UNCONTROLLED,PERCEPTION_FAILURE,12,0.0106,0.064,0.417,"20001207X04069_1;20070105X00010_1;20070927X01460_1;20080710X01014_1;20121018X90324_1"
RUNWAY_CONDITION_HAZARD,ENGINE_FAILURE,11,0.0025,0.009,0.273,"20001211X12508_1;20001208X06142_1;20001207X04969_1;20001211X10268_1;20001212X21403_1"
SPATIAL_DISORIENTATION,TERRAIN_OR_OBSTACLE_PROXIMITY,11,0.0118,0.218,1.000,"20001211X12510_1;20010816X01713_1;20021022X05356_1;20150625X15034_1;20250625200387_1"
ADVERSE_WIND_CONDITION,LATENT_MECHANICAL_DEFECT,11,0.0013,0.008,0.818,"20001206X00829_1;20001208X06670_1;20001211X10876_1;20001208X07495_1;20001212X20719_1"
RUNWAY_CONDITION_HAZARD,CONTROL_SURFACE_ANOMALY,11,0.0025,0.078,0.636,"20001207X04799_1;20001211X11656_1;20001211X11549_1;20010110X00094_1;20060629X00857_1"
DESIGN_DEFECT_LATENT,AUTOMATION_ANOMALY,11,0.0142,1.911,0.818,"20001214X39461_1;20001211X11781_1;20001207X03254_1;20001211X10653_1;20030903X01449_1"
ICING_ENCOUNTER,ALTITUDE_DEVIATION_UNCONTROLLED,11,0.0245,1.215,0.818,"20001208X05103_1;20001211X13832_1;20001206X02614_1;20020401X00431_1;20030218X00231_1"
MAINTENANCE_INADEQUATE,CARBURETOR_OR_INDUCTION_ICING,11,0.0020,0.075,0.909,"20001207X04978_1;20001212X16434_1;20001207X04903_1;20041201X01900_1;20071003X01492_1"
STRUCTURAL_OVERLOAD,INFLIGHT_FIRE_OR_SMOKE,11,0.0082,0.273,0.818,"20001208X08080_1;20001212X21611_1;20050921X01503_1;20100526X92845_1;20100830X12502_1"
DECISION_INAPPROPRIATE,DARK_NIGHT_OR_LOW_LIGHT,11,0.0005,0.012,0.727,"20001208X09150_1;20001206X02294_1;20001211X13898_1;20001211X10609_1;20001211X11188_1"
ORG_OR_REGULATORY_INADEQUATE,CONTROL_INPUT_IMPROPER,11,0.0133,0.027,0.000,"20001207X04988_1;20001206X01727_1;20001211X11684_1;20001207X03928_1;20001211X14439_1"
AUTOMATION_ANOMALY,STALL,11,0.0264,0.223,0.818,"20001207X04678_1;20001211X11453_1;20030718X01151_1;20071113X01787_1;20080917X01482_1"
LOSS_OF_CONTROL_INFLIGHT,OTHER_SYSTEM_FAILURE,11,0.0011,0.017,0.455,"20001211X12131_1;20001208X06261_1;20001211X09590_1;20001208X07996_1;20021022X05360_1"
LOSS_OF_CONTROL_GROUND,INFLIGHT_FIRE_OR_SMOKE,11,0.0013,0.042,0.727,"20001206X02448_1;20001207X03525_1;20010113X00297_1;20011120X02269_1;20020816X01418_1"
LOW_ALTITUDE_OPERATION,ALTITUDE_DEVIATION_UNCONTROLLED,11,0.0081,0.399,0.364,"20001208X05134_1;20001206X02739_1;20020712X01100_1;20020710X01086_1;20031105X01866_1"
TURBULENCE_ENCOUNTER,ENGINE_FAILURE,11,0.0075,0.025,0.273,"20001212X22923_1;20010806X01611_1;20020506X00629_1;20031216X02048_1;20080219X00210_1"
ICING_ENCOUNTER,CONTROL_SURFACE_ANOMALY,11,0.0245,0.758,0.909,"20001207X03137_1;20001211X09567_1;20001204X00004_1;20001205X00430_1;20001212X21169_1"
ORG_OR_REGULATORY_INADEQUATE,PILOT_INCAPACITATION_OR_IMPAIRMENT,11,0.0133,0.564,0.273,"20001208X08177_1;20080515X00671_1;20081221X14648_1;20210228102682_1;20210513103077_1"
ICING_ENCOUNTER,OTHER_SYSTEM_FAILURE,11,0.0245,0.375,0.909,"20001211X09568_1;20001211X14523_1;20050330X00383_1;20120306X11830_1;20130320X65919_1"
ALTITUDE_DEVIATION_UNCONTROLLED,STALL,11,0.0098,0.082,0.818,"20001211X10915_1;20010521X00979_1;20031219X02068_1;20050311X00297_1;20100713X23333_1"
STALL,AIRFRAME_STRUCTURAL_FAILURE,11,0.0017,0.034,1.000,"20001212X19004_1;20001212X20692_1;20001212X21985_1;20010608X01127_1;20050811X01211_1"
TURBULENCE_ENCOUNTER,LOW_ALTITUDE_OPERATION,11,0.0075,0.306,0.727,"20001212X20650_1;20020819X01422_1;20040506X00572_1;20040528X00701_1;20080304X00255_1"
STRUCTURAL_OVERLOAD,OTHER_SYSTEM_FAILURE,11,0.0082,0.126,0.818,"20001212X21575_1;20130804X74727_1;20150604X72128_1;20180817X74952_1;20190822X45548_1"
GROUND_PERSONNEL_ERROR,WIND_SHEAR_OR_GUST,11,0.0091,0.233,0.818,"20010924X01980_1;20030501X00603_1;20111005X34605_1;20140311X10524_1;20160822X91159_1"
ORG_OR_REGULATORY_INADEQUATE,AIRCRAFT_WEIGHT_OR_BALANCE_OUT_OF_LIMITS,10,0.0121,0.656,0.300,"20001211X13279_1;20001207X03394_1;20001213X28217_1;20001208X08607_1;20001212X18549_1"
FUEL_SYSTEM_ANOMALY,STALL,10,0.0060,0.050,0.800,"20001211X13038_1;20001211X13074_1;20030730X01234_1;20050228X00244_1;20090618X14855_1"
LATENT_MECHANICAL_DEFECT,CREW_COORDINATION_FAILURE,10,0.0012,0.035,0.200,"20001207X03210_1;20001207X04310_1;20001206X02773_1;20001208X08756_1;20020829X01481_1"
ENGINE_FAILURE,CONTROL_SURFACE_ANOMALY,10,0.0006,0.019,0.600,"20001208X06653_1;20001206X01428_1;20001206X01479_1;20001208X08115_1;20001208X07960_1"
SPATIAL_DISORIENTATION,FUEL_EXHAUSTION_OR_STARVATION,10,0.0107,0.111,0.700,"20001211X09505_1;20001207X03708_1;20001208X07725_1;20001205X00190_1;20001212X20398_1"
DARK_NIGHT_OR_LOW_LIGHT,TERRAIN_OR_OBSTACLE_PROXIMITY,10,0.0043,0.079,0.000,"20001211X11908_1;20001206X02062_1;20030227X00267_1;20050113X00049_1;20060419X00461_1"
MAINTENANCE_INADEQUATE,AIRCRAFT_WEIGHT_OR_BALANCE_OUT_OF_LIMITS,10,0.0018,0.096,0.900,"20001208X06414_1;20001208X07764_1;20001208X09049_1;20001205X00567_1;20001212X20011_1"
DARK_NIGHT_OR_LOW_LIGHT,LOSS_OF_CONTROL_GROUND,10,0.0043,0.028,0.000,"20001212X16402_1;20001211X13561_1;20001207X02967_1;20001208X08390_1;20001206X01787_1"
ORG_OR_REGULATORY_INADEQUATE,RUNWAY_CONDITION_HAZARD,10,0.0121,0.155,0.500,"20001206X01973_1;20001212X22534_1;20001211X11917_1;20020724X01192_1;20060629X00850_1"
INFLIGHT_FIRE_OR_SMOKE,AUTOMATION_ANOMALY,10,0.0059,0.800,0.600,"20001211X12086_1;20001212X21701_1;20001212X21729_1;20010316X00598_1;20081113X34615_1"
CREW_COORDINATION_FAILURE,ALTITUDE_DEVIATION_UNCONTROLLED,10,0.0052,0.258,0.200,"20001208X08326_1;20001208X08606_1;20001208X08851_1;20001208X06757_1;20001211X10298_1"
ENGINE_FAILURE,LANDING_GEAR_ANOMALY,10,0.0006,0.008,0.700,"20001208X08821_1;20001208X09303_1;20030714X01099_1;20050708X00966_1;20091003X14427_1"
WIND_SHEAR_OR_GUST,TERRAIN_OR_OBSTACLE_PROXIMITY,10,0.0046,0.084,0.400,"20010110X00278_1;20001211X13552_1;20001211X10096_1;20001212X20062_1;20041110X01804_1"
ENGINE_FAILURE,UNSUITABLE_TERRAIN_FOR_FORCED_LANDING,10,0.0006,0.018,0.700,"20001212X23979_1;20001211X14319_1;20001206X00666_1;20011017X02102_1;20030320X00358_1"
LOW_VISIBILITY_OR_IMC,ATC_OR_DISPATCH_INADEQUATE,10,0.0038,0.603,0.100,"20001212X24751_1;20001213X31839_1;20001211X12635_1;20001211X13882_1;20030117X00080_1"
TERRAIN_OR_OBSTACLE_PROXIMITY,INFLIGHT_FIRE_OR_SMOKE,10,0.0033,0.110,0.800,"20001211X13552_1;20001207X04994_1;20001211X12429_1;20070824X01235_1;20080627X00941_1"
LOSS_OF_CONTROL_INFLIGHT,AUTOMATION_ANOMALY,10,0.0010,0.137,0.300,"20001208X09309_1;20001211X11474_1;20040916X01442_1;20050802X01139_1;20140819X44937_1"
LOSS_OF_CONTROL_INFLIGHT,CONTROL_SURFACE_ANOMALY,10,0.0010,0.032,0.800,"20001211X12655_1;20001211X10556_1;20001205X00343_1;20031231X02113_1;20050907X01407_1"
PROCEDURE_NOT_FOLLOWED,ATC_OR_DISPATCH_INADEQUATE,10,0.0006,0.096,0.300,"20001211X12635_1;20001213X26907_1;20001213X29992_2;20001212X19480_1;20081017X61856_1"
LOW_ALTITUDE_OPERATION,SPATIAL_DISORIENTATION,10,0.0073,0.438,0.000,"20001206X01137_1;20070322X00318_1;20080627X00926_1;20081104X60811_1;20091130X93208_1"
ATC_OR_DISPATCH_INADEQUATE,LOSS_OF_CONTROL_INFLIGHT,10,0.0281,0.160,0.800,"20001213X31631_1;20001205X00517_1;20080307X00282_1;20090225X83224_1;20001213X25232_2"
CONTROL_SURFACE_ANOMALY,LANDING_GEAR_ANOMALY,10,0.0055,0.072,1.000,"20041129X01879_1;20051121X01863_1;20120703X93512_1;20121120X11727_1;20150529X11619_1"
RUNWAY_CONDITION_HAZARD,LOSS_OF_CONTROL_INFLIGHT,9,0.0021,0.012,0.111,"20001211X13049_1;20001207X03638_1;20001208X05535_1;20001208X06857_1;20001206X01308_1"
ADVERSE_WIND_CONDITION,ATC_OR_DISPATCH_INADEQUATE,9,0.0010,0.161,0.111,"20001208X05680_1;20001213X31087_1;20001207X02958_1;20001213X29373_1;20001213X27739_1"
LOSS_OF_CONTROL_INFLIGHT,PILOT_INCAPACITATION_OR_IMPAIRMENT,9,0.0009,0.039,0.778,"20001211X12284_1;20001206X01452_1;20010223X00506_1;20030707X01027_1;20080911X01427_1"
TERRAIN_OR_OBSTACLE_PROXIMITY,ENGINE_FAILURE,9,0.0030,0.010,0.667,"20001207X03621_1;20041005X01571_1;20041022X01687_1;20150908X00229_1;19970725019649A"
THUNDERSTORM_OR_CONVECTIVE,INFLIGHT_FIRE_OR_SMOKE,9,0.0283,0.942,1.000,"20001213X27532_1;20001208X05708_1;20001208X06207_1;20030317X00344_1;20050623X00849_1"
LOSS_OF_CONTROL_INFLIGHT,INFLIGHT_FIRE_OR_SMOKE,9,0.0009,0.031,0.667,"20001211X11919_1;20001211X13374_1;20001212X22319_1;20040908X01360_1;20070824X01235_1"
CONTROL_INPUT_IMPROPER,LATENT_MECHANICAL_DEFECT,9,0.0003,0.002,0.778,"20001211X13539_1;20001207X04089_1;20001212X21191_1;20031113X01898_1;20170914X15802_1"
ALTITUDE_DEVIATION_UNCONTROLLED,STRUCTURAL_OVERLOAD,9,0.0080,0.333,1.000,"20001206X02002_1;20001208X07722_1;20001208X07083_1;20001212X19310_1;20100720X11641_1"
OTHER_SYSTEM_FAILURE,FUEL_CONTAMINATION,9,0.0025,0.126,0.889,"20001213X25244_1;20001212X17359_1;20001212X18899_1;20010918X01958_1;20040423X00503_1"
DARK_NIGHT_OR_LOW_LIGHT,PILOT_INCAPACITATION_OR_IMPAIRMENT,9,0.0038,0.162,0.111,"20001207X02847_1;20001208X05125_1;20001206X02784_1;20001212X19853_1;20111202X83549_1"
PERCEPTION_FAILURE,FUEL_CONTAMINATION,9,0.0010,0.049,0.667,"20001207X05003_1;20001212X24100_1;20001212X20941_1;20020918X05172_1;20130409X22215_1"
PERCEPTION_FAILURE,GROUND_PERSONNEL_ERROR,9,0.0010,0.045,0.667,"20001208X05398_1;20001208X07159_1;20001212X16617_1;20001211X09452_1;20081113X44221_1"
DECISION_INAPPROPRIATE,INSTRUMENT_OR_AVIONICS_FAILURE,9,0.0004,0.029,0.556,"20001211X10074_1;20001213X27252_1;20001208X06002_1;20001211X10355_1;20001228X45495_1"
ADVERSE_WIND_CONDITION,CREW_COORDINATION_FAILURE,9,0.0010,0.030,0.000,"20001211X12932_1;20001211X11508_1;20080506X00619_1;20120613X23202_1;20150617X55451_1"
GROUND_PERSONNEL_ERROR,ENGINE_FAILURE,9,0.0075,0.025,0.778,"20001211X10133_1;20060622X00799_1;20100921X95939_1;19950226002529A;19980821021479A"
LATENT_MECHANICAL_DEFECT,PILOT_FATIGUE_OR_PHYSIOLOGICAL_STATE,9,0.0011,0.032,0.556,"20001212X17684_1;20021126X05532_1;20030729X01215_1;20040602X00715_1;20080502X00582_1"
HIGH_DENSITY_ALTITUDE,FUEL_SYSTEM_ANOMALY,9,0.0066,0.219,0.556,"20001211X09777_1;20030701X00987_1;20040830X01320_1;20060510X00541_1;20080908X01410_1"
CONTROL_SURFACE_ANOMALY,INFLIGHT_FIRE_OR_SMOKE,8,0.0044,0.147,0.875,"20001207X04119_1;20001204X00001_1;20100830X12502_1;20120527X25257_1;20140714X45633_1"
TURBULENCE_ENCOUNTER,FUEL_SYSTEM_ANOMALY,8,0.0054,0.182,0.500,"20001208X06409_1;20001211X12960_1;20001205X00322_1;20090909X63843_1;20120303X93401_1"
FUEL_SYSTEM_ANOMALY,AIRFRAME_STRUCTURAL_FAILURE,8,0.0048,0.098,1.000,"20001208X06682_1;20001208X06542_1;20001208X06379_1;20001212X22087_1;20120529X42418_1"
ATC_OR_DISPATCH_INADEQUATE,WIND_SHEAR_OR_GUST,8,0.0225,0.573,0.500,"20001213X32645_1;20001211X13558_1;20001204X00105_1;20001212X19397_1;20021113X05467_1"
OTHER_SYSTEM_FAILURE,CREW_COORDINATION_FAILURE,8,0.0022,0.064,0.125,"20001211X13367_1;20001206X00899_1;20001208X08834_1;20001208X07740_1;20040421X00487_1"
LANDING_GEAR_ANOMALY,STALL,8,0.0019,0.016,0.250,"20001211X12363_1;20001213X29589_1;20001206X02065_1;20030425X00565_1;20150422X94017_1"
MAINTENANCE_INADEQUATE,GROUND_PERSONNEL_ERROR,8,0.0014,0.066,0.250,"20001207X04970_1;20001211X11709_1;20001207X04545_1;20001211X11362_1;20001212X20164_1"
AUTOMATION_ANOMALY,ALTITUDE_DEVIATION_UNCONTROLLED,8,0.0192,0.954,0.750,"20001208X05372_1;20140128X51154_1;20001206X01590_1;20210311102742_2;20250124199591_1"
LANDING_GEAR_ANOMALY,ENGINE_FAILURE,8,0.0019,0.006,0.875,"20001208X07148_1;20001213X27318_1;20001212X20429_1;20120514X33812_1;20001206X02634_1"
MAINTENANCE_INADEQUATE,PILOT_INCAPACITATION_OR_IMPAIRMENT,8,0.0014,0.060,0.500,"20001208X09271_1;20001211X12130_1;20001208X08663_1;20140416X05021_1;19971206037489A"
FUEL_CONTAMINATION,INFLIGHT_FIRE_OR_SMOKE,8,0.0073,0.243,1.000,"20001211X12595_1;20001213X25244_1;20001211X10390_1;20020104X00037_1;20040316X00326_1"
ENGINE_FAILURE,INSTRUMENT_OR_AVIONICS_FAILURE,8,0.0005,0.035,0.375,"20001211X13129_1;20001214X39848_1;20030716X01113_1;20040708X00934_1;20250124199593_1"
CONTROL_INPUT_IMPROPER,CARBURETOR_OR_INDUCTION_ICING,8,0.0003,0.011,1.000,"20001211X13736_1;20001211X12171_1;20001208X06312_1;20060602X00671_1;20080129X00116_1"
ADVERSE_WIND_CONDITION,LOW_ALTITUDE_OPERATION,8,0.0009,0.037,0.625,"20001208X05562_1;20001211X13176_1;20030625X00957_1;20090817X40134_1;20101106X52124_1"
PERCEPTION_FAILURE,TURBULENCE_ENCOUNTER,8,0.0009,0.033,0.375,"20001208X08364_1;20001212X21365_1;20050624X00869_1;20020917X05047_1;20100724X22559_1"
PILOT_FATIGUE_OR_PHYSIOLOGICAL_STATE,GROUND_PERSONNEL_ERROR,8,0.0043,0.198,0.375,"20001208X06869_1;20010904X01867_1;20050609X00744_1;20120105X34138_1;20200715X05525_1"
TERRAIN_OR_OBSTACLE_PROXIMITY,OTHER_SYSTEM_FAILURE,8,0.0026,0.040,0.875,"20001211X09681_1;20020306X00310_1;20051109X01820_1;20110622X83304_1;20011013036769A"
BIRD_OR_WILDLIFE_STRIKE,INFLIGHT_FIRE_OR_SMOKE,8,0.0117,0.388,1.000,"20001211X09437_1;20001211X11050_1;20080414X00465_1;20180318X34350_1;20210415102920_1"
AUTOMATION_ANOMALY,LANDING_GEAR_ANOMALY,8,0.0192,0.249,1.000,"20001206X00649_1;20001212X20536_1;20080613X00852_1;20081113X34615_1;20101202X23228_1"
TURBULENCE_ENCOUNTER,CONTROL_SURFACE_ANOMALY,8,0.0054,0.168,0.750,"20001207X03137_1;20001212X22170_1;20010416X00756_1;20030903X01437_1;20080909X01419_1"
FUEL_CONTAMINATION,CONTROL_INPUT_IMPROPER,8,0.0073,0.015,0.500,"20001208X06029_1;20001208X07462_1;20030224X00255_1;20051125X01889_1;20170821X00956_1"
CREW_COORDINATION_FAILURE,STRUCTURAL_OVERLOAD,8,0.0042,0.174,0.125,"20001211X09466_1;20001213X29505_1;20011119X02261_1;20101110X21415_1;20120821X91537_1"
LOW_ALTITUDE_OPERATION,TURBULENCE_ENCOUNTER,8,0.0059,0.223,0.000,"20001213X27765_1;20010731X01564_1;20040414X00467_1;20050617X00803_1;20070829X01267_1"
LATENT_MECHANICAL_DEFECT,AIRCRAFT_WEIGHT_OR_BALANCE_OUT_OF_LIMITS,8,0.0010,0.052,0.875,"20001206X01618_1;20091001X40750_1;20090930X21219_1;20001206X00946_1;20220606105199_1"
OTHER_SYSTEM_FAILURE,GROUND_PERSONNEL_ERROR,8,0.0022,0.102,0.375,"20001208X06102_1;20010507X00887_1;20171003X23920_1;20030603012019I;20020610011909I"
ORG_OR_REGULATORY_INADEQUATE,FUEL_EXHAUSTION_OR_STARVATION,8,0.0097,0.100,0.250,"20001208X08508_1;20001212X19221_1;20001212X21345_1;20021024X05376_1;20050705X00925_1"
TURBULENCE_ENCOUNTER,WIND_SHEAR_OR_GUST,8,0.0054,0.139,0.875,"20001211X11292_1;20010502X00853_1;20020621X00951_1;20090622X50829_1;20110218X13630_1"
TERRAIN_OR_OBSTACLE_PROXIMITY,TURBULENCE_ENCOUNTER,8,0.0026,0.100,0.625,"20001211X11172_1;20001211X11433_1;20001212X21341_1;20001212X21189_1;20020926X05223_1"
RUNWAY_CONDITION_HAZARD,WIND_SHEAR_OR_GUST,8,0.0018,0.047,0.625,"20001212X19036_1;20041129X01878_1;20120613X31642_1;20130918X95121_1;20140930X05706_1"
AIRFRAME_STRUCTURAL_FAILURE,PILOT_INCAPACITATION_OR_IMPAIRMENT,8,0.0029,0.124,0.875,"20030827X01416_1;20050930X01555_1;20070829X01271_1;20161206X34431_1;19960830028299A"
THUNDERSTORM_OR_CONVECTIVE,ICING_ENCOUNTER,8,0.0252,3.134,1.000,"20041018X01642_1;20080714X01038_1;20110615X75017_1;20120517X93252_1;20150526X21408_1"
DARK_NIGHT_OR_LOW_LIGHT,LOW_VISIBILITY_OR_IMC,8,0.0034,0.073,0.250,"20060505X00515_1;20060502X00495_1;20130909X93855_1;20211102104196_1;19981102031169A"
CONTROL_SURFACE_ANOMALY,STRUCTURAL_OVERLOAD,8,0.0044,0.185,0.875,"20070207X00148_1;20100830X12502_1;20230817192891_1;19971027030999A;19980606012499A"
ADVERSE_WIND_CONDITION,INFLIGHT_FIRE_OR_SMOKE,7,0.0008,0.027,0.286,"20001211X09388_1;20001206X01565_1;20010608X01124_1;20020703X01052_1;20020826X01454_1"
OTHER_SYSTEM_FAILURE,SPATIAL_DISORIENTATION,7,0.0019,0.115,0.857,"20001211X13817_1;20001206X02553_1;20001211X13691_1;20001208X06429_1;20010208X00421_1"
MOUNTAINOUS_OR_RISING_TERRAIN,LOW_ALTITUDE_OPERATION,7,0.0027,0.109,0.000,"20001206X01656_1;20030609X00824_1;20040401X00411_1;20061107X01621_1;20140720X30534_1"
LOSS_OF_CONTROL_INFLIGHT,LANDING_GEAR_ANOMALY,7,0.0007,0.009,1.000,"20001207X03858_1;20001206X01308_1;20001208X06006_1;20001212X20962_1;20040421X00493_1"
DECISION_INAPPROPRIATE,GROUND_PERSONNEL_ERROR,7,0.0003,0.015,0.714,"20001207X02821_1;20001212X19500_1;20001212X22066_1;20010216X00462_1;20101124X20432_1"
LATENT_MECHANICAL_DEFECT,ALTITUDE_DEVIATION_UNCONTROLLED,7,0.0008,0.042,0.429,"20001207X03222_1;20001208X07262_1;20001207X04502_1;20001207X02979_1;20010912X01919_1"
UNSUITABLE_TERRAIN_FOR_FORCED_LANDING,STRUCTURAL_OVERLOAD,7,0.0036,0.151,0.571,"20001207X03859_1;20001211X12572_1;20001211X12406_1;20001208X06242_1;20010710X01352_1"
FUEL_CONTAMINATION,OTHER_SYSTEM_FAILURE,7,0.0064,0.098,0.857,"20001208X05354_1;20001211X12866_1;20020311X00328_1;20080913X01448_1;20100828X35121_1"
DESIGN_DEFECT_LATENT,ORG_OR_REGULATORY_INADEQUATE,7,0.0090,0.613,0.000,"20001208X08789_1;20001211X09961_1;20001212X20234_1;20101216X13836_1;20180604X00158_1"
LOW_VISIBILITY_OR_IMC,RUNWAY_CONDITION_HAZARD,7,0.0027,0.034,0.857,"20001208X09132_1;20001213X28783_1;20001208X07106_1;20001208X09241_1;20050527X00685_1"
GROUND_PERSONNEL_ERROR,MAINTENANCE_INADEQUATE,7,0.0058,0.058,0.429,"20001206X00861_1;20001211X11283_1;20170320X00003_1;20010522012019I;20011003031879A"
AIRCRAFT_WEIGHT_OR_BALANCE_OUT_OF_LIMITS,AIRFRAME_STRUCTURAL_FAILURE,7,0.0068,0.139,0.714,"20001206X02584_1;20001207X04061_1;20001206X01618_1;20001212X21381_1;20050930X01555_1"
ICING_ENCOUNTER,LATENT_MECHANICAL_DEFECT,7,0.0156,0.104,1.000,"20001207X04212_1;20001211X14270_1;20001211X11684_1;20001212X19900_1;20050127X00111_1"
PERCEPTION_FAILURE,PILOT_INCAPACITATION_OR_IMPAIRMENT,7,0.0008,0.032,0.571,"20001213X29775_1;20001212X20411_1;20010730X01555_1;20080922X01510_1;20190102X34406_1"
MOUNTAINOUS_OR_RISING_TERRAIN,UNSUITABLE_TERRAIN_FOR_FORCED_LANDING,7,0.0027,0.077,0.571,"20001211X11828_1;20001211X14319_1;20001206X01781_1;20001212X19491_1;20020401X00433_1"
SPATIAL_DISORIENTATION,STALL,7,0.0075,0.063,1.000,"20001211X12127_1;20001208X07901_1;20001212X19612_1;20001212X20344_1;20090316X84733_1"
WIND_SHEAR_OR_GUST,ADVERSE_WIND_CONDITION,7,0.0032,0.020,1.000,"20001211X12625_1;20001212X20900_1;20020830X01493_1;20020904X01511_1;20140416X62828_1"
DESIGN_DEFECT_LATENT,LOSS_OF_CONTROL_GROUND,7,0.0090,0.059,0.429,"20001208X08386_1;20001208X06283_1;20001208X08667_1;20011105X02192_1;20040602X00711_1"
PROCEDURE_NOT_FOLLOWED,UNSUITABLE_TERRAIN_FOR_FORCED_LANDING,7,0.0004,0.012,0.286,"20001208X08838_1;20001212X18826_1;20030404X00439_1;20051123X01878_1;20060906X01305_1"
INFLIGHT_FIRE_OR_SMOKE,LANDING_GEAR_ANOMALY,7,0.0042,0.054,0.714,"20001211X09548_1;20021206X05574_1;20110509X45652_1;20110603X52158_1;20001207X03179_1"
STRUCTURAL_OVERLOAD,PROCEDURE_NOT_FOLLOWED,7,0.0052,0.018,0.429,"20001211X09432_1;20030214X00223_1;20050314X00308_1;20111013X51545_1;20110928021339A"
GROUND_PERSONNEL_ERROR,INSTRUMENT_OR_AVIONICS_FAILURE,7,0.0058,0.414,0.571,"20001213X33576_1;20001208X08235_1;20001207X02915_1;20001212X21190_1;20010612X01155_1"
OTHER_SYSTEM_FAILURE,STRUCTURAL_OVERLOAD,7,0.0019,0.080,1.000,"20001208X05582_1;20090821X70912_1;20120904X75224_1;20231213193520_1;20250827200883_1"
HIGH_DENSITY_ALTITUDE,PILOT_INCAPACITATION_OR_IMPAIRMENT,7,0.0051,0.216,0.429,"20001211X12655_1;20040722X01026_1;20120419X51642_1;20140802X00529_1;20010226004049A"
AIRFRAME_STRUCTURAL_FAILURE,BIRD_OR_WILDLIFE_STRIKE,7,0.0026,0.209,0.714,"20001208X06274_1;20001212X22178_1;20040325X00373_1;20080715X01043_1;19980324007959I"
HIGH_DENSITY_ALTITUDE,STRUCTURAL_OVERLOAD,7,0.0051,0.213,0.429,"20001208X07083_1;20001212X18985_1;20070508X00532_1;20080611X00830_1;20100505X41858_1"
INSTRUMENT_OR_AVIONICS_FAILURE,OTHER_SYSTEM_FAILURE,7,0.0089,0.136,0.857,"20001211X15760_1;20071005X01521_1;20130520X11307_1;20000314006579A;20040808019099I"
ORG_OR_REGULATORY_INADEQUATE,DESIGN_DEFECT_LATENT,7,0.0085,0.613,1.000,"20001211X13890_1;20001208X06614_1;20001212X19128_1;20041209X01962_1;20060908X01321_1"
PROCEDURE_NOT_FOLLOWED,ICING_ENCOUNTER,7,0.0004,0.053,0.429,"20001213X32771_1;20020917X01907_1;20170301X20646_1;20050201X00121_1;20260126202338_1"
MAINTENANCE_INADEQUATE,LOSS_OF_CONTROL_INFLIGHT,7,0.0012,0.007,0.571,"20001208X07118_1;20001211X10903_1;20150714X05416_1;20160523X94413_1;20000803013649A"
RUNWAY_CONDITION_HAZARD,BIRD_OR_WILDLIFE_STRIKE,7,0.0016,0.130,0.429,"20001208X08027_1;20030714X01100_1;20031202X01973_1;20040907X01354_1;20070313X00281_1"
LANDING_GEAR_ANOMALY,LATENT_MECHANICAL_DEFECT,7,0.0016,0.011,0.714,"20001208X06358_1;20020410X00485_1;20030814X01329_1;20100823X51544_1;19990721022789I"
DECISION_INAPPROPRIATE,AUTOMATION_ANOMALY,7,0.0003,0.043,0.571,"20001211X10794_1;20080703X00974_1;20210518103104_1;19971125044049I;19980803038289A"
FUEL_SYSTEM_ANOMALY,LOSS_OF_CONTROL_GROUND,7,0.0042,0.027,0.857,"20030711X01074_1;20050803X01150_1;20230728192734_1;19990212013949A;20041205032509A"
AUTOMATION_ANOMALY,STRUCTURAL_OVERLOAD,7,0.0168,0.702,0.857,"20130406X70217_1;20141031X74653_1;20160701X62525_1;20060327X00352_1;19960713025819A"
INFLIGHT_FIRE_OR_SMOKE,CREW_COORDINATION_FAILURE,7,0.0042,0.121,0.143,"20161028X72837_1;20191210X12113_1;20250301199780_1;19970511026849A;20030623015869A"
DESIGN_DEFECT_LATENT,AIRCRAFT_WEIGHT_OR_BALANCE_OUT_OF_LIMITS,6,0.0078,0.420,0.500,"20001211X13279_1;20001207X05054_1;20001208X06614_1;20001212X21116_1;19990323002599A"
BIRD_OR_WILDLIFE_STRIKE,LATENT_MECHANICAL_DEFECT,6,0.0087,0.059,1.000,"20001207X04119_1;20060720X00975_1;20140527X40952_1;20140916X85937_1;20171128X34858_1"
WIND_SHEAR_OR_GUST,LANDING_GEAR_ANOMALY,6,0.0027,0.035,0.333,"20001207X04407_1;20020618X00921_1;20050426X00503_1;20131020021939I;20150421006889A"
CONTROL_SURFACE_ANOMALY,PILOT_INCAPACITATION_OR_IMPAIRMENT,6,0.0033,0.140,1.000,"20001206X00836_1;20001212X19893_1;20050817X01262_1;20060221X00214_1;20110128X93200_1"
INFLIGHT_FIRE_OR_SMOKE,STRUCTURAL_OVERLOAD,6,0.0036,0.149,0.500,"20001206X02374_1;20001206X01451_1;20001211X13085_1;20001207X04994_1;20001208X09332_1"
CONTROL_INPUT_IMPROPER,GROUND_PERSONNEL_ERROR,6,0.0002,0.010,0.500,"20001211X10232_1;20170328X60448_1;20051130X01912_1;20070130X00115_1;20211113021619I"
ATC_OR_DISPATCH_INADEQUATE,TERRAIN_OR_OBSTACLE_PROXIMITY,6,0.0169,0.311,0.833,"20001211X15793_1;20110518X94643_1;20101210X92343_1;20160418X44917_1;19960621046339A"
STALL,ALTITUDE_DEVIATION_UNCONTROLLED,6,0.0009,0.045,1.000,"20001206X02393_1;20001208X06378_1;20020726X01233_1;20021022X05366_1;20080422X00531_1"
THUNDERSTORM_OR_CONVECTIVE,PROCEDURE_NOT_FOLLOWED,6,0.0189,0.064,0.333,"20001207X03670_1;20030624X00945_1;20050818X01276_1;20140409X53710_1;20180725X32722_1"
ICING_ENCOUNTER,FUEL_CONTAMINATION,6,0.0134,0.681,1.000,"20001207X04838_1;20001208X07462_1;20021202X05546_1;20030224X00255_1;20040220X00211_1"
FUEL_CONTAMINATION,STALL,6,0.0055,0.046,0.000,"20001207X04838_1;20021202X05546_1;20040220X00211_1;20040312X00320_1;20120428X12401_1"
LOW_VISIBILITY_OR_IMC,WIND_SHEAR_OR_GUST,6,0.0023,0.059,0.833,"20001207X04827_1;20001212X22401_1;20001208X09111_1;20001211X11292_1;20060228X00253_1"
CONTROL_SURFACE_ANOMALY,INSTRUMENT_OR_AVIONICS_FAILURE,6,0.0033,0.236,0.667,"20001208X07387_1;20010205X00392_1;20031023X01800_1;20101220X51922_1;20201002022289A"
AIRFRAME_STRUCTURAL_FAILURE,INSTRUMENT_OR_AVIONICS_FAILURE,6,0.0022,0.157,1.000,"20001208X09144_1;20001212X19799_1;20070223X00216_1;20240907195075_1;19980507014849A"
MAINTENANCE_INADEQUATE,STALL,6,0.0011,0.009,0.000,"20001212X16303_1;20001211X11219_1;20010801X01579_1;20010620X01218_1;20080115X00050_1"
THUNDERSTORM_OR_CONVECTIVE,AIRFRAME_STRUCTURAL_FAILURE,6,0.0189,0.387,1.000,"20001206X02424_1;20001208X06517_1;19960830028299A;20150414008269I;20170404006429A"
TURBULENCE_ENCOUNTER,OTHER_SYSTEM_FAILURE,6,0.0041,0.062,0.667,"20001206X02434_1;20001208X05584_1;20001212X20564_1;20070824X01241_1;20110329X33129_1"
FUEL_CONTAMINATION,CARBURETOR_OR_INDUCTION_ICING,6,0.0055,0.210,0.667,"20001207X02962_1;20030114X00065_1;20140124X91020_1;20021204032749A;20051219033469I"
PERCEPTION_FAILURE,PILOT_FATIGUE_OR_PHYSIOLOGICAL_STATE,6,0.0006,0.019,0.333,"20001207X03287_1;20071011X01557_1;20140109X02143_1;20171201X94959_1;20180705X71012_1"
AUTOMATION_ANOMALY,CREW_COORDINATION_FAILURE,6,0.0144,0.420,0.833,"20001206X02432_1;20030410X00480_1;20210203102590_1;20120815020589I;20240906020911A"
FUEL_EXHAUSTION_OR_STARVATION,OTHER_SYSTEM_FAILURE,6,0.0011,0.017,1.000,"20001208X06488_1;20060817X01208_1;20100320X93357_1;20180923X81013_1;20190605X04640_1"
LOW_VISIBILITY_OR_IMC,GROUND_PERSONNEL_ERROR,6,0.0023,0.107,0.167,"20001208X05414_1;20051018X01675_1;20060126X00127_1;20060522X00602_1;20121218X11015_1"
LATENT_MECHANICAL_DEFECT,BIRD_OR_WILDLIFE_STRIKE,6,0.0007,0.059,1.000,"20001211X13885_1;20001208X09227_1;20030310X00302_1;20161012X62544_1;20200604X90229_1"
HIGH_DENSITY_ALTITUDE,WIND_SHEAR_OR_GUST,6,0.0044,0.111,0.000,"20001206X02091_1;20001212X18979_1;20031020X01772_1;20051019X01687_1;19990601006239A"
HIGH_DENSITY_ALTITUDE,OTHER_SYSTEM_FAILURE,6,0.0044,0.067,0.333,"20001206X02283_1;20031006X01660_1;20120521X31148_1;20190528X74808_1;20190914X53757_1"
HIGH_DENSITY_ALTITUDE,TURBULENCE_ENCOUNTER,6,0.0044,0.166,0.000,"20001206X02283_1;20001212X19024_1;20070730X01058_1;20001212X21340_1;20190614X14254_1"
FUEL_SYSTEM_ANOMALY,OTHER_SYSTEM_FAILURE,6,0.0036,0.055,1.000,"20001208X07951_1;20001208X05294_1;20001212X19128_1;20010818X01724_1;20050906X01382_1"
LOW_ALTITUDE_OPERATION,OTHER_SYSTEM_FAILURE,6,0.0044,0.067,0.500,"20001211X10374_1;20100329X61731_1;20120726X21248_1;20200705X55450_1;20240320193969_1"
STALL,ENGINE_FAILURE,6,0.0009,0.003,0.500,"20001213X28366_1;20020815X01397_1;20130820X12942_1;19990415003569A;20120906029139A"
STRUCTURAL_OVERLOAD,DECISION_INAPPROPRIATE,6,0.0045,0.011,0.333,"20001211X09733_1;20001208X07816_1;20090615X70044_1;20001212X19476_1;20230817192891_1"
STALL,PILOT_INCAPACITATION_OR_IMPAIRMENT,6,0.0009,0.038,0.667,"20001206X00992_1;20070910X01351_1;20080922X01510_1;20221006106080_1;20170920021779A"
LOW_ALTITUDE_OPERATION,BIRD_OR_WILDLIFE_STRIKE,6,0.0044,0.358,0.167,"20001211X10149_1;20001212X19414_1;20150922X33847_1;20240121193686_1;20211010016261A"
ICING_ENCOUNTER,LOW_VISIBILITY_OR_IMC,6,0.0134,0.287,0.833,"20001207X05071_1;20001212X20213_1;20010214X00452_1;20230124106625_1;19990110004629A"
FUEL_EXHAUSTION_OR_STARVATION,STALL,6,0.0011,0.009,0.167,"20001208X07617_1;20001211X10797_1;20030725X01196_1;20120912X50304_1;20170113X00618_1"
ADVERSE_WIND_CONDITION,FUEL_SYSTEM_ANOMALY,6,0.0007,0.023,0.667,"20001206X01875_1;20001204X00065_1;20040624X00865_1;20060802X01075_1;20190820X51214_1"
MOUNTAINOUS_OR_RISING_TERRAIN,ADVERSE_WIND_CONDITION,6,0.0023,0.015,1.000,"20001208X08505_1;20001212X19667_1;20020806X01309_1;20110201X24226_1;20130423X65502_1"
WIND_SHEAR_OR_GUST,OTHER_SYSTEM_FAILURE,6,0.0027,0.042,0.667,"20001211X11333_1;20001212X19550_1;20001212X21768_1;20041006X01581_1;20081217X81906_1"
ADVERSE_WIND_CONDITION,FUEL_CONTAMINATION,6,0.0007,0.035,0.667,"20001211X11462_1;20010327X00651_1;20020918X05172_1;20041004X01557_1;20050720X01064_1"
ORG_OR_REGULATORY_INADEQUATE,ENGINE_FAILURE,6,0.0073,0.025,0.167,"20001212X18679_1;20001212X20587_1;20011004X02035_1;20160307X01829_1;20210617103279_1"
FUEL_SYSTEM_ANOMALY,CONTROL_SURFACE_ANOMALY,6,0.0036,0.111,1.000,"20001212X21327_1;20001212X21737_1;20081003X63358_1;20110315X92250_1;20110710X70735_1"
AUTOMATION_ANOMALY,OTHER_SYSTEM_FAILURE,6,0.0144,0.221,1.000,"20010316X00598_1;20090505X75616_1;20081008X50538_1;20191018X02019_1;20230630192490_1"
WIND_SHEAR_OR_GUST,CONTROL_SURFACE_ANOMALY,6,0.0027,0.085,0.833,"20030102X00001_1;20050510X00585_1;20080411X00456_1;20071205X01904_1;20120703X93512_1"
PERCEPTION_FAILURE,INSTRUMENT_OR_AVIONICS_FAILURE,6,0.0006,0.046,1.000,"20031007X01673_1;20090608X62124_1;20140902X02240_1;20170404X81707_1;19961115035819A"
PILOT_FATIGUE_OR_PHYSIOLOGICAL_STATE,ENGINE_FAILURE,6,0.0032,0.011,0.167,"20070909X01341_1;20091023X21225_1;20120614X65421_1;20141004X50155_1;20230213106726_1"
PERCEPTION_FAILURE,INFLIGHT_FIRE_OR_SMOKE,6,0.0006,0.021,0.500,"20090211X11052_1;20160120X82009_1;20001212X20177_1;20191019X04853_1;20021205033419A"
BIRD_OR_WILDLIFE_STRIKE,INSTRUMENT_OR_AVIONICS_FAILURE,6,0.0087,0.622,0.833,"20100811X20501_1;20101116X51712_1;20101220X83336_1;20120224X25922_1;20120802X03552_1"
HIGH_DENSITY_ALTITUDE,LANDING_GEAR_ANOMALY,5,0.0036,0.047,1.000,"20001211X12271_1;20001208X07771_1;20001212X22035_1;20011213X02395_1;20011026X02153_1"
CARBURETOR_OR_INDUCTION_ICING,OTHER_SYSTEM_FAILURE,5,0.0034,0.053,1.000,"20001211X13676_1;20001207X03024_1;20041201X01900_1;20161129X63442_1;20190503X62340_1"
MAINTENANCE_INADEQUATE,DESIGN_DEFECT_LATENT,5,0.0009,0.064,0.800,"20001206X01646_1;20001208X07675_1;20030714X01097_1;20060715X00947_1;20120515X13641_1"
MOUNTAINOUS_OR_RISING_TERRAIN,RUNWAY_CONDITION_HAZARD,5,0.0019,0.024,0.200,"20001206X02674_1;20001208X05899_1;20001206X00825_1;20011218X02417_1;20061115X01678_1"
AIRCRAFT_WEIGHT_OR_BALANCE_OUT_OF_LIMITS,TERRAIN_OR_OBSTACLE_PROXIMITY,5,0.0048,0.089,0.200,"20001206X02674_1;20001206X01681_1;20001206X01850_1;20001211X11003_1;20030610X00830_1"
CREW_COORDINATION_FAILURE,AIRCRAFT_WEIGHT_OR_BALANCE_OUT_OF_LIMITS,5,0.0026,0.141,0.600,"20001207X04416_1;20001213X28718_1;20031017X01764_1;20200825X23153_1;19980110000179A"
CREW_COORDINATION_FAILURE,FUEL_SYSTEM_ANOMALY,5,0.0026,0.087,0.400,"20001207X04135_1;20001207X03419_1;20001213X28755_1;20001211X11611_1;20200801X13330_1"
CREW_COORDINATION_FAILURE,OTHER_SYSTEM_FAILURE,5,0.0026,0.040,0.600,"20001206X01035_1;20001207X02869_1;20001208X05238_1;20001208X05396_1;20101227X72734_1"
PILOT_INCAPACITATION_OR_IMPAIRMENT,STRUCTURAL_OVERLOAD,5,0.0038,0.158,0.800,"20001208X07857_1;20001208X06521_1;20001212X20261_1;20020919X05182_1;20120618X13514_1"
DECISION_INAPPROPRIATE,HIGH_DENSITY_ALTITUDE,5,0.0002,0.009,0.400,"20001208X08062_1;20001207X04694_1;20001208X07793_1;20011026X02153_1;20220125104555_1"
LOW_VISIBILITY_OR_IMC,INSTRUMENT_OR_AVIONICS_FAILURE,5,0.0019,0.137,0.800,"20001213X29893_1;20001211X13974_1;20001208X08853_1;20020604X00806_1;20230511139292_1"
LOW_ALTITUDE_OPERATION,UNSUITABLE_TERRAIN_FOR_FORCED_LANDING,5,0.0037,0.106,0.600,"20001211X09804_1;20001211X10722_1;20030728X01207_1;20070625X00788_1;20070927X01466_1"
LATENT_MECHANICAL_DEFECT,ORG_OR_REGULATORY_INADEQUATE,5,0.0006,0.041,0.200,"20001214X35623_1;20001208X06262_1;20001212X21284_1;20050825X01313_1;20150917X83014_1"
FUEL_SYSTEM_ANOMALY,INSTRUMENT_OR_AVIONICS_FAILURE,5,0.0030,0.213,1.000,"20001206X01978_1;20140608X03928_1;20180919X15343_1;20240730194806_1;20240726016079A"
THUNDERSTORM_OR_CONVECTIVE,ENGINE_FAILURE,5,0.0157,0.054,0.600,"20001211X12829_1;20001212X22923_1;20001213X25693_1;20071205X01902_1;20130319X13127_1"
PROCEDURE_NOT_FOLLOWED,DARK_NIGHT_OR_LOW_LIGHT,5,0.0003,0.007,1.000,"20001206X01996_1;20001207X02997_1;20001211X11007_1;20070402X00350_1;19980925037739A"
DESIGN_DEFECT_LATENT,PILOT_INCAPACITATION_OR_IMPAIRMENT,5,0.0065,0.273,0.200,"20001206X02231_1;20141031X74653_1;ASR-18-01;20001004015839A;20000808008239A"
TURBULENCE_ENCOUNTER,SPATIAL_DISORIENTATION,5,0.0034,0.203,0.400,"20001207X02931_1;20090803X00319_1;20130112X22759_1;20200319X90956_1;20220109104504_1"
ORG_OR_REGULATORY_INADEQUATE,AIRFRAME_STRUCTURAL_FAILURE,5,0.0061,0.124,0.000,"20001207X04439_1;20001211X11632_1;20051109X01811_1;20181015X10844_1;20240117193675_1"
INFLIGHT_FIRE_OR_SMOKE,FUEL_SYSTEM_ANOMALY,5,0.0030,0.099,1.000,"20001208X05705_1;20001206X01299_1;20001212X18674_1;20070703X00860_1;20230831192973_1"
DECISION_INAPPROPRIATE,TRAINING_OR_CURRENCY_GAP,5,0.0002,0.012,0.600,"20001208X05380_1;20050511X00594_1;20090720X94044_1;20130102X72037_1;20160623X91927_1"
PILOT_INCAPACITATION_OR_IMPAIRMENT,LANDING_GEAR_ANOMALY,5,0.0038,0.049,0.600,"20001208X08821_1;20001212X20429_1;20001212X21163_1;20001212X21670_1;20000209004379A"
ALTITUDE_DEVIATION_UNCONTROLLED,CREW_COORDINATION_FAILURE,5,0.0044,0.129,0.000,"20001211X12115_1;20001207X03183_1;20091022X74024_1;20001213X30626_1;20220125104554_1"
LANDING_GEAR_ANOMALY,FUEL_SYSTEM_ANOMALY,5,0.0012,0.039,1.000,"20001213X27548_1;20001207X03120_1;20001208X07528_1;20001213X28785_1;19990723009679A"
ORG_OR_REGULATORY_INADEQUATE,ADVERSE_WIND_CONDITION,5,0.0061,0.039,0.200,"20001213X30415_1;20001206X02765_1;20001212X19347_1;20011019X02117_1;20190808X43724_1"
INSTRUMENT_OR_AVIONICS_FAILURE,ALTITUDE_DEVIATION_UNCONTROLLED,5,0.0064,0.315,0.400,"20001211X13974_1;20001213X34976_1;20150505X85410_1;20170404X81707_1;19961115035819A"
OTHER_SYSTEM_FAILURE,TERRAIN_OR_OBSTACLE_PROXIMITY,5,0.0014,0.025,0.800,"20001207X02869_1;19951127042919I;20060910021669I;20251016018659A;20240826015929I"
LOW_VISIBILITY_OR_IMC,PILOT_INCAPACITATION_OR_IMPAIRMENT,5,0.0019,0.081,0.600,"20001208X05125_1;20140923X23047_1;20251229202220_1;20160114000189A;20251223019749A"
ENGINE_FAILURE,ADVERSE_WIND_CONDITION,5,0.0003,0.002,0.800,"20001207X03715_1;20001208X06052_1;20001205X00523_1;20001212X18730_1;20060920X01368_1"
LOW_VISIBILITY_OR_IMC,LOSS_OF_CONTROL_GROUND,5,0.0019,0.012,0.000,"20001208X06486_1;20021217X05615_1;20040426X00514_1;20011229035689A;20220815007859I"
PERCEPTION_FAILURE,LOW_ALTITUDE_OPERATION,5,0.0005,0.022,0.800,"20001208X07169_1;20001212X20166_1;20050525X00672_1;20010418010209A;20160930013799A"
DARK_NIGHT_OR_LOW_LIGHT,CREW_COORDINATION_FAILURE,5,0.0021,0.062,0.000,"20001208X08851_1;20001208X08000_1;20071120X01816_1;20190322X14036_1;19940106002379I"
AIRFRAME_STRUCTURAL_FAILURE,TURBULENCE_ENCOUNTER,5,0.0018,0.070,1.000,"20001211X10065_1;20001208X06579_1;20001211X11135_1;20010405X00701_1;20250311199832_1"
STALL,SPATIAL_DISORIENTATION,5,0.0008,0.045,1.000,"20001208X08868_1;20001208X06336_1;20050930X01559_1;20110523X90907_1;19980506008489A"
TERRAIN_OR_OBSTACLE_PROXIMITY,WIND_SHEAR_OR_GUST,5,0.0017,0.042,1.000,"20001211X13419_1;20030602X00750_1;20170910X00117_1;20180804X12805_1;20030222002109A"
CREW_COORDINATION_FAILURE,TERRAIN_OR_OBSTACLE_PROXIMITY,5,0.0026,0.048,0.200,"20001207X04306_1;20090916X35729_1;20150714X65632_1;19990427004129A;20200730011672A"
AUTOMATION_ANOMALY,AIRFRAME_STRUCTURAL_FAILURE,5,0.0120,0.246,0.600,"20001208X06542_1;20110930X81510_1;20130526X13738_1;20140613X25958_1;20150818X51118_1"
INSTRUMENT_OR_AVIONICS_FAILURE,CREW_COORDINATION_FAILURE,5,0.0064,0.185,0.400,"20001208X07083_1;20001212X20372_1;20100811X20501_1;20000128017959A;20060426008289I"
THUNDERSTORM_OR_CONVECTIVE,STRUCTURAL_OVERLOAD,5,0.0157,0.656,1.000,"20001206X01588_1;20120319X33240_1;20090827048779A;20151219021249A;20230507008449A"
THUNDERSTORM_OR_CONVECTIVE,ATC_OR_DISPATCH_INADEQUATE,5,0.0157,2.471,0.000,"20001208X07608_1;20050629X00895_1;20070716X00939_1;20140516X81837_1;20240805194848_1"
INFLIGHT_FIRE_OR_SMOKE,CONTROL_SURFACE_ANOMALY,5,0.0030,0.092,1.000,"20001211X13233_1;20001208X06082_1;20001204X00047_1;20001212X21434_1;20190509004259A"
CONTROL_INPUT_IMPROPER,AIRCRAFT_WEIGHT_OR_BALANCE_OUT_OF_LIMITS,5,0.0002,0.010,0.800,"20001211X13217_1;20010114X00299_1;20031017X01764_1;20111013X31821_1;19991216037679A"
CONTROL_SURFACE_ANOMALY,CREW_COORDINATION_FAILURE,5,0.0028,0.080,0.400,"20001208X05312_1;20001226X45487_1;20010830X01826_1;20020930X05250_1;20100801X85218_1"
AIRCRAFT_WEIGHT_OR_BALANCE_OUT_OF_LIMITS,PERCEPTION_FAILURE,5,0.0048,0.029,0.000,"20001208X06079_1;20001212X19154_1;20040712X00944_1;20210726103555_1;20000723007299A"
STALL,CONTROL_SURFACE_ANOMALY,5,0.0008,0.023,1.000,"20001208X06336_1;20240301193867_1;19980830032099A;20020609014979A;20170804010309A"
LANDING_GEAR_ANOMALY,LOSS_OF_CONTROL_INFLIGHT,5,0.0012,0.007,0.800,"20001211X10846_1;20001211X10602_1;20001211X11386_1;20070717X00950_1;20071106X01732_1"
PROCEDURE_NOT_FOLLOWED,LOW_VISIBILITY_OR_IMC,5,0.0003,0.007,1.000,"20001205X00382_1;20010105X00028_1;20100409X20147_1;19990412047619A;20000921008299A"
PROCEDURE_NOT_FOLLOWED,MAINTENANCE_INADEQUATE,5,0.0003,0.003,0.600,"20001212X19025_1;20011121X02276_1;20030731X01239_1;20180604X94939_1;20170126004229A"
FUEL_EXHAUSTION_OR_STARVATION,LANDING_GEAR_ANOMALY,5,0.0009,0.012,1.000,"20001212X19324_1;20130617X25112_1;20210321102790_1;20221227106498_1;20240919195144_1"
INSTRUMENT_OR_AVIONICS_FAILURE,FUEL_SYSTEM_ANOMALY,5,0.0064,0.213,1.000,"20001212X20175_1;20090610X65600_1;20190530X80613_1;19970126000839A;20120312004029I"
ADVERSE_WIND_CONDITION,AIRFRAME_STRUCTURAL_FAILURE,5,0.0006,0.012,0.400,"20001212X21086_1;20081003X62958_1;20171217X13040_1;19950722019209I;20111010024149I"
AIRCRAFT_WEIGHT_OR_BALANCE_OUT_OF_LIMITS,PILOT_INCAPACITATION_OR_IMPAIRMENT,5,0.0048,0.205,0.400,"20001212X21944_1;20061220X01816_1;20220825105795_1;19991106036959A;20000808008239A"
PILOT_FATIGUE_OR_PHYSIOLOGICAL_STATE,FUEL_EXHAUSTION_OR_STARVATION,5,0.0027,0.028,0.200,"20010308X00569_1;20040427X00517_1;20051116X01849_1;19980524010629A;20180530013699I"
PILOT_INCAPACITATION_OR_IMPAIRMENT,OTHER_SYSTEM_FAILURE,5,0.0038,0.058,1.000,"20010815X01688_1;20040611X00786_1;20171107X44514_1;20030105000059I;20240404009609I"
CREW_COORDINATION_FAILURE,AIRFRAME_STRUCTURAL_FAILURE,5,0.0026,0.053,0.800,"20040212X00187_1;20071029X01673_1;20160328X33033_1;20010223001669A;20121013023652A"
OTHER_SYSTEM_FAILURE,LOW_VISIBILITY_OR_IMC,5,0.0014,0.029,1.000,"20040608X00764_1;20040826X01290_1;20060628X00846_1;20101101X52514_1;20001206X01346_1"
MAINTENANCE_INADEQUATE,STRUCTURAL_OVERLOAD,5,0.0009,0.037,0.200,"20050602X00709_1;20121130X74908_1;20170109X24157_1;20001207X04784_1;20230911193038_1"
PERCEPTION_FAILURE,CARBURETOR_OR_INDUCTION_ICING,5,0.0005,0.021,0.200,"20060602X00671_1;20070703X00859_1;20250610200298_1;20250926201727_1;20090220004019A"
ICING_ENCOUNTER,STRUCTURAL_OVERLOAD,5,0.0111,0.465,0.600,"20080714X01038_1;20150205X34400_1;20001211X09409_1;20180424X33220_1;20190203000039A"
LOSS_OF_CONTROL_GROUND,OTHER_SYSTEM_FAILURE,5,0.0006,0.009,0.600,"20100407X04611_1;20010101027539A;20100303043299I;20191010023409I;20210118000449I"
CREW_COORDINATION_FAILURE,CONTROL_SURFACE_ANOMALY,5,0.0026,0.080,0.800,"20120417X35351_1;20140311X91431_1;20140814X65019_1;19970702016999I;20230827012319A"
INFLIGHT_FIRE_OR_SMOKE,GROUND_PERSONNEL_ERROR,5,0.0030,0.138,1.000,"20150608X90730_1;19970410005839A;20100812044599I;20250601012739A;20231228018809I"
LANDING_GEAR_ANOMALY,AUTOMATION_ANOMALY,5,0.0012,0.156,0.800,"20001213X28785_1;20170711X13833_1;19971125044049I;19970305006729I;19980816028589I"
DARK_NIGHT_OR_LOW_LIGHT,LOW_ALTITUDE_OPERATION,4,0.0017,0.070,0.000,"20001206X01656_1;20001208X05627_1;20001208X08478_1;20001212X19821_1"
AIRFRAME_STRUCTURAL_FAILURE,TERRAIN_OR_OBSTACLE_PROXIMITY,4,0.0015,0.027,0.500,"20001207X03870_1;20001211X10704_1;20080313X00310_1;19950722019209I"
FUEL_CONTAMINATION,LATENT_MECHANICAL_DEFECT,4,0.0036,0.024,1.000,"20001208X06415_1;20001206X01750_1;20001213X28089_1;20220801105630_1"
DESIGN_DEFECT_LATENT,GROUND_PERSONNEL_ERROR,4,0.0052,0.240,0.250,"20001211X10232_1;20001212X23857_1;20001206X02087_1;20080925X01527_1"
AIRCRAFT_WEIGHT_OR_BALANCE_OUT_OF_LIMITS,LANDING_GEAR_ANOMALY,4,0.0039,0.050,0.500,"20001213X28217_1;20001212X18898_1;20090318X54258_1;20090914X32839_1"
BIRD_OR_WILDLIFE_STRIKE,FUEL_SYSTEM_ANOMALY,4,0.0058,0.195,1.000,"20001211X09804_1;20020618X00923_1;20070314X00292_1;20181222X82710_1"
AIRCRAFT_WEIGHT_OR_BALANCE_OUT_OF_LIMITS,OTHER_SYSTEM_FAILURE,4,0.0039,0.059,0.250,"20001211X13103_1;20171128X94938_1;20200811X11105_1;20170805012379I"
PILOT_FATIGUE_OR_PHYSIOLOGICAL_STATE,FUEL_SYSTEM_ANOMALY,4,0.0021,0.071,0.000,"20001207X03419_1;20001207X03493_1;20040730X01115_1;20150106X44718_1"
LOW_VISIBILITY_OR_IMC,CREW_COORDINATION_FAILURE,4,0.0015,0.045,0.000,"20001208X07499_1;20030327X00400_1;20051018X01675_1;20001211X13852_1"
ATC_OR_DISPATCH_INADEQUATE,AUTOMATION_ANOMALY,4,0.0112,1.511,0.500,"20001208X08078_1;20090225X83224_1;20080829X01354_1;20240418194114_1"
CREW_COORDINATION_FAILURE,ENGINE_FAILURE,4,0.0021,0.007,0.500,"20001211X09644_1;20001207X04241_1;20030213X00217_1;20180911X54923_1"
INSTRUMENT_OR_AVIONICS_FAILURE,CONTROL_SURFACE_ANOMALY,4,0.0051,0.157,1.000,"20001211X09810_1;20010315X00589_1;20070105X00012_1;20021215035719I"
THUNDERSTORM_OR_CONVECTIVE,SPATIAL_DISORIENTATION,4,0.0126,0.753,0.250,"20001213X28770_1;20001207X03689_1;20001211X13302_1;20180331X11926_1"
PERCEPTION_FAILURE,STRUCTURAL_OVERLOAD,4,0.0004,0.018,0.250,"20001213X27211_1;20070629X00850_1;20150205X34400_1;20240515194264_1"
ICING_ENCOUNTER,LANDING_GEAR_ANOMALY,4,0.0089,0.115,1.000,"20001211X11938_1;20001207X02969_1;20001207X04775_1;20060223X00221_1"
TURBULENCE_ENCOUNTER,CREW_COORDINATION_FAILURE,4,0.0027,0.079,0.250,"20001214X39893_1;20120224X42146_1;20150219X14806_1;20200207007509A"
ORG_OR_REGULATORY_INADEQUATE,PILOT_FATIGUE_OR_PHYSIOLOGICAL_STATE,4,0.0048,0.144,0.000,"20001213X28793_1;20001206X02050_1;20090610X23159_1;20090908X14833_1"
ENGINE_FAILURE,SPATIAL_DISORIENTATION,4,0.0002,0.015,0.250,"20001213X33545_1;20001211X12453_1;20070827X01245_1;20200921X94340_1"
DARK_NIGHT_OR_LOW_LIGHT,UNSUITABLE_TERRAIN_FOR_FORCED_LANDING,4,0.0017,0.049,0.250,"20001207X02974_1;20001212X21981_1;20030728X01207_1;20040708X00931_1"
CONTROL_SURFACE_ANOMALY,AUTOMATION_ANOMALY,4,0.0022,0.298,0.750,"20001206X02432_1;20001212X21169_1;20030410X00480_1;20140124X12740_1"
FUEL_CONTAMINATION,LANDING_GEAR_ANOMALY,4,0.0036,0.047,1.000,"20001208X06510_1;20030827X01414_1;20060119X00088_1;20231129193450_1"
LATENT_MECHANICAL_DEFECT,ATC_OR_DISPATCH_INADEQUATE,4,0.0005,0.075,0.500,"20001208X07522_1;20011018X02109_1;20080829X01354_1;20130706012989A"
FUEL_SYSTEM_ANOMALY,AUTOMATION_ANOMALY,4,0.0024,0.321,0.750,"20001208X06730_1;20001212X24021_1;20060228X00252_1;20061101X01595_1"
AIRFRAME_STRUCTURAL_FAILURE,AUTOMATION_ANOMALY,4,0.0015,0.197,0.750,"20001208X06009_1;20001212X21608_1;20130526X13738_1;20241126195552_1"
AIRCRAFT_WEIGHT_OR_BALANCE_OUT_OF_LIMITS,ALTITUDE_DEVIATION_UNCONTROLLED,4,0.0039,0.192,0.250,"20001211X11834_1;20001213X27797_1;20001208X08469_1;20180729X14602_1"
ORG_OR_REGULATORY_INADEQUATE,LOSS_OF_CONTROL_INFLIGHT,4,0.0048,0.028,0.000,"20001206X01334_1;20071108X01769_1;20200607X75411_1;19990417019629A"
PERCEPTION_FAILURE,AIRCRAFT_WEIGHT_OR_BALANCE_OUT_OF_LIMITS,4,0.0004,0.023,0.750,"20001207X04887_1;20001211X13217_1;20130505X43742_1;20260115000099A"
PERCEPTION_FAILURE,LOW_VISIBILITY_OR_IMC,4,0.0004,0.009,1.000,"20001208X08158_1;20051104X01789_1;20010721016509A;20130214006439A"
PILOT_INCAPACITATION_OR_IMPAIRMENT,AIRFRAME_STRUCTURAL_FAILURE,4,0.0030,0.062,0.750,"20001208X08663_1;20020328X00418_1;20001004015839A;20240705010539A"
GROUND_PERSONNEL_ERROR,PILOT_INCAPACITATION_OR_IMPAIRMENT,4,0.0033,0.141,0.750,"20001208X05170_2;20001208X07999_1;20030610019729I;20150331013129I"
FUEL_EXHAUSTION_OR_STARVATION,AIRFRAME_STRUCTURAL_FAILURE,4,0.0007,0.015,1.000,"20001204X00095_1;20010823X01758_1;20050427X00513_1;20001212X21601_1"
ENGINE_FAILURE,RUNWAY_CONDITION_HAZARD,4,0.0002,0.003,0.750,"20001212X20163_1;20220222104674_1;20231016193241_1;20060923021739A"
RUNWAY_CONDITION_HAZARD,PILOT_INCAPACITATION_OR_IMPAIRMENT,4,0.0009,0.039,0.250,"20001212X20438_1;20020204X00171_1;20080304X00260_1;20150305X42958_1"
RUNWAY_CONDITION_HAZARD,ALTITUDE_DEVIATION_UNCONTROLLED,4,0.0009,0.045,0.000,"20001212X21941_1;20041014X01630_1;20050406X00418_1;20060607X00700_1"
ORG_OR_REGULATORY_INADEQUATE,OTHER_SYSTEM_FAILURE,4,0.0048,0.074,0.000,"20010523X01007_1;20081003X16308_1;20121118X34829_1;19980427007849A"
MOUNTAINOUS_OR_RISING_TERRAIN,BIRD_OR_WILDLIFE_STRIKE,4,0.0015,0.124,0.250,"20010718X01455_1;20190219X80927_1;19980927037959A;20080525837219I"
TURBULENCE_ENCOUNTER,INFLIGHT_FIRE_OR_SMOKE,4,0.0027,0.090,0.750,"20010910X01911_1;20020408X00474_1;20020822027169I;20210808023069I"
UNSUITABLE_TERRAIN_FOR_FORCED_LANDING,LOSS_OF_CONTROL_INFLIGHT,4,0.0021,0.012,0.000,"20020913X01607_1;20030808X01296_1;20050818X01272_1;20051206X01935_1"
RUNWAY_CONDITION_HAZARD,TURBULENCE_ENCOUNTER,4,0.0009,0.035,1.000,"20030528X00738_1;20140524X21540_1;20140929X45822_1;20090324005749I"
RUNWAY_CONDITION_HAZARD,UNSUITABLE_TERRAIN_FOR_FORCED_LANDING,4,0.0009,0.026,0.250,"20040308X00293_1;20080916X01468_1;20160607X13643_1;20001207X03657_1"
UNSUITABLE_TERRAIN_FOR_FORCED_LANDING,RUNWAY_CONDITION_HAZARD,4,0.0021,0.026,1.000,"20041116X01825_1;20100728X95647_1;20100913X20146_1;20050926026149I"
OTHER_SYSTEM_FAILURE,PILOT_FATIGUE_OR_PHYSIOLOGICAL_STATE,4,0.0011,0.033,1.000,"20050208X00156_1;20030916033459I;20101029052909A;20160523010069A"
CREW_COORDINATION_FAILURE,TRAINING_OR_CURRENCY_GAP,4,0.0021,0.107,0.500,"20050414X00458_1;20050329X00372_1;20140522X94053_1;20170716021209A"
CARBURETOR_OR_INDUCTION_ICING,LOSS_OF_CONTROL_INFLIGHT,4,0.0027,0.016,0.750,"20080513X00658_1;20170117X55850_1;19971223043449A;20070209001919A"
LOW_VISIBILITY_OR_IMC,THUNDERSTORM_OR_CONVECTIVE,4,0.0015,0.270,0.750,"20080825X01302_1;20100524X74604_1;20180331X11926_1;20190803013289A"
STRUCTURAL_OVERLOAD,LATENT_MECHANICAL_DEFECT,4,0.0030,0.020,1.000,"20091217X52949_1;20130128X92153_1;20200808X40610_1;20211004104035_1"
PERCEPTION_FAILURE,RUNWAY_CONDITION_HAZARD,4,0.0004,0.005,1.000,"20110816X84113_1;20120221X23717_1;19990406017429A;20031205033739A"
TURBULENCE_ENCOUNTER,TERRAIN_OR_OBSTACLE_PROXIMITY,4,0.0027,0.050,1.000,"20110722X84622_1;20150128X35114_1;20000507004359A;20011007033989A"
HIGH_DENSITY_ALTITUDE,CARBURETOR_OR_INDUCTION_ICING,4,0.0029,0.112,0.000,"20160906X42741_1;19970721019169A;20020629024329A;20060526010069A"
INFLIGHT_FIRE_OR_SMOKE,LOW_VISIBILITY_OR_IMC,4,0.0024,0.051,1.000,"20161011X45846_1;20200104X54406_1;19981231034469A;20070116002519I"
LANDING_GEAR_ANOMALY,GROUND_PERSONNEL_ERROR,4,0.0009,0.043,0.500,"19961022036689I;20011003037319A;20090313004469I;20101212055349I"
AUTOMATION_ANOMALY,INSTRUMENT_OR_AVIONICS_FAILURE,4,0.0096,0.684,0.500,"19970921040469I;20060212005729I;20220717007849I;20220727013189A"
TURBULENCE_ENCOUNTER,INSTRUMENT_OR_AVIONICS_FAILURE,4,0.0027,0.193,0.500,"19971228039379A;20120811017539A;20210723005969I;20230213002289I"
ICING_ENCOUNTER,FUEL_SYSTEM_ANOMALY,3,0.0067,0.223,1.000,"20001206X02370_1;20001208X09211_1;20050402015369A"
ADVERSE_WIND_CONDITION,BIRD_OR_WILDLIFE_STRIKE,3,0.0003,0.028,0.000,"20001207X04415_1;20001220X45463_1;19991203035799A"
CONTROL_SURFACE_ANOMALY,BIRD_OR_WILDLIFE_STRIKE,3,0.0017,0.135,1.000,"20001208X05678_1;19960406018719I;20170525010999A"
PILOT_INCAPACITATION_OR_IMPAIRMENT,TERRAIN_OR_OBSTACLE_PROXIMITY,3,0.0023,0.042,0.667,"20001208X08281_1;20140721X21112_1;20231024193292_1"
ORG_OR_REGULATORY_INADEQUATE,INFLIGHT_FIRE_OR_SMOKE,3,0.0036,0.121,0.333,"20001206X01200_1;20001208X05743_1;20001211X13604_1"
ALTITUDE_DEVIATION_UNCONTROLLED,PILOT_INCAPACITATION_OR_IMPAIRMENT,3,0.0027,0.113,0.333,"20001211X13323_1;20190401X25202_1;20250412200005_1"
RUNWAY_CONDITION_HAZARD,INFLIGHT_FIRE_OR_SMOKE,3,0.0007,0.023,0.667,"20001211X12800_1;20001208X06272_1;20110827020299A"
ATC_OR_DISPATCH_INADEQUATE,SPATIAL_DISORIENTATION,3,0.0084,0.505,0.000,"20001211X15056_1;20091207X51809_1;19980608012569A"
RUNWAY_CONDITION_HAZARD,LOW_VISIBILITY_OR_IMC,3,0.0007,0.015,0.667,"20001206X01973_1;20040426X00514_1;19990317002439A"
THUNDERSTORM_OR_CONVECTIVE,OTHER_SYSTEM_FAILURE,3,0.0094,0.145,1.000,"20001211X12829_1;20001212X21079_1;20120207X14951_1"
ADVERSE_WIND_CONDITION,PILOT_FATIGUE_OR_PHYSIOLOGICAL_STATE,3,0.0003,0.010,0.000,"20001207X02932_1;20001212X24694_1;20020609012989A"
ADVERSE_WIND_CONDITION,ORG_OR_REGULATORY_INADEQUATE,3,0.0003,0.023,0.333,"20001207X02932_1;20190720022542I;20181003016629A"
AIRFRAME_STRUCTURAL_FAILURE,CREW_COORDINATION_FAILURE,3,0.0011,0.032,0.667,"20001206X02584_1;20001212X20372_1;20040803X01131_1"
INSTRUMENT_OR_AVIONICS_FAILURE,LOW_VISIBILITY_OR_IMC,3,0.0038,0.082,0.667,"20001207X02938_1;19970402010139A;20001212022609I"
OTHER_SYSTEM_FAILURE,AIRCRAFT_WEIGHT_OR_BALANCE_OUT_OF_LIMITS,3,0.0008,0.044,0.667,"20001208X06424_1;20200530007259I;20201229020189A"
LOSS_OF_CONTROL_INFLIGHT,LOW_ALTITUDE_OPERATION,3,0.0003,0.013,0.000,"20001207X03884_1;20001206X00944_1;20111027X02557_1"
PILOT_INCAPACITATION_OR_IMPAIRMENT,FUEL_EXHAUSTION_OR_STARVATION,3,0.0023,0.023,0.667,"20001208X09271_1;20001211X14017_1;20040429018139A"
GROUND_PERSONNEL_ERROR,ADVERSE_WIND_CONDITION,3,0.0025,0.016,0.667,"20001208X09280_1;20001207X03500_1;20180328X04527_1"
INSTRUMENT_OR_AVIONICS_FAILURE,INFLIGHT_FIRE_OR_SMOKE,3,0.0038,0.127,1.000,"20001208X06204_1;20010612X01155_1;20140902X02240_1"
RUNWAY_CONDITION_HAZARD,ICING_ENCOUNTER,3,0.0007,0.085,0.667,"20001211X11938_1;20001208X05278_1;20110207X84026_1"
TURBULENCE_ENCOUNTER,ICING_ENCOUNTER,3,0.0020,0.254,1.000,"20001213X34405_1;19980202012179I;20150422006369I"
DARK_NIGHT_OR_LOW_LIGHT,STALL,3,0.0013,0.011,0.000,"20001211X15859_1;20151202X31330_1;20240515010919A"
ORG_OR_REGULATORY_INADEQUATE,AUTOMATION_ANOMALY,3,0.0036,0.489,0.000,"20001213X26528_1;20040910X01394_1;20190621X54419_1"
ALTITUDE_DEVIATION_UNCONTROLLED,SPATIAL_DISORIENTATION,3,0.0027,0.159,1.000,"20001214X40623_1;20060315X00306_1;20080410X00448_1"
DARK_NIGHT_OR_LOW_LIGHT,ATC_OR_DISPATCH_INADEQUATE,3,0.0013,0.201,0.000,"20001207X02958_1;20011018X02109_1;20221123106354_1"
ATC_OR_DISPATCH_INADEQUATE,THUNDERSTORM_OR_CONVECTIVE,3,0.0084,1.482,0.000,"20001208X06517_1;20100701X93344_1;20230925018789A"
LOW_ALTITUDE_OPERATION,CREW_COORDINATION_FAILURE,3,0.0022,0.064,0.000,"20001208X05398_1;20190415X91116_1;20240205001439I"
BIRD_OR_WILDLIFE_STRIKE,STRUCTURAL_OVERLOAD,3,0.0044,0.182,1.000,"20001208X08845_1;20140309X03824_1;20150915X30504_1"
AIRCRAFT_WEIGHT_OR_BALANCE_OUT_OF_LIMITS,FUEL_EXHAUSTION_OR_STARVATION,3,0.0029,0.030,0.333,"20001213X33580_1;20071109828049A;20210922016309A"
ADVERSE_WIND_CONDITION,UNSUITABLE_TERRAIN_FOR_FORCED_LANDING,3,0.0003,0.010,0.333,"20001206X01562_1;20070123X00077_1;20231026193306_1"
TERRAIN_OR_OBSTACLE_PROXIMITY,PILOT_INCAPACITATION_OR_IMPAIRMENT,3,0.0010,0.042,0.000,"20001207X04274_1;20171107X44514_1;20251002201774_1"
CREW_COORDINATION_FAILURE,GROUND_PERSONNEL_ERROR,3,0.0016,0.073,0.000,"20001208X07740_1;20001207X05052_1;20060808X01112_1"
SPATIAL_DISORIENTATION,PILOT_INCAPACITATION_OR_IMPAIRMENT,3,0.0032,0.136,1.000,"20001208X08447_1;20040830X01316_1;20070130002249A"
AIRFRAME_STRUCTURAL_FAILURE,FUEL_EXHAUSTION_OR_STARVATION,3,0.0011,0.011,1.000,"20001208X09204_1;20001205X00509_1;20120612X05556_1"
ALTITUDE_DEVIATION_UNCONTROLLED,LOSS_OF_CONTROL_GROUND,3,0.0027,0.017,1.000,"20001211X09723_1;20070425X00455_1;20110407X64458_1"
OTHER_SYSTEM_FAILURE,MAINTENANCE_INADEQUATE,3,0.0008,0.008,0.333,"20001211X09893_1;20001212X20479_1;20010427X00832_1"
INSTRUMENT_OR_AVIONICS_FAILURE,ATC_OR_DISPATCH_INADEQUATE,3,0.0038,0.600,0.667,"20001213X35046_1;20040816X01227_1;20110121X43037_1"
LOW_ALTITUDE_OPERATION,PILOT_INCAPACITATION_OR_IMPAIRMENT,3,0.0022,0.093,0.000,"20001206X02486_1;20110916X44706_1;20170708X12341_1"
THUNDERSTORM_OR_CONVECTIVE,RUNWAY_CONDITION_HAZARD,3,0.0094,0.121,1.000,"20001211X10161_1;20001212X20350_1;20160814013249I"
TRAINING_OR_CURRENCY_GAP,PILOT_INCAPACITATION_OR_IMPAIRMENT,3,0.0028,0.117,0.000,"20001211X09904_1;20001212X20680_1;20090615X30224_1"
TRAINING_OR_CURRENCY_GAP,ALTITUDE_DEVIATION_UNCONTROLLED,3,0.0028,0.137,0.000,"20001211X14525_1;20001212X22286_1;20050616X00794_1"
AIRCRAFT_WEIGHT_OR_BALANCE_OUT_OF_LIMITS,CONTROL_SURFACE_ANOMALY,3,0.0029,0.090,0.333,"20001208X08939_1;20211019104128_1;20210709010499A"
FUEL_SYSTEM_ANOMALY,LATENT_MECHANICAL_DEFECT,3,0.0018,0.012,1.000,"20001211X10659_1;20011213X02398_1;20181212X01623_1"
LOSS_OF_CONTROL_GROUND,ALTITUDE_DEVIATION_UNCONTROLLED,3,0.0003,0.017,1.000,"20001211X10712_1;20050630X00909_1;20160510X01715_1"
PROCEDURE_NOT_FOLLOWED,WIND_SHEAR_OR_GUST,3,0.0002,0.005,0.333,"20001211X10421_1;20010801X01581_1;20120218X65637_1"
FUEL_EXHAUSTION_OR_STARVATION,SPATIAL_DISORIENTATION,3,0.0006,0.033,0.000,"20001205X00237_1;20001212X19525_1;20130812X03225_1"
OTHER_SYSTEM_FAILURE,ALTITUDE_DEVIATION_UNCONTROLLED,3,0.0008,0.041,1.000,"20001212X19550_1;20001212X21768_1;20010924X01983_1"
THUNDERSTORM_OR_CONVECTIVE,ALTITUDE_DEVIATION_UNCONTROLLED,3,0.0094,0.468,0.333,"20001212X19614_1;20001212X21475_1;20060712X00925_1"
PILOT_INCAPACITATION_OR_IMPAIRMENT,GROUND_PERSONNEL_ERROR,3,0.0023,0.105,0.667,"20001212X20463_1;20020717X01153_1;20000221017949A"
LATENT_MECHANICAL_DEFECT,RUNWAY_CONDITION_HAZARD,3,0.0004,0.005,1.000,"20001212X20187_1;20050728X01116_1;20010712015599A"
TERRAIN_OR_OBSTACLE_PROXIMITY,ALTITUDE_DEVIATION_UNCONTROLLED,3,0.0010,0.049,0.000,"20001212X20737_1;20130909X93855_1;20180709X80010_1"
BIRD_OR_WILDLIFE_STRIKE,MAINTENANCE_INADEQUATE,3,0.0044,0.043,0.000,"20001212X19956_1;20140527X40952_1;20171128X34858_1"
ATC_OR_DISPATCH_INADEQUATE,CREW_COORDINATION_FAILURE,3,0.0084,0.245,0.000,"20001212X22313_2;20110928X53516_1;20170103000022I"
FUEL_EXHAUSTION_OR_STARVATION,LOSS_OF_CONTROL_INFLIGHT,3,0.0006,0.003,1.000,"20011116X02251_1;20160906X35218_1;20231116193391_1"
PILOT_INCAPACITATION_OR_IMPAIRMENT,AUTOMATION_ANOMALY,3,0.0023,0.305,0.667,"20011129X02317_1;20141031X74653_1;20170118000449I"
FUEL_CONTAMINATION,AIRFRAME_STRUCTURAL_FAILURE,3,0.0027,0.056,1.000,"20040325X00372_1;20060914X01336_1;20090921X73211_1"
LOW_ALTITUDE_OPERATION,WIND_SHEAR_OR_GUST,3,0.0022,0.056,0.333,"20040825X01287_1;20170228X65345_1;20231127193427_1"
SPATIAL_DISORIENTATION,LOSS_OF_CONTROL_GROUND,3,0.0032,0.021,1.000,"20060314X00302_1;19990317002439A;20170125000799I"
ICING_ENCOUNTER,INFLIGHT_FIRE_OR_SMOKE,3,0.0067,0.222,0.667,"20090106X53332_1;20001207X03107_1;20240505194204_1"
LOSS_OF_CONTROL_INFLIGHT,ATC_OR_DISPATCH_INADEQUATE,3,0.0003,0.048,0.333,"20090604X25647_1;20090225X83224_1;20120905023859I"
PILOT_INCAPACITATION_OR_IMPAIRMENT,BIRD_OR_WILDLIFE_STRIKE,3,0.0023,0.185,1.000,"20081208X52321_1;20171108X93049_1;20240918195138_1"
TERRAIN_OR_OBSTACLE_PROXIMITY,AUTOMATION_ANOMALY,3,0.0010,0.133,1.000,"20100216X20235_1;20100809X75512_1;19960621046339A"
OTHER_SYSTEM_FAILURE,BIRD_OR_WILDLIFE_STRIKE,3,0.0008,0.067,1.000,"20110729X63202_1;20190716X55113_1;19990414003519A"
DARK_NIGHT_OR_LOW_LIGHT,OTHER_SYSTEM_FAILURE,3,0.0013,0.020,0.000,"20111111X25837_1;20171206X84125_1;20221227106492_1"
RUNWAY_CONDITION_HAZARD,LATENT_MECHANICAL_DEFECT,3,0.0007,0.005,1.000,"20130515X95441_1;20060114000659A;20220207001489I"
GROUND_PERSONNEL_ERROR,AUTOMATION_ANOMALY,3,0.0025,0.335,1.000,"20160201X52407_1;20191019X90834_1;20240906020911A"
TERRAIN_OR_OBSTACLE_PROXIMITY,ATC_OR_DISPATCH_INADEQUATE,3,0.0010,0.156,0.667,"20110518X94643_1;20101210X92343_1;20010104000879I"
LANDING_GEAR_ANOMALY,CREW_COORDINATION_FAILURE,3,0.0007,0.020,0.333,"20190130X94935_1;19960203004009I;20240229008769I"
LOSS_OF_CONTROL_GROUND,ENGINE_FAILURE,3,0.0003,0.001,0.667,"19950220004499A;19980331004869A;20150725015129A"
WIND_SHEAR_OR_GUST,GROUND_PERSONNEL_ERROR,3,0.0014,0.064,0.333,"20120701014099I;20210701004209I;20250530008769I"
PILOT_INCAPACITATION_OR_IMPAIRMENT,TURBULENCE_ENCOUNTER,2,0.0015,0.057,0.500,"20001207X03207_1;20180214X61821_1"
LOW_VISIBILITY_OR_IMC,DARK_NIGHT_OR_LOW_LIGHT,2,0.0008,0.018,0.500,"20001207X03211_1;20230623192431_1"
PILOT_INCAPACITATION_OR_IMPAIRMENT,CONTROL_SURFACE_ANOMALY,2,0.0015,0.047,0.500,"20001207X03845_1;20001211X10470_1"
FUEL_EXHAUSTION_OR_STARVATION,CARBURETOR_OR_INDUCTION_ICING,2,0.0004,0.014,0.500,"20001208X05347_1;20101227X00333_1"
ORG_OR_REGULATORY_INADEQUATE,FUEL_SYSTEM_ANOMALY,2,0.0024,0.081,0.500,"20001208X07477_1;20001207X03147_1"
WIND_SHEAR_OR_GUST,PILOT_INCAPACITATION_OR_IMPAIRMENT,2,0.0009,0.039,0.500,"20001208X08281_1;20001204X00105_1"
ORG_OR_REGULATORY_INADEQUATE,LOW_VISIBILITY_OR_IMC,2,0.0024,0.052,0.000,"20001213X29893_1;20001211X09391_1"
LOW_VISIBILITY_OR_IMC,ENGINE_FAILURE,2,0.0008,0.003,0.500,"20001213X29893_1;20031216X02049_1"
PILOT_FATIGUE_OR_PHYSIOLOGICAL_STATE,ORG_OR_REGULATORY_INADEQUATE,2,0.0011,0.072,0.000,"20001214X35623_1;20041119029509A"
MOUNTAINOUS_OR_RISING_TERRAIN,HIGH_DENSITY_ALTITUDE,2,0.0008,0.031,0.500,"20001211X13339_1;20001212X22732_1"
THUNDERSTORM_OR_CONVECTIVE,INSTRUMENT_OR_AVIONICS_FAILURE,2,0.0063,0.448,1.000,"20001206X01953_1;20150414008269I"
CREW_COORDINATION_FAILURE,ATC_OR_DISPATCH_INADEQUATE,2,0.0010,0.164,1.000,"20001211X11942_1;20001213X25197_1"
OTHER_SYSTEM_FAILURE,TURBULENCE_ENCOUNTER,2,0.0005,0.021,0.500,"20001206X02570_1;20011112037169I"
CREW_COORDINATION_FAILURE,FUEL_CONTAMINATION,2,0.0010,0.053,0.000,"20001211X10272_1;20170627X92852_1"
DESIGN_DEFECT_LATENT,ICING_ENCOUNTER,2,0.0026,0.322,0.500,"20001211X11938_1;20101201X83220_1"
WIND_SHEAR_OR_GUST,CREW_COORDINATION_FAILURE,2,0.0009,0.027,0.000,"20001214X39893_1;20040616X00809_1"
ORG_OR_REGULATORY_INADEQUATE,SPATIAL_DISORIENTATION,2,0.0024,0.145,0.000,"20001213X28565_1;20040321003219A"
RUNWAY_CONDITION_HAZARD,AUTOMATION_ANOMALY,2,0.0005,0.061,0.000,"20001213X32835_1;20110207X02852_1"
FUEL_SYSTEM_ANOMALY,AIRCRAFT_WEIGHT_OR_BALANCE_OUT_OF_LIMITS,2,0.0012,0.065,1.000,"20001211X12143_1;20001208X06873_1"
ATC_OR_DISPATCH_INADEQUATE,ORG_OR_REGULATORY_INADEQUATE,2,0.0056,0.381,0.000,"20001207X02958_1;20001208X05462_1"
ENGINE_FAILURE,MAINTENANCE_INADEQUATE,2,0.0001,0.001,0.000,"20001207X04260_1;20211212022179A"
ORG_OR_REGULATORY_INADEQUATE,LOSS_OF_CONTROL_GROUND,2,0.0024,0.016,0.500,"20001208X07524_1;20001211X10601_1"
HIGH_DENSITY_ALTITUDE,TERRAIN_OR_OBSTACLE_PROXIMITY,2,0.0015,0.027,0.000,"20001211X10096_1;20001212X21206_1"
AUTOMATION_ANOMALY,LATENT_MECHANICAL_DEFECT,2,0.0048,0.032,1.000,"20001212X17574_1;20220521008199I"
FUEL_CONTAMINATION,CONTROL_SURFACE_ANOMALY,2,0.0018,0.056,1.000,"20001211X14013_1;20090626012239I"
CREW_COORDINATION_FAILURE,SPATIAL_DISORIENTATION,2,0.0010,0.062,0.000,"20001213X28858_1;20001206X01314_1"
CREW_COORDINATION_FAILURE,PILOT_FATIGUE_OR_PHYSIOLOGICAL_STATE,2,0.0010,0.031,0.500,"20001206X02089_1;20040413X00450_1"
AIRCRAFT_WEIGHT_OR_BALANCE_OUT_OF_LIMITS,FUEL_SYSTEM_ANOMALY,2,0.0019,0.065,0.000,"20001207X03147_1;20160801X62810_1"
OTHER_SYSTEM_FAILURE,ADVERSE_WIND_CONDITION,2,0.0005,0.003,1.000,"20001208X06047_1;20050802X01138_1"
MAINTENANCE_INADEQUATE,ICING_ENCOUNTER,2,0.0004,0.044,0.000,"20001211X09567_1;20130114X25958_1"
TURBULENCE_ENCOUNTER,LOW_VISIBILITY_OR_IMC,2,0.0014,0.029,1.000,"20001208X09044_1;20080708X00989_1"
ALTITUDE_DEVIATION_UNCONTROLLED,AIRFRAME_STRUCTURAL_FAILURE,2,0.0018,0.036,1.000,"20001213X27797_1;20201109102253_1"
LOSS_OF_CONTROL_INFLIGHT,FUEL_SYSTEM_ANOMALY,2,0.0002,0.007,0.500,"20001213X28900_1;20101021X05628_1"
AIRFRAME_STRUCTURAL_FAILURE,STRUCTURAL_OVERLOAD,2,0.0007,0.031,1.000,"20001213X29206_1;20170601007889A"
RUNWAY_CONDITION_HAZARD,ATC_OR_DISPATCH_INADEQUATE,2,0.0005,0.072,0.000,"20001208X05462_1;20080829X01353_1"
INSTRUMENT_OR_AVIONICS_FAILURE,STALL,2,0.0025,0.021,0.000,"20001208X05177_1;20001212X19070_1"
AUTOMATION_ANOMALY,FUEL_SYSTEM_ANOMALY,2,0.0048,0.161,1.000,"20001211X10653_1;20101006X50226_1"
CONTROL_SURFACE_ANOMALY,ALTITUDE_DEVIATION_UNCONTROLLED,2,0.0011,0.055,1.000,"20001208X08896_1;20001211X10454_1"
INSTRUMENT_OR_AVIONICS_FAILURE,PILOT_INCAPACITATION_OR_IMPAIRMENT,2,0.0025,0.108,0.500,"20001211X09909_1;20220718007789A"
CREW_COORDINATION_FAILURE,ORG_OR_REGULATORY_INADEQUATE,2,0.0010,0.071,0.500,"20001208X06080_1;20050927X01539_1"
CONTROL_SURFACE_ANOMALY,SPATIAL_DISORIENTATION,2,0.0011,0.066,0.500,"20001208X06336_1;20090316X84733_1"
PILOT_INCAPACITATION_OR_IMPAIRMENT,TRAINING_OR_CURRENCY_GAP,2,0.0015,0.078,0.000,"20001208X08225_1;19970824045789A"
CARBURETOR_OR_INDUCTION_ICING,LANDING_GEAR_ANOMALY,2,0.0014,0.018,0.000,"20001206X00822_1;20060802X01077_1"
ADVERSE_WIND_CONDITION,AUTOMATION_ANOMALY,2,0.0002,0.031,1.000,"20001208X05866_1;20240414194082_1"
FUEL_CONTAMINATION,LOSS_OF_CONTROL_GROUND,2,0.0018,0.012,0.500,"20001208X07462_1;20220830105831_1"
WIND_SHEAR_OR_GUST,BIRD_OR_WILDLIFE_STRIKE,2,0.0009,0.074,1.000,"20001211X10925_1;20070313X00281_1"
GROUND_PERSONNEL_ERROR,LOSS_OF_CONTROL_INFLIGHT,2,0.0017,0.009,0.500,"20001211X11347_1;20030410X00476_1"
LOW_VISIBILITY_OR_IMC,AUTOMATION_ANOMALY,2,0.0008,0.103,0.000,"20001211X11597_1;20221115020699A"
DECISION_INAPPROPRIATE,ATC_OR_DISPATCH_INADEQUATE,2,0.0001,0.014,1.000,"20001205X00517_1;20120501X50822_1"
RUNWAY_CONDITION_HAZARD,CREW_COORDINATION_FAILURE,2,0.0005,0.013,0.000,"20001212X19115_1;19981218041769A"
ATC_OR_DISPATCH_INADEQUATE,GROUND_PERSONNEL_ERROR,2,0.0056,0.261,0.000,"20001212X19117_1;20081228X25156_1"
CARBURETOR_OR_INDUCTION_ICING,CONTROL_SURFACE_ANOMALY,2,0.0014,0.043,1.000,"20001212X20507_1;20121218X55735_1"
MAINTENANCE_INADEQUATE,RUNWAY_CONDITION_HAZARD,2,0.0004,0.005,1.000,"20001212X20326_1;20040321004899A"
LATENT_MECHANICAL_DEFECT,TERRAIN_OR_OBSTACLE_PROXIMITY,2,0.0002,0.004,0.500,"20001212X21126_1;20110530X15219_1"
MOUNTAINOUS_OR_RISING_TERRAIN,LOW_VISIBILITY_OR_IMC,2,0.0008,0.016,0.000,"20001212X20088_1;20180906013189A"
LATENT_MECHANICAL_DEFECT,TRAINING_OR_CURRENCY_GAP,2,0.0002,0.012,0.000,"20001212X21402_1;20100729X71844_1"
CONTROL_SURFACE_ANOMALY,FUEL_EXHAUSTION_OR_STARVATION,2,0.0011,0.011,1.000,"20001212X22036_1;20001212X22170_1"
DECISION_INAPPROPRIATE,MAINTENANCE_INADEQUATE,2,0.0001,0.001,1.000,"20001212X21995_1;20230714008869A"
DARK_NIGHT_OR_LOW_LIGHT,FUEL_EXHAUSTION_OR_STARVATION,2,0.0009,0.009,0.000,"20001220X45453_1;20200107X20502_1"
ATC_OR_DISPATCH_INADEQUATE,PILOT_INCAPACITATION_OR_IMPAIRMENT,2,0.0056,0.238,1.000,"20020204X00171_1;20080515X00671_1"
LOSS_OF_CONTROL_GROUND,DARK_NIGHT_OR_LOW_LIGHT,2,0.0002,0.006,1.000,"20020620X00936_1;20070305X00253_1"
BIRD_OR_WILDLIFE_STRIKE,CREW_COORDINATION_FAILURE,2,0.0029,0.085,0.500,"20030404X00440_1;20020517019549I"
ADVERSE_WIND_CONDITION,DARK_NIGHT_OR_LOW_LIGHT,2,0.0002,0.005,0.500,"20030327X00405_1;20040311X00316_1"
TRAINING_OR_CURRENCY_GAP,GROUND_PERSONNEL_ERROR,2,0.0018,0.086,0.000,"20030129X00123_1;20210718011189I"
PERCEPTION_FAILURE,WIND_SHEAR_OR_GUST,2,0.0002,0.005,0.000,"20030507X00626_1;20010613016979A"
CONTROL_SURFACE_ANOMALY,LATENT_MECHANICAL_DEFECT,2,0.0011,0.007,1.000,"20030714X01084_1;20100412X93228_1"
FUEL_SYSTEM_ANOMALY,FUEL_CONTAMINATION,2,0.0012,0.061,1.000,"20040316X00326_1;20100713X43713_1"
FUEL_CONTAMINATION,INSTRUMENT_OR_AVIONICS_FAILURE,2,0.0018,0.130,1.000,"20040426X00510_1;20170219001429A"
LANDING_GEAR_ANOMALY,MAINTENANCE_INADEQUATE,2,0.0005,0.005,0.500,"20050708X00962_1;20111001025719I"
PILOT_INCAPACITATION_OR_IMPAIRMENT,FUEL_CONTAMINATION,2,0.0015,0.077,0.500,"20050502X00532_1;20070608X00698_1"
PILOT_INCAPACITATION_OR_IMPAIRMENT,FUEL_SYSTEM_ANOMALY,2,0.0015,0.051,0.500,"20050715X01028_1;20170207X10221_1"
AIRCRAFT_WEIGHT_OR_BALANCE_OUT_OF_LIMITS,CREW_COORDINATION_FAILURE,2,0.0019,0.056,0.500,"20050927X01539_1;20251228019609A"
CARBURETOR_OR_INDUCTION_ICING,ICING_ENCOUNTER,2,0.0014,0.171,1.000,"20060810X01142_1;20250226199769_1"
PILOT_INCAPACITATION_OR_IMPAIRMENT,LOW_ALTITUDE_OPERATION,2,0.0015,0.062,0.000,"20070925X01442_1;20201209102390_1"
AIRFRAME_STRUCTURAL_FAILURE,MAINTENANCE_INADEQUATE,2,0.0007,0.007,0.000,"20071217X01943_1;20120830X51133_1"
RUNWAY_CONDITION_HAZARD,ADVERSE_WIND_CONDITION,2,0.0005,0.003,0.500,"20080326X00388_1;20140219X54535_1"
LOSS_OF_CONTROL_INFLIGHT,FUEL_EXHAUSTION_OR_STARVATION,2,0.0002,0.002,1.000,"20081110X52158_1;20000523039679A"
UNSUITABLE_TERRAIN_FOR_FORCED_LANDING,AIRFRAME_STRUCTURAL_FAILURE,2,0.0010,0.021,1.000,"20081003X62317_1;20100115X35851_1"
LATENT_MECHANICAL_DEFECT,LOW_VISIBILITY_OR_IMC,2,0.0002,0.005,1.000,"20081201X44318_1;20111220X20124_1"
TRAINING_OR_CURRENCY_GAP,AUTOMATION_ANOMALY,2,0.0018,0.248,0.000,"20081201X60951_1;20191021X13706_1"
ENGINE_FAILURE,LATENT_MECHANICAL_DEFECT,2,0.0001,0.001,1.000,"20081219X65313_1;20150612008499A"
THUNDERSTORM_OR_CONVECTIVE,ADVERSE_WIND_CONDITION,2,0.0063,0.040,1.000,"20090430X82824_1;20060217003369I"
CONTROL_SURFACE_ANOMALY,WIND_SHEAR_OR_GUST,2,0.0011,0.028,1.000,"20091216X03724_1;20000622014219A"
SPATIAL_DISORIENTATION,ENGINE_FAILURE,2,0.0021,0.007,0.500,"20110327X65552_1;20000726040939A"
CONTROL_SURFACE_ANOMALY,PILOT_FATIGUE_OR_PHYSIOLOGICAL_STATE,2,0.0011,0.033,1.000,"20111020X11554_1;20170520007909A"
CONTROL_INPUT_IMPROPER,LOW_VISIBILITY_OR_IMC,2,0.0001,0.002,0.500,"20130702X50904_1;20200303007099A"
GROUND_PERSONNEL_ERROR,ORG_OR_REGULATORY_INADEQUATE,2,0.0017,0.113,0.500,"20131001X95546_1;20101212055349I"
CONTROL_INPUT_IMPROPER,UNSUITABLE_TERRAIN_FOR_FORCED_LANDING,2,0.0001,0.002,1.000,"20150311X10126_1;20020327X00409_1"
THUNDERSTORM_OR_CONVECTIVE,CREW_COORDINATION_FAILURE,2,0.0063,0.183,0.000,"20150617X55451_1;19980507014849A"
FUEL_EXHAUSTION_OR_STARVATION,INSTRUMENT_OR_AVIONICS_FAILURE,2,0.0004,0.026,0.500,"20160621X91058_1;20200601X50402_1"
MAINTENANCE_INADEQUATE,PILOT_FATIGUE_OR_PHYSIOLOGICAL_STATE,2,0.0004,0.011,0.500,"20170207X10221_1;20251002201769_1"
DESIGN_DEFECT_LATENT,PILOT_FATIGUE_OR_PHYSIOLOGICAL_STATE,2,0.0026,0.077,0.000,"20170801X90744_1;19971012039949A"
INFLIGHT_FIRE_OR_SMOKE,STALL,2,0.0012,0.010,0.500,"20001207X03107_1;20220530105145_1"
ATC_OR_DISPATCH_INADEQUATE,ALTITUDE_DEVIATION_UNCONTROLLED,2,0.0056,0.279,1.000,"20001213X35001_1;19991005028569A"
ATC_OR_DISPATCH_INADEQUATE,OTHER_SYSTEM_FAILURE,2,0.0056,0.086,0.000,"20001205X00276_2;20230804192791_1"
DARK_NIGHT_OR_LOW_LIGHT,TURBULENCE_ENCOUNTER,2,0.0009,0.032,0.000,"20011129X02319_1;20090222003919A"
ICING_ENCOUNTER,ADVERSE_WIND_CONDITION,2,0.0045,0.028,1.000,"20050201X00121_1;20191114X35333_1"
HIGH_DENSITY_ALTITUDE,AIRCRAFT_WEIGHT_OR_BALANCE_OUT_OF_LIMITS,2,0.0015,0.079,0.000,"20001208X08698_1;20231007193204_1"
STRUCTURAL_OVERLOAD,PERCEPTION_FAILURE,2,0.0015,0.009,0.000,"20060327X00352_1;19970927033789I"
PERCEPTION_FAILURE,AUTOMATION_ANOMALY,2,0.0002,0.029,0.500,"20161230X91745_1;20230621007359A"
AUTOMATION_ANOMALY,SPATIAL_DISORIENTATION,2,0.0048,0.288,0.500,"20161230X91745_1;20190223X60222_1"
ATC_OR_DISPATCH_INADEQUATE,PILOT_FATIGUE_OR_PHYSIOLOGICAL_STATE,2,0.0056,0.167,0.500,"20180614X80143_1;20211122104286_1"
ALTITUDE_DEVIATION_UNCONTROLLED,ENGINE_FAILURE,2,0.0018,0.006,0.000,"20181108X13619_1;20060317011729A"
DARK_NIGHT_OR_LOW_LIGHT,FUEL_SYSTEM_ANOMALY,2,0.0009,0.028,0.000,"20200728X82604_1;20100924048129A"
FUEL_EXHAUSTION_OR_STARVATION,AUTOMATION_ANOMALY,2,0.0004,0.050,1.000,"20230731192762_1;20190921024289I"
WIND_SHEAR_OR_GUST,ATC_OR_DISPATCH_INADEQUATE,2,0.0009,0.143,0.500,"20230804192791_1;20161007016559A"
DESIGN_DEFECT_LATENT,TURBULENCE_ENCOUNTER,2,0.0026,0.098,0.500,"19960406018719I;ASR-18-01"
GROUND_PERSONNEL_ERROR,STRUCTURAL_OVERLOAD,2,0.0017,0.069,1.000,"20090330008329I;20220104000679I"
LOW_VISIBILITY_OR_IMC,LOW_ALTITUDE_OPERATION,2,0.0008,0.031,0.500,"20180915013669A;20240309006369A"
FUEL_EXHAUSTION_OR_STARVATION,PILOT_INCAPACITATION_OR_IMPAIRMENT,2,0.0004,0.016,0.000,"20250809019569A;20200423002629A"
LANDING_GEAR_ANOMALY,PILOT_INCAPACITATION_OR_IMPAIRMENT,2,0.0005,0.020,0.500,"20220729007729A;20250326002599I"
UNSUITABLE_TERRAIN_FOR_FORCED_LANDING,BIRD_OR_WILDLIFE_STRIKE,1,0.0005,0.042,1.000,"20001211X13510_1"
RUNWAY_CONDITION_HAZARD,AIRCRAFT_WEIGHT_OR_BALANCE_OUT_OF_LIMITS,1,0.0002,0.012,0.000,"20001207X03394_1"
MOUNTAINOUS_OR_RISING_TERRAIN,STRUCTURAL_OVERLOAD,1,0.0004,0.016,0.000,"20001208X06144_1"
WIND_SHEAR_OR_GUST,FUEL_EXHAUSTION_OR_STARVATION,1,0.0005,0.005,1.000,"20001211X10218_1"
LOW_VISIBILITY_OR_IMC,AIRFRAME_STRUCTURAL_FAILURE,1,0.0004,0.008,0.000,"20001206X01023_1"
LOW_VISIBILITY_OR_IMC,INFLIGHT_FIRE_OR_SMOKE,1,0.0004,0.013,1.000,"20001213X29893_1"
INSTRUMENT_OR_AVIONICS_FAILURE,DARK_NIGHT_OR_LOW_LIGHT,1,0.0013,0.030,1.000,"20001211X12079_1"
LOW_VISIBILITY_OR_IMC,BIRD_OR_WILDLIFE_STRIKE,1,0.0004,0.031,0.000,"20001211X13833_1"
INSTRUMENT_OR_AVIONICS_FAILURE,MAINTENANCE_INADEQUATE,1,0.0013,0.013,1.000,"20001207X03882_1"
PILOT_FATIGUE_OR_PHYSIOLOGICAL_STATE,ATC_OR_DISPATCH_INADEQUATE,1,0.0005,0.084,0.000,"20001207X02932_1"
ENGINE_FAILURE,LOW_VISIBILITY_OR_IMC,1,0.0001,0.001,0.000,"20001207X03271_1"
DARK_NIGHT_OR_LOW_LIGHT,PILOT_FATIGUE_OR_PHYSIOLOGICAL_STATE,1,0.0004,0.013,0.000,"20001207X04964_1"
TRAINING_OR_CURRENCY_GAP,FUEL_CONTAMINATION,1,0.0009,0.047,0.000,"20001208X05110_1"
ENGINE_FAILURE,CARBURETOR_OR_INDUCTION_ICING,1,0.0001,0.002,0.000,"20001208X07267_1"
ICING_ENCOUNTER,LOSS_OF_CONTROL_GROUND,1,0.0022,0.014,0.000,"20001208X07275_1"
RUNWAY_CONDITION_HAZARD,INSTRUMENT_OR_AVIONICS_FAILURE,1,0.0002,0.016,0.000,"20001206X00888_1"
CARBURETOR_OR_INDUCTION_ICING,FUEL_CONTAMINATION,1,0.0007,0.035,0.000,"20001211X09523_1"
ORG_OR_REGULATORY_INADEQUATE,CONTROL_SURFACE_ANOMALY,1,0.0012,0.038,0.000,"20001213X27705_1"
SPATIAL_DISORIENTATION,ATC_OR_DISPATCH_INADEQUATE,1,0.0011,0.168,1.000,"20001214X40623_1"
CONTROL_SURFACE_ANOMALY,DARK_NIGHT_OR_LOW_LIGHT,1,0.0006,0.013,1.000,"20001211X12135_1"
CONTROL_SURFACE_ANOMALY,ADVERSE_WIND_CONDITION,1,0.0006,0.004,1.000,"20001211X12135_1"
CARBURETOR_OR_INDUCTION_ICING,INSTRUMENT_OR_AVIONICS_FAILURE,1,0.0007,0.049,1.000,"20001212X18427_1"
LOW_VISIBILITY_OR_IMC,PILOT_FATIGUE_OR_PHYSIOLOGICAL_STATE,1,0.0004,0.011,0.000,"20001212X22401_1"
LOW_VISIBILITY_OR_IMC,MOUNTAINOUS_OR_RISING_TERRAIN,1,0.0004,0.008,1.000,"20001208X05578_1"
LOW_ALTITUDE_OPERATION,GROUND_PERSONNEL_ERROR,1,0.0007,0.034,0.000,"20001208X05398_1"
PILOT_FATIGUE_OR_PHYSIOLOGICAL_STATE,LOW_ALTITUDE_OPERATION,1,0.0005,0.022,0.000,"20001211X09448_1"
ENGINE_FAILURE,AIRCRAFT_WEIGHT_OR_BALANCE_OUT_OF_LIMITS,1,0.0001,0.003,1.000,"20001211X14899_1"
LOW_ALTITUDE_OPERATION,PILOT_FATIGUE_OR_PHYSIOLOGICAL_STATE,1,0.0007,0.022,1.000,"20001212X22447_1"
TRAINING_OR_CURRENCY_GAP,FUEL_SYSTEM_ANOMALY,1,0.0009,0.031,0.000,"20001206X02289_1"
AIRCRAFT_WEIGHT_OR_BALANCE_OUT_OF_LIMITS,BIRD_OR_WILDLIFE_STRIKE,1,0.0010,0.079,1.000,"20001207X03732_1"
ALTITUDE_DEVIATION_UNCONTROLLED,LOW_VISIBILITY_OR_IMC,1,0.0009,0.019,1.000,"20001208X05274_1"
THUNDERSTORM_OR_CONVECTIVE,PILOT_INCAPACITATION_OR_IMPAIRMENT,1,0.0031,0.133,0.000,"20001208X06539_1"
ORG_OR_REGULATORY_INADEQUATE,BIRD_OR_WILDLIFE_STRIKE,1,0.0012,0.099,0.000,"20001208X07959_1"
TURBULENCE_ENCOUNTER,MAINTENANCE_INADEQUATE,1,0.0007,0.007,0.000,"20001208X08670_1"
TURBULENCE_ENCOUNTER,LATENT_MECHANICAL_DEFECT,1,0.0007,0.005,1.000,"20001208X08670_1"
FUEL_SYSTEM_ANOMALY,ALTITUDE_DEVIATION_UNCONTROLLED,1,0.0006,0.030,1.000,"20001208X07572_1"
ORG_OR_REGULATORY_INADEQUATE,STALL,1,0.0012,0.010,0.000,"20001213X31253_1"
SPATIAL_DISORIENTATION,CREW_COORDINATION_FAILURE,1,0.0011,0.031,0.000,"20001211X11882_1"
ORG_OR_REGULATORY_INADEQUATE,INSTRUMENT_OR_AVIONICS_FAILURE,1,0.0012,0.086,1.000,"20001214X36566_1"
PILOT_FATIGUE_OR_PHYSIOLOGICAL_STATE,OTHER_SYSTEM_FAILURE,1,0.0005,0.008,1.000,"20001206X02766_1"
HIGH_DENSITY_ALTITUDE,FUEL_CONTAMINATION,1,0.0007,0.037,1.000,"20001211X13915_1"
BIRD_OR_WILDLIFE_STRIKE,TERRAIN_OR_OBSTACLE_PROXIMITY,1,0.0015,0.027,1.000,"20001211X13631_1"
AIRCRAFT_WEIGHT_OR_BALANCE_OUT_OF_LIMITS,SPATIAL_DISORIENTATION,1,0.0010,0.058,1.000,"20001208X06079_1"
PROCEDURE_NOT_FOLLOWED,ADVERSE_WIND_CONDITION,1,0.0001,0.000,1.000,"20001208X07238_1"
LOSS_OF_CONTROL_GROUND,FUEL_EXHAUSTION_OR_STARVATION,1,0.0001,0.001,0.000,"20001208X09238_1"
HIGH_DENSITY_ALTITUDE,AIRFRAME_STRUCTURAL_FAILURE,1,0.0007,0.015,0.000,"20001208X07115_1"
DECISION_INAPPROPRIATE,ORG_OR_REGULATORY_INADEQUATE,1,0.0000,0.003,0.000,"20001208X05479_1"
ORG_OR_REGULATORY_INADEQUATE,TERRAIN_OR_OBSTACLE_PROXIMITY,1,0.0012,0.022,0.000,"20001208X08925_1"
GROUND_PERSONNEL_ERROR,SPATIAL_DISORIENTATION,1,0.0008,0.050,0.000,"20001208X06978_1"
STALL,INFLIGHT_FIRE_OR_SMOKE,1,0.0002,0.005,1.000,"20001211X10679_1"
LOSS_OF_CONTROL_GROUND,FUEL_SYSTEM_ANOMALY,1,0.0001,0.004,1.000,"20001211X10975_1"
ALTITUDE_DEVIATION_UNCONTROLLED,BIRD_OR_WILDLIFE_STRIKE,1,0.0009,0.072,1.000,"20001211X11050_1"
TRAINING_OR_CURRENCY_GAP,LOW_ALTITUDE_OPERATION,1,0.0009,0.038,0.000,"20001211X11348_1"
TRAINING_OR_CURRENCY_GAP,ORG_OR_REGULATORY_INADEQUATE,1,0.0009,0.063,0.000,"20001211X10999_2"
DARK_NIGHT_OR_LOW_LIGHT,RUNWAY_CONDITION_HAZARD,1,0.0004,0.005,0.000,"20001211X11504_1"
FUEL_CONTAMINATION,AIRCRAFT_WEIGHT_OR_BALANCE_OUT_OF_LIMITS,1,0.0009,0.049,0.000,"20001211X11461_1"
TRAINING_OR_CURRENCY_GAP,PILOT_FATIGUE_OR_PHYSIOLOGICAL_STATE,1,0.0009,0.028,1.000,"20001211X11385_1"
ALTITUDE_DEVIATION_UNCONTROLLED,TURBULENCE_ENCOUNTER,1,0.0009,0.034,1.000,"20001205X00553_1"
TERRAIN_OR_OBSTACLE_PROXIMITY,AIRCRAFT_WEIGHT_OR_BALANCE_OUT_OF_LIMITS,1,0.0003,0.018,1.000,"20001212X18898_1"
LOSS_OF_CONTROL_GROUND,AIRCRAFT_WEIGHT_OR_BALANCE_OUT_OF_LIMITS,1,0.0001,0.006,1.000,"20001212X18898_1"
MAINTENANCE_INADEQUATE,TRAINING_OR_CURRENCY_GAP,1,0.0002,0.009,1.000,"20001212X20041_1"
ORG_OR_REGULATORY_INADEQUATE,DARK_NIGHT_OR_LOW_LIGHT,1,0.0012,0.029,0.000,"20001212X20203_1"
PERCEPTION_FAILURE,MOUNTAINOUS_OR_RISING_TERRAIN,1,0.0001,0.002,1.000,"20001212X21049_1"
AIRCRAFT_WEIGHT_OR_BALANCE_OUT_OF_LIMITS,DESIGN_DEFECT_LATENT,1,0.0010,0.070,1.000,"20001212X21796_1"
ALTITUDE_DEVIATION_UNCONTROLLED,ATC_OR_DISPATCH_INADEQUATE,1,0.0009,0.139,0.000,"20001212X21757_1"
STALL,UNSUITABLE_TERRAIN_FOR_FORCED_LANDING,1,0.0002,0.004,1.000,"20010105X00015_1"
ORG_OR_REGULATORY_INADEQUATE,LANDING_GEAR_ANOMALY,1,0.0012,0.016,0.000,"20001212X21299_1"
OTHER_SYSTEM_FAILURE,MOUNTAINOUS_OR_RISING_TERRAIN,1,0.0003,0.006,0.000,"20010810X01659_1"
MOUNTAINOUS_OR_RISING_TERRAIN,ENGINE_FAILURE,1,0.0004,0.001,1.000,"20010810X01659_1"
CREW_COORDINATION_FAILURE,BIRD_OR_WILDLIFE_STRIKE,1,0.0005,0.042,1.000,"20020125X00134_1"
ENGINE_FAILURE,TURBULENCE_ENCOUNTER,1,0.0001,0.002,0.000,"20020410X00486_1"
ADVERSE_WIND_CONDITION,HIGH_DENSITY_ALTITUDE,1,0.0001,0.005,1.000,"20011026X02153_1"
ATC_OR_DISPATCH_INADEQUATE,FUEL_EXHAUSTION_OR_STARVATION,1,0.0028,0.029,0.000,"20021028X05388_1"
BIRD_OR_WILDLIFE_STRIKE,RUNWAY_CONDITION_HAZARD,1,0.0015,0.019,1.000,"20021205X05569_1"
LANDING_GEAR_ANOMALY,ALTITUDE_DEVIATION_UNCONTROLLED,1,0.0002,0.011,1.000,"20021220X05624_1"
TERRAIN_OR_OBSTACLE_PROXIMITY,MAINTENANCE_INADEQUATE,1,0.0003,0.003,1.000,"20030602X00755_1"
LOSS_OF_CONTROL_GROUND,GROUND_PERSONNEL_ERROR,1,0.0001,0.005,0.000,"20030213X00217_1"
ORG_OR_REGULATORY_INADEQUATE,STRUCTURAL_OVERLOAD,1,0.0012,0.051,0.000,"20030408X00455_1"
MOUNTAINOUS_OR_RISING_TERRAIN,CONTROL_SURFACE_ANOMALY,1,0.0004,0.012,0.000,"20030714X01084_1"
PILOT_INCAPACITATION_OR_IMPAIRMENT,LATENT_MECHANICAL_DEFECT,1,0.0008,0.005,1.000,"20040429X00530_1"
FUEL_EXHAUSTION_OR_STARVATION,UNSUITABLE_TERRAIN_FOR_FORCED_LANDING,1,0.0002,0.005,1.000,"20040630X00891_1"
RUNWAY_CONDITION_HAZARD,DARK_NIGHT_OR_LOW_LIGHT,1,0.0002,0.005,1.000,"20050124X00098_1"
LATENT_MECHANICAL_DEFECT,ADVERSE_WIND_CONDITION,1,0.0001,0.001,0.000,"20041206X01928_1"
CARBURETOR_OR_INDUCTION_ICING,LOW_VISIBILITY_OR_IMC,1,0.0007,0.015,0.000,"20041104X01755_1"
THUNDERSTORM_OR_CONVECTIVE,BIRD_OR_WILDLIFE_STRIKE,1,0.0031,0.256,1.000,"20050204X00135_1"
FUEL_EXHAUSTION_OR_STARVATION,STRUCTURAL_OVERLOAD,1,0.0002,0.008,1.000,"20050408X00431_1"
LOSS_OF_CONTROL_INFLIGHT,RUNWAY_CONDITION_HAZARD,1,0.0001,0.001,1.000,"20051213X01968_1"
LOSS_OF_CONTROL_INFLIGHT,TURBULENCE_ENCOUNTER,1,0.0001,0.004,1.000,"20080307X00282_1"
UNSUITABLE_TERRAIN_FOR_FORCED_LANDING,OTHER_SYSTEM_FAILURE,1,0.0005,0.008,1.000,"20050907X01407_1"
LANDING_GEAR_ANOMALY,FUEL_EXHAUSTION_OR_STARVATION,1,0.0002,0.002,0.000,"20060217X00212_1"
FUEL_EXHAUSTION_OR_STARVATION,DARK_NIGHT_OR_LOW_LIGHT,1,0.0002,0.004,0.000,"20060217X00212_1"
GROUND_PERSONNEL_ERROR,STALL,1,0.0008,0.007,1.000,"20061212X01770_1"
LOSS_OF_CONTROL_INFLIGHT,ADVERSE_WIND_CONDITION,1,0.0001,0.001,0.000,"20060920X01368_1"
CREW_COORDINATION_FAILURE,AUTOMATION_ANOMALY,1,0.0005,0.070,1.000,"20061211X01766_1"
LOW_ALTITUDE_OPERATION,STRUCTURAL_OVERLOAD,1,0.0007,0.031,1.000,"20061103X01602_1"
LOW_VISIBILITY_OR_IMC,ADVERSE_WIND_CONDITION,1,0.0004,0.002,1.000,"20070426X00457_1"
ORG_OR_REGULATORY_INADEQUATE,TURBULENCE_ENCOUNTER,1,0.0012,0.046,0.000,"20070520X00598_1"
FUEL_SYSTEM_ANOMALY,TERRAIN_OR_OBSTACLE_PROXIMITY,1,0.0006,0.011,1.000,"20070806X01109_1"
ATC_OR_DISPATCH_INADEQUATE,LOSS_OF_CONTROL_GROUND,1,0.0028,0.018,1.000,"20070926X01445_1"
LOW_ALTITUDE_OPERATION,RUNWAY_CONDITION_HAZARD,1,0.0007,0.009,0.000,"20080911X01435_1"
LANDING_GEAR_ANOMALY,RUNWAY_CONDITION_HAZARD,1,0.0002,0.003,0.000,"20080902X01357_1"
ATC_OR_DISPATCH_INADEQUATE,RUNWAY_CONDITION_HAZARD,1,0.0028,0.036,0.000,"20081007X11136_1"
UNSUITABLE_TERRAIN_FOR_FORCED_LANDING,ENGINE_FAILURE,1,0.0005,0.002,0.000,"20090609X11907_1"
CONTROL_SURFACE_ANOMALY,LOW_VISIBILITY_OR_IMC,1,0.0006,0.012,1.000,"20090923X43402_1"
ENGINE_FAILURE,FUEL_CONTAMINATION,1,0.0001,0.003,1.000,"20090724X23943_1"
DARK_NIGHT_OR_LOW_LIGHT,TRAINING_OR_CURRENCY_GAP,1,0.0004,0.022,0.000,"20091105X01701_1"
PERCEPTION_FAILURE,THUNDERSTORM_OR_CONVECTIVE,1,0.0001,0.019,0.000,"20100701X93344_1"
ICING_ENCOUNTER,TURBULENCE_ENCOUNTER,1,0.0022,0.085,1.000,"20110110X84545_1"
MOUNTAINOUS_OR_RISING_TERRAIN,DARK_NIGHT_OR_LOW_LIGHT,1,0.0004,0.009,1.000,"20110524X40415_1"
AIRFRAME_STRUCTURAL_FAILURE,ALTITUDE_DEVIATION_UNCONTROLLED,1,0.0004,0.018,1.000,"20110213X31950_1"
CONTROL_SURFACE_ANOMALY,FUEL_SYSTEM_ANOMALY,1,0.0006,0.018,1.000,"20110111X90812_1"
LOSS_OF_CONTROL_INFLIGHT,INSTRUMENT_OR_AVIONICS_FAILURE,1,0.0001,0.007,0.000,"20110615X75017_1"
WIND_SHEAR_OR_GUST,FUEL_SYSTEM_ANOMALY,1,0.0005,0.015,1.000,"20120727X33919_1"
PILOT_FATIGUE_OR_PHYSIOLOGICAL_STATE,STRUCTURAL_OVERLOAD,1,0.0005,0.022,0.000,"20121130X74908_1"
LOSS_OF_CONTROL_GROUND,LATENT_MECHANICAL_DEFECT,1,0.0001,0.001,1.000,"20130808X74709_1"
CARBURETOR_OR_INDUCTION_ICING,LOSS_OF_CONTROL_GROUND,1,0.0007,0.004,0.000,"20130529X35908_1"
AIRFRAME_STRUCTURAL_FAILURE,RUNWAY_CONDITION_HAZARD,1,0.0004,0.005,1.000,"20130819X00249_1"
AIRCRAFT_WEIGHT_OR_BALANCE_OUT_OF_LIMITS,MAINTENANCE_INADEQUATE,1,0.0010,0.010,0.000,"20131220X70905_1"
PERCEPTION_FAILURE,ICING_ENCOUNTER,1,0.0001,0.013,1.000,"20131205X60841_1"
STRUCTURAL_OVERLOAD,MAINTENANCE_INADEQUATE,1,0.0007,0.007,0.000,"20140130X70327_1"
MOUNTAINOUS_OR_RISING_TERRAIN,PILOT_INCAPACITATION_OR_IMPAIRMENT,1,0.0004,0.016,0.000,"20140721X21112_1"
CONTROL_INPUT_IMPROPER,TRAINING_OR_CURRENCY_GAP,1,0.0000,0.002,1.000,"20140515X84541_1"
DESIGN_DEFECT_LATENT,CREW_COORDINATION_FAILURE,1,0.0013,0.038,0.000,"20150526X72119_1"
HIGH_DENSITY_ALTITUDE,LATENT_MECHANICAL_DEFECT,1,0.0007,0.005,0.000,"20150925X30936_1"
LOW_ALTITUDE_OPERATION,ENGINE_FAILURE,1,0.0007,0.002,0.000,"20150925X40929_1"
TURBULENCE_ENCOUNTER,ATC_OR_DISPATCH_INADEQUATE,1,0.0007,0.107,1.000,"20160413X30204_1"
CREW_COORDINATION_FAILURE,RUNWAY_CONDITION_HAZARD,1,0.0005,0.007,1.000,"20150727X40532_1"
CONTROL_INPUT_IMPROPER,ADVERSE_WIND_CONDITION,1,0.0000,0.000,1.000,"20151020X24048_1"
INSTRUMENT_OR_AVIONICS_FAILURE,AIRFRAME_STRUCTURAL_FAILURE,1,0.0013,0.026,1.000,"20150827X41302_1"
ALTITUDE_DEVIATION_UNCONTROLLED,RUNWAY_CONDITION_HAZARD,1,0.0009,0.011,1.000,"20160809X64640_1"
WIND_SHEAR_OR_GUST,RUNWAY_CONDITION_HAZARD,1,0.0005,0.006,1.000,"20160622X85638_1"
FUEL_SYSTEM_ANOMALY,DESIGN_DEFECT_LATENT,1,0.0006,0.043,1.000,"20160827X23858_1"
CARBURETOR_OR_INDUCTION_ICING,RUNWAY_CONDITION_HAZARD,1,0.0007,0.009,0.000,"20170610X23258_1"
STRUCTURAL_OVERLOAD,FUEL_SYSTEM_ANOMALY,1,0.0007,0.025,1.000,"20161027X90950_1"
ICING_ENCOUNTER,FUEL_EXHAUSTION_OR_STARVATION,1,0.0022,0.023,1.000,"20170113X00618_1"
LOW_ALTITUDE_OPERATION,FUEL_SYSTEM_ANOMALY,1,0.0007,0.024,1.000,"20160629X12550_1"
DARK_NIGHT_OR_LOW_LIGHT,INFLIGHT_FIRE_OR_SMOKE,1,0.0004,0.014,0.000,"20001208X09140_1"
STRUCTURAL_OVERLOAD,STALL,1,0.0007,0.006,1.000,"20001211X09409_1"
ICING_ENCOUNTER,WIND_SHEAR_OR_GUST,1,0.0022,0.057,0.000,"20001211X09528_1"
AIRCRAFT_WEIGHT_OR_BALANCE_OUT_OF_LIMITS,INFLIGHT_FIRE_OR_SMOKE,1,0.0010,0.032,0.000,"20001211X11092_1"
ATC_OR_DISPATCH_INADEQUATE,LATENT_MECHANICAL_DEFECT,1,0.0028,0.019,1.000,"20080829X01354_1"
CARBURETOR_OR_INDUCTION_ICING,UNSUITABLE_TERRAIN_FOR_FORCED_LANDING,1,0.0007,0.020,1.000,"20170724X04859_1"
UNSUITABLE_TERRAIN_FOR_FORCED_LANDING,ADVERSE_WIND_CONDITION,1,0.0005,0.003,1.000,"20170724X04859_1"
AIRFRAME_STRUCTURAL_FAILURE,LATENT_MECHANICAL_DEFECT,1,0.0004,0.002,1.000,"20180507X42518_1"
ATC_OR_DISPATCH_INADEQUATE,INSTRUMENT_OR_AVIONICS_FAILURE,1,0.0028,0.200,1.000,"20180622X92612_1"
ALTITUDE_DEVIATION_UNCONTROLLED,WIND_SHEAR_OR_GUST,1,0.0009,0.023,0.000,"20180709X80010_1"
CONTROL_INPUT_IMPROPER,PILOT_FATIGUE_OR_PHYSIOLOGICAL_STATE,1,0.0000,0.001,0.000,"20180705X71012_1"
ADVERSE_WIND_CONDITION,INSTRUMENT_OR_AVIONICS_FAILURE,1,0.0001,0.008,1.000,"20180905X90334_1"
OTHER_SYSTEM_FAILURE,DARK_NIGHT_OR_LOW_LIGHT,1,0.0003,0.007,1.000,"20181005X25343_1"
INSTRUMENT_OR_AVIONICS_FAILURE,LATENT_MECHANICAL_DEFECT,1,0.0013,0.009,1.000,"20180927X41915_1"
INFLIGHT_FIRE_OR_SMOKE,FUEL_EXHAUSTION_OR_STARVATION,1,0.0006,0.006,0.000,"20180921X14852_1"
AUTOMATION_ANOMALY,FUEL_EXHAUSTION_OR_STARVATION,1,0.0024,0.025,1.000,"20181231X63848_1"
DESIGN_DEFECT_LATENT,BIRD_OR_WILDLIFE_STRIKE,1,0.0013,0.105,1.000,"20190511X74832_1"
ATC_OR_DISPATCH_INADEQUATE,STALL,1,0.0028,0.024,0.000,"20190708X12801_1"
WIND_SHEAR_OR_GUST,INSTRUMENT_OR_AVIONICS_FAILURE,1,0.0005,0.032,0.000,"20210321102790_1"
MAINTENANCE_INADEQUATE,ADVERSE_WIND_CONDITION,1,0.0002,0.001,1.000,"20201112102275_1"
LOSS_OF_CONTROL_INFLIGHT,PILOT_FATIGUE_OR_PHYSIOLOGICAL_STATE,1,0.0001,0.003,1.000,"20210306102718_1"
TRAINING_OR_CURRENCY_GAP,RUNWAY_CONDITION_HAZARD,1,0.0009,0.012,0.000,"20201211102401_1"
LOW_ALTITUDE_OPERATION,AUTOMATION_ANOMALY,1,0.0007,0.098,0.000,"20210419102942_1"
LATENT_MECHANICAL_DEFECT,TURBULENCE_ENCOUNTER,1,0.0001,0.005,1.000,"20210713103465_1"
PILOT_FATIGUE_OR_PHYSIOLOGICAL_STATE,CONTROL_SURFACE_ANOMALY,1,0.0005,0.016,0.000,"20210625103344_1"
CARBURETOR_OR_INDUCTION_ICING,AUTOMATION_ANOMALY,1,0.0007,0.092,0.000,"20211101104187_1"
PERCEPTION_FAILURE,UNSUITABLE_TERRAIN_FOR_FORCED_LANDING,1,0.0001,0.003,0.000,"20210720103514_1"
LANDING_GEAR_ANOMALY,FUEL_CONTAMINATION,1,0.0002,0.012,1.000,"20220830105831_1"
FUEL_EXHAUSTION_OR_STARVATION,INFLIGHT_FIRE_OR_SMOKE,1,0.0002,0.006,1.000,"20230504107309_1"
LOW_ALTITUDE_OPERATION,CARBURETOR_OR_INDUCTION_ICING,1,0.0007,0.028,0.000,"20230807192817_1"
OTHER_SYSTEM_FAILURE,RUNWAY_CONDITION_HAZARD,1,0.0003,0.003,1.000,"20230907193022_1"
STRUCTURAL_OVERLOAD,ALTITUDE_DEVIATION_UNCONTROLLED,1,0.0007,0.037,0.000,"20231213193520_1"
FUEL_EXHAUSTION_OR_STARVATION,PILOT_FATIGUE_OR_PHYSIOLOGICAL_STATE,1,0.0002,0.006,0.000,"20240221193823_1"
BIRD_OR_WILDLIFE_STRIKE,AUTOMATION_ANOMALY,1,0.0015,0.196,0.000,"20241017195334_1"
PROCEDURE_NOT_FOLLOWED,PILOT_FATIGUE_OR_PHYSIOLOGICAL_STATE,1,0.0001,0.002,0.000,"20240813194922_1"
AIRCRAFT_WEIGHT_OR_BALANCE_OUT_OF_LIMITS,TURBULENCE_ENCOUNTER,1,0.0010,0.037,0.000,"20241219199445_1"
CARBURETOR_OR_INDUCTION_ICING,MAINTENANCE_INADEQUATE,1,0.0007,0.007,0.000,"19940117002239I"
LOW_ALTITUDE_OPERATION,MOUNTAINOUS_OR_RISING_TERRAIN,1,0.0007,0.016,1.000,"19970419006179A"
ICING_ENCOUNTER,AUTOMATION_ANOMALY,1,0.0022,0.299,1.000,"19961124042649I"
HIGH_DENSITY_ALTITUDE,INFLIGHT_FIRE_OR_SMOKE,1,0.0007,0.024,0.000,"19980716037349I"
DARK_NIGHT_OR_LOW_LIGHT,STRUCTURAL_OVERLOAD,1,0.0004,0.018,0.000,"19971106039939A"
FUEL_SYSTEM_ANOMALY,PILOT_INCAPACITATION_OR_IMPAIRMENT,1,0.0006,0.025,1.000,"19990813012049A"
PILOT_INCAPACITATION_OR_IMPAIRMENT,INFLIGHT_FIRE_OR_SMOKE,1,0.0008,0.025,0.000,"19980619014349A"
FUEL_SYSTEM_ANOMALY,CREW_COORDINATION_FAILURE,1,0.0006,0.017,0.000,"19990212013949A"
OTHER_SYSTEM_FAILURE,ICING_ENCOUNTER,1,0.0003,0.034,1.000,"19970104002469I"
ICING_ENCOUNTER,TERRAIN_OR_OBSTACLE_PROXIMITY,1,0.0022,0.041,1.000,"19970104002469I"
STALL,RUNWAY_CONDITION_HAZARD,1,0.0002,0.002,1.000,"19970819038879I"
LOW_VISIBILITY_OR_IMC,FUEL_EXHAUSTION_OR_STARVATION,1,0.0004,0.004,0.000,"20000214012619A"
SPATIAL_DISORIENTATION,DARK_NIGHT_OR_LOW_LIGHT,1,0.0011,0.025,0.000,"19980531011489A"
GROUND_PERSONNEL_ERROR,CARBURETOR_OR_INDUCTION_ICING,1,0.0008,0.032,1.000,"19990207001149A"
HIGH_DENSITY_ALTITUDE,PILOT_FATIGUE_OR_PHYSIOLOGICAL_STATE,1,0.0007,0.022,1.000,"19971008045849A"
INFLIGHT_FIRE_OR_SMOKE,ALTITUDE_DEVIATION_UNCONTROLLED,1,0.0006,0.030,0.000,"19980916038279A"
INFLIGHT_FIRE_OR_SMOKE,ATC_OR_DISPATCH_INADEQUATE,1,0.0006,0.093,1.000,"19981109043769I"
ADVERSE_WIND_CONDITION,MAINTENANCE_INADEQUATE,1,0.0001,0.001,0.000,"20000803013649A"
FUEL_EXHAUSTION_OR_STARVATION,ORG_OR_REGULATORY_INADEQUATE,1,0.0002,0.013,0.000,"20000617010289A"
MAINTENANCE_INADEQUATE,BIRD_OR_WILDLIFE_STRIKE,1,0.0002,0.014,1.000,"20010411006489A"
CONTROL_SURFACE_ANOMALY,TURBULENCE_ENCOUNTER,1,0.0006,0.021,1.000,"20011112037169I"
CREW_COORDINATION_FAILURE,PILOT_INCAPACITATION_OR_IMPAIRMENT,1,0.0005,0.022,0.000,"20020617038289A"
INSTRUMENT_OR_AVIONICS_FAILURE,GROUND_PERSONNEL_ERROR,1,0.0013,0.059,0.000,"20041130031359A"
ICING_ENCOUNTER,AIRCRAFT_WEIGHT_OR_BALANCE_OUT_OF_LIMITS,1,0.0022,0.121,1.000,"20050103000699A"
WIND_SHEAR_OR_GUST,LATENT_MECHANICAL_DEFECT,1,0.0005,0.003,1.000,"20040702012529A"
LATENT_MECHANICAL_DEFECT,DESIGN_DEFECT_LATENT,1,0.0001,0.009,0.000,"20080514847429I"
ALTITUDE_DEVIATION_UNCONTROLLED,FUEL_EXHAUSTION_OR_STARVATION,1,0.0009,0.009,0.000,"20090308005799A"
LOSS_OF_CONTROL_GROUND,BIRD_OR_WILDLIFE_STRIKE,1,0.0001,0.009,1.000,"20100127026979I"
AUTOMATION_ANOMALY,TURBULENCE_ENCOUNTER,1,0.0024,0.091,0.000,"20100213036019A"
CARBURETOR_OR_INDUCTION_ICING,SPATIAL_DISORIENTATION,1,0.0007,0.041,1.000,"20080201010929A"
INSTRUMENT_OR_AVIONICS_FAILURE,ICING_ENCOUNTER,1,0.0013,0.159,0.000,"20101225053939A"
CONTROL_INPUT_IMPROPER,ORG_OR_REGULATORY_INADEQUATE,1,0.0000,0.002,0.000,"20110831023369I"
AIRFRAME_STRUCTURAL_FAILURE,LOW_VISIBILITY_OR_IMC,1,0.0004,0.008,1.000,"20130505011459A"
CREW_COORDINATION_FAILURE,TURBULENCE_ENCOUNTER,1,0.0005,0.020,1.000,"20121013023732A"
FUEL_CONTAMINATION,PILOT_INCAPACITATION_OR_IMPAIRMENT,1,0.0009,0.039,0.000,"20130717013789A"
AIRCRAFT_WEIGHT_OR_BALANCE_OUT_OF_LIMITS,TRAINING_OR_CURRENCY_GAP,1,0.0010,0.050,1.000,"20130713014069A"
ICING_ENCOUNTER,MAINTENANCE_INADEQUATE,1,0.0022,0.022,0.000,"20131208023279A"
LOSS_OF_CONTROL_GROUND,LOW_ALTITUDE_OPERATION,1,0.0001,0.005,1.000,"20160610008309A"
TERRAIN_OR_OBSTACLE_PROXIMITY,RUNWAY_CONDITION_HAZARD,1,0.0003,0.004,1.000,"20170718012499A"
SPATIAL_DISORIENTATION,FUEL_SYSTEM_ANOMALY,1,0.0011,0.036,0.000,"20160621014679A"
CONTROL_INPUT_IMPROPER,MAINTENANCE_INADEQUATE,1,0.0000,0.000,1.000,"20181025020829I"
DARK_NIGHT_OR_LOW_LIGHT,INSTRUMENT_OR_AVIONICS_FAILURE,1,0.0004,0.030,0.000,"20200917021049I"
AIRCRAFT_WEIGHT_OR_BALANCE_OUT_OF_LIMITS,AUTOMATION_ANOMALY,1,0.0010,0.130,0.000,"20210724011789A"
WIND_SHEAR_OR_GUST,LOW_VISIBILITY_OR_IMC,1,0.0005,0.010,0.000,"20200917013099I"
LANDING_GEAR_ANOMALY,WIND_SHEAR_OR_GUST,1,0.0002,0.006,1.000,"20200902020769I"
STRUCTURAL_OVERLOAD,AUTOMATION_ANOMALY,1,0.0007,0.100,0.000,"20230507008449A"
LOSS_OF_CONTROL_INFLIGHT,GROUND_PERSONNEL_ERROR,1,0.0001,0.005,0.000,"20210621008559I"
LOW_ALTITUDE_OPERATION,CONTROL_SURFACE_ANOMALY,1,0.0007,0.023,0.000,"20230827012319A"
AUTOMATION_ANOMALY,MAINTENANCE_INADEQUATE,1,0.0024,0.024,0.000,"20240820011809I"
OTHER_SYSTEM_FAILURE,LOW_ALTITUDE_OPERATION,1,0.0003,0.011,0.000,"20201229020189A"
BIRD_OR_WILDLIFE_STRIKE,STALL,1,0.0015,0.012,1.000,"20220118000759A"
LOW_ALTITUDE_OPERATION,AIRFRAME_STRUCTURAL_FAILURE,1,0.0007,0.015,0.000,"20220718007789A"
RUNWAY_CONDITION_HAZARD,FUEL_SYSTEM_ANOMALY,1,0.0002,0.008,0.000,"20221103013469A"
WIND_SHEAR_OR_GUST,ENGINE_FAILURE,1,0.0005,0.002,0.000,"20230203005579I"
AUTOMATION_ANOMALY,INFLIGHT_FIRE_OR_SMOKE,1,0.0024,0.080,1.000,"20250404003549I"
LOW_ALTITUDE_OPERATION,INFLIGHT_FIRE_OR_SMOKE,1,0.0007,0.024,0.000,"20240625011439A"
FUEL_EXHAUSTION_OR_STARVATION,TERRAIN_OR_OBSTACLE_PROXIMITY,1,0.0002,0.003,1.000,"20250824010509I"
LANDING_GEAR_ANOMALY,PILOT_FATIGUE_OR_PHYSIOLOGICAL_STATE,1,0.0002,0.007,0.000,"20240808012799A"
HIGH_DENSITY_ALTITUDE,FUEL_EXHAUSTION_OR_STARVATION,1,0.0007,0.008,0.000,"20210922016309A"
TERRAIN_OR_OBSTACLE_PROXIMITY,GROUND_PERSONNEL_ERROR,1,0.0003,0.015,0.000,"20251001018219I"
