guided_json: enforcing schema schema_v3.json
resume: skipping 1984 already-done records
loaded 54218 records to extract
[10/54218] ok=10 last_latency=26.9s source=NTSB_ASRS:Pre2008
[20/54218] ok=20 last_latency=23.0s source=NTSB_ASRS:Pre2008
[30/54218] ok=30 last_latency=14.3s source=NTSB_ASRS:Pre2008
[40/54218] ok=40 last_latency=18.7s source=NTSB_ASRS:Pre2008
[50/54218] ok=49 last_latency=22.1s source=NTSB_ASRS:Pre2008
[60/54218] ok=59 last_latency=25.0s source=NTSB_ASRS:Pre2008
[70/54218] ok=69 last_latency=25.0s source=NTSB_ASRS:Pre2008
[80/54218] ok=79 last_latency=23.8s source=NTSB_ASRS:Pre2008
[90/54218] ok=89 last_latency=23.5s source=NTSB_ASRS:Pre2008
[100/54218] ok=99 last_latency=25.1s source=NTSB_ASRS:Pre2008
[110/54218] ok=109 last_latency=31.1s source=NTSB_ASRS:Pre2008
[120/54218] ok=119 last_latency=29.1s source=NTSB_ASRS:Pre2008
[130/54218] ok=129 last_latency=23.0s source=NTSB_ASRS:Pre2008
[140/54218] ok=139 last_latency=17.9s source=NTSB_ASRS:Pre2008
[150/54218] ok=149 last_latency=24.2s source=NTSB_ASRS:Pre2008
[160/54218] ok=159 last_latency=28.7s source=NTSB_ASRS:Pre2008
[170/54218] ok=169 last_latency=23.3s source=NTSB_ASRS:Pre2008
[180/54218] ok=179 last_latency=24.8s source=NTSB_ASRS:Pre2008
[190/54218] ok=189 last_latency=26.2s source=NTSB_ASRS:Pre2008
[200/54218] ok=198 last_latency=25.2s source=NTSB_ASRS:Pre2008
[210/54218] ok=207 last_latency=27.6s source=NTSB_ASRS:Pre2008
[220/54218] ok=217 last_latency=25.5s source=NTSB_ASRS:Pre2008
[230/54218] ok=227 last_latency=27.2s source=NTSB_ASRS:Pre2008
[240/54218] ok=237 last_latency=18.5s source=NTSB_ASRS:Pre2008
[250/54218] ok=247 last_latency=28.0s source=NTSB_ASRS:Pre2008
[260/54218] ok=257 last_latency=23.5s source=NTSB_ASRS:Pre2008
[270/54218] ok=267 last_latency=32.6s source=NTSB_ASRS:Pre2008
[280/54218] ok=277 last_latency=12.2s source=NTSB_ASRS:Pre2008
[290/54218] ok=287 last_latency=35.8s source=NTSB_ASRS:Pre2008
[300/54218] ok=297 last_latency=28.8s source=NTSB_ASRS:Pre2008
[310/54218] ok=307 last_latency=25.1s source=NTSB_ASRS:Pre2008
[320/54218] ok=317 last_latency=23.8s source=NTSB_ASRS:Pre2008
[330/54218] ok=327 last_latency=28.8s source=NTSB_ASRS:Pre2008
[340/54218] ok=336 last_latency=20.5s source=NTSB_ASRS:Pre2008
[350/54218] ok=346 last_latency=22.1s source=NTSB_ASRS:Pre2008
[360/54218] ok=356 last_latency=32.1s source=NTSB_ASRS:Pre2008
[370/54218] ok=366 last_latency=23.6s source=NTSB_ASRS:Pre2008
[380/54218] ok=376 last_latency=22.8s source=NTSB_ASRS:Pre2008
[390/54218] ok=386 last_latency=19.8s source=NTSB_ASRS:Pre2008
[400/54218] ok=396 last_latency=23.4s source=NTSB_ASRS:Pre2008
[410/54218] ok=406 last_latency=31.5s source=NTSB_ASRS:Pre2008
[420/54218] ok=416 last_latency=25.8s source=NTSB_ASRS:Pre2008
[430/54218] ok=426 last_latency=26.8s source=NTSB_ASRS:Pre2008
[440/54218] ok=436 last_latency=23.0s source=NTSB_ASRS:Pre2008
[450/54218] ok=446 last_latency=25.1s source=NTSB_ASRS:Pre2008
[460/54218] ok=456 last_latency=19.6s source=NTSB_ASRS:Pre2008
[470/54218] ok=466 last_latency=31.0s source=NTSB_ASRS:Pre2008
[480/54218] ok=476 last_latency=22.9s source=NTSB_ASRS:Pre2008
[490/54218] ok=485 last_latency=27.3s source=NTSB_ASRS:Pre2008
[500/54218] ok=495 last_latency=24.4s source=NTSB_ASRS:Pre2008
[510/54218] ok=505 last_latency=23.3s source=NTSB_ASRS:Pre2008
[520/54218] ok=515 last_latency=27.7s source=NTSB_ASRS:Pre2008
[530/54218] ok=525 last_latency=12.1s source=NTSB_ASRS:Pre2008
[540/54218] ok=535 last_latency=32.2s source=NTSB_ASRS:Pre2008
[550/54218] ok=545 last_latency=22.4s source=NTSB_ASRS:Pre2008
[560/54218] ok=555 last_latency=25.8s source=NTSB_ASRS:Pre2008
[570/54218] ok=565 last_latency=24.0s source=NTSB_ASRS:Pre2008
[580/54218] ok=575 last_latency=25.7s source=NTSB_ASRS:Pre2008
[590/54218] ok=585 last_latency=27.0s source=NTSB_ASRS:Pre2008
[600/54218] ok=595 last_latency=20.2s source=NTSB_ASRS:Pre2008
[610/54218] ok=605 last_latency=20.9s source=NTSB_ASRS:Pre2008
[620/54218] ok=615 last_latency=42.1s source=NTSB_ASRS:Pre2008
[630/54218] ok=625 last_latency=25.6s source=NTSB_ASRS:Pre2008
[640/54218] ok=635 last_latency=23.3s source=NTSB_ASRS:Pre2008
[650/54218] ok=645 last_latency=25.5s source=NTSB_ASRS:Pre2008
[660/54218] ok=654 last_latency=22.8s source=NTSB_ASRS:Pre2008
[670/54218] ok=664 last_latency=30.6s source=NTSB_ASRS:Pre2008
[680/54218] ok=674 last_latency=20.4s source=NTSB_ASRS:Pre2008
[690/54218] ok=684 last_latency=23.7s source=NTSB_ASRS:Pre2008
[700/54218] ok=693 last_latency=26.8s source=NTSB_ASRS:Pre2008
[710/54218] ok=703 last_latency=26.1s source=NTSB_ASRS:Pre2008
[720/54218] ok=713 last_latency=31.2s source=NTSB_ASRS:Pre2008
[730/54218] ok=723 last_latency=29.6s source=NTSB_ASRS:Pre2008
[740/54218] ok=733 last_latency=22.6s source=NTSB_ASRS:Pre2008
[750/54218] ok=743 last_latency=18.3s source=NTSB_ASRS:Pre2008
[760/54218] ok=753 last_latency=17.3s source=NTSB_ASRS:Pre2008
[770/54218] ok=763 last_latency=26.8s source=NTSB_ASRS:Pre2008
[780/54218] ok=773 last_latency=36.1s source=NTSB_ASRS:Pre2008
[790/54218] ok=783 last_latency=26.2s source=NTSB_ASRS:Pre2008
[800/54218] ok=793 last_latency=28.1s source=NTSB_ASRS:Pre2008
[810/54218] ok=803 last_latency=21.5s source=NTSB_ASRS:Pre2008
[820/54218] ok=813 last_latency=20.3s source=NTSB_ASRS:Pre2008
[830/54218] ok=822 last_latency=29.5s source=NTSB_ASRS:Pre2008
[840/54218] ok=832 last_latency=24.5s source=NTSB_ASRS:Pre2008
[850/54218] ok=842 last_latency=23.6s source=NTSB_ASRS:Pre2008
[860/54218] ok=851 last_latency=34.0s source=NTSB_ASRS:Pre2008
[870/54218] ok=861 last_latency=21.6s source=NTSB_ASRS:Pre2008
[880/54218] ok=871 last_latency=18.0s source=NTSB_ASRS:Pre2008
[890/54218] ok=881 last_latency=27.5s source=NTSB_ASRS:Pre2008
[900/54218] ok=891 last_latency=36.0s source=NTSB_ASRS:Pre2008
[910/54218] ok=901 last_latency=23.8s source=NTSB_ASRS:Pre2008
[920/54218] ok=911 last_latency=29.0s source=NTSB_ASRS:Pre2008
[930/54218] ok=921 last_latency=27.8s source=NTSB_ASRS:Pre2008
[940/54218] ok=931 last_latency=22.4s source=NTSB_ASRS:Pre2008
[950/54218] ok=940 last_latency=24.4s source=NTSB_ASRS:Pre2008
[960/54218] ok=950 last_latency=30.1s source=NTSB_ASRS:Pre2008
[970/54218] ok=960 last_latency=15.2s source=NTSB_ASRS:Pre2008
[980/54218] ok=970 last_latency=17.3s source=NTSB_ASRS:Pre2008
[990/54218] ok=980 last_latency=23.3s source=NTSB_ASRS:Pre2008
[1000/54218] ok=990 last_latency=26.0s source=NTSB_ASRS:Pre2008
[1010/54218] ok=999 last_latency=22.1s source=NTSB_ASRS:Pre2008
[1020/54218] ok=1009 last_latency=24.8s source=NTSB_ASRS:Pre2008
[1030/54218] ok=1019 last_latency=27.0s source=NTSB_ASRS:Pre2008
[1040/54218] ok=1029 last_latency=25.4s source=NTSB_ASRS:Pre2008
[1050/54218] ok=1039 last_latency=11.9s source=NTSB_ASRS:Pre2008
[1060/54218] ok=1049 last_latency=35.1s source=NTSB_ASRS:Pre2008
[1070/54218] ok=1058 last_latency=23.9s source=NTSB_ASRS:Pre2008
[1080/54218] ok=1068 last_latency=39.0s source=NTSB_ASRS:Pre2008
[1090/54218] ok=1078 last_latency=26.5s source=NTSB_ASRS:Pre2008
[1100/54218] ok=1088 last_latency=29.0s source=NTSB_ASRS:Pre2008
[1110/54218] ok=1098 last_latency=29.9s source=NTSB_ASRS:Pre2008
[1120/54218] ok=1108 last_latency=22.5s source=NTSB_ASRS:Pre2008
[1130/54218] ok=1117 last_latency=27.4s source=NTSB_ASRS:Pre2008
[1140/54218] ok=1127 last_latency=27.9s source=NTSB_ASRS:Pre2008
[1150/54218] ok=1137 last_latency=30.7s source=NTSB_ASRS:Pre2008
[1160/54218] ok=1147 last_latency=26.5s source=NTSB_ASRS:Pre2008
[1170/54218] ok=1157 last_latency=26.5s source=NTSB_ASRS:Pre2008
[1180/54218] ok=1167 last_latency=23.8s source=NTSB_ASRS:Pre2008
[1190/54218] ok=1177 last_latency=31.0s source=NTSB_ASRS:Pre2008
[1200/54218] ok=1187 last_latency=23.2s source=NTSB_ASRS:Pre2008
[1210/54218] ok=1197 last_latency=22.8s source=NTSB_ASRS:Pre2008
[1220/54218] ok=1207 last_latency=27.6s source=NTSB_ASRS:Pre2008
[1230/54218] ok=1217 last_latency=20.4s source=NTSB_ASRS:Pre2008
[1240/54218] ok=1227 last_latency=21.7s source=NTSB_ASRS:Pre2008
[1250/54218] ok=1236 last_latency=22.5s source=NTSB_ASRS:Pre2008
[1260/54218] ok=1246 last_latency=26.0s source=NTSB_ASRS:Pre2008
[1270/54218] ok=1256 last_latency=22.5s source=NTSB_ASRS:Pre2008
[1280/54218] ok=1266 last_latency=24.0s source=NTSB_ASRS:Pre2008
[1290/54218] ok=1275 last_latency=18.2s source=NTSB_ASRS:Pre2008
[1300/54218] ok=1285 last_latency=26.2s source=NTSB_ASRS:Pre2008
[1310/54218] ok=1295 last_latency=23.8s source=NTSB_ASRS:Pre2008
[1320/54218] ok=1305 last_latency=25.1s source=NTSB_ASRS:Pre2008
[1330/54218] ok=1315 last_latency=22.8s source=NTSB_ASRS:Pre2008
[1340/54218] ok=1325 last_latency=27.7s source=NTSB_ASRS:Pre2008
[1350/54218] ok=1335 last_latency=19.6s source=NTSB_ASRS:Pre2008
[1360/54218] ok=1345 last_latency=26.5s source=NTSB_ASRS:Pre2008
[1370/54218] ok=1355 last_latency=25.2s source=NTSB_ASRS:Pre2008
[1380/54218] ok=1364 last_latency=28.4s source=NTSB_ASRS:Pre2008
[1390/54218] ok=1373 last_latency=22.1s source=NTSB_ASRS:Pre2008
[1400/54218] ok=1383 last_latency=31.1s source=NTSB_ASRS:Pre2008
[1410/54218] ok=1393 last_latency=29.4s source=NTSB_ASRS:Pre2008
[1420/54218] ok=1402 last_latency=24.0s source=NTSB_ASRS:Pre2008
[1430/54218] ok=1412 last_latency=28.2s source=NTSB_ASRS:Pre2008
[1440/54218] ok=1422 last_latency=21.0s source=NTSB_ASRS:Pre2008
[1450/54218] ok=1432 last_latency=29.7s source=NTSB_ASRS:Pre2008
[1460/54218] ok=1442 last_latency=16.7s source=NTSB_ASRS:Pre2008
[1470/54218] ok=1452 last_latency=29.1s source=NTSB_ASRS:Pre2008
[1480/54218] ok=1462 last_latency=27.4s source=NTSB_ASRS:Pre2008
[1490/54218] ok=1472 last_latency=24.6s source=NTSB_ASRS:Pre2008
[1500/54218] ok=1482 last_latency=38.4s source=NTSB_ASRS:Pre2008
[1510/54218] ok=1492 last_latency=26.8s source=NTSB_ASRS:Pre2008
[1520/54218] ok=1502 last_latency=26.5s source=NTSB_ASRS:Pre2008
[1530/54218] ok=1510 last_latency=25.8s source=NTSB_ASRS:Pre2008
[1540/54218] ok=1520 last_latency=28.0s source=NTSB_ASRS:Pre2008
[1550/54218] ok=1530 last_latency=24.3s source=NTSB_ASRS:Pre2008
[1560/54218] ok=1540 last_latency=23.8s source=NTSB_ASRS:Pre2008
[1570/54218] ok=1550 last_latency=27.0s source=NTSB_ASRS:Pre2008
[1580/54218] ok=1560 last_latency=30.1s source=NTSB_ASRS:Pre2008
[1590/54218] ok=1570 last_latency=20.8s source=NTSB_ASRS:Pre2008
[1600/54218] ok=1580 last_latency=26.2s source=NTSB_ASRS:Pre2008
[1610/54218] ok=1590 last_latency=34.7s source=NTSB_ASRS:Pre2008
[1620/54218] ok=1600 last_latency=25.8s source=NTSB_ASRS:Pre2008
[1630/54218] ok=1610 last_latency=29.9s source=NTSB_ASRS:Pre2008
[1640/54218] ok=1620 last_latency=26.3s source=NTSB_ASRS:Pre2008
[1650/54218] ok=1630 last_latency=34.0s source=NTSB_ASRS:Pre2008
[1660/54218] ok=1640 last_latency=28.0s source=NTSB_ASRS:Pre2008
[1670/54218] ok=1650 last_latency=25.4s source=NTSB_ASRS:Pre2008
[1680/54218] ok=1660 last_latency=23.9s source=NTSB_ASRS:Pre2008
[1690/54218] ok=1670 last_latency=29.7s source=NTSB_ASRS:Pre2008
[1700/54218] ok=1680 last_latency=40.1s source=NTSB_ASRS:Pre2008
[1710/54218] ok=1690 last_latency=23.0s source=NTSB_ASRS:Pre2008
[1720/54218] ok=1699 last_latency=18.9s source=NTSB_ASRS:Pre2008
[1730/54218] ok=1709 last_latency=27.5s source=NTSB_ASRS:Pre2008
[1740/54218] ok=1719 last_latency=30.1s source=NTSB_ASRS:Pre2008
[1750/54218] ok=1729 last_latency=28.2s source=NTSB_ASRS:Pre2008
[1760/54218] ok=1739 last_latency=22.1s source=NTSB_ASRS:Pre2008
[1770/54218] ok=1749 last_latency=30.7s source=NTSB_ASRS:Pre2008
[1780/54218] ok=1758 last_latency=31.6s source=NTSB_ASRS:Pre2008
[1790/54218] ok=1767 last_latency=28.0s source=NTSB_ASRS:Pre2008
[1800/54218] ok=1777 last_latency=22.1s source=NTSB_ASRS:Pre2008
[1810/54218] ok=1787 last_latency=23.4s source=NTSB_ASRS:Pre2008
[1820/54218] ok=1796 last_latency=26.7s source=NTSB_ASRS:Pre2008
[1830/54218] ok=1806 last_latency=21.5s source=NTSB_ASRS:Pre2008
[1840/54218] ok=1816 last_latency=22.5s source=NTSB_ASRS:Pre2008
[1850/54218] ok=1826 last_latency=16.1s source=NTSB_ASRS:Pre2008
[1860/54218] ok=1836 last_latency=24.1s source=NTSB_ASRS:Pre2008
[1870/54218] ok=1846 last_latency=31.7s source=NTSB_ASRS:Pre2008
[1880/54218] ok=1856 last_latency=26.7s source=NTSB_ASRS:Pre2008
[1890/54218] ok=1866 last_latency=27.6s source=NTSB_ASRS:Pre2008
[1900/54218] ok=1875 last_latency=22.9s source=NTSB_ASRS:Pre2008
[1910/54218] ok=1885 last_latency=28.9s source=NTSB_ASRS:Pre2008
[1920/54218] ok=1895 last_latency=22.4s source=NTSB_ASRS:Pre2008
[1930/54218] ok=1905 last_latency=29.1s source=NTSB_ASRS:Pre2008
[1940/54218] ok=1915 last_latency=26.5s source=NTSB_ASRS:Pre2008
[1950/54218] ok=1924 last_latency=26.8s source=NTSB_ASRS:Pre2008
[1960/54218] ok=1934 last_latency=29.6s source=NTSB_ASRS:Pre2008
[1970/54218] ok=1944 last_latency=24.8s source=NTSB_ASRS:Pre2008
[1980/54218] ok=1954 last_latency=27.7s source=NTSB_ASRS:Pre2008
[1990/54218] ok=1964 last_latency=26.3s source=NTSB_ASRS:Pre2008
[2000/54218] ok=1974 last_latency=24.4s source=NTSB_ASRS:Pre2008
[2010/54218] ok=1984 last_latency=25.8s source=NTSB_ASRS:Pre2008
[2020/54218] ok=1994 last_latency=27.3s source=NTSB_ASRS:Pre2008
[2030/54218] ok=2003 last_latency=22.8s source=NTSB_ASRS:Pre2008
[2040/54218] ok=2013 last_latency=28.6s source=NTSB_ASRS:Pre2008
[2050/54218] ok=2023 last_latency=19.8s source=NTSB_ASRS:Pre2008
[2060/54218] ok=2033 last_latency=22.9s source=NTSB_ASRS:Pre2008
[2070/54218] ok=2043 last_latency=23.7s source=NTSB_ASRS:Pre2008
[2080/54218] ok=2052 last_latency=30.9s source=NTSB_ASRS:Pre2008
[2090/54218] ok=2062 last_latency=26.0s source=NTSB_ASRS:Pre2008
[2100/54218] ok=2072 last_latency=27.1s source=NTSB_ASRS:Pre2008
[2110/54218] ok=2082 last_latency=25.1s source=NTSB_ASRS:Pre2008
[2120/54218] ok=2092 last_latency=23.6s source=NTSB_ASRS:Pre2008
[2130/54218] ok=2102 last_latency=20.2s source=NTSB_ASRS:Pre2008
[2140/54218] ok=2112 last_latency=24.2s source=NTSB_ASRS:Pre2008
[2150/54218] ok=2122 last_latency=28.2s source=NTSB_ASRS:Pre2008
[2160/54218] ok=2132 last_latency=31.0s source=NTSB_ASRS:Pre2008
[2170/54218] ok=2142 last_latency=26.1s source=NTSB_ASRS:Pre2008
[2180/54218] ok=2152 last_latency=26.5s source=NTSB_ASRS:Pre2008
[2190/54218] ok=2161 last_latency=33.4s source=NTSB_ASRS:Pre2008
[2200/54218] ok=2170 last_latency=37.4s source=NTSB_ASRS:Pre2008
[2210/54218] ok=2180 last_latency=35.1s source=NTSB_ASRS:Pre2008
[2220/54218] ok=2189 last_latency=23.0s source=NTSB_ASRS:Pre2008
[2230/54218] ok=2198 last_latency=26.6s source=NTSB_ASRS:Pre2008
[2240/54218] ok=2208 last_latency=29.8s source=NTSB_ASRS:Pre2008
[2250/54218] ok=2218 last_latency=22.8s source=NTSB_ASRS:Pre2008
[2260/54218] ok=2227 last_latency=24.5s source=NTSB_ASRS:Pre2008
[2270/54218] ok=2237 last_latency=25.5s source=NTSB_ASRS:Pre2008
[2280/54218] ok=2247 last_latency=27.5s source=NTSB_ASRS:Pre2008
[2290/54218] ok=2257 last_latency=31.5s source=NTSB_ASRS:Pre2008
[2300/54218] ok=2267 last_latency=21.4s source=NTSB_ASRS:Pre2008
[2310/54218] ok=2276 last_latency=25.6s source=NTSB_ASRS:Pre2008
[2320/54218] ok=2286 last_latency=31.5s source=NTSB_ASRS:Pre2008
[2330/54218] ok=2296 last_latency=21.7s source=NTSB_ASRS:Pre2008
[2340/54218] ok=2306 last_latency=24.0s source=NTSB_ASRS:Pre2008
[2350/54218] ok=2316 last_latency=29.0s source=NTSB_ASRS:Pre2008
[2360/54218] ok=2326 last_latency=24.1s source=NTSB_ASRS:Pre2008
[2370/54218] ok=2336 last_latency=25.8s source=NTSB_ASRS:Pre2008
[2380/54218] ok=2346 last_latency=22.7s source=NTSB_ASRS:Pre2008
[2390/54218] ok=2356 last_latency=29.7s source=NTSB_ASRS:Pre2008
[2400/54218] ok=2366 last_latency=22.5s source=NTSB_ASRS:Pre2008
[2410/54218] ok=2376 last_latency=33.2s source=NTSB_ASRS:Pre2008
[2420/54218] ok=2386 last_latency=25.9s source=NTSB_ASRS:Pre2008
[2430/54218] ok=2396 last_latency=22.7s source=NTSB_ASRS:Pre2008
[2440/54218] ok=2406 last_latency=23.9s source=NTSB_ASRS:Pre2008
[2450/54218] ok=2416 last_latency=29.1s source=NTSB_ASRS:Pre2008
[2460/54218] ok=2426 last_latency=29.5s source=NTSB_ASRS:Pre2008
[2470/54218] ok=2436 last_latency=22.9s source=NTSB_ASRS:Pre2008
[2480/54218] ok=2446 last_latency=29.2s source=NTSB_ASRS:Pre2008
[2490/54218] ok=2456 last_latency=26.4s source=NTSB_ASRS:Pre2008
[2500/54218] ok=2466 last_latency=27.0s source=NTSB_ASRS:Pre2008
[2510/54218] ok=2475 last_latency=22.8s source=NTSB_ASRS:Pre2008
[2520/54218] ok=2485 last_latency=26.5s source=NTSB_ASRS:Pre2008
[2530/54218] ok=2495 last_latency=28.1s source=NTSB_ASRS:Pre2008
[2540/54218] ok=2505 last_latency=30.1s source=NTSB_ASRS:Pre2008
[2550/54218] ok=2515 last_latency=28.3s source=NTSB_ASRS:Pre2008
[2560/54218] ok=2525 last_latency=19.5s source=NTSB_ASRS:Pre2008
[2570/54218] ok=2535 last_latency=29.4s source=NTSB_ASRS:Pre2008
[2580/54218] ok=2545 last_latency=21.4s source=NTSB_ASRS:Pre2008
[2590/54218] ok=2555 last_latency=29.2s source=NTSB_ASRS:Pre2008
[2600/54218] ok=2565 last_latency=22.5s source=NTSB_ASRS:Pre2008
[2610/54218] ok=2575 last_latency=31.1s source=NTSB_ASRS:Pre2008
[2620/54218] ok=2585 last_latency=23.1s source=NTSB_ASRS:Pre2008
[2630/54218] ok=2595 last_latency=20.1s source=NTSB_ASRS:Pre2008
[2640/54218] ok=2605 last_latency=22.5s source=NTSB_ASRS:Pre2008
[2650/54218] ok=2615 last_latency=25.8s source=NTSB_ASRS:Pre2008
[2660/54218] ok=2625 last_latency=30.3s source=NTSB_ASRS:Pre2008
[2670/54218] ok=2635 last_latency=31.7s source=NTSB_ASRS:Pre2008
[2680/54218] ok=2645 last_latency=24.7s source=NTSB_ASRS:Pre2008
[2690/54218] ok=2655 last_latency=17.3s source=NTSB_ASRS:Pre2008
[2700/54218] ok=2665 last_latency=29.4s source=NTSB_ASRS:Pre2008
[2710/54218] ok=2675 last_latency=32.6s source=NTSB_ASRS:Pre2008
[2720/54218] ok=2685 last_latency=26.1s source=NTSB_ASRS:Pre2008
[2730/54218] ok=2695 last_latency=28.1s source=NTSB_ASRS:Pre2008
[2740/54218] ok=2705 last_latency=28.2s source=NTSB_ASRS:Pre2008
[2750/54218] ok=2715 last_latency=26.4s source=NTSB_ASRS:Pre2008
[2760/54218] ok=2725 last_latency=25.0s source=NTSB_ASRS:Pre2008
[2770/54218] ok=2735 last_latency=32.6s source=NTSB_ASRS:Pre2008
[2780/54218] ok=2744 last_latency=26.1s source=NTSB_ASRS:Pre2008
[2790/54218] ok=2754 last_latency=27.0s source=NTSB_ASRS:Pre2008
[2800/54218] ok=2764 last_latency=36.0s source=NTSB_ASRS:Pre2008
[2810/54218] ok=2774 last_latency=30.3s source=NTSB_ASRS:Pre2008
[2820/54218] ok=2784 last_latency=18.0s source=NTSB_ASRS:Pre2008
[2830/54218] ok=2794 last_latency=31.1s source=NTSB_ASRS:Pre2008
[2840/54218] ok=2804 last_latency=33.0s source=NTSB_ASRS:Pre2008
[2850/54218] ok=2814 last_latency=26.2s source=NTSB_ASRS:Pre2008
[2860/54218] ok=2823 last_latency=22.4s source=NTSB_ASRS:Pre2008
[2870/54218] ok=2833 last_latency=30.1s source=NTSB_ASRS:Pre2008
[2880/54218] ok=2842 last_latency=31.1s source=NTSB_ASRS:Pre2008
[2890/54218] ok=2852 last_latency=22.6s source=NTSB_ASRS:Pre2008
[2900/54218] ok=2862 last_latency=19.8s source=NTSB_ASRS:Pre2008
[2910/54218] ok=2872 last_latency=25.0s source=NTSB_ASRS:Pre2008
[2920/54218] ok=2882 last_latency=28.4s source=NTSB_ASRS:Pre2008
[2930/54218] ok=2892 last_latency=24.0s source=NTSB_ASRS:Pre2008
[2940/54218] ok=2902 last_latency=27.9s source=NTSB_ASRS:Pre2008
[2950/54218] ok=2912 last_latency=23.9s source=NTSB_ASRS:Pre2008
[2960/54218] ok=2922 last_latency=32.1s source=NTSB_ASRS:Pre2008
[2970/54218] ok=2932 last_latency=28.0s source=NTSB_ASRS:Pre2008
[2980/54218] ok=2942 last_latency=27.5s source=NTSB_ASRS:Pre2008
[2990/54218] ok=2952 last_latency=22.6s source=NTSB_ASRS:Pre2008
[3000/54218] ok=2962 last_latency=31.4s source=NTSB_ASRS:Pre2008
[3010/54218] ok=2971 last_latency=32.0s source=NTSB_ASRS:Pre2008
[3020/54218] ok=2981 last_latency=34.6s source=NTSB_ASRS:Pre2008
[3030/54218] ok=2990 last_latency=28.7s source=NTSB_ASRS:Pre2008
[3040/54218] ok=3000 last_latency=33.7s source=NTSB_ASRS:Pre2008
[3050/54218] ok=3010 last_latency=23.1s source=NTSB_ASRS:Pre2008
[3060/54218] ok=3020 last_latency=28.5s source=NTSB_ASRS:Pre2008
[3070/54218] ok=3030 last_latency=24.2s source=NTSB_ASRS:Pre2008
[3080/54218] ok=3040 last_latency=25.0s source=NTSB_ASRS:Pre2008
[3090/54218] ok=3050 last_latency=22.4s source=NTSB_ASRS:Pre2008
[3100/54218] ok=3060 last_latency=25.4s source=NTSB_ASRS:Pre2008
[3110/54218] ok=3070 last_latency=20.0s source=NTSB_ASRS:Pre2008
[3120/54218] ok=3080 last_latency=30.1s source=NTSB_ASRS:Pre2008
[3130/54218] ok=3090 last_latency=33.9s source=NTSB_ASRS:Pre2008
[3140/54218] ok=3100 last_latency=26.6s source=NTSB_ASRS:Pre2008
[3150/54218] ok=3110 last_latency=27.6s source=NTSB_ASRS:Pre2008
[3160/54218] ok=3120 last_latency=18.4s source=NTSB_ASRS:Pre2008
[3170/54218] ok=3129 last_latency=27.9s source=NTSB_ASRS:Pre2008
[3180/54218] ok=3139 last_latency=26.2s source=NTSB_ASRS:Pre2008
[3190/54218] ok=3149 last_latency=21.3s source=NTSB_ASRS:Pre2008
[3200/54218] ok=3159 last_latency=19.5s source=NTSB_ASRS:Pre2008
[3210/54218] ok=3169 last_latency=33.3s source=NTSB_ASRS:Pre2008
[3220/54218] ok=3179 last_latency=21.9s source=NTSB_ASRS:Pre2008
[3230/54218] ok=3189 last_latency=34.2s source=NTSB_ASRS:Pre2008
[3240/54218] ok=3199 last_latency=33.8s source=NTSB_ASRS:Pre2008
[3250/54218] ok=3209 last_latency=39.8s source=NTSB_ASRS:Pre2008
[3260/54218] ok=3219 last_latency=25.2s source=NTSB_ASRS:Pre2008
[3270/54218] ok=3229 last_latency=22.9s source=NTSB_ASRS:Pre2008
[3280/54218] ok=3239 last_latency=30.6s source=NTSB_ASRS:Pre2008
[3290/54218] ok=3249 last_latency=37.2s source=NTSB_ASRS:Pre2008
[3300/54218] ok=3258 last_latency=33.7s source=NTSB_ASRS:Pre2008
[3310/54218] ok=3268 last_latency=27.1s source=NTSB_ASRS:Pre2008
[3320/54218] ok=3278 last_latency=40.8s source=NTSB_ASRS:Pre2008
[3330/54218] ok=3288 last_latency=32.7s source=NTSB_ASRS:Pre2008
[3340/54218] ok=3298 last_latency=25.1s source=NTSB_ASRS:Pre2008
[3350/54218] ok=3308 last_latency=28.3s source=NTSB_ASRS:Pre2008
[3360/54218] ok=3318 last_latency=30.5s source=NTSB_ASRS:Pre2008
[3370/54218] ok=3328 last_latency=30.0s source=NTSB_ASRS:Pre2008
[3380/54218] ok=3338 last_latency=27.4s source=NTSB_ASRS:Pre2008
[3390/54218] ok=3348 last_latency=30.2s source=NTSB_ASRS:Pre2008
[3400/54218] ok=3358 last_latency=28.5s source=NTSB_ASRS:Pre2008
[3410/54218] ok=3368 last_latency=31.6s source=NTSB_ASRS:Pre2008
[3420/54218] ok=3378 last_latency=26.9s source=NTSB_ASRS:Pre2008
[3430/54218] ok=3388 last_latency=28.2s source=NTSB_ASRS:Pre2008
[3440/54218] ok=3397 last_latency=32.4s source=NTSB_ASRS:Pre2008
[3450/54218] ok=3407 last_latency=21.4s source=NTSB_ASRS:Pre2008
[3460/54218] ok=3417 last_latency=29.8s source=NTSB_ASRS:Pre2008
[3470/54218] ok=3427 last_latency=24.6s source=NTSB_ASRS:Pre2008
[3480/54218] ok=3437 last_latency=33.1s source=NTSB_ASRS:Pre2008
[3490/54218] ok=3447 last_latency=31.0s source=NTSB_ASRS:Pre2008
[3500/54218] ok=3457 last_latency=32.4s source=NTSB_ASRS:Pre2008
[3510/54218] ok=3467 last_latency=19.1s source=NTSB_ASRS:Pre2008
[3520/54218] ok=3477 last_latency=35.2s source=NTSB_ASRS:Pre2008
[3530/54218] ok=3487 last_latency=26.1s source=NTSB_ASRS:Pre2008
[3540/54218] ok=3497 last_latency=27.0s source=NTSB_ASRS:Pre2008
[3550/54218] ok=3506 last_latency=34.1s source=NTSB_ASRS:Pre2008
[3560/54218] ok=3516 last_latency=21.0s source=NTSB_ASRS:Pre2008
[3570/54218] ok=3526 last_latency=24.0s source=NTSB_ASRS:Pre2008
[3580/54218] ok=3536 last_latency=23.0s source=NTSB_ASRS:Pre2008
[3590/54218] ok=3546 last_latency=26.3s source=NTSB_ASRS:Pre2008
[3600/54218] ok=3556 last_latency=34.1s source=NTSB_ASRS:Pre2008
[3610/54218] ok=3565 last_latency=22.3s source=NTSB_ASRS:Pre2008
[3620/54218] ok=3575 last_latency=37.1s source=NTSB_ASRS:Pre2008
[3630/54218] ok=3585 last_latency=24.5s source=NTSB_ASRS:Pre2008
[3640/54218] ok=3595 last_latency=25.6s source=NTSB_ASRS:Pre2008
[3650/54218] ok=3605 last_latency=32.0s source=NTSB_ASRS:Pre2008
[3660/54218] ok=3615 last_latency=26.3s source=NTSB_ASRS:Pre2008
[3670/54218] ok=3625 last_latency=23.0s source=NTSB_ASRS:Pre2008
[3680/54218] ok=3634 last_latency=26.2s source=NTSB_ASRS:Pre2008
[3690/54218] ok=3644 last_latency=27.8s source=NTSB_ASRS:Pre2008
[3700/54218] ok=3654 last_latency=20.0s source=NTSB_ASRS:Pre2008
[3710/54218] ok=3664 last_latency=18.0s source=NTSB_ASRS:Pre2008
[3720/54218] ok=3674 last_latency=23.2s source=NTSB_ASRS:Pre2008
[3730/54218] ok=3684 last_latency=22.6s source=NTSB_ASRS:Pre2008
[3740/54218] ok=3694 last_latency=29.7s source=NTSB_ASRS:Pre2008
[3750/54218] ok=3704 last_latency=14.0s source=NTSB_ASRS:Pre2008
[3760/54218] ok=3714 last_latency=27.9s source=NTSB_ASRS:Pre2008
[3770/54218] ok=3724 last_latency=26.1s source=NTSB_ASRS:Pre2008
[3780/54218] ok=3734 last_latency=25.7s source=NTSB_ASRS:Pre2008
[3790/54218] ok=3743 last_latency=29.7s source=NTSB_ASRS:Pre2008
[3800/54218] ok=3753 last_latency=28.5s source=NTSB_ASRS:Pre2008
[3810/54218] ok=3763 last_latency=24.5s source=NTSB_ASRS:Pre2008
[3820/54218] ok=3773 last_latency=32.3s source=NTSB_ASRS:Pre2008
[3830/54218] ok=3783 last_latency=26.0s source=NTSB_ASRS:Pre2008
[3840/54218] ok=3793 last_latency=28.8s source=NTSB_ASRS:Pre2008
[3850/54218] ok=3802 last_latency=29.1s source=NTSB_ASRS:Pre2008
[3860/54218] ok=3812 last_latency=22.8s source=NTSB_ASRS:Pre2008
[3870/54218] ok=3821 last_latency=30.4s source=NTSB_ASRS:Pre2008
[3880/54218] ok=3831 last_latency=23.8s source=NTSB_ASRS:Pre2008
[3890/54218] ok=3841 last_latency=22.3s source=NTSB_ASRS:Pre2008
[3900/54218] ok=3851 last_latency=33.5s source=NTSB_ASRS:Pre2008
[3910/54218] ok=3861 last_latency=25.3s source=NTSB_ASRS:Pre2008
[3920/54218] ok=3871 last_latency=26.2s source=NTSB_ASRS:Pre2008
[3930/54218] ok=3881 last_latency=27.2s source=NTSB_ASRS:Pre2008
[3940/54218] ok=3891 last_latency=22.7s source=NTSB_ASRS:Pre2008
[3950/54218] ok=3901 last_latency=28.3s source=NTSB_ASRS:Pre2008
[3960/54218] ok=3911 last_latency=34.9s source=NTSB_ASRS:Pre2008
[3970/54218] ok=3921 last_latency=30.3s source=NTSB_ASRS:Pre2008
[3980/54218] ok=3931 last_latency=33.4s source=NTSB_ASRS:Pre2008
[3990/54218] ok=3941 last_latency=24.5s source=NTSB_ASRS:Pre2008
[4000/54218] ok=3951 last_latency=16.2s source=NTSB_ASRS:Pre2008
[4010/54218] ok=3961 last_latency=25.5s source=NTSB_ASRS:Pre2008
[4020/54218] ok=3971 last_latency=22.5s source=NTSB_ASRS:Pre2008
[4030/54218] ok=3981 last_latency=27.8s source=NTSB_ASRS:Pre2008
[4040/54218] ok=3991 last_latency=30.3s source=NTSB_ASRS:Pre2008
[4050/54218] ok=4001 last_latency=22.6s source=NTSB_ASRS:Pre2008
[4060/54218] ok=4011 last_latency=33.3s source=NTSB_ASRS:Pre2008
[4070/54218] ok=4021 last_latency=24.0s source=NTSB_ASRS:Pre2008
[4080/54218] ok=4031 last_latency=21.0s source=NTSB_ASRS:Pre2008
[4090/54218] ok=4041 last_latency=23.8s source=NTSB_ASRS:Pre2008
[4100/54218] ok=4051 last_latency=37.2s source=NTSB_ASRS:Pre2008
[4110/54218] ok=4061 last_latency=24.0s source=NTSB_ASRS:Pre2008
[4120/54218] ok=4071 last_latency=28.8s source=NTSB_ASRS:Pre2008
[4130/54218] ok=4081 last_latency=29.0s source=NTSB_ASRS:Pre2008
[4140/54218] ok=4091 last_latency=22.2s source=NTSB_ASRS:Pre2008
[4150/54218] ok=4101 last_latency=23.1s source=NTSB_ASRS:Pre2008
[4160/54218] ok=4111 last_latency=30.0s source=NTSB_ASRS:Pre2008
[4170/54218] ok=4121 last_latency=22.6s source=NTSB_ASRS:Pre2008
[4180/54218] ok=4131 last_latency=24.6s source=NTSB_ASRS:Pre2008
[4190/54218] ok=4141 last_latency=19.0s source=NTSB_ASRS:Pre2008
[4200/54218] ok=4151 last_latency=22.6s source=NTSB_ASRS:Pre2008
[4210/54218] ok=4161 last_latency=27.7s source=NTSB_ASRS:Pre2008
[4220/54218] ok=4170 last_latency=19.1s source=NTSB_ASRS:Pre2008
[4230/54218] ok=4180 last_latency=22.0s source=NTSB_ASRS:Pre2008
[4240/54218] ok=4190 last_latency=26.3s source=NTSB_ASRS:Pre2008
[4250/54218] ok=4200 last_latency=18.6s source=NTSB_ASRS:Pre2008
[4260/54218] ok=4210 last_latency=20.9s source=NTSB_ASRS:Pre2008
[4270/54218] ok=4220 last_latency=27.2s source=NTSB_ASRS:Pre2008
[4280/54218] ok=4230 last_latency=30.5s source=NTSB_ASRS:Pre2008
[4290/54218] ok=4239 last_latency=30.8s source=NTSB_ASRS:Pre2008
[4300/54218] ok=4249 last_latency=29.9s source=NTSB_ASRS:Pre2008
[4310/54218] ok=4259 last_latency=23.3s source=NTSB_ASRS:Pre2008
[4320/54218] ok=4269 last_latency=27.6s source=NTSB_ASRS:Pre2008
[4330/54218] ok=4279 last_latency=32.9s source=NTSB_ASRS:Pre2008
[4340/54218] ok=4289 last_latency=28.3s source=NTSB_ASRS:Pre2008
[4350/54218] ok=4299 last_latency=21.0s source=NTSB_ASRS:Pre2008
[4360/54218] ok=4309 last_latency=26.9s source=NTSB_ASRS:Pre2008
[4370/54218] ok=4319 last_latency=25.9s source=NTSB_ASRS:Pre2008
[4380/54218] ok=4329 last_latency=27.0s source=NTSB_ASRS:Pre2008
[4390/54218] ok=4339 last_latency=25.9s source=NTSB_ASRS:Pre2008
[4400/54218] ok=4349 last_latency=24.1s source=NTSB_ASRS:Pre2008
[4410/54218] ok=4359 last_latency=22.0s source=NTSB_ASRS:Pre2008
[4420/54218] ok=4369 last_latency=20.5s source=NTSB_ASRS:Pre2008
[4430/54218] ok=4379 last_latency=37.8s source=NTSB_ASRS:Pre2008
[4440/54218] ok=4389 last_latency=22.7s source=NTSB_ASRS:Pre2008
[4450/54218] ok=4399 last_latency=27.0s source=NTSB_ASRS:Pre2008
[4460/54218] ok=4409 last_latency=25.7s source=NTSB_ASRS:Pre2008
[4470/54218] ok=4419 last_latency=25.8s source=NTSB_ASRS:Pre2008
[4480/54218] ok=4429 last_latency=20.4s source=NTSB_ASRS:Pre2008
[4490/54218] ok=4439 last_latency=26.2s source=NTSB_ASRS:Pre2008
[4500/54218] ok=4449 last_latency=24.6s source=NTSB_ASRS:Pre2008
[4510/54218] ok=4459 last_latency=20.9s source=NTSB_ASRS:Pre2008
[4520/54218] ok=4469 last_latency=26.3s source=NTSB_ASRS:Pre2008
[4530/54218] ok=4479 last_latency=26.1s source=NTSB_ASRS:Pre2008
[4540/54218] ok=4489 last_latency=12.2s source=NTSB_ASRS:Pre2008
[4550/54218] ok=4499 last_latency=31.7s source=NTSB_ASRS:Pre2008
[4560/54218] ok=4509 last_latency=19.4s source=NTSB_ASRS:Pre2008
[4570/54218] ok=4519 last_latency=24.9s source=NTSB_ASRS:Pre2008
[4580/54218] ok=4529 last_latency=25.7s source=NTSB_ASRS:Pre2008
[4590/54218] ok=4539 last_latency=34.7s source=NTSB_ASRS:Pre2008
[4600/54218] ok=4549 last_latency=26.3s source=NTSB_ASRS:Pre2008
[4610/54218] ok=4559 last_latency=21.1s source=NTSB_ASRS:Pre2008
[4620/54218] ok=4569 last_latency=42.3s source=NTSB_ASRS:Pre2008
[4630/54218] ok=4579 last_latency=26.7s source=NTSB_ASRS:Pre2008
[4640/54218] ok=4589 last_latency=24.5s source=NTSB_ASRS:Pre2008
[4650/54218] ok=4599 last_latency=28.3s source=NTSB_ASRS:Pre2008
[4660/54218] ok=4609 last_latency=22.8s source=NTSB_ASRS:Pre2008
[4670/54218] ok=4619 last_latency=18.7s source=NTSB_ASRS:Pre2008
[4680/54218] ok=4629 last_latency=29.2s source=NTSB_ASRS:Pre2008
[4690/54218] ok=4639 last_latency=26.1s source=NTSB_ASRS:Pre2008
[4700/54218] ok=4649 last_latency=31.4s source=NTSB_ASRS:Pre2008
[4710/54218] ok=4659 last_latency=27.5s source=NTSB_ASRS:Pre2008
[4720/54218] ok=4669 last_latency=26.1s source=NTSB_ASRS:Pre2008
[4730/54218] ok=4679 last_latency=31.9s source=NTSB_ASRS:Pre2008
[4740/54218] ok=4689 last_latency=18.2s source=NTSB_ASRS:Pre2008
[4750/54218] ok=4699 last_latency=35.8s source=NTSB_ASRS:Pre2008
[4760/54218] ok=4709 last_latency=34.0s source=NTSB_ASRS:Pre2008
[4770/54218] ok=4719 last_latency=26.2s source=NTSB_ASRS:Pre2008
[4780/54218] ok=4729 last_latency=21.4s source=NTSB_ASRS:Pre2008
[4790/54218] ok=4739 last_latency=26.9s source=NTSB_ASRS:Pre2008
[4800/54218] ok=4749 last_latency=32.1s source=NTSB_ASRS:Pre2008
[4810/54218] ok=4759 last_latency=23.5s source=NTSB_ASRS:Pre2008
[4820/54218] ok=4768 last_latency=28.3s source=NTSB_ASRS:Pre2008
[4830/54218] ok=4777 last_latency=26.7s source=NTSB_ASRS:Pre2008
[4840/54218] ok=4787 last_latency=25.1s source=NTSB_ASRS:Pre2008
[4850/54218] ok=4797 last_latency=26.3s source=NTSB_ASRS:Pre2008
[4860/54218] ok=4807 last_latency=30.9s source=NTSB_ASRS:Pre2008
[4870/54218] ok=4817 last_latency=19.2s source=NTSB_ASRS:Pre2008
[4880/54218] ok=4826 last_latency=31.9s source=NTSB_ASRS:Pre2008
[4890/54218] ok=4835 last_latency=21.7s source=NTSB_ASRS:Pre2008
[4900/54218] ok=4845 last_latency=31.7s source=NTSB_ASRS:Pre2008
[4910/54218] ok=4855 last_latency=31.3s source=NTSB_ASRS:Pre2008
[4920/54218] ok=4865 last_latency=32.2s source=NTSB_ASRS:Pre2008
[4930/54218] ok=4875 last_latency=17.9s source=NTSB_ASRS:Pre2008
[4940/54218] ok=4884 last_latency=30.4s source=NTSB_ASRS:Pre2008
[4950/54218] ok=4894 last_latency=23.1s source=NTSB_ASRS:Pre2008
[4960/54218] ok=4904 last_latency=30.2s source=NTSB_ASRS:Pre2008
[4970/54218] ok=4914 last_latency=25.8s source=NTSB_ASRS:Pre2008
[4980/54218] ok=4924 last_latency=27.0s source=NTSB_ASRS:Pre2008
[4990/54218] ok=4934 last_latency=22.0s source=NTSB_ASRS:Pre2008
[5000/54218] ok=4944 last_latency=37.7s source=NTSB_ASRS:Pre2008
[5010/54218] ok=4954 last_latency=25.9s source=NTSB_ASRS:Pre2008
[5020/54218] ok=4964 last_latency=28.6s source=NTSB_ASRS:Pre2008
[5030/54218] ok=4974 last_latency=24.3s source=NTSB_ASRS:Pre2008
[5040/54218] ok=4983 last_latency=18.5s source=NTSB_ASRS:Pre2008
[5050/54218] ok=4993 last_latency=37.5s source=NTSB_ASRS:Pre2008
[5060/54218] ok=5002 last_latency=45.6s source=NTSB_ASRS:Pre2008
[5070/54218] ok=5012 last_latency=27.3s source=NTSB_ASRS:Pre2008
[5080/54218] ok=5022 last_latency=28.6s source=NTSB_ASRS:Pre2008
[5090/54218] ok=5032 last_latency=25.6s source=NTSB_ASRS:Pre2008
[5100/54218] ok=5042 last_latency=25.2s source=NTSB_ASRS:Pre2008
[5110/54218] ok=5052 last_latency=25.9s source=NTSB_ASRS:Pre2008
[5120/54218] ok=5062 last_latency=30.0s source=NTSB_ASRS:Pre2008
[5130/54218] ok=5071 last_latency=25.6s source=NTSB_ASRS:Pre2008
[5140/54218] ok=5081 last_latency=17.4s source=NTSB_ASRS:Pre2008
[5150/54218] ok=5091 last_latency=25.5s source=NTSB_ASRS:Pre2008
[5160/54218] ok=5101 last_latency=29.2s source=NTSB_ASRS:Pre2008
[5170/54218] ok=5111 last_latency=21.9s source=NTSB_ASRS:Pre2008
[5180/54218] ok=5121 last_latency=33.2s source=NTSB_ASRS:Pre2008
[5190/54218] ok=5131 last_latency=21.5s source=NTSB_ASRS:Pre2008
[5200/54218] ok=5141 last_latency=27.3s source=NTSB_ASRS:Pre2008
[5210/54218] ok=5150 last_latency=28.9s source=NTSB_ASRS:Pre2008
[5220/54218] ok=5159 last_latency=34.5s source=NTSB_ASRS:Pre2008
[5230/54218] ok=5169 last_latency=34.0s source=NTSB_ASRS:Pre2008
[5240/54218] ok=5179 last_latency=23.0s source=NTSB_ASRS:Pre2008
[5250/54218] ok=5189 last_latency=34.3s source=NTSB_ASRS:Pre2008
[5260/54218] ok=5198 last_latency=34.7s source=NTSB_ASRS:Pre2008
[5270/54218] ok=5208 last_latency=26.5s source=NTSB_ASRS:Pre2008
[5280/54218] ok=5218 last_latency=35.1s source=NTSB_ASRS:Pre2008
[5290/54218] ok=5228 last_latency=22.8s source=NTSB_ASRS:Pre2008
[5300/54218] ok=5235 last_latency=29.1s source=NTSB_ASRS:Pre2008
[5310/54218] ok=5244 last_latency=20.7s source=NTSB_ASRS:Pre2008
[5320/54218] ok=5254 last_latency=24.4s source=NTSB_ASRS:Pre2008
[5330/54218] ok=5264 last_latency=23.5s source=NTSB_ASRS:Pre2008
[5340/54218] ok=5274 last_latency=31.2s source=NTSB_ASRS:Pre2008
[5350/54218] ok=5284 last_latency=21.7s source=NTSB_ASRS:Pre2008
[5360/54218] ok=5294 last_latency=26.4s source=NTSB_ASRS:Pre2008
[5370/54218] ok=5304 last_latency=27.3s source=NTSB_ASRS:Pre2008
[5380/54218] ok=5314 last_latency=26.9s source=NTSB_ASRS:Pre2008
[5390/54218] ok=5324 last_latency=24.2s source=NTSB_ASRS:Pre2008
[5400/54218] ok=5334 last_latency=26.2s source=NTSB_ASRS:Pre2008
[5410/54218] ok=5344 last_latency=25.9s source=NTSB_ASRS:Pre2008
[5420/54218] ok=5354 last_latency=31.5s source=NTSB_ASRS:Pre2008
[5430/54218] ok=5364 last_latency=28.6s source=NTSB_ASRS:Pre2008
[5440/54218] ok=5374 last_latency=29.9s source=NTSB_ASRS:Pre2008
[5450/54218] ok=5384 last_latency=26.3s source=NTSB_ASRS:Pre2008
[5460/54218] ok=5394 last_latency=24.8s source=NTSB_ASRS:Pre2008
[5470/54218] ok=5404 last_latency=24.8s source=NTSB_ASRS:Pre2008
[5480/54218] ok=5414 last_latency=29.1s source=NTSB_ASRS:Pre2008
[5490/54218] ok=5424 last_latency=27.7s source=NTSB_ASRS:Pre2008
[5500/54218] ok=5434 last_latency=25.9s source=NTSB_ASRS:Pre2008
[5510/54218] ok=5444 last_latency=21.6s source=NTSB_ASRS:Pre2008
[5520/54218] ok=5454 last_latency=18.0s source=NTSB_ASRS:Pre2008
[5530/54218] ok=5464 last_latency=18.2s source=NTSB_ASRS:Pre2008
[5540/54218] ok=5474 last_latency=29.3s source=NTSB_ASRS:Pre2008
[5550/54218] ok=5484 last_latency=22.7s source=NTSB_ASRS:Pre2008
[5560/54218] ok=5494 last_latency=35.3s source=NTSB_ASRS:Pre2008
[5570/54218] ok=5504 last_latency=33.8s source=NTSB_ASRS:Pre2008
[5580/54218] ok=5514 last_latency=23.2s source=NTSB_ASRS:Pre2008
[5590/54218] ok=5524 last_latency=25.0s source=NTSB_ASRS:Pre2008
[5600/54218] ok=5534 last_latency=31.2s source=NTSB_ASRS:Pre2008
[5610/54218] ok=5544 last_latency=32.3s source=NTSB_ASRS:Pre2008
[5620/54218] ok=5554 last_latency=25.6s source=NTSB_ASRS:Pre2008
[5630/54218] ok=5564 last_latency=20.3s source=NTSB_ASRS:Pre2008
[5640/54218] ok=5574 last_latency=24.7s source=NTSB_ASRS:Pre2008
[5650/54218] ok=5583 last_latency=28.8s source=NTSB_ASRS:Pre2008
[5660/54218] ok=5593 last_latency=24.5s source=NTSB_ASRS:Pre2008
[5670/54218] ok=5603 last_latency=26.5s source=NTSB_ASRS:Pre2008
[5680/54218] ok=5613 last_latency=25.5s source=NTSB_ASRS:Pre2008
[5690/54218] ok=5623 last_latency=23.6s source=NTSB_ASRS:Pre2008
[5700/54218] ok=5633 last_latency=36.9s source=NTSB_ASRS:Pre2008
[5710/54218] ok=5643 last_latency=23.5s source=NTSB_ASRS:Pre2008
[5720/54218] ok=5653 last_latency=21.6s source=NTSB_ASRS:Pre2008
[5730/54218] ok=5663 last_latency=30.0s source=NTSB_ASRS:Pre2008
[5740/54218] ok=5673 last_latency=31.3s source=NTSB_ASRS:Pre2008
[5750/54218] ok=5683 last_latency=24.7s source=NTSB_ASRS:Pre2008
[5760/54218] ok=5693 last_latency=26.3s source=NTSB_ASRS:Pre2008
[5770/54218] ok=5703 last_latency=16.3s source=NTSB_ASRS:Pre2008
[5780/54218] ok=5713 last_latency=32.4s source=NTSB_ASRS:Pre2008
[5790/54218] ok=5723 last_latency=26.5s source=NTSB_ASRS:Pre2008
[5800/54218] ok=5733 last_latency=36.4s source=NTSB_ASRS:Pre2008
[5810/54218] ok=5743 last_latency=18.2s source=NTSB_ASRS:Pre2008
[5820/54218] ok=5753 last_latency=18.4s source=NTSB_ASRS:Pre2008
[5830/54218] ok=5763 last_latency=25.6s source=NTSB_ASRS:Pre2008
[5840/54218] ok=5773 last_latency=22.5s source=NTSB_ASRS:Pre2008
[5850/54218] ok=5783 last_latency=36.0s source=NTSB_ASRS:Pre2008
[5860/54218] ok=5793 last_latency=16.3s source=NTSB_ASRS:Pre2008
[5870/54218] ok=5803 last_latency=24.2s source=NTSB_ASRS:Pre2008
[5880/54218] ok=5813 last_latency=28.8s source=NTSB_ASRS:Pre2008
[5890/54218] ok=5823 last_latency=32.4s source=NTSB_ASRS:Pre2008
[5900/54218] ok=5833 last_latency=20.4s source=NTSB_ASRS:Pre2008
[5910/54218] ok=5843 last_latency=26.0s source=NTSB_ASRS:Pre2008
[5920/54218] ok=5853 last_latency=32.5s source=NTSB_ASRS:Pre2008
[5930/54218] ok=5862 last_latency=30.4s source=NTSB_ASRS:Pre2008
[5940/54218] ok=5872 last_latency=20.3s source=NTSB_ASRS:Pre2008
[5950/54218] ok=5882 last_latency=32.0s source=NTSB_ASRS:Pre2008
[5960/54218] ok=5892 last_latency=26.7s source=NTSB_ASRS:Pre2008
[5970/54218] ok=5902 last_latency=29.2s source=NTSB_ASRS:Pre2008
[5980/54218] ok=5912 last_latency=27.3s source=NTSB_ASRS:Pre2008
[5990/54218] ok=5922 last_latency=22.6s source=NTSB_ASRS:Pre2008
[6000/54218] ok=5932 last_latency=25.5s source=NTSB_ASRS:Pre2008
[6010/54218] ok=5942 last_latency=32.3s source=NTSB_ASRS:Pre2008
[6020/54218] ok=5952 last_latency=27.6s source=NTSB_ASRS:Pre2008
[6030/54218] ok=5962 last_latency=33.0s source=NTSB_ASRS:Pre2008
[6040/54218] ok=5972 last_latency=32.2s source=NTSB_ASRS:Pre2008
[6050/54218] ok=5982 last_latency=18.6s source=NTSB_ASRS:Pre2008
[6060/54218] ok=5992 last_latency=30.4s source=NTSB_ASRS:Pre2008
[6070/54218] ok=6002 last_latency=30.0s source=NTSB_ASRS:Pre2008
[6080/54218] ok=6012 last_latency=25.7s source=NTSB_ASRS:Pre2008
[6090/54218] ok=6022 last_latency=26.6s source=NTSB_ASRS:Pre2008
[6100/54218] ok=6032 last_latency=23.3s source=NTSB_ASRS:Pre2008
[6110/54218] ok=6042 last_latency=27.4s source=NTSB_ASRS:Pre2008
[6120/54218] ok=6052 last_latency=32.4s source=NTSB_ASRS:Pre2008
[6130/54218] ok=6062 last_latency=22.4s source=NTSB_ASRS:Pre2008
[6140/54218] ok=6072 last_latency=44.9s source=NTSB_ASRS:Pre2008
[6150/54218] ok=6082 last_latency=27.6s source=NTSB_ASRS:Pre2008
[6160/54218] ok=6092 last_latency=22.6s source=NTSB_ASRS:Pre2008
[6170/54218] ok=6102 last_latency=24.9s source=NTSB_ASRS:Pre2008
[6180/54218] ok=6112 last_latency=21.4s source=NTSB_ASRS:Pre2008
[6190/54218] ok=6122 last_latency=16.1s source=NTSB_ASRS:Pre2008
[6200/54218] ok=6131 last_latency=31.8s source=NTSB_ASRS:Pre2008
[6210/54218] ok=6141 last_latency=23.7s source=NTSB_ASRS:Pre2008
[6220/54218] ok=6151 last_latency=30.6s source=NTSB_ASRS:Pre2008
[6230/54218] ok=6161 last_latency=26.5s source=NTSB_ASRS:Pre2008
[6240/54218] ok=6171 last_latency=24.0s source=NTSB_ASRS:Pre2008
[6250/54218] ok=6180 last_latency=35.0s source=NTSB_ASRS:Pre2008
[6260/54218] ok=6190 last_latency=28.7s source=NTSB_ASRS:Pre2008
[6270/54218] ok=6200 last_latency=21.4s source=NTSB_ASRS:Pre2008
[6280/54218] ok=6210 last_latency=21.9s source=NTSB_ASRS:Pre2008
[6290/54218] ok=6220 last_latency=34.2s source=NTSB_ASRS:Pre2008
[6300/54218] ok=6230 last_latency=18.5s source=NTSB_ASRS:Pre2008
[6310/54218] ok=6240 last_latency=33.5s source=NTSB_ASRS:Pre2008
[6320/54218] ok=6250 last_latency=24.7s source=NTSB_ASRS:Pre2008
[6330/54218] ok=6260 last_latency=22.7s source=NTSB_ASRS:Pre2008
[6340/54218] ok=6270 last_latency=30.1s source=NTSB_ASRS:Pre2008
[6350/54218] ok=6280 last_latency=26.0s source=NTSB_ASRS:Pre2008
[6360/54218] ok=6290 last_latency=27.1s source=NTSB_ASRS:Pre2008
[6370/54218] ok=6300 last_latency=22.2s source=NTSB_ASRS:Pre2008
[6380/54218] ok=6309 last_latency=22.5s source=NTSB_ASRS:Pre2008
[6390/54218] ok=6319 last_latency=34.3s source=NTSB_ASRS:Pre2008
[6400/54218] ok=6329 last_latency=28.5s source=NTSB_ASRS:Pre2008
[6410/54218] ok=6339 last_latency=37.2s source=NTSB_ASRS:Pre2008
[6420/54218] ok=6349 last_latency=25.1s source=NTSB_ASRS:Pre2008
[6430/54218] ok=6358 last_latency=29.0s source=NTSB_ASRS:Pre2008
[6440/54218] ok=6368 last_latency=27.9s source=NTSB_ASRS:Pre2008
[6450/54218] ok=6378 last_latency=31.6s source=NTSB_ASRS:Pre2008
[6460/54218] ok=6388 last_latency=28.6s source=NTSB_ASRS:Pre2008
[6470/54218] ok=6398 last_latency=23.5s source=NTSB_ASRS:Pre2008
[6480/54218] ok=6406 last_latency=29.2s source=NTSB_ASRS:Pre2008
[6490/54218] ok=6416 last_latency=20.4s source=NTSB_ASRS:Pre2008
[6500/54218] ok=6426 last_latency=28.4s source=NTSB_ASRS:Pre2008
[6510/54218] ok=6436 last_latency=23.7s source=NTSB_ASRS:Pre2008
[6520/54218] ok=6446 last_latency=24.1s source=NTSB_ASRS:Pre2008
[6530/54218] ok=6456 last_latency=28.4s source=NTSB_ASRS:Pre2008
[6540/54218] ok=6466 last_latency=28.4s source=NTSB_ASRS:Pre2008
[6550/54218] ok=6475 last_latency=22.1s source=NTSB_ASRS:Pre2008
[6560/54218] ok=6485 last_latency=26.8s source=NTSB_ASRS:Pre2008
[6570/54218] ok=6495 last_latency=28.4s source=NTSB_ASRS:Pre2008
[6580/54218] ok=6505 last_latency=28.7s source=NTSB_ASRS:Pre2008
[6590/54218] ok=6515 last_latency=26.0s source=NTSB_ASRS:Pre2008
[6600/54218] ok=6525 last_latency=26.5s source=NTSB_ASRS:Pre2008
[6610/54218] ok=6535 last_latency=16.1s source=NTSB_ASRS:Pre2008
[6620/54218] ok=6545 last_latency=19.9s source=NTSB_ASRS:Pre2008
[6630/54218] ok=6555 last_latency=28.0s source=NTSB_ASRS:Pre2008
[6640/54218] ok=6565 last_latency=31.6s source=NTSB_ASRS:Pre2008
[6650/54218] ok=6575 last_latency=26.2s source=NTSB_ASRS:Pre2008
[6660/54218] ok=6585 last_latency=21.7s source=NTSB_ASRS:Pre2008
[6670/54218] ok=6594 last_latency=19.7s source=NTSB_ASRS:Pre2008
[6680/54218] ok=6604 last_latency=21.8s source=NTSB_ASRS:Pre2008
[6690/54218] ok=6614 last_latency=20.3s source=NTSB_ASRS:Pre2008
[6700/54218] ok=6623 last_latency=22.2s source=NTSB_ASRS:Pre2008
[6710/54218] ok=6633 last_latency=17.7s source=NTSB_ASRS:Pre2008
[6720/54218] ok=6643 last_latency=34.0s source=NTSB_ASRS:Pre2008
[6730/54218] ok=6652 last_latency=24.2s source=NTSB_ASRS:Pre2008
[6740/54218] ok=6661 last_latency=27.4s source=NTSB_ASRS:Pre2008
[6750/54218] ok=6671 last_latency=21.3s source=NTSB_ASRS:Pre2008
[6760/54218] ok=6681 last_latency=21.8s source=NTSB_ASRS:Pre2008
[6770/54218] ok=6691 last_latency=23.6s source=NTSB_ASRS:Pre2008
[6780/54218] ok=6701 last_latency=27.0s source=NTSB_ASRS:Pre2008
[6790/54218] ok=6711 last_latency=39.6s source=NTSB_ASRS:Pre2008
[6800/54218] ok=6721 last_latency=30.4s source=NTSB_ASRS:Pre2008
[6810/54218] ok=6731 last_latency=15.3s source=NTSB_ASRS:Pre2008
[6820/54218] ok=6741 last_latency=26.9s source=NTSB_ASRS:Pre2008
[6830/54218] ok=6750 last_latency=23.9s source=NTSB_ASRS:Pre2008
[6840/54218] ok=6760 last_latency=21.9s source=NTSB_ASRS:Pre2008
[6850/54218] ok=6769 last_latency=30.1s source=NTSB_ASRS:Pre2008
[6860/54218] ok=6779 last_latency=30.9s source=NTSB_ASRS:Pre2008
[6870/54218] ok=6789 last_latency=30.7s source=NTSB_ASRS:Pre2008
[6880/54218] ok=6799 last_latency=27.8s source=NTSB_ASRS:Pre2008
[6890/54218] ok=6809 last_latency=29.3s source=NTSB_ASRS:Pre2008
[6900/54218] ok=6819 last_latency=28.6s source=NTSB_ASRS:Pre2008
[6910/54218] ok=6828 last_latency=24.3s source=NTSB_ASRS:Pre2008
[6920/54218] ok=6838 last_latency=23.6s source=NTSB_ASRS:Pre2008
[6930/54218] ok=6848 last_latency=27.3s source=NTSB_ASRS:Pre2008
[6940/54218] ok=6858 last_latency=24.1s source=NTSB_ASRS:Pre2008
[6950/54218] ok=6868 last_latency=32.3s source=NTSB_ASRS:Pre2008
[6960/54218] ok=6878 last_latency=23.2s source=NTSB_ASRS:Pre2008
[6970/54218] ok=6888 last_latency=27.1s source=NTSB_ASRS:Pre2008
[6980/54218] ok=6898 last_latency=22.3s source=NTSB_ASRS:Pre2008
[6990/54218] ok=6908 last_latency=32.5s source=NTSB_ASRS:Pre2008
[7000/54218] ok=6918 last_latency=19.9s source=NTSB_ASRS:Pre2008
[7010/54218] ok=6928 last_latency=17.8s source=NTSB_ASRS:Pre2008
[7020/54218] ok=6938 last_latency=28.5s source=NTSB_ASRS:Pre2008
[7030/54218] ok=6948 last_latency=22.3s source=NTSB_ASRS:Pre2008
[7040/54218] ok=6958 last_latency=35.0s source=NTSB_ASRS:Pre2008
[7050/54218] ok=6968 last_latency=35.2s source=NTSB_ASRS:Pre2008
[7060/54218] ok=6978 last_latency=31.1s source=NTSB_ASRS:Pre2008
[7070/54218] ok=6987 last_latency=18.9s source=NTSB_ASRS:Pre2008
[7080/54218] ok=6997 last_latency=33.3s source=NTSB_ASRS:Pre2008
[7090/54218] ok=7007 last_latency=29.7s source=NTSB_ASRS:Pre2008
[7100/54218] ok=7017 last_latency=25.1s source=NTSB_ASRS:Pre2008
[7110/54218] ok=7027 last_latency=39.0s source=NTSB_ASRS:Pre2008
[7120/54218] ok=7037 last_latency=38.2s source=NTSB_ASRS:Pre2008
[7130/54218] ok=7047 last_latency=31.3s source=NTSB_ASRS:Pre2008
[7140/54218] ok=7057 last_latency=23.4s source=NTSB_ASRS:Pre2008
[7150/54218] ok=7067 last_latency=22.7s source=NTSB_ASRS:Pre2008
[7160/54218] ok=7076 last_latency=29.8s source=NTSB_ASRS:Pre2008
[7170/54218] ok=7086 last_latency=26.0s source=NTSB_ASRS:Pre2008
[7180/54218] ok=7096 last_latency=26.5s source=NTSB_ASRS:Pre2008
[7190/54218] ok=7106 last_latency=32.0s source=NTSB_ASRS:Pre2008
[7200/54218] ok=7116 last_latency=28.1s source=NTSB_ASRS:Pre2008
[7210/54218] ok=7126 last_latency=26.7s source=NTSB_ASRS:Pre2008
[7220/54218] ok=7136 last_latency=31.3s source=NTSB_ASRS:Pre2008
[7230/54218] ok=7146 last_latency=20.7s source=NTSB_ASRS:Pre2008
[7240/54218] ok=7156 last_latency=33.2s source=NTSB_ASRS:Pre2008
[7250/54218] ok=7166 last_latency=24.2s source=NTSB_ASRS:Pre2008
[7260/54218] ok=7175 last_latency=29.6s source=NTSB_ASRS:Pre2008
[7270/54218] ok=7185 last_latency=25.7s source=NTSB_ASRS:Pre2008
[7280/54218] ok=7195 last_latency=25.1s source=NTSB_ASRS:Pre2008
[7290/54218] ok=7205 last_latency=26.9s source=NTSB_ASRS:Pre2008
[7300/54218] ok=7215 last_latency=35.0s source=NTSB_ASRS:Pre2008
[7310/54218] ok=7225 last_latency=21.9s source=NTSB_ASRS:Pre2008
[7320/54218] ok=7235 last_latency=26.3s source=NTSB_ASRS:Pre2008
[7330/54218] ok=7244 last_latency=24.9s source=NTSB_ASRS:Pre2008
[7340/54218] ok=7254 last_latency=28.7s source=NTSB_ASRS:Pre2008
[7350/54218] ok=7264 last_latency=31.2s source=NTSB_ASRS:Pre2008
[7360/54218] ok=7273 last_latency=23.9s source=NTSB_ASRS:Pre2008
[7370/54218] ok=7283 last_latency=23.7s source=NTSB_ASRS:Pre2008
[7380/54218] ok=7293 last_latency=26.6s source=NTSB_ASRS:Pre2008
[7390/54218] ok=7303 last_latency=20.6s source=NTSB_ASRS:Pre2008
[7400/54218] ok=7313 last_latency=19.0s source=NTSB_ASRS:Pre2008
[7410/54218] ok=7323 last_latency=31.6s source=NTSB_ASRS:Pre2008
[7420/54218] ok=7333 last_latency=30.1s source=NTSB_ASRS:Pre2008
[7430/54218] ok=7343 last_latency=25.8s source=NTSB_ASRS:Pre2008
[7440/54218] ok=7353 last_latency=24.5s source=NTSB_ASRS:Pre2008
[7450/54218] ok=7363 last_latency=29.3s source=NTSB_ASRS:Pre2008
[7460/54218] ok=7372 last_latency=27.7s source=NTSB_ASRS:Pre2008
[7470/54218] ok=7382 last_latency=31.4s source=NTSB_ASRS:Pre2008
[7480/54218] ok=7392 last_latency=26.6s source=NTSB_ASRS:Pre2008
[7490/54218] ok=7402 last_latency=18.0s source=NTSB_ASRS:Pre2008
[7500/54218] ok=7412 last_latency=26.0s source=NTSB_ASRS:Pre2008
[7510/54218] ok=7422 last_latency=26.3s source=NTSB_ASRS:Pre2008
[7520/54218] ok=7432 last_latency=26.6s source=NTSB_ASRS:Pre2008
[7530/54218] ok=7441 last_latency=37.5s source=NTSB_ASRS:Pre2008
[7540/54218] ok=7451 last_latency=27.9s source=NTSB_ASRS:Pre2008
[7550/54218] ok=7461 last_latency=25.5s source=NTSB_ASRS:Pre2008
[7560/54218] ok=7471 last_latency=15.8s source=NTSB_ASRS:Pre2008
[7570/54218] ok=7481 last_latency=30.7s source=NTSB_ASRS:Pre2008
[7580/54218] ok=7491 last_latency=26.5s source=NTSB_ASRS:Pre2008
[7590/54218] ok=7501 last_latency=27.4s source=NTSB_ASRS:Pre2008
[7600/54218] ok=7511 last_latency=24.8s source=NTSB_ASRS:Pre2008
[7610/54218] ok=7521 last_latency=25.3s source=NTSB_ASRS:Pre2008
[7620/54218] ok=7531 last_latency=32.8s source=NTSB_ASRS:Pre2008
[7630/54218] ok=7541 last_latency=25.5s source=NTSB_ASRS:Pre2008
[7640/54218] ok=7551 last_latency=22.5s source=NTSB_ASRS:Pre2008
[7650/54218] ok=7561 last_latency=19.6s source=NTSB_ASRS:Pre2008
[7660/54218] ok=7571 last_latency=26.7s source=NTSB_ASRS:Pre2008
[7670/54218] ok=7581 last_latency=22.7s source=NTSB_ASRS:Pre2008
[7680/54218] ok=7591 last_latency=23.8s source=NTSB_ASRS:Pre2008
[7690/54218] ok=7601 last_latency=24.2s source=NTSB_ASRS:Pre2008
[7700/54218] ok=7611 last_latency=21.5s source=NTSB_ASRS:Pre2008
[7710/54218] ok=7621 last_latency=21.1s source=NTSB_ASRS:Pre2008
[7720/54218] ok=7631 last_latency=28.3s source=NTSB_ASRS:Pre2008
[7730/54218] ok=7641 last_latency=26.7s source=NTSB_ASRS:Pre2008
[7740/54218] ok=7651 last_latency=18.6s source=NTSB_ASRS:Pre2008
[7750/54218] ok=7661 last_latency=22.2s source=NTSB_ASRS:Pre2008
[7760/54218] ok=7671 last_latency=12.6s source=NTSB_ASRS:Pre2008
[7770/54218] ok=7681 last_latency=28.1s source=NTSB_ASRS:Pre2008
[7780/54218] ok=7691 last_latency=22.5s source=NTSB_ASRS:Pre2008
[7790/54218] ok=7701 last_latency=36.1s source=NTSB_ASRS:Pre2008
[7800/54218] ok=7711 last_latency=22.5s source=NTSB_ASRS:Pre2008
[7810/54218] ok=7721 last_latency=27.5s source=NTSB_ASRS:Pre2008
[7820/54218] ok=7731 last_latency=35.2s source=NTSB_ASRS:Pre2008
[7830/54218] ok=7741 last_latency=28.8s source=NTSB_ASRS:Pre2008
[7840/54218] ok=7751 last_latency=19.0s source=NTSB_ASRS:Pre2008
[7850/54218] ok=7761 last_latency=22.7s source=NTSB_ASRS:Pre2008
[7860/54218] ok=7771 last_latency=33.7s source=NTSB_ASRS:Pre2008
[7870/54218] ok=7781 last_latency=31.7s source=NTSB_ASRS:Pre2008
[7880/54218] ok=7791 last_latency=36.8s source=NTSB_ASRS:Pre2008
[7890/54218] ok=7801 last_latency=23.7s source=NTSB_ASRS:Pre2008
[7900/54218] ok=7811 last_latency=32.3s source=NTSB_ASRS:Pre2008
[7910/54218] ok=7821 last_latency=28.5s source=NTSB_ASRS:Pre2008
[7920/54218] ok=7831 last_latency=20.7s source=NTSB_ASRS:Pre2008
[7930/54218] ok=7840 last_latency=15.6s source=NTSB_ASRS:Pre2008
[7940/54218] ok=7850 last_latency=35.9s source=NTSB_ASRS:Pre2008
[7950/54218] ok=7860 last_latency=23.7s source=NTSB_ASRS:Pre2008
[7960/54218] ok=7870 last_latency=26.7s source=NTSB_ASRS:Pre2008
[7970/54218] ok=7880 last_latency=22.4s source=NTSB_ASRS:Pre2008
[7980/54218] ok=7890 last_latency=27.5s source=NTSB_ASRS:Pre2008
[7990/54218] ok=7900 last_latency=33.6s source=NTSB_ASRS:Pre2008
[8000/54218] ok=7909 last_latency=22.1s source=NTSB_ASRS:Pre2008
[8010/54218] ok=7919 last_latency=22.8s source=NTSB_ASRS:Pre2008
[8020/54218] ok=7929 last_latency=23.5s source=NTSB_ASRS:Pre2008
[8030/54218] ok=7939 last_latency=24.2s source=NTSB_ASRS:Pre2008
[8040/54218] ok=7949 last_latency=27.7s source=NTSB_ASRS:Pre2008
[8050/54218] ok=7958 last_latency=33.9s source=NTSB_ASRS:Pre2008
[8060/54218] ok=7968 last_latency=33.0s source=NTSB_ASRS:Pre2008
[8070/54218] ok=7978 last_latency=22.7s source=NTSB_ASRS:Pre2008
[8080/54218] ok=7988 last_latency=24.5s source=NTSB_ASRS:Pre2008
[8090/54218] ok=7998 last_latency=31.0s source=NTSB_ASRS:Pre2008
[8100/54218] ok=8008 last_latency=15.0s source=NTSB_ASRS:Pre2008
[8110/54218] ok=8018 last_latency=26.9s source=NTSB_ASRS:Pre2008
[8120/54218] ok=8028 last_latency=33.5s source=NTSB_ASRS:Pre2008
[8130/54218] ok=8038 last_latency=27.4s source=NTSB_ASRS:Pre2008
[8140/54218] ok=8048 last_latency=25.0s source=NTSB_ASRS:Pre2008
[8150/54218] ok=8058 last_latency=29.9s source=NTSB_ASRS:Pre2008
[8160/54218] ok=8068 last_latency=20.3s source=NTSB_ASRS:Pre2008
[8170/54218] ok=8078 last_latency=24.9s source=NTSB_ASRS:Pre2008
[8180/54218] ok=8088 last_latency=23.0s source=NTSB_ASRS:Pre2008
[8190/54218] ok=8098 last_latency=21.6s source=NTSB_ASRS:Pre2008
[8200/54218] ok=8108 last_latency=22.4s source=NTSB_ASRS:Pre2008
[8210/54218] ok=8118 last_latency=28.4s source=NTSB_ASRS:Pre2008
[8220/54218] ok=8128 last_latency=39.2s source=NTSB_ASRS:Pre2008
[8230/54218] ok=8138 last_latency=29.9s source=NTSB_ASRS:Pre2008
[8240/54218] ok=8148 last_latency=30.8s source=NTSB_ASRS:Pre2008
[8250/54218] ok=8158 last_latency=24.0s source=NTSB_ASRS:Pre2008
[8260/54218] ok=8168 last_latency=25.3s source=NTSB_ASRS:Pre2008
[8270/54218] ok=8177 last_latency=26.3s source=NTSB_ASRS:Pre2008
[8280/54218] ok=8187 last_latency=30.1s source=NTSB_ASRS:Pre2008
[8290/54218] ok=8197 last_latency=32.5s source=NTSB_ASRS:Pre2008
[8300/54218] ok=8207 last_latency=33.5s source=NTSB_ASRS:Pre2008
[8310/54218] ok=8216 last_latency=40.7s source=NTSB_ASRS:Pre2008
[8320/54218] ok=8226 last_latency=26.1s source=NTSB_ASRS:Pre2008
[8330/54218] ok=8235 last_latency=20.3s source=NTSB_ASRS:Pre2008
[8340/54218] ok=8245 last_latency=28.5s source=NTSB_ASRS:Pre2008
[8350/54218] ok=8255 last_latency=23.5s source=NTSB_ASRS:Pre2008
[8360/54218] ok=8265 last_latency=20.8s source=NTSB_ASRS:Pre2008
[8370/54218] ok=8275 last_latency=26.5s source=NTSB_ASRS:Pre2008
[8380/54218] ok=8285 last_latency=27.3s source=NTSB_ASRS:Pre2008
[8390/54218] ok=8295 last_latency=22.3s source=NTSB_ASRS:Pre2008
[8400/54218] ok=8305 last_latency=18.7s source=NTSB_ASRS:Pre2008
[8410/54218] ok=8315 last_latency=25.6s source=NTSB_ASRS:Pre2008
[8420/54218] ok=8325 last_latency=27.3s source=NTSB_ASRS:Pre2008
[8430/54218] ok=8334 last_latency=26.8s source=NTSB_ASRS:Pre2008
[8440/54218] ok=8344 last_latency=30.0s source=NTSB_ASRS:Pre2008
[8450/54218] ok=8354 last_latency=35.4s source=NTSB_ASRS:Pre2008
[8460/54218] ok=8364 last_latency=24.3s source=NTSB_ASRS:Pre2008
[8470/54218] ok=8374 last_latency=21.3s source=NTSB_ASRS:Pre2008
[8480/54218] ok=8384 last_latency=22.5s source=NTSB_ASRS:Pre2008
[8490/54218] ok=8394 last_latency=18.6s source=NTSB_ASRS:Pre2008
[8500/54218] ok=8404 last_latency=32.3s source=NTSB_ASRS:Pre2008
[8510/54218] ok=8414 last_latency=26.2s source=NTSB_ASRS:Pre2008
[8520/54218] ok=8424 last_latency=28.5s source=NTSB_ASRS:Pre2008
[8530/54218] ok=8434 last_latency=27.7s source=NTSB_ASRS:Pre2008
[8540/54218] ok=8444 last_latency=33.9s source=NTSB_ASRS:Pre2008
[8550/54218] ok=8454 last_latency=24.6s source=NTSB_ASRS:Pre2008
[8560/54218] ok=8464 last_latency=28.1s source=NTSB_ASRS:Pre2008
[8570/54218] ok=8474 last_latency=18.6s source=NTSB_ASRS:Pre2008
[8580/54218] ok=8484 last_latency=24.9s source=NTSB_ASRS:Pre2008
[8590/54218] ok=8493 last_latency=16.2s source=NTSB_ASRS:Pre2008
[8600/54218] ok=8503 last_latency=23.5s source=NTSB_ASRS:Pre2008
[8610/54218] ok=8513 last_latency=25.7s source=NTSB_ASRS:Pre2008
[8620/54218] ok=8523 last_latency=30.6s source=NTSB_ASRS:Pre2008
[8630/54218] ok=8533 last_latency=26.4s source=NTSB_ASRS:Pre2008
[8640/54218] ok=8542 last_latency=28.6s source=NTSB_ASRS:Pre2008
[8650/54218] ok=8552 last_latency=29.5s source=NTSB_ASRS:Pre2008
[8660/54218] ok=8562 last_latency=20.9s source=NTSB_ASRS:Pre2008
[8670/54218] ok=8572 last_latency=27.2s source=NTSB_ASRS:Pre2008
[8680/54218] ok=8582 last_latency=15.6s source=NTSB_ASRS:Pre2008
[8690/54218] ok=8592 last_latency=32.6s source=NTSB_ASRS:Pre2008
[8700/54218] ok=8602 last_latency=27.7s source=NTSB_ASRS:Pre2008
[8710/54218] ok=8612 last_latency=26.0s source=NTSB_ASRS:Pre2008
[8720/54218] ok=8622 last_latency=22.2s source=NTSB_ASRS:Pre2008
[8730/54218] ok=8632 last_latency=31.6s source=NTSB_ASRS:Pre2008
[8740/54218] ok=8642 last_latency=24.6s source=NTSB_ASRS:Pre2008
[8750/54218] ok=8652 last_latency=21.9s source=NTSB_ASRS:Pre2008
[8760/54218] ok=8662 last_latency=28.2s source=NTSB_ASRS:Pre2008
[8770/54218] ok=8672 last_latency=24.0s source=NTSB_ASRS:Pre2008
[8780/54218] ok=8682 last_latency=26.6s source=NTSB_ASRS:Pre2008
[8790/54218] ok=8692 last_latency=24.7s source=NTSB_ASRS:Pre2008
[8800/54218] ok=8702 last_latency=21.3s source=NTSB_ASRS:Pre2008
[8810/54218] ok=8712 last_latency=30.1s source=NTSB_ASRS:Pre2008
[8820/54218] ok=8722 last_latency=31.2s source=NTSB_ASRS:Pre2008
[8830/54218] ok=8732 last_latency=28.5s source=NTSB_ASRS:Pre2008
[8840/54218] ok=8742 last_latency=29.1s source=NTSB_ASRS:Pre2008
[8850/54218] ok=8752 last_latency=30.1s source=NTSB_ASRS:Pre2008
[8860/54218] ok=8762 last_latency=24.1s source=NTSB_ASRS:Pre2008
[8870/54218] ok=8772 last_latency=28.2s source=NTSB_ASRS:Pre2008
[8880/54218] ok=8782 last_latency=26.6s source=NTSB_ASRS:Pre2008
[8890/54218] ok=8792 last_latency=26.6s source=NTSB_ASRS:Pre2008
[8900/54218] ok=8802 last_latency=18.2s source=NTSB_ASRS:Pre2008
[8910/54218] ok=8812 last_latency=30.4s source=NTSB_ASRS:Pre2008
[8920/54218] ok=8822 last_latency=27.7s source=NTSB_ASRS:Pre2008
[8930/54218] ok=8832 last_latency=31.3s source=NTSB_ASRS:Pre2008
[8940/54218] ok=8842 last_latency=23.8s source=NTSB_ASRS:Pre2008
[8950/54218] ok=8852 last_latency=30.3s source=NTSB_ASRS:Pre2008
[8960/54218] ok=8862 last_latency=23.9s source=NTSB_ASRS:Pre2008
[8970/54218] ok=8872 last_latency=36.2s source=NTSB_ASRS:Pre2008
[8980/54218] ok=8882 last_latency=23.2s source=NTSB_ASRS:Pre2008
[8990/54218] ok=8892 last_latency=23.6s source=NTSB_ASRS:Pre2008
[9000/54218] ok=8902 last_latency=18.4s source=NTSB_ASRS:Pre2008
[9010/54218] ok=8912 last_latency=16.3s source=NTSB_ASRS:Pre2008
[9020/54218] ok=8922 last_latency=20.6s source=NTSB_ASRS:Pre2008
[9030/54218] ok=8932 last_latency=25.3s source=NTSB_ASRS:Pre2008
[9040/54218] ok=8942 last_latency=31.4s source=NTSB_ASRS:Pre2008
[9050/54218] ok=8952 last_latency=21.4s source=NTSB_ASRS:Pre2008
[9060/54218] ok=8962 last_latency=25.3s source=NTSB_ASRS:Pre2008
[9070/54218] ok=8972 last_latency=22.8s source=NTSB_ASRS:Pre2008
[9080/54218] ok=8982 last_latency=20.6s source=NTSB_ASRS:Pre2008
[9090/54218] ok=8992 last_latency=29.0s source=NTSB_ASRS:Pre2008
[9100/54218] ok=9002 last_latency=34.4s source=NTSB_ASRS:Pre2008
[9110/54218] ok=9012 last_latency=19.7s source=NTSB_ASRS:Pre2008
[9120/54218] ok=9022 last_latency=22.9s source=NTSB_ASRS:Pre2008
[9130/54218] ok=9032 last_latency=25.9s source=NTSB_ASRS:Pre2008
[9140/54218] ok=9042 last_latency=28.6s source=NTSB_ASRS:Pre2008
[9150/54218] ok=9052 last_latency=32.1s source=NTSB_ASRS:Pre2008
[9160/54218] ok=9061 last_latency=31.2s source=NTSB_ASRS:Pre2008
[9170/54218] ok=9071 last_latency=24.9s source=NTSB_ASRS:Pre2008
[9180/54218] ok=9081 last_latency=22.9s source=NTSB_ASRS:Pre2008
[9190/54218] ok=9091 last_latency=30.6s source=NTSB_ASRS:Pre2008
[9200/54218] ok=9101 last_latency=25.3s source=NTSB_ASRS:Pre2008
[9210/54218] ok=9111 last_latency=19.7s source=NTSB_ASRS:Pre2008
[9220/54218] ok=9121 last_latency=26.3s source=NTSB_ASRS:Pre2008
[9230/54218] ok=9131 last_latency=25.2s source=NTSB_ASRS:Pre2008
[9240/54218] ok=9141 last_latency=23.5s source=NTSB_ASRS:Pre2008
[9250/54218] ok=9151 last_latency=22.7s source=NTSB_ASRS:Pre2008
[9260/54218] ok=9161 last_latency=31.4s source=NTSB_ASRS:Pre2008
[9270/54218] ok=9171 last_latency=37.1s source=NTSB_ASRS:Pre2008
[9280/54218] ok=9181 last_latency=23.0s source=NTSB_ASRS:Pre2008
[9290/54218] ok=9191 last_latency=22.8s source=NTSB_ASRS:Pre2008
[9300/54218] ok=9200 last_latency=30.1s source=NTSB_ASRS:Pre2008
[9310/54218] ok=9210 last_latency=25.5s source=NTSB_ASRS:Pre2008
[9320/54218] ok=9220 last_latency=25.7s source=NTSB_ASRS:Pre2008
[9330/54218] ok=9230 last_latency=28.4s source=NTSB_ASRS:Pre2008
[9340/54218] ok=9240 last_latency=27.2s source=NTSB_ASRS:Pre2008
[9350/54218] ok=9250 last_latency=26.5s source=NTSB_ASRS:Pre2008
[9360/54218] ok=9260 last_latency=25.4s source=NTSB_ASRS:Pre2008
[9370/54218] ok=9270 last_latency=33.1s source=NTSB_ASRS:Pre2008
[9380/54218] ok=9280 last_latency=20.8s source=NTSB_ASRS:Pre2008
[9390/54218] ok=9290 last_latency=21.9s source=NTSB_ASRS:Pre2008
[9400/54218] ok=9300 last_latency=33.3s source=NTSB_ASRS:Pre2008
[9410/54218] ok=9310 last_latency=26.7s source=NTSB_ASRS:Pre2008
[9420/54218] ok=9319 last_latency=19.5s source=NTSB_ASRS:Pre2008
[9430/54218] ok=9328 last_latency=28.8s source=NTSB_ASRS:Pre2008
[9440/54218] ok=9338 last_latency=26.4s source=NTSB_ASRS:Pre2008
[9450/54218] ok=9348 last_latency=18.1s source=NTSB_ASRS:Pre2008
[9460/54218] ok=9358 last_latency=28.8s source=NTSB_ASRS:Pre2008
[9470/54218] ok=9368 last_latency=43.9s source=NTSB_ASRS:Pre2008
[9480/54218] ok=9378 last_latency=25.8s source=NTSB_ASRS:Pre2008
[9490/54218] ok=9388 last_latency=19.3s source=NTSB_ASRS:Pre2008
[9500/54218] ok=9397 last_latency=35.9s source=NTSB_ASRS:Pre2008
[9510/54218] ok=9407 last_latency=16.3s source=NTSB_ASRS:Pre2008
[9520/54218] ok=9417 last_latency=13.8s source=NTSB_ASRS:Pre2008
[9530/54218] ok=9427 last_latency=33.0s source=NTSB_ASRS:Pre2008
[9540/54218] ok=9437 last_latency=34.3s source=NTSB_ASRS:Pre2008
[9550/54218] ok=9447 last_latency=15.9s source=NTSB_ASRS:Pre2008
[9560/54218] ok=9457 last_latency=26.0s source=NTSB_ASRS:Pre2008
[9570/54218] ok=9467 last_latency=31.2s source=NTSB_ASRS:Pre2008
[9580/54218] ok=9477 last_latency=20.6s source=NTSB_ASRS:Pre2008
[9590/54218] ok=9487 last_latency=24.9s source=NTSB_ASRS:Pre2008
[9600/54218] ok=9497 last_latency=29.9s source=NTSB_ASRS:Pre2008
[9610/54218] ok=9507 last_latency=29.0s source=NTSB_ASRS:Pre2008
[9620/54218] ok=9517 last_latency=19.7s source=NTSB_ASRS:Pre2008
[9630/54218] ok=9527 last_latency=29.6s source=NTSB_ASRS:Pre2008
[9640/54218] ok=9537 last_latency=25.7s source=NTSB_ASRS:Pre2008
[9650/54218] ok=9547 last_latency=20.6s source=NTSB_ASRS:Pre2008
[9660/54218] ok=9557 last_latency=22.4s source=NTSB_ASRS:Pre2008
[9670/54218] ok=9567 last_latency=25.7s source=NTSB_ASRS:Pre2008
[9680/54218] ok=9577 last_latency=22.6s source=NTSB_ASRS:Pre2008
[9690/54218] ok=9587 last_latency=22.4s source=NTSB_ASRS:Pre2008
[9700/54218] ok=9597 last_latency=23.8s source=NTSB_ASRS:Pre2008
[9710/54218] ok=9607 last_latency=27.4s source=NTSB_ASRS:Pre2008
[9720/54218] ok=9617 last_latency=18.9s source=NTSB_ASRS:Pre2008
[9730/54218] ok=9627 last_latency=31.5s source=NTSB_ASRS:Pre2008
[9740/54218] ok=9637 last_latency=26.1s source=NTSB_ASRS:Pre2008
[9750/54218] ok=9647 last_latency=19.1s source=NTSB_ASRS:Pre2008
[9760/54218] ok=9657 last_latency=22.1s source=NTSB_ASRS:Pre2008
[9770/54218] ok=9667 last_latency=20.4s source=NTSB_ASRS:Pre2008
[9780/54218] ok=9677 last_latency=23.3s source=NTSB_ASRS:Pre2008
[9790/54218] ok=9687 last_latency=28.9s source=NTSB_ASRS:Pre2008
[9800/54218] ok=9697 last_latency=27.0s source=NTSB_ASRS:Pre2008
[9810/54218] ok=9707 last_latency=25.0s source=NTSB_ASRS:Pre2008
[9820/54218] ok=9717 last_latency=20.9s source=NTSB_ASRS:Pre2008
[9830/54218] ok=9727 last_latency=23.0s source=NTSB_ASRS:Pre2008
[9840/54218] ok=9737 last_latency=26.2s source=NTSB_ASRS:Pre2008
[9850/54218] ok=9747 last_latency=29.5s source=NTSB_ASRS:Pre2008
[9860/54218] ok=9757 last_latency=26.8s source=NTSB_ASRS:Pre2008
[9870/54218] ok=9767 last_latency=28.8s source=NTSB_ASRS:Pre2008
[9880/54218] ok=9777 last_latency=20.1s source=NTSB_ASRS:Pre2008
[9890/54218] ok=9787 last_latency=26.2s source=NTSB_ASRS:Pre2008
[9900/54218] ok=9797 last_latency=23.8s source=NTSB_ASRS:Pre2008
[9910/54218] ok=9807 last_latency=21.8s source=NTSB_ASRS:Pre2008
[9920/54218] ok=9817 last_latency=16.5s source=NTSB_ASRS:Pre2008
[9930/54218] ok=9827 last_latency=23.0s source=NTSB_ASRS:Pre2008
[9940/54218] ok=9837 last_latency=23.4s source=NTSB_ASRS:Pre2008
[9950/54218] ok=9847 last_latency=22.6s source=NTSB_ASRS:Pre2008
[9960/54218] ok=9857 last_latency=23.0s source=NTSB_ASRS:Pre2008
[9970/54218] ok=9867 last_latency=22.2s source=NTSB_ASRS:Pre2008
[9980/54218] ok=9877 last_latency=32.5s source=NTSB_ASRS:Pre2008
[9990/54218] ok=9887 last_latency=24.9s source=NTSB_ASRS:Pre2008
[10000/54218] ok=9897 last_latency=31.9s source=NTSB_ASRS:Pre2008
[10010/54218] ok=9907 last_latency=16.3s source=NTSB_ASRS:Pre2008
[10020/54218] ok=9917 last_latency=27.7s source=NTSB_ASRS:Pre2008
[10030/54218] ok=9927 last_latency=18.6s source=NTSB_ASRS:Pre2008
[10040/54218] ok=9937 last_latency=27.0s source=NTSB_ASRS:Pre2008
[10050/54218] ok=9947 last_latency=20.1s source=NTSB_ASRS:Pre2008
[10060/54218] ok=9957 last_latency=28.3s source=NTSB_ASRS:Pre2008
[10070/54218] ok=9967 last_latency=32.9s source=NTSB_ASRS:Pre2008
[10080/54218] ok=9977 last_latency=23.1s source=NTSB_ASRS:Pre2008
[10090/54218] ok=9987 last_latency=25.4s source=NTSB_ASRS:Pre2008
[10100/54218] ok=9997 last_latency=16.4s source=NTSB_ASRS:Pre2008
[10110/54218] ok=10006 last_latency=27.9s source=NTSB_ASRS:Pre2008
[10120/54218] ok=10016 last_latency=19.8s source=NTSB_ASRS:Pre2008
[10130/54218] ok=10026 last_latency=28.7s source=NTSB_ASRS:Pre2008
[10140/54218] ok=10036 last_latency=20.7s source=NTSB_ASRS:Pre2008
[10150/54218] ok=10046 last_latency=26.1s source=NTSB_ASRS:Pre2008
[10160/54218] ok=10056 last_latency=29.0s source=NTSB_ASRS:Pre2008
[10170/54218] ok=10066 last_latency=29.0s source=NTSB_ASRS:Pre2008
[10180/54218] ok=10076 last_latency=29.4s source=NTSB_ASRS:Pre2008
[10190/54218] ok=10086 last_latency=21.3s source=NTSB_ASRS:Pre2008
[10200/54218] ok=10096 last_latency=33.3s source=NTSB_ASRS:Pre2008
[10210/54218] ok=10106 last_latency=20.5s source=NTSB_ASRS:Pre2008
[10220/54218] ok=10116 last_latency=28.4s source=NTSB_ASRS:Pre2008
[10230/54218] ok=10126 last_latency=26.7s source=NTSB_ASRS:Pre2008
[10240/54218] ok=10136 last_latency=24.4s source=NTSB_ASRS:Pre2008
[10250/54218] ok=10145 last_latency=29.5s source=NTSB_ASRS:Pre2008
[10260/54218] ok=10155 last_latency=14.3s source=NTSB_ASRS:Pre2008
[10270/54218] ok=10165 last_latency=21.0s source=NTSB_ASRS:Pre2008
[10280/54218] ok=10175 last_latency=35.7s source=NTSB_ASRS:Pre2008
[10290/54218] ok=10185 last_latency=28.0s source=NTSB_ASRS:Pre2008
[10300/54218] ok=10195 last_latency=33.3s source=NTSB_ASRS:Pre2008
[10310/54218] ok=10204 last_latency=28.7s source=NTSB_ASRS:Pre2008
[10320/54218] ok=10214 last_latency=24.6s source=NTSB_ASRS:Pre2008
[10330/54218] ok=10224 last_latency=26.5s source=NTSB_ASRS:Pre2008
[10340/54218] ok=10234 last_latency=34.9s source=NTSB_ASRS:Pre2008
[10350/54218] ok=10244 last_latency=30.2s source=NTSB_ASRS:Pre2008
[10360/54218] ok=10254 last_latency=33.2s source=NTSB_ASRS:Pre2008
[10370/54218] ok=10264 last_latency=27.0s source=NTSB_ASRS:Pre2008
[10380/54218] ok=10274 last_latency=21.5s source=NTSB_ASRS:Pre2008
[10390/54218] ok=10284 last_latency=30.2s source=NTSB_ASRS:Pre2008
[10400/54218] ok=10294 last_latency=28.7s source=NTSB_ASRS:Pre2008
[10410/54218] ok=10304 last_latency=33.0s source=NTSB_ASRS:Pre2008
[10420/54218] ok=10312 last_latency=29.1s source=NTSB_ASRS:Pre2008
[10430/54218] ok=10322 last_latency=27.1s source=NTSB_ASRS:Pre2008
[10440/54218] ok=10332 last_latency=29.3s source=NTSB_ASRS:Pre2008
[10450/54218] ok=10342 last_latency=23.2s source=NTSB_ASRS:Pre2008
[10460/54218] ok=10352 last_latency=21.8s source=NTSB_ASRS:Pre2008
[10470/54218] ok=10362 last_latency=21.0s source=NTSB_ASRS:Pre2008
[10480/54218] ok=10372 last_latency=24.4s source=NTSB_ASRS:Pre2008
[10490/54218] ok=10382 last_latency=39.5s source=NTSB_ASRS:Pre2008
[10500/54218] ok=10392 last_latency=26.0s source=NTSB_ASRS:Pre2008
[10510/54218] ok=10402 last_latency=19.5s source=NTSB_ASRS:Pre2008
[10520/54218] ok=10412 last_latency=26.7s source=NTSB_ASRS:Pre2008
[10530/54218] ok=10422 last_latency=26.8s source=NTSB_ASRS:Pre2008
[10540/54218] ok=10432 last_latency=22.3s source=NTSB_ASRS:Pre2008
[10550/54218] ok=10442 last_latency=29.7s source=NTSB_ASRS:Pre2008
[10560/54218] ok=10452 last_latency=28.2s source=NTSB_ASRS:Pre2008
[10570/54218] ok=10462 last_latency=33.1s source=NTSB_ASRS:Pre2008
[10580/54218] ok=10472 last_latency=33.3s source=NTSB_ASRS:Pre2008
[10590/54218] ok=10482 last_latency=30.8s source=NTSB_ASRS:Pre2008
[10600/54218] ok=10492 last_latency=34.2s source=NTSB_ASRS:Pre2008
[10610/54218] ok=10502 last_latency=27.6s source=NTSB_ASRS:Pre2008
[10620/54218] ok=10512 last_latency=36.2s source=NTSB_ASRS:Pre2008
[10630/54218] ok=10521 last_latency=22.4s source=NTSB_ASRS:Pre2008
[10640/54218] ok=10531 last_latency=28.0s source=NTSB_ASRS:Pre2008
[10650/54218] ok=10541 last_latency=27.4s source=NTSB_ASRS:Pre2008
[10660/54218] ok=10551 last_latency=19.3s source=NTSB_ASRS:Pre2008
[10670/54218] ok=10561 last_latency=23.2s source=NTSB_ASRS:Pre2008
[10680/54218] ok=10571 last_latency=23.0s source=NTSB_ASRS:Pre2008
[10690/54218] ok=10581 last_latency=22.9s source=NTSB_ASRS:Pre2008
[10700/54218] ok=10591 last_latency=20.8s source=NTSB_ASRS:Pre2008
[10710/54218] ok=10600 last_latency=22.7s source=NTSB_ASRS:Pre2008
[10720/54218] ok=10610 last_latency=32.9s source=NTSB_ASRS:Pre2008
[10730/54218] ok=10620 last_latency=32.2s source=NTSB_ASRS:Pre2008
[10740/54218] ok=10630 last_latency=21.2s source=NTSB_ASRS:Pre2008
[10750/54218] ok=10640 last_latency=26.3s source=NTSB_ASRS:Pre2008
[10760/54218] ok=10650 last_latency=29.5s source=NTSB_ASRS:Pre2008
[10770/54218] ok=10660 last_latency=21.8s source=NTSB_ASRS:Pre2008
[10780/54218] ok=10670 last_latency=20.5s source=NTSB_ASRS:Pre2008
[10790/54218] ok=10680 last_latency=21.5s source=NTSB_ASRS:Pre2008
[10800/54218] ok=10690 last_latency=29.8s source=NTSB_ASRS:Pre2008
[10810/54218] ok=10700 last_latency=30.6s source=NTSB_ASRS:Pre2008
[10820/54218] ok=10710 last_latency=31.6s source=NTSB_ASRS:Pre2008
[10830/54218] ok=10719 last_latency=30.1s source=NTSB_ASRS:Pre2008
[10840/54218] ok=10729 last_latency=23.3s source=NTSB_ASRS:Pre2008
[10850/54218] ok=10739 last_latency=37.4s source=NTSB_ASRS:Pre2008
[10860/54218] ok=10749 last_latency=24.4s source=NTSB_ASRS:Pre2008
[10870/54218] ok=10759 last_latency=24.3s source=NTSB_ASRS:Pre2008
[10880/54218] ok=10769 last_latency=19.0s source=NTSB_ASRS:Pre2008
[10890/54218] ok=10778 last_latency=25.7s source=NTSB_ASRS:Pre2008
[10900/54218] ok=10788 last_latency=27.8s source=NTSB_ASRS:Pre2008
[10910/54218] ok=10798 last_latency=20.2s source=NTSB_ASRS:Pre2008
[10920/54218] ok=10808 last_latency=14.1s source=NTSB_ASRS:Pre2008
[10930/54218] ok=10818 last_latency=18.1s source=NTSB_ASRS:Pre2008
[10940/54218] ok=10828 last_latency=31.9s source=NTSB_ASRS:Pre2008
[10950/54218] ok=10838 last_latency=27.4s source=NTSB_ASRS:Pre2008
[10960/54218] ok=10848 last_latency=14.2s source=NTSB_ASRS:Pre2008
[10970/54218] ok=10858 last_latency=34.8s source=NTSB_ASRS:Pre2008
[10980/54218] ok=10868 last_latency=26.5s source=NTSB_ASRS:Pre2008
[10990/54218] ok=10878 last_latency=26.2s source=NTSB_ASRS:Pre2008
[11000/54218] ok=10888 last_latency=37.0s source=NTSB_ASRS:Pre2008
[11010/54218] ok=10898 last_latency=28.1s source=NTSB_ASRS:Pre2008
[11020/54218] ok=10908 last_latency=35.1s source=NTSB_ASRS:Pre2008
[11030/54218] ok=10918 last_latency=28.9s source=NTSB_ASRS:Pre2008
[11040/54218] ok=10928 last_latency=24.6s source=NTSB_ASRS:Pre2008
[11050/54218] ok=10938 last_latency=31.0s source=NTSB_ASRS:Pre2008
[11060/54218] ok=10948 last_latency=25.3s source=NTSB_ASRS:Pre2008
[11070/54218] ok=10958 last_latency=25.9s source=NTSB_ASRS:Pre2008
[11080/54218] ok=10967 last_latency=21.6s source=NTSB_ASRS:Pre2008
[11090/54218] ok=10977 last_latency=27.2s source=NTSB_ASRS:Pre2008
[11100/54218] ok=10987 last_latency=26.1s source=NTSB_ASRS:Pre2008
[11110/54218] ok=10997 last_latency=28.7s source=NTSB_ASRS:Pre2008
[11120/54218] ok=11007 last_latency=24.4s source=NTSB_ASRS:Pre2008
[11130/54218] ok=11017 last_latency=27.1s source=NTSB_ASRS:Pre2008
[11140/54218] ok=11027 last_latency=26.7s source=NTSB_ASRS:Pre2008
[11150/54218] ok=11037 last_latency=28.6s source=NTSB_ASRS:Pre2008
[11160/54218] ok=11047 last_latency=26.3s source=NTSB_ASRS:Pre2008
[11170/54218] ok=11057 last_latency=25.4s source=NTSB_ASRS:Pre2008
[11180/54218] ok=11067 last_latency=26.6s source=NTSB_ASRS:Pre2008
[11190/54218] ok=11077 last_latency=25.0s source=NTSB_ASRS:Pre2008
[11200/54218] ok=11087 last_latency=24.6s source=NTSB_ASRS:Pre2008
[11210/54218] ok=11097 last_latency=26.1s source=NTSB_ASRS:Pre2008
[11220/54218] ok=11107 last_latency=28.8s source=NTSB_ASRS:Pre2008
[11230/54218] ok=11117 last_latency=20.9s source=NTSB_ASRS:Pre2008
[11240/54218] ok=11127 last_latency=26.6s source=NTSB_ASRS:Pre2008
[11250/54218] ok=11136 last_latency=24.5s source=NTSB_ASRS:Pre2008
[11260/54218] ok=11146 last_latency=27.7s source=NTSB_ASRS:Pre2008
[11270/54218] ok=11156 last_latency=20.4s source=NTSB_ASRS:Pre2008
[11280/54218] ok=11165 last_latency=22.9s source=NTSB_ASRS:Pre2008
[11290/54218] ok=11175 last_latency=24.4s source=NTSB_ASRS:Pre2008
[11300/54218] ok=11185 last_latency=27.9s source=NTSB_ASRS:Pre2008
[11310/54218] ok=11195 last_latency=28.4s source=NTSB_ASRS:Pre2008
[11320/54218] ok=11205 last_latency=26.8s source=NTSB_ASRS:Pre2008
[11330/54218] ok=11215 last_latency=22.6s source=NTSB_ASRS:Pre2008
[11340/54218] ok=11225 last_latency=29.0s source=NTSB_ASRS:Pre2008
[11350/54218] ok=11235 last_latency=19.3s source=NTSB_ASRS:Pre2008
[11360/54218] ok=11245 last_latency=22.6s source=NTSB_ASRS:Pre2008
[11370/54218] ok=11255 last_latency=30.1s source=NTSB_ASRS:Pre2008
[11380/54218] ok=11265 last_latency=22.1s source=NTSB_ASRS:Pre2008
[11390/54218] ok=11275 last_latency=33.0s source=NTSB_ASRS:Pre2008
[11400/54218] ok=11285 last_latency=22.3s source=NTSB_ASRS:Pre2008
[11410/54218] ok=11295 last_latency=23.5s source=NTSB_ASRS:Pre2008
[11420/54218] ok=11305 last_latency=24.2s source=NTSB_ASRS:Pre2008
[11430/54218] ok=11315 last_latency=30.5s source=NTSB_ASRS:Pre2008
[11440/54218] ok=11325 last_latency=30.9s source=NTSB_ASRS:Pre2008
[11450/54218] ok=11335 last_latency=26.4s source=NTSB_ASRS:Pre2008
[11460/54218] ok=11345 last_latency=35.4s source=NTSB_ASRS:Pre2008
[11470/54218] ok=11355 last_latency=28.1s source=NTSB_ASRS:Pre2008
[11480/54218] ok=11365 last_latency=32.2s source=NTSB_ASRS:Pre2008
[11490/54218] ok=11375 last_latency=25.8s source=NTSB_ASRS:Pre2008
[11500/54218] ok=11385 last_latency=16.8s source=NTSB_ASRS:Pre2008
[11510/54218] ok=11394 last_latency=32.3s source=NTSB_ASRS:Pre2008
[11520/54218] ok=11403 last_latency=22.1s source=NTSB_ASRS:Pre2008
[11530/54218] ok=11413 last_latency=22.0s source=NTSB_ASRS:Pre2008
[11540/54218] ok=11422 last_latency=21.8s source=NTSB_ASRS:Pre2008
[11550/54218] ok=11432 last_latency=25.6s source=NTSB_ASRS:Pre2008
[11560/54218] ok=11442 last_latency=32.9s source=NTSB_ASRS:Pre2008
[11570/54218] ok=11452 last_latency=22.3s source=NTSB_ASRS:Pre2008
[11580/54218] ok=11462 last_latency=23.4s source=NTSB_ASRS:Pre2008
[11590/54218] ok=11472 last_latency=21.0s source=NTSB_ASRS:Pre2008
[11600/54218] ok=11482 last_latency=22.9s source=NTSB_ASRS:Pre2008
[11610/54218] ok=11492 last_latency=33.2s source=NTSB_ASRS:Pre2008
[11620/54218] ok=11502 last_latency=22.9s source=NTSB_ASRS:Pre2008
[11630/54218] ok=11512 last_latency=27.6s source=NTSB_ASRS:Pre2008
[11640/54218] ok=11522 last_latency=17.8s source=NTSB_ASRS:Pre2008
[11650/54218] ok=11532 last_latency=18.6s source=NTSB_ASRS:Pre2008
[11660/54218] ok=11542 last_latency=22.3s source=NTSB_ASRS:Pre2008
[11670/54218] ok=11552 last_latency=24.3s source=NTSB_ASRS:Pre2008
[11680/54218] ok=11561 last_latency=38.5s source=NTSB_ASRS:Pre2008
[11690/54218] ok=11571 last_latency=26.0s source=NTSB_ASRS:Pre2008
[11700/54218] ok=11580 last_latency=24.8s source=NTSB_ASRS:Pre2008
[11710/54218] ok=11590 last_latency=30.5s source=NTSB_ASRS:Pre2008
[11720/54218] ok=11600 last_latency=34.2s source=NTSB_ASRS:Pre2008
[11730/54218] ok=11609 last_latency=26.1s source=NTSB_ASRS:Pre2008
[11740/54218] ok=11619 last_latency=22.6s source=NTSB_ASRS:Pre2008
[11750/54218] ok=11629 last_latency=27.0s source=NTSB_ASRS:Pre2008
[11760/54218] ok=11639 last_latency=30.6s source=NTSB_ASRS:Pre2008
[11770/54218] ok=11649 last_latency=25.6s source=NTSB_ASRS:Pre2008
[11780/54218] ok=11659 last_latency=40.3s source=NTSB_ASRS:Pre2008
[11790/54218] ok=11669 last_latency=22.7s source=NTSB_ASRS:Pre2008
[11800/54218] ok=11679 last_latency=29.4s source=NTSB_ASRS:Pre2008
[11810/54218] ok=11689 last_latency=30.2s source=NTSB_ASRS:Pre2008
[11820/54218] ok=11699 last_latency=28.8s source=NTSB_ASRS:Pre2008
[11830/54218] ok=11709 last_latency=21.7s source=NTSB_ASRS:Pre2008
[11840/54218] ok=11719 last_latency=31.4s source=NTSB_ASRS:Pre2008
[11850/54218] ok=11729 last_latency=27.7s source=NTSB_ASRS:Pre2008
[11860/54218] ok=11739 last_latency=29.8s source=NTSB_ASRS:Pre2008
[11870/54218] ok=11749 last_latency=29.0s source=NTSB_ASRS:Pre2008
[11880/54218] ok=11759 last_latency=28.7s source=NTSB_ASRS:Pre2008
[11890/54218] ok=11769 last_latency=48.8s source=NTSB_ASRS:Pre2008
[11900/54218] ok=11779 last_latency=17.7s source=NTSB_ASRS:Pre2008
[11910/54218] ok=11789 last_latency=27.3s source=NTSB_ASRS:Pre2008
[11920/54218] ok=11799 last_latency=20.5s source=NTSB_ASRS:Pre2008
[11930/54218] ok=11809 last_latency=27.4s source=NTSB_ASRS:Pre2008
[11940/54218] ok=11819 last_latency=28.1s source=NTSB_ASRS:Pre2008
[11950/54218] ok=11829 last_latency=28.1s source=NTSB_ASRS:Pre2008
[11960/54218] ok=11839 last_latency=26.9s source=NTSB_ASRS:Pre2008
[11970/54218] ok=11849 last_latency=21.5s source=NTSB_ASRS:Pre2008
[11980/54218] ok=11859 last_latency=29.4s source=NTSB_ASRS:Pre2008
[11990/54218] ok=11868 last_latency=23.7s source=NTSB_ASRS:Pre2008
[12000/54218] ok=11878 last_latency=24.3s source=NTSB_ASRS:Pre2008
[12010/54218] ok=11888 last_latency=28.3s source=NTSB_ASRS:Pre2008
[12020/54218] ok=11898 last_latency=22.6s source=NTSB_ASRS:Pre2008
[12030/54218] ok=11908 last_latency=26.0s source=NTSB_ASRS:Pre2008
[12040/54218] ok=11918 last_latency=25.2s source=NTSB_ASRS:Pre2008
[12050/54218] ok=11928 last_latency=26.0s source=NTSB_ASRS:Pre2008
[12060/54218] ok=11938 last_latency=26.7s source=NTSB_ASRS:Pre2008
[12070/54218] ok=11948 last_latency=31.7s source=NTSB_ASRS:Pre2008
[12080/54218] ok=11958 last_latency=23.3s source=NTSB_ASRS:Pre2008
[12090/54218] ok=11968 last_latency=26.5s source=NTSB_ASRS:Pre2008
[12100/54218] ok=11978 last_latency=32.8s source=NTSB_ASRS:Pre2008
[12110/54218] ok=11988 last_latency=32.3s source=NTSB_ASRS:Pre2008
[12120/54218] ok=11998 last_latency=22.8s source=NTSB_ASRS:Pre2008
[12130/54218] ok=12008 last_latency=27.0s source=NTSB_ASRS:Pre2008
[12140/54218] ok=12018 last_latency=31.9s source=NTSB_ASRS:Pre2008
[12150/54218] ok=12028 last_latency=20.8s source=NTSB_ASRS:Pre2008
[12160/54218] ok=12038 last_latency=25.6s source=NTSB_ASRS:Pre2008
[12170/54218] ok=12048 last_latency=13.4s source=NTSB_ASRS:Pre2008
[12180/54218] ok=12057 last_latency=28.8s source=NTSB_ASRS:Pre2008
[12190/54218] ok=12067 last_latency=17.1s source=NTSB_ASRS:Pre2008
[12200/54218] ok=12077 last_latency=21.3s source=NTSB_ASRS:Pre2008
[12210/54218] ok=12087 last_latency=27.7s source=NTSB_ASRS:Pre2008
[12220/54218] ok=12097 last_latency=42.0s source=NTSB_ASRS:Pre2008
[12230/54218] ok=12107 last_latency=37.3s source=NTSB_ASRS:Pre2008
[12240/54218] ok=12116 last_latency=23.1s source=NTSB_ASRS:Pre2008
[12250/54218] ok=12126 last_latency=27.1s source=NTSB_ASRS:Pre2008
[12260/54218] ok=12136 last_latency=33.3s source=NTSB_ASRS:Pre2008
[12270/54218] ok=12146 last_latency=28.3s source=NTSB_ASRS:Pre2008
[12280/54218] ok=12156 last_latency=29.5s source=NTSB_ASRS:Pre2008
[12290/54218] ok=12165 last_latency=23.7s source=NTSB_ASRS:Pre2008
[12300/54218] ok=12175 last_latency=19.7s source=NTSB_ASRS:Pre2008
[12310/54218] ok=12185 last_latency=29.1s source=NTSB_ASRS:Pre2008
[12320/54218] ok=12195 last_latency=14.4s source=NTSB_ASRS:Pre2008
[12330/54218] ok=12205 last_latency=22.4s source=NTSB_ASRS:Pre2008
[12340/54218] ok=12215 last_latency=27.8s source=NTSB_ASRS:Pre2008
[12350/54218] ok=12225 last_latency=22.3s source=NTSB_ASRS:Pre2008
[12360/54218] ok=12235 last_latency=22.1s source=NTSB_ASRS:Pre2008
[12370/54218] ok=12245 last_latency=30.7s source=NTSB_ASRS:Pre2008
[12380/54218] ok=12254 last_latency=27.0s source=NTSB_ASRS:Pre2008
[12390/54218] ok=12264 last_latency=27.5s source=NTSB_ASRS:Pre2008
[12400/54218] ok=12274 last_latency=30.7s source=NTSB_ASRS:Pre2008
[12410/54218] ok=12284 last_latency=23.8s source=NTSB_ASRS:Pre2008
[12420/54218] ok=12294 last_latency=45.0s source=NTSB_ASRS:Pre2008
[12430/54218] ok=12304 last_latency=21.2s source=NTSB_ASRS:Pre2008
[12440/54218] ok=12314 last_latency=29.8s source=NTSB_ASRS:Pre2008
[12450/54218] ok=12324 last_latency=24.6s source=NTSB_ASRS:Pre2008
[12460/54218] ok=12334 last_latency=35.2s source=NTSB_ASRS:Pre2008
[12470/54218] ok=12344 last_latency=31.1s source=NTSB_ASRS:Pre2008
[12480/54218] ok=12354 last_latency=19.0s source=NTSB_ASRS:Pre2008
[12490/54218] ok=12364 last_latency=20.3s source=NTSB_ASRS:Pre2008
[12500/54218] ok=12374 last_latency=21.8s source=NTSB_ASRS:Pre2008
[12510/54218] ok=12384 last_latency=34.5s source=NTSB_ASRS:Pre2008
[12520/54218] ok=12394 last_latency=25.5s source=NTSB_ASRS:Pre2008
[12530/54218] ok=12404 last_latency=22.7s source=NTSB_ASRS:Pre2008
[12540/54218] ok=12414 last_latency=33.7s source=NTSB_ASRS:Pre2008
[12550/54218] ok=12424 last_latency=25.5s source=NTSB_ASRS:Pre2008
[12560/54218] ok=12434 last_latency=25.6s source=NTSB_ASRS:Pre2008
[12570/54218] ok=12444 last_latency=29.8s source=NTSB_ASRS:Pre2008
[12580/54218] ok=12454 last_latency=24.7s source=NTSB_ASRS:Pre2008
[12590/54218] ok=12464 last_latency=28.8s source=NTSB_ASRS:Pre2008
[12600/54218] ok=12474 last_latency=27.2s source=NTSB_ASRS:Pre2008
[12610/54218] ok=12484 last_latency=21.0s source=NTSB_ASRS:Pre2008
[12620/54218] ok=12494 last_latency=27.8s source=NTSB_ASRS:Pre2008
[12630/54218] ok=12504 last_latency=24.4s source=NTSB_ASRS:Pre2008
[12640/54218] ok=12514 last_latency=24.5s source=NTSB_ASRS:Pre2008
[12650/54218] ok=12524 last_latency=21.5s source=NTSB_ASRS:Pre2008
[12660/54218] ok=12534 last_latency=38.9s source=NTSB_ASRS:Pre2008
[12670/54218] ok=12544 last_latency=25.8s source=NTSB_ASRS:Pre2008
[12680/54218] ok=12554 last_latency=20.6s source=NTSB_ASRS:Pre2008
[12690/54218] ok=12564 last_latency=23.6s source=NTSB_ASRS:Pre2008
[12700/54218] ok=12574 last_latency=27.2s source=NTSB_ASRS:Pre2008
[12710/54218] ok=12584 last_latency=28.5s source=NTSB_ASRS:Pre2008
[12720/54218] ok=12594 last_latency=24.6s source=NTSB_ASRS:Pre2008
[12730/54218] ok=12604 last_latency=24.7s source=NTSB_ASRS:Pre2008
[12740/54218] ok=12614 last_latency=30.4s source=NTSB_ASRS:Pre2008
[12750/54218] ok=12624 last_latency=31.9s source=NTSB_ASRS:Pre2008
[12760/54218] ok=12633 last_latency=26.0s source=NTSB_ASRS:Pre2008
[12770/54218] ok=12643 last_latency=22.9s source=NTSB_ASRS:Pre2008
[12780/54218] ok=12652 last_latency=24.0s source=NTSB_ASRS:Pre2008
[12790/54218] ok=12662 last_latency=27.4s source=NTSB_ASRS:Pre2008
[12800/54218] ok=12671 last_latency=26.8s source=NTSB_ASRS:Pre2008
[12810/54218] ok=12681 last_latency=27.5s source=NTSB_ASRS:Pre2008
[12820/54218] ok=12690 last_latency=22.1s source=NTSB_ASRS:Pre2008
[12830/54218] ok=12699 last_latency=30.6s source=NTSB_ASRS:Pre2008
[12840/54218] ok=12709 last_latency=22.4s source=NTSB_ASRS:Pre2008
[12850/54218] ok=12719 last_latency=37.8s source=NTSB_ASRS:Pre2008
[12860/54218] ok=12729 last_latency=33.9s source=NTSB_ASRS:Pre2008
[12870/54218] ok=12739 last_latency=24.0s source=NTSB_ASRS:Pre2008
[12880/54218] ok=12749 last_latency=24.7s source=NTSB_ASRS:Pre2008
[12890/54218] ok=12759 last_latency=39.8s source=NTSB_ASRS:Pre2008
[12900/54218] ok=12769 last_latency=18.2s source=NTSB_ASRS:Pre2008
[12910/54218] ok=12779 last_latency=22.7s source=NTSB_ASRS:Pre2008
[12920/54218] ok=12789 last_latency=26.6s source=NTSB_ASRS:Pre2008
[12930/54218] ok=12799 last_latency=26.0s source=NTSB_ASRS:Pre2008
[12940/54218] ok=12809 last_latency=20.5s source=NTSB_ASRS:Pre2008
[12950/54218] ok=12819 last_latency=25.2s source=NTSB_ASRS:Pre2008
[12960/54218] ok=12828 last_latency=30.3s source=NTSB_ASRS:Pre2008
[12970/54218] ok=12837 last_latency=20.6s source=NTSB_ASRS:Pre2008
[12980/54218] ok=12847 last_latency=29.3s source=NTSB_ASRS:Pre2008
[12990/54218] ok=12857 last_latency=19.9s source=NTSB_ASRS:Pre2008
[13000/54218] ok=12867 last_latency=20.1s source=NTSB_ASRS:Pre2008
[13010/54218] ok=12877 last_latency=24.9s source=NTSB_ASRS:Pre2008
[13020/54218] ok=12887 last_latency=32.7s source=NTSB_ASRS:Pre2008
[13030/54218] ok=12897 last_latency=23.1s source=NTSB_ASRS:Pre2008
[13040/54218] ok=12907 last_latency=26.7s source=NTSB_ASRS:Pre2008
[13050/54218] ok=12917 last_latency=25.9s source=NTSB_ASRS:Pre2008
[13060/54218] ok=12927 last_latency=29.9s source=NTSB_ASRS:Pre2008
[13070/54218] ok=12937 last_latency=27.7s source=NTSB_ASRS:Pre2008
[13080/54218] ok=12947 last_latency=18.0s source=NTSB_ASRS:Pre2008
[13090/54218] ok=12956 last_latency=34.4s source=NTSB_ASRS:Pre2008
[13100/54218] ok=12966 last_latency=26.7s source=NTSB_ASRS:Pre2008
[13110/54218] ok=12976 last_latency=21.9s source=NTSB_ASRS:Pre2008
[13120/54218] ok=12986 last_latency=32.2s source=NTSB_ASRS:Pre2008
[13130/54218] ok=12996 last_latency=22.5s source=NTSB_ASRS:Pre2008
[13140/54218] ok=13006 last_latency=18.2s source=NTSB_ASRS:Pre2008
[13150/54218] ok=13016 last_latency=26.2s source=NTSB_ASRS:Pre2008
[13160/54218] ok=13026 last_latency=23.4s source=NTSB_ASRS:Pre2008
[13170/54218] ok=13036 last_latency=22.5s source=NTSB_ASRS:Pre2008
[13180/54218] ok=13046 last_latency=18.5s source=NTSB_ASRS:Pre2008
[13190/54218] ok=13056 last_latency=35.5s source=NTSB_ASRS:Pre2008
[13200/54218] ok=13066 last_latency=26.9s source=NTSB_ASRS:Pre2008
[13210/54218] ok=13076 last_latency=29.0s source=NTSB_ASRS:Pre2008
[13220/54218] ok=13086 last_latency=21.5s source=NTSB_ASRS:Pre2008
[13230/54218] ok=13096 last_latency=30.4s source=NTSB_ASRS:Pre2008
[13240/54218] ok=13106 last_latency=24.9s source=NTSB_ASRS:Pre2008
[13250/54218] ok=13116 last_latency=28.9s source=NTSB_ASRS:Pre2008
[13260/54218] ok=13126 last_latency=32.1s source=NTSB_ASRS:Pre2008
[13270/54218] ok=13136 last_latency=23.0s source=NTSB_ASRS:Pre2008
[13280/54218] ok=13146 last_latency=30.1s source=NTSB_ASRS:Pre2008
[13290/54218] ok=13156 last_latency=29.3s source=NTSB_ASRS:Pre2008
[13300/54218] ok=13166 last_latency=27.6s source=NTSB_ASRS:Pre2008
[13310/54218] ok=13176 last_latency=29.2s source=NTSB_ASRS:Pre2008
[13320/54218] ok=13186 last_latency=29.8s source=NTSB_ASRS:Pre2008
[13330/54218] ok=13196 last_latency=21.7s source=NTSB_ASRS:Pre2008
[13340/54218] ok=13206 last_latency=17.7s source=NTSB_ASRS:Pre2008
[13350/54218] ok=13216 last_latency=26.5s source=NTSB_ASRS:Pre2008
[13360/54218] ok=13226 last_latency=27.9s source=NTSB_ASRS:Pre2008
[13370/54218] ok=13235 last_latency=25.5s source=NTSB_ASRS:Pre2008
[13380/54218] ok=13245 last_latency=29.1s source=NTSB_ASRS:Pre2008
[13390/54218] ok=13255 last_latency=26.8s source=NTSB_ASRS:Pre2008
[13400/54218] ok=13265 last_latency=29.7s source=NTSB_ASRS:Pre2008
[13410/54218] ok=13275 last_latency=26.4s source=NTSB_ASRS:Pre2008
[13420/54218] ok=13285 last_latency=23.6s source=NTSB_ASRS:Pre2008
[13430/54218] ok=13295 last_latency=34.5s source=NTSB_ASRS:Pre2008
[13440/54218] ok=13305 last_latency=22.2s source=NTSB_ASRS:Pre2008
[13450/54218] ok=13315 last_latency=18.6s source=NTSB_ASRS:Pre2008
[13460/54218] ok=13325 last_latency=25.5s source=NTSB_ASRS:Pre2008
[13470/54218] ok=13335 last_latency=24.1s source=NTSB_ASRS:Pre2008
[13480/54218] ok=13345 last_latency=25.7s source=NTSB_ASRS:Pre2008
[13490/54218] ok=13355 last_latency=23.0s source=NTSB_ASRS:Pre2008
[13500/54218] ok=13365 last_latency=28.9s source=NTSB_ASRS:Pre2008
[13510/54218] ok=13375 last_latency=25.9s source=NTSB_ASRS:Pre2008
[13520/54218] ok=13385 last_latency=20.1s source=NTSB_ASRS:Pre2008
[13530/54218] ok=13395 last_latency=19.2s source=NTSB_ASRS:Pre2008
[13540/54218] ok=13405 last_latency=25.8s source=NTSB_ASRS:Pre2008
[13550/54218] ok=13415 last_latency=32.0s source=NTSB_ASRS:Pre2008
[13560/54218] ok=13425 last_latency=29.9s source=NTSB_ASRS:Pre2008
[13570/54218] ok=13434 last_latency=22.2s source=NTSB_ASRS:Pre2008
[13580/54218] ok=13444 last_latency=30.3s source=NTSB_ASRS:Pre2008
[13590/54218] ok=13454 last_latency=29.0s source=NTSB_ASRS:Pre2008
[13600/54218] ok=13464 last_latency=45.6s source=NTSB_ASRS:Pre2008
[13610/54218] ok=13474 last_latency=28.2s source=NTSB_ASRS:Pre2008
[13620/54218] ok=13484 last_latency=23.9s source=NTSB_ASRS:Pre2008
[13630/54218] ok=13494 last_latency=38.3s source=NTSB_ASRS:Pre2008
[13640/54218] ok=13504 last_latency=26.6s source=NTSB_ASRS:Pre2008
[13650/54218] ok=13513 last_latency=22.7s source=NTSB_ASRS:Pre2008
[13660/54218] ok=13523 last_latency=25.9s source=NTSB_ASRS:Pre2008
[13670/54218] ok=13533 last_latency=29.0s source=NTSB_ASRS:Pre2008
[13680/54218] ok=13543 last_latency=23.3s source=NTSB_ASRS:Pre2008
[13690/54218] ok=13553 last_latency=24.8s source=NTSB_ASRS:Pre2008
[13700/54218] ok=13563 last_latency=11.1s source=NTSB_ASRS:Pre2008
[13710/54218] ok=13573 last_latency=25.9s source=NTSB_ASRS:Pre2008
[13720/54218] ok=13583 last_latency=32.5s source=NTSB_ASRS:Pre2008
[13730/54218] ok=13593 last_latency=28.8s source=NTSB_ASRS:Pre2008
[13740/54218] ok=13603 last_latency=21.1s source=NTSB_ASRS:Pre2008
[13750/54218] ok=13612 last_latency=21.7s source=NTSB_ASRS:Pre2008
[13760/54218] ok=13622 last_latency=27.6s source=NTSB_ASRS:Pre2008
[13770/54218] ok=13632 last_latency=30.5s source=NTSB_ASRS:Pre2008
[13780/54218] ok=13642 last_latency=24.8s source=NTSB_ASRS:Pre2008
[13790/54218] ok=13652 last_latency=22.1s source=NTSB_ASRS:Pre2008
[13800/54218] ok=13662 last_latency=26.6s source=NTSB_ASRS:Pre2008
[13810/54218] ok=13672 last_latency=28.2s source=NTSB_ASRS:Pre2008
[13820/54218] ok=13682 last_latency=34.0s source=NTSB_ASRS:Pre2008
[13830/54218] ok=13692 last_latency=28.8s source=NTSB_ASRS:Pre2008
[13840/54218] ok=13702 last_latency=30.2s source=NTSB_ASRS:Pre2008
[13850/54218] ok=13712 last_latency=28.3s source=NTSB_ASRS:Pre2008
[13860/54218] ok=13722 last_latency=28.9s source=NTSB_ASRS:Pre2008
[13870/54218] ok=13732 last_latency=24.7s source=NTSB_ASRS:Pre2008
[13880/54218] ok=13742 last_latency=24.8s source=NTSB_ASRS:Pre2008
[13890/54218] ok=13752 last_latency=19.9s source=NTSB_ASRS:Pre2008
[13900/54218] ok=13762 last_latency=29.3s source=NTSB_ASRS:Pre2008
[13910/54218] ok=13772 last_latency=23.1s source=NTSB_ASRS:Pre2008
[13920/54218] ok=13782 last_latency=25.4s source=NTSB_ASRS:Pre2008
[13930/54218] ok=13792 last_latency=26.8s source=NTSB_ASRS:Pre2008
[13940/54218] ok=13802 last_latency=33.1s source=NTSB_ASRS:Pre2008
[13950/54218] ok=13812 last_latency=22.6s source=NTSB_ASRS:Pre2008
[13960/54218] ok=13822 last_latency=24.3s source=NTSB_ASRS:Pre2008
[13970/54218] ok=13832 last_latency=21.8s source=NTSB_ASRS:Pre2008
[13980/54218] ok=13842 last_latency=26.8s source=NTSB_ASRS:Pre2008
[13990/54218] ok=13852 last_latency=26.6s source=NTSB_ASRS:Pre2008
[14000/54218] ok=13862 last_latency=22.3s source=NTSB_ASRS:Pre2008
[14010/54218] ok=13871 last_latency=16.7s source=NTSB_ASRS:Pre2008
[14020/54218] ok=13881 last_latency=26.5s source=NTSB_ASRS:Pre2008
[14030/54218] ok=13891 last_latency=23.4s source=NTSB_ASRS:Pre2008
[14040/54218] ok=13901 last_latency=23.0s source=NTSB_ASRS:Pre2008
[14050/54218] ok=13911 last_latency=18.0s source=NTSB_ASRS:Pre2008
[14060/54218] ok=13921 last_latency=22.8s source=NTSB_ASRS:Pre2008
[14070/54218] ok=13931 last_latency=33.0s source=NTSB_ASRS:Pre2008
[14080/54218] ok=13941 last_latency=35.3s source=NTSB_ASRS:Pre2008
[14090/54218] ok=13951 last_latency=24.8s source=NTSB_ASRS:Pre2008
[14100/54218] ok=13961 last_latency=15.9s source=NTSB_ASRS:Pre2008
[14110/54218] ok=13971 last_latency=21.3s source=NTSB_ASRS:Pre2008
[14120/54218] ok=13981 last_latency=24.5s source=NTSB_ASRS:Pre2008
[14130/54218] ok=13991 last_latency=23.8s source=NTSB_ASRS:Pre2008
[14140/54218] ok=14001 last_latency=28.8s source=NTSB_ASRS:Pre2008
[14150/54218] ok=14010 last_latency=35.3s source=NTSB_ASRS:Pre2008
[14160/54218] ok=14020 last_latency=20.6s source=NTSB_ASRS:Pre2008
[14170/54218] ok=14030 last_latency=36.7s source=NTSB_ASRS:Pre2008
[14180/54218] ok=14040 last_latency=37.0s source=NTSB_ASRS:Pre2008
[14190/54218] ok=14050 last_latency=17.9s source=NTSB_ASRS:Pre2008
[14200/54218] ok=14059 last_latency=24.1s source=NTSB_ASRS:Pre2008
[14210/54218] ok=14069 last_latency=26.6s source=NTSB_ASRS:Pre2008
[14220/54218] ok=14079 last_latency=33.6s source=NTSB_ASRS:Pre2008
[14230/54218] ok=14089 last_latency=22.1s source=NTSB_ASRS:Pre2008
[14240/54218] ok=14099 last_latency=28.2s source=NTSB_ASRS:Pre2008
[14250/54218] ok=14109 last_latency=29.3s source=NTSB_ASRS:Pre2008
[14260/54218] ok=14119 last_latency=34.6s source=NTSB_ASRS:Pre2008
[14270/54218] ok=14129 last_latency=24.8s source=NTSB_ASRS:Pre2008
[14280/54218] ok=14139 last_latency=23.0s source=NTSB_ASRS:Pre2008
[14290/54218] ok=14149 last_latency=27.4s source=NTSB_ASRS:Pre2008
[14300/54218] ok=14158 last_latency=29.8s source=NTSB_ASRS:Pre2008
[14310/54218] ok=14168 last_latency=26.3s source=NTSB_ASRS:Pre2008
[14320/54218] ok=14178 last_latency=23.3s source=NTSB_ASRS:Pre2008
[14330/54218] ok=14188 last_latency=26.3s source=NTSB_ASRS:Pre2008
[14340/54218] ok=14198 last_latency=26.9s source=NTSB_ASRS:Pre2008
[14350/54218] ok=14208 last_latency=22.6s source=NTSB_ASRS:Pre2008
[14360/54218] ok=14218 last_latency=26.6s source=NTSB_ASRS:Pre2008
[14370/54218] ok=14228 last_latency=16.4s source=NTSB_ASRS:Pre2008
[14380/54218] ok=14238 last_latency=22.3s source=NTSB_ASRS:Pre2008
[14390/54218] ok=14248 last_latency=27.0s source=NTSB_ASRS:Pre2008
[14400/54218] ok=14258 last_latency=36.3s source=NTSB_ASRS:Pre2008
[14410/54218] ok=14266 last_latency=31.0s source=NTSB_ASRS:Pre2008
[14420/54218] ok=14276 last_latency=34.2s source=NTSB_ASRS:Pre2008
[14430/54218] ok=14286 last_latency=24.1s source=NTSB_ASRS:Pre2008
[14440/54218] ok=14296 last_latency=22.5s source=NTSB_ASRS:Pre2008
[14450/54218] ok=14306 last_latency=31.1s source=NTSB_ASRS:Pre2008
[14460/54218] ok=14316 last_latency=22.1s source=NTSB_ASRS:Pre2008
[14470/54218] ok=14326 last_latency=32.0s source=NTSB_ASRS:Pre2008
[14480/54218] ok=14336 last_latency=27.7s source=NTSB_ASRS:Pre2008
[14490/54218] ok=14346 last_latency=31.7s source=NTSB_ASRS:Pre2008
[14500/54218] ok=14356 last_latency=28.0s source=NTSB_ASRS:Pre2008
[14510/54218] ok=14366 last_latency=21.9s source=NTSB_ASRS:Pre2008
[14520/54218] ok=14375 last_latency=33.4s source=NTSB_ASRS:Pre2008
[14530/54218] ok=14385 last_latency=35.4s source=NTSB_ASRS:Pre2008
[14540/54218] ok=14395 last_latency=22.3s source=NTSB_ASRS:Pre2008
[14550/54218] ok=14405 last_latency=25.5s source=NTSB_ASRS:Pre2008
[14560/54218] ok=14415 last_latency=27.0s source=NTSB_ASRS:Pre2008
[14570/54218] ok=14425 last_latency=19.3s source=NTSB_ASRS:Pre2008
[14580/54218] ok=14435 last_latency=22.7s source=NTSB_ASRS:Pre2008
[14590/54218] ok=14445 last_latency=30.9s source=NTSB_ASRS:Pre2008
[14600/54218] ok=14455 last_latency=28.9s source=NTSB_ASRS:Pre2008
[14610/54218] ok=14465 last_latency=17.9s source=NTSB_ASRS:Pre2008
[14620/54218] ok=14475 last_latency=26.7s source=NTSB_ASRS:Pre2008
[14630/54218] ok=14485 last_latency=22.3s source=NTSB_ASRS:Pre2008
[14640/54218] ok=14494 last_latency=28.1s source=NTSB_ASRS:Pre2008
[14650/54218] ok=14504 last_latency=29.2s source=NTSB_ASRS:Pre2008
[14660/54218] ok=14514 last_latency=26.5s source=NTSB_ASRS:Pre2008
[14670/54218] ok=14524 last_latency=25.2s source=NTSB_ASRS:Pre2008
[14680/54218] ok=14534 last_latency=24.6s source=NTSB_ASRS:Pre2008
[14690/54218] ok=14544 last_latency=32.2s source=NTSB_ASRS:Pre2008
[14700/54218] ok=14554 last_latency=25.2s source=NTSB_ASRS:Pre2008
[14710/54218] ok=14564 last_latency=31.0s source=NTSB_ASRS:Pre2008
[14720/54218] ok=14574 last_latency=29.7s source=NTSB_ASRS:Pre2008
[14730/54218] ok=14584 last_latency=32.2s source=NTSB_ASRS:Pre2008
[14740/54218] ok=14594 last_latency=26.6s source=NTSB_ASRS:Pre2008
[14750/54218] ok=14604 last_latency=24.7s source=NTSB_ASRS:Pre2008
[14760/54218] ok=14614 last_latency=31.0s source=NTSB_ASRS:Pre2008
[14770/54218] ok=14624 last_latency=23.1s source=NTSB_ASRS:Pre2008
[14780/54218] ok=14634 last_latency=26.0s source=NTSB_ASRS:Pre2008
[14790/54218] ok=14644 last_latency=23.9s source=NTSB_ASRS:Pre2008
[14800/54218] ok=14654 last_latency=22.6s source=NTSB_ASRS:Pre2008
[14810/54218] ok=14664 last_latency=26.0s source=NTSB_ASRS:Pre2008
[14820/54218] ok=14674 last_latency=25.4s source=NTSB_ASRS:Pre2008
[14830/54218] ok=14684 last_latency=31.2s source=NTSB_ASRS:Pre2008
[14840/54218] ok=14694 last_latency=24.1s source=NTSB_ASRS:Pre2008
[14850/54218] ok=14704 last_latency=29.6s source=NTSB_ASRS:Pre2008
[14860/54218] ok=14714 last_latency=24.1s source=NTSB_ASRS:Pre2008
[14870/54218] ok=14724 last_latency=32.8s source=NTSB_ASRS:Pre2008
[14880/54218] ok=14734 last_latency=29.6s source=NTSB_ASRS:Pre2008
[14890/54218] ok=14743 last_latency=26.0s source=NTSB_ASRS:Pre2008
[14900/54218] ok=14753 last_latency=19.9s source=NTSB_ASRS:Pre2008
[14910/54218] ok=14762 last_latency=26.3s source=NTSB_ASRS:Pre2008
[14920/54218] ok=14772 last_latency=24.4s source=NTSB_ASRS:Pre2008
[14930/54218] ok=14782 last_latency=18.2s source=NTSB_ASRS:Pre2008
[14940/54218] ok=14792 last_latency=19.5s source=NTSB_ASRS:Pre2008
[14950/54218] ok=14802 last_latency=24.4s source=NTSB_ASRS:Pre2008
[14960/54218] ok=14812 last_latency=26.4s source=NTSB_ASRS:Pre2008
[14970/54218] ok=14822 last_latency=21.4s source=NTSB_ASRS:Pre2008
[14980/54218] ok=14832 last_latency=22.8s source=NTSB_ASRS:Pre2008
[14990/54218] ok=14842 last_latency=25.1s source=NTSB_ASRS:Pre2008
[15000/54218] ok=14852 last_latency=29.5s source=NTSB_ASRS:Pre2008
[15010/54218] ok=14862 last_latency=36.6s source=NTSB_ASRS:Pre2008
[15020/54218] ok=14872 last_latency=24.2s source=NTSB_ASRS:Pre2008
[15030/54218] ok=14882 last_latency=23.4s source=NTSB_ASRS:Pre2008
[15040/54218] ok=14892 last_latency=26.2s source=NTSB_ASRS:Pre2008
[15050/54218] ok=14902 last_latency=27.5s source=NTSB_ASRS:Pre2008
[15060/54218] ok=14912 last_latency=23.5s source=NTSB_ASRS:Pre2008
[15070/54218] ok=14922 last_latency=16.6s source=NTSB_ASRS:Pre2008
[15080/54218] ok=14931 last_latency=32.1s source=NTSB_ASRS:Pre2008
[15090/54218] ok=14941 last_latency=38.8s source=NTSB_ASRS:Pre2008
[15100/54218] ok=14951 last_latency=26.8s source=NTSB_ASRS:Pre2008
[15110/54218] ok=14961 last_latency=29.7s source=NTSB_ASRS:Pre2008
[15120/54218] ok=14971 last_latency=34.1s source=NTSB_ASRS:Pre2008
[15130/54218] ok=14981 last_latency=28.2s source=NTSB_ASRS:Pre2008
[15140/54218] ok=14991 last_latency=27.5s source=NTSB_ASRS:Pre2008
[15150/54218] ok=15001 last_latency=23.4s source=NTSB_ASRS:Pre2008
[15160/54218] ok=15011 last_latency=33.9s source=NTSB_ASRS:Pre2008
[15170/54218] ok=15021 last_latency=20.2s source=NTSB_ASRS:Pre2008
[15180/54218] ok=15031 last_latency=31.9s source=NTSB_ASRS:Pre2008
[15190/54218] ok=15041 last_latency=29.2s source=NTSB_ASRS:Pre2008
[15200/54218] ok=15051 last_latency=22.5s source=NTSB_ASRS:Pre2008
[15210/54218] ok=15060 last_latency=21.8s source=NTSB_ASRS:Pre2008
[15220/54218] ok=15070 last_latency=31.3s source=NTSB_ASRS:Pre2008
[15230/54218] ok=15080 last_latency=34.4s source=NTSB_ASRS:Pre2008
[15240/54218] ok=15090 last_latency=22.3s source=NTSB_ASRS:Pre2008
[15250/54218] ok=15100 last_latency=22.7s source=NTSB_ASRS:Pre2008
[15260/54218] ok=15110 last_latency=33.4s source=NTSB_ASRS:Pre2008
[15270/54218] ok=15120 last_latency=26.6s source=NTSB_ASRS:Pre2008
[15280/54218] ok=15130 last_latency=34.2s source=NTSB_ASRS:Pre2008
[15290/54218] ok=15140 last_latency=30.0s source=NTSB_ASRS:Pre2008
[15300/54218] ok=15150 last_latency=16.7s source=NTSB_ASRS:Pre2008
[15310/54218] ok=15160 last_latency=29.1s source=NTSB_ASRS:Pre2008
[15320/54218] ok=15170 last_latency=28.0s source=NTSB_ASRS:Pre2008
[15330/54218] ok=15180 last_latency=30.4s source=NTSB_ASRS:Pre2008
[15340/54218] ok=15190 last_latency=21.8s source=NTSB_ASRS:Pre2008
[15350/54218] ok=15200 last_latency=26.2s source=NTSB_ASRS:Pre2008
[15360/54218] ok=15210 last_latency=26.2s source=NTSB_ASRS:Pre2008
[15370/54218] ok=15220 last_latency=36.5s source=NTSB_ASRS:Pre2008
[15380/54218] ok=15230 last_latency=19.9s source=NTSB_ASRS:Pre2008
[15390/54218] ok=15240 last_latency=34.5s source=NTSB_ASRS:Pre2008
[15400/54218] ok=15250 last_latency=30.2s source=NTSB_ASRS:Pre2008
[15410/54218] ok=15260 last_latency=22.6s source=NTSB_ASRS:Pre2008
[15420/54218] ok=15270 last_latency=29.7s source=NTSB_ASRS:Pre2008
[15430/54218] ok=15280 last_latency=28.4s source=NTSB_ASRS:Pre2008
[15440/54218] ok=15290 last_latency=29.0s source=NTSB_ASRS:Pre2008
[15450/54218] ok=15300 last_latency=30.9s source=NTSB_ASRS:Pre2008
[15460/54218] ok=15310 last_latency=21.1s source=NTSB_ASRS:Pre2008
[15470/54218] ok=15320 last_latency=29.3s source=NTSB_ASRS:Pre2008
[15480/54218] ok=15330 last_latency=27.5s source=NTSB_ASRS:Pre2008
[15490/54218] ok=15340 last_latency=17.7s source=NTSB_ASRS:Pre2008
[15500/54218] ok=15350 last_latency=31.7s source=NTSB_ASRS:Pre2008
[15510/54218] ok=15360 last_latency=23.7s source=NTSB_ASRS:Pre2008
[15520/54218] ok=15370 last_latency=24.5s source=NTSB_ASRS:Pre2008
[15530/54218] ok=15380 last_latency=36.1s source=NTSB_ASRS:Pre2008
[15540/54218] ok=15390 last_latency=36.9s source=NTSB_ASRS:Pre2008
[15550/54218] ok=15400 last_latency=30.9s source=NTSB_ASRS:Pre2008
[15560/54218] ok=15410 last_latency=28.6s source=NTSB_ASRS:Pre2008
[15570/54218] ok=15420 last_latency=28.6s source=NTSB_ASRS:Pre2008
[15580/54218] ok=15430 last_latency=18.0s source=NTSB_ASRS:Pre2008
[15590/54218] ok=15440 last_latency=22.6s source=NTSB_ASRS:Pre2008
[15600/54218] ok=15450 last_latency=26.1s source=NTSB_ASRS:Pre2008
[15610/54218] ok=15460 last_latency=22.9s source=NTSB_ASRS:Pre2008
[15620/54218] ok=15470 last_latency=23.3s source=NTSB_ASRS:Pre2008
[15630/54218] ok=15480 last_latency=30.4s source=NTSB_ASRS:Pre2008
[15640/54218] ok=15490 last_latency=29.7s source=NTSB_ASRS:Pre2008
[15650/54218] ok=15500 last_latency=26.9s source=NTSB_ASRS:Pre2008
[15660/54218] ok=15509 last_latency=23.3s source=NTSB_ASRS:Pre2008
[15670/54218] ok=15519 last_latency=15.4s source=NTSB_ASRS:Pre2008
[15680/54218] ok=15529 last_latency=21.3s source=NTSB_ASRS:Pre2008
[15690/54218] ok=15539 last_latency=22.4s source=NTSB_ASRS:Pre2008
[15700/54218] ok=15549 last_latency=35.8s source=NTSB_ASRS:Pre2008
[15710/54218] ok=15559 last_latency=22.9s source=NTSB_ASRS:Pre2008
[15720/54218] ok=15569 last_latency=24.7s source=NTSB_ASRS:Pre2008
[15730/54218] ok=15579 last_latency=29.4s source=NTSB_ASRS:Pre2008
[15740/54218] ok=15589 last_latency=24.8s source=NTSB_ASRS:Pre2008
[15750/54218] ok=15599 last_latency=27.1s source=NTSB_ASRS:Pre2008
[15760/54218] ok=15609 last_latency=18.3s source=NTSB_ASRS:Pre2008
[15770/54218] ok=15619 last_latency=32.9s source=NTSB_ASRS:Pre2008
[15780/54218] ok=15629 last_latency=22.4s source=NTSB_ASRS:Pre2008
[15790/54218] ok=15639 last_latency=42.0s source=NTSB_ASRS:Pre2008
[15800/54218] ok=15649 last_latency=35.9s source=NTSB_ASRS:Pre2008
[15810/54218] ok=15659 last_latency=22.0s source=NTSB_ASRS:Pre2008
[15820/54218] ok=15669 last_latency=23.5s source=NTSB_ASRS:Pre2008
[15830/54218] ok=15679 last_latency=18.5s source=NTSB_ASRS:Pre2008
[15840/54218] ok=15689 last_latency=25.5s source=NTSB_ASRS:Pre2008
[15850/54218] ok=15699 last_latency=27.0s source=NTSB_ASRS:Pre2008
[15860/54218] ok=15708 last_latency=34.1s source=NTSB_ASRS:Pre2008
[15870/54218] ok=15718 last_latency=34.2s source=NTSB_ASRS:Pre2008
[15880/54218] ok=15728 last_latency=26.5s source=NTSB_ASRS:Pre2008
[15890/54218] ok=15737 last_latency=32.1s source=NTSB_ASRS:Pre2008
[15900/54218] ok=15747 last_latency=27.3s source=NTSB_ASRS:Pre2008
[15910/54218] ok=15757 last_latency=26.0s source=NTSB_ASRS:Pre2008
[15920/54218] ok=15767 last_latency=25.8s source=NTSB_ASRS:Pre2008
[15930/54218] ok=15777 last_latency=23.5s source=NTSB_ASRS:Pre2008
[15940/54218] ok=15787 last_latency=28.5s source=NTSB_ASRS:Pre2008
[15950/54218] ok=15797 last_latency=22.5s source=NTSB_ASRS:Pre2008
[15960/54218] ok=15807 last_latency=30.4s source=NTSB_ASRS:Pre2008
[15970/54218] ok=15817 last_latency=22.7s source=NTSB_ASRS:Pre2008
[15980/54218] ok=15827 last_latency=25.4s source=NTSB_ASRS:Pre2008
[15990/54218] ok=15836 last_latency=32.6s source=NTSB_ASRS:Pre2008
[16000/54218] ok=15846 last_latency=26.7s source=NTSB_ASRS:Pre2008
[16010/54218] ok=15856 last_latency=32.6s source=NTSB_ASRS:Pre2008
[16020/54218] ok=15866 last_latency=26.4s source=NTSB_ASRS:Pre2008
[16030/54218] ok=15876 last_latency=27.1s source=NTSB_ASRS:Pre2008
[16040/54218] ok=15886 last_latency=25.5s source=NTSB_ASRS:Pre2008
[16050/54218] ok=15896 last_latency=26.9s source=NTSB_ASRS:Pre2008
[16060/54218] ok=15905 last_latency=38.3s source=NTSB_ASRS:Pre2008
[16070/54218] ok=15914 last_latency=27.2s source=NTSB_ASRS:Pre2008
[16080/54218] ok=15924 last_latency=18.2s source=NTSB_ASRS:Pre2008
[16090/54218] ok=15934 last_latency=26.1s source=NTSB_ASRS:Pre2008
[16100/54218] ok=15944 last_latency=31.3s source=NTSB_ASRS:Pre2008
[16110/54218] ok=15954 last_latency=21.2s source=NTSB_ASRS:Pre2008
[16120/54218] ok=15964 last_latency=34.0s source=NTSB_ASRS:Pre2008
[16130/54218] ok=15974 last_latency=31.4s source=NTSB_ASRS:Pre2008
[16140/54218] ok=15984 last_latency=22.7s source=NTSB_ASRS:Pre2008
[16150/54218] ok=15994 last_latency=29.0s source=NTSB_ASRS:Pre2008
[16160/54218] ok=16004 last_latency=27.3s source=NTSB_ASRS:Pre2008
[16170/54218] ok=16014 last_latency=28.6s source=NTSB_ASRS:Pre2008
[16180/54218] ok=16024 last_latency=23.4s source=NTSB_ASRS:Pre2008
[16190/54218] ok=16034 last_latency=21.9s source=NTSB_ASRS:Pre2008
[16200/54218] ok=16044 last_latency=21.1s source=NTSB_ASRS:Pre2008
[16210/54218] ok=16054 last_latency=28.7s source=NTSB_ASRS:Pre2008
[16220/54218] ok=16064 last_latency=15.2s source=NTSB_ASRS:Pre2008
[16230/54218] ok=16074 last_latency=23.9s source=NTSB_ASRS:Pre2008
[16240/54218] ok=16084 last_latency=21.6s source=NTSB_ASRS:Pre2008
[16250/54218] ok=16093 last_latency=19.1s source=NTSB_ASRS:Pre2008
[16260/54218] ok=16103 last_latency=26.2s source=NTSB_ASRS:Pre2008
[16270/54218] ok=16113 last_latency=25.2s source=NTSB_ASRS:Pre2008
[16280/54218] ok=16123 last_latency=30.0s source=NTSB_ASRS:Pre2008
[16290/54218] ok=16133 last_latency=28.9s source=NTSB_ASRS:Pre2008
[16300/54218] ok=16143 last_latency=28.8s source=NTSB_ASRS:Pre2008
[16310/54218] ok=16153 last_latency=29.7s source=NTSB_ASRS:Pre2008
[16320/54218] ok=16163 last_latency=26.6s source=NTSB_ASRS:Pre2008
[16330/54218] ok=16173 last_latency=21.8s source=NTSB_ASRS:Pre2008
[16340/54218] ok=16182 last_latency=23.2s source=NTSB_ASRS:Pre2008
[16350/54218] ok=16192 last_latency=27.1s source=NTSB_ASRS:Pre2008
[16360/54218] ok=16202 last_latency=25.2s source=NTSB_ASRS:Pre2008
[16370/54218] ok=16212 last_latency=18.7s source=NTSB_ASRS:Pre2008
[16380/54218] ok=16222 last_latency=23.8s source=NTSB_ASRS:Pre2008
[16390/54218] ok=16232 last_latency=23.2s source=NTSB_ASRS:Pre2008
[16400/54218] ok=16242 last_latency=28.0s source=NTSB_ASRS:Pre2008
[16410/54218] ok=16252 last_latency=31.6s source=NTSB_ASRS:Pre2008
[16420/54218] ok=16262 last_latency=26.7s source=NTSB_ASRS:Pre2008
[16430/54218] ok=16272 last_latency=25.7s source=NTSB_ASRS:Pre2008
[16440/54218] ok=16282 last_latency=23.1s source=NTSB_ASRS:Pre2008
[16450/54218] ok=16292 last_latency=29.8s source=NTSB_ASRS:Pre2008
[16460/54218] ok=16302 last_latency=23.7s source=NTSB_ASRS:Pre2008
[16470/54218] ok=16312 last_latency=19.2s source=NTSB_ASRS:Pre2008
[16480/54218] ok=16322 last_latency=18.7s source=NTSB_ASRS:Pre2008
[16490/54218] ok=16332 last_latency=28.8s source=NTSB_ASRS:Pre2008
[16500/54218] ok=16342 last_latency=19.4s source=NTSB_ASRS:Pre2008
[16510/54218] ok=16352 last_latency=33.0s source=NTSB_ASRS:Pre2008
[16520/54218] ok=16361 last_latency=27.5s source=NTSB_ASRS:Pre2008
[16530/54218] ok=16371 last_latency=28.7s source=NTSB_ASRS:Pre2008
[16540/54218] ok=16381 last_latency=16.7s source=NTSB_ASRS:Pre2008
[16550/54218] ok=16391 last_latency=22.7s source=NTSB_ASRS:Pre2008
[16560/54218] ok=16401 last_latency=23.5s source=NTSB_ASRS:Pre2008
[16570/54218] ok=16411 last_latency=25.2s source=NTSB_ASRS:Pre2008
[16580/54218] ok=16421 last_latency=23.0s source=NTSB_ASRS:Pre2008
[16590/54218] ok=16431 last_latency=24.3s source=NTSB_ASRS:Pre2008
[16600/54218] ok=16441 last_latency=29.7s source=NTSB_ASRS:Pre2008
[16610/54218] ok=16451 last_latency=28.0s source=NTSB_ASRS:Pre2008
[16620/54218] ok=16461 last_latency=23.8s source=NTSB_ASRS:Pre2008
[16630/54218] ok=16471 last_latency=18.5s source=NTSB_ASRS:Pre2008
[16640/54218] ok=16481 last_latency=27.1s source=NTSB_ASRS:Pre2008
[16650/54218] ok=16491 last_latency=26.7s source=NTSB_ASRS:Pre2008
[16660/54218] ok=16501 last_latency=23.6s source=NTSB_ASRS:Pre2008
[16670/54218] ok=16511 last_latency=23.0s source=NTSB_ASRS:Pre2008
[16680/54218] ok=16521 last_latency=20.8s source=NTSB_ASRS:Pre2008
[16690/54218] ok=16531 last_latency=16.5s source=NTSB_ASRS:Pre2008
[16700/54218] ok=16541 last_latency=22.3s source=NTSB_ASRS:Pre2008
[16710/54218] ok=16551 last_latency=32.7s source=NTSB_ASRS:Pre2008
[16720/54218] ok=16561 last_latency=19.4s source=NTSB_ASRS:Pre2008
[16730/54218] ok=16571 last_latency=26.8s source=NTSB_ASRS:Pre2008
[16740/54218] ok=16581 last_latency=30.7s source=NTSB_ASRS:Pre2008
[16750/54218] ok=16591 last_latency=27.4s source=NTSB_ASRS:Pre2008
[16760/54218] ok=16601 last_latency=25.1s source=NTSB_ASRS:Pre2008
[16770/54218] ok=16611 last_latency=31.1s source=NTSB_ASRS:Pre2008
[16780/54218] ok=16621 last_latency=30.7s source=NTSB_ASRS:Pre2008
[16790/54218] ok=16631 last_latency=21.4s source=NTSB_ASRS:Pre2008
[16800/54218] ok=16641 last_latency=22.8s source=NTSB_ASRS:Pre2008
[16810/54218] ok=16651 last_latency=22.7s source=NTSB_ASRS:Pre2008
[16820/54218] ok=16661 last_latency=27.9s source=NTSB_ASRS:Pre2008
[16830/54218] ok=16671 last_latency=30.8s source=NTSB_ASRS:Pre2008
[16840/54218] ok=16681 last_latency=25.7s source=NTSB_ASRS:Pre2008
[16850/54218] ok=16691 last_latency=33.9s source=NTSB_ASRS:Pre2008
[16860/54218] ok=16701 last_latency=19.8s source=NTSB_ASRS:Pre2008
[16870/54218] ok=16711 last_latency=28.2s source=NTSB_ASRS:Pre2008
[16880/54218] ok=16721 last_latency=23.0s source=NTSB_ASRS:Pre2008
[16890/54218] ok=16730 last_latency=28.2s source=NTSB_ASRS:Pre2008
[16900/54218] ok=16740 last_latency=23.6s source=NTSB_ASRS:Pre2008
[16910/54218] ok=16750 last_latency=26.3s source=NTSB_ASRS:Pre2008
[16920/54218] ok=16760 last_latency=33.2s source=NTSB_ASRS:Pre2008
[16930/54218] ok=16770 last_latency=19.0s source=NTSB_ASRS:Pre2008
[16940/54218] ok=16780 last_latency=22.3s source=NTSB_ASRS:Pre2008
[16950/54218] ok=16789 last_latency=28.3s source=NTSB_ASRS:Pre2008
[16960/54218] ok=16799 last_latency=24.7s source=NTSB_ASRS:Pre2008
[16970/54218] ok=16809 last_latency=29.8s source=NTSB_ASRS:Pre2008
[16980/54218] ok=16819 last_latency=18.7s source=NTSB_ASRS:Pre2008
[16990/54218] ok=16829 last_latency=28.0s source=NTSB_ASRS:Pre2008
[17000/54218] ok=16839 last_latency=32.0s source=NTSB_ASRS:Pre2008
[17010/54218] ok=16849 last_latency=16.0s source=NTSB_ASRS:Pre2008
[17020/54218] ok=16859 last_latency=28.4s source=NTSB_ASRS:Pre2008
[17030/54218] ok=16869 last_latency=27.1s source=NTSB_ASRS:Pre2008
[17040/54218] ok=16879 last_latency=30.7s source=NTSB_ASRS:Pre2008
[17050/54218] ok=16889 last_latency=18.6s source=NTSB_ASRS:Pre2008
[17060/54218] ok=16899 last_latency=31.3s source=NTSB_ASRS:Pre2008
[17070/54218] ok=16909 last_latency=30.8s source=NTSB_ASRS:Pre2008
[17080/54218] ok=16919 last_latency=28.5s source=NTSB_ASRS:Pre2008
[17090/54218] ok=16929 last_latency=32.8s source=NTSB_ASRS:Pre2008
[17100/54218] ok=16939 last_latency=22.5s source=NTSB_ASRS:Pre2008
[17110/54218] ok=16949 last_latency=27.6s source=NTSB_ASRS:Pre2008
[17120/54218] ok=16959 last_latency=22.2s source=NTSB_ASRS:Pre2008
[17130/54218] ok=16969 last_latency=33.1s source=NTSB_ASRS:Pre2008
[17140/54218] ok=16979 last_latency=19.0s source=NTSB_ASRS:Pre2008
[17150/54218] ok=16989 last_latency=32.8s source=NTSB_ASRS:Pre2008
[17160/54218] ok=16999 last_latency=45.8s source=NTSB_ASRS:Pre2008
[17170/54218] ok=17009 last_latency=30.1s source=NTSB_ASRS:Pre2008
[17180/54218] ok=17019 last_latency=23.0s source=NTSB_ASRS:Pre2008
[17190/54218] ok=17029 last_latency=19.8s source=NTSB_ASRS:Pre2008
[17200/54218] ok=17039 last_latency=44.3s source=NTSB_ASRS:Pre2008
[17210/54218] ok=17049 last_latency=26.4s source=NTSB_ASRS:Pre2008
[17220/54218] ok=17059 last_latency=24.8s source=NTSB_ASRS:Pre2008
[17230/54218] ok=17069 last_latency=33.6s source=NTSB_ASRS:Pre2008
[17240/54218] ok=17079 last_latency=18.0s source=NTSB_ASRS:Pre2008
[17250/54218] ok=17089 last_latency=21.3s source=NTSB_ASRS:Pre2008
[17260/54218] ok=17099 last_latency=22.0s source=NTSB_ASRS:Pre2008
[17270/54218] ok=17109 last_latency=41.3s source=NTSB_ASRS:Pre2008
[17280/54218] ok=17119 last_latency=31.6s source=NTSB_ASRS:Pre2008
[17290/54218] ok=17129 last_latency=30.0s source=NTSB_ASRS:Pre2008
[17300/54218] ok=17138 last_latency=24.0s source=NTSB_ASRS:Pre2008
[17310/54218] ok=17148 last_latency=28.4s source=NTSB_ASRS:Pre2008
[17320/54218] ok=17158 last_latency=22.3s source=NTSB_ASRS:Pre2008
[17330/54218] ok=17168 last_latency=19.1s source=NTSB_ASRS:Pre2008
[17340/54218] ok=17178 last_latency=33.4s source=NTSB_ASRS:Pre2008
[17350/54218] ok=17188 last_latency=30.3s source=NTSB_ASRS:Pre2008
[17360/54218] ok=17198 last_latency=24.3s source=NTSB_ASRS:Pre2008
[17370/54218] ok=17208 last_latency=33.7s source=NTSB_ASRS:Pre2008
[17380/54218] ok=17218 last_latency=22.9s source=NTSB_ASRS:Pre2008
[17390/54218] ok=17228 last_latency=35.2s source=NTSB_ASRS:Pre2008
[17400/54218] ok=17238 last_latency=23.2s source=NTSB_ASRS:Pre2008
[17410/54218] ok=17248 last_latency=35.9s source=NTSB_ASRS:Pre2008
[17420/54218] ok=17258 last_latency=31.9s source=NTSB_ASRS:Pre2008
[17430/54218] ok=17268 last_latency=23.4s source=NTSB_ASRS:Pre2008
[17440/54218] ok=17278 last_latency=13.0s source=NTSB_ASRS:Pre2008
[17450/54218] ok=17288 last_latency=23.5s source=NTSB_ASRS:Pre2008
[17460/54218] ok=17298 last_latency=28.2s source=NTSB_ASRS:Pre2008
[17470/54218] ok=17308 last_latency=27.2s source=NTSB_ASRS:Pre2008
[17480/54218] ok=17318 last_latency=26.0s source=NTSB_ASRS:Pre2008
[17490/54218] ok=17328 last_latency=26.2s source=NTSB_ASRS:Pre2008
[17500/54218] ok=17338 last_latency=21.0s source=NTSB_ASRS:Pre2008
[17510/54218] ok=17348 last_latency=24.2s source=NTSB_ASRS:Pre2008
[17520/54218] ok=17358 last_latency=33.2s source=NTSB_ASRS:Pre2008
[17530/54218] ok=17368 last_latency=25.1s source=NTSB_ASRS:Pre2008
[17540/54218] ok=17378 last_latency=27.7s source=NTSB_ASRS:Pre2008
[17550/54218] ok=17388 last_latency=33.9s source=NTSB_ASRS:Pre2008
[17560/54218] ok=17398 last_latency=22.4s source=NTSB_ASRS:Pre2008
[17570/54218] ok=17407 last_latency=29.9s source=NTSB_ASRS:Pre2008
[17580/54218] ok=17417 last_latency=23.4s source=NTSB_ASRS:Pre2008
[17590/54218] ok=17427 last_latency=22.1s source=NTSB_ASRS:Pre2008
[17600/54218] ok=17437 last_latency=28.5s source=NTSB_ASRS:Pre2008
[17610/54218] ok=17447 last_latency=26.8s source=NTSB_ASRS:Pre2008
[17620/54218] ok=17457 last_latency=26.6s source=NTSB_ASRS:Pre2008
[17630/54218] ok=17466 last_latency=26.2s source=NTSB_ASRS:Pre2008
[17640/54218] ok=17476 last_latency=20.4s source=NTSB_ASRS:Pre2008
[17650/54218] ok=17486 last_latency=27.9s source=NTSB_ASRS:Pre2008
[17660/54218] ok=17495 last_latency=26.8s source=NTSB_ASRS:Pre2008
[17670/54218] ok=17505 last_latency=18.3s source=NTSB_ASRS:Pre2008
[17680/54218] ok=17515 last_latency=26.8s source=NTSB_ASRS:Pre2008
[17690/54218] ok=17525 last_latency=21.9s source=NTSB_ASRS:Pre2008
[17700/54218] ok=17535 last_latency=23.9s source=NTSB_ASRS:Pre2008
[17710/54218] ok=17545 last_latency=28.6s source=NTSB_ASRS:Pre2008
[17720/54218] ok=17555 last_latency=23.6s source=NTSB_ASRS:Pre2008
[17730/54218] ok=17565 last_latency=23.8s source=NTSB_ASRS:Pre2008
[17740/54218] ok=17575 last_latency=22.7s source=NTSB_ASRS:Pre2008
[17750/54218] ok=17585 last_latency=22.7s source=NTSB_ASRS:Pre2008
[17760/54218] ok=17595 last_latency=22.2s source=NTSB_ASRS:Pre2008
[17770/54218] ok=17605 last_latency=25.7s source=NTSB_ASRS:Pre2008
[17780/54218] ok=17615 last_latency=27.1s source=NTSB_ASRS:Pre2008
[17790/54218] ok=17625 last_latency=20.4s source=NTSB_ASRS:Pre2008
[17800/54218] ok=17635 last_latency=28.0s source=NTSB_ASRS:Pre2008
[17810/54218] ok=17645 last_latency=30.5s source=NTSB_ASRS:Pre2008
[17820/54218] ok=17655 last_latency=25.3s source=NTSB_ASRS:Pre2008
[17830/54218] ok=17665 last_latency=22.5s source=NTSB_ASRS:Pre2008
[17840/54218] ok=17675 last_latency=26.2s source=NTSB_ASRS:Pre2008
[17850/54218] ok=17685 last_latency=34.9s source=NTSB_ASRS:Pre2008
[17860/54218] ok=17695 last_latency=24.5s source=NTSB_ASRS:Pre2008
[17870/54218] ok=17705 last_latency=20.6s source=NTSB_ASRS:Pre2008
[17880/54218] ok=17715 last_latency=29.5s source=NTSB_ASRS:Pre2008
[17890/54218] ok=17725 last_latency=27.7s source=NTSB_ASRS:Pre2008
[17900/54218] ok=17735 last_latency=26.2s source=NTSB_ASRS:Pre2008
[17910/54218] ok=17745 last_latency=20.3s source=NTSB_ASRS:Pre2008
[17920/54218] ok=17755 last_latency=29.7s source=NTSB_ASRS:Pre2008
[17930/54218] ok=17765 last_latency=30.4s source=NTSB_ASRS:Pre2008
[17940/54218] ok=17775 last_latency=23.1s source=NTSB_ASRS:Pre2008
[17950/54218] ok=17785 last_latency=29.1s source=NTSB_ASRS:Pre2008
[17960/54218] ok=17795 last_latency=22.8s source=NTSB_ASRS:Pre2008
[17970/54218] ok=17805 last_latency=19.3s source=NTSB_ASRS:Pre2008
[17980/54218] ok=17814 last_latency=29.8s source=NTSB_ASRS:Pre2008
[17990/54218] ok=17824 last_latency=28.4s source=NTSB_ASRS:Pre2008
[18000/54218] ok=17834 last_latency=25.0s source=NTSB_ASRS:Pre2008
[18010/54218] ok=17844 last_latency=29.8s source=NTSB_ASRS:Pre2008
[18020/54218] ok=17854 last_latency=32.4s source=NTSB_ASRS:Pre2008
[18030/54218] ok=17864 last_latency=30.8s source=NTSB_ASRS:Pre2008
[18040/54218] ok=17874 last_latency=27.2s source=NTSB_ASRS:Pre2008
[18050/54218] ok=17884 last_latency=25.0s source=NTSB_ASRS:Pre2008
[18060/54218] ok=17894 last_latency=18.1s source=NTSB_ASRS:Pre2008
[18070/54218] ok=17903 last_latency=25.1s source=NTSB_ASRS:Pre2008
[18080/54218] ok=17913 last_latency=25.5s source=NTSB_ASRS:Pre2008
[18090/54218] ok=17923 last_latency=25.9s source=NTSB_ASRS:Pre2008
[18100/54218] ok=17933 last_latency=28.7s source=NTSB_ASRS:Pre2008
[18110/54218] ok=17943 last_latency=28.3s source=NTSB_ASRS:Pre2008
[18120/54218] ok=17953 last_latency=29.8s source=NTSB_ASRS:Pre2008
[18130/54218] ok=17963 last_latency=21.1s source=NTSB_ASRS:Pre2008
[18140/54218] ok=17973 last_latency=21.8s source=NTSB_ASRS:Pre2008
[18150/54218] ok=17983 last_latency=24.7s source=NTSB_ASRS:Pre2008
[18160/54218] ok=17993 last_latency=32.0s source=NTSB_ASRS:Pre2008
[18170/54218] ok=18002 last_latency=27.5s source=NTSB_ASRS:Pre2008
[18180/54218] ok=18011 last_latency=29.7s source=NTSB_ASRS:Pre2008
[18190/54218] ok=18021 last_latency=20.8s source=NTSB_ASRS:Pre2008
[18200/54218] ok=18031 last_latency=27.0s source=NTSB_ASRS:Pre2008
[18210/54218] ok=18041 last_latency=24.2s source=NTSB_ASRS:Pre2008
[18220/54218] ok=18050 last_latency=25.8s source=NTSB_ASRS:Pre2008
[18230/54218] ok=18060 last_latency=28.2s source=NTSB_ASRS:Pre2008
[18240/54218] ok=18070 last_latency=33.8s source=NTSB_ASRS:Pre2008
[18250/54218] ok=18080 last_latency=20.6s source=NTSB_ASRS:Pre2008
[18260/54218] ok=18090 last_latency=31.3s source=NTSB_ASRS:Pre2008
[18270/54218] ok=18100 last_latency=42.5s source=NTSB_ASRS:Pre2008
[18280/54218] ok=18110 last_latency=31.7s source=NTSB_ASRS:Pre2008
[18290/54218] ok=18120 last_latency=35.1s source=NTSB_ASRS:Pre2008
[18300/54218] ok=18130 last_latency=34.9s source=NTSB_ASRS:Pre2008
[18310/54218] ok=18140 last_latency=23.7s source=NTSB_ASRS:Pre2008
[18320/54218] ok=18150 last_latency=28.1s source=NTSB_ASRS:Pre2008
[18330/54218] ok=18160 last_latency=19.5s source=NTSB_ASRS:Pre2008
[18340/54218] ok=18170 last_latency=34.0s source=NTSB_ASRS:Pre2008
[18350/54218] ok=18180 last_latency=18.5s source=NTSB_ASRS:Pre2008
[18360/54218] ok=18190 last_latency=26.8s source=NTSB_ASRS:Pre2008
[18370/54218] ok=18200 last_latency=34.6s source=NTSB_ASRS:Pre2008
[18380/54218] ok=18210 last_latency=24.7s source=NTSB_ASRS:Pre2008
[18390/54218] ok=18220 last_latency=31.0s source=NTSB_ASRS:Pre2008
[18400/54218] ok=18230 last_latency=22.7s source=NTSB_ASRS:Pre2008
[18410/54218] ok=18240 last_latency=25.9s source=NTSB_ASRS:Pre2008
[18420/54218] ok=18249 last_latency=20.7s source=NTSB_ASRS:Pre2008
[18430/54218] ok=18259 last_latency=27.0s source=NTSB_ASRS:Pre2008
[18440/54218] ok=18269 last_latency=24.0s source=NTSB_ASRS:Pre2008
[18450/54218] ok=18279 last_latency=43.6s source=NTSB_ASRS:Pre2008
[18460/54218] ok=18289 last_latency=24.5s source=NTSB_ASRS:Pre2008
[18470/54218] ok=18299 last_latency=22.5s source=NTSB_ASRS:Pre2008
[18480/54218] ok=18309 last_latency=27.9s source=NTSB_ASRS:Pre2008
[18490/54218] ok=18319 last_latency=27.5s source=NTSB_ASRS:Pre2008
[18500/54218] ok=18329 last_latency=31.6s source=NTSB_ASRS:Pre2008
[18510/54218] ok=18339 last_latency=21.8s source=NTSB_ASRS:Pre2008
[18520/54218] ok=18349 last_latency=26.4s source=NTSB_ASRS:Pre2008
[18530/54218] ok=18359 last_latency=26.4s source=NTSB_ASRS:Pre2008
[18540/54218] ok=18369 last_latency=18.3s source=NTSB_ASRS:Pre2008
[18550/54218] ok=18379 last_latency=26.7s source=NTSB_ASRS:Pre2008
[18560/54218] ok=18389 last_latency=23.0s source=NTSB_ASRS:Pre2008
[18570/54218] ok=18398 last_latency=21.8s source=NTSB_ASRS:Pre2008
[18580/54218] ok=18408 last_latency=32.6s source=NTSB_ASRS:Pre2008
[18590/54218] ok=18418 last_latency=23.1s source=NTSB_ASRS:Pre2008
[18600/54218] ok=18428 last_latency=20.9s source=NTSB_ASRS:Pre2008
[18610/54218] ok=18438 last_latency=22.5s source=NTSB_ASRS:Pre2008
[18620/54218] ok=18447 last_latency=23.0s source=NTSB_ASRS:Pre2008
[18630/54218] ok=18457 last_latency=22.4s source=NTSB_ASRS:Pre2008
[18640/54218] ok=18466 last_latency=28.8s source=NTSB_ASRS:Pre2008
[18650/54218] ok=18476 last_latency=23.2s source=NTSB_ASRS:Pre2008
[18660/54218] ok=18486 last_latency=27.3s source=NTSB_ASRS:Pre2008
[18670/54218] ok=18496 last_latency=18.8s source=NTSB_ASRS:Pre2008
[18680/54218] ok=18506 last_latency=31.1s source=NTSB_ASRS:Pre2008
[18690/54218] ok=18516 last_latency=28.6s source=NTSB_ASRS:Pre2008
[18700/54218] ok=18526 last_latency=24.4s source=NTSB_ASRS:Pre2008
[18710/54218] ok=18536 last_latency=26.9s source=NTSB_ASRS:Pre2008
[18720/54218] ok=18546 last_latency=23.3s source=NTSB_ASRS:Pre2008
[18730/54218] ok=18556 last_latency=31.7s source=NTSB_ASRS:Pre2008
[18740/54218] ok=18566 last_latency=26.8s source=NTSB_ASRS:Pre2008
[18750/54218] ok=18576 last_latency=24.7s source=NTSB_ASRS:Pre2008
[18760/54218] ok=18586 last_latency=30.9s source=NTSB_ASRS:Pre2008
[18770/54218] ok=18596 last_latency=30.0s source=NTSB_ASRS:Pre2008
[18780/54218] ok=18605 last_latency=17.1s source=NTSB_ASRS:Pre2008
[18790/54218] ok=18615 last_latency=29.7s source=NTSB_ASRS:Pre2008
[18800/54218] ok=18625 last_latency=19.8s source=NTSB_ASRS:Pre2008
[18810/54218] ok=18635 last_latency=31.4s source=NTSB_ASRS:Pre2008
[18820/54218] ok=18645 last_latency=24.1s source=NTSB_ASRS:Pre2008
[18830/54218] ok=18655 last_latency=19.0s source=NTSB_ASRS:Pre2008
[18840/54218] ok=18665 last_latency=25.5s source=NTSB_ASRS:Pre2008
[18850/54218] ok=18675 last_latency=37.4s source=NTSB_ASRS:Pre2008
[18860/54218] ok=18685 last_latency=18.0s source=NTSB_ASRS:Pre2008
[18870/54218] ok=18695 last_latency=29.0s source=NTSB_ASRS:Pre2008
[18880/54218] ok=18705 last_latency=33.4s source=NTSB_ASRS:Pre2008
[18890/54218] ok=18715 last_latency=14.2s source=NTSB_ASRS:Pre2008
[18900/54218] ok=18725 last_latency=26.7s source=NTSB_ASRS:Pre2008
[18910/54218] ok=18735 last_latency=24.7s source=NTSB_ASRS:Pre2008
[18920/54218] ok=18745 last_latency=31.4s source=NTSB_ASRS:Pre2008
[18930/54218] ok=18755 last_latency=26.4s source=NTSB_ASRS:Pre2008
[18940/54218] ok=18765 last_latency=19.1s source=NTSB_ASRS:Pre2008
[18950/54218] ok=18775 last_latency=16.2s source=NTSB_ASRS:Pre2008
[18960/54218] ok=18785 last_latency=23.4s source=NTSB_ASRS:Pre2008
[18970/54218] ok=18795 last_latency=31.4s source=NTSB_ASRS:Pre2008
[18980/54218] ok=18804 last_latency=31.9s source=NTSB_ASRS:Pre2008
[18990/54218] ok=18813 last_latency=28.0s source=NTSB_ASRS:Pre2008
[19000/54218] ok=18823 last_latency=26.3s source=NTSB_ASRS:Pre2008
[19010/54218] ok=18833 last_latency=28.6s source=NTSB_ASRS:Pre2008
[19020/54218] ok=18843 last_latency=22.5s source=NTSB_ASRS:Pre2008
[19030/54218] ok=18853 last_latency=26.4s source=NTSB_ASRS:Pre2008
[19040/54218] ok=18863 last_latency=23.9s source=NTSB_ASRS:Pre2008
[19050/54218] ok=18873 last_latency=21.1s source=NTSB_ASRS:Pre2008
[19060/54218] ok=18883 last_latency=19.3s source=NTSB_ASRS:Pre2008
[19070/54218] ok=18893 last_latency=18.1s source=NTSB_ASRS:Pre2008
[19080/54218] ok=18903 last_latency=25.5s source=NTSB_ASRS:Pre2008
[19090/54218] ok=18913 last_latency=19.5s source=NTSB_ASRS:Pre2008
[19100/54218] ok=18923 last_latency=16.6s source=NTSB_ASRS:Pre2008
[19110/54218] ok=18932 last_latency=23.0s source=NTSB_ASRS:Pre2008
[19120/54218] ok=18942 last_latency=26.4s source=NTSB_ASRS:Pre2008
[19130/54218] ok=18952 last_latency=26.3s source=NTSB_ASRS:Pre2008
[19140/54218] ok=18962 last_latency=29.9s source=NTSB_ASRS:Pre2008
[19150/54218] ok=18971 last_latency=22.2s source=NTSB_ASRS:Pre2008
[19160/54218] ok=18981 last_latency=24.8s source=NTSB_ASRS:Pre2008
[19170/54218] ok=18991 last_latency=26.5s source=NTSB_ASRS:Pre2008
[19180/54218] ok=19001 last_latency=33.0s source=NTSB_ASRS:Pre2008
[19190/54218] ok=19010 last_latency=21.5s source=NTSB_ASRS:Pre2008
[19200/54218] ok=19020 last_latency=35.1s source=NTSB_ASRS:Pre2008
[19210/54218] ok=19030 last_latency=24.8s source=NTSB_ASRS:Pre2008
[19220/54218] ok=19040 last_latency=22.4s source=NTSB_ASRS:Pre2008
[19230/54218] ok=19050 last_latency=29.0s source=NTSB_ASRS:Pre2008
[19240/54218] ok=19060 last_latency=32.7s source=NTSB_ASRS:Pre2008
[19250/54218] ok=19070 last_latency=22.6s source=NTSB_ASRS:Pre2008
[19260/54218] ok=19080 last_latency=22.7s source=NTSB_ASRS:Pre2008
[19270/54218] ok=19090 last_latency=26.5s source=NTSB_ASRS:Pre2008
[19280/54218] ok=19100 last_latency=22.0s source=NTSB_ASRS:Pre2008
[19290/54218] ok=19110 last_latency=23.1s source=NTSB_ASRS:Pre2008
[19300/54218] ok=19120 last_latency=22.2s source=NTSB_ASRS:Pre2008
[19310/54218] ok=19130 last_latency=22.3s source=NTSB_ASRS:Pre2008
[19320/54218] ok=19140 last_latency=20.4s source=NTSB_ASRS:Pre2008
[19330/54218] ok=19150 last_latency=30.3s source=NTSB_ASRS:Pre2008
[19340/54218] ok=19160 last_latency=34.6s source=NTSB_ASRS:Pre2008
[19350/54218] ok=19170 last_latency=21.6s source=NTSB_ASRS:Pre2008
[19360/54218] ok=19180 last_latency=24.9s source=NTSB_ASRS:Pre2008
[19370/54218] ok=19190 last_latency=32.2s source=NTSB_ASRS:Pre2008
[19380/54218] ok=19200 last_latency=17.0s source=NTSB_ASRS:Pre2008
[19390/54218] ok=19210 last_latency=20.3s source=NTSB_ASRS:Pre2008
[19400/54218] ok=19220 last_latency=20.4s source=NTSB_ASRS:Pre2008
[19410/54218] ok=19230 last_latency=20.4s source=NTSB_ASRS:Pre2008
[19420/54218] ok=19240 last_latency=27.4s source=NTSB_ASRS:Pre2008
[19430/54218] ok=19249 last_latency=16.9s source=NTSB_ASRS:Pre2008
[19440/54218] ok=19258 last_latency=23.1s source=NTSB_ASRS:Pre2008
[19450/54218] ok=19268 last_latency=16.5s source=NTSB_ASRS:Pre2008
[19460/54218] ok=19278 last_latency=27.0s source=NTSB_ASRS:Pre2008
[19470/54218] ok=19288 last_latency=21.3s source=NTSB_ASRS:Pre2008
[19480/54218] ok=19298 last_latency=26.0s source=NTSB_ASRS:Pre2008
[19490/54218] ok=19308 last_latency=19.8s source=NTSB_ASRS:Pre2008
[19500/54218] ok=19318 last_latency=14.9s source=NTSB_ASRS:Pre2008
[19510/54218] ok=19328 last_latency=22.3s source=NTSB_ASRS:Pre2008
[19520/54218] ok=19338 last_latency=19.6s source=NTSB_ASRS:Pre2008
[19530/54218] ok=19348 last_latency=24.8s source=NTSB_ASRS:Pre2008
[19540/54218] ok=19358 last_latency=21.7s source=NTSB_ASRS:Pre2008
[19550/54218] ok=19368 last_latency=26.2s source=NTSB_ASRS:Pre2008
[19560/54218] ok=19377 last_latency=18.0s source=NTSB_ASRS:Pre2008
[19570/54218] ok=19387 last_latency=20.0s source=NTSB_ASRS:Pre2008
[19580/54218] ok=19397 last_latency=22.7s source=NTSB_ASRS:Pre2008
[19590/54218] ok=19407 last_latency=22.3s source=NTSB_ASRS:Pre2008
[19600/54218] ok=19417 last_latency=21.7s source=NTSB_ASRS:Pre2008
[19610/54218] ok=19426 last_latency=24.9s source=NTSB_ASRS:Pre2008
[19620/54218] ok=19436 last_latency=27.1s source=NTSB_ASRS:Pre2008
[19630/54218] ok=19446 last_latency=23.3s source=NTSB_ASRS:Pre2008
[19640/54218] ok=19456 last_latency=22.4s source=NTSB_ASRS:Pre2008
[19650/54218] ok=19466 last_latency=27.3s source=NTSB_ASRS:Pre2008
[19660/54218] ok=19476 last_latency=22.4s source=NTSB_ASRS:Pre2008
[19670/54218] ok=19486 last_latency=24.2s source=NTSB_ASRS:Pre2008
[19680/54218] ok=19496 last_latency=30.7s source=NTSB_ASRS:Pre2008
[19690/54218] ok=19506 last_latency=30.6s source=NTSB_ASRS:Pre2008
[19700/54218] ok=19516 last_latency=30.3s source=NTSB_ASRS:Pre2008
[19710/54218] ok=19526 last_latency=20.8s source=NTSB_ASRS:Pre2008
[19720/54218] ok=19536 last_latency=23.7s source=NTSB_ASRS:Pre2008
[19730/54218] ok=19546 last_latency=24.9s source=NTSB_ASRS:Pre2008
[19740/54218] ok=19556 last_latency=33.8s source=NTSB_ASRS:Pre2008
[19750/54218] ok=19566 last_latency=24.4s source=NTSB_ASRS:Pre2008
[19760/54218] ok=19576 last_latency=20.7s source=NTSB_ASRS:Pre2008
[19770/54218] ok=19586 last_latency=31.7s source=NTSB_ASRS:Pre2008
[19780/54218] ok=19595 last_latency=30.3s source=NTSB_ASRS:Pre2008
[19790/54218] ok=19604 last_latency=30.0s source=NTSB_ASRS:Pre2008
[19800/54218] ok=19614 last_latency=35.1s source=NTSB_ASRS:Pre2008
[19810/54218] ok=19624 last_latency=37.0s source=NTSB_ASRS:Pre2008
[19820/54218] ok=19633 last_latency=22.2s source=NTSB_ASRS:Pre2008
[19830/54218] ok=19643 last_latency=21.6s source=NTSB_ASRS:Pre2008
[19840/54218] ok=19652 last_latency=24.4s source=NTSB_ASRS:Pre2008
[19850/54218] ok=19662 last_latency=29.2s source=NTSB_ASRS:Pre2008
[19860/54218] ok=19672 last_latency=27.8s source=NTSB_ASRS:Pre2008
[19870/54218] ok=19682 last_latency=20.9s source=NTSB_ASRS:Pre2008
[19880/54218] ok=19692 last_latency=33.0s source=NTSB_ASRS:Pre2008
[19890/54218] ok=19701 last_latency=19.7s source=NTSB_ASRS:Pre2008
[19900/54218] ok=19711 last_latency=20.5s source=NTSB_ASRS:Pre2008
[19910/54218] ok=19721 last_latency=26.7s source=NTSB_ASRS:Pre2008
[19920/54218] ok=19731 last_latency=12.6s source=NTSB_ASRS:Pre2008
[19930/54218] ok=19741 last_latency=33.4s source=NTSB_ASRS:Pre2008
[19940/54218] ok=19751 last_latency=19.2s source=NTSB_ASRS:Pre2008
[19950/54218] ok=19761 last_latency=26.4s source=NTSB_ASRS:Pre2008
[19960/54218] ok=19770 last_latency=18.2s source=NTSB_ASRS:Pre2008
[19970/54218] ok=19780 last_latency=30.6s source=NTSB_ASRS:Pre2008
[19980/54218] ok=19790 last_latency=22.6s source=NTSB_ASRS:Pre2008
[19990/54218] ok=19800 last_latency=22.9s source=NTSB_ASRS:Pre2008
[20000/54218] ok=19810 last_latency=26.7s source=NTSB_ASRS:Pre2008
[20010/54218] ok=19820 last_latency=22.7s source=NTSB_ASRS:Pre2008
[20020/54218] ok=19829 last_latency=21.9s source=NTSB_ASRS:Pre2008
[20030/54218] ok=19839 last_latency=20.7s source=NTSB_ASRS:Pre2008
[20040/54218] ok=19849 last_latency=31.7s source=NTSB_ASRS:Pre2008
[20050/54218] ok=19859 last_latency=31.3s source=NTSB_ASRS:Pre2008
[20060/54218] ok=19869 last_latency=19.3s source=NTSB_ASRS:Pre2008
[20070/54218] ok=19879 last_latency=21.0s source=NTSB_ASRS:Pre2008
[20080/54218] ok=19889 last_latency=30.2s source=NTSB_ASRS:Pre2008
[20090/54218] ok=19899 last_latency=28.6s source=NTSB_ASRS:Pre2008
[20100/54218] ok=19909 last_latency=24.2s source=NTSB_ASRS:Pre2008
[20110/54218] ok=19919 last_latency=19.5s source=NTSB_ASRS:Pre2008
[20120/54218] ok=19928 last_latency=20.4s source=NTSB_ASRS:Pre2008
[20130/54218] ok=19938 last_latency=20.4s source=NTSB_ASRS:Pre2008
[20140/54218] ok=19948 last_latency=28.0s source=NTSB_ASRS:Pre2008
[20150/54218] ok=19958 last_latency=21.9s source=NTSB_ASRS:Pre2008
[20160/54218] ok=19968 last_latency=21.1s source=NTSB_ASRS:Pre2008
[20170/54218] ok=19978 last_latency=22.5s source=NTSB_ASRS:Pre2008
[20180/54218] ok=19988 last_latency=28.9s source=NTSB_ASRS:Pre2008
[20190/54218] ok=19998 last_latency=26.3s source=NTSB_ASRS:Pre2008
[20200/54218] ok=20008 last_latency=18.4s source=NTSB_ASRS:Pre2008
[20210/54218] ok=20018 last_latency=29.8s source=NTSB_ASRS:Pre2008
[20220/54218] ok=20028 last_latency=22.7s source=NTSB_ASRS:Pre2008
[20230/54218] ok=20038 last_latency=22.8s source=NTSB_ASRS:Pre2008
[20240/54218] ok=20048 last_latency=20.1s source=NTSB_ASRS:Pre2008
[20250/54218] ok=20058 last_latency=24.6s source=NTSB_ASRS:Pre2008
[20260/54218] ok=20068 last_latency=29.1s source=NTSB_ASRS:Pre2008
[20270/54218] ok=20077 last_latency=26.4s source=NTSB_ASRS:Pre2008
[20280/54218] ok=20086 last_latency=22.5s source=NTSB_ASRS:Pre2008
[20290/54218] ok=20096 last_latency=26.1s source=NTSB_ASRS:Pre2008
[20300/54218] ok=20106 last_latency=29.2s source=NTSB_ASRS:Pre2008
[20310/54218] ok=20116 last_latency=24.4s source=NTSB_ASRS:Pre2008
[20320/54218] ok=20126 last_latency=27.4s source=NTSB_ASRS:Pre2008
[20330/54218] ok=20136 last_latency=18.2s source=NTSB_ASRS:Pre2008
[20340/54218] ok=20146 last_latency=32.2s source=NTSB_ASRS:Pre2008
[20350/54218] ok=20156 last_latency=23.9s source=NTSB_ASRS:Pre2008
[20360/54218] ok=20166 last_latency=26.6s source=NTSB_ASRS:Pre2008
[20370/54218] ok=20176 last_latency=31.9s source=NTSB_ASRS:Pre2008
[20380/54218] ok=20186 last_latency=35.4s source=NTSB_ASRS:Pre2008
[20390/54218] ok=20196 last_latency=27.7s source=NTSB_ASRS:Pre2008
[20400/54218] ok=20206 last_latency=26.3s source=NTSB_ASRS:Pre2008
[20410/54218] ok=20216 last_latency=23.2s source=NTSB_ASRS:Pre2008
[20420/54218] ok=20226 last_latency=14.7s source=NTSB_ASRS:Pre2008
[20430/54218] ok=20236 last_latency=26.7s source=NTSB_ASRS:Pre2008
[20440/54218] ok=20246 last_latency=27.5s source=NTSB_ASRS:Pre2008
[20450/54218] ok=20256 last_latency=24.6s source=NTSB_ASRS:Pre2008
[20460/54218] ok=20266 last_latency=25.9s source=NTSB_ASRS:Pre2008
[20470/54218] ok=20276 last_latency=18.3s source=NTSB_ASRS:Pre2008
[20480/54218] ok=20286 last_latency=20.8s source=NTSB_ASRS:Pre2008
[20490/54218] ok=20296 last_latency=18.7s source=NTSB_ASRS:Pre2008
[20500/54218] ok=20305 last_latency=28.5s source=NTSB_ASRS:Pre2008
[20510/54218] ok=20314 last_latency=18.8s source=NTSB_ASRS:Pre2008
[20520/54218] ok=20324 last_latency=25.0s source=NTSB_ASRS:Pre2008
[20530/54218] ok=20334 last_latency=26.7s source=NTSB_ASRS:Pre2008
[20540/54218] ok=20344 last_latency=23.5s source=NTSB_ASRS:Pre2008
[20550/54218] ok=20354 last_latency=23.9s source=NTSB_ASRS:Pre2008
[20560/54218] ok=20364 last_latency=21.5s source=NTSB_ASRS:Pre2008
[20570/54218] ok=20374 last_latency=26.2s source=NTSB_ASRS:Pre2008
[20580/54218] ok=20384 last_latency=22.3s source=NTSB_ASRS:Pre2008
[20590/54218] ok=20394 last_latency=27.5s source=NTSB_ASRS:Pre2008
[20600/54218] ok=20404 last_latency=24.0s source=NTSB_ASRS:Pre2008
[20610/54218] ok=20414 last_latency=34.6s source=NTSB_ASRS:Pre2008
[20620/54218] ok=20424 last_latency=24.6s source=NTSB_ASRS:Pre2008
[20630/54218] ok=20434 last_latency=33.7s source=NTSB_ASRS:Pre2008
[20640/54218] ok=20444 last_latency=26.9s source=NTSB_ASRS:Pre2008
[20650/54218] ok=20454 last_latency=24.8s source=NTSB_ASRS:Pre2008
[20660/54218] ok=20464 last_latency=24.9s source=NTSB_ASRS:Pre2008
[20670/54218] ok=20474 last_latency=30.8s source=NTSB_ASRS:Pre2008
[20680/54218] ok=20484 last_latency=32.3s source=NTSB_ASRS:Pre2008
[20690/54218] ok=20493 last_latency=23.0s source=NTSB_ASRS:Pre2008
[20700/54218] ok=20503 last_latency=19.4s source=NTSB_ASRS:Pre2008
[20710/54218] ok=20513 last_latency=20.2s source=NTSB_ASRS:Pre2008
[20720/54218] ok=20523 last_latency=24.1s source=NTSB_ASRS:Pre2008
[20730/54218] ok=20533 last_latency=26.4s source=NTSB_ASRS:Pre2008
[20740/54218] ok=20543 last_latency=20.4s source=NTSB_ASRS:Pre2008
[20750/54218] ok=20553 last_latency=24.6s source=NTSB_ASRS:Pre2008
[20760/54218] ok=20563 last_latency=33.1s source=NTSB_ASRS:Pre2008
[20770/54218] ok=20573 last_latency=27.9s source=NTSB_ASRS:Pre2008
[20780/54218] ok=20583 last_latency=37.3s source=NTSB_ASRS:Pre2008
[20790/54218] ok=20593 last_latency=33.7s source=NTSB_ASRS:Pre2008
[20800/54218] ok=20603 last_latency=34.0s source=NTSB_ASRS:Pre2008
[20810/54218] ok=20613 last_latency=21.4s source=NTSB_ASRS:Pre2008
[20820/54218] ok=20623 last_latency=19.3s source=NTSB_ASRS:Pre2008
[20830/54218] ok=20633 last_latency=20.7s source=NTSB_ASRS:Pre2008
[20840/54218] ok=20643 last_latency=17.7s source=NTSB_ASRS:Pre2008
[20850/54218] ok=20653 last_latency=17.8s source=NTSB_ASRS:Pre2008
[20860/54218] ok=20663 last_latency=30.2s source=NTSB_ASRS:Pre2008
[20870/54218] ok=20673 last_latency=19.9s source=NTSB_ASRS:Pre2008
[20880/54218] ok=20683 last_latency=20.9s source=NTSB_ASRS:Pre2008
[20890/54218] ok=20693 last_latency=24.7s source=NTSB_ASRS:Pre2008
[20900/54218] ok=20703 last_latency=32.6s source=NTSB_ASRS:Pre2008
[20910/54218] ok=20712 last_latency=24.6s source=NTSB_ASRS:Pre2008
[20920/54218] ok=20722 last_latency=23.1s source=NTSB_ASRS:Pre2008
[20930/54218] ok=20731 last_latency=16.6s source=NTSB_ASRS:Pre2008
[20940/54218] ok=20741 last_latency=37.6s source=NTSB_ASRS:Pre2008
[20950/54218] ok=20751 last_latency=26.4s source=NTSB_ASRS:Pre2008
[20960/54218] ok=20761 last_latency=27.0s source=NTSB_ASRS:Pre2008
[20970/54218] ok=20769 last_latency=20.4s source=NTSB_ASRS:Pre2008
[20980/54218] ok=20779 last_latency=29.1s source=NTSB_ASRS:Pre2008
[20990/54218] ok=20789 last_latency=18.9s source=NTSB_ASRS:Pre2008
[21000/54218] ok=20799 last_latency=28.7s source=NTSB_ASRS:Pre2008
[21010/54218] ok=20809 last_latency=26.2s source=NTSB_ASRS:Pre2008
[21020/54218] ok=20818 last_latency=22.6s source=NTSB_ASRS:Pre2008
[21030/54218] ok=20828 last_latency=18.3s source=NTSB_ASRS:Pre2008
[21040/54218] ok=20838 last_latency=22.7s source=NTSB_ASRS:Pre2008
[21050/54218] ok=20848 last_latency=32.6s source=NTSB_ASRS:Pre2008
[21060/54218] ok=20858 last_latency=31.2s source=NTSB_ASRS:Pre2008
[21070/54218] ok=20868 last_latency=26.7s source=NTSB_ASRS:Pre2008
[21080/54218] ok=20878 last_latency=27.2s source=NTSB_ASRS:Pre2008
[21090/54218] ok=20888 last_latency=29.6s source=NTSB_ASRS:Pre2008
[21100/54218] ok=20897 last_latency=29.5s source=NTSB_ASRS:Pre2008
[21110/54218] ok=20907 last_latency=22.5s source=NTSB_ASRS:Pre2008
[21120/54218] ok=20917 last_latency=18.9s source=NTSB_ASRS:Pre2008
[21130/54218] ok=20927 last_latency=26.5s source=NTSB_ASRS:Pre2008
[21140/54218] ok=20937 last_latency=27.0s source=NTSB_ASRS:Pre2008
[21150/54218] ok=20947 last_latency=32.3s source=NTSB_ASRS:Pre2008
[21160/54218] ok=20957 last_latency=30.4s source=NTSB_ASRS:Pre2008
[21170/54218] ok=20967 last_latency=14.4s source=NTSB_ASRS:Pre2008
[21180/54218] ok=20977 last_latency=26.0s source=NTSB_ASRS:Pre2008
[21190/54218] ok=20987 last_latency=18.7s source=NTSB_ASRS:Pre2008
[21200/54218] ok=20997 last_latency=21.3s source=NTSB_ASRS:Pre2008
[21210/54218] ok=21007 last_latency=26.6s source=NTSB_ASRS:Pre2008
[21220/54218] ok=21017 last_latency=29.8s source=NTSB_ASRS:Pre2008
[21230/54218] ok=21027 last_latency=24.3s source=NTSB_ASRS:Pre2008
[21240/54218] ok=21037 last_latency=27.7s source=NTSB_ASRS:Pre2008
[21250/54218] ok=21047 last_latency=30.1s source=NTSB_ASRS:Pre2008
[21260/54218] ok=21057 last_latency=24.1s source=NTSB_ASRS:Pre2008
[21270/54218] ok=21067 last_latency=29.3s source=NTSB_ASRS:Pre2008
[21280/54218] ok=21077 last_latency=31.1s source=NTSB_ASRS:Pre2008
[21290/54218] ok=21087 last_latency=29.2s source=NTSB_ASRS:Pre2008
[21300/54218] ok=21096 last_latency=27.8s source=NTSB_ASRS:Pre2008
[21310/54218] ok=21106 last_latency=27.6s source=NTSB_ASRS:Pre2008
[21320/54218] ok=21116 last_latency=32.1s source=NTSB_ASRS:Pre2008
[21330/54218] ok=21126 last_latency=23.1s source=NTSB_ASRS:Pre2008
[21340/54218] ok=21136 last_latency=27.8s source=NTSB_ASRS:Pre2008
[21350/54218] ok=21146 last_latency=24.9s source=NTSB_ASRS:Pre2008
[21360/54218] ok=21156 last_latency=27.5s source=NTSB_ASRS:Pre2008
[21370/54218] ok=21166 last_latency=28.1s source=NTSB_ASRS:Pre2008
[21380/54218] ok=21176 last_latency=25.0s source=NTSB_ASRS:Pre2008
[21390/54218] ok=21186 last_latency=27.4s source=NTSB_ASRS:Pre2008
[21400/54218] ok=21196 last_latency=23.7s source=NTSB_ASRS:Pre2008
[21410/54218] ok=21205 last_latency=35.6s source=NTSB_ASRS:Pre2008
[21420/54218] ok=21215 last_latency=22.3s source=NTSB_ASRS:Pre2008
[21430/54218] ok=21225 last_latency=21.5s source=NTSB_ASRS:Pre2008
[21440/54218] ok=21234 last_latency=28.0s source=NTSB_ASRS:Pre2008
[21450/54218] ok=21244 last_latency=25.5s source=NTSB_ASRS:Pre2008
[21460/54218] ok=21254 last_latency=17.1s source=NTSB_ASRS:Pre2008
[21470/54218] ok=21264 last_latency=26.5s source=NTSB_ASRS:Pre2008
[21480/54218] ok=21274 last_latency=19.5s source=NTSB_ASRS:Pre2008
[21490/54218] ok=21284 last_latency=24.2s source=NTSB_ASRS:Pre2008
[21500/54218] ok=21294 last_latency=25.0s source=NTSB_ASRS:Pre2008
[21510/54218] ok=21304 last_latency=22.1s source=NTSB_ASRS:Pre2008
[21520/54218] ok=21314 last_latency=26.7s source=NTSB_ASRS:Pre2008
[21530/54218] ok=21324 last_latency=17.8s source=NTSB_ASRS:Pre2008
[21540/54218] ok=21334 last_latency=23.2s source=NTSB_ASRS:Pre2008
[21550/54218] ok=21344 last_latency=27.2s source=NTSB_ASRS:Pre2008
[21560/54218] ok=21354 last_latency=23.8s source=NTSB_ASRS:Pre2008
[21570/54218] ok=21364 last_latency=23.2s source=NTSB_ASRS:Pre2008
[21580/54218] ok=21374 last_latency=27.3s source=NTSB_ASRS:Pre2008
[21590/54218] ok=21384 last_latency=32.0s source=NTSB_ASRS:Pre2008
[21600/54218] ok=21394 last_latency=19.7s source=NTSB_ASRS:Pre2008
[21610/54218] ok=21404 last_latency=17.8s source=NTSB_ASRS:Pre2008
[21620/54218] ok=21412 last_latency=31.3s source=NTSB_ASRS:Pre2008
[21630/54218] ok=21422 last_latency=26.5s source=NTSB_ASRS:Pre2008
[21640/54218] ok=21432 last_latency=24.9s source=NTSB_ASRS:Pre2008
[21650/54218] ok=21442 last_latency=21.8s source=NTSB_ASRS:Pre2008
[21660/54218] ok=21452 last_latency=27.3s source=NTSB_ASRS:Pre2008
[21670/54218] ok=21462 last_latency=23.4s source=NTSB_ASRS:Pre2008
[21680/54218] ok=21472 last_latency=45.2s source=NTSB_ASRS:Pre2008
[21690/54218] ok=21482 last_latency=26.6s source=NTSB_ASRS:Pre2008
[21700/54218] ok=21492 last_latency=24.0s source=NTSB_ASRS:Pre2008
[21710/54218] ok=21502 last_latency=22.4s source=NTSB_ASRS:Pre2008
[21720/54218] ok=21512 last_latency=27.3s source=NTSB_ASRS:Pre2008
[21730/54218] ok=21522 last_latency=22.2s source=NTSB_ASRS:Pre2008
[21740/54218] ok=21532 last_latency=34.0s source=NTSB_ASRS:Pre2008
[21750/54218] ok=21542 last_latency=35.3s source=NTSB_ASRS:Pre2008
[21760/54218] ok=21552 last_latency=36.7s source=NTSB_ASRS:Pre2008
[21770/54218] ok=21562 last_latency=24.2s source=NTSB_ASRS:Pre2008
[21780/54218] ok=21572 last_latency=24.0s source=NTSB_ASRS:Pre2008
[21790/54218] ok=21582 last_latency=27.9s source=NTSB_ASRS:Pre2008
[21800/54218] ok=21592 last_latency=26.1s source=NTSB_ASRS:Pre2008
[21810/54218] ok=21602 last_latency=25.3s source=NTSB_ASRS:Pre2008
[21820/54218] ok=21612 last_latency=23.8s source=NTSB_ASRS:Pre2008
[21830/54218] ok=21622 last_latency=26.7s source=NTSB_ASRS:Pre2008
[21840/54218] ok=21632 last_latency=25.7s source=NTSB_ASRS:Pre2008
[21850/54218] ok=21642 last_latency=24.6s source=NTSB_ASRS:Pre2008
[21860/54218] ok=21652 last_latency=26.1s source=NTSB_ASRS:Pre2008
[21870/54218] ok=21662 last_latency=27.2s source=NTSB_ASRS:Pre2008
[21880/54218] ok=21672 last_latency=17.6s source=NTSB_ASRS:Pre2008
[21890/54218] ok=21682 last_latency=21.7s source=NTSB_ASRS:Pre2008
[21900/54218] ok=21692 last_latency=34.5s source=NTSB_ASRS:Pre2008
[21910/54218] ok=21702 last_latency=26.5s source=NTSB_ASRS:Pre2008
[21920/54218] ok=21712 last_latency=18.8s source=NTSB_ASRS:Pre2008
[21930/54218] ok=21722 last_latency=17.3s source=NTSB_ASRS:Pre2008
[21940/54218] ok=21732 last_latency=22.7s source=NTSB_ASRS:Pre2008
[21950/54218] ok=21742 last_latency=23.8s source=NTSB_ASRS:Pre2008
[21960/54218] ok=21751 last_latency=26.2s source=NTSB_ASRS:Pre2008
[21970/54218] ok=21761 last_latency=27.8s source=NTSB_ASRS:Pre2008
[21980/54218] ok=21771 last_latency=34.3s source=NTSB_ASRS:Pre2008
[21990/54218] ok=21781 last_latency=28.9s source=NTSB_ASRS:Pre2008
[22000/54218] ok=21791 last_latency=24.1s source=NTSB_ASRS:Pre2008
[22010/54218] ok=21801 last_latency=15.8s source=NTSB_ASRS:Pre2008
[22020/54218] ok=21811 last_latency=23.8s source=NTSB_ASRS:Pre2008
[22030/54218] ok=21821 last_latency=24.1s source=NTSB_ASRS:Pre2008
[22040/54218] ok=21831 last_latency=24.8s source=NTSB_ASRS:Pre2008
[22050/54218] ok=21841 last_latency=26.5s source=NTSB_ASRS:Pre2008
[22060/54218] ok=21851 last_latency=30.6s source=NTSB_ASRS:Pre2008
[22070/54218] ok=21861 last_latency=18.8s source=NTSB_ASRS:Pre2008
[22080/54218] ok=21871 last_latency=19.5s source=NTSB_ASRS:Pre2008
[22090/54218] ok=21881 last_latency=37.9s source=NTSB_ASRS:Pre2008
[22100/54218] ok=21891 last_latency=30.0s source=NTSB_ASRS:Pre2008
[22110/54218] ok=21901 last_latency=24.1s source=NTSB_ASRS:Pre2008
[22120/54218] ok=21910 last_latency=24.6s source=NTSB_ASRS:Pre2008
[22130/54218] ok=21920 last_latency=14.8s source=NTSB_ASRS:Pre2008
[22140/54218] ok=21929 last_latency=23.4s source=NTSB_ASRS:Pre2008
[22150/54218] ok=21939 last_latency=12.1s source=NTSB_ASRS:Pre2008
[22160/54218] ok=21949 last_latency=25.9s source=NTSB_ASRS:Pre2008
[22170/54218] ok=21959 last_latency=27.0s source=NTSB_ASRS:Pre2008
[22180/54218] ok=21969 last_latency=22.6s source=NTSB_ASRS:Pre2008
[22190/54218] ok=21979 last_latency=24.3s source=NTSB_ASRS:Pre2008
[22200/54218] ok=21989 last_latency=22.7s source=NTSB_ASRS:Pre2008
[22210/54218] ok=21999 last_latency=18.2s source=NTSB_ASRS:Pre2008
[22220/54218] ok=22009 last_latency=33.9s source=NTSB_ASRS:Pre2008
[22230/54218] ok=22019 last_latency=24.3s source=NTSB_ASRS:Pre2008
[22240/54218] ok=22029 last_latency=27.2s source=NTSB_ASRS:Pre2008
[22250/54218] ok=22039 last_latency=18.7s source=NTSB_ASRS:Pre2008
[22260/54218] ok=22049 last_latency=17.3s source=NTSB_ASRS:Pre2008
[22270/54218] ok=22059 last_latency=22.0s source=NTSB_ASRS:Pre2008
[22280/54218] ok=22069 last_latency=23.2s source=NTSB_ASRS:Pre2008
[22290/54218] ok=22079 last_latency=31.5s source=NTSB_ASRS:Pre2008
[22300/54218] ok=22089 last_latency=27.1s source=NTSB_ASRS:Pre2008
[22310/54218] ok=22099 last_latency=23.3s source=NTSB_ASRS:Pre2008
[22320/54218] ok=22109 last_latency=24.8s source=NTSB_ASRS:Pre2008
[22330/54218] ok=22118 last_latency=22.8s source=NTSB_ASRS:Pre2008
[22340/54218] ok=22128 last_latency=21.8s source=NTSB_ASRS:Pre2008
[22350/54218] ok=22137 last_latency=23.8s source=NTSB_ASRS:Pre2008
[22360/54218] ok=22147 last_latency=28.5s source=NTSB_ASRS:Pre2008
[22370/54218] ok=22157 last_latency=26.3s source=NTSB_ASRS:Pre2008
[22380/54218] ok=22167 last_latency=22.8s source=NTSB_ASRS:Pre2008
[22390/54218] ok=22177 last_latency=32.2s source=NTSB_ASRS:Pre2008
[22400/54218] ok=22187 last_latency=25.5s source=NTSB_ASRS:Pre2008
[22410/54218] ok=22197 last_latency=22.7s source=NTSB_ASRS:Pre2008
[22420/54218] ok=22207 last_latency=17.8s source=NTSB_ASRS:Pre2008
[22430/54218] ok=22217 last_latency=21.0s source=NTSB_ASRS:Pre2008
[22440/54218] ok=22227 last_latency=32.6s source=NTSB_ASRS:Pre2008
[22450/54218] ok=22237 last_latency=24.8s source=NTSB_ASRS:Pre2008
[22460/54218] ok=22247 last_latency=28.4s source=NTSB_ASRS:Pre2008
[22470/54218] ok=22257 last_latency=39.5s source=NTSB_ASRS:Pre2008
[22480/54218] ok=22267 last_latency=27.0s source=NTSB_ASRS:Pre2008
[22490/54218] ok=22277 last_latency=23.5s source=NTSB_ASRS:Pre2008
[22500/54218] ok=22287 last_latency=28.9s source=NTSB_ASRS:Pre2008
[22510/54218] ok=22297 last_latency=27.4s source=NTSB_ASRS:Pre2008
[22520/54218] ok=22307 last_latency=25.7s source=NTSB_ASRS:Pre2008
[22530/54218] ok=22317 last_latency=26.6s source=NTSB_ASRS:Pre2008
[22540/54218] ok=22327 last_latency=27.2s source=NTSB_ASRS:Pre2008
[22550/54218] ok=22337 last_latency=19.9s source=NTSB_ASRS:Pre2008
[22560/54218] ok=22347 last_latency=23.4s source=NTSB_ASRS:Pre2008
[22570/54218] ok=22357 last_latency=28.0s source=NTSB_ASRS:Pre2008
[22580/54218] ok=22367 last_latency=25.8s source=NTSB_ASRS:Pre2008
[22590/54218] ok=22377 last_latency=20.5s source=NTSB_ASRS:Pre2008
[22600/54218] ok=22387 last_latency=28.4s source=NTSB_ASRS:Pre2008
[22610/54218] ok=22397 last_latency=31.1s source=NTSB_ASRS:Pre2008
[22620/54218] ok=22407 last_latency=16.2s source=NTSB_ASRS:Pre2008
[22630/54218] ok=22417 last_latency=31.0s source=NTSB_ASRS:Pre2008
[22640/54218] ok=22427 last_latency=23.0s source=NTSB_ASRS:Pre2008
[22650/54218] ok=22437 last_latency=25.3s source=NTSB_ASRS:Pre2008
[22660/54218] ok=22447 last_latency=29.7s source=NTSB_ASRS:Pre2008
[22670/54218] ok=22457 last_latency=30.5s source=NTSB_ASRS:Pre2008
[22680/54218] ok=22467 last_latency=26.6s source=NTSB_ASRS:Pre2008
[22690/54218] ok=22477 last_latency=25.0s source=NTSB_ASRS:Pre2008
[22700/54218] ok=22487 last_latency=27.6s source=NTSB_ASRS:Pre2008
[22710/54218] ok=22496 last_latency=31.6s source=NTSB_ASRS:Pre2008
[22720/54218] ok=22506 last_latency=25.1s source=NTSB_ASRS:Pre2008
[22730/54218] ok=22516 last_latency=22.6s source=NTSB_ASRS:Pre2008
[22740/54218] ok=22526 last_latency=11.5s source=NTSB_ASRS:Pre2008
[22750/54218] ok=22536 last_latency=32.9s source=NTSB_ASRS:Pre2008
[22760/54218] ok=22546 last_latency=26.0s source=NTSB_ASRS:Pre2008
[22770/54218] ok=22556 last_latency=18.5s source=NTSB_ASRS:Pre2008
[22780/54218] ok=22566 last_latency=25.8s source=NTSB_ASRS:Pre2008
[22790/54218] ok=22575 last_latency=26.0s source=NTSB_ASRS:Pre2008
[22800/54218] ok=22583 last_latency=26.3s source=NTSB_ASRS:Pre2008
[22810/54218] ok=22593 last_latency=22.6s source=NTSB_ASRS:Pre2008
[22820/54218] ok=22603 last_latency=25.0s source=NTSB_ASRS:Pre2008
[22830/54218] ok=22613 last_latency=36.5s source=NTSB_ASRS:Pre2008
[22840/54218] ok=22623 last_latency=25.2s source=NTSB_ASRS:Pre2008
[22850/54218] ok=22633 last_latency=27.5s source=NTSB_ASRS:Pre2008
[22860/54218] ok=22643 last_latency=30.8s source=NTSB_ASRS:Pre2008
[22870/54218] ok=22653 last_latency=24.2s source=NTSB_ASRS:Pre2008
[22880/54218] ok=22663 last_latency=30.5s source=NTSB_ASRS:Pre2008
[22890/54218] ok=22672 last_latency=29.9s source=NTSB_ASRS:Pre2008
[22900/54218] ok=22682 last_latency=15.6s source=NTSB_ASRS:Pre2008
[22910/54218] ok=22692 last_latency=29.1s source=NTSB_ASRS:Pre2008
[22920/54218] ok=22702 last_latency=29.5s source=NTSB_ASRS:Pre2008
[22930/54218] ok=22712 last_latency=21.5s source=NTSB_ASRS:Pre2008
[22940/54218] ok=22722 last_latency=24.3s source=NTSB_ASRS:Pre2008
[22950/54218] ok=22732 last_latency=26.5s source=NTSB_ASRS:Pre2008
[22960/54218] ok=22741 last_latency=27.2s source=NTSB_ASRS:Pre2008
[22970/54218] ok=22751 last_latency=22.4s source=NTSB_ASRS:Pre2008
[22980/54218] ok=22761 last_latency=23.2s source=NTSB_ASRS:Pre2008
[22990/54218] ok=22771 last_latency=22.9s source=NTSB_ASRS:Pre2008
[23000/54218] ok=22781 last_latency=28.3s source=NTSB_ASRS:Pre2008
[23010/54218] ok=22791 last_latency=28.3s source=NTSB_ASRS:Pre2008
[23020/54218] ok=22800 last_latency=23.1s source=NTSB_ASRS:Pre2008
[23030/54218] ok=22810 last_latency=22.2s source=NTSB_ASRS:Pre2008
[23040/54218] ok=22820 last_latency=20.0s source=NTSB_ASRS:Pre2008
[23050/54218] ok=22830 last_latency=22.4s source=NTSB_ASRS:Pre2008
[23060/54218] ok=22840 last_latency=20.2s source=NTSB_ASRS:Pre2008
[23070/54218] ok=22850 last_latency=32.2s source=NTSB_ASRS:Pre2008
[23080/54218] ok=22860 last_latency=19.5s source=NTSB_ASRS:Pre2008
[23090/54218] ok=22870 last_latency=26.4s source=NTSB_ASRS:Pre2008
[23100/54218] ok=22880 last_latency=33.1s source=NTSB_ASRS:Pre2008
[23110/54218] ok=22890 last_latency=24.3s source=NTSB_ASRS:Pre2008
[23120/54218] ok=22898 last_latency=21.5s source=NTSB_ASRS:Pre2008
[23130/54218] ok=22908 last_latency=25.5s source=NTSB_ASRS:Pre2008
[23140/54218] ok=22918 last_latency=22.4s source=NTSB_ASRS:Pre2008
[23150/54218] ok=22927 last_latency=28.4s source=NTSB_ASRS:Pre2008
[23160/54218] ok=22937 last_latency=26.7s source=NTSB_ASRS:Pre2008
[23170/54218] ok=22947 last_latency=31.8s source=NTSB_ASRS:Pre2008
[23180/54218] ok=22957 last_latency=37.1s source=NTSB_ASRS:Pre2008
[23190/54218] ok=22967 last_latency=23.3s source=NTSB_ASRS:Pre2008
[23200/54218] ok=22977 last_latency=26.4s source=NTSB_ASRS:Pre2008
[23210/54218] ok=22987 last_latency=30.2s source=NTSB_ASRS:Pre2008
[23220/54218] ok=22997 last_latency=28.2s source=NTSB_ASRS:Pre2008
[23230/54218] ok=23007 last_latency=24.5s source=NTSB_ASRS:Pre2008
[23240/54218] ok=23016 last_latency=20.1s source=NTSB_ASRS:Pre2008
[23250/54218] ok=23026 last_latency=30.2s source=NTSB_ASRS:Pre2008
[23260/54218] ok=23035 last_latency=22.5s source=NTSB_ASRS:Pre2008
[23270/54218] ok=23045 last_latency=23.8s source=NTSB_ASRS:Pre2008
[23280/54218] ok=23055 last_latency=51.1s source=NTSB_ASRS:Pre2008
[23290/54218] ok=23064 last_latency=25.9s source=NTSB_ASRS:Pre2008
[23300/54218] ok=23074 last_latency=25.6s source=NTSB_ASRS:Pre2008
[23310/54218] ok=23084 last_latency=28.8s source=NTSB_ASRS:Pre2008
[23320/54218] ok=23093 last_latency=19.7s source=NTSB_ASRS:Pre2008
[23330/54218] ok=23103 last_latency=28.6s source=NTSB_ASRS:Pre2008
[23340/54218] ok=23112 last_latency=19.8s source=NTSB_ASRS:Pre2008
[23350/54218] ok=23122 last_latency=35.8s source=NTSB_ASRS:Pre2008
[23360/54218] ok=23132 last_latency=38.0s source=NTSB_ASRS:Pre2008
[23370/54218] ok=23142 last_latency=21.8s source=NTSB_ASRS:Pre2008
[23380/54218] ok=23152 last_latency=18.6s source=NTSB_ASRS:Pre2008
[23390/54218] ok=23162 last_latency=23.3s source=NTSB_ASRS:Pre2008
[23400/54218] ok=23172 last_latency=28.6s source=NTSB_ASRS:Pre2008
[23410/54218] ok=23182 last_latency=29.1s source=NTSB_ASRS:Pre2008
[23420/54218] ok=23192 last_latency=29.1s source=NTSB_ASRS:Pre2008
[23430/54218] ok=23202 last_latency=20.5s source=NTSB_ASRS:Pre2008
[23440/54218] ok=23211 last_latency=14.8s source=NTSB_ASRS:Pre2008
[23450/54218] ok=23221 last_latency=24.2s source=NTSB_ASRS:Pre2008
[23460/54218] ok=23231 last_latency=30.4s source=NTSB_ASRS:Pre2008
[23470/54218] ok=23241 last_latency=24.6s source=NTSB_ASRS:Pre2008
[23480/54218] ok=23251 last_latency=34.0s source=NTSB_ASRS:Pre2008
[23490/54218] ok=23261 last_latency=22.3s source=NTSB_ASRS:Pre2008
[23500/54218] ok=23271 last_latency=28.8s source=NTSB_ASRS:Pre2008
[23510/54218] ok=23281 last_latency=26.4s source=NTSB_ASRS:Pre2008
[23520/54218] ok=23291 last_latency=24.5s source=NTSB_ASRS:Pre2008
[23530/54218] ok=23301 last_latency=21.4s source=NTSB_ASRS:Pre2008
[23540/54218] ok=23311 last_latency=25.4s source=NTSB_ASRS:Pre2008
[23550/54218] ok=23321 last_latency=23.3s source=NTSB_ASRS:Pre2008
[23560/54218] ok=23331 last_latency=23.1s source=NTSB_ASRS:Pre2008
[23570/54218] ok=23341 last_latency=30.6s source=NTSB_ASRS:Pre2008
[23580/54218] ok=23351 last_latency=31.6s source=NTSB_ASRS:Pre2008
[23590/54218] ok=23361 last_latency=32.1s source=NTSB_ASRS:Pre2008
[23600/54218] ok=23370 last_latency=38.7s source=NTSB_ASRS:Pre2008
[23610/54218] ok=23380 last_latency=25.0s source=NTSB_ASRS:Pre2008
[23620/54218] ok=23390 last_latency=20.6s source=NTSB_ASRS:Pre2008
[23630/54218] ok=23400 last_latency=21.9s source=NTSB_ASRS:Pre2008
[23640/54218] ok=23410 last_latency=26.4s source=NTSB_ASRS:Pre2008
[23650/54218] ok=23420 last_latency=27.4s source=NTSB_ASRS:Pre2008
[23660/54218] ok=23430 last_latency=26.7s source=NTSB_ASRS:Pre2008
[23670/54218] ok=23440 last_latency=24.3s source=NTSB_ASRS:Pre2008
[23680/54218] ok=23450 last_latency=25.3s source=NTSB_ASRS:Pre2008
[23690/54218] ok=23460 last_latency=24.2s source=NTSB_ASRS:Pre2008
[23700/54218] ok=23470 last_latency=29.0s source=NTSB_ASRS:Pre2008
[23710/54218] ok=23480 last_latency=17.5s source=NTSB_ASRS:Pre2008
[23720/54218] ok=23490 last_latency=24.6s source=NTSB_ASRS:Pre2008
[23730/54218] ok=23500 last_latency=17.2s source=NTSB_ASRS:Pre2008
[23740/54218] ok=23510 last_latency=27.1s source=NTSB_ASRS:Pre2008
[23750/54218] ok=23520 last_latency=33.4s source=NTSB_ASRS:Pre2008
[23760/54218] ok=23530 last_latency=11.9s source=NTSB_ASRS:Pre2008
[23770/54218] ok=23540 last_latency=16.1s source=NTSB_ASRS:Pre2008
[23780/54218] ok=23550 last_latency=24.4s source=NTSB_ASRS:Pre2008
[23790/54218] ok=23560 last_latency=25.5s source=NTSB_ASRS:Pre2008
[23800/54218] ok=23570 last_latency=27.0s source=NTSB_ASRS:Pre2008
[23810/54218] ok=23580 last_latency=27.0s source=NTSB_ASRS:Pre2008
[23820/54218] ok=23590 last_latency=23.0s source=NTSB_ASRS:Pre2008
[23830/54218] ok=23600 last_latency=18.3s source=NTSB_ASRS:Pre2008
[23840/54218] ok=23610 last_latency=21.8s source=NTSB_ASRS:Pre2008
[23850/54218] ok=23620 last_latency=32.7s source=NTSB_ASRS:Pre2008
[23860/54218] ok=23630 last_latency=23.1s source=NTSB_ASRS:Pre2008
[23870/54218] ok=23640 last_latency=19.5s source=NTSB_ASRS:Pre2008
[23880/54218] ok=23650 last_latency=22.7s source=NTSB_ASRS:Pre2008
[23890/54218] ok=23659 last_latency=24.0s source=NTSB_ASRS:Pre2008
[23900/54218] ok=23669 last_latency=28.8s source=NTSB_ASRS:Pre2008
[23910/54218] ok=23679 last_latency=25.9s source=NTSB_ASRS:Pre2008
[23920/54218] ok=23688 last_latency=22.0s source=NTSB_ASRS:Pre2008
[23930/54218] ok=23698 last_latency=23.2s source=NTSB_ASRS:Pre2008
[23940/54218] ok=23708 last_latency=19.7s source=NTSB_ASRS:Pre2008
[23950/54218] ok=23718 last_latency=25.9s source=NTSB_ASRS:Pre2008
[23960/54218] ok=23728 last_latency=20.9s source=NTSB_ASRS:Pre2008
[23970/54218] ok=23738 last_latency=47.8s source=NTSB_ASRS:Pre2008
[23980/54218] ok=23748 last_latency=34.6s source=NTSB_ASRS:Pre2008
[23990/54218] ok=23758 last_latency=20.2s source=NTSB_ASRS:Pre2008
[24000/54218] ok=23768 last_latency=22.2s source=NTSB_ASRS:Pre2008
[24010/54218] ok=23778 last_latency=29.0s source=NTSB_ASRS:Pre2008
[24020/54218] ok=23788 last_latency=17.1s source=NTSB_ASRS:Pre2008
[24030/54218] ok=23798 last_latency=24.9s source=NTSB_ASRS:Pre2008
[24040/54218] ok=23808 last_latency=40.4s source=NTSB_ASRS:Pre2008
[24050/54218] ok=23818 last_latency=25.1s source=NTSB_ASRS:Pre2008
[24060/54218] ok=23828 last_latency=22.9s source=NTSB_ASRS:Pre2008
[24070/54218] ok=23838 last_latency=19.8s source=NTSB_ASRS:Pre2008
[24080/54218] ok=23848 last_latency=25.4s source=NTSB_ASRS:Pre2008
[24090/54218] ok=23858 last_latency=33.4s source=NTSB_ASRS:Pre2008
[24100/54218] ok=23868 last_latency=29.6s source=NTSB_ASRS:Pre2008
[24110/54218] ok=23878 last_latency=21.1s source=NTSB_ASRS:Pre2008
[24120/54218] ok=23887 last_latency=21.0s source=NTSB_ASRS:Pre2008
[24130/54218] ok=23896 last_latency=23.1s source=NTSB_ASRS:Pre2008
[24140/54218] ok=23906 last_latency=12.2s source=NTSB_ASRS:Pre2008
[24150/54218] ok=23916 last_latency=29.4s source=NTSB_ASRS:Pre2008
[24160/54218] ok=23926 last_latency=29.5s source=NTSB_ASRS:Pre2008
[24170/54218] ok=23936 last_latency=24.0s source=NTSB_ASRS:Pre2008
[24180/54218] ok=23946 last_latency=25.9s source=NTSB_ASRS:Pre2008
[24190/54218] ok=23956 last_latency=22.4s source=NTSB_ASRS:Pre2008
[24200/54218] ok=23965 last_latency=37.6s source=NTSB_ASRS:Pre2008
[24210/54218] ok=23974 last_latency=32.5s source=NTSB_ASRS:Pre2008
[24220/54218] ok=23984 last_latency=13.3s source=NTSB_ASRS:Pre2008
[24230/54218] ok=23994 last_latency=18.6s source=NTSB_ASRS:Pre2008
[24240/54218] ok=24004 last_latency=19.5s source=NTSB_ASRS:Pre2008
[24250/54218] ok=24014 last_latency=21.1s source=NTSB_ASRS:Pre2008
[24260/54218] ok=24024 last_latency=16.1s source=NTSB_ASRS:avall
[24270/54218] ok=24034 last_latency=14.1s source=NTSB_ASRS:avall
[24280/54218] ok=24044 last_latency=20.1s source=NTSB_ASRS:Pre2008
[24290/54218] ok=24054 last_latency=19.5s source=NTSB_ASRS:Pre2008
[24300/54218] ok=24064 last_latency=23.4s source=NTSB_ASRS:Pre2008
[24310/54218] ok=24074 last_latency=26.4s source=NTSB_ASRS:Pre2008
[24320/54218] ok=24084 last_latency=23.0s source=NTSB_ASRS:avall
[24330/54218] ok=24094 last_latency=27.6s source=NTSB_ASRS:Pre2008
[24340/54218] ok=24104 last_latency=30.3s source=NTSB_ASRS:Pre2008
[24350/54218] ok=24114 last_latency=25.0s source=NTSB_ASRS:avall
[24360/54218] ok=24124 last_latency=24.2s source=NTSB_ASRS:Pre2008
[24370/54218] ok=24134 last_latency=17.9s source=NTSB_ASRS:avall
[24380/54218] ok=24144 last_latency=27.6s source=NTSB_ASRS:avall
[24390/54218] ok=24154 last_latency=28.2s source=NTSB_ASRS:avall
[24400/54218] ok=24164 last_latency=26.7s source=NTSB_ASRS:avall
[24410/54218] ok=24174 last_latency=26.9s source=NTSB_ASRS:Pre2008
[24420/54218] ok=24184 last_latency=24.4s source=NTSB_ASRS:avall
[24430/54218] ok=24194 last_latency=34.6s source=NTSB_ASRS:Pre2008
[24440/54218] ok=24204 last_latency=27.1s source=NTSB_ASRS:avall
[24450/54218] ok=24214 last_latency=49.7s source=NTSB_ASRS:avall
[24460/54218] ok=24224 last_latency=18.2s source=NTSB_ASRS:avall
[24470/54218] ok=24234 last_latency=19.3s source=NTSB_ASRS:avall
[24480/54218] ok=24244 last_latency=23.9s source=NTSB_ASRS:avall
[24490/54218] ok=24254 last_latency=21.2s source=NTSB_ASRS:avall
[24500/54218] ok=24264 last_latency=26.1s source=NTSB_ASRS:avall
[24510/54218] ok=24274 last_latency=30.6s source=NTSB_ASRS:avall
[24520/54218] ok=24284 last_latency=25.9s source=NTSB_ASRS:avall
[24530/54218] ok=24294 last_latency=26.2s source=NTSB_ASRS:avall
[24540/54218] ok=24304 last_latency=32.9s source=NTSB_ASRS:avall
[24550/54218] ok=24314 last_latency=20.3s source=NTSB_ASRS:avall
[24560/54218] ok=24323 last_latency=14.9s source=NTSB_ASRS:avall
[24570/54218] ok=24333 last_latency=23.9s source=NTSB_ASRS:avall
[24580/54218] ok=24343 last_latency=29.2s source=NTSB_ASRS:avall
[24590/54218] ok=24353 last_latency=34.8s source=NTSB_ASRS:avall
[24600/54218] ok=24363 last_latency=22.5s source=NTSB_ASRS:avall
[24610/54218] ok=24373 last_latency=18.4s source=NTSB_ASRS:avall
[24620/54218] ok=24383 last_latency=23.9s source=NTSB_ASRS:avall
[24630/54218] ok=24393 last_latency=29.1s source=NTSB_ASRS:avall
[24640/54218] ok=24403 last_latency=25.9s source=NTSB_ASRS:avall
[24650/54218] ok=24413 last_latency=32.6s source=NTSB_ASRS:avall
[24660/54218] ok=24423 last_latency=25.5s source=NTSB_ASRS:avall
[24670/54218] ok=24432 last_latency=27.7s source=NTSB_ASRS:avall
[24680/54218] ok=24442 last_latency=28.9s source=NTSB_ASRS:avall
[24690/54218] ok=24452 last_latency=23.0s source=NTSB_ASRS:avall
[24700/54218] ok=24462 last_latency=22.9s source=NTSB_ASRS:avall
[24710/54218] ok=24472 last_latency=34.3s source=NTSB_ASRS:avall
[24720/54218] ok=24482 last_latency=22.7s source=NTSB_ASRS:avall
[24730/54218] ok=24492 last_latency=23.9s source=NTSB_ASRS:avall
[24740/54218] ok=24502 last_latency=15.8s source=NTSB_ASRS:avall
[24750/54218] ok=24512 last_latency=18.6s source=NTSB_ASRS:avall
[24760/54218] ok=24522 last_latency=29.2s source=NTSB_ASRS:avall
[24770/54218] ok=24532 last_latency=26.7s source=NTSB_ASRS:avall
[24780/54218] ok=24542 last_latency=29.2s source=NTSB_ASRS:avall
[24790/54218] ok=24552 last_latency=22.8s source=NTSB_ASRS:avall
[24800/54218] ok=24562 last_latency=30.7s source=NTSB_ASRS:avall
[24810/54218] ok=24572 last_latency=18.4s source=NTSB_ASRS:avall
[24820/54218] ok=24582 last_latency=24.8s source=NTSB_ASRS:avall
[24830/54218] ok=24592 last_latency=27.1s source=NTSB_ASRS:avall
[24840/54218] ok=24602 last_latency=27.4s source=NTSB_ASRS:avall
[24850/54218] ok=24612 last_latency=26.0s source=NTSB_ASRS:avall
[24860/54218] ok=24622 last_latency=31.6s source=NTSB_ASRS:avall
[24870/54218] ok=24632 last_latency=24.8s source=NTSB_ASRS:avall
[24880/54218] ok=24642 last_latency=23.2s source=NTSB_ASRS:avall
[24890/54218] ok=24652 last_latency=18.2s source=NTSB_ASRS:avall
[24900/54218] ok=24662 last_latency=25.9s source=NTSB_ASRS:avall
[24910/54218] ok=24672 last_latency=17.9s source=NTSB_ASRS:avall
[24920/54218] ok=24682 last_latency=33.8s source=NTSB_ASRS:avall
[24930/54218] ok=24692 last_latency=27.2s source=NTSB_ASRS:avall
[24940/54218] ok=24702 last_latency=24.4s source=NTSB_ASRS:avall
[24950/54218] ok=24712 last_latency=31.5s source=NTSB_ASRS:avall
[24960/54218] ok=24722 last_latency=34.2s source=NTSB_ASRS:avall
[24970/54218] ok=24732 last_latency=22.9s source=NTSB_ASRS:avall
[24980/54218] ok=24742 last_latency=26.0s source=NTSB_ASRS:avall
[24990/54218] ok=24752 last_latency=30.6s source=NTSB_ASRS:avall
[25000/54218] ok=24762 last_latency=32.9s source=NTSB_ASRS:avall
[25010/54218] ok=24772 last_latency=20.6s source=NTSB_ASRS:avall
[25020/54218] ok=24782 last_latency=25.1s source=NTSB_ASRS:avall
[25030/54218] ok=24792 last_latency=26.9s source=NTSB_ASRS:avall
[25040/54218] ok=24802 last_latency=23.5s source=NTSB_ASRS:avall
[25050/54218] ok=24812 last_latency=24.5s source=NTSB_ASRS:avall
[25060/54218] ok=24822 last_latency=24.9s source=NTSB_ASRS:avall
[25070/54218] ok=24832 last_latency=18.4s source=NTSB_ASRS:avall
[25080/54218] ok=24842 last_latency=36.8s source=NTSB_ASRS:avall
[25090/54218] ok=24852 last_latency=29.2s source=NTSB_ASRS:avall
[25100/54218] ok=24862 last_latency=20.4s source=NTSB_ASRS:avall
[25110/54218] ok=24872 last_latency=22.3s source=NTSB_ASRS:avall
[25120/54218] ok=24882 last_latency=28.9s source=NTSB_ASRS:avall
[25130/54218] ok=24892 last_latency=22.3s source=NTSB_ASRS:avall
[25140/54218] ok=24902 last_latency=30.0s source=NTSB_ASRS:avall
[25150/54218] ok=24912 last_latency=29.2s source=NTSB_ASRS:avall
[25160/54218] ok=24922 last_latency=26.8s source=NTSB_ASRS:avall
[25170/54218] ok=24931 last_latency=20.6s source=NTSB_ASRS:avall
[25180/54218] ok=24941 last_latency=18.2s source=NTSB_ASRS:avall
[25190/54218] ok=24951 last_latency=25.2s source=NTSB_ASRS:avall
[25200/54218] ok=24961 last_latency=30.0s source=NTSB_ASRS:avall
[25210/54218] ok=24971 last_latency=26.0s source=NTSB_ASRS:avall
[25220/54218] ok=24981 last_latency=27.8s source=NTSB_ASRS:avall
[25230/54218] ok=24991 last_latency=22.4s source=NTSB_ASRS:avall
[25240/54218] ok=25001 last_latency=27.4s source=NTSB_ASRS:avall
[25250/54218] ok=25011 last_latency=25.5s source=NTSB_ASRS:avall
[25260/54218] ok=25021 last_latency=23.7s source=NTSB_ASRS:avall
[25270/54218] ok=25031 last_latency=21.9s source=NTSB_ASRS:avall
[25280/54218] ok=25041 last_latency=32.6s source=NTSB_ASRS:avall
[25290/54218] ok=25051 last_latency=27.0s source=NTSB_ASRS:avall
[25300/54218] ok=25061 last_latency=22.7s source=NTSB_ASRS:avall
[25310/54218] ok=25071 last_latency=28.6s source=NTSB_ASRS:avall
[25320/54218] ok=25080 last_latency=24.8s source=NTSB_ASRS:avall
[25330/54218] ok=25090 last_latency=35.6s source=NTSB_ASRS:avall
[25340/54218] ok=25100 last_latency=30.8s source=NTSB_ASRS:avall
[25350/54218] ok=25110 last_latency=28.0s source=NTSB_ASRS:avall
[25360/54218] ok=25120 last_latency=34.2s source=NTSB_ASRS:avall
[25370/54218] ok=25130 last_latency=29.1s source=NTSB_ASRS:avall
[25380/54218] ok=25140 last_latency=36.1s source=NTSB_ASRS:avall
[25390/54218] ok=25150 last_latency=15.4s source=NTSB_ASRS:avall
[25400/54218] ok=25160 last_latency=19.9s source=NTSB_ASRS:avall
[25410/54218] ok=25170 last_latency=21.6s source=NTSB_ASRS:avall
[25420/54218] ok=25180 last_latency=35.5s source=NTSB_ASRS:avall
[25430/54218] ok=25190 last_latency=24.7s source=NTSB_ASRS:avall
[25440/54218] ok=25200 last_latency=20.8s source=NTSB_ASRS:avall
[25450/54218] ok=25210 last_latency=31.3s source=NTSB_ASRS:avall
[25460/54218] ok=25220 last_latency=24.3s source=NTSB_ASRS:avall
[25470/54218] ok=25230 last_latency=31.0s source=NTSB_ASRS:avall
[25480/54218] ok=25240 last_latency=36.2s source=NTSB_ASRS:avall
[25490/54218] ok=25249 last_latency=21.3s source=NTSB_ASRS:avall
[25500/54218] ok=25259 last_latency=25.8s source=NTSB_ASRS:avall
[25510/54218] ok=25269 last_latency=26.9s source=NTSB_ASRS:avall
[25520/54218] ok=25279 last_latency=24.9s source=NTSB_ASRS:avall
[25530/54218] ok=25289 last_latency=25.0s source=NTSB_ASRS:avall
[25540/54218] ok=25299 last_latency=30.3s source=NTSB_ASRS:avall
[25550/54218] ok=25309 last_latency=13.8s source=NTSB_ASRS:avall
[25560/54218] ok=25319 last_latency=31.2s source=NTSB_ASRS:avall
[25570/54218] ok=25329 last_latency=30.5s source=NTSB_ASRS:avall
[25580/54218] ok=25339 last_latency=22.4s source=NTSB_ASRS:avall
[25590/54218] ok=25348 last_latency=18.1s source=NTSB_ASRS:avall
[25600/54218] ok=25358 last_latency=26.4s source=NTSB_ASRS:avall
[25610/54218] ok=25368 last_latency=27.7s source=NTSB_ASRS:avall
[25620/54218] ok=25378 last_latency=25.4s source=NTSB_ASRS:avall
[25630/54218] ok=25388 last_latency=23.9s source=NTSB_ASRS:avall
[25640/54218] ok=25398 last_latency=28.9s source=NTSB_ASRS:avall
[25650/54218] ok=25408 last_latency=21.3s source=NTSB_ASRS:avall
[25660/54218] ok=25418 last_latency=20.4s source=NTSB_ASRS:avall
[25670/54218] ok=25428 last_latency=22.4s source=NTSB_ASRS:avall
[25680/54218] ok=25438 last_latency=23.4s source=NTSB_ASRS:avall
[25690/54218] ok=25448 last_latency=28.5s source=NTSB_ASRS:avall
[25700/54218] ok=25458 last_latency=32.4s source=NTSB_ASRS:avall
[25710/54218] ok=25468 last_latency=34.0s source=NTSB_ASRS:avall
[25720/54218] ok=25478 last_latency=8.6s source=NTSB_ASRS:avall
[25730/54218] ok=25488 last_latency=26.1s source=NTSB_ASRS:avall
[25740/54218] ok=25498 last_latency=26.2s source=NTSB_ASRS:avall
[25750/54218] ok=25508 last_latency=35.5s source=NTSB_ASRS:avall
[25760/54218] ok=25518 last_latency=24.9s source=NTSB_ASRS:avall
[25770/54218] ok=25528 last_latency=29.1s source=NTSB_ASRS:avall
[25780/54218] ok=25538 last_latency=38.9s source=NTSB_ASRS:avall
[25790/54218] ok=25548 last_latency=32.8s source=NTSB_ASRS:avall
[25800/54218] ok=25558 last_latency=25.9s source=NTSB_ASRS:avall
[25810/54218] ok=25568 last_latency=24.1s source=NTSB_ASRS:avall
[25820/54218] ok=25578 last_latency=27.0s source=NTSB_ASRS:avall
[25830/54218] ok=25588 last_latency=23.9s source=NTSB_ASRS:avall
[25840/54218] ok=25598 last_latency=14.5s source=NTSB_ASRS:avall
[25850/54218] ok=25608 last_latency=24.7s source=NTSB_ASRS:avall
[25860/54218] ok=25618 last_latency=30.2s source=NTSB_ASRS:avall
[25870/54218] ok=25628 last_latency=20.1s source=NTSB_ASRS:avall
[25880/54218] ok=25638 last_latency=31.9s source=NTSB_ASRS:avall
[25890/54218] ok=25648 last_latency=22.1s source=NTSB_ASRS:avall
[25900/54218] ok=25658 last_latency=23.7s source=NTSB_ASRS:avall
[25910/54218] ok=25668 last_latency=21.8s source=NTSB_ASRS:avall
[25920/54218] ok=25678 last_latency=30.0s source=NTSB_ASRS:avall
[25930/54218] ok=25688 last_latency=21.0s source=NTSB_ASRS:avall
[25940/54218] ok=25698 last_latency=22.1s source=NTSB_ASRS:avall
[25950/54218] ok=25708 last_latency=27.6s source=NTSB_ASRS:avall
[25960/54218] ok=25718 last_latency=29.9s source=NTSB_ASRS:avall
[25970/54218] ok=25728 last_latency=18.3s source=NTSB_ASRS:avall
[25980/54218] ok=25738 last_latency=26.3s source=NTSB_ASRS:avall
[25990/54218] ok=25748 last_latency=24.5s source=NTSB_ASRS:avall
[26000/54218] ok=25758 last_latency=22.3s source=NTSB_ASRS:avall
[26010/54218] ok=25768 last_latency=22.4s source=NTSB_ASRS:avall
[26020/54218] ok=25777 last_latency=22.9s source=NTSB_ASRS:avall
[26030/54218] ok=25787 last_latency=23.8s source=NTSB_ASRS:avall
[26040/54218] ok=25797 last_latency=29.1s source=NTSB_ASRS:avall
[26050/54218] ok=25807 last_latency=34.2s source=NTSB_ASRS:avall
[26060/54218] ok=25817 last_latency=25.6s source=NTSB_ASRS:avall
[26070/54218] ok=25827 last_latency=23.6s source=NTSB_ASRS:avall
[26080/54218] ok=25837 last_latency=22.3s source=NTSB_ASRS:avall
[26090/54218] ok=25847 last_latency=20.9s source=NTSB_ASRS:avall
[26100/54218] ok=25857 last_latency=27.6s source=NTSB_ASRS:avall
[26110/54218] ok=25867 last_latency=22.5s source=NTSB_ASRS:avall
[26120/54218] ok=25877 last_latency=18.0s source=NTSB_ASRS:avall
[26130/54218] ok=25887 last_latency=26.0s source=NTSB_ASRS:avall
[26140/54218] ok=25897 last_latency=22.2s source=NTSB_ASRS:avall
[26150/54218] ok=25907 last_latency=30.9s source=NTSB_ASRS:avall
[26160/54218] ok=25917 last_latency=23.8s source=NTSB_ASRS:avall
[26170/54218] ok=25927 last_latency=22.0s source=NTSB_ASRS:avall
[26180/54218] ok=25937 last_latency=23.7s source=NTSB_ASRS:avall
[26190/54218] ok=25947 last_latency=25.3s source=NTSB_ASRS:avall
[26200/54218] ok=25957 last_latency=26.3s source=NTSB_ASRS:avall
[26210/54218] ok=25967 last_latency=26.1s source=NTSB_ASRS:avall
[26220/54218] ok=25977 last_latency=26.2s source=NTSB_ASRS:avall
[26230/54218] ok=25986 last_latency=30.8s source=NTSB_ASRS:avall
[26240/54218] ok=25996 last_latency=24.0s source=NTSB_ASRS:avall
[26250/54218] ok=26006 last_latency=19.8s source=NTSB_ASRS:avall
[26260/54218] ok=26016 last_latency=27.5s source=NTSB_ASRS:avall
[26270/54218] ok=26026 last_latency=29.4s source=NTSB_ASRS:avall
[26280/54218] ok=26036 last_latency=26.2s source=NTSB_ASRS:avall
[26290/54218] ok=26046 last_latency=26.8s source=NTSB_ASRS:avall
[26300/54218] ok=26056 last_latency=26.4s source=NTSB_ASRS:avall
[26310/54218] ok=26066 last_latency=25.0s source=NTSB_ASRS:avall
[26320/54218] ok=26076 last_latency=22.8s source=NTSB_ASRS:avall
[26330/54218] ok=26086 last_latency=33.2s source=NTSB_ASRS:avall
[26340/54218] ok=26096 last_latency=20.1s source=NTSB_ASRS:avall
[26350/54218] ok=26106 last_latency=37.4s source=NTSB_ASRS:avall
[26360/54218] ok=26116 last_latency=30.3s source=NTSB_ASRS:avall
[26370/54218] ok=26126 last_latency=28.3s source=NTSB_ASRS:avall
