=== Sun Jul  5 01:17:34 AM CDT 2026 waiting for replica on :8001 ===
replica ready after 60s
=== Sun Jul  5 01:18:31 AM CDT 2026 Phase 3: full v4 grounded extraction (replica :8001) ===
guided_json: enforcing schema schema_v4.json
loaded 56202 records to extract
supervision=grounded: structured data joined for 56202/56202 records (others run narrative-only)
[10/56202] ok=10 retried=0 last_latency=21.4s source=NTSB_ASRS:Pre2008
[20/56202] ok=20 retried=0 last_latency=12.4s source=NTSB_ASRS:Pre2008
[30/56202] ok=29 retried=0 last_latency=18.3s source=NTSB_ASRS:Pre2008
[40/56202] ok=39 retried=0 last_latency=11.0s source=NTSB_ASRS:Pre2008
[50/56202] ok=49 retried=0 last_latency=10.9s source=NTSB_ASRS:Pre2008
[60/56202] ok=59 retried=1 last_latency=11.4s source=NTSB_ASRS:Pre2008
[70/56202] ok=69 retried=1 last_latency=16.7s source=NTSB_ASRS:Pre2008
[80/56202] ok=79 retried=1 last_latency=15.1s source=NTSB_ASRS:Pre2008
[90/56202] ok=89 retried=1 last_latency=12.3s source=NTSB_ASRS:Pre2008
[100/56202] ok=99 retried=1 last_latency=14.2s source=NTSB_ASRS:Pre2008
[110/56202] ok=109 retried=1 last_latency=23.1s source=NTSB_ASRS:Pre2008
[120/56202] ok=118 retried=1 last_latency=10.3s source=NTSB_ASRS:Pre2008
[130/56202] ok=128 retried=1 last_latency=14.8s source=NTSB_ASRS:Pre2008
[140/56202] ok=138 retried=1 last_latency=24.1s source=NTSB_ASRS:Pre2008
[150/56202] ok=148 retried=1 last_latency=14.2s source=NTSB_ASRS:Pre2008
[160/56202] ok=158 retried=2 last_latency=19.9s source=NTSB_ASRS:Pre2008
[170/56202] ok=168 retried=2 last_latency=15.0s source=NTSB_ASRS:Pre2008
[180/56202] ok=178 retried=2 last_latency=14.9s source=NTSB_ASRS:Pre2008
[190/56202] ok=187 retried=2 last_latency=4.8s source=NTSB_ASRS:Pre2008
[200/56202] ok=196 retried=2 last_latency=9.4s source=NTSB_ASRS:Pre2008
[210/56202] ok=206 retried=2 last_latency=8.6s source=NTSB_ASRS:Pre2008
[220/56202] ok=216 retried=2 last_latency=14.3s source=NTSB_ASRS:Pre2008
[230/56202] ok=225 retried=2 last_latency=18.1s source=NTSB_ASRS:Pre2008
[240/56202] ok=235 retried=2 last_latency=8.6s source=NTSB_ASRS:Pre2008
[250/56202] ok=245 retried=2 last_latency=18.7s source=NTSB_ASRS:Pre2008
[260/56202] ok=255 retried=2 last_latency=8.6s source=NTSB_ASRS:Pre2008
[270/56202] ok=265 retried=2 last_latency=16.4s source=NTSB_ASRS:Pre2008
[280/56202] ok=274 retried=2 last_latency=17.8s source=NTSB_ASRS:Pre2008
[290/56202] ok=283 retried=2 last_latency=11.1s source=NTSB_ASRS:Pre2008
[300/56202] ok=293 retried=2 last_latency=12.3s source=NTSB_ASRS:Pre2008
[310/56202] ok=303 retried=2 last_latency=13.1s source=NTSB_ASRS:Pre2008
[320/56202] ok=313 retried=2 last_latency=16.8s source=NTSB_ASRS:Pre2008
[330/56202] ok=323 retried=2 last_latency=11.0s source=NTSB_ASRS:Pre2008
[340/56202] ok=332 retried=2 last_latency=14.3s source=NTSB_ASRS:Pre2008
[350/56202] ok=342 retried=2 last_latency=10.4s source=NTSB_ASRS:Pre2008
[360/56202] ok=352 retried=2 last_latency=14.4s source=NTSB_ASRS:Pre2008
[370/56202] ok=362 retried=2 last_latency=8.8s source=NTSB_ASRS:Pre2008
[380/56202] ok=372 retried=2 last_latency=16.4s source=NTSB_ASRS:Pre2008
[390/56202] ok=381 retried=2 last_latency=9.1s source=NTSB_ASRS:Pre2008
[400/56202] ok=391 retried=2 last_latency=20.1s source=NTSB_ASRS:Pre2008
[410/56202] ok=401 retried=2 last_latency=11.6s source=NTSB_ASRS:Pre2008
[420/56202] ok=411 retried=2 last_latency=22.3s source=NTSB_ASRS:Pre2008
[430/56202] ok=421 retried=2 last_latency=13.0s source=NTSB_ASRS:Pre2008
[440/56202] ok=431 retried=2 last_latency=16.3s source=NTSB_ASRS:Pre2008
[450/56202] ok=440 retried=2 last_latency=12.0s source=NTSB_ASRS:Pre2008
[460/56202] ok=450 retried=2 last_latency=17.1s source=NTSB_ASRS:Pre2008
[470/56202] ok=459 retried=2 last_latency=16.2s source=NTSB_ASRS:Pre2008
[480/56202] ok=469 retried=3 last_latency=14.1s source=NTSB_ASRS:Pre2008
[490/56202] ok=478 retried=3 last_latency=6.9s source=NTSB_ASRS:Pre2008
[500/56202] ok=488 retried=3 last_latency=8.6s source=NTSB_ASRS:Pre2008
[510/56202] ok=498 retried=3 last_latency=14.3s source=NTSB_ASRS:Pre2008
[520/56202] ok=508 retried=3 last_latency=16.6s source=NTSB_ASRS:Pre2008
[530/56202] ok=517 retried=3 last_latency=17.5s source=NTSB_ASRS:Pre2008
[540/56202] ok=527 retried=3 last_latency=11.7s source=NTSB_ASRS:Pre2008
[550/56202] ok=536 retried=3 last_latency=13.9s source=NTSB_ASRS:Pre2008
[560/56202] ok=546 retried=5 last_latency=18.7s source=NTSB_ASRS:Pre2008
[570/56202] ok=556 retried=5 last_latency=17.5s source=NTSB_ASRS:Pre2008
[580/56202] ok=566 retried=5 last_latency=13.1s source=NTSB_ASRS:Pre2008
[590/56202] ok=576 retried=5 last_latency=17.5s source=NTSB_ASRS:Pre2008
[600/56202] ok=586 retried=6 last_latency=17.0s source=NTSB_ASRS:Pre2008
[610/56202] ok=595 retried=6 last_latency=9.5s source=NTSB_ASRS:Pre2008
[620/56202] ok=602 retried=6 last_latency=10.1s source=NTSB_ASRS:Pre2008
[630/56202] ok=612 retried=7 last_latency=16.8s source=NTSB_ASRS:Pre2008
[640/56202] ok=622 retried=7 last_latency=12.0s source=NTSB_ASRS:Pre2008
[650/56202] ok=631 retried=7 last_latency=10.3s source=NTSB_ASRS:Pre2008
[660/56202] ok=641 retried=7 last_latency=11.8s source=NTSB_ASRS:Pre2008
[670/56202] ok=650 retried=7 last_latency=11.6s source=NTSB_ASRS:Pre2008
[680/56202] ok=660 retried=7 last_latency=14.1s source=NTSB_ASRS:Pre2008
[690/56202] ok=668 retried=7 last_latency=11.7s source=NTSB_ASRS:Pre2008
[700/56202] ok=677 retried=7 last_latency=8.0s source=NTSB_ASRS:Pre2008
[710/56202] ok=687 retried=7 last_latency=8.3s source=NTSB_ASRS:Pre2008
[720/56202] ok=697 retried=7 last_latency=7.4s source=NTSB_ASRS:Pre2008
[730/56202] ok=707 retried=7 last_latency=5.1s source=NTSB_ASRS:Pre2008
[740/56202] ok=716 retried=7 last_latency=14.9s source=NTSB_ASRS:Pre2008
[750/56202] ok=726 retried=7 last_latency=14.6s source=NTSB_ASRS:Pre2008
[760/56202] ok=735 retried=7 last_latency=43.6s source=NTSB_ASRS:Pre2008
[770/56202] ok=744 retried=7 last_latency=8.9s source=NTSB_ASRS:Pre2008
[780/56202] ok=754 retried=7 last_latency=18.1s source=NTSB_ASRS:Pre2008
[790/56202] ok=762 retried=7 last_latency=21.6s source=NTSB_ASRS:Pre2008
[800/56202] ok=771 retried=7 last_latency=13.3s source=NTSB_ASRS:Pre2008
[810/56202] ok=781 retried=7 last_latency=15.1s source=NTSB_ASRS:Pre2008
[820/56202] ok=791 retried=7 last_latency=13.1s source=NTSB_ASRS:Pre2008
[830/56202] ok=800 retried=7 last_latency=11.2s source=NTSB_ASRS:Pre2008
[840/56202] ok=810 retried=7 last_latency=19.9s source=NTSB_ASRS:Pre2008
[850/56202] ok=820 retried=8 last_latency=13.6s source=NTSB_ASRS:Pre2008
[860/56202] ok=829 retried=9 last_latency=25.8s source=NTSB_ASRS:Pre2008
[870/56202] ok=838 retried=9 last_latency=15.3s source=NTSB_ASRS:Pre2008
[880/56202] ok=848 retried=9 last_latency=17.6s source=NTSB_ASRS:Pre2008
[890/56202] ok=858 retried=9 last_latency=13.7s source=NTSB_ASRS:Pre2008
[900/56202] ok=868 retried=9 last_latency=20.7s source=NTSB_ASRS:Pre2008
[910/56202] ok=878 retried=9 last_latency=15.3s source=NTSB_ASRS:Pre2008
[920/56202] ok=886 retried=10 last_latency=16.5s source=NTSB_ASRS:Pre2008
[930/56202] ok=896 retried=10 last_latency=14.3s source=NTSB_ASRS:Pre2008
[940/56202] ok=906 retried=10 last_latency=14.2s source=NTSB_ASRS:Pre2008
[950/56202] ok=916 retried=10 last_latency=13.2s source=NTSB_ASRS:Pre2008
[960/56202] ok=926 retried=10 last_latency=15.8s source=NTSB_ASRS:Pre2008
[970/56202] ok=935 retried=10 last_latency=14.5s source=NTSB_ASRS:Pre2008
[980/56202] ok=944 retried=10 last_latency=12.3s source=NTSB_ASRS:Pre2008
[990/56202] ok=954 retried=10 last_latency=8.8s source=NTSB_ASRS:Pre2008
[1000/56202] ok=963 retried=11 last_latency=25.4s source=NTSB_ASRS:Pre2008
[1010/56202] ok=973 retried=11 last_latency=15.9s source=NTSB_ASRS:Pre2008
[1020/56202] ok=983 retried=11 last_latency=15.4s source=NTSB_ASRS:Pre2008
[1030/56202] ok=990 retried=11 last_latency=15.3s source=NTSB_ASRS:Pre2008
[1040/56202] ok=1000 retried=11 last_latency=17.9s source=NTSB_ASRS:Pre2008
[1050/56202] ok=1008 retried=11 last_latency=39.5s source=NTSB_ASRS:Pre2008
[1060/56202] ok=1017 retried=11 last_latency=7.3s source=NTSB_ASRS:Pre2008
[1070/56202] ok=1027 retried=11 last_latency=13.0s source=NTSB_ASRS:Pre2008
[1080/56202] ok=1037 retried=11 last_latency=17.5s source=NTSB_ASRS:Pre2008
[1090/56202] ok=1047 retried=12 last_latency=20.3s source=NTSB_ASRS:Pre2008
[1100/56202] ok=1056 retried=13 last_latency=45.3s source=NTSB_ASRS:Pre2008
[1110/56202] ok=1066 retried=13 last_latency=15.4s source=NTSB_ASRS:Pre2008
[1120/56202] ok=1075 retried=13 last_latency=18.4s source=NTSB_ASRS:Pre2008
[1130/56202] ok=1085 retried=13 last_latency=12.2s source=NTSB_ASRS:Pre2008
[1140/56202] ok=1095 retried=13 last_latency=11.3s source=NTSB_ASRS:Pre2008
[1150/56202] ok=1105 retried=13 last_latency=14.8s source=NTSB_ASRS:Pre2008
[1160/56202] ok=1115 retried=13 last_latency=15.2s source=NTSB_ASRS:Pre2008
[1170/56202] ok=1125 retried=14 last_latency=10.8s source=NTSB_ASRS:Pre2008
[1180/56202] ok=1135 retried=15 last_latency=17.6s source=NTSB_ASRS:Pre2008
[1190/56202] ok=1144 retried=15 last_latency=15.3s source=NTSB_ASRS:Pre2008
[1200/56202] ok=1154 retried=15 last_latency=14.4s source=NTSB_ASRS:Pre2008
[1210/56202] ok=1164 retried=15 last_latency=16.2s source=NTSB_ASRS:Pre2008
[1220/56202] ok=1174 retried=15 last_latency=14.4s source=NTSB_ASRS:Pre2008
[1230/56202] ok=1183 retried=15 last_latency=13.5s source=NTSB_ASRS:Pre2008
[1240/56202] ok=1193 retried=15 last_latency=14.8s source=NTSB_ASRS:Pre2008
[1250/56202] ok=1203 retried=15 last_latency=17.1s source=NTSB_ASRS:Pre2008
[1260/56202] ok=1213 retried=15 last_latency=15.9s source=NTSB_ASRS:Pre2008
[1270/56202] ok=1222 retried=15 last_latency=17.3s source=NTSB_ASRS:Pre2008
[1280/56202] ok=1229 retried=15 last_latency=38.5s source=NTSB_ASRS:Pre2008
[1290/56202] ok=1239 retried=15 last_latency=14.8s source=NTSB_ASRS:Pre2008
[1300/56202] ok=1248 retried=15 last_latency=20.5s source=NTSB_ASRS:Pre2008
[1310/56202] ok=1258 retried=15 last_latency=13.2s source=NTSB_ASRS:Pre2008
[1320/56202] ok=1267 retried=15 last_latency=9.7s source=NTSB_ASRS:Pre2008
[1330/56202] ok=1277 retried=15 last_latency=10.2s source=NTSB_ASRS:Pre2008
[1340/56202] ok=1286 retried=17 last_latency=8.1s source=NTSB_ASRS:Pre2008
[1350/56202] ok=1296 retried=17 last_latency=17.0s source=NTSB_ASRS:Pre2008
[1360/56202] ok=1306 retried=17 last_latency=15.9s source=NTSB_ASRS:Pre2008
[1370/56202] ok=1315 retried=17 last_latency=13.4s source=NTSB_ASRS:Pre2008
[1380/56202] ok=1324 retried=17 last_latency=18.6s source=NTSB_ASRS:Pre2008
[1390/56202] ok=1334 retried=17 last_latency=18.6s source=NTSB_ASRS:Pre2008
[1400/56202] ok=1343 retried=17 last_latency=18.0s source=NTSB_ASRS:Pre2008
[1410/56202] ok=1352 retried=17 last_latency=9.5s source=NTSB_ASRS:Pre2008
[1420/56202] ok=1362 retried=18 last_latency=21.0s source=NTSB_ASRS:Pre2008
[1430/56202] ok=1371 retried=18 last_latency=23.7s source=NTSB_ASRS:Pre2008
[1440/56202] ok=1381 retried=19 last_latency=9.0s source=NTSB_ASRS:Pre2008
[1450/56202] ok=1389 retried=20 last_latency=32.1s source=NTSB_ASRS:Pre2008
[1460/56202] ok=1398 retried=21 last_latency=9.7s source=NTSB_ASRS:Pre2008
[1470/56202] ok=1407 retried=21 last_latency=24.2s source=NTSB_ASRS:Pre2008
[1480/56202] ok=1417 retried=21 last_latency=11.3s source=NTSB_ASRS:Pre2008
[1490/56202] ok=1426 retried=21 last_latency=20.2s source=NTSB_ASRS:Pre2008
[1500/56202] ok=1436 retried=21 last_latency=21.0s source=NTSB_ASRS:Pre2008
[1510/56202] ok=1445 retried=21 last_latency=16.4s source=NTSB_ASRS:Pre2008
[1520/56202] ok=1455 retried=21 last_latency=22.9s source=NTSB_ASRS:Pre2008
[1530/56202] ok=1464 retried=21 last_latency=11.6s source=NTSB_ASRS:Pre2008
[1540/56202] ok=1473 retried=21 last_latency=13.4s source=NTSB_ASRS:Pre2008
[1550/56202] ok=1483 retried=22 last_latency=13.1s source=NTSB_ASRS:Pre2008
[1560/56202] ok=1493 retried=23 last_latency=9.8s source=NTSB_ASRS:Pre2008
[1570/56202] ok=1502 retried=23 last_latency=10.5s source=NTSB_ASRS:Pre2008
[1580/56202] ok=1512 retried=24 last_latency=14.9s source=NTSB_ASRS:Pre2008
[1590/56202] ok=1520 retried=25 last_latency=19.4s source=NTSB_ASRS:Pre2008
[1600/56202] ok=1527 retried=25 last_latency=20.5s source=NTSB_ASRS:Pre2008
[1610/56202] ok=1534 retried=25 last_latency=56.0s source=NTSB_ASRS:Pre2008
[1620/56202] ok=1544 retried=26 last_latency=12.5s source=NTSB_ASRS:Pre2008
[1630/56202] ok=1552 retried=26 last_latency=14.4s source=NTSB_ASRS:Pre2008
[1640/56202] ok=1562 retried=28 last_latency=13.8s source=NTSB_ASRS:Pre2008
[1650/56202] ok=1572 retried=28 last_latency=15.3s source=NTSB_ASRS:Pre2008
[1660/56202] ok=1582 retried=28 last_latency=15.3s source=NTSB_ASRS:Pre2008
[1670/56202] ok=1592 retried=28 last_latency=15.6s source=NTSB_ASRS:Pre2008
[1680/56202] ok=1602 retried=28 last_latency=19.6s source=NTSB_ASRS:Pre2008
[1690/56202] ok=1611 retried=28 last_latency=11.6s source=NTSB_ASRS:Pre2008
[1700/56202] ok=1620 retried=28 last_latency=17.7s source=NTSB_ASRS:Pre2008
[1710/56202] ok=1630 retried=28 last_latency=22.6s source=NTSB_ASRS:Pre2008
[1720/56202] ok=1639 retried=28 last_latency=17.4s source=NTSB_ASRS:Pre2008
[1730/56202] ok=1649 retried=29 last_latency=14.1s source=NTSB_ASRS:Pre2008
[1740/56202] ok=1659 retried=29 last_latency=14.6s source=NTSB_ASRS:Pre2008
[1750/56202] ok=1669 retried=29 last_latency=13.2s source=NTSB_ASRS:Pre2008
[1760/56202] ok=1679 retried=29 last_latency=16.1s source=NTSB_ASRS:Pre2008
[1770/56202] ok=1688 retried=29 last_latency=6.5s source=NTSB_ASRS:Pre2008
[1780/56202] ok=1698 retried=29 last_latency=11.7s source=NTSB_ASRS:Pre2008
[1790/56202] ok=1708 retried=29 last_latency=17.5s source=NTSB_ASRS:Pre2008
[1800/56202] ok=1717 retried=29 last_latency=16.2s source=NTSB_ASRS:Pre2008
[1810/56202] ok=1726 retried=29 last_latency=22.5s source=NTSB_ASRS:Pre2008
[1820/56202] ok=1736 retried=29 last_latency=11.9s source=NTSB_ASRS:Pre2008
[1830/56202] ok=1745 retried=29 last_latency=21.5s source=NTSB_ASRS:Pre2008
[1840/56202] ok=1755 retried=29 last_latency=15.2s source=NTSB_ASRS:Pre2008
[1850/56202] ok=1765 retried=29 last_latency=10.0s source=NTSB_ASRS:Pre2008
[1860/56202] ok=1775 retried=29 last_latency=20.2s source=NTSB_ASRS:Pre2008
[1870/56202] ok=1785 retried=29 last_latency=16.1s source=NTSB_ASRS:Pre2008
[1880/56202] ok=1794 retried=29 last_latency=12.0s source=NTSB_ASRS:Pre2008
[1890/56202] ok=1804 retried=29 last_latency=12.4s source=NTSB_ASRS:Pre2008
[1900/56202] ok=1814 retried=29 last_latency=16.2s source=NTSB_ASRS:Pre2008
[1910/56202] ok=1824 retried=29 last_latency=14.2s source=NTSB_ASRS:Pre2008
[1920/56202] ok=1834 retried=30 last_latency=18.6s source=NTSB_ASRS:Pre2008
[1930/56202] ok=1844 retried=30 last_latency=10.1s source=NTSB_ASRS:Pre2008
[1940/56202] ok=1854 retried=30 last_latency=5.9s source=NTSB_ASRS:Pre2008
[1950/56202] ok=1864 retried=30 last_latency=17.7s source=NTSB_ASRS:Pre2008
[1960/56202] ok=1874 retried=30 last_latency=12.2s source=NTSB_ASRS:Pre2008
[1970/56202] ok=1884 retried=31 last_latency=14.2s source=NTSB_ASRS:Pre2008
[1980/56202] ok=1894 retried=31 last_latency=24.5s source=NTSB_ASRS:Pre2008
[1990/56202] ok=1902 retried=31 last_latency=18.4s source=NTSB_ASRS:Pre2008
[2000/56202] ok=1911 retried=31 last_latency=15.1s source=NTSB_ASRS:Pre2008
[2010/56202] ok=1921 retried=31 last_latency=16.7s source=NTSB_ASRS:Pre2008
[2020/56202] ok=1930 retried=31 last_latency=9.1s source=NTSB_ASRS:Pre2008
[2030/56202] ok=1938 retried=31 last_latency=13.3s source=NTSB_ASRS:Pre2008
[2040/56202] ok=1946 retried=31 last_latency=14.9s source=NTSB_ASRS:Pre2008
[2050/56202] ok=1956 retried=31 last_latency=13.8s source=NTSB_ASRS:Pre2008
[2060/56202] ok=1966 retried=31 last_latency=15.6s source=NTSB_ASRS:Pre2008
[2070/56202] ok=1975 retried=31 last_latency=20.5s source=NTSB_ASRS:Pre2008
[2080/56202] ok=1983 retried=31 last_latency=13.9s source=NTSB_ASRS:Pre2008
[2090/56202] ok=1993 retried=32 last_latency=21.5s source=NTSB_ASRS:Pre2008
[2100/56202] ok=2003 retried=32 last_latency=21.4s source=NTSB_ASRS:Pre2008
[2110/56202] ok=2013 retried=32 last_latency=11.9s source=NTSB_ASRS:Pre2008
[2120/56202] ok=2023 retried=32 last_latency=22.9s source=NTSB_ASRS:Pre2008
[2130/56202] ok=2033 retried=32 last_latency=16.7s source=NTSB_ASRS:Pre2008
[2140/56202] ok=2041 retried=32 last_latency=16.6s source=NTSB_ASRS:Pre2008
[2150/56202] ok=2051 retried=33 last_latency=23.9s source=NTSB_ASRS:Pre2008
[2160/56202] ok=2061 retried=33 last_latency=19.3s source=NTSB_ASRS:Pre2008
[2170/56202] ok=2071 retried=33 last_latency=21.0s source=NTSB_ASRS:Pre2008
[2180/56202] ok=2080 retried=33 last_latency=20.9s source=NTSB_ASRS:Pre2008
[2190/56202] ok=2090 retried=33 last_latency=18.3s source=NTSB_ASRS:Pre2008
[2200/56202] ok=2100 retried=33 last_latency=23.6s source=NTSB_ASRS:Pre2008
[2210/56202] ok=2110 retried=33 last_latency=18.1s source=NTSB_ASRS:Pre2008
[2220/56202] ok=2119 retried=33 last_latency=14.4s source=NTSB_ASRS:Pre2008
[2230/56202] ok=2128 retried=34 last_latency=18.8s source=NTSB_ASRS:Pre2008
[2240/56202] ok=2138 retried=34 last_latency=11.6s source=NTSB_ASRS:Pre2008
[2250/56202] ok=2147 retried=34 last_latency=13.9s source=NTSB_ASRS:Pre2008
[2260/56202] ok=2157 retried=34 last_latency=13.8s source=NTSB_ASRS:Pre2008
[2270/56202] ok=2167 retried=34 last_latency=15.2s source=NTSB_ASRS:Pre2008
[2280/56202] ok=2177 retried=34 last_latency=16.9s source=NTSB_ASRS:Pre2008
[2290/56202] ok=2186 retried=34 last_latency=21.5s source=NTSB_ASRS:Pre2008
[2300/56202] ok=2196 retried=35 last_latency=12.4s source=NTSB_ASRS:Pre2008
[2310/56202] ok=2206 retried=35 last_latency=15.8s source=NTSB_ASRS:Pre2008
[2320/56202] ok=2216 retried=36 last_latency=17.3s source=NTSB_ASRS:Pre2008
[2330/56202] ok=2225 retried=36 last_latency=9.9s source=NTSB_ASRS:Pre2008
[2340/56202] ok=2235 retried=37 last_latency=17.9s source=NTSB_ASRS:Pre2008
[2350/56202] ok=2245 retried=37 last_latency=13.6s source=NTSB_ASRS:Pre2008
[2360/56202] ok=2255 retried=37 last_latency=13.6s source=NTSB_ASRS:Pre2008
[2370/56202] ok=2265 retried=37 last_latency=18.3s source=NTSB_ASRS:Pre2008
[2380/56202] ok=2274 retried=37 last_latency=35.9s source=NTSB_ASRS:Pre2008
[2390/56202] ok=2284 retried=38 last_latency=52.5s source=NTSB_ASRS:Pre2008
[2400/56202] ok=2293 retried=38 last_latency=10.9s source=NTSB_ASRS:Pre2008
[2410/56202] ok=2303 retried=39 last_latency=15.2s source=NTSB_ASRS:Pre2008
[2420/56202] ok=2313 retried=39 last_latency=17.5s source=NTSB_ASRS:Pre2008
[2430/56202] ok=2322 retried=39 last_latency=14.7s source=NTSB_ASRS:Pre2008
[2440/56202] ok=2331 retried=39 last_latency=11.3s source=NTSB_ASRS:Pre2008
[2450/56202] ok=2341 retried=39 last_latency=8.4s source=NTSB_ASRS:Pre2008
[2460/56202] ok=2351 retried=39 last_latency=11.5s source=NTSB_ASRS:Pre2008
[2470/56202] ok=2361 retried=40 last_latency=17.8s source=NTSB_ASRS:Pre2008
[2480/56202] ok=2370 retried=41 last_latency=14.6s source=NTSB_ASRS:Pre2008
[2490/56202] ok=2380 retried=41 last_latency=15.0s source=NTSB_ASRS:Pre2008
[2500/56202] ok=2390 retried=42 last_latency=14.4s source=NTSB_ASRS:Pre2008
[2510/56202] ok=2399 retried=42 last_latency=23.5s source=NTSB_ASRS:Pre2008
[2520/56202] ok=2407 retried=43 last_latency=35.6s source=NTSB_ASRS:Pre2008
[2530/56202] ok=2417 retried=43 last_latency=14.6s source=NTSB_ASRS:Pre2008
[2540/56202] ok=2426 retried=43 last_latency=15.3s source=NTSB_ASRS:Pre2008
[2550/56202] ok=2435 retried=43 last_latency=16.1s source=NTSB_ASRS:Pre2008
[2560/56202] ok=2444 retried=43 last_latency=17.0s source=NTSB_ASRS:Pre2008
[2570/56202] ok=2454 retried=44 last_latency=14.5s source=NTSB_ASRS:Pre2008
[2580/56202] ok=2464 retried=44 last_latency=15.9s source=NTSB_ASRS:Pre2008
[2590/56202] ok=2474 retried=44 last_latency=19.2s source=NTSB_ASRS:Pre2008
[2600/56202] ok=2484 retried=45 last_latency=8.4s source=NTSB_ASRS:Pre2008
[2610/56202] ok=2494 retried=45 last_latency=13.8s source=NTSB_ASRS:Pre2008
[2620/56202] ok=2504 retried=45 last_latency=5.0s source=NTSB_ASRS:Pre2008
[2630/56202] ok=2514 retried=45 last_latency=7.7s source=NTSB_ASRS:Pre2008
[2640/56202] ok=2523 retried=45 last_latency=22.2s source=NTSB_ASRS:Pre2008
[2650/56202] ok=2533 retried=46 last_latency=18.9s source=NTSB_ASRS:Pre2008
[2660/56202] ok=2543 retried=48 last_latency=41.1s source=NTSB_ASRS:Pre2008
[2670/56202] ok=2553 retried=48 last_latency=18.5s source=NTSB_ASRS:Pre2008
[2680/56202] ok=2563 retried=48 last_latency=21.0s source=NTSB_ASRS:Pre2008
[2690/56202] ok=2573 retried=48 last_latency=15.8s source=NTSB_ASRS:Pre2008
[2700/56202] ok=2582 retried=48 last_latency=20.5s source=NTSB_ASRS:Pre2008
[2710/56202] ok=2591 retried=49 last_latency=15.3s source=NTSB_ASRS:Pre2008
[2720/56202] ok=2600 retried=50 last_latency=4.7s source=NTSB_ASRS:Pre2008
[2730/56202] ok=2610 retried=50 last_latency=14.8s source=NTSB_ASRS:Pre2008
[2740/56202] ok=2620 retried=50 last_latency=22.1s source=NTSB_ASRS:Pre2008
[2750/56202] ok=2630 retried=50 last_latency=13.7s source=NTSB_ASRS:Pre2008
[2760/56202] ok=2640 retried=52 last_latency=19.9s source=NTSB_ASRS:Pre2008
[2770/56202] ok=2650 retried=52 last_latency=11.9s source=NTSB_ASRS:Pre2008
[2780/56202] ok=2660 retried=53 last_latency=8.0s source=NTSB_ASRS:Pre2008
[2790/56202] ok=2669 retried=53 last_latency=17.2s source=NTSB_ASRS:Pre2008
[2800/56202] ok=2679 retried=53 last_latency=18.6s source=NTSB_ASRS:Pre2008
[2810/56202] ok=2686 retried=53 last_latency=17.6s source=NTSB_ASRS:Pre2008
[2820/56202] ok=2696 retried=53 last_latency=17.8s source=NTSB_ASRS:Pre2008
[2830/56202] ok=2706 retried=55 last_latency=17.5s source=NTSB_ASRS:Pre2008
[2840/56202] ok=2716 retried=55 last_latency=11.0s source=NTSB_ASRS:Pre2008
[2850/56202] ok=2726 retried=55 last_latency=10.4s source=NTSB_ASRS:Pre2008
[2860/56202] ok=2736 retried=58 last_latency=42.8s source=NTSB_ASRS:Pre2008
[2870/56202] ok=2745 retried=59 last_latency=31.8s source=NTSB_ASRS:Pre2008
[2880/56202] ok=2754 retried=59 last_latency=14.2s source=NTSB_ASRS:Pre2008
[2890/56202] ok=2763 retried=59 last_latency=12.6s source=NTSB_ASRS:Pre2008
[2900/56202] ok=2773 retried=59 last_latency=12.5s source=NTSB_ASRS:Pre2008
[2910/56202] ok=2782 retried=59 last_latency=18.4s source=NTSB_ASRS:Pre2008
[2920/56202] ok=2792 retried=59 last_latency=10.0s source=NTSB_ASRS:Pre2008
[2930/56202] ok=2802 retried=59 last_latency=15.1s source=NTSB_ASRS:Pre2008
[2940/56202] ok=2812 retried=61 last_latency=11.5s source=NTSB_ASRS:Pre2008
[2950/56202] ok=2822 retried=61 last_latency=14.9s source=NTSB_ASRS:Pre2008
[2960/56202] ok=2831 retried=61 last_latency=16.4s source=NTSB_ASRS:Pre2008
[2970/56202] ok=2839 retried=61 last_latency=23.6s source=NTSB_ASRS:Pre2008
[2980/56202] ok=2847 retried=61 last_latency=14.0s source=NTSB_ASRS:Pre2008
[2990/56202] ok=2857 retried=61 last_latency=12.1s source=NTSB_ASRS:Pre2008
[3000/56202] ok=2867 retried=61 last_latency=17.4s source=NTSB_ASRS:Pre2008
[3010/56202] ok=2877 retried=61 last_latency=17.3s source=NTSB_ASRS:Pre2008
[3020/56202] ok=2887 retried=62 last_latency=14.0s source=NTSB_ASRS:Pre2008
[3030/56202] ok=2896 retried=62 last_latency=14.1s source=NTSB_ASRS:Pre2008
[3040/56202] ok=2906 retried=63 last_latency=13.4s source=NTSB_ASRS:Pre2008
[3050/56202] ok=2916 retried=63 last_latency=10.9s source=NTSB_ASRS:Pre2008
[3060/56202] ok=2925 retried=63 last_latency=16.4s source=NTSB_ASRS:Pre2008
[3070/56202] ok=2934 retried=63 last_latency=16.0s source=NTSB_ASRS:Pre2008
[3080/56202] ok=2944 retried=63 last_latency=14.6s source=NTSB_ASRS:Pre2008
[3090/56202] ok=2954 retried=63 last_latency=20.6s source=NTSB_ASRS:Pre2008
[3100/56202] ok=2964 retried=63 last_latency=18.7s source=NTSB_ASRS:Pre2008
[3110/56202] ok=2973 retried=63 last_latency=14.0s source=NTSB_ASRS:Pre2008
[3120/56202] ok=2982 retried=63 last_latency=12.6s source=NTSB_ASRS:Pre2008
[3130/56202] ok=2992 retried=63 last_latency=11.1s source=NTSB_ASRS:Pre2008
[3140/56202] ok=3001 retried=64 last_latency=14.2s source=NTSB_ASRS:Pre2008
[3150/56202] ok=3009 retried=64 last_latency=11.1s source=NTSB_ASRS:Pre2008
[3160/56202] ok=3017 retried=64 last_latency=11.7s source=NTSB_ASRS:Pre2008
[3170/56202] ok=3026 retried=64 last_latency=24.1s source=NTSB_ASRS:Pre2008
[3180/56202] ok=3036 retried=64 last_latency=14.2s source=NTSB_ASRS:Pre2008
[3190/56202] ok=3046 retried=65 last_latency=9.4s source=NTSB_ASRS:Pre2008
[3200/56202] ok=3056 retried=65 last_latency=11.4s source=NTSB_ASRS:Pre2008
[3210/56202] ok=3065 retried=65 last_latency=45.8s source=NTSB_ASRS:Pre2008
[3220/56202] ok=3075 retried=65 last_latency=14.3s source=NTSB_ASRS:Pre2008
[3230/56202] ok=3084 retried=67 last_latency=30.9s source=NTSB_ASRS:Pre2008
[3240/56202] ok=3094 retried=67 last_latency=12.7s source=NTSB_ASRS:Pre2008
[3250/56202] ok=3104 retried=67 last_latency=13.5s source=NTSB_ASRS:Pre2008
[3260/56202] ok=3114 retried=69 last_latency=16.0s source=NTSB_ASRS:Pre2008
[3270/56202] ok=3123 retried=69 last_latency=16.0s source=NTSB_ASRS:Pre2008
[3280/56202] ok=3132 retried=70 last_latency=14.9s source=NTSB_ASRS:Pre2008
[3290/56202] ok=3142 retried=70 last_latency=18.0s source=NTSB_ASRS:Pre2008
[3300/56202] ok=3150 retried=71 last_latency=18.2s source=NTSB_ASRS:Pre2008
[3310/56202] ok=3158 retried=71 last_latency=20.8s source=NTSB_ASRS:Pre2008
[3320/56202] ok=3166 retried=72 last_latency=18.6s source=NTSB_ASRS:Pre2008
[3330/56202] ok=3176 retried=72 last_latency=17.0s source=NTSB_ASRS:Pre2008
[3340/56202] ok=3186 retried=72 last_latency=11.3s source=NTSB_ASRS:Pre2008
[3350/56202] ok=3195 retried=72 last_latency=17.1s source=NTSB_ASRS:Pre2008
[3360/56202] ok=3203 retried=72 last_latency=12.8s source=NTSB_ASRS:Pre2008
[3370/56202] ok=3211 retried=72 last_latency=12.8s source=NTSB_ASRS:Pre2008
[3380/56202] ok=3220 retried=73 last_latency=5.6s source=NTSB_ASRS:Pre2008
[3390/56202] ok=3228 retried=73 last_latency=7.7s source=NTSB_ASRS:Pre2008
[3400/56202] ok=3237 retried=73 last_latency=17.4s source=NTSB_ASRS:Pre2008
[3410/56202] ok=3247 retried=73 last_latency=13.1s source=NTSB_ASRS:Pre2008
[3420/56202] ok=3257 retried=73 last_latency=19.0s source=NTSB_ASRS:Pre2008
[3430/56202] ok=3266 retried=73 last_latency=19.8s source=NTSB_ASRS:Pre2008
[3440/56202] ok=3275 retried=73 last_latency=14.0s source=NTSB_ASRS:Pre2008
[3450/56202] ok=3285 retried=73 last_latency=13.1s source=NTSB_ASRS:Pre2008
[3460/56202] ok=3293 retried=73 last_latency=19.3s source=NTSB_ASRS:Pre2008
[3470/56202] ok=3303 retried=75 last_latency=10.8s source=NTSB_ASRS:Pre2008
[3480/56202] ok=3313 retried=75 last_latency=10.0s source=NTSB_ASRS:Pre2008
[3490/56202] ok=3323 retried=75 last_latency=16.4s source=NTSB_ASRS:Pre2008
[3500/56202] ok=3332 retried=75 last_latency=11.3s source=NTSB_ASRS:Pre2008
[3510/56202] ok=3342 retried=76 last_latency=14.4s source=NTSB_ASRS:Pre2008
[3520/56202] ok=3352 retried=76 last_latency=13.8s source=NTSB_ASRS:Pre2008
[3530/56202] ok=3360 retried=77 last_latency=15.8s source=NTSB_ASRS:Pre2008
[3540/56202] ok=3369 retried=77 last_latency=17.9s source=NTSB_ASRS:Pre2008
[3550/56202] ok=3379 retried=78 last_latency=41.6s source=NTSB_ASRS:Pre2008
[3560/56202] ok=3389 retried=78 last_latency=15.6s source=NTSB_ASRS:Pre2008
[3570/56202] ok=3399 retried=78 last_latency=21.3s source=NTSB_ASRS:Pre2008
[3580/56202] ok=3409 retried=78 last_latency=13.9s source=NTSB_ASRS:Pre2008
[3590/56202] ok=3418 retried=78 last_latency=19.2s source=NTSB_ASRS:Pre2008
[3600/56202] ok=3428 retried=80 last_latency=13.8s source=NTSB_ASRS:Pre2008
[3610/56202] ok=3437 retried=80 last_latency=26.1s source=NTSB_ASRS:Pre2008
[3620/56202] ok=3447 retried=80 last_latency=19.7s source=NTSB_ASRS:Pre2008
[3630/56202] ok=3457 retried=80 last_latency=13.1s source=NTSB_ASRS:Pre2008
[3640/56202] ok=3467 retried=80 last_latency=14.6s source=NTSB_ASRS:Pre2008
[3650/56202] ok=3477 retried=80 last_latency=21.6s source=NTSB_ASRS:Pre2008
[3660/56202] ok=3487 retried=81 last_latency=25.8s source=NTSB_ASRS:Pre2008
[3670/56202] ok=3497 retried=83 last_latency=18.9s source=NTSB_ASRS:Pre2008
[3680/56202] ok=3507 retried=83 last_latency=25.2s source=NTSB_ASRS:Pre2008
[3690/56202] ok=3516 retried=84 last_latency=18.4s source=NTSB_ASRS:Pre2008
[3700/56202] ok=3526 retried=85 last_latency=12.8s source=NTSB_ASRS:Pre2008
[3710/56202] ok=3534 retried=85 last_latency=13.1s source=NTSB_ASRS:Pre2008
[3720/56202] ok=3542 retried=85 last_latency=15.0s source=NTSB_ASRS:Pre2008
[3730/56202] ok=3549 retried=85 last_latency=31.4s source=NTSB_ASRS:Pre2008
[3740/56202] ok=3558 retried=87 last_latency=18.2s source=NTSB_ASRS:Pre2008
[3750/56202] ok=3566 retried=87 last_latency=22.5s source=NTSB_ASRS:Pre2008
[3760/56202] ok=3576 retried=87 last_latency=16.8s source=NTSB_ASRS:Pre2008
[3770/56202] ok=3586 retried=87 last_latency=31.1s source=NTSB_ASRS:Pre2008
[3780/56202] ok=3593 retried=88 last_latency=41.6s source=NTSB_ASRS:Pre2008
[3790/56202] ok=3603 retried=91 last_latency=14.7s source=NTSB_ASRS:Pre2008
[3800/56202] ok=3612 retried=91 last_latency=11.9s source=NTSB_ASRS:Pre2008
[3810/56202] ok=3622 retried=91 last_latency=20.3s source=NTSB_ASRS:Pre2008
[3820/56202] ok=3632 retried=92 last_latency=19.8s source=NTSB_ASRS:Pre2008
[3830/56202] ok=3642 retried=93 last_latency=38.8s source=NTSB_ASRS:Pre2008
[3840/56202] ok=3651 retried=93 last_latency=21.6s source=NTSB_ASRS:Pre2008
[3850/56202] ok=3660 retried=94 last_latency=23.1s source=NTSB_ASRS:Pre2008
[3860/56202] ok=3669 retried=95 last_latency=12.6s source=NTSB_ASRS:Pre2008
[3870/56202] ok=3678 retried=96 last_latency=12.0s source=NTSB_ASRS:Pre2008
[3880/56202] ok=3687 retried=96 last_latency=15.9s source=NTSB_ASRS:Pre2008
[3890/56202] ok=3697 retried=96 last_latency=23.2s source=NTSB_ASRS:Pre2008
[3900/56202] ok=3707 retried=96 last_latency=24.6s source=NTSB_ASRS:Pre2008
[3910/56202] ok=3717 retried=96 last_latency=15.0s source=NTSB_ASRS:Pre2008
[3920/56202] ok=3726 retried=96 last_latency=37.7s source=NTSB_ASRS:Pre2008
[3930/56202] ok=3735 retried=97 last_latency=39.1s source=NTSB_ASRS:Pre2008
[3940/56202] ok=3745 retried=97 last_latency=21.6s source=NTSB_ASRS:Pre2008
[3950/56202] ok=3755 retried=98 last_latency=13.8s source=NTSB_ASRS:Pre2008
[3960/56202] ok=3765 retried=99 last_latency=13.6s source=NTSB_ASRS:Pre2008
[3970/56202] ok=3775 retried=99 last_latency=19.3s source=NTSB_ASRS:Pre2008
[3980/56202] ok=3784 retried=101 last_latency=19.1s source=NTSB_ASRS:Pre2008
[3990/56202] ok=3794 retried=101 last_latency=8.3s source=NTSB_ASRS:Pre2008
[4000/56202] ok=3803 retried=102 last_latency=11.4s source=NTSB_ASRS:Pre2008
[4010/56202] ok=3812 retried=102 last_latency=36.7s source=NTSB_ASRS:Pre2008
[4020/56202] ok=3822 retried=102 last_latency=21.3s source=NTSB_ASRS:Pre2008
[4030/56202] ok=3831 retried=102 last_latency=11.6s source=NTSB_ASRS:Pre2008
[4040/56202] ok=3841 retried=102 last_latency=7.8s source=NTSB_ASRS:Pre2008
[4050/56202] ok=3850 retried=102 last_latency=6.2s source=NTSB_ASRS:Pre2008
[4060/56202] ok=3860 retried=102 last_latency=13.0s source=NTSB_ASRS:Pre2008
[4070/56202] ok=3869 retried=102 last_latency=13.1s source=NTSB_ASRS:Pre2008
[4080/56202] ok=3879 retried=102 last_latency=18.9s source=NTSB_ASRS:Pre2008
[4090/56202] ok=3888 retried=102 last_latency=9.9s source=NTSB_ASRS:Pre2008
[4100/56202] ok=3898 retried=103 last_latency=18.2s source=NTSB_ASRS:Pre2008
[4110/56202] ok=3908 retried=104 last_latency=14.3s source=NTSB_ASRS:Pre2008
[4120/56202] ok=3918 retried=104 last_latency=12.1s source=NTSB_ASRS:Pre2008
[4130/56202] ok=3928 retried=104 last_latency=12.9s source=NTSB_ASRS:Pre2008
[4140/56202] ok=3938 retried=105 last_latency=13.4s source=NTSB_ASRS:Pre2008
[4150/56202] ok=3948 retried=105 last_latency=11.9s source=NTSB_ASRS:Pre2008
[4160/56202] ok=3958 retried=105 last_latency=10.9s source=NTSB_ASRS:Pre2008
[4170/56202] ok=3968 retried=105 last_latency=11.2s source=NTSB_ASRS:Pre2008
[4180/56202] ok=3978 retried=105 last_latency=17.8s source=NTSB_ASRS:Pre2008
[4190/56202] ok=3987 retried=105 last_latency=12.3s source=NTSB_ASRS:Pre2008
[4200/56202] ok=3996 retried=105 last_latency=11.8s source=NTSB_ASRS:Pre2008
[4210/56202] ok=4005 retried=105 last_latency=20.7s source=NTSB_ASRS:Pre2008
[4220/56202] ok=4015 retried=105 last_latency=15.3s source=NTSB_ASRS:Pre2008
[4230/56202] ok=4024 retried=105 last_latency=20.0s source=NTSB_ASRS:Pre2008
[4240/56202] ok=4034 retried=105 last_latency=22.4s source=NTSB_ASRS:Pre2008
[4250/56202] ok=4044 retried=105 last_latency=13.8s source=NTSB_ASRS:Pre2008
[4260/56202] ok=4054 retried=105 last_latency=23.4s source=NTSB_ASRS:Pre2008
[4270/56202] ok=4064 retried=105 last_latency=13.7s source=NTSB_ASRS:Pre2008
[4280/56202] ok=4073 retried=107 last_latency=39.7s source=NTSB_ASRS:Pre2008
[4290/56202] ok=4083 retried=108 last_latency=23.0s source=NTSB_ASRS:Pre2008
[4300/56202] ok=4093 retried=108 last_latency=12.3s source=NTSB_ASRS:Pre2008
[4310/56202] ok=4102 retried=108 last_latency=12.4s source=NTSB_ASRS:Pre2008
[4320/56202] ok=4110 retried=109 last_latency=18.9s source=NTSB_ASRS:Pre2008
[4330/56202] ok=4119 retried=109 last_latency=14.8s source=NTSB_ASRS:Pre2008
[4340/56202] ok=4128 retried=110 last_latency=11.5s source=NTSB_ASRS:Pre2008
[4350/56202] ok=4137 retried=111 last_latency=38.8s source=NTSB_ASRS:Pre2008
[4360/56202] ok=4147 retried=111 last_latency=17.6s source=NTSB_ASRS:Pre2008
[4370/56202] ok=4156 retried=111 last_latency=10.0s source=NTSB_ASRS:Pre2008
[4380/56202] ok=4166 retried=111 last_latency=5.0s source=NTSB_ASRS:Pre2008
[4390/56202] ok=4176 retried=111 last_latency=15.8s source=NTSB_ASRS:Pre2008
[4400/56202] ok=4186 retried=111 last_latency=10.5s source=NTSB_ASRS:Pre2008
[4410/56202] ok=4195 retried=111 last_latency=20.8s source=NTSB_ASRS:Pre2008
[4420/56202] ok=4205 retried=111 last_latency=20.0s source=NTSB_ASRS:Pre2008
[4430/56202] ok=4215 retried=111 last_latency=17.0s source=NTSB_ASRS:Pre2008
[4440/56202] ok=4225 retried=112 last_latency=18.2s source=NTSB_ASRS:Pre2008
[4450/56202] ok=4233 retried=112 last_latency=15.2s source=NTSB_ASRS:Pre2008
[4460/56202] ok=4242 retried=114 last_latency=19.3s source=NTSB_ASRS:Pre2008
[4470/56202] ok=4252 retried=114 last_latency=11.6s source=NTSB_ASRS:Pre2008
[4480/56202] ok=4262 retried=116 last_latency=39.7s source=NTSB_ASRS:Pre2008
[4490/56202] ok=4269 retried=116 last_latency=16.3s source=NTSB_ASRS:Pre2008
[4500/56202] ok=4279 retried=117 last_latency=21.2s source=NTSB_ASRS:Pre2008
[4510/56202] ok=4289 retried=117 last_latency=17.4s source=NTSB_ASRS:Pre2008
[4520/56202] ok=4297 retried=118 last_latency=9.5s source=NTSB_ASRS:Pre2008
[4530/56202] ok=4307 retried=118 last_latency=17.2s source=NTSB_ASRS:Pre2008
[4540/56202] ok=4317 retried=118 last_latency=11.2s source=NTSB_ASRS:Pre2008
[4550/56202] ok=4327 retried=119 last_latency=13.9s source=NTSB_ASRS:Pre2008
[4560/56202] ok=4337 retried=119 last_latency=14.0s source=NTSB_ASRS:Pre2008
[4570/56202] ok=4346 retried=119 last_latency=23.9s source=NTSB_ASRS:Pre2008
[4580/56202] ok=4356 retried=119 last_latency=17.7s source=NTSB_ASRS:Pre2008
[4590/56202] ok=4365 retried=119 last_latency=11.8s source=NTSB_ASRS:Pre2008
[4600/56202] ok=4374 retried=120 last_latency=36.6s source=NTSB_ASRS:Pre2008
[4610/56202] ok=4384 retried=120 last_latency=0.5s source=NTSB_ASRS:Pre2008
[4620/56202] ok=4393 retried=120 last_latency=15.5s source=NTSB_ASRS:Pre2008
[4630/56202] ok=4401 retried=120 last_latency=16.0s source=NTSB_ASRS:Pre2008
[4640/56202] ok=4411 retried=121 last_latency=19.2s source=NTSB_ASRS:Pre2008
[4650/56202] ok=4421 retried=121 last_latency=14.0s source=NTSB_ASRS:Pre2008
[4660/56202] ok=4430 retried=122 last_latency=12.6s source=NTSB_ASRS:Pre2008
[4670/56202] ok=4440 retried=122 last_latency=16.8s source=NTSB_ASRS:Pre2008
[4680/56202] ok=4449 retried=122 last_latency=12.2s source=NTSB_ASRS:Pre2008
[4690/56202] ok=4459 retried=123 last_latency=16.3s source=NTSB_ASRS:Pre2008
[4700/56202] ok=4469 retried=123 last_latency=17.7s source=NTSB_ASRS:Pre2008
[4710/56202] ok=4479 retried=123 last_latency=13.2s source=NTSB_ASRS:Pre2008
[4720/56202] ok=4489 retried=124 last_latency=20.0s source=NTSB_ASRS:Pre2008
[4730/56202] ok=4499 retried=124 last_latency=21.3s source=NTSB_ASRS:Pre2008
[4740/56202] ok=4509 retried=124 last_latency=16.4s source=NTSB_ASRS:Pre2008
[4750/56202] ok=4519 retried=124 last_latency=14.2s source=NTSB_ASRS:Pre2008
[4760/56202] ok=4529 retried=126 last_latency=20.9s source=NTSB_ASRS:Pre2008
[4770/56202] ok=4539 retried=126 last_latency=16.5s source=NTSB_ASRS:Pre2008
[4780/56202] ok=4549 retried=126 last_latency=17.7s source=NTSB_ASRS:Pre2008
[4790/56202] ok=4557 retried=126 last_latency=17.0s source=NTSB_ASRS:Pre2008
[4800/56202] ok=4567 retried=126 last_latency=13.9s source=NTSB_ASRS:Pre2008
[4810/56202] ok=4577 retried=127 last_latency=11.0s source=NTSB_ASRS:Pre2008
[4820/56202] ok=4587 retried=127 last_latency=13.3s source=NTSB_ASRS:Pre2008
[4830/56202] ok=4596 retried=127 last_latency=19.2s source=NTSB_ASRS:Pre2008
[4840/56202] ok=4606 retried=128 last_latency=13.7s source=NTSB_ASRS:Pre2008
[4850/56202] ok=4616 retried=128 last_latency=22.9s source=NTSB_ASRS:Pre2008
[4860/56202] ok=4626 retried=128 last_latency=17.5s source=NTSB_ASRS:Pre2008
[4870/56202] ok=4635 retried=128 last_latency=21.0s source=NTSB_ASRS:Pre2008
[4880/56202] ok=4645 retried=128 last_latency=17.6s source=NTSB_ASRS:Pre2008
[4890/56202] ok=4655 retried=129 last_latency=18.8s source=NTSB_ASRS:Pre2008
[4900/56202] ok=4665 retried=129 last_latency=23.2s source=NTSB_ASRS:Pre2008
[4910/56202] ok=4675 retried=129 last_latency=11.4s source=NTSB_ASRS:Pre2008
[4920/56202] ok=4684 retried=129 last_latency=11.6s source=NTSB_ASRS:Pre2008
[4930/56202] ok=4694 retried=129 last_latency=15.0s source=NTSB_ASRS:Pre2008
[4940/56202] ok=4704 retried=129 last_latency=9.7s source=NTSB_ASRS:Pre2008
[4950/56202] ok=4714 retried=131 last_latency=14.6s source=NTSB_ASRS:Pre2008
[4960/56202] ok=4724 retried=131 last_latency=19.0s source=NTSB_ASRS:Pre2008
[4970/56202] ok=4733 retried=131 last_latency=5.4s source=NTSB_ASRS:Pre2008
[4980/56202] ok=4742 retried=132 last_latency=18.5s source=NTSB_ASRS:Pre2008
[4990/56202] ok=4752 retried=132 last_latency=13.5s source=NTSB_ASRS:Pre2008
[5000/56202] ok=4761 retried=132 last_latency=13.8s source=NTSB_ASRS:Pre2008
[5010/56202] ok=4771 retried=132 last_latency=21.0s source=NTSB_ASRS:Pre2008
[5020/56202] ok=4781 retried=132 last_latency=13.6s source=NTSB_ASRS:Pre2008
[5030/56202] ok=4789 retried=132 last_latency=17.7s source=NTSB_ASRS:Pre2008
[5040/56202] ok=4798 retried=132 last_latency=14.7s source=NTSB_ASRS:Pre2008
[5050/56202] ok=4808 retried=132 last_latency=18.5s source=NTSB_ASRS:Pre2008
[5060/56202] ok=4816 retried=133 last_latency=18.4s source=NTSB_ASRS:Pre2008
[5070/56202] ok=4825 retried=133 last_latency=12.1s source=NTSB_ASRS:Pre2008
[5080/56202] ok=4835 retried=133 last_latency=12.8s source=NTSB_ASRS:Pre2008
[5090/56202] ok=4845 retried=133 last_latency=16.3s source=NTSB_ASRS:Pre2008
[5100/56202] ok=4854 retried=133 last_latency=15.6s source=NTSB_ASRS:Pre2008
[5110/56202] ok=4863 retried=133 last_latency=14.3s source=NTSB_ASRS:Pre2008
[5120/56202] ok=4873 retried=134 last_latency=14.7s source=NTSB_ASRS:Pre2008
[5130/56202] ok=4882 retried=135 last_latency=18.0s source=NTSB_ASRS:Pre2008
[5140/56202] ok=4892 retried=135 last_latency=21.7s source=NTSB_ASRS:Pre2008
[5150/56202] ok=4902 retried=135 last_latency=24.3s source=NTSB_ASRS:Pre2008
[5160/56202] ok=4912 retried=135 last_latency=23.2s source=NTSB_ASRS:Pre2008
[5170/56202] ok=4921 retried=135 last_latency=12.4s source=NTSB_ASRS:Pre2008
[5180/56202] ok=4931 retried=135 last_latency=13.3s source=NTSB_ASRS:Pre2008
[5190/56202] ok=4941 retried=135 last_latency=11.3s source=NTSB_ASRS:Pre2008
[5200/56202] ok=4951 retried=135 last_latency=6.2s source=NTSB_ASRS:Pre2008
[5210/56202] ok=4961 retried=135 last_latency=18.1s source=NTSB_ASRS:Pre2008
[5220/56202] ok=4970 retried=135 last_latency=26.4s source=NTSB_ASRS:Pre2008
[5230/56202] ok=4980 retried=136 last_latency=18.9s source=NTSB_ASRS:Pre2008
[5240/56202] ok=4989 retried=136 last_latency=15.0s source=NTSB_ASRS:Pre2008
[5250/56202] ok=4999 retried=137 last_latency=25.4s source=NTSB_ASRS:Pre2008
[5260/56202] ok=5009 retried=137 last_latency=24.8s source=NTSB_ASRS:Pre2008
[5270/56202] ok=5019 retried=137 last_latency=10.0s source=NTSB_ASRS:Pre2008
[5280/56202] ok=5028 retried=137 last_latency=23.4s source=NTSB_ASRS:Pre2008
[5290/56202] ok=5038 retried=137 last_latency=17.6s source=NTSB_ASRS:Pre2008
[5300/56202] ok=5048 retried=137 last_latency=17.9s source=NTSB_ASRS:Pre2008
[5310/56202] ok=5056 retried=137 last_latency=35.2s source=NTSB_ASRS:Pre2008
[5320/56202] ok=5066 retried=137 last_latency=15.2s source=NTSB_ASRS:Pre2008
[5330/56202] ok=5075 retried=137 last_latency=12.3s source=NTSB_ASRS:Pre2008
[5340/56202] ok=5085 retried=137 last_latency=21.7s source=NTSB_ASRS:Pre2008
[5350/56202] ok=5093 retried=137 last_latency=9.3s source=NTSB_ASRS:Pre2008
[5360/56202] ok=5103 retried=137 last_latency=20.1s source=NTSB_ASRS:Pre2008
[5370/56202] ok=5112 retried=137 last_latency=15.0s source=NTSB_ASRS:Pre2008
[5380/56202] ok=5121 retried=138 last_latency=21.4s source=NTSB_ASRS:Pre2008
[5390/56202] ok=5130 retried=139 last_latency=33.4s source=NTSB_ASRS:Pre2008
[5400/56202] ok=5140 retried=140 last_latency=39.1s source=NTSB_ASRS:Pre2008
[5410/56202] ok=5150 retried=140 last_latency=14.2s source=NTSB_ASRS:Pre2008
[5420/56202] ok=5160 retried=140 last_latency=11.1s source=NTSB_ASRS:Pre2008
[5430/56202] ok=5167 retried=140 last_latency=24.2s source=NTSB_ASRS:Pre2008
[5440/56202] ok=5176 retried=141 last_latency=35.9s source=NTSB_ASRS:Pre2008
[5450/56202] ok=5185 retried=141 last_latency=12.9s source=NTSB_ASRS:Pre2008
[5460/56202] ok=5195 retried=141 last_latency=13.8s source=NTSB_ASRS:Pre2008
[5470/56202] ok=5205 retried=141 last_latency=20.4s source=NTSB_ASRS:Pre2008
[5480/56202] ok=5214 retried=141 last_latency=14.9s source=NTSB_ASRS:Pre2008
[5490/56202] ok=5224 retried=141 last_latency=16.1s source=NTSB_ASRS:Pre2008
[5500/56202] ok=5234 retried=141 last_latency=13.3s source=NTSB_ASRS:Pre2008
[5510/56202] ok=5243 retried=143 last_latency=12.0s source=NTSB_ASRS:Pre2008
[5520/56202] ok=5253 retried=143 last_latency=16.3s source=NTSB_ASRS:Pre2008
[5530/56202] ok=5262 retried=143 last_latency=19.2s source=NTSB_ASRS:Pre2008
[5540/56202] ok=5272 retried=144 last_latency=21.2s source=NTSB_ASRS:Pre2008
[5550/56202] ok=5281 retried=144 last_latency=28.2s source=NTSB_ASRS:Pre2008
[5560/56202] ok=5291 retried=145 last_latency=14.4s source=NTSB_ASRS:Pre2008
[5570/56202] ok=5301 retried=145 last_latency=19.7s source=NTSB_ASRS:Pre2008
[5580/56202] ok=5310 retried=145 last_latency=12.6s source=NTSB_ASRS:Pre2008
[5590/56202] ok=5320 retried=145 last_latency=26.6s source=NTSB_ASRS:Pre2008
[5600/56202] ok=5329 retried=145 last_latency=8.1s source=NTSB_ASRS:Pre2008
[5610/56202] ok=5339 retried=145 last_latency=15.5s source=NTSB_ASRS:Pre2008
[5620/56202] ok=5348 retried=146 last_latency=21.9s source=NTSB_ASRS:Pre2008
[5630/56202] ok=5357 retried=146 last_latency=11.8s source=NTSB_ASRS:Pre2008
[5640/56202] ok=5367 retried=146 last_latency=19.8s source=NTSB_ASRS:Pre2008
[5650/56202] ok=5375 retried=146 last_latency=13.5s source=NTSB_ASRS:Pre2008
[5660/56202] ok=5385 retried=147 last_latency=44.8s source=NTSB_ASRS:Pre2008
[5670/56202] ok=5395 retried=147 last_latency=19.3s source=NTSB_ASRS:Pre2008
[5680/56202] ok=5405 retried=147 last_latency=20.3s source=NTSB_ASRS:Pre2008
[5690/56202] ok=5415 retried=148 last_latency=12.3s source=NTSB_ASRS:Pre2008
[5700/56202] ok=5425 retried=149 last_latency=12.4s source=NTSB_ASRS:Pre2008
[5710/56202] ok=5435 retried=149 last_latency=10.9s source=NTSB_ASRS:Pre2008
[5720/56202] ok=5445 retried=149 last_latency=10.7s source=NTSB_ASRS:Pre2008
[5730/56202] ok=5455 retried=150 last_latency=19.5s source=NTSB_ASRS:Pre2008
[5740/56202] ok=5464 retried=151 last_latency=18.0s source=NTSB_ASRS:Pre2008
[5750/56202] ok=5474 retried=152 last_latency=14.6s source=NTSB_ASRS:Pre2008
[5760/56202] ok=5484 retried=153 last_latency=23.3s source=NTSB_ASRS:Pre2008
[5770/56202] ok=5493 retried=154 last_latency=20.0s source=NTSB_ASRS:Pre2008
[5780/56202] ok=5503 retried=154 last_latency=12.1s source=NTSB_ASRS:Pre2008
[5790/56202] ok=5512 retried=155 last_latency=13.4s source=NTSB_ASRS:Pre2008
[5800/56202] ok=5521 retried=155 last_latency=27.0s source=NTSB_ASRS:Pre2008
[5810/56202] ok=5531 retried=155 last_latency=16.5s source=NTSB_ASRS:Pre2008
[5820/56202] ok=5541 retried=156 last_latency=41.9s source=NTSB_ASRS:Pre2008
[5830/56202] ok=5551 retried=157 last_latency=20.0s source=NTSB_ASRS:Pre2008
[5840/56202] ok=5561 retried=157 last_latency=26.3s source=NTSB_ASRS:Pre2008
[5850/56202] ok=5570 retried=158 last_latency=34.6s source=NTSB_ASRS:Pre2008
[5860/56202] ok=5579 retried=158 last_latency=18.2s source=NTSB_ASRS:Pre2008
[5870/56202] ok=5589 retried=158 last_latency=23.2s source=NTSB_ASRS:Pre2008
[5880/56202] ok=5599 retried=158 last_latency=17.0s source=NTSB_ASRS:Pre2008
[5890/56202] ok=5608 retried=158 last_latency=16.2s source=NTSB_ASRS:Pre2008
[5900/56202] ok=5618 retried=158 last_latency=24.7s source=NTSB_ASRS:Pre2008
[5910/56202] ok=5628 retried=158 last_latency=24.4s source=NTSB_ASRS:Pre2008
[5920/56202] ok=5637 retried=158 last_latency=17.7s source=NTSB_ASRS:Pre2008
[5930/56202] ok=5647 retried=158 last_latency=15.1s source=NTSB_ASRS:Pre2008
[5940/56202] ok=5657 retried=158 last_latency=14.7s source=NTSB_ASRS:Pre2008
[5950/56202] ok=5666 retried=158 last_latency=18.1s source=NTSB_ASRS:Pre2008
[5960/56202] ok=5676 retried=159 last_latency=22.7s source=NTSB_ASRS:Pre2008
[5970/56202] ok=5685 retried=159 last_latency=15.8s source=NTSB_ASRS:Pre2008
[5980/56202] ok=5695 retried=159 last_latency=18.0s source=NTSB_ASRS:Pre2008
[5990/56202] ok=5703 retried=160 last_latency=47.4s source=NTSB_ASRS:Pre2008
[6000/56202] ok=5713 retried=160 last_latency=14.7s source=NTSB_ASRS:Pre2008
[6010/56202] ok=5723 retried=160 last_latency=15.5s source=NTSB_ASRS:Pre2008
[6020/56202] ok=5733 retried=160 last_latency=8.6s source=NTSB_ASRS:Pre2008
[6030/56202] ok=5743 retried=161 last_latency=19.1s source=NTSB_ASRS:Pre2008
[6040/56202] ok=5753 retried=161 last_latency=20.8s source=NTSB_ASRS:Pre2008
[6050/56202] ok=5762 retried=161 last_latency=21.0s source=NTSB_ASRS:Pre2008
[6060/56202] ok=5772 retried=161 last_latency=18.0s source=NTSB_ASRS:Pre2008
[6070/56202] ok=5782 retried=161 last_latency=15.8s source=NTSB_ASRS:Pre2008
[6080/56202] ok=5792 retried=161 last_latency=18.3s source=NTSB_ASRS:Pre2008
[6090/56202] ok=5802 retried=161 last_latency=23.9s source=NTSB_ASRS:Pre2008
[6100/56202] ok=5811 retried=161 last_latency=24.7s source=NTSB_ASRS:Pre2008
[6110/56202] ok=5821 retried=161 last_latency=17.3s source=NTSB_ASRS:Pre2008
[6120/56202] ok=5831 retried=162 last_latency=22.9s source=NTSB_ASRS:Pre2008
[6130/56202] ok=5841 retried=162 last_latency=18.4s source=NTSB_ASRS:Pre2008
[6140/56202] ok=5851 retried=162 last_latency=8.7s source=NTSB_ASRS:Pre2008
[6150/56202] ok=5861 retried=163 last_latency=20.7s source=NTSB_ASRS:Pre2008
[6160/56202] ok=5871 retried=163 last_latency=22.1s source=NTSB_ASRS:Pre2008
[6170/56202] ok=5881 retried=163 last_latency=19.4s source=NTSB_ASRS:Pre2008
[6180/56202] ok=5891 retried=163 last_latency=16.0s source=NTSB_ASRS:Pre2008
[6190/56202] ok=5901 retried=164 last_latency=21.3s source=NTSB_ASRS:Pre2008
[6200/56202] ok=5911 retried=164 last_latency=15.9s source=NTSB_ASRS:Pre2008
[6210/56202] ok=5921 retried=164 last_latency=17.3s source=NTSB_ASRS:Pre2008
[6220/56202] ok=5930 retried=164 last_latency=13.4s source=NTSB_ASRS:Pre2008
[6230/56202] ok=5940 retried=164 last_latency=21.2s source=NTSB_ASRS:Pre2008
[6240/56202] ok=5949 retried=164 last_latency=17.5s source=NTSB_ASRS:Pre2008
[6250/56202] ok=5959 retried=164 last_latency=20.1s source=NTSB_ASRS:Pre2008
[6260/56202] ok=5969 retried=164 last_latency=18.0s source=NTSB_ASRS:Pre2008
[6270/56202] ok=5977 retried=165 last_latency=35.0s source=NTSB_ASRS:Pre2008
[6280/56202] ok=5987 retried=165 last_latency=21.0s source=NTSB_ASRS:Pre2008
[6290/56202] ok=5995 retried=165 last_latency=11.8s source=NTSB_ASRS:Pre2008
[6300/56202] ok=6005 retried=165 last_latency=16.8s source=NTSB_ASRS:Pre2008
[6310/56202] ok=6014 retried=165 last_latency=15.8s source=NTSB_ASRS:Pre2008
[6320/56202] ok=6024 retried=165 last_latency=19.0s source=NTSB_ASRS:Pre2008
[6330/56202] ok=6034 retried=165 last_latency=22.3s source=NTSB_ASRS:Pre2008
[6340/56202] ok=6043 retried=165 last_latency=15.2s source=NTSB_ASRS:Pre2008
[6350/56202] ok=6053 retried=165 last_latency=14.6s source=NTSB_ASRS:Pre2008
[6360/56202] ok=6063 retried=165 last_latency=19.0s source=NTSB_ASRS:Pre2008
[6370/56202] ok=6073 retried=165 last_latency=10.7s source=NTSB_ASRS:Pre2008
[6380/56202] ok=6083 retried=167 last_latency=26.0s source=NTSB_ASRS:Pre2008
[6390/56202] ok=6093 retried=167 last_latency=14.1s source=NTSB_ASRS:Pre2008
[6400/56202] ok=6103 retried=167 last_latency=11.5s source=NTSB_ASRS:Pre2008
[6410/56202] ok=6113 retried=167 last_latency=18.5s source=NTSB_ASRS:Pre2008
[6420/56202] ok=6123 retried=167 last_latency=18.4s source=NTSB_ASRS:Pre2008
[6430/56202] ok=6133 retried=168 last_latency=17.9s source=NTSB_ASRS:Pre2008
[6440/56202] ok=6141 retried=168 last_latency=19.6s source=NTSB_ASRS:Pre2008
[6450/56202] ok=6151 retried=169 last_latency=40.4s source=NTSB_ASRS:Pre2008
[6460/56202] ok=6159 retried=169 last_latency=8.9s source=NTSB_ASRS:Pre2008
[6470/56202] ok=6168 retried=171 last_latency=41.3s source=NTSB_ASRS:Pre2008
[6480/56202] ok=6176 retried=171 last_latency=14.1s source=NTSB_ASRS:Pre2008
[6490/56202] ok=6186 retried=171 last_latency=18.3s source=NTSB_ASRS:Pre2008
[6500/56202] ok=6194 retried=171 last_latency=19.0s source=NTSB_ASRS:Pre2008
[6510/56202] ok=6203 retried=171 last_latency=12.0s source=NTSB_ASRS:Pre2008
[6520/56202] ok=6213 retried=171 last_latency=11.3s source=NTSB_ASRS:Pre2008
[6530/56202] ok=6223 retried=171 last_latency=17.4s source=NTSB_ASRS:Pre2008
[6540/56202] ok=6233 retried=171 last_latency=14.3s source=NTSB_ASRS:Pre2008
[6550/56202] ok=6243 retried=171 last_latency=5.4s source=NTSB_ASRS:Pre2008
[6560/56202] ok=6253 retried=172 last_latency=11.8s source=NTSB_ASRS:Pre2008
[6570/56202] ok=6262 retried=172 last_latency=15.4s source=NTSB_ASRS:Pre2008
[6580/56202] ok=6270 retried=172 last_latency=13.5s source=NTSB_ASRS:Pre2008
[6590/56202] ok=6279 retried=172 last_latency=22.8s source=NTSB_ASRS:Pre2008
[6600/56202] ok=6289 retried=172 last_latency=20.3s source=NTSB_ASRS:Pre2008
[6610/56202] ok=6298 retried=172 last_latency=19.9s source=NTSB_ASRS:Pre2008
[6620/56202] ok=6308 retried=172 last_latency=8.0s source=NTSB_ASRS:Pre2008
[6630/56202] ok=6318 retried=172 last_latency=12.4s source=NTSB_ASRS:Pre2008
[6640/56202] ok=6327 retried=172 last_latency=8.6s source=NTSB_ASRS:Pre2008
[6650/56202] ok=6336 retried=172 last_latency=10.5s source=NTSB_ASRS:Pre2008
[6660/56202] ok=6346 retried=172 last_latency=21.0s source=NTSB_ASRS:Pre2008
[6670/56202] ok=6356 retried=172 last_latency=18.7s source=NTSB_ASRS:Pre2008
[6680/56202] ok=6366 retried=172 last_latency=18.0s source=NTSB_ASRS:Pre2008
[6690/56202] ok=6375 retried=172 last_latency=34.4s source=NTSB_ASRS:Pre2008
[6700/56202] ok=6385 retried=172 last_latency=21.3s source=NTSB_ASRS:Pre2008
[6710/56202] ok=6395 retried=173 last_latency=18.4s source=NTSB_ASRS:Pre2008
[6720/56202] ok=6404 retried=174 last_latency=18.3s source=NTSB_ASRS:Pre2008
[6730/56202] ok=6414 retried=174 last_latency=18.0s source=NTSB_ASRS:Pre2008
[6740/56202] ok=6424 retried=174 last_latency=17.5s source=NTSB_ASRS:Pre2008
[6750/56202] ok=6433 retried=174 last_latency=16.0s source=NTSB_ASRS:Pre2008
[6760/56202] ok=6443 retried=175 last_latency=21.4s source=NTSB_ASRS:Pre2008
[6770/56202] ok=6453 retried=175 last_latency=15.4s source=NTSB_ASRS:Pre2008
[6780/56202] ok=6463 retried=175 last_latency=18.7s source=NTSB_ASRS:Pre2008
[6790/56202] ok=6473 retried=175 last_latency=11.6s source=NTSB_ASRS:Pre2008
[6800/56202] ok=6483 retried=175 last_latency=10.9s source=NTSB_ASRS:Pre2008
[6810/56202] ok=6492 retried=175 last_latency=18.9s source=NTSB_ASRS:Pre2008
[6820/56202] ok=6501 retried=177 last_latency=22.5s source=NTSB_ASRS:Pre2008
[6830/56202] ok=6511 retried=177 last_latency=22.7s source=NTSB_ASRS:Pre2008
[6840/56202] ok=6521 retried=177 last_latency=10.1s source=NTSB_ASRS:Pre2008
[6850/56202] ok=6531 retried=179 last_latency=6.9s source=NTSB_ASRS:Pre2008
[6860/56202] ok=6540 retried=179 last_latency=12.1s source=NTSB_ASRS:Pre2008
[6870/56202] ok=6550 retried=181 last_latency=14.0s source=NTSB_ASRS:Pre2008
[6880/56202] ok=6560 retried=181 last_latency=8.4s source=NTSB_ASRS:Pre2008
[6890/56202] ok=6569 retried=181 last_latency=32.5s source=NTSB_ASRS:Pre2008
[6900/56202] ok=6579 retried=181 last_latency=21.8s source=NTSB_ASRS:Pre2008
[6910/56202] ok=6589 retried=181 last_latency=16.7s source=NTSB_ASRS:Pre2008
[6920/56202] ok=6599 retried=181 last_latency=18.2s source=NTSB_ASRS:Pre2008
[6930/56202] ok=6609 retried=182 last_latency=17.2s source=NTSB_ASRS:Pre2008
[6940/56202] ok=6617 retried=182 last_latency=15.3s source=NTSB_ASRS:Pre2008
[6950/56202] ok=6626 retried=182 last_latency=14.4s source=NTSB_ASRS:Pre2008
[6960/56202] ok=6635 retried=184 last_latency=13.6s source=NTSB_ASRS:Pre2008
[6970/56202] ok=6645 retried=184 last_latency=15.2s source=NTSB_ASRS:Pre2008
[6980/56202] ok=6654 retried=184 last_latency=20.5s source=NTSB_ASRS:Pre2008
[6990/56202] ok=6664 retried=184 last_latency=12.9s source=NTSB_ASRS:Pre2008
[7000/56202] ok=6674 retried=184 last_latency=12.4s source=NTSB_ASRS:Pre2008
[7010/56202] ok=6683 retried=185 last_latency=12.0s source=NTSB_ASRS:Pre2008
[7020/56202] ok=6693 retried=185 last_latency=12.3s source=NTSB_ASRS:Pre2008
[7030/56202] ok=6702 retried=185 last_latency=6.8s source=NTSB_ASRS:Pre2008
[7040/56202] ok=6711 retried=186 last_latency=23.5s source=NTSB_ASRS:Pre2008
[7050/56202] ok=6720 retried=187 last_latency=19.4s source=NTSB_ASRS:Pre2008
[7060/56202] ok=6728 retried=187 last_latency=11.5s source=NTSB_ASRS:Pre2008
[7070/56202] ok=6737 retried=188 last_latency=14.2s source=NTSB_ASRS:Pre2008
[7080/56202] ok=6747 retried=188 last_latency=10.7s source=NTSB_ASRS:Pre2008
[7090/56202] ok=6754 retried=188 last_latency=9.8s source=NTSB_ASRS:Pre2008
[7100/56202] ok=6763 retried=188 last_latency=17.4s source=NTSB_ASRS:Pre2008
[7110/56202] ok=6772 retried=188 last_latency=16.0s source=NTSB_ASRS:Pre2008
[7120/56202] ok=6781 retried=188 last_latency=14.8s source=NTSB_ASRS:Pre2008
[7130/56202] ok=6790 retried=188 last_latency=16.3s source=NTSB_ASRS:Pre2008
[7140/56202] ok=6797 retried=188 last_latency=11.8s source=NTSB_ASRS:Pre2008
[7150/56202] ok=6806 retried=188 last_latency=15.8s source=NTSB_ASRS:Pre2008
[7160/56202] ok=6816 retried=188 last_latency=8.6s source=NTSB_ASRS:Pre2008
[7170/56202] ok=6825 retried=188 last_latency=8.3s source=NTSB_ASRS:Pre2008
[7180/56202] ok=6835 retried=190 last_latency=11.2s source=NTSB_ASRS:Pre2008
[7190/56202] ok=6845 retried=191 last_latency=18.6s source=NTSB_ASRS:Pre2008
[7200/56202] ok=6855 retried=191 last_latency=16.0s source=NTSB_ASRS:Pre2008
[7210/56202] ok=6864 retried=191 last_latency=11.7s source=NTSB_ASRS:Pre2008
[7220/56202] ok=6874 retried=191 last_latency=17.4s source=NTSB_ASRS:Pre2008
[7230/56202] ok=6881 retried=191 last_latency=30.4s source=NTSB_ASRS:Pre2008
[7240/56202] ok=6889 retried=191 last_latency=14.5s source=NTSB_ASRS:Pre2008
[7250/56202] ok=6898 retried=191 last_latency=15.9s source=NTSB_ASRS:Pre2008
[7260/56202] ok=6908 retried=191 last_latency=15.9s source=NTSB_ASRS:Pre2008
[7270/56202] ok=6917 retried=191 last_latency=37.6s source=NTSB_ASRS:Pre2008
[7280/56202] ok=6926 retried=191 last_latency=12.3s source=NTSB_ASRS:Pre2008
[7290/56202] ok=6935 retried=191 last_latency=16.8s source=NTSB_ASRS:Pre2008
[7300/56202] ok=6945 retried=191 last_latency=29.1s source=NTSB_ASRS:Pre2008
[7310/56202] ok=6955 retried=191 last_latency=15.4s source=NTSB_ASRS:Pre2008
[7320/56202] ok=6964 retried=192 last_latency=20.1s source=NTSB_ASRS:Pre2008
[7330/56202] ok=6973 retried=192 last_latency=29.0s source=NTSB_ASRS:Pre2008
[7340/56202] ok=6981 retried=192 last_latency=22.0s source=NTSB_ASRS:Pre2008
[7350/56202] ok=6990 retried=192 last_latency=15.4s source=NTSB_ASRS:Pre2008
[7360/56202] ok=6999 retried=192 last_latency=18.7s source=NTSB_ASRS:Pre2008
[7370/56202] ok=7009 retried=192 last_latency=5.3s source=NTSB_ASRS:Pre2008
[7380/56202] ok=7019 retried=192 last_latency=15.5s source=NTSB_ASRS:Pre2008
[7390/56202] ok=7029 retried=192 last_latency=13.0s source=NTSB_ASRS:Pre2008
[7400/56202] ok=7039 retried=192 last_latency=17.8s source=NTSB_ASRS:Pre2008
[7410/56202] ok=7048 retried=192 last_latency=7.9s source=NTSB_ASRS:Pre2008
[7420/56202] ok=7057 retried=192 last_latency=15.0s source=NTSB_ASRS:Pre2008
[7430/56202] ok=7065 retried=192 last_latency=26.1s source=NTSB_ASRS:Pre2008
[7440/56202] ok=7075 retried=193 last_latency=18.0s source=NTSB_ASRS:Pre2008
[7450/56202] ok=7084 retried=193 last_latency=17.8s source=NTSB_ASRS:Pre2008
[7460/56202] ok=7094 retried=193 last_latency=13.3s source=NTSB_ASRS:Pre2008
[7470/56202] ok=7104 retried=194 last_latency=14.9s source=NTSB_ASRS:Pre2008
[7480/56202] ok=7114 retried=194 last_latency=19.3s source=NTSB_ASRS:Pre2008
[7490/56202] ok=7123 retried=194 last_latency=18.9s source=NTSB_ASRS:Pre2008
[7500/56202] ok=7133 retried=195 last_latency=58.5s source=NTSB_ASRS:Pre2008
[7510/56202] ok=7143 retried=197 last_latency=21.9s source=NTSB_ASRS:Pre2008
[7520/56202] ok=7152 retried=197 last_latency=15.4s source=NTSB_ASRS:Pre2008
[7530/56202] ok=7160 retried=197 last_latency=18.4s source=NTSB_ASRS:Pre2008
[7540/56202] ok=7170 retried=197 last_latency=18.6s source=NTSB_ASRS:Pre2008
[7550/56202] ok=7178 retried=197 last_latency=46.3s source=NTSB_ASRS:Pre2008
[7560/56202] ok=7187 retried=198 last_latency=11.1s source=NTSB_ASRS:Pre2008
[7570/56202] ok=7196 retried=198 last_latency=12.3s source=NTSB_ASRS:Pre2008
[7580/56202] ok=7206 retried=198 last_latency=16.8s source=NTSB_ASRS:Pre2008
[7590/56202] ok=7215 retried=198 last_latency=37.6s source=NTSB_ASRS:Pre2008
[7600/56202] ok=7225 retried=198 last_latency=10.6s source=NTSB_ASRS:Pre2008
[7610/56202] ok=7234 retried=198 last_latency=17.5s source=NTSB_ASRS:Pre2008
[7620/56202] ok=7244 retried=199 last_latency=16.7s source=NTSB_ASRS:Pre2008
[7630/56202] ok=7254 retried=200 last_latency=12.1s source=NTSB_ASRS:Pre2008
[7640/56202] ok=7262 retried=200 last_latency=21.0s source=NTSB_ASRS:Pre2008
[7650/56202] ok=7271 retried=200 last_latency=14.8s source=NTSB_ASRS:Pre2008
[7660/56202] ok=7281 retried=200 last_latency=14.8s source=NTSB_ASRS:Pre2008
[7670/56202] ok=7290 retried=201 last_latency=21.7s source=NTSB_ASRS:Pre2008
[7680/56202] ok=7300 retried=201 last_latency=12.6s source=NTSB_ASRS:Pre2008
[7690/56202] ok=7309 retried=201 last_latency=14.6s source=NTSB_ASRS:Pre2008
[7700/56202] ok=7319 retried=202 last_latency=13.8s source=NTSB_ASRS:Pre2008
[7710/56202] ok=7329 retried=202 last_latency=11.2s source=NTSB_ASRS:Pre2008
[7720/56202] ok=7339 retried=204 last_latency=10.0s source=NTSB_ASRS:Pre2008
[7730/56202] ok=7348 retried=204 last_latency=22.0s source=NTSB_ASRS:Pre2008
[7740/56202] ok=7357 retried=204 last_latency=13.1s source=NTSB_ASRS:Pre2008
[7750/56202] ok=7367 retried=204 last_latency=19.5s source=NTSB_ASRS:Pre2008
[7760/56202] ok=7377 retried=204 last_latency=19.0s source=NTSB_ASRS:Pre2008
[7770/56202] ok=7387 retried=204 last_latency=21.5s source=NTSB_ASRS:Pre2008
[7780/56202] ok=7397 retried=205 last_latency=25.0s source=NTSB_ASRS:Pre2008
[7790/56202] ok=7405 retried=205 last_latency=19.0s source=NTSB_ASRS:Pre2008
[7800/56202] ok=7413 retried=206 last_latency=43.3s source=NTSB_ASRS:Pre2008
[7810/56202] ok=7423 retried=206 last_latency=13.8s source=NTSB_ASRS:Pre2008
[7820/56202] ok=7433 retried=206 last_latency=16.0s source=NTSB_ASRS:Pre2008
[7830/56202] ok=7443 retried=206 last_latency=19.4s source=NTSB_ASRS:Pre2008
[7840/56202] ok=7453 retried=207 last_latency=13.9s source=NTSB_ASRS:Pre2008
[7850/56202] ok=7463 retried=207 last_latency=20.9s source=NTSB_ASRS:Pre2008
[7860/56202] ok=7470 retried=207 last_latency=44.3s source=NTSB_ASRS:Pre2008
[7870/56202] ok=7480 retried=207 last_latency=22.2s source=NTSB_ASRS:Pre2008
[7880/56202] ok=7489 retried=207 last_latency=51.4s source=NTSB_ASRS:Pre2008
[7890/56202] ok=7498 retried=207 last_latency=16.9s source=NTSB_ASRS:Pre2008
[7900/56202] ok=7508 retried=208 last_latency=12.8s source=NTSB_ASRS:Pre2008
[7910/56202] ok=7518 retried=208 last_latency=18.9s source=NTSB_ASRS:Pre2008
[7920/56202] ok=7528 retried=209 last_latency=17.9s source=NTSB_ASRS:Pre2008
[7930/56202] ok=7538 retried=210 last_latency=19.3s source=NTSB_ASRS:Pre2008
[7940/56202] ok=7548 retried=210 last_latency=21.5s source=NTSB_ASRS:Pre2008
[7950/56202] ok=7558 retried=210 last_latency=21.0s source=NTSB_ASRS:Pre2008
[7960/56202] ok=7566 retried=211 last_latency=29.0s source=NTSB_ASRS:Pre2008
[7970/56202] ok=7573 retried=212 last_latency=32.4s source=NTSB_ASRS:Pre2008
[7980/56202] ok=7583 retried=212 last_latency=11.1s source=NTSB_ASRS:Pre2008
[7990/56202] ok=7593 retried=212 last_latency=12.8s source=NTSB_ASRS:Pre2008
[8000/56202] ok=7603 retried=212 last_latency=12.1s source=NTSB_ASRS:Pre2008
[8010/56202] ok=7612 retried=213 last_latency=18.0s source=NTSB_ASRS:Pre2008
[8020/56202] ok=7619 retried=213 last_latency=24.3s source=NTSB_ASRS:Pre2008
[8030/56202] ok=7629 retried=213 last_latency=14.1s source=NTSB_ASRS:Pre2008
[8040/56202] ok=7639 retried=214 last_latency=22.1s source=NTSB_ASRS:Pre2008
[8050/56202] ok=7649 retried=216 last_latency=17.8s source=NTSB_ASRS:Pre2008
[8060/56202] ok=7659 retried=216 last_latency=23.4s source=NTSB_ASRS:Pre2008
[8070/56202] ok=7669 retried=216 last_latency=14.5s source=NTSB_ASRS:Pre2008
[8080/56202] ok=7677 retried=216 last_latency=20.7s source=NTSB_ASRS:Pre2008
[8090/56202] ok=7687 retried=216 last_latency=6.5s source=NTSB_ASRS:Pre2008
[8100/56202] ok=7697 retried=216 last_latency=23.2s source=NTSB_ASRS:Pre2008
[8110/56202] ok=7706 retried=216 last_latency=18.9s source=NTSB_ASRS:Pre2008
[8120/56202] ok=7714 retried=216 last_latency=28.7s source=NTSB_ASRS:Pre2008
[8130/56202] ok=7724 retried=217 last_latency=29.7s source=NTSB_ASRS:Pre2008
[8140/56202] ok=7734 retried=217 last_latency=14.5s source=NTSB_ASRS:Pre2008
[8150/56202] ok=7744 retried=217 last_latency=10.5s source=NTSB_ASRS:Pre2008
[8160/56202] ok=7753 retried=217 last_latency=18.1s source=NTSB_ASRS:Pre2008
[8170/56202] ok=7763 retried=217 last_latency=16.7s source=NTSB_ASRS:Pre2008
[8180/56202] ok=7773 retried=217 last_latency=21.2s source=NTSB_ASRS:Pre2008
[8190/56202] ok=7783 retried=217 last_latency=14.4s source=NTSB_ASRS:Pre2008
[8200/56202] ok=7793 retried=217 last_latency=14.4s source=NTSB_ASRS:Pre2008
[8210/56202] ok=7802 retried=217 last_latency=13.3s source=NTSB_ASRS:Pre2008
[8220/56202] ok=7812 retried=217 last_latency=11.2s source=NTSB_ASRS:Pre2008
[8230/56202] ok=7822 retried=217 last_latency=25.5s source=NTSB_ASRS:Pre2008
[8240/56202] ok=7831 retried=217 last_latency=12.9s source=NTSB_ASRS:Pre2008
[8250/56202] ok=7841 retried=217 last_latency=15.2s source=NTSB_ASRS:Pre2008
[8260/56202] ok=7851 retried=218 last_latency=16.9s source=NTSB_ASRS:Pre2008
[8270/56202] ok=7861 retried=219 last_latency=9.3s source=NTSB_ASRS:Pre2008
[8280/56202] ok=7870 retried=219 last_latency=3.9s source=NTSB_ASRS:Pre2008
[8290/56202] ok=7880 retried=219 last_latency=12.1s source=NTSB_ASRS:Pre2008
[8300/56202] ok=7889 retried=219 last_latency=19.6s source=NTSB_ASRS:Pre2008
[8310/56202] ok=7899 retried=219 last_latency=18.2s source=NTSB_ASRS:Pre2008
[8320/56202] ok=7909 retried=219 last_latency=11.6s source=NTSB_ASRS:Pre2008
[8330/56202] ok=7918 retried=219 last_latency=28.9s source=NTSB_ASRS:Pre2008
[8340/56202] ok=7928 retried=219 last_latency=19.8s source=NTSB_ASRS:Pre2008
[8350/56202] ok=7938 retried=219 last_latency=8.3s source=NTSB_ASRS:Pre2008
[8360/56202] ok=7948 retried=219 last_latency=16.2s source=NTSB_ASRS:Pre2008
[8370/56202] ok=7957 retried=219 last_latency=16.0s source=NTSB_ASRS:Pre2008
[8380/56202] ok=7967 retried=220 last_latency=18.7s source=NTSB_ASRS:Pre2008
[8390/56202] ok=7976 retried=220 last_latency=12.5s source=NTSB_ASRS:Pre2008
[8400/56202] ok=7986 retried=220 last_latency=4.5s source=NTSB_ASRS:Pre2008
[8410/56202] ok=7996 retried=220 last_latency=16.1s source=NTSB_ASRS:Pre2008
[8420/56202] ok=8004 retried=220 last_latency=12.0s source=NTSB_ASRS:Pre2008
[8430/56202] ok=8013 retried=220 last_latency=14.2s source=NTSB_ASRS:Pre2008
[8440/56202] ok=8022 retried=220 last_latency=21.7s source=NTSB_ASRS:Pre2008
[8450/56202] ok=8031 retried=221 last_latency=9.6s source=NTSB_ASRS:Pre2008
[8460/56202] ok=8039 retried=221 last_latency=23.2s source=NTSB_ASRS:Pre2008
[8470/56202] ok=8049 retried=221 last_latency=14.2s source=NTSB_ASRS:Pre2008
[8480/56202] ok=8059 retried=221 last_latency=15.5s source=NTSB_ASRS:Pre2008
[8490/56202] ok=8069 retried=221 last_latency=11.9s source=NTSB_ASRS:Pre2008
[8500/56202] ok=8078 retried=221 last_latency=16.6s source=NTSB_ASRS:Pre2008
[8510/56202] ok=8088 retried=222 last_latency=17.0s source=NTSB_ASRS:Pre2008
[8520/56202] ok=8098 retried=222 last_latency=18.5s source=NTSB_ASRS:Pre2008
[8530/56202] ok=8108 retried=222 last_latency=9.5s source=NTSB_ASRS:Pre2008
[8540/56202] ok=8118 retried=222 last_latency=20.8s source=NTSB_ASRS:Pre2008
[8550/56202] ok=8128 retried=222 last_latency=11.6s source=NTSB_ASRS:Pre2008
[8560/56202] ok=8137 retried=223 last_latency=14.7s source=NTSB_ASRS:Pre2008
[8570/56202] ok=8147 retried=225 last_latency=38.2s source=NTSB_ASRS:Pre2008
[8580/56202] ok=8157 retried=225 last_latency=8.7s source=NTSB_ASRS:Pre2008
[8590/56202] ok=8167 retried=225 last_latency=8.3s source=NTSB_ASRS:Pre2008
[8600/56202] ok=8175 retried=225 last_latency=19.9s source=NTSB_ASRS:Pre2008
[8610/56202] ok=8185 retried=225 last_latency=13.2s source=NTSB_ASRS:Pre2008
[8620/56202] ok=8195 retried=225 last_latency=14.5s source=NTSB_ASRS:Pre2008
[8630/56202] ok=8205 retried=225 last_latency=7.6s source=NTSB_ASRS:Pre2008
[8640/56202] ok=8215 retried=225 last_latency=19.7s source=NTSB_ASRS:Pre2008
[8650/56202] ok=8225 retried=225 last_latency=17.7s source=NTSB_ASRS:Pre2008
[8660/56202] ok=8235 retried=225 last_latency=11.9s source=NTSB_ASRS:Pre2008
[8670/56202] ok=8245 retried=225 last_latency=13.9s source=NTSB_ASRS:Pre2008
[8680/56202] ok=8255 retried=225 last_latency=27.0s source=NTSB_ASRS:Pre2008
[8690/56202] ok=8264 retried=226 last_latency=17.8s source=NTSB_ASRS:Pre2008
[8700/56202] ok=8274 retried=226 last_latency=12.4s source=NTSB_ASRS:Pre2008
[8710/56202] ok=8283 retried=227 last_latency=22.4s source=NTSB_ASRS:Pre2008
[8720/56202] ok=8293 retried=228 last_latency=9.2s source=NTSB_ASRS:Pre2008
[8730/56202] ok=8303 retried=228 last_latency=21.5s source=NTSB_ASRS:Pre2008
[8740/56202] ok=8313 retried=228 last_latency=17.9s source=NTSB_ASRS:Pre2008
[8750/56202] ok=8323 retried=229 last_latency=11.5s source=NTSB_ASRS:Pre2008
[8760/56202] ok=8333 retried=229 last_latency=13.4s source=NTSB_ASRS:Pre2008
[8770/56202] ok=8343 retried=229 last_latency=10.3s source=NTSB_ASRS:Pre2008
[8780/56202] ok=8353 retried=229 last_latency=9.8s source=NTSB_ASRS:Pre2008
[8790/56202] ok=8363 retried=229 last_latency=19.4s source=NTSB_ASRS:Pre2008
[8800/56202] ok=8373 retried=229 last_latency=19.9s source=NTSB_ASRS:Pre2008
[8810/56202] ok=8383 retried=229 last_latency=14.4s source=NTSB_ASRS:Pre2008
[8820/56202] ok=8393 retried=229 last_latency=18.0s source=NTSB_ASRS:Pre2008
[8830/56202] ok=8403 retried=230 last_latency=12.8s source=NTSB_ASRS:Pre2008
[8840/56202] ok=8412 retried=230 last_latency=17.0s source=NTSB_ASRS:Pre2008
[8850/56202] ok=8421 retried=230 last_latency=13.7s source=NTSB_ASRS:Pre2008
[8860/56202] ok=8431 retried=230 last_latency=16.4s source=NTSB_ASRS:Pre2008
[8870/56202] ok=8441 retried=230 last_latency=15.0s source=NTSB_ASRS:Pre2008
[8880/56202] ok=8451 retried=230 last_latency=15.2s source=NTSB_ASRS:Pre2008
[8890/56202] ok=8460 retried=230 last_latency=11.7s source=NTSB_ASRS:Pre2008
[8900/56202] ok=8470 retried=230 last_latency=18.2s source=NTSB_ASRS:Pre2008
[8910/56202] ok=8479 retried=230 last_latency=15.9s source=NTSB_ASRS:Pre2008
[8920/56202] ok=8489 retried=230 last_latency=9.1s source=NTSB_ASRS:Pre2008
[8930/56202] ok=8499 retried=230 last_latency=15.2s source=NTSB_ASRS:Pre2008
[8940/56202] ok=8509 retried=230 last_latency=19.5s source=NTSB_ASRS:Pre2008
[8950/56202] ok=8518 retried=230 last_latency=19.2s source=NTSB_ASRS:Pre2008
[8960/56202] ok=8528 retried=231 last_latency=4.9s source=NTSB_ASRS:Pre2008
[8970/56202] ok=8536 retried=231 last_latency=20.9s source=NTSB_ASRS:Pre2008
[8980/56202] ok=8546 retried=232 last_latency=18.8s source=NTSB_ASRS:Pre2008
[8990/56202] ok=8556 retried=232 last_latency=18.3s source=NTSB_ASRS:Pre2008
[9000/56202] ok=8565 retried=232 last_latency=21.0s source=NTSB_ASRS:Pre2008
[9010/56202] ok=8575 retried=232 last_latency=19.5s source=NTSB_ASRS:Pre2008
[9020/56202] ok=8583 retried=232 last_latency=26.2s source=NTSB_ASRS:Pre2008
[9030/56202] ok=8593 retried=232 last_latency=13.7s source=NTSB_ASRS:Pre2008
[9040/56202] ok=8603 retried=233 last_latency=18.6s source=NTSB_ASRS:Pre2008
[9050/56202] ok=8613 retried=233 last_latency=20.5s source=NTSB_ASRS:Pre2008
[9060/56202] ok=8622 retried=233 last_latency=13.1s source=NTSB_ASRS:Pre2008
[9070/56202] ok=8632 retried=234 last_latency=11.0s source=NTSB_ASRS:Pre2008
[9080/56202] ok=8642 retried=235 last_latency=9.8s source=NTSB_ASRS:Pre2008
[9090/56202] ok=8652 retried=235 last_latency=12.7s source=NTSB_ASRS:Pre2008
[9100/56202] ok=8662 retried=235 last_latency=20.0s source=NTSB_ASRS:Pre2008
[9110/56202] ok=8672 retried=235 last_latency=11.9s source=NTSB_ASRS:Pre2008
[9120/56202] ok=8681 retried=235 last_latency=16.6s source=NTSB_ASRS:Pre2008
[9130/56202] ok=8690 retried=235 last_latency=14.8s source=NTSB_ASRS:Pre2008
[9140/56202] ok=8699 retried=235 last_latency=19.2s source=NTSB_ASRS:Pre2008
[9150/56202] ok=8707 retried=235 last_latency=22.0s source=NTSB_ASRS:Pre2008
[9160/56202] ok=8716 retried=235 last_latency=12.3s source=NTSB_ASRS:Pre2008
[9170/56202] ok=8725 retried=235 last_latency=19.3s source=NTSB_ASRS:Pre2008
[9180/56202] ok=8735 retried=235 last_latency=12.3s source=NTSB_ASRS:Pre2008
[9190/56202] ok=8744 retried=235 last_latency=17.2s source=NTSB_ASRS:Pre2008
[9200/56202] ok=8752 retried=236 last_latency=23.0s source=NTSB_ASRS:Pre2008
[9210/56202] ok=8762 retried=237 last_latency=11.6s source=NTSB_ASRS:Pre2008
[9220/56202] ok=8772 retried=237 last_latency=16.7s source=NTSB_ASRS:Pre2008
[9230/56202] ok=8782 retried=237 last_latency=13.8s source=NTSB_ASRS:Pre2008
[9240/56202] ok=8791 retried=238 last_latency=22.1s source=NTSB_ASRS:Pre2008
[9250/56202] ok=8801 retried=238 last_latency=14.8s source=NTSB_ASRS:Pre2008
[9260/56202] ok=8809 retried=238 last_latency=17.3s source=NTSB_ASRS:Pre2008
[9270/56202] ok=8819 retried=238 last_latency=14.1s source=NTSB_ASRS:Pre2008
[9280/56202] ok=8829 retried=238 last_latency=16.5s source=NTSB_ASRS:Pre2008
[9290/56202] ok=8838 retried=238 last_latency=12.5s source=NTSB_ASRS:Pre2008
[9300/56202] ok=8848 retried=238 last_latency=19.3s source=NTSB_ASRS:Pre2008
[9310/56202] ok=8856 retried=238 last_latency=16.3s source=NTSB_ASRS:Pre2008
[9320/56202] ok=8866 retried=238 last_latency=15.2s source=NTSB_ASRS:Pre2008
[9330/56202] ok=8875 retried=238 last_latency=17.1s source=NTSB_ASRS:Pre2008
[9340/56202] ok=8884 retried=238 last_latency=16.7s source=NTSB_ASRS:Pre2008
[9350/56202] ok=8893 retried=238 last_latency=17.2s source=NTSB_ASRS:Pre2008
[9360/56202] ok=8902 retried=238 last_latency=15.0s source=NTSB_ASRS:Pre2008
[9370/56202] ok=8911 retried=240 last_latency=44.1s source=NTSB_ASRS:Pre2008
[9380/56202] ok=8920 retried=242 last_latency=24.6s source=NTSB_ASRS:Pre2008
[9390/56202] ok=8930 retried=242 last_latency=18.0s source=NTSB_ASRS:Pre2008
[9400/56202] ok=8940 retried=242 last_latency=23.7s source=NTSB_ASRS:Pre2008
[9410/56202] ok=8950 retried=242 last_latency=12.7s source=NTSB_ASRS:Pre2008
[9420/56202] ok=8960 retried=242 last_latency=11.4s source=NTSB_ASRS:Pre2008
[9430/56202] ok=8969 retried=242 last_latency=15.1s source=NTSB_ASRS:Pre2008
[9440/56202] ok=8979 retried=242 last_latency=14.5s source=NTSB_ASRS:Pre2008
[9450/56202] ok=8989 retried=242 last_latency=16.3s source=NTSB_ASRS:Pre2008
[9460/56202] ok=8997 retried=242 last_latency=31.3s source=NTSB_ASRS:Pre2008
[9470/56202] ok=9006 retried=243 last_latency=11.2s source=NTSB_ASRS:Pre2008
[9480/56202] ok=9015 retried=243 last_latency=18.4s source=NTSB_ASRS:Pre2008
[9490/56202] ok=9024 retried=243 last_latency=16.9s source=NTSB_ASRS:Pre2008
[9500/56202] ok=9032 retried=243 last_latency=15.3s source=NTSB_ASRS:Pre2008
[9510/56202] ok=9041 retried=243 last_latency=15.5s source=NTSB_ASRS:Pre2008
[9520/56202] ok=9051 retried=243 last_latency=13.7s source=NTSB_ASRS:Pre2008
[9530/56202] ok=9060 retried=243 last_latency=15.8s source=NTSB_ASRS:Pre2008
[9540/56202] ok=9070 retried=243 last_latency=9.1s source=NTSB_ASRS:Pre2008
[9550/56202] ok=9080 retried=243 last_latency=15.5s source=NTSB_ASRS:Pre2008
[9560/56202] ok=9089 retried=243 last_latency=16.8s source=NTSB_ASRS:Pre2008
[9570/56202] ok=9099 retried=243 last_latency=14.9s source=NTSB_ASRS:Pre2008
[9580/56202] ok=9109 retried=243 last_latency=15.9s source=NTSB_ASRS:Pre2008
[9590/56202] ok=9119 retried=243 last_latency=18.3s source=NTSB_ASRS:Pre2008
[9600/56202] ok=9129 retried=243 last_latency=8.8s source=NTSB_ASRS:Pre2008
[9610/56202] ok=9138 retried=243 last_latency=16.5s source=NTSB_ASRS:Pre2008
[9620/56202] ok=9148 retried=243 last_latency=15.3s source=NTSB_ASRS:Pre2008
[9630/56202] ok=9158 retried=243 last_latency=16.9s source=NTSB_ASRS:Pre2008
[9640/56202] ok=9168 retried=244 last_latency=22.0s source=NTSB_ASRS:Pre2008
[9650/56202] ok=9177 retried=244 last_latency=28.4s source=NTSB_ASRS:Pre2008
[9660/56202] ok=9187 retried=244 last_latency=12.8s source=NTSB_ASRS:Pre2008
[9670/56202] ok=9196 retried=244 last_latency=15.5s source=NTSB_ASRS:Pre2008
[9680/56202] ok=9205 retried=245 last_latency=16.9s source=NTSB_ASRS:Pre2008
[9690/56202] ok=9215 retried=245 last_latency=21.5s source=NTSB_ASRS:Pre2008
[9700/56202] ok=9225 retried=245 last_latency=13.9s source=NTSB_ASRS:Pre2008
[9710/56202] ok=9235 retried=246 last_latency=11.7s source=NTSB_ASRS:Pre2008
[9720/56202] ok=9245 retried=246 last_latency=15.6s source=NTSB_ASRS:Pre2008
[9730/56202] ok=9255 retried=246 last_latency=16.6s source=NTSB_ASRS:Pre2008
[9740/56202] ok=9265 retried=246 last_latency=9.9s source=NTSB_ASRS:Pre2008
[9750/56202] ok=9275 retried=246 last_latency=17.9s source=NTSB_ASRS:Pre2008
[9760/56202] ok=9285 retried=247 last_latency=11.5s source=NTSB_ASRS:Pre2008
[9770/56202] ok=9294 retried=247 last_latency=12.7s source=NTSB_ASRS:Pre2008
[9780/56202] ok=9304 retried=247 last_latency=12.5s source=NTSB_ASRS:Pre2008
[9790/56202] ok=9314 retried=247 last_latency=12.9s source=NTSB_ASRS:Pre2008
[9800/56202] ok=9323 retried=247 last_latency=16.0s source=NTSB_ASRS:Pre2008
[9810/56202] ok=9332 retried=247 last_latency=19.5s source=NTSB_ASRS:Pre2008
[9820/56202] ok=9342 retried=247 last_latency=17.9s source=NTSB_ASRS:Pre2008
[9830/56202] ok=9351 retried=247 last_latency=13.8s source=NTSB_ASRS:Pre2008
[9840/56202] ok=9359 retried=247 last_latency=15.1s source=NTSB_ASRS:Pre2008
[9850/56202] ok=9369 retried=247 last_latency=11.8s source=NTSB_ASRS:Pre2008
[9860/56202] ok=9379 retried=247 last_latency=14.4s source=NTSB_ASRS:Pre2008
[9870/56202] ok=9389 retried=247 last_latency=16.6s source=NTSB_ASRS:Pre2008
[9880/56202] ok=9399 retried=248 last_latency=17.0s source=NTSB_ASRS:Pre2008
[9890/56202] ok=9408 retried=248 last_latency=13.7s source=NTSB_ASRS:Pre2008
[9900/56202] ok=9418 retried=248 last_latency=17.5s source=NTSB_ASRS:Pre2008
[9910/56202] ok=9428 retried=248 last_latency=18.7s source=NTSB_ASRS:Pre2008
[9920/56202] ok=9436 retried=248 last_latency=23.7s source=NTSB_ASRS:Pre2008
[9930/56202] ok=9444 retried=248 last_latency=20.7s source=NTSB_ASRS:Pre2008
[9940/56202] ok=9454 retried=248 last_latency=23.3s source=NTSB_ASRS:Pre2008
[9950/56202] ok=9464 retried=249 last_latency=8.3s source=NTSB_ASRS:Pre2008
[9960/56202] ok=9474 retried=249 last_latency=11.6s source=NTSB_ASRS:Pre2008
[9970/56202] ok=9483 retried=249 last_latency=14.8s source=NTSB_ASRS:Pre2008
[9980/56202] ok=9492 retried=249 last_latency=15.5s source=NTSB_ASRS:Pre2008
[9990/56202] ok=9502 retried=249 last_latency=13.9s source=NTSB_ASRS:Pre2008
[10000/56202] ok=9512 retried=249 last_latency=10.1s source=NTSB_ASRS:Pre2008
[10010/56202] ok=9522 retried=249 last_latency=17.6s source=NTSB_ASRS:Pre2008
[10020/56202] ok=9531 retried=249 last_latency=13.7s source=NTSB_ASRS:Pre2008
[10030/56202] ok=9541 retried=249 last_latency=17.7s source=NTSB_ASRS:Pre2008
[10040/56202] ok=9550 retried=249 last_latency=10.6s source=NTSB_ASRS:Pre2008
[10050/56202] ok=9560 retried=249 last_latency=16.3s source=NTSB_ASRS:Pre2008
[10060/56202] ok=9569 retried=250 last_latency=21.2s source=NTSB_ASRS:Pre2008
[10070/56202] ok=9579 retried=250 last_latency=10.2s source=NTSB_ASRS:Pre2008
[10080/56202] ok=9589 retried=250 last_latency=23.9s source=NTSB_ASRS:Pre2008
[10090/56202] ok=9599 retried=251 last_latency=9.9s source=NTSB_ASRS:Pre2008
[10100/56202] ok=9609 retried=251 last_latency=12.4s source=NTSB_ASRS:Pre2008
[10110/56202] ok=9619 retried=251 last_latency=20.8s source=NTSB_ASRS:Pre2008
[10120/56202] ok=9629 retried=252 last_latency=12.5s source=NTSB_ASRS:Pre2008
[10130/56202] ok=9639 retried=252 last_latency=15.0s source=NTSB_ASRS:Pre2008
[10140/56202] ok=9649 retried=252 last_latency=12.9s source=NTSB_ASRS:Pre2008
[10150/56202] ok=9658 retried=253 last_latency=24.6s source=NTSB_ASRS:Pre2008
[10160/56202] ok=9668 retried=254 last_latency=17.5s source=NTSB_ASRS:Pre2008
[10170/56202] ok=9678 retried=254 last_latency=11.8s source=NTSB_ASRS:Pre2008
[10180/56202] ok=9688 retried=254 last_latency=18.0s source=NTSB_ASRS:Pre2008
[10190/56202] ok=9697 retried=254 last_latency=14.0s source=NTSB_ASRS:Pre2008
[10200/56202] ok=9705 retried=254 last_latency=15.5s source=NTSB_ASRS:Pre2008
[10210/56202] ok=9715 retried=254 last_latency=18.6s source=NTSB_ASRS:Pre2008
[10220/56202] ok=9724 retried=254 last_latency=15.6s source=NTSB_ASRS:Pre2008
[10230/56202] ok=9733 retried=254 last_latency=22.1s source=NTSB_ASRS:Pre2008
[10240/56202] ok=9742 retried=254 last_latency=17.6s source=NTSB_ASRS:Pre2008
[10250/56202] ok=9752 retried=255 last_latency=22.0s source=NTSB_ASRS:Pre2008
[10260/56202] ok=9761 retried=255 last_latency=13.2s source=NTSB_ASRS:Pre2008
[10270/56202] ok=9770 retried=255 last_latency=13.3s source=NTSB_ASRS:Pre2008
[10280/56202] ok=9780 retried=256 last_latency=23.7s source=NTSB_ASRS:Pre2008
[10290/56202] ok=9790 retried=256 last_latency=9.4s source=NTSB_ASRS:Pre2008
[10300/56202] ok=9800 retried=256 last_latency=16.2s source=NTSB_ASRS:Pre2008
[10310/56202] ok=9809 retried=256 last_latency=17.3s source=NTSB_ASRS:Pre2008
[10320/56202] ok=9818 retried=256 last_latency=21.8s source=NTSB_ASRS:Pre2008
[10330/56202] ok=9827 retried=256 last_latency=8.5s source=NTSB_ASRS:Pre2008
[10340/56202] ok=9836 retried=256 last_latency=18.2s source=NTSB_ASRS:Pre2008
[10350/56202] ok=9846 retried=256 last_latency=17.2s source=NTSB_ASRS:Pre2008
[10360/56202] ok=9856 retried=257 last_latency=13.8s source=NTSB_ASRS:Pre2008
[10370/56202] ok=9865 retried=258 last_latency=14.0s source=NTSB_ASRS:Pre2008
[10380/56202] ok=9875 retried=258 last_latency=15.8s source=NTSB_ASRS:Pre2008
[10390/56202] ok=9885 retried=258 last_latency=16.0s source=NTSB_ASRS:Pre2008
[10400/56202] ok=9893 retried=258 last_latency=15.6s source=NTSB_ASRS:Pre2008
[10410/56202] ok=9902 retried=258 last_latency=43.3s source=NTSB_ASRS:Pre2008
[10420/56202] ok=9912 retried=259 last_latency=17.3s source=NTSB_ASRS:Pre2008
[10430/56202] ok=9921 retried=259 last_latency=11.5s source=NTSB_ASRS:Pre2008
[10440/56202] ok=9930 retried=259 last_latency=15.0s source=NTSB_ASRS:Pre2008
[10450/56202] ok=9940 retried=259 last_latency=17.1s source=NTSB_ASRS:Pre2008
[10460/56202] ok=9949 retried=259 last_latency=21.6s source=NTSB_ASRS:Pre2008
[10470/56202] ok=9959 retried=259 last_latency=21.1s source=NTSB_ASRS:Pre2008
[10480/56202] ok=9969 retried=261 last_latency=13.8s source=NTSB_ASRS:Pre2008
[10490/56202] ok=9979 retried=261 last_latency=19.9s source=NTSB_ASRS:Pre2008
[10500/56202] ok=9989 retried=261 last_latency=17.1s source=NTSB_ASRS:Pre2008
[10510/56202] ok=9998 retried=261 last_latency=21.0s source=NTSB_ASRS:Pre2008
[10520/56202] ok=10008 retried=261 last_latency=8.8s source=NTSB_ASRS:Pre2008
[10530/56202] ok=10017 retried=261 last_latency=17.9s source=NTSB_ASRS:Pre2008
[10540/56202] ok=10026 retried=261 last_latency=15.8s source=NTSB_ASRS:Pre2008
[10550/56202] ok=10035 retried=261 last_latency=19.5s source=NTSB_ASRS:Pre2008
[10560/56202] ok=10045 retried=261 last_latency=17.8s source=NTSB_ASRS:Pre2008
[10570/56202] ok=10055 retried=261 last_latency=17.8s source=NTSB_ASRS:Pre2008
[10580/56202] ok=10065 retried=261 last_latency=13.1s source=NTSB_ASRS:Pre2008
[10590/56202] ok=10075 retried=261 last_latency=21.2s source=NTSB_ASRS:Pre2008
[10600/56202] ok=10085 retried=262 last_latency=21.8s source=NTSB_ASRS:Pre2008
[10610/56202] ok=10095 retried=262 last_latency=14.5s source=NTSB_ASRS:Pre2008
[10620/56202] ok=10104 retried=263 last_latency=14.9s source=NTSB_ASRS:Pre2008
[10630/56202] ok=10113 retried=263 last_latency=12.1s source=NTSB_ASRS:Pre2008
[10640/56202] ok=10122 retried=263 last_latency=19.4s source=NTSB_ASRS:Pre2008
[10650/56202] ok=10131 retried=263 last_latency=15.0s source=NTSB_ASRS:Pre2008
[10660/56202] ok=10141 retried=263 last_latency=14.4s source=NTSB_ASRS:Pre2008
[10670/56202] ok=10150 retried=263 last_latency=28.1s source=NTSB_ASRS:Pre2008
[10680/56202] ok=10158 retried=263 last_latency=22.1s source=NTSB_ASRS:Pre2008
[10690/56202] ok=10168 retried=263 last_latency=10.9s source=NTSB_ASRS:Pre2008
[10700/56202] ok=10178 retried=263 last_latency=15.2s source=NTSB_ASRS:Pre2008
[10710/56202] ok=10188 retried=263 last_latency=16.1s source=NTSB_ASRS:Pre2008
[10720/56202] ok=10198 retried=263 last_latency=13.7s source=NTSB_ASRS:Pre2008
[10730/56202] ok=10208 retried=263 last_latency=14.5s source=NTSB_ASRS:Pre2008
[10740/56202] ok=10217 retried=263 last_latency=11.0s source=NTSB_ASRS:Pre2008
[10750/56202] ok=10227 retried=263 last_latency=18.1s source=NTSB_ASRS:Pre2008
[10760/56202] ok=10237 retried=264 last_latency=16.8s source=NTSB_ASRS:Pre2008
[10770/56202] ok=10247 retried=264 last_latency=18.4s source=NTSB_ASRS:Pre2008
[10780/56202] ok=10257 retried=265 last_latency=17.8s source=NTSB_ASRS:Pre2008
[10790/56202] ok=10267 retried=266 last_latency=40.8s source=NTSB_ASRS:Pre2008
[10800/56202] ok=10277 retried=266 last_latency=12.6s source=NTSB_ASRS:Pre2008
[10810/56202] ok=10285 retried=266 last_latency=24.3s source=NTSB_ASRS:Pre2008
[10820/56202] ok=10295 retried=266 last_latency=11.1s source=NTSB_ASRS:Pre2008
[10830/56202] ok=10305 retried=266 last_latency=6.0s source=NTSB_ASRS:Pre2008
[10840/56202] ok=10314 retried=266 last_latency=14.6s source=NTSB_ASRS:Pre2008
[10850/56202] ok=10323 retried=266 last_latency=13.2s source=NTSB_ASRS:Pre2008
[10860/56202] ok=10332 retried=266 last_latency=15.5s source=NTSB_ASRS:Pre2008
[10870/56202] ok=10342 retried=266 last_latency=20.7s source=NTSB_ASRS:Pre2008
[10880/56202] ok=10352 retried=266 last_latency=16.7s source=NTSB_ASRS:Pre2008
[10890/56202] ok=10362 retried=268 last_latency=24.1s source=NTSB_ASRS:Pre2008
[10900/56202] ok=10372 retried=268 last_latency=12.7s source=NTSB_ASRS:Pre2008
[10910/56202] ok=10382 retried=268 last_latency=19.1s source=NTSB_ASRS:Pre2008
[10920/56202] ok=10392 retried=268 last_latency=18.6s source=NTSB_ASRS:Pre2008
[10930/56202] ok=10401 retried=268 last_latency=14.3s source=NTSB_ASRS:Pre2008
[10940/56202] ok=10410 retried=269 last_latency=12.6s source=NTSB_ASRS:Pre2008
[10950/56202] ok=10420 retried=269 last_latency=14.0s source=NTSB_ASRS:Pre2008
[10960/56202] ok=10430 retried=269 last_latency=16.1s source=NTSB_ASRS:Pre2008
[10970/56202] ok=10440 retried=269 last_latency=15.4s source=NTSB_ASRS:Pre2008
[10980/56202] ok=10448 retried=269 last_latency=42.3s source=NTSB_ASRS:Pre2008
[10990/56202] ok=10458 retried=269 last_latency=11.6s source=NTSB_ASRS:Pre2008
[11000/56202] ok=10468 retried=269 last_latency=16.5s source=NTSB_ASRS:Pre2008
[11010/56202] ok=10477 retried=269 last_latency=13.5s source=NTSB_ASRS:Pre2008
[11020/56202] ok=10487 retried=269 last_latency=20.8s source=NTSB_ASRS:Pre2008
[11030/56202] ok=10495 retried=270 last_latency=19.6s source=NTSB_ASRS:Pre2008
[11040/56202] ok=10504 retried=270 last_latency=11.3s source=NTSB_ASRS:Pre2008
[11050/56202] ok=10513 retried=270 last_latency=16.1s source=NTSB_ASRS:Pre2008
[11060/56202] ok=10521 retried=270 last_latency=14.8s source=NTSB_ASRS:Pre2008
[11070/56202] ok=10530 retried=270 last_latency=13.5s source=NTSB_ASRS:Pre2008
[11080/56202] ok=10540 retried=270 last_latency=21.8s source=NTSB_ASRS:Pre2008
[11090/56202] ok=10549 retried=270 last_latency=14.7s source=NTSB_ASRS:Pre2008
[11100/56202] ok=10559 retried=270 last_latency=13.9s source=NTSB_ASRS:Pre2008
[11110/56202] ok=10568 retried=270 last_latency=15.7s source=NTSB_ASRS:Pre2008
[11120/56202] ok=10578 retried=270 last_latency=10.5s source=NTSB_ASRS:Pre2008
[11130/56202] ok=10588 retried=271 last_latency=11.0s source=NTSB_ASRS:Pre2008
[11140/56202] ok=10597 retried=271 last_latency=16.3s source=NTSB_ASRS:Pre2008
[11150/56202] ok=10606 retried=271 last_latency=14.8s source=NTSB_ASRS:Pre2008
[11160/56202] ok=10615 retried=271 last_latency=14.4s source=NTSB_ASRS:Pre2008
[11170/56202] ok=10623 retried=271 last_latency=13.1s source=NTSB_ASRS:Pre2008
[11180/56202] ok=10633 retried=271 last_latency=15.1s source=NTSB_ASRS:Pre2008
[11190/56202] ok=10643 retried=272 last_latency=17.0s source=NTSB_ASRS:Pre2008
[11200/56202] ok=10653 retried=273 last_latency=22.2s source=NTSB_ASRS:Pre2008
[11210/56202] ok=10662 retried=273 last_latency=15.2s source=NTSB_ASRS:Pre2008
[11220/56202] ok=10672 retried=273 last_latency=14.8s source=NTSB_ASRS:Pre2008
[11230/56202] ok=10682 retried=274 last_latency=15.5s source=NTSB_ASRS:Pre2008
[11240/56202] ok=10692 retried=274 last_latency=11.3s source=NTSB_ASRS:Pre2008
[11250/56202] ok=10702 retried=275 last_latency=18.5s source=NTSB_ASRS:Pre2008
[11260/56202] ok=10711 retried=275 last_latency=18.2s source=NTSB_ASRS:Pre2008
[11270/56202] ok=10721 retried=275 last_latency=13.8s source=NTSB_ASRS:Pre2008
[11280/56202] ok=10731 retried=275 last_latency=9.7s source=NTSB_ASRS:Pre2008
[11290/56202] ok=10740 retried=275 last_latency=10.8s source=NTSB_ASRS:Pre2008
[11300/56202] ok=10750 retried=275 last_latency=12.3s source=NTSB_ASRS:Pre2008
[11310/56202] ok=10759 retried=276 last_latency=34.9s source=NTSB_ASRS:Pre2008
[11320/56202] ok=10769 retried=276 last_latency=18.4s source=NTSB_ASRS:Pre2008
[11330/56202] ok=10779 retried=276 last_latency=10.9s source=NTSB_ASRS:Pre2008
[11340/56202] ok=10788 retried=276 last_latency=16.1s source=NTSB_ASRS:Pre2008
[11350/56202] ok=10796 retried=276 last_latency=13.0s source=NTSB_ASRS:Pre2008
[11360/56202] ok=10806 retried=276 last_latency=11.0s source=NTSB_ASRS:Pre2008
[11370/56202] ok=10815 retried=276 last_latency=15.3s source=NTSB_ASRS:Pre2008
[11380/56202] ok=10823 retried=276 last_latency=19.5s source=NTSB_ASRS:Pre2008
[11390/56202] ok=10833 retried=276 last_latency=15.0s source=NTSB_ASRS:Pre2008
[11400/56202] ok=10842 retried=276 last_latency=24.0s source=NTSB_ASRS:Pre2008
[11410/56202] ok=10852 retried=277 last_latency=15.6s source=NTSB_ASRS:Pre2008
[11420/56202] ok=10862 retried=277 last_latency=13.3s source=NTSB_ASRS:Pre2008
[11430/56202] ok=10871 retried=278 last_latency=16.9s source=NTSB_ASRS:Pre2008
[11440/56202] ok=10881 retried=278 last_latency=11.0s source=NTSB_ASRS:Pre2008
[11450/56202] ok=10891 retried=278 last_latency=8.9s source=NTSB_ASRS:Pre2008
[11460/56202] ok=10901 retried=279 last_latency=19.1s source=NTSB_ASRS:Pre2008
[11470/56202] ok=10909 retried=279 last_latency=8.7s source=NTSB_ASRS:Pre2008
[11480/56202] ok=10919 retried=279 last_latency=13.6s source=NTSB_ASRS:Pre2008
[11490/56202] ok=10929 retried=279 last_latency=14.5s source=NTSB_ASRS:Pre2008
[11500/56202] ok=10939 retried=279 last_latency=11.7s source=NTSB_ASRS:Pre2008
[11510/56202] ok=10949 retried=280 last_latency=13.0s source=NTSB_ASRS:Pre2008
[11520/56202] ok=10958 retried=280 last_latency=13.7s source=NTSB_ASRS:Pre2008
[11530/56202] ok=10967 retried=280 last_latency=20.1s source=NTSB_ASRS:Pre2008
[11540/56202] ok=10977 retried=280 last_latency=17.5s source=NTSB_ASRS:Pre2008
[11550/56202] ok=10987 retried=280 last_latency=17.6s source=NTSB_ASRS:Pre2008
[11560/56202] ok=10996 retried=280 last_latency=9.8s source=NTSB_ASRS:Pre2008
[11570/56202] ok=11005 retried=280 last_latency=18.1s source=NTSB_ASRS:Pre2008
[11580/56202] ok=11014 retried=280 last_latency=12.4s source=NTSB_ASRS:Pre2008
[11590/56202] ok=11023 retried=281 last_latency=27.2s source=NTSB_ASRS:Pre2008
[11600/56202] ok=11033 retried=281 last_latency=20.6s source=NTSB_ASRS:Pre2008
[11610/56202] ok=11043 retried=282 last_latency=20.5s source=NTSB_ASRS:Pre2008
[11620/56202] ok=11053 retried=283 last_latency=16.9s source=NTSB_ASRS:Pre2008
[11630/56202] ok=11063 retried=283 last_latency=12.7s source=NTSB_ASRS:Pre2008
[11640/56202] ok=11072 retried=283 last_latency=14.3s source=NTSB_ASRS:Pre2008
[11650/56202] ok=11082 retried=283 last_latency=18.4s source=NTSB_ASRS:Pre2008
[11660/56202] ok=11091 retried=283 last_latency=24.6s source=NTSB_ASRS:Pre2008
[11670/56202] ok=11101 retried=283 last_latency=13.8s source=NTSB_ASRS:Pre2008
[11680/56202] ok=11110 retried=283 last_latency=36.8s source=NTSB_ASRS:Pre2008
[11690/56202] ok=11120 retried=283 last_latency=14.9s source=NTSB_ASRS:Pre2008
[11700/56202] ok=11130 retried=284 last_latency=11.5s source=NTSB_ASRS:Pre2008
[11710/56202] ok=11140 retried=284 last_latency=19.7s source=NTSB_ASRS:Pre2008
[11720/56202] ok=11150 retried=285 last_latency=17.1s source=NTSB_ASRS:Pre2008
[11730/56202] ok=11160 retried=285 last_latency=12.8s source=NTSB_ASRS:Pre2008
[11740/56202] ok=11170 retried=286 last_latency=17.9s source=NTSB_ASRS:Pre2008
[11750/56202] ok=11179 retried=287 last_latency=18.2s source=NTSB_ASRS:Pre2008
[11760/56202] ok=11189 retried=287 last_latency=14.3s source=NTSB_ASRS:Pre2008
[11770/56202] ok=11197 retried=287 last_latency=25.4s source=NTSB_ASRS:Pre2008
[11780/56202] ok=11207 retried=287 last_latency=19.1s source=NTSB_ASRS:Pre2008
[11790/56202] ok=11216 retried=288 last_latency=11.8s source=NTSB_ASRS:Pre2008
[11800/56202] ok=11226 retried=288 last_latency=11.7s source=NTSB_ASRS:Pre2008
[11810/56202] ok=11236 retried=288 last_latency=14.8s source=NTSB_ASRS:Pre2008
[11820/56202] ok=11246 retried=288 last_latency=25.6s source=NTSB_ASRS:Pre2008
[11830/56202] ok=11256 retried=288 last_latency=10.2s source=NTSB_ASRS:Pre2008
[11840/56202] ok=11266 retried=288 last_latency=12.9s source=NTSB_ASRS:Pre2008
[11850/56202] ok=11276 retried=288 last_latency=19.3s source=NTSB_ASRS:Pre2008
[11860/56202] ok=11285 retried=289 last_latency=17.7s source=NTSB_ASRS:Pre2008
[11870/56202] ok=11295 retried=289 last_latency=8.3s source=NTSB_ASRS:Pre2008
[11880/56202] ok=11305 retried=289 last_latency=5.6s source=NTSB_ASRS:Pre2008
[11890/56202] ok=11315 retried=289 last_latency=5.3s source=NTSB_ASRS:Pre2008
[11900/56202] ok=11324 retried=289 last_latency=17.3s source=NTSB_ASRS:Pre2008
[11910/56202] ok=11334 retried=289 last_latency=14.9s source=NTSB_ASRS:Pre2008
[11920/56202] ok=11343 retried=289 last_latency=13.1s source=NTSB_ASRS:Pre2008
[11930/56202] ok=11353 retried=289 last_latency=15.4s source=NTSB_ASRS:Pre2008
[11940/56202] ok=11363 retried=289 last_latency=13.5s source=NTSB_ASRS:Pre2008
[11950/56202] ok=11373 retried=290 last_latency=18.0s source=NTSB_ASRS:Pre2008
[11960/56202] ok=11382 retried=290 last_latency=9.9s source=NTSB_ASRS:Pre2008
[11970/56202] ok=11391 retried=290 last_latency=43.1s source=NTSB_ASRS:Pre2008
[11980/56202] ok=11400 retried=290 last_latency=21.5s source=NTSB_ASRS:Pre2008
[11990/56202] ok=11409 retried=290 last_latency=14.7s source=NTSB_ASRS:Pre2008
[12000/56202] ok=11419 retried=291 last_latency=20.5s source=NTSB_ASRS:Pre2008
[12010/56202] ok=11429 retried=291 last_latency=13.0s source=NTSB_ASRS:Pre2008
[12020/56202] ok=11439 retried=292 last_latency=19.1s source=NTSB_ASRS:Pre2008
[12030/56202] ok=11447 retried=292 last_latency=24.1s source=NTSB_ASRS:Pre2008
[12040/56202] ok=11456 retried=292 last_latency=16.7s source=NTSB_ASRS:Pre2008
[12050/56202] ok=11466 retried=292 last_latency=17.1s source=NTSB_ASRS:Pre2008
[12060/56202] ok=11475 retried=292 last_latency=13.3s source=NTSB_ASRS:Pre2008
[12070/56202] ok=11485 retried=292 last_latency=15.8s source=NTSB_ASRS:Pre2008
[12080/56202] ok=11495 retried=292 last_latency=13.6s source=NTSB_ASRS:Pre2008
[12090/56202] ok=11504 retried=294 last_latency=32.3s source=NTSB_ASRS:Pre2008
[12100/56202] ok=11512 retried=294 last_latency=11.6s source=NTSB_ASRS:Pre2008
[12110/56202] ok=11521 retried=294 last_latency=15.7s source=NTSB_ASRS:Pre2008
[12120/56202] ok=11530 retried=294 last_latency=17.8s source=NTSB_ASRS:Pre2008
[12130/56202] ok=11540 retried=294 last_latency=22.7s source=NTSB_ASRS:Pre2008
[12140/56202] ok=11550 retried=294 last_latency=17.7s source=NTSB_ASRS:Pre2008
[12150/56202] ok=11560 retried=294 last_latency=20.4s source=NTSB_ASRS:Pre2008
[12160/56202] ok=11570 retried=294 last_latency=9.4s source=NTSB_ASRS:Pre2008
[12170/56202] ok=11580 retried=294 last_latency=16.9s source=NTSB_ASRS:Pre2008
[12180/56202] ok=11589 retried=294 last_latency=15.1s source=NTSB_ASRS:Pre2008
[12190/56202] ok=11599 retried=295 last_latency=24.7s source=NTSB_ASRS:Pre2008
[12200/56202] ok=11607 retried=295 last_latency=23.4s source=NTSB_ASRS:Pre2008
[12210/56202] ok=11617 retried=295 last_latency=14.6s source=NTSB_ASRS:Pre2008
[12220/56202] ok=11627 retried=295 last_latency=10.4s source=NTSB_ASRS:Pre2008
[12230/56202] ok=11637 retried=295 last_latency=12.9s source=NTSB_ASRS:Pre2008
[12240/56202] ok=11647 retried=295 last_latency=9.6s source=NTSB_ASRS:Pre2008
[12250/56202] ok=11656 retried=295 last_latency=20.6s source=NTSB_ASRS:Pre2008
[12260/56202] ok=11665 retried=297 last_latency=24.5s source=NTSB_ASRS:Pre2008
[12270/56202] ok=11675 retried=297 last_latency=16.2s source=NTSB_ASRS:Pre2008
[12280/56202] ok=11685 retried=297 last_latency=12.9s source=NTSB_ASRS:Pre2008
[12290/56202] ok=11695 retried=297 last_latency=11.6s source=NTSB_ASRS:Pre2008
[12300/56202] ok=11705 retried=298 last_latency=26.1s source=NTSB_ASRS:Pre2008
[12310/56202] ok=11715 retried=299 last_latency=12.0s source=NTSB_ASRS:Pre2008
[12320/56202] ok=11725 retried=299 last_latency=11.7s source=NTSB_ASRS:Pre2008
[12330/56202] ok=11735 retried=299 last_latency=13.9s source=NTSB_ASRS:Pre2008
[12340/56202] ok=11744 retried=299 last_latency=21.9s source=NTSB_ASRS:Pre2008
[12350/56202] ok=11754 retried=299 last_latency=5.5s source=NTSB_ASRS:Pre2008
[12360/56202] ok=11764 retried=299 last_latency=22.0s source=NTSB_ASRS:Pre2008
[12370/56202] ok=11773 retried=299 last_latency=13.1s source=NTSB_ASRS:Pre2008
[12380/56202] ok=11781 retried=299 last_latency=11.7s source=NTSB_ASRS:Pre2008
[12390/56202] ok=11791 retried=299 last_latency=15.6s source=NTSB_ASRS:Pre2008
[12400/56202] ok=11801 retried=299 last_latency=10.5s source=NTSB_ASRS:Pre2008
[12410/56202] ok=11810 retried=299 last_latency=14.9s source=NTSB_ASRS:Pre2008
[12420/56202] ok=11820 retried=299 last_latency=14.7s source=NTSB_ASRS:Pre2008
[12430/56202] ok=11830 retried=300 last_latency=26.4s source=NTSB_ASRS:Pre2008
[12440/56202] ok=11839 retried=301 last_latency=13.5s source=NTSB_ASRS:Pre2008
[12450/56202] ok=11848 retried=301 last_latency=19.5s source=NTSB_ASRS:Pre2008
[12460/56202] ok=11857 retried=301 last_latency=14.7s source=NTSB_ASRS:Pre2008
[12470/56202] ok=11867 retried=301 last_latency=13.5s source=NTSB_ASRS:Pre2008
[12480/56202] ok=11877 retried=301 last_latency=8.6s source=NTSB_ASRS:Pre2008
[12490/56202] ok=11887 retried=302 last_latency=29.8s source=NTSB_ASRS:Pre2008
[12500/56202] ok=11897 retried=302 last_latency=16.1s source=NTSB_ASRS:Pre2008
[12510/56202] ok=11907 retried=302 last_latency=17.9s source=NTSB_ASRS:Pre2008
[12520/56202] ok=11916 retried=302 last_latency=17.4s source=NTSB_ASRS:Pre2008
[12530/56202] ok=11926 retried=302 last_latency=16.3s source=NTSB_ASRS:Pre2008
[12540/56202] ok=11936 retried=302 last_latency=18.0s source=NTSB_ASRS:Pre2008
[12550/56202] ok=11946 retried=302 last_latency=16.9s source=NTSB_ASRS:Pre2008
[12560/56202] ok=11956 retried=302 last_latency=14.9s source=NTSB_ASRS:Pre2008
[12570/56202] ok=11966 retried=302 last_latency=15.8s source=NTSB_ASRS:Pre2008
[12580/56202] ok=11976 retried=302 last_latency=10.5s source=NTSB_ASRS:Pre2008
[12590/56202] ok=11986 retried=302 last_latency=13.6s source=NTSB_ASRS:Pre2008
[12600/56202] ok=11996 retried=302 last_latency=12.1s source=NTSB_ASRS:Pre2008
[12610/56202] ok=12005 retried=302 last_latency=24.0s source=NTSB_ASRS:Pre2008
[12620/56202] ok=12015 retried=302 last_latency=15.9s source=NTSB_ASRS:Pre2008
[12630/56202] ok=12025 retried=302 last_latency=4.4s source=NTSB_ASRS:Pre2008
[12640/56202] ok=12035 retried=302 last_latency=17.2s source=NTSB_ASRS:Pre2008
[12650/56202] ok=12045 retried=302 last_latency=7.3s source=NTSB_ASRS:Pre2008
[12660/56202] ok=12055 retried=303 last_latency=13.9s source=NTSB_ASRS:Pre2008
[12670/56202] ok=12065 retried=304 last_latency=23.8s source=NTSB_ASRS:Pre2008
[12680/56202] ok=12075 retried=304 last_latency=8.4s source=NTSB_ASRS:Pre2008
[12690/56202] ok=12083 retried=304 last_latency=16.1s source=NTSB_ASRS:Pre2008
[12700/56202] ok=12093 retried=304 last_latency=18.4s source=NTSB_ASRS:Pre2008
[12710/56202] ok=12102 retried=304 last_latency=20.2s source=NTSB_ASRS:Pre2008
[12720/56202] ok=12111 retried=304 last_latency=14.5s source=NTSB_ASRS:Pre2008
[12730/56202] ok=12121 retried=305 last_latency=17.9s source=NTSB_ASRS:Pre2008
[12740/56202] ok=12129 retried=305 last_latency=17.0s source=NTSB_ASRS:Pre2008
[12750/56202] ok=12139 retried=305 last_latency=24.5s source=NTSB_ASRS:Pre2008
[12760/56202] ok=12149 retried=305 last_latency=6.4s source=NTSB_ASRS:Pre2008
[12770/56202] ok=12159 retried=306 last_latency=15.5s source=NTSB_ASRS:Pre2008
[12780/56202] ok=12169 retried=306 last_latency=17.2s source=NTSB_ASRS:Pre2008
[12790/56202] ok=12179 retried=307 last_latency=34.3s source=NTSB_ASRS:Pre2008
[12800/56202] ok=12188 retried=308 last_latency=10.2s source=NTSB_ASRS:Pre2008
[12810/56202] ok=12198 retried=308 last_latency=13.6s source=NTSB_ASRS:Pre2008
[12820/56202] ok=12207 retried=308 last_latency=22.0s source=NTSB_ASRS:Pre2008
[12830/56202] ok=12217 retried=308 last_latency=15.1s source=NTSB_ASRS:Pre2008
[12840/56202] ok=12227 retried=308 last_latency=17.2s source=NTSB_ASRS:Pre2008
[12850/56202] ok=12235 retried=308 last_latency=31.6s source=NTSB_ASRS:Pre2008
[12860/56202] ok=12245 retried=308 last_latency=14.9s source=NTSB_ASRS:Pre2008
[12870/56202] ok=12255 retried=309 last_latency=16.1s source=NTSB_ASRS:Pre2008
[12880/56202] ok=12264 retried=309 last_latency=3.9s source=NTSB_ASRS:Pre2008
[12890/56202] ok=12273 retried=309 last_latency=13.6s source=NTSB_ASRS:Pre2008
[12900/56202] ok=12282 retried=309 last_latency=35.6s source=NTSB_ASRS:Pre2008
[12910/56202] ok=12292 retried=309 last_latency=16.0s source=NTSB_ASRS:Pre2008
[12920/56202] ok=12302 retried=310 last_latency=14.8s source=NTSB_ASRS:Pre2008
[12930/56202] ok=12310 retried=310 last_latency=13.5s source=NTSB_ASRS:Pre2008
[12940/56202] ok=12320 retried=310 last_latency=19.8s source=NTSB_ASRS:Pre2008
[12950/56202] ok=12330 retried=310 last_latency=7.5s source=NTSB_ASRS:Pre2008
[12960/56202] ok=12340 retried=311 last_latency=10.5s source=NTSB_ASRS:Pre2008
[12970/56202] ok=12350 retried=311 last_latency=14.5s source=NTSB_ASRS:Pre2008
[12980/56202] ok=12360 retried=311 last_latency=10.2s source=NTSB_ASRS:Pre2008
[12990/56202] ok=12370 retried=311 last_latency=20.6s source=NTSB_ASRS:Pre2008
[13000/56202] ok=12380 retried=312 last_latency=15.9s source=NTSB_ASRS:Pre2008
[13010/56202] ok=12389 retried=312 last_latency=15.3s source=NTSB_ASRS:Pre2008
[13020/56202] ok=12398 retried=313 last_latency=23.4s source=NTSB_ASRS:Pre2008
[13030/56202] ok=12406 retried=313 last_latency=18.1s source=NTSB_ASRS:Pre2008
[13040/56202] ok=12415 retried=313 last_latency=11.3s source=NTSB_ASRS:Pre2008
[13050/56202] ok=12424 retried=314 last_latency=35.3s source=NTSB_ASRS:Pre2008
[13060/56202] ok=12434 retried=314 last_latency=18.3s source=NTSB_ASRS:Pre2008
[13070/56202] ok=12444 retried=315 last_latency=13.9s source=NTSB_ASRS:Pre2008
[13080/56202] ok=12454 retried=316 last_latency=16.7s source=NTSB_ASRS:Pre2008
[13090/56202] ok=12464 retried=317 last_latency=7.4s source=NTSB_ASRS:Pre2008
[13100/56202] ok=12474 retried=317 last_latency=10.9s source=NTSB_ASRS:Pre2008
[13110/56202] ok=12482 retried=317 last_latency=31.7s source=NTSB_ASRS:Pre2008
[13120/56202] ok=12492 retried=317 last_latency=11.9s source=NTSB_ASRS:Pre2008
[13130/56202] ok=12502 retried=317 last_latency=15.6s source=NTSB_ASRS:Pre2008
[13140/56202] ok=12511 retried=318 last_latency=9.0s source=NTSB_ASRS:Pre2008
[13150/56202] ok=12521 retried=318 last_latency=14.9s source=NTSB_ASRS:Pre2008
[13160/56202] ok=12531 retried=318 last_latency=8.5s source=NTSB_ASRS:Pre2008
[13170/56202] ok=12540 retried=318 last_latency=14.3s source=NTSB_ASRS:Pre2008
[13180/56202] ok=12550 retried=318 last_latency=12.4s source=NTSB_ASRS:Pre2008
[13190/56202] ok=12559 retried=319 last_latency=14.4s source=NTSB_ASRS:Pre2008
[13200/56202] ok=12569 retried=319 last_latency=21.3s source=NTSB_ASRS:Pre2008
[13210/56202] ok=12577 retried=319 last_latency=15.6s source=NTSB_ASRS:Pre2008
[13220/56202] ok=12587 retried=320 last_latency=12.3s source=NTSB_ASRS:Pre2008
[13230/56202] ok=12596 retried=320 last_latency=14.3s source=NTSB_ASRS:Pre2008
[13240/56202] ok=12606 retried=322 last_latency=11.7s source=NTSB_ASRS:Pre2008
[13250/56202] ok=12615 retried=322 last_latency=12.2s source=NTSB_ASRS:Pre2008
[13260/56202] ok=12625 retried=322 last_latency=8.1s source=NTSB_ASRS:Pre2008
[13270/56202] ok=12634 retried=322 last_latency=34.6s source=NTSB_ASRS:Pre2008
[13280/56202] ok=12644 retried=322 last_latency=13.9s source=NTSB_ASRS:Pre2008
[13290/56202] ok=12654 retried=322 last_latency=9.8s source=NTSB_ASRS:Pre2008
[13300/56202] ok=12662 retried=322 last_latency=14.1s source=NTSB_ASRS:Pre2008
[13310/56202] ok=12671 retried=322 last_latency=18.2s source=NTSB_ASRS:Pre2008
[13320/56202] ok=12681 retried=322 last_latency=12.8s source=NTSB_ASRS:Pre2008
[13330/56202] ok=12691 retried=322 last_latency=7.2s source=NTSB_ASRS:Pre2008
[13340/56202] ok=12701 retried=322 last_latency=10.7s source=NTSB_ASRS:Pre2008
[13350/56202] ok=12711 retried=322 last_latency=15.2s source=NTSB_ASRS:Pre2008
[13360/56202] ok=12720 retried=322 last_latency=8.8s source=NTSB_ASRS:Pre2008
[13370/56202] ok=12730 retried=322 last_latency=16.3s source=NTSB_ASRS:Pre2008
[13380/56202] ok=12740 retried=322 last_latency=16.0s source=NTSB_ASRS:Pre2008
[13390/56202] ok=12749 retried=322 last_latency=37.0s source=NTSB_ASRS:Pre2008
[13400/56202] ok=12758 retried=322 last_latency=15.6s source=NTSB_ASRS:Pre2008
[13410/56202] ok=12768 retried=322 last_latency=11.9s source=NTSB_ASRS:Pre2008
[13420/56202] ok=12777 retried=322 last_latency=15.4s source=NTSB_ASRS:Pre2008
[13430/56202] ok=12784 retried=322 last_latency=19.8s source=NTSB_ASRS:Pre2008
[13440/56202] ok=12794 retried=322 last_latency=13.4s source=NTSB_ASRS:Pre2008
[13450/56202] ok=12803 retried=322 last_latency=11.0s source=NTSB_ASRS:Pre2008
[13460/56202] ok=12812 retried=322 last_latency=12.0s source=NTSB_ASRS:Pre2008
[13470/56202] ok=12821 retried=322 last_latency=16.2s source=NTSB_ASRS:Pre2008
[13480/56202] ok=12831 retried=322 last_latency=12.5s source=NTSB_ASRS:Pre2008
[13490/56202] ok=12841 retried=322 last_latency=15.3s source=NTSB_ASRS:Pre2008
[13500/56202] ok=12851 retried=322 last_latency=18.5s source=NTSB_ASRS:Pre2008
[13510/56202] ok=12860 retried=322 last_latency=10.7s source=NTSB_ASRS:Pre2008
[13520/56202] ok=12869 retried=322 last_latency=14.2s source=NTSB_ASRS:Pre2008
[13530/56202] ok=12879 retried=322 last_latency=10.2s source=NTSB_ASRS:Pre2008
[13540/56202] ok=12889 retried=323 last_latency=10.3s source=NTSB_ASRS:Pre2008
[13550/56202] ok=12898 retried=323 last_latency=11.0s source=NTSB_ASRS:Pre2008
[13560/56202] ok=12907 retried=325 last_latency=29.1s source=NTSB_ASRS:Pre2008
[13570/56202] ok=12917 retried=325 last_latency=9.8s source=NTSB_ASRS:Pre2008
[13580/56202] ok=12927 retried=325 last_latency=15.2s source=NTSB_ASRS:Pre2008
[13590/56202] ok=12937 retried=327 last_latency=18.4s source=NTSB_ASRS:Pre2008
[13600/56202] ok=12946 retried=327 last_latency=15.2s source=NTSB_ASRS:Pre2008
[13610/56202] ok=12956 retried=328 last_latency=37.9s source=NTSB_ASRS:Pre2008
[13620/56202] ok=12965 retried=328 last_latency=17.0s source=NTSB_ASRS:Pre2008
[13630/56202] ok=12975 retried=328 last_latency=15.1s source=NTSB_ASRS:Pre2008
[13640/56202] ok=12985 retried=329 last_latency=12.2s source=NTSB_ASRS:Pre2008
[13650/56202] ok=12995 retried=329 last_latency=11.6s source=NTSB_ASRS:Pre2008
[13660/56202] ok=13004 retried=330 last_latency=31.4s source=NTSB_ASRS:Pre2008
[13670/56202] ok=13014 retried=330 last_latency=13.0s source=NTSB_ASRS:Pre2008
[13680/56202] ok=13023 retried=330 last_latency=15.6s source=NTSB_ASRS:Pre2008
[13690/56202] ok=13032 retried=330 last_latency=18.8s source=NTSB_ASRS:Pre2008
[13700/56202] ok=13042 retried=330 last_latency=20.1s source=NTSB_ASRS:Pre2008
[13710/56202] ok=13052 retried=331 last_latency=16.9s source=NTSB_ASRS:Pre2008
[13720/56202] ok=13062 retried=332 last_latency=15.3s source=NTSB_ASRS:Pre2008
[13730/56202] ok=13072 retried=332 last_latency=16.6s source=NTSB_ASRS:Pre2008
[13740/56202] ok=13079 retried=332 last_latency=41.1s source=NTSB_ASRS:Pre2008
[13750/56202] ok=13089 retried=332 last_latency=10.7s source=NTSB_ASRS:Pre2008
[13760/56202] ok=13098 retried=332 last_latency=20.8s source=NTSB_ASRS:Pre2008
[13770/56202] ok=13108 retried=332 last_latency=14.2s source=NTSB_ASRS:Pre2008
[13780/56202] ok=13118 retried=334 last_latency=14.5s source=NTSB_ASRS:Pre2008
[13790/56202] ok=13128 retried=334 last_latency=10.8s source=NTSB_ASRS:Pre2008
[13800/56202] ok=13137 retried=334 last_latency=13.3s source=NTSB_ASRS:Pre2008
[13810/56202] ok=13146 retried=334 last_latency=15.8s source=NTSB_ASRS:Pre2008
[13820/56202] ok=13155 retried=334 last_latency=21.9s source=NTSB_ASRS:Pre2008
[13830/56202] ok=13164 retried=334 last_latency=19.1s source=NTSB_ASRS:Pre2008
[13840/56202] ok=13174 retried=335 last_latency=18.1s source=NTSB_ASRS:Pre2008
[13850/56202] ok=13184 retried=335 last_latency=12.4s source=NTSB_ASRS:Pre2008
[13860/56202] ok=13193 retried=335 last_latency=12.4s source=NTSB_ASRS:Pre2008
[13870/56202] ok=13201 retried=335 last_latency=15.8s source=NTSB_ASRS:Pre2008
[13880/56202] ok=13210 retried=335 last_latency=16.3s source=NTSB_ASRS:Pre2008
[13890/56202] ok=13220 retried=335 last_latency=14.6s source=NTSB_ASRS:Pre2008
[13900/56202] ok=13229 retried=335 last_latency=20.2s source=NTSB_ASRS:Pre2008
[13910/56202] ok=13239 retried=335 last_latency=13.5s source=NTSB_ASRS:Pre2008
[13920/56202] ok=13249 retried=335 last_latency=19.9s source=NTSB_ASRS:Pre2008
[13930/56202] ok=13259 retried=336 last_latency=17.5s source=NTSB_ASRS:Pre2008
[13940/56202] ok=13269 retried=336 last_latency=6.9s source=NTSB_ASRS:Pre2008
[13950/56202] ok=13279 retried=336 last_latency=14.7s source=NTSB_ASRS:Pre2008
[13960/56202] ok=13289 retried=336 last_latency=16.2s source=NTSB_ASRS:Pre2008
[13970/56202] ok=13298 retried=336 last_latency=17.7s source=NTSB_ASRS:Pre2008
[13980/56202] ok=13307 retried=336 last_latency=11.6s source=NTSB_ASRS:Pre2008
[13990/56202] ok=13316 retried=336 last_latency=6.1s source=NTSB_ASRS:Pre2008
[14000/56202] ok=13326 retried=336 last_latency=10.6s source=NTSB_ASRS:Pre2008
[14010/56202] ok=13336 retried=336 last_latency=17.7s source=NTSB_ASRS:Pre2008
[14020/56202] ok=13346 retried=336 last_latency=15.5s source=NTSB_ASRS:Pre2008
[14030/56202] ok=13356 retried=336 last_latency=18.7s source=NTSB_ASRS:Pre2008
[14040/56202] ok=13366 retried=336 last_latency=15.3s source=NTSB_ASRS:Pre2008
[14050/56202] ok=13376 retried=336 last_latency=14.3s source=NTSB_ASRS:Pre2008
[14060/56202] ok=13386 retried=336 last_latency=14.1s source=NTSB_ASRS:Pre2008
[14070/56202] ok=13395 retried=336 last_latency=17.1s source=NTSB_ASRS:Pre2008
[14080/56202] ok=13405 retried=336 last_latency=12.2s source=NTSB_ASRS:Pre2008
[14090/56202] ok=13415 retried=337 last_latency=12.1s source=NTSB_ASRS:Pre2008
[14100/56202] ok=13424 retried=337 last_latency=13.1s source=NTSB_ASRS:Pre2008
[14110/56202] ok=13434 retried=337 last_latency=15.4s source=NTSB_ASRS:Pre2008
[14120/56202] ok=13442 retried=337 last_latency=9.6s source=NTSB_ASRS:Pre2008
[14130/56202] ok=13451 retried=337 last_latency=20.4s source=NTSB_ASRS:Pre2008
[14140/56202] ok=13461 retried=337 last_latency=19.1s source=NTSB_ASRS:Pre2008
[14150/56202] ok=13471 retried=337 last_latency=6.4s source=NTSB_ASRS:Pre2008
[14160/56202] ok=13480 retried=337 last_latency=7.6s source=NTSB_ASRS:Pre2008
[14170/56202] ok=13490 retried=338 last_latency=11.6s source=NTSB_ASRS:Pre2008
[14180/56202] ok=13498 retried=339 last_latency=51.2s source=NTSB_ASRS:Pre2008
[14190/56202] ok=13508 retried=340 last_latency=15.0s source=NTSB_ASRS:Pre2008
[14200/56202] ok=13518 retried=340 last_latency=14.3s source=NTSB_ASRS:Pre2008
[14210/56202] ok=13526 retried=340 last_latency=7.4s source=NTSB_ASRS:Pre2008
[14220/56202] ok=13536 retried=340 last_latency=10.8s source=NTSB_ASRS:Pre2008
[14230/56202] ok=13546 retried=340 last_latency=18.5s source=NTSB_ASRS:Pre2008
[14240/56202] ok=13556 retried=340 last_latency=11.8s source=NTSB_ASRS:Pre2008
[14250/56202] ok=13565 retried=340 last_latency=11.5s source=NTSB_ASRS:Pre2008
[14260/56202] ok=13575 retried=340 last_latency=17.3s source=NTSB_ASRS:Pre2008
[14270/56202] ok=13585 retried=340 last_latency=23.1s source=NTSB_ASRS:Pre2008
[14280/56202] ok=13595 retried=340 last_latency=15.1s source=NTSB_ASRS:Pre2008
[14290/56202] ok=13605 retried=340 last_latency=12.7s source=NTSB_ASRS:Pre2008
[14300/56202] ok=13614 retried=340 last_latency=44.9s source=NTSB_ASRS:Pre2008
[14310/56202] ok=13624 retried=340 last_latency=9.6s source=NTSB_ASRS:Pre2008
[14320/56202] ok=13633 retried=341 last_latency=21.6s source=NTSB_ASRS:Pre2008
[14330/56202] ok=13643 retried=342 last_latency=18.7s source=NTSB_ASRS:Pre2008
[14340/56202] ok=13652 retried=342 last_latency=10.4s source=NTSB_ASRS:Pre2008
[14350/56202] ok=13661 retried=342 last_latency=15.1s source=NTSB_ASRS:Pre2008
[14360/56202] ok=13670 retried=343 last_latency=44.0s source=NTSB_ASRS:Pre2008
[14370/56202] ok=13680 retried=343 last_latency=21.5s source=NTSB_ASRS:Pre2008
[14380/56202] ok=13690 retried=343 last_latency=15.0s source=NTSB_ASRS:Pre2008
[14390/56202] ok=13700 retried=345 last_latency=34.3s source=NTSB_ASRS:Pre2008
[14400/56202] ok=13709 retried=345 last_latency=9.5s source=NTSB_ASRS:Pre2008
[14410/56202] ok=13718 retried=345 last_latency=14.0s source=NTSB_ASRS:Pre2008
[14420/56202] ok=13728 retried=345 last_latency=12.4s source=NTSB_ASRS:Pre2008
[14430/56202] ok=13738 retried=346 last_latency=18.4s source=NTSB_ASRS:Pre2008
[14440/56202] ok=13748 retried=347 last_latency=52.6s source=NTSB_ASRS:Pre2008
[14450/56202] ok=13757 retried=347 last_latency=16.3s source=NTSB_ASRS:Pre2008
[14460/56202] ok=13767 retried=347 last_latency=22.8s source=NTSB_ASRS:Pre2008
[14470/56202] ok=13777 retried=347 last_latency=23.4s source=NTSB_ASRS:Pre2008
[14480/56202] ok=13787 retried=347 last_latency=19.9s source=NTSB_ASRS:Pre2008
[14490/56202] ok=13797 retried=348 last_latency=11.6s source=NTSB_ASRS:Pre2008
[14500/56202] ok=13806 retried=348 last_latency=39.6s source=NTSB_ASRS:Pre2008
[14510/56202] ok=13814 retried=348 last_latency=33.3s source=NTSB_ASRS:Pre2008
[14520/56202] ok=13823 retried=348 last_latency=16.7s source=NTSB_ASRS:Pre2008
[14530/56202] ok=13833 retried=348 last_latency=20.1s source=NTSB_ASRS:Pre2008
[14540/56202] ok=13843 retried=348 last_latency=18.3s source=NTSB_ASRS:Pre2008
[14550/56202] ok=13853 retried=349 last_latency=14.7s source=NTSB_ASRS:Pre2008
[14560/56202] ok=13860 retried=349 last_latency=15.3s source=NTSB_ASRS:Pre2008
[14570/56202] ok=13870 retried=349 last_latency=17.4s source=NTSB_ASRS:Pre2008
[14580/56202] ok=13879 retried=349 last_latency=15.8s source=NTSB_ASRS:Pre2008
[14590/56202] ok=13888 retried=349 last_latency=13.6s source=NTSB_ASRS:Pre2008
[14600/56202] ok=13898 retried=349 last_latency=16.2s source=NTSB_ASRS:Pre2008
[14610/56202] ok=13906 retried=349 last_latency=46.6s source=NTSB_ASRS:Pre2008
[14620/56202] ok=13913 retried=349 last_latency=20.6s source=NTSB_ASRS:Pre2008
[14630/56202] ok=13923 retried=349 last_latency=16.7s source=NTSB_ASRS:Pre2008
[14640/56202] ok=13931 retried=349 last_latency=12.2s source=NTSB_ASRS:Pre2008
[14650/56202] ok=13941 retried=350 last_latency=24.5s source=NTSB_ASRS:Pre2008
[14660/56202] ok=13950 retried=350 last_latency=43.4s source=NTSB_ASRS:Pre2008
[14670/56202] ok=13959 retried=350 last_latency=23.7s source=NTSB_ASRS:Pre2008
[14680/56202] ok=13969 retried=350 last_latency=14.5s source=NTSB_ASRS:Pre2008
[14690/56202] ok=13978 retried=350 last_latency=13.9s source=NTSB_ASRS:Pre2008
[14700/56202] ok=13987 retried=350 last_latency=13.9s source=NTSB_ASRS:Pre2008
[14710/56202] ok=13997 retried=351 last_latency=17.5s source=NTSB_ASRS:Pre2008
[14720/56202] ok=14007 retried=351 last_latency=15.6s source=NTSB_ASRS:Pre2008
[14730/56202] ok=14017 retried=351 last_latency=18.1s source=NTSB_ASRS:Pre2008
[14740/56202] ok=14026 retried=351 last_latency=20.7s source=NTSB_ASRS:Pre2008
[14750/56202] ok=14035 retried=351 last_latency=11.9s source=NTSB_ASRS:Pre2008
[14760/56202] ok=14045 retried=351 last_latency=14.4s source=NTSB_ASRS:Pre2008
[14770/56202] ok=14055 retried=351 last_latency=21.5s source=NTSB_ASRS:Pre2008
[14780/56202] ok=14064 retried=351 last_latency=11.9s source=NTSB_ASRS:Pre2008
[14790/56202] ok=14074 retried=352 last_latency=21.0s source=NTSB_ASRS:Pre2008
[14800/56202] ok=14084 retried=352 last_latency=9.5s source=NTSB_ASRS:Pre2008
[14810/56202] ok=14094 retried=352 last_latency=13.0s source=NTSB_ASRS:Pre2008
[14820/56202] ok=14102 retried=352 last_latency=39.1s source=NTSB_ASRS:Pre2008
[14830/56202] ok=14112 retried=353 last_latency=21.0s source=NTSB_ASRS:Pre2008
[14840/56202] ok=14122 retried=353 last_latency=17.7s source=NTSB_ASRS:Pre2008
[14850/56202] ok=14132 retried=354 last_latency=8.2s source=NTSB_ASRS:Pre2008
[14860/56202] ok=14142 retried=355 last_latency=12.9s source=NTSB_ASRS:Pre2008
[14870/56202] ok=14152 retried=357 last_latency=11.6s source=NTSB_ASRS:Pre2008
[14880/56202] ok=14161 retried=357 last_latency=12.5s source=NTSB_ASRS:Pre2008
[14890/56202] ok=14171 retried=358 last_latency=18.2s source=NTSB_ASRS:Pre2008
[14900/56202] ok=14179 retried=358 last_latency=23.6s source=NTSB_ASRS:Pre2008
[14910/56202] ok=14189 retried=358 last_latency=14.1s source=NTSB_ASRS:Pre2008
[14920/56202] ok=14198 retried=358 last_latency=19.3s source=NTSB_ASRS:Pre2008
[14930/56202] ok=14207 retried=358 last_latency=11.8s source=NTSB_ASRS:Pre2008
[14940/56202] ok=14215 retried=358 last_latency=13.5s source=NTSB_ASRS:Pre2008
[14950/56202] ok=14224 retried=359 last_latency=17.6s source=NTSB_ASRS:Pre2008
[14960/56202] ok=14234 retried=359 last_latency=10.2s source=NTSB_ASRS:Pre2008
[14970/56202] ok=14244 retried=359 last_latency=22.6s source=NTSB_ASRS:Pre2008
[14980/56202] ok=14253 retried=359 last_latency=16.8s source=NTSB_ASRS:Pre2008
[14990/56202] ok=14263 retried=360 last_latency=11.9s source=NTSB_ASRS:Pre2008
[15000/56202] ok=14272 retried=362 last_latency=12.1s source=NTSB_ASRS:Pre2008
[15010/56202] ok=14281 retried=362 last_latency=11.9s source=NTSB_ASRS:Pre2008
[15020/56202] ok=14291 retried=362 last_latency=16.8s source=NTSB_ASRS:Pre2008
[15030/56202] ok=14301 retried=362 last_latency=19.7s source=NTSB_ASRS:Pre2008
[15040/56202] ok=14311 retried=362 last_latency=16.5s source=NTSB_ASRS:Pre2008
[15050/56202] ok=14320 retried=362 last_latency=28.2s source=NTSB_ASRS:Pre2008
[15060/56202] ok=14330 retried=362 last_latency=23.4s source=NTSB_ASRS:Pre2008
[15070/56202] ok=14339 retried=362 last_latency=16.2s source=NTSB_ASRS:Pre2008
[15080/56202] ok=14347 retried=362 last_latency=12.5s source=NTSB_ASRS:Pre2008
[15090/56202] ok=14357 retried=362 last_latency=25.3s source=NTSB_ASRS:Pre2008
[15100/56202] ok=14366 retried=362 last_latency=30.6s source=NTSB_ASRS:Pre2008
[15110/56202] ok=14375 retried=362 last_latency=18.1s source=NTSB_ASRS:Pre2008
[15120/56202] ok=14382 retried=362 last_latency=21.4s source=NTSB_ASRS:Pre2008
[15130/56202] ok=14392 retried=363 last_latency=15.5s source=NTSB_ASRS:Pre2008
[15140/56202] ok=14401 retried=363 last_latency=18.4s source=NTSB_ASRS:Pre2008
[15150/56202] ok=14411 retried=363 last_latency=17.1s source=NTSB_ASRS:Pre2008
[15160/56202] ok=14421 retried=363 last_latency=16.7s source=NTSB_ASRS:Pre2008
[15170/56202] ok=14430 retried=363 last_latency=20.5s source=NTSB_ASRS:Pre2008
[15180/56202] ok=14440 retried=363 last_latency=22.6s source=NTSB_ASRS:Pre2008
[15190/56202] ok=14450 retried=363 last_latency=20.7s source=NTSB_ASRS:Pre2008
[15200/56202] ok=14460 retried=364 last_latency=12.6s source=NTSB_ASRS:Pre2008
[15210/56202] ok=14470 retried=364 last_latency=17.0s source=NTSB_ASRS:Pre2008
[15220/56202] ok=14480 retried=364 last_latency=7.9s source=NTSB_ASRS:Pre2008
[15230/56202] ok=14490 retried=364 last_latency=17.6s source=NTSB_ASRS:Pre2008
[15240/56202] ok=14500 retried=364 last_latency=11.9s source=NTSB_ASRS:Pre2008
[15250/56202] ok=14509 retried=364 last_latency=15.2s source=NTSB_ASRS:Pre2008
[15260/56202] ok=14518 retried=365 last_latency=5.4s source=NTSB_ASRS:Pre2008
[15270/56202] ok=14528 retried=365 last_latency=11.1s source=NTSB_ASRS:Pre2008
[15280/56202] ok=14538 retried=367 last_latency=14.5s source=NTSB_ASRS:Pre2008
[15290/56202] ok=14548 retried=368 last_latency=10.6s source=NTSB_ASRS:Pre2008
[15300/56202] ok=14558 retried=368 last_latency=13.3s source=NTSB_ASRS:Pre2008
[15310/56202] ok=14567 retried=368 last_latency=19.8s source=NTSB_ASRS:Pre2008
[15320/56202] ok=14577 retried=368 last_latency=20.8s source=NTSB_ASRS:Pre2008
[15330/56202] ok=14587 retried=368 last_latency=15.9s source=NTSB_ASRS:Pre2008
[15340/56202] ok=14597 retried=368 last_latency=15.5s source=NTSB_ASRS:Pre2008
[15350/56202] ok=14607 retried=368 last_latency=18.4s source=NTSB_ASRS:Pre2008
[15360/56202] ok=14617 retried=369 last_latency=18.7s source=NTSB_ASRS:Pre2008
[15370/56202] ok=14627 retried=369 last_latency=19.0s source=NTSB_ASRS:Pre2008
[15380/56202] ok=14637 retried=369 last_latency=11.2s source=NTSB_ASRS:Pre2008
[15390/56202] ok=14647 retried=370 last_latency=16.9s source=NTSB_ASRS:Pre2008
[15400/56202] ok=14657 retried=371 last_latency=16.2s source=NTSB_ASRS:Pre2008
[15410/56202] ok=14666 retried=371 last_latency=17.6s source=NTSB_ASRS:Pre2008
[15420/56202] ok=14676 retried=371 last_latency=9.3s source=NTSB_ASRS:Pre2008
[15430/56202] ok=14685 retried=371 last_latency=16.7s source=NTSB_ASRS:Pre2008
[15440/56202] ok=14695 retried=371 last_latency=20.6s source=NTSB_ASRS:Pre2008
[15450/56202] ok=14704 retried=371 last_latency=24.6s source=NTSB_ASRS:Pre2008
[15460/56202] ok=14712 retried=371 last_latency=14.7s source=NTSB_ASRS:Pre2008
[15470/56202] ok=14722 retried=372 last_latency=20.9s source=NTSB_ASRS:Pre2008
[15480/56202] ok=14732 retried=372 last_latency=24.7s source=NTSB_ASRS:Pre2008
[15490/56202] ok=14742 retried=372 last_latency=19.9s source=NTSB_ASRS:Pre2008
[15500/56202] ok=14752 retried=372 last_latency=17.4s source=NTSB_ASRS:Pre2008
[15510/56202] ok=14761 retried=372 last_latency=14.4s source=NTSB_ASRS:Pre2008
[15520/56202] ok=14771 retried=372 last_latency=13.1s source=NTSB_ASRS:Pre2008
[15530/56202] ok=14781 retried=372 last_latency=11.0s source=NTSB_ASRS:Pre2008
[15540/56202] ok=14790 retried=372 last_latency=14.9s source=NTSB_ASRS:Pre2008
[15550/56202] ok=14800 retried=372 last_latency=19.1s source=NTSB_ASRS:Pre2008
[15560/56202] ok=14810 retried=372 last_latency=18.3s source=NTSB_ASRS:Pre2008
[15570/56202] ok=14819 retried=372 last_latency=7.9s source=NTSB_ASRS:Pre2008
[15580/56202] ok=14829 retried=372 last_latency=13.9s source=NTSB_ASRS:Pre2008
[15590/56202] ok=14838 retried=372 last_latency=13.2s source=NTSB_ASRS:Pre2008
[15600/56202] ok=14848 retried=372 last_latency=15.3s source=NTSB_ASRS:Pre2008
[15610/56202] ok=14857 retried=372 last_latency=15.9s source=NTSB_ASRS:Pre2008
[15620/56202] ok=14867 retried=372 last_latency=9.1s source=NTSB_ASRS:Pre2008
[15630/56202] ok=14877 retried=372 last_latency=16.4s source=NTSB_ASRS:Pre2008
[15640/56202] ok=14885 retried=372 last_latency=14.0s source=NTSB_ASRS:Pre2008
[15650/56202] ok=14895 retried=373 last_latency=18.2s source=NTSB_ASRS:Pre2008
[15660/56202] ok=14905 retried=374 last_latency=15.0s source=NTSB_ASRS:Pre2008
[15670/56202] ok=14915 retried=374 last_latency=14.4s source=NTSB_ASRS:Pre2008
[15680/56202] ok=14925 retried=374 last_latency=11.2s source=NTSB_ASRS:Pre2008
[15690/56202] ok=14934 retried=374 last_latency=23.4s source=NTSB_ASRS:Pre2008
[15700/56202] ok=14943 retried=374 last_latency=12.7s source=NTSB_ASRS:Pre2008
[15710/56202] ok=14953 retried=374 last_latency=16.6s source=NTSB_ASRS:Pre2008
[15720/56202] ok=14963 retried=374 last_latency=12.9s source=NTSB_ASRS:Pre2008
[15730/56202] ok=14973 retried=374 last_latency=18.4s source=NTSB_ASRS:Pre2008
[15740/56202] ok=14983 retried=374 last_latency=15.4s source=NTSB_ASRS:Pre2008
[15750/56202] ok=14993 retried=374 last_latency=15.6s source=NTSB_ASRS:Pre2008
[15760/56202] ok=15003 retried=374 last_latency=7.9s source=NTSB_ASRS:Pre2008
[15770/56202] ok=15013 retried=374 last_latency=13.8s source=NTSB_ASRS:Pre2008
[15780/56202] ok=15023 retried=375 last_latency=13.5s source=NTSB_ASRS:Pre2008
[15790/56202] ok=15032 retried=375 last_latency=12.6s source=NTSB_ASRS:Pre2008
[15800/56202] ok=15042 retried=375 last_latency=15.4s source=NTSB_ASRS:Pre2008
[15810/56202] ok=15051 retried=375 last_latency=21.3s source=NTSB_ASRS:Pre2008
[15820/56202] ok=15060 retried=375 last_latency=18.1s source=NTSB_ASRS:Pre2008
[15830/56202] ok=15070 retried=375 last_latency=9.4s source=NTSB_ASRS:Pre2008
[15840/56202] ok=15080 retried=375 last_latency=14.2s source=NTSB_ASRS:Pre2008
[15850/56202] ok=15090 retried=375 last_latency=15.3s source=NTSB_ASRS:Pre2008
[15860/56202] ok=15100 retried=375 last_latency=15.9s source=NTSB_ASRS:Pre2008
[15870/56202] ok=15110 retried=375 last_latency=11.0s source=NTSB_ASRS:Pre2008
[15880/56202] ok=15119 retried=375 last_latency=11.2s source=NTSB_ASRS:Pre2008
[15890/56202] ok=15128 retried=375 last_latency=18.2s source=NTSB_ASRS:Pre2008
[15900/56202] ok=15138 retried=375 last_latency=17.7s source=NTSB_ASRS:Pre2008
[15910/56202] ok=15148 retried=375 last_latency=11.7s source=NTSB_ASRS:Pre2008
[15920/56202] ok=15158 retried=375 last_latency=15.1s source=NTSB_ASRS:Pre2008
[15930/56202] ok=15168 retried=375 last_latency=15.3s source=NTSB_ASRS:Pre2008
[15940/56202] ok=15177 retried=375 last_latency=14.8s source=NTSB_ASRS:Pre2008
[15950/56202] ok=15187 retried=375 last_latency=21.9s source=NTSB_ASRS:Pre2008
[15960/56202] ok=15197 retried=376 last_latency=11.7s source=NTSB_ASRS:Pre2008
[15970/56202] ok=15207 retried=377 last_latency=17.6s source=NTSB_ASRS:Pre2008
[15980/56202] ok=15217 retried=377 last_latency=11.1s source=NTSB_ASRS:Pre2008
[15990/56202] ok=15227 retried=377 last_latency=8.7s source=NTSB_ASRS:Pre2008
[16000/56202] ok=15236 retried=377 last_latency=14.9s source=NTSB_ASRS:Pre2008
[16010/56202] ok=15245 retried=378 last_latency=42.5s source=NTSB_ASRS:Pre2008
[16020/56202] ok=15253 retried=378 last_latency=16.0s source=NTSB_ASRS:Pre2008
[16030/56202] ok=15263 retried=378 last_latency=14.7s source=NTSB_ASRS:Pre2008
[16040/56202] ok=15273 retried=378 last_latency=15.3s source=NTSB_ASRS:Pre2008
[16050/56202] ok=15283 retried=378 last_latency=8.0s source=NTSB_ASRS:Pre2008
[16060/56202] ok=15292 retried=378 last_latency=20.8s source=NTSB_ASRS:Pre2008
[16070/56202] ok=15301 retried=378 last_latency=19.8s source=NTSB_ASRS:Pre2008
[16080/56202] ok=15311 retried=378 last_latency=5.7s source=NTSB_ASRS:Pre2008
[16090/56202] ok=15321 retried=378 last_latency=17.5s source=NTSB_ASRS:Pre2008
[16100/56202] ok=15331 retried=378 last_latency=19.1s source=NTSB_ASRS:Pre2008
[16110/56202] ok=15341 retried=379 last_latency=19.9s source=NTSB_ASRS:Pre2008
[16120/56202] ok=15349 retried=379 last_latency=15.6s source=NTSB_ASRS:Pre2008
[16130/56202] ok=15359 retried=379 last_latency=18.7s source=NTSB_ASRS:Pre2008
[16140/56202] ok=15369 retried=379 last_latency=25.8s source=NTSB_ASRS:Pre2008
[16150/56202] ok=15378 retried=379 last_latency=14.8s source=NTSB_ASRS:Pre2008
[16160/56202] ok=15388 retried=379 last_latency=12.6s source=NTSB_ASRS:Pre2008
[16170/56202] ok=15398 retried=379 last_latency=17.9s source=NTSB_ASRS:Pre2008
[16180/56202] ok=15407 retried=380 last_latency=11.9s source=NTSB_ASRS:Pre2008
[16190/56202] ok=15416 retried=381 last_latency=12.6s source=NTSB_ASRS:Pre2008
[16200/56202] ok=15426 retried=382 last_latency=15.5s source=NTSB_ASRS:Pre2008
[16210/56202] ok=15436 retried=383 last_latency=19.7s source=NTSB_ASRS:Pre2008
[16220/56202] ok=15446 retried=384 last_latency=15.1s source=NTSB_ASRS:Pre2008
[16230/56202] ok=15453 retried=384 last_latency=13.9s source=NTSB_ASRS:Pre2008
[16240/56202] ok=15462 retried=384 last_latency=12.2s source=NTSB_ASRS:Pre2008
[16250/56202] ok=15472 retried=385 last_latency=16.6s source=NTSB_ASRS:Pre2008
[16260/56202] ok=15482 retried=385 last_latency=19.5s source=NTSB_ASRS:Pre2008
[16270/56202] ok=15492 retried=385 last_latency=11.6s source=NTSB_ASRS:Pre2008
[16280/56202] ok=15502 retried=385 last_latency=19.5s source=NTSB_ASRS:Pre2008
[16290/56202] ok=15511 retried=385 last_latency=14.3s source=NTSB_ASRS:Pre2008
[16300/56202] ok=15520 retried=385 last_latency=11.6s source=NTSB_ASRS:Pre2008
[16310/56202] ok=15529 retried=385 last_latency=28.5s source=NTSB_ASRS:Pre2008
[16320/56202] ok=15539 retried=385 last_latency=18.0s source=NTSB_ASRS:Pre2008
[16330/56202] ok=15548 retried=385 last_latency=15.6s source=NTSB_ASRS:Pre2008
[16340/56202] ok=15558 retried=385 last_latency=17.8s source=NTSB_ASRS:Pre2008
[16350/56202] ok=15568 retried=385 last_latency=9.9s source=NTSB_ASRS:Pre2008
[16360/56202] ok=15578 retried=385 last_latency=17.0s source=NTSB_ASRS:Pre2008
[16370/56202] ok=15586 retried=386 last_latency=12.9s source=NTSB_ASRS:Pre2008
[16380/56202] ok=15595 retried=386 last_latency=24.3s source=NTSB_ASRS:Pre2008
[16390/56202] ok=15603 retried=386 last_latency=12.0s source=NTSB_ASRS:Pre2008
[16400/56202] ok=15612 retried=386 last_latency=16.6s source=NTSB_ASRS:Pre2008
[16410/56202] ok=15622 retried=386 last_latency=20.0s source=NTSB_ASRS:Pre2008
[16420/56202] ok=15632 retried=386 last_latency=21.7s source=NTSB_ASRS:Pre2008
[16430/56202] ok=15642 retried=386 last_latency=16.9s source=NTSB_ASRS:Pre2008
[16440/56202] ok=15651 retried=388 last_latency=37.0s source=NTSB_ASRS:Pre2008
[16450/56202] ok=15661 retried=389 last_latency=19.0s source=NTSB_ASRS:Pre2008
[16460/56202] ok=15670 retried=389 last_latency=15.0s source=NTSB_ASRS:Pre2008
[16470/56202] ok=15680 retried=389 last_latency=14.5s source=NTSB_ASRS:Pre2008
[16480/56202] ok=15690 retried=389 last_latency=16.1s source=NTSB_ASRS:Pre2008
[16490/56202] ok=15699 retried=389 last_latency=11.2s source=NTSB_ASRS:Pre2008
[16500/56202] ok=15709 retried=389 last_latency=14.7s source=NTSB_ASRS:Pre2008
[16510/56202] ok=15717 retried=389 last_latency=15.1s source=NTSB_ASRS:Pre2008
[16520/56202] ok=15725 retried=389 last_latency=14.4s source=NTSB_ASRS:Pre2008
[16530/56202] ok=15734 retried=390 last_latency=43.2s source=NTSB_ASRS:Pre2008
[16540/56202] ok=15744 retried=390 last_latency=18.2s source=NTSB_ASRS:Pre2008
[16550/56202] ok=15754 retried=390 last_latency=11.5s source=NTSB_ASRS:Pre2008
[16560/56202] ok=15764 retried=390 last_latency=13.8s source=NTSB_ASRS:Pre2008
[16570/56202] ok=15774 retried=391 last_latency=14.7s source=NTSB_ASRS:Pre2008
[16580/56202] ok=15784 retried=391 last_latency=14.1s source=NTSB_ASRS:Pre2008
[16590/56202] ok=15794 retried=391 last_latency=23.9s source=NTSB_ASRS:Pre2008
[16600/56202] ok=15804 retried=391 last_latency=20.5s source=NTSB_ASRS:Pre2008
[16610/56202] ok=15813 retried=392 last_latency=16.6s source=NTSB_ASRS:Pre2008
[16620/56202] ok=15822 retried=392 last_latency=13.6s source=NTSB_ASRS:Pre2008
[16630/56202] ok=15832 retried=392 last_latency=14.3s source=NTSB_ASRS:Pre2008
[16640/56202] ok=15842 retried=392 last_latency=15.8s source=NTSB_ASRS:Pre2008
[16650/56202] ok=15852 retried=392 last_latency=15.2s source=NTSB_ASRS:Pre2008
[16660/56202] ok=15861 retried=392 last_latency=15.8s source=NTSB_ASRS:Pre2008
[16670/56202] ok=15871 retried=392 last_latency=17.0s source=NTSB_ASRS:Pre2008
[16680/56202] ok=15881 retried=392 last_latency=13.5s source=NTSB_ASRS:Pre2008
[16690/56202] ok=15890 retried=393 last_latency=11.7s source=NTSB_ASRS:Pre2008
[16700/56202] ok=15900 retried=393 last_latency=9.8s source=NTSB_ASRS:Pre2008
[16710/56202] ok=15910 retried=393 last_latency=12.5s source=NTSB_ASRS:Pre2008
[16720/56202] ok=15920 retried=393 last_latency=8.5s source=NTSB_ASRS:Pre2008
[16730/56202] ok=15930 retried=393 last_latency=13.7s source=NTSB_ASRS:Pre2008
[16740/56202] ok=15939 retried=394 last_latency=12.2s source=NTSB_ASRS:Pre2008
[16750/56202] ok=15948 retried=394 last_latency=16.0s source=NTSB_ASRS:Pre2008
[16760/56202] ok=15958 retried=395 last_latency=19.4s source=NTSB_ASRS:Pre2008
[16770/56202] ok=15968 retried=396 last_latency=14.0s source=NTSB_ASRS:Pre2008
[16780/56202] ok=15978 retried=397 last_latency=18.5s source=NTSB_ASRS:Pre2008
[16790/56202] ok=15988 retried=397 last_latency=7.7s source=NTSB_ASRS:Pre2008
[16800/56202] ok=15997 retried=397 last_latency=12.0s source=NTSB_ASRS:Pre2008
[16810/56202] ok=16006 retried=397 last_latency=7.9s source=NTSB_ASRS:Pre2008
[16820/56202] ok=16016 retried=397 last_latency=18.7s source=NTSB_ASRS:Pre2008
[16830/56202] ok=16025 retried=398 last_latency=17.1s source=NTSB_ASRS:Pre2008
[16840/56202] ok=16035 retried=398 last_latency=12.4s source=NTSB_ASRS:Pre2008
[16850/56202] ok=16043 retried=398 last_latency=9.9s source=NTSB_ASRS:Pre2008
[16860/56202] ok=16052 retried=398 last_latency=31.8s source=NTSB_ASRS:Pre2008
[16870/56202] ok=16062 retried=399 last_latency=19.0s source=NTSB_ASRS:Pre2008
[16880/56202] ok=16070 retried=399 last_latency=22.6s source=NTSB_ASRS:Pre2008
[16890/56202] ok=16080 retried=399 last_latency=11.8s source=NTSB_ASRS:Pre2008
[16900/56202] ok=16090 retried=399 last_latency=11.3s source=NTSB_ASRS:Pre2008
[16910/56202] ok=16098 retried=399 last_latency=21.3s source=NTSB_ASRS:Pre2008
[16920/56202] ok=16108 retried=399 last_latency=15.2s source=NTSB_ASRS:Pre2008
[16930/56202] ok=16117 retried=399 last_latency=18.8s source=NTSB_ASRS:Pre2008
[16940/56202] ok=16127 retried=399 last_latency=8.1s source=NTSB_ASRS:Pre2008
[16950/56202] ok=16136 retried=399 last_latency=11.2s source=NTSB_ASRS:Pre2008
[16960/56202] ok=16145 retried=399 last_latency=15.7s source=NTSB_ASRS:Pre2008
[16970/56202] ok=16153 retried=400 last_latency=36.3s source=NTSB_ASRS:Pre2008
[16980/56202] ok=16162 retried=400 last_latency=17.4s source=NTSB_ASRS:Pre2008
[16990/56202] ok=16172 retried=400 last_latency=17.6s source=NTSB_ASRS:Pre2008
[17000/56202] ok=16182 retried=400 last_latency=20.5s source=NTSB_ASRS:Pre2008
[17010/56202] ok=16192 retried=400 last_latency=15.6s source=NTSB_ASRS:Pre2008
[17020/56202] ok=16202 retried=400 last_latency=7.4s source=NTSB_ASRS:Pre2008
[17030/56202] ok=16212 retried=401 last_latency=36.5s source=NTSB_ASRS:Pre2008
[17040/56202] ok=16222 retried=401 last_latency=13.5s source=NTSB_ASRS:Pre2008
[17050/56202] ok=16232 retried=401 last_latency=14.4s source=NTSB_ASRS:Pre2008
[17060/56202] ok=16242 retried=401 last_latency=15.9s source=NTSB_ASRS:Pre2008
[17070/56202] ok=16252 retried=402 last_latency=22.5s source=NTSB_ASRS:Pre2008
[17080/56202] ok=16262 retried=402 last_latency=16.5s source=NTSB_ASRS:Pre2008
[17090/56202] ok=16272 retried=402 last_latency=18.7s source=NTSB_ASRS:Pre2008
[17100/56202] ok=16282 retried=402 last_latency=6.3s source=NTSB_ASRS:Pre2008
[17110/56202] ok=16292 retried=402 last_latency=14.2s source=NTSB_ASRS:Pre2008
[17120/56202] ok=16301 retried=402 last_latency=8.4s source=NTSB_ASRS:Pre2008
[17130/56202] ok=16311 retried=402 last_latency=16.2s source=NTSB_ASRS:Pre2008
[17140/56202] ok=16320 retried=402 last_latency=14.1s source=NTSB_ASRS:Pre2008
[17150/56202] ok=16330 retried=402 last_latency=12.2s source=NTSB_ASRS:Pre2008
[17160/56202] ok=16339 retried=402 last_latency=8.9s source=NTSB_ASRS:Pre2008
[17170/56202] ok=16349 retried=402 last_latency=20.2s source=NTSB_ASRS:Pre2008
[17180/56202] ok=16359 retried=402 last_latency=12.9s source=NTSB_ASRS:Pre2008
[17190/56202] ok=16369 retried=402 last_latency=16.2s source=NTSB_ASRS:Pre2008
[17200/56202] ok=16379 retried=403 last_latency=12.1s source=NTSB_ASRS:Pre2008
[17210/56202] ok=16389 retried=403 last_latency=14.6s source=NTSB_ASRS:Pre2008
[17220/56202] ok=16399 retried=403 last_latency=20.8s source=NTSB_ASRS:Pre2008
[17230/56202] ok=16408 retried=403 last_latency=21.1s source=NTSB_ASRS:Pre2008
[17240/56202] ok=16418 retried=403 last_latency=14.8s source=NTSB_ASRS:Pre2008
[17250/56202] ok=16428 retried=403 last_latency=24.5s source=NTSB_ASRS:Pre2008
[17260/56202] ok=16438 retried=403 last_latency=18.3s source=NTSB_ASRS:Pre2008
[17270/56202] ok=16446 retried=403 last_latency=6.3s source=NTSB_ASRS:Pre2008
[17280/56202] ok=16456 retried=403 last_latency=16.0s source=NTSB_ASRS:Pre2008
[17290/56202] ok=16466 retried=404 last_latency=17.2s source=NTSB_ASRS:Pre2008
[17300/56202] ok=16476 retried=404 last_latency=8.7s source=NTSB_ASRS:Pre2008
[17310/56202] ok=16486 retried=404 last_latency=11.8s source=NTSB_ASRS:Pre2008
[17320/56202] ok=16495 retried=404 last_latency=12.6s source=NTSB_ASRS:Pre2008
[17330/56202] ok=16505 retried=404 last_latency=19.1s source=NTSB_ASRS:Pre2008
[17340/56202] ok=16514 retried=404 last_latency=19.3s source=NTSB_ASRS:Pre2008
[17350/56202] ok=16524 retried=404 last_latency=15.1s source=NTSB_ASRS:Pre2008
[17360/56202] ok=16533 retried=404 last_latency=13.8s source=NTSB_ASRS:Pre2008
[17370/56202] ok=16542 retried=404 last_latency=16.5s source=NTSB_ASRS:Pre2008
[17380/56202] ok=16552 retried=404 last_latency=16.5s source=NTSB_ASRS:Pre2008
[17390/56202] ok=16562 retried=404 last_latency=18.4s source=NTSB_ASRS:Pre2008
[17400/56202] ok=16571 retried=404 last_latency=14.2s source=NTSB_ASRS:Pre2008
[17410/56202] ok=16581 retried=405 last_latency=11.5s source=NTSB_ASRS:Pre2008
[17420/56202] ok=16590 retried=405 last_latency=6.2s source=NTSB_ASRS:Pre2008
[17430/56202] ok=16599 retried=405 last_latency=14.0s source=NTSB_ASRS:Pre2008
[17440/56202] ok=16607 retried=406 last_latency=20.9s source=NTSB_ASRS:Pre2008
[17450/56202] ok=16617 retried=406 last_latency=23.4s source=NTSB_ASRS:Pre2008
[17460/56202] ok=16627 retried=406 last_latency=13.5s source=NTSB_ASRS:Pre2008
[17470/56202] ok=16637 retried=406 last_latency=12.9s source=NTSB_ASRS:Pre2008
[17480/56202] ok=16646 retried=406 last_latency=5.1s source=NTSB_ASRS:Pre2008
[17490/56202] ok=16655 retried=406 last_latency=15.0s source=NTSB_ASRS:Pre2008
[17500/56202] ok=16665 retried=406 last_latency=13.9s source=NTSB_ASRS:Pre2008
[17510/56202] ok=16675 retried=406 last_latency=18.7s source=NTSB_ASRS:Pre2008
[17520/56202] ok=16685 retried=407 last_latency=12.1s source=NTSB_ASRS:Pre2008
[17530/56202] ok=16695 retried=407 last_latency=16.8s source=NTSB_ASRS:Pre2008
[17540/56202] ok=16705 retried=408 last_latency=15.2s source=NTSB_ASRS:Pre2008
[17550/56202] ok=16715 retried=408 last_latency=19.2s source=NTSB_ASRS:Pre2008
[17560/56202] ok=16725 retried=409 last_latency=15.2s source=NTSB_ASRS:Pre2008
[17570/56202] ok=16734 retried=409 last_latency=14.0s source=NTSB_ASRS:Pre2008
[17580/56202] ok=16744 retried=410 last_latency=11.6s source=NTSB_ASRS:Pre2008
[17590/56202] ok=16754 retried=411 last_latency=14.9s source=NTSB_ASRS:Pre2008
[17600/56202] ok=16764 retried=411 last_latency=18.6s source=NTSB_ASRS:Pre2008
[17610/56202] ok=16774 retried=411 last_latency=16.9s source=NTSB_ASRS:Pre2008
[17620/56202] ok=16782 retried=411 last_latency=42.9s source=NTSB_ASRS:Pre2008
[17630/56202] ok=16791 retried=411 last_latency=20.9s source=NTSB_ASRS:Pre2008
[17640/56202] ok=16799 retried=411 last_latency=2.4s source=NTSB_ASRS:Pre2008
[17650/56202] ok=16808 retried=411 last_latency=17.5s source=NTSB_ASRS:Pre2008
[17660/56202] ok=16818 retried=412 last_latency=8.8s source=NTSB_ASRS:Pre2008
[17670/56202] ok=16828 retried=412 last_latency=15.6s source=NTSB_ASRS:Pre2008
[17680/56202] ok=16837 retried=413 last_latency=26.2s source=NTSB_ASRS:Pre2008
[17690/56202] ok=16846 retried=413 last_latency=17.2s source=NTSB_ASRS:Pre2008
[17700/56202] ok=16855 retried=413 last_latency=15.3s source=NTSB_ASRS:Pre2008
[17710/56202] ok=16865 retried=413 last_latency=11.6s source=NTSB_ASRS:Pre2008
[17720/56202] ok=16875 retried=413 last_latency=19.8s source=NTSB_ASRS:Pre2008
[17730/56202] ok=16884 retried=413 last_latency=9.0s source=NTSB_ASRS:Pre2008
[17740/56202] ok=16893 retried=413 last_latency=30.0s source=NTSB_ASRS:Pre2008
[17750/56202] ok=16903 retried=414 last_latency=11.3s source=NTSB_ASRS:Pre2008
[17760/56202] ok=16913 retried=414 last_latency=16.9s source=NTSB_ASRS:Pre2008
[17770/56202] ok=16923 retried=415 last_latency=28.1s source=NTSB_ASRS:Pre2008
[17780/56202] ok=16933 retried=415 last_latency=12.9s source=NTSB_ASRS:Pre2008
[17790/56202] ok=16943 retried=415 last_latency=17.3s source=NTSB_ASRS:Pre2008
[17800/56202] ok=16953 retried=415 last_latency=16.7s source=NTSB_ASRS:Pre2008
[17810/56202] ok=16963 retried=415 last_latency=13.3s source=NTSB_ASRS:Pre2008
[17820/56202] ok=16972 retried=415 last_latency=16.9s source=NTSB_ASRS:Pre2008
[17830/56202] ok=16982 retried=415 last_latency=16.2s source=NTSB_ASRS:Pre2008
[17840/56202] ok=16992 retried=415 last_latency=9.9s source=NTSB_ASRS:Pre2008
[17850/56202] ok=17001 retried=416 last_latency=24.2s source=NTSB_ASRS:Pre2008
[17860/56202] ok=17010 retried=416 last_latency=16.6s source=NTSB_ASRS:Pre2008
[17870/56202] ok=17020 retried=416 last_latency=14.3s source=NTSB_ASRS:Pre2008
[17880/56202] ok=17030 retried=416 last_latency=7.4s source=NTSB_ASRS:Pre2008
[17890/56202] ok=17040 retried=416 last_latency=8.5s source=NTSB_ASRS:Pre2008
[17900/56202] ok=17050 retried=416 last_latency=13.3s source=NTSB_ASRS:Pre2008
[17910/56202] ok=17060 retried=416 last_latency=12.2s source=NTSB_ASRS:Pre2008
[17920/56202] ok=17070 retried=416 last_latency=14.1s source=NTSB_ASRS:Pre2008
[17930/56202] ok=17080 retried=416 last_latency=12.1s source=NTSB_ASRS:Pre2008
[17940/56202] ok=17090 retried=416 last_latency=20.3s source=NTSB_ASRS:Pre2008
[17950/56202] ok=17100 retried=416 last_latency=14.1s source=NTSB_ASRS:Pre2008
[17960/56202] ok=17110 retried=416 last_latency=14.4s source=NTSB_ASRS:Pre2008
[17970/56202] ok=17120 retried=416 last_latency=8.4s source=NTSB_ASRS:Pre2008
[17980/56202] ok=17130 retried=416 last_latency=19.7s source=NTSB_ASRS:Pre2008
[17990/56202] ok=17138 retried=416 last_latency=11.7s source=NTSB_ASRS:Pre2008
[18000/56202] ok=17147 retried=417 last_latency=17.8s source=NTSB_ASRS:Pre2008
[18010/56202] ok=17157 retried=417 last_latency=8.0s source=NTSB_ASRS:Pre2008
[18020/56202] ok=17167 retried=417 last_latency=15.2s source=NTSB_ASRS:Pre2008
[18030/56202] ok=17176 retried=417 last_latency=16.7s source=NTSB_ASRS:Pre2008
[18040/56202] ok=17184 retried=418 last_latency=8.8s source=NTSB_ASRS:Pre2008
[18050/56202] ok=17191 retried=418 last_latency=42.8s source=NTSB_ASRS:Pre2008
[18060/56202] ok=17200 retried=418 last_latency=18.3s source=NTSB_ASRS:Pre2008
[18070/56202] ok=17209 retried=418 last_latency=15.6s source=NTSB_ASRS:Pre2008
[18080/56202] ok=17219 retried=418 last_latency=25.9s source=NTSB_ASRS:Pre2008
[18090/56202] ok=17227 retried=418 last_latency=9.0s source=NTSB_ASRS:Pre2008
[18100/56202] ok=17237 retried=418 last_latency=14.9s source=NTSB_ASRS:Pre2008
[18110/56202] ok=17245 retried=418 last_latency=15.2s source=NTSB_ASRS:Pre2008
[18120/56202] ok=17252 retried=418 last_latency=16.9s source=NTSB_ASRS:Pre2008
[18130/56202] ok=17262 retried=418 last_latency=13.8s source=NTSB_ASRS:Pre2008
[18140/56202] ok=17272 retried=418 last_latency=18.9s source=NTSB_ASRS:Pre2008
[18150/56202] ok=17282 retried=418 last_latency=12.6s source=NTSB_ASRS:Pre2008
[18160/56202] ok=17292 retried=419 last_latency=41.3s source=NTSB_ASRS:Pre2008
[18170/56202] ok=17302 retried=419 last_latency=12.9s source=NTSB_ASRS:Pre2008
[18180/56202] ok=17311 retried=419 last_latency=15.5s source=NTSB_ASRS:Pre2008
[18190/56202] ok=17321 retried=419 last_latency=15.5s source=NTSB_ASRS:Pre2008
[18200/56202] ok=17330 retried=420 last_latency=14.8s source=NTSB_ASRS:Pre2008
[18210/56202] ok=17339 retried=421 last_latency=33.4s source=NTSB_ASRS:Pre2008
[18220/56202] ok=17349 retried=421 last_latency=17.0s source=NTSB_ASRS:Pre2008
[18230/56202] ok=17358 retried=421 last_latency=12.6s source=NTSB_ASRS:Pre2008
[18240/56202] ok=17368 retried=421 last_latency=19.6s source=NTSB_ASRS:Pre2008
[18250/56202] ok=17377 retried=422 last_latency=14.8s source=NTSB_ASRS:Pre2008
[18260/56202] ok=17387 retried=422 last_latency=13.9s source=NTSB_ASRS:Pre2008
[18270/56202] ok=17397 retried=423 last_latency=13.9s source=NTSB_ASRS:Pre2008
[18280/56202] ok=17407 retried=424 last_latency=14.7s source=NTSB_ASRS:Pre2008
[18290/56202] ok=17416 retried=424 last_latency=16.9s source=NTSB_ASRS:Pre2008
[18300/56202] ok=17426 retried=424 last_latency=21.7s source=NTSB_ASRS:Pre2008
[18310/56202] ok=17433 retried=424 last_latency=8.1s source=NTSB_ASRS:Pre2008
[18320/56202] ok=17441 retried=424 last_latency=17.3s source=NTSB_ASRS:Pre2008
[18330/56202] ok=17451 retried=425 last_latency=17.8s source=NTSB_ASRS:Pre2008
[18340/56202] ok=17461 retried=425 last_latency=12.8s source=NTSB_ASRS:Pre2008
[18350/56202] ok=17470 retried=425 last_latency=14.0s source=NTSB_ASRS:Pre2008
[18360/56202] ok=17480 retried=426 last_latency=18.7s source=NTSB_ASRS:Pre2008
[18370/56202] ok=17490 retried=427 last_latency=12.1s source=NTSB_ASRS:Pre2008
[18380/56202] ok=17499 retried=427 last_latency=18.2s source=NTSB_ASRS:Pre2008
[18390/56202] ok=17509 retried=427 last_latency=18.0s source=NTSB_ASRS:Pre2008
[18400/56202] ok=17519 retried=427 last_latency=16.3s source=NTSB_ASRS:Pre2008
[18410/56202] ok=17529 retried=427 last_latency=12.1s source=NTSB_ASRS:Pre2008
[18420/56202] ok=17539 retried=428 last_latency=16.8s source=NTSB_ASRS:Pre2008
[18430/56202] ok=17549 retried=428 last_latency=16.0s source=NTSB_ASRS:Pre2008
[18440/56202] ok=17558 retried=428 last_latency=25.7s source=NTSB_ASRS:Pre2008
[18450/56202] ok=17567 retried=428 last_latency=12.8s source=NTSB_ASRS:Pre2008
[18460/56202] ok=17577 retried=428 last_latency=13.7s source=NTSB_ASRS:Pre2008
[18470/56202] ok=17587 retried=428 last_latency=15.2s source=NTSB_ASRS:Pre2008
[18480/56202] ok=17596 retried=428 last_latency=13.2s source=NTSB_ASRS:Pre2008
[18490/56202] ok=17606 retried=428 last_latency=21.2s source=NTSB_ASRS:Pre2008
[18500/56202] ok=17614 retried=429 last_latency=19.2s source=NTSB_ASRS:Pre2008
[18510/56202] ok=17624 retried=429 last_latency=16.8s source=NTSB_ASRS:Pre2008
[18520/56202] ok=17634 retried=430 last_latency=19.1s source=NTSB_ASRS:Pre2008
[18530/56202] ok=17644 retried=431 last_latency=16.2s source=NTSB_ASRS:Pre2008
[18540/56202] ok=17653 retried=431 last_latency=17.3s source=NTSB_ASRS:Pre2008
[18550/56202] ok=17663 retried=431 last_latency=12.5s source=NTSB_ASRS:Pre2008
[18560/56202] ok=17673 retried=431 last_latency=18.3s source=NTSB_ASRS:Pre2008
[18570/56202] ok=17683 retried=431 last_latency=22.7s source=NTSB_ASRS:Pre2008
[18580/56202] ok=17693 retried=431 last_latency=17.6s source=NTSB_ASRS:Pre2008
[18590/56202] ok=17702 retried=431 last_latency=11.3s source=NTSB_ASRS:Pre2008
[18600/56202] ok=17711 retried=431 last_latency=20.2s source=NTSB_ASRS:Pre2008
[18610/56202] ok=17720 retried=431 last_latency=19.2s source=NTSB_ASRS:Pre2008
[18620/56202] ok=17730 retried=431 last_latency=14.4s source=NTSB_ASRS:Pre2008
[18630/56202] ok=17739 retried=431 last_latency=9.8s source=NTSB_ASRS:Pre2008
[18640/56202] ok=17749 retried=431 last_latency=12.4s source=NTSB_ASRS:Pre2008
[18650/56202] ok=17758 retried=432 last_latency=14.9s source=NTSB_ASRS:Pre2008
[18660/56202] ok=17767 retried=432 last_latency=23.2s source=NTSB_ASRS:Pre2008
[18670/56202] ok=17776 retried=432 last_latency=18.1s source=NTSB_ASRS:Pre2008
[18680/56202] ok=17785 retried=433 last_latency=11.6s source=NTSB_ASRS:Pre2008
[18690/56202] ok=17795 retried=433 last_latency=18.0s source=NTSB_ASRS:Pre2008
[18700/56202] ok=17804 retried=433 last_latency=12.6s source=NTSB_ASRS:Pre2008
[18710/56202] ok=17812 retried=433 last_latency=9.6s source=NTSB_ASRS:Pre2008
[18720/56202] ok=17821 retried=433 last_latency=32.6s source=NTSB_ASRS:Pre2008
[18730/56202] ok=17831 retried=433 last_latency=13.0s source=NTSB_ASRS:Pre2008
[18740/56202] ok=17841 retried=433 last_latency=21.5s source=NTSB_ASRS:Pre2008
[18750/56202] ok=17850 retried=433 last_latency=43.1s source=NTSB_ASRS:Pre2008
[18760/56202] ok=17857 retried=434 last_latency=35.6s source=NTSB_ASRS:Pre2008
[18770/56202] ok=17867 retried=435 last_latency=22.7s source=NTSB_ASRS:Pre2008
[18780/56202] ok=17876 retried=436 last_latency=15.3s source=NTSB_ASRS:Pre2008
[18790/56202] ok=17886 retried=436 last_latency=10.4s source=NTSB_ASRS:Pre2008
[18800/56202] ok=17896 retried=436 last_latency=15.2s source=NTSB_ASRS:Pre2008
[18810/56202] ok=17905 retried=436 last_latency=11.2s source=NTSB_ASRS:Pre2008
[18820/56202] ok=17915 retried=436 last_latency=15.4s source=NTSB_ASRS:Pre2008
[18830/56202] ok=17925 retried=436 last_latency=14.2s source=NTSB_ASRS:Pre2008
[18840/56202] ok=17935 retried=436 last_latency=16.8s source=NTSB_ASRS:Pre2008
[18850/56202] ok=17945 retried=436 last_latency=16.3s source=NTSB_ASRS:Pre2008
[18860/56202] ok=17955 retried=437 last_latency=13.3s source=NTSB_ASRS:Pre2008
[18870/56202] ok=17965 retried=437 last_latency=14.6s source=NTSB_ASRS:Pre2008
[18880/56202] ok=17974 retried=437 last_latency=17.1s source=NTSB_ASRS:Pre2008
[18890/56202] ok=17984 retried=437 last_latency=21.4s source=NTSB_ASRS:Pre2008
[18900/56202] ok=17993 retried=438 last_latency=51.6s source=NTSB_ASRS:Pre2008
[18910/56202] ok=18003 retried=438 last_latency=14.1s source=NTSB_ASRS:Pre2008
[18920/56202] ok=18013 retried=438 last_latency=10.7s source=NTSB_ASRS:Pre2008
[18930/56202] ok=18023 retried=438 last_latency=10.9s source=NTSB_ASRS:Pre2008
[18940/56202] ok=18033 retried=439 last_latency=13.9s source=NTSB_ASRS:Pre2008
[18950/56202] ok=18042 retried=439 last_latency=16.2s source=NTSB_ASRS:Pre2008
[18960/56202] ok=18051 retried=439 last_latency=23.5s source=NTSB_ASRS:Pre2008
[18970/56202] ok=18060 retried=439 last_latency=15.5s source=NTSB_ASRS:Pre2008
[18980/56202] ok=18070 retried=440 last_latency=26.0s source=NTSB_ASRS:Pre2008
[18990/56202] ok=18080 retried=441 last_latency=11.2s source=NTSB_ASRS:Pre2008
[19000/56202] ok=18090 retried=441 last_latency=18.4s source=NTSB_ASRS:Pre2008
[19010/56202] ok=18100 retried=442 last_latency=15.1s source=NTSB_ASRS:Pre2008
[19020/56202] ok=18108 retried=442 last_latency=17.9s source=NTSB_ASRS:Pre2008
[19030/56202] ok=18118 retried=442 last_latency=15.3s source=NTSB_ASRS:Pre2008
[19040/56202] ok=18127 retried=444 last_latency=18.6s source=NTSB_ASRS:Pre2008
[19050/56202] ok=18137 retried=444 last_latency=11.9s source=NTSB_ASRS:Pre2008
[19060/56202] ok=18146 retried=444 last_latency=10.0s source=NTSB_ASRS:Pre2008
[19070/56202] ok=18156 retried=444 last_latency=8.6s source=NTSB_ASRS:Pre2008
[19080/56202] ok=18165 retried=445 last_latency=19.8s source=NTSB_ASRS:Pre2008
[19090/56202] ok=18175 retried=445 last_latency=15.4s source=NTSB_ASRS:Pre2008
[19100/56202] ok=18184 retried=446 last_latency=17.4s source=NTSB_ASRS:Pre2008
[19110/56202] ok=18193 retried=446 last_latency=15.8s source=NTSB_ASRS:Pre2008
[19120/56202] ok=18201 retried=446 last_latency=14.3s source=NTSB_ASRS:Pre2008
[19130/56202] ok=18210 retried=447 last_latency=34.8s source=NTSB_ASRS:Pre2008
[19140/56202] ok=18218 retried=447 last_latency=12.7s source=NTSB_ASRS:Pre2008
[19150/56202] ok=18228 retried=448 last_latency=11.3s source=NTSB_ASRS:Pre2008
[19160/56202] ok=18238 retried=448 last_latency=22.8s source=NTSB_ASRS:Pre2008
[19170/56202] ok=18247 retried=448 last_latency=12.4s source=NTSB_ASRS:Pre2008
[19180/56202] ok=18257 retried=448 last_latency=18.6s source=NTSB_ASRS:Pre2008
[19190/56202] ok=18267 retried=448 last_latency=14.5s source=NTSB_ASRS:Pre2008
[19200/56202] ok=18277 retried=448 last_latency=14.4s source=NTSB_ASRS:Pre2008
[19210/56202] ok=18287 retried=448 last_latency=13.8s source=NTSB_ASRS:Pre2008
[19220/56202] ok=18297 retried=448 last_latency=6.9s source=NTSB_ASRS:Pre2008
[19230/56202] ok=18306 retried=448 last_latency=17.3s source=NTSB_ASRS:Pre2008
[19240/56202] ok=18316 retried=448 last_latency=9.5s source=NTSB_ASRS:Pre2008
[19250/56202] ok=18326 retried=449 last_latency=12.3s source=NTSB_ASRS:Pre2008
[19260/56202] ok=18336 retried=449 last_latency=8.0s source=NTSB_ASRS:Pre2008
[19270/56202] ok=18346 retried=450 last_latency=34.6s source=NTSB_ASRS:Pre2008
[19280/56202] ok=18356 retried=450 last_latency=12.9s source=NTSB_ASRS:Pre2008
[19290/56202] ok=18365 retried=450 last_latency=15.2s source=NTSB_ASRS:Pre2008
[19300/56202] ok=18375 retried=452 last_latency=15.5s source=NTSB_ASRS:Pre2008
[19310/56202] ok=18385 retried=453 last_latency=7.8s source=NTSB_ASRS:Pre2008
[19320/56202] ok=18395 retried=453 last_latency=19.3s source=NTSB_ASRS:Pre2008
[19330/56202] ok=18404 retried=453 last_latency=14.2s source=NTSB_ASRS:Pre2008
[19340/56202] ok=18414 retried=454 last_latency=23.8s source=NTSB_ASRS:Pre2008
[19350/56202] ok=18423 retried=454 last_latency=13.4s source=NTSB_ASRS:Pre2008
[19360/56202] ok=18432 retried=454 last_latency=12.7s source=NTSB_ASRS:Pre2008
[19370/56202] ok=18441 retried=454 last_latency=14.7s source=NTSB_ASRS:Pre2008
[19380/56202] ok=18449 retried=454 last_latency=15.3s source=NTSB_ASRS:Pre2008
[19390/56202] ok=18459 retried=454 last_latency=11.3s source=NTSB_ASRS:Pre2008
[19400/56202] ok=18468 retried=454 last_latency=12.4s source=NTSB_ASRS:Pre2008
[19410/56202] ok=18478 retried=454 last_latency=16.8s source=NTSB_ASRS:Pre2008
[19420/56202] ok=18488 retried=454 last_latency=8.1s source=NTSB_ASRS:Pre2008
[19430/56202] ok=18497 retried=454 last_latency=5.7s source=NTSB_ASRS:Pre2008
[19440/56202] ok=18506 retried=455 last_latency=11.3s source=NTSB_ASRS:Pre2008
[19450/56202] ok=18515 retried=456 last_latency=11.1s source=NTSB_ASRS:Pre2008
[19460/56202] ok=18525 retried=456 last_latency=9.9s source=NTSB_ASRS:Pre2008
[19470/56202] ok=18534 retried=456 last_latency=10.3s source=NTSB_ASRS:Pre2008
[19480/56202] ok=18543 retried=456 last_latency=11.6s source=NTSB_ASRS:Pre2008
[19490/56202] ok=18553 retried=456 last_latency=17.2s source=NTSB_ASRS:Pre2008
[19500/56202] ok=18563 retried=456 last_latency=19.1s source=NTSB_ASRS:Pre2008
[19510/56202] ok=18572 retried=456 last_latency=17.7s source=NTSB_ASRS:Pre2008
[19520/56202] ok=18581 retried=456 last_latency=19.9s source=NTSB_ASRS:Pre2008
[19530/56202] ok=18591 retried=456 last_latency=9.7s source=NTSB_ASRS:Pre2008
[19540/56202] ok=18600 retried=456 last_latency=12.0s source=NTSB_ASRS:Pre2008
[19550/56202] ok=18610 retried=456 last_latency=16.8s source=NTSB_ASRS:Pre2008
[19560/56202] ok=18620 retried=456 last_latency=5.5s source=NTSB_ASRS:Pre2008
[19570/56202] ok=18629 retried=456 last_latency=19.0s source=NTSB_ASRS:Pre2008
[19580/56202] ok=18639 retried=457 last_latency=18.3s source=NTSB_ASRS:Pre2008
[19590/56202] ok=18648 retried=457 last_latency=14.2s source=NTSB_ASRS:Pre2008
[19600/56202] ok=18657 retried=458 last_latency=21.4s source=NTSB_ASRS:Pre2008
[19610/56202] ok=18666 retried=459 last_latency=12.3s source=NTSB_ASRS:Pre2008
[19620/56202] ok=18676 retried=459 last_latency=12.7s source=NTSB_ASRS:Pre2008
[19630/56202] ok=18684 retried=459 last_latency=11.8s source=NTSB_ASRS:Pre2008
[19640/56202] ok=18694 retried=459 last_latency=9.4s source=NTSB_ASRS:Pre2008
[19650/56202] ok=18704 retried=459 last_latency=15.5s source=NTSB_ASRS:Pre2008
[19660/56202] ok=18714 retried=459 last_latency=9.8s source=NTSB_ASRS:Pre2008
[19670/56202] ok=18723 retried=459 last_latency=18.2s source=NTSB_ASRS:Pre2008
[19680/56202] ok=18733 retried=459 last_latency=11.4s source=NTSB_ASRS:Pre2008
[19690/56202] ok=18743 retried=459 last_latency=18.4s source=NTSB_ASRS:Pre2008
[19700/56202] ok=18752 retried=459 last_latency=10.3s source=NTSB_ASRS:Pre2008
[19710/56202] ok=18762 retried=459 last_latency=23.2s source=NTSB_ASRS:Pre2008
[19720/56202] ok=18772 retried=459 last_latency=12.6s source=NTSB_ASRS:Pre2008
[19730/56202] ok=18782 retried=459 last_latency=17.6s source=NTSB_ASRS:Pre2008
[19740/56202] ok=18792 retried=459 last_latency=17.5s source=NTSB_ASRS:Pre2008
[19750/56202] ok=18802 retried=459 last_latency=14.6s source=NTSB_ASRS:Pre2008
[19760/56202] ok=18812 retried=459 last_latency=18.4s source=NTSB_ASRS:Pre2008
[19770/56202] ok=18821 retried=459 last_latency=37.2s source=NTSB_ASRS:Pre2008
[19780/56202] ok=18831 retried=459 last_latency=16.2s source=NTSB_ASRS:Pre2008
[19790/56202] ok=18841 retried=460 last_latency=16.3s source=NTSB_ASRS:Pre2008
[19800/56202] ok=18851 retried=460 last_latency=11.2s source=NTSB_ASRS:Pre2008
[19810/56202] ok=18861 retried=461 last_latency=19.3s source=NTSB_ASRS:Pre2008
[19820/56202] ok=18871 retried=461 last_latency=14.0s source=NTSB_ASRS:Pre2008
[19830/56202] ok=18881 retried=461 last_latency=12.1s source=NTSB_ASRS:Pre2008
[19840/56202] ok=18890 retried=461 last_latency=16.2s source=NTSB_ASRS:Pre2008
[19850/56202] ok=18900 retried=461 last_latency=13.0s source=NTSB_ASRS:Pre2008
[19860/56202] ok=18910 retried=461 last_latency=20.7s source=NTSB_ASRS:Pre2008
[19870/56202] ok=18919 retried=461 last_latency=17.6s source=NTSB_ASRS:Pre2008
[19880/56202] ok=18929 retried=461 last_latency=14.9s source=NTSB_ASRS:Pre2008
[19890/56202] ok=18938 retried=462 last_latency=12.9s source=NTSB_ASRS:Pre2008
[19900/56202] ok=18948 retried=463 last_latency=20.8s source=NTSB_ASRS:Pre2008
[19910/56202] ok=18958 retried=463 last_latency=14.6s source=NTSB_ASRS:Pre2008
[19920/56202] ok=18966 retried=463 last_latency=14.9s source=NTSB_ASRS:Pre2008
[19930/56202] ok=18975 retried=463 last_latency=41.7s source=NTSB_ASRS:Pre2008
[19940/56202] ok=18985 retried=463 last_latency=18.3s source=NTSB_ASRS:Pre2008
[19950/56202] ok=18995 retried=463 last_latency=21.3s source=NTSB_ASRS:Pre2008
[19960/56202] ok=19005 retried=464 last_latency=15.1s source=NTSB_ASRS:Pre2008
[19970/56202] ok=19014 retried=464 last_latency=16.7s source=NTSB_ASRS:Pre2008
[19980/56202] ok=19024 retried=464 last_latency=16.2s source=NTSB_ASRS:Pre2008
[19990/56202] ok=19034 retried=464 last_latency=11.9s source=NTSB_ASRS:Pre2008
[20000/56202] ok=19043 retried=464 last_latency=19.7s source=NTSB_ASRS:Pre2008
[20010/56202] ok=19053 retried=464 last_latency=10.0s source=NTSB_ASRS:Pre2008
[20020/56202] ok=19063 retried=464 last_latency=11.0s source=NTSB_ASRS:Pre2008
[20030/56202] ok=19073 retried=464 last_latency=12.7s source=NTSB_ASRS:Pre2008
[20040/56202] ok=19083 retried=464 last_latency=13.6s source=NTSB_ASRS:Pre2008
[20050/56202] ok=19093 retried=464 last_latency=17.6s source=NTSB_ASRS:Pre2008
[20060/56202] ok=19101 retried=464 last_latency=16.1s source=NTSB_ASRS:Pre2008
[20070/56202] ok=19111 retried=464 last_latency=10.8s source=NTSB_ASRS:Pre2008
[20080/56202] ok=19121 retried=464 last_latency=20.3s source=NTSB_ASRS:Pre2008
[20090/56202] ok=19130 retried=464 last_latency=33.3s source=NTSB_ASRS:Pre2008
[20100/56202] ok=19140 retried=464 last_latency=16.8s source=NTSB_ASRS:Pre2008
[20110/56202] ok=19149 retried=464 last_latency=19.0s source=NTSB_ASRS:Pre2008
[20120/56202] ok=19158 retried=464 last_latency=13.6s source=NTSB_ASRS:Pre2008
[20130/56202] ok=19168 retried=464 last_latency=15.3s source=NTSB_ASRS:Pre2008
[20140/56202] ok=19178 retried=464 last_latency=10.7s source=NTSB_ASRS:Pre2008
[20150/56202] ok=19187 retried=464 last_latency=15.3s source=NTSB_ASRS:Pre2008
[20160/56202] ok=19195 retried=464 last_latency=11.6s source=NTSB_ASRS:Pre2008
[20170/56202] ok=19204 retried=464 last_latency=8.3s source=NTSB_ASRS:Pre2008
[20180/56202] ok=19214 retried=464 last_latency=18.4s source=NTSB_ASRS:Pre2008
[20190/56202] ok=19224 retried=464 last_latency=15.0s source=NTSB_ASRS:Pre2008
[20200/56202] ok=19234 retried=464 last_latency=18.0s source=NTSB_ASRS:Pre2008
[20210/56202] ok=19243 retried=464 last_latency=17.1s source=NTSB_ASRS:Pre2008
[20220/56202] ok=19252 retried=464 last_latency=19.9s source=NTSB_ASRS:Pre2008
[20230/56202] ok=19261 retried=464 last_latency=11.9s source=NTSB_ASRS:Pre2008
[20240/56202] ok=19270 retried=464 last_latency=15.6s source=NTSB_ASRS:Pre2008
[20250/56202] ok=19280 retried=464 last_latency=12.6s source=NTSB_ASRS:Pre2008
[20260/56202] ok=19288 retried=465 last_latency=35.8s source=NTSB_ASRS:Pre2008
[20270/56202] ok=19297 retried=465 last_latency=14.7s source=NTSB_ASRS:Pre2008
[20280/56202] ok=19306 retried=465 last_latency=12.6s source=NTSB_ASRS:Pre2008
[20290/56202] ok=19315 retried=466 last_latency=15.2s source=NTSB_ASRS:Pre2008
[20300/56202] ok=19325 retried=466 last_latency=17.8s source=NTSB_ASRS:Pre2008
[20310/56202] ok=19335 retried=466 last_latency=14.2s source=NTSB_ASRS:Pre2008
[20320/56202] ok=19345 retried=466 last_latency=11.3s source=NTSB_ASRS:Pre2008
[20330/56202] ok=19355 retried=466 last_latency=12.5s source=NTSB_ASRS:Pre2008
[20340/56202] ok=19364 retried=467 last_latency=10.6s source=NTSB_ASRS:Pre2008
[20350/56202] ok=19373 retried=467 last_latency=11.0s source=NTSB_ASRS:Pre2008
[20360/56202] ok=19383 retried=467 last_latency=16.1s source=NTSB_ASRS:Pre2008
[20370/56202] ok=19393 retried=467 last_latency=21.1s source=NTSB_ASRS:Pre2008
[20380/56202] ok=19403 retried=467 last_latency=20.0s source=NTSB_ASRS:Pre2008
[20390/56202] ok=19412 retried=467 last_latency=16.1s source=NTSB_ASRS:Pre2008
[20400/56202] ok=19421 retried=467 last_latency=12.8s source=NTSB_ASRS:Pre2008
[20410/56202] ok=19430 retried=467 last_latency=14.5s source=NTSB_ASRS:Pre2008
[20420/56202] ok=19440 retried=467 last_latency=12.9s source=NTSB_ASRS:Pre2008
[20430/56202] ok=19450 retried=467 last_latency=22.9s source=NTSB_ASRS:Pre2008
[20440/56202] ok=19457 retried=467 last_latency=8.9s source=NTSB_ASRS:Pre2008
[20450/56202] ok=19464 retried=467 last_latency=9.6s source=NTSB_ASRS:Pre2008
[20460/56202] ok=19474 retried=467 last_latency=13.9s source=NTSB_ASRS:Pre2008
[20470/56202] ok=19484 retried=467 last_latency=14.5s source=NTSB_ASRS:Pre2008
[20480/56202] ok=19494 retried=467 last_latency=13.6s source=NTSB_ASRS:Pre2008
[20490/56202] ok=19504 retried=467 last_latency=14.8s source=NTSB_ASRS:Pre2008
[20500/56202] ok=19514 retried=468 last_latency=14.3s source=NTSB_ASRS:Pre2008
[20510/56202] ok=19524 retried=468 last_latency=17.2s source=NTSB_ASRS:Pre2008
[20520/56202] ok=19533 retried=468 last_latency=17.3s source=NTSB_ASRS:Pre2008
[20530/56202] ok=19542 retried=468 last_latency=12.1s source=NTSB_ASRS:Pre2008
[20540/56202] ok=19552 retried=468 last_latency=14.5s source=NTSB_ASRS:Pre2008
[20550/56202] ok=19561 retried=469 last_latency=12.5s source=NTSB_ASRS:Pre2008
[20560/56202] ok=19570 retried=470 last_latency=18.4s source=NTSB_ASRS:Pre2008
[20570/56202] ok=19579 retried=470 last_latency=15.6s source=NTSB_ASRS:Pre2008
[20580/56202] ok=19587 retried=470 last_latency=16.8s source=NTSB_ASRS:Pre2008
[20590/56202] ok=19597 retried=470 last_latency=13.1s source=NTSB_ASRS:Pre2008
[20600/56202] ok=19607 retried=470 last_latency=20.7s source=NTSB_ASRS:Pre2008
[20610/56202] ok=19617 retried=470 last_latency=14.3s source=NTSB_ASRS:Pre2008
[20620/56202] ok=19627 retried=470 last_latency=12.3s source=NTSB_ASRS:Pre2008
[20630/56202] ok=19636 retried=470 last_latency=12.9s source=NTSB_ASRS:Pre2008
[20640/56202] ok=19645 retried=470 last_latency=17.8s source=NTSB_ASRS:Pre2008
[20650/56202] ok=19655 retried=471 last_latency=13.3s source=NTSB_ASRS:Pre2008
[20660/56202] ok=19664 retried=471 last_latency=15.6s source=NTSB_ASRS:Pre2008
[20670/56202] ok=19673 retried=471 last_latency=14.5s source=NTSB_ASRS:Pre2008
[20680/56202] ok=19683 retried=471 last_latency=18.6s source=NTSB_ASRS:Pre2008
[20690/56202] ok=19693 retried=471 last_latency=21.4s source=NTSB_ASRS:Pre2008
[20700/56202] ok=19703 retried=471 last_latency=12.4s source=NTSB_ASRS:Pre2008
[20710/56202] ok=19712 retried=471 last_latency=10.8s source=NTSB_ASRS:Pre2008
[20720/56202] ok=19721 retried=471 last_latency=48.8s source=NTSB_ASRS:Pre2008
[20730/56202] ok=19731 retried=471 last_latency=17.1s source=NTSB_ASRS:Pre2008
[20740/56202] ok=19741 retried=471 last_latency=19.7s source=NTSB_ASRS:Pre2008
[20750/56202] ok=19751 retried=471 last_latency=13.2s source=NTSB_ASRS:Pre2008
[20760/56202] ok=19760 retried=472 last_latency=25.8s source=NTSB_ASRS:Pre2008
[20770/56202] ok=19770 retried=472 last_latency=26.5s source=NTSB_ASRS:Pre2008
[20780/56202] ok=19780 retried=472 last_latency=13.3s source=NTSB_ASRS:Pre2008
[20790/56202] ok=19790 retried=472 last_latency=15.7s source=NTSB_ASRS:Pre2008
[20800/56202] ok=19800 retried=472 last_latency=10.6s source=NTSB_ASRS:Pre2008
[20810/56202] ok=19810 retried=472 last_latency=21.4s source=NTSB_ASRS:Pre2008
[20820/56202] ok=19819 retried=472 last_latency=18.7s source=NTSB_ASRS:Pre2008
[20830/56202] ok=19829 retried=472 last_latency=12.0s source=NTSB_ASRS:Pre2008
[20840/56202] ok=19839 retried=472 last_latency=15.5s source=NTSB_ASRS:Pre2008
[20850/56202] ok=19849 retried=472 last_latency=21.4s source=NTSB_ASRS:Pre2008
[20860/56202] ok=19858 retried=472 last_latency=16.0s source=NTSB_ASRS:Pre2008
[20870/56202] ok=19866 retried=472 last_latency=12.3s source=NTSB_ASRS:Pre2008
[20880/56202] ok=19875 retried=473 last_latency=30.8s source=NTSB_ASRS:Pre2008
[20890/56202] ok=19885 retried=474 last_latency=12.5s source=NTSB_ASRS:Pre2008
[20900/56202] ok=19895 retried=474 last_latency=17.9s source=NTSB_ASRS:Pre2008
[20910/56202] ok=19905 retried=475 last_latency=8.5s source=NTSB_ASRS:Pre2008
[20920/56202] ok=19915 retried=476 last_latency=17.6s source=NTSB_ASRS:Pre2008
[20930/56202] ok=19924 retried=476 last_latency=10.7s source=NTSB_ASRS:Pre2008
[20940/56202] ok=19933 retried=476 last_latency=23.0s source=NTSB_ASRS:Pre2008
[20950/56202] ok=19943 retried=476 last_latency=10.8s source=NTSB_ASRS:Pre2008
[20960/56202] ok=19953 retried=476 last_latency=17.4s source=NTSB_ASRS:Pre2008
[20970/56202] ok=19961 retried=476 last_latency=12.9s source=NTSB_ASRS:Pre2008
[20980/56202] ok=19971 retried=476 last_latency=14.2s source=NTSB_ASRS:Pre2008
[20990/56202] ok=19980 retried=476 last_latency=24.0s source=NTSB_ASRS:Pre2008
[21000/56202] ok=19989 retried=477 last_latency=28.2s source=NTSB_ASRS:Pre2008
[21010/56202] ok=19997 retried=477 last_latency=14.0s source=NTSB_ASRS:Pre2008
[21020/56202] ok=20007 retried=477 last_latency=13.8s source=NTSB_ASRS:Pre2008
[21030/56202] ok=20016 retried=478 last_latency=17.2s source=NTSB_ASRS:Pre2008
[21040/56202] ok=20025 retried=478 last_latency=45.6s source=NTSB_ASRS:Pre2008
[21050/56202] ok=20035 retried=479 last_latency=11.9s source=NTSB_ASRS:Pre2008
[21060/56202] ok=20044 retried=479 last_latency=14.1s source=NTSB_ASRS:Pre2008
[21070/56202] ok=20054 retried=480 last_latency=12.0s source=NTSB_ASRS:Pre2008
[21080/56202] ok=20063 retried=480 last_latency=29.4s source=NTSB_ASRS:Pre2008
[21090/56202] ok=20072 retried=480 last_latency=28.8s source=NTSB_ASRS:Pre2008
[21100/56202] ok=20082 retried=480 last_latency=11.4s source=NTSB_ASRS:Pre2008
[21110/56202] ok=20090 retried=481 last_latency=10.0s source=NTSB_ASRS:Pre2008
[21120/56202] ok=20099 retried=481 last_latency=14.6s source=NTSB_ASRS:Pre2008
[21130/56202] ok=20109 retried=481 last_latency=7.5s source=NTSB_ASRS:Pre2008
[21140/56202] ok=20118 retried=481 last_latency=12.8s source=NTSB_ASRS:Pre2008
[21150/56202] ok=20127 retried=481 last_latency=7.6s source=NTSB_ASRS:Pre2008
[21160/56202] ok=20135 retried=481 last_latency=15.1s source=NTSB_ASRS:Pre2008
[21170/56202] ok=20145 retried=481 last_latency=19.9s source=NTSB_ASRS:Pre2008
[21180/56202] ok=20155 retried=482 last_latency=29.9s source=NTSB_ASRS:Pre2008
[21190/56202] ok=20165 retried=482 last_latency=18.6s source=NTSB_ASRS:Pre2008
[21200/56202] ok=20174 retried=482 last_latency=12.2s source=NTSB_ASRS:Pre2008
[21210/56202] ok=20184 retried=483 last_latency=16.6s source=NTSB_ASRS:Pre2008
[21220/56202] ok=20193 retried=483 last_latency=13.8s source=NTSB_ASRS:Pre2008
[21230/56202] ok=20203 retried=483 last_latency=21.9s source=NTSB_ASRS:Pre2008
[21240/56202] ok=20213 retried=483 last_latency=16.7s source=NTSB_ASRS:Pre2008
[21250/56202] ok=20221 retried=483 last_latency=28.3s source=NTSB_ASRS:Pre2008
[21260/56202] ok=20231 retried=483 last_latency=11.2s source=NTSB_ASRS:Pre2008
[21270/56202] ok=20241 retried=483 last_latency=15.1s source=NTSB_ASRS:Pre2008
[21280/56202] ok=20250 retried=484 last_latency=14.0s source=NTSB_ASRS:Pre2008
[21290/56202] ok=20260 retried=484 last_latency=12.3s source=NTSB_ASRS:Pre2008
[21300/56202] ok=20269 retried=484 last_latency=14.5s source=NTSB_ASRS:Pre2008
[21310/56202] ok=20277 retried=484 last_latency=15.1s source=NTSB_ASRS:Pre2008
[21320/56202] ok=20287 retried=484 last_latency=21.4s source=NTSB_ASRS:Pre2008
[21330/56202] ok=20296 retried=484 last_latency=12.8s source=NTSB_ASRS:Pre2008
[21340/56202] ok=20306 retried=484 last_latency=21.8s source=NTSB_ASRS:Pre2008
[21350/56202] ok=20315 retried=484 last_latency=8.2s source=NTSB_ASRS:Pre2008
[21360/56202] ok=20324 retried=485 last_latency=23.3s source=NTSB_ASRS:Pre2008
[21370/56202] ok=20334 retried=485 last_latency=12.5s source=NTSB_ASRS:Pre2008
[21380/56202] ok=20344 retried=485 last_latency=14.3s source=NTSB_ASRS:Pre2008
[21390/56202] ok=20353 retried=485 last_latency=12.3s source=NTSB_ASRS:Pre2008
[21400/56202] ok=20363 retried=486 last_latency=22.0s source=NTSB_ASRS:Pre2008
[21410/56202] ok=20373 retried=486 last_latency=5.3s source=NTSB_ASRS:Pre2008
[21420/56202] ok=20383 retried=486 last_latency=14.9s source=NTSB_ASRS:Pre2008
[21430/56202] ok=20393 retried=486 last_latency=14.2s source=NTSB_ASRS:Pre2008
[21440/56202] ok=20402 retried=487 last_latency=15.0s source=NTSB_ASRS:Pre2008
[21450/56202] ok=20412 retried=488 last_latency=14.2s source=NTSB_ASRS:Pre2008
[21460/56202] ok=20422 retried=488 last_latency=11.9s source=NTSB_ASRS:Pre2008
[21470/56202] ok=20432 retried=488 last_latency=15.4s source=NTSB_ASRS:Pre2008
[21480/56202] ok=20442 retried=490 last_latency=8.7s source=NTSB_ASRS:Pre2008
[21490/56202] ok=20451 retried=491 last_latency=13.1s source=NTSB_ASRS:Pre2008
[21500/56202] ok=20460 retried=491 last_latency=8.9s source=NTSB_ASRS:Pre2008
[21510/56202] ok=20470 retried=491 last_latency=13.2s source=NTSB_ASRS:Pre2008
[21520/56202] ok=20479 retried=493 last_latency=11.6s source=NTSB_ASRS:Pre2008
[21530/56202] ok=20485 retried=493 last_latency=20.6s source=NTSB_ASRS:Pre2008
[21540/56202] ok=20495 retried=494 last_latency=12.9s source=NTSB_ASRS:Pre2008
[21550/56202] ok=20505 retried=494 last_latency=17.6s source=NTSB_ASRS:Pre2008
[21560/56202] ok=20515 retried=494 last_latency=15.0s source=NTSB_ASRS:Pre2008
[21570/56202] ok=20525 retried=494 last_latency=22.0s source=NTSB_ASRS:Pre2008
[21580/56202] ok=20535 retried=494 last_latency=4.0s source=NTSB_ASRS:Pre2008
[21590/56202] ok=20544 retried=494 last_latency=14.6s source=NTSB_ASRS:Pre2008
[21600/56202] ok=20554 retried=495 last_latency=8.5s source=NTSB_ASRS:Pre2008
[21610/56202] ok=20563 retried=495 last_latency=16.4s source=NTSB_ASRS:Pre2008
[21620/56202] ok=20570 retried=495 last_latency=32.4s source=NTSB_ASRS:Pre2008
[21630/56202] ok=20580 retried=496 last_latency=13.3s source=NTSB_ASRS:Pre2008
[21640/56202] ok=20589 retried=496 last_latency=8.2s source=NTSB_ASRS:Pre2008
[21650/56202] ok=20599 retried=498 last_latency=26.4s source=NTSB_ASRS:Pre2008
[21660/56202] ok=20609 retried=499 last_latency=18.9s source=NTSB_ASRS:Pre2008
[21670/56202] ok=20617 retried=499 last_latency=8.9s source=NTSB_ASRS:Pre2008
[21680/56202] ok=20627 retried=499 last_latency=21.3s source=NTSB_ASRS:Pre2008
[21690/56202] ok=20636 retried=500 last_latency=12.6s source=NTSB_ASRS:Pre2008
[21700/56202] ok=20646 retried=500 last_latency=12.0s source=NTSB_ASRS:Pre2008
[21710/56202] ok=20656 retried=500 last_latency=14.6s source=NTSB_ASRS:Pre2008
[21720/56202] ok=20665 retried=500 last_latency=7.3s source=NTSB_ASRS:Pre2008
[21730/56202] ok=20675 retried=500 last_latency=8.4s source=NTSB_ASRS:Pre2008
[21740/56202] ok=20684 retried=500 last_latency=18.0s source=NTSB_ASRS:Pre2008
[21750/56202] ok=20694 retried=501 last_latency=46.5s source=NTSB_ASRS:Pre2008
[21760/56202] ok=20704 retried=501 last_latency=23.0s source=NTSB_ASRS:Pre2008
[21770/56202] ok=20714 retried=502 last_latency=18.7s source=NTSB_ASRS:Pre2008
[21780/56202] ok=20724 retried=502 last_latency=15.0s source=NTSB_ASRS:Pre2008
[21790/56202] ok=20733 retried=502 last_latency=15.7s source=NTSB_ASRS:Pre2008
[21800/56202] ok=20742 retried=502 last_latency=16.6s source=NTSB_ASRS:Pre2008
[21810/56202] ok=20752 retried=503 last_latency=17.0s source=NTSB_ASRS:Pre2008
[21820/56202] ok=20762 retried=503 last_latency=12.4s source=NTSB_ASRS:Pre2008
[21830/56202] ok=20771 retried=505 last_latency=39.4s source=NTSB_ASRS:Pre2008
[21840/56202] ok=20780 retried=505 last_latency=14.5s source=NTSB_ASRS:Pre2008
[21850/56202] ok=20788 retried=505 last_latency=11.1s source=NTSB_ASRS:Pre2008
[21860/56202] ok=20798 retried=505 last_latency=14.6s source=NTSB_ASRS:Pre2008
[21870/56202] ok=20807 retried=505 last_latency=22.7s source=NTSB_ASRS:Pre2008
[21880/56202] ok=20816 retried=505 last_latency=9.7s source=NTSB_ASRS:Pre2008
[21890/56202] ok=20825 retried=506 last_latency=17.6s source=NTSB_ASRS:Pre2008
[21900/56202] ok=20834 retried=506 last_latency=34.7s source=NTSB_ASRS:Pre2008
[21910/56202] ok=20843 retried=506 last_latency=11.3s source=NTSB_ASRS:Pre2008
[21920/56202] ok=20853 retried=507 last_latency=9.0s source=NTSB_ASRS:Pre2008
[21930/56202] ok=20863 retried=507 last_latency=19.5s source=NTSB_ASRS:Pre2008
[21940/56202] ok=20873 retried=507 last_latency=12.1s source=NTSB_ASRS:Pre2008
[21950/56202] ok=20883 retried=509 last_latency=8.4s source=NTSB_ASRS:Pre2008
[21960/56202] ok=20893 retried=509 last_latency=14.7s source=NTSB_ASRS:Pre2008
[21970/56202] ok=20902 retried=509 last_latency=12.6s source=NTSB_ASRS:Pre2008
[21980/56202] ok=20911 retried=509 last_latency=17.8s source=NTSB_ASRS:Pre2008
[21990/56202] ok=20920 retried=509 last_latency=10.8s source=NTSB_ASRS:Pre2008
[22000/56202] ok=20930 retried=509 last_latency=8.1s source=NTSB_ASRS:Pre2008
[22010/56202] ok=20940 retried=509 last_latency=10.1s source=NTSB_ASRS:Pre2008
[22020/56202] ok=20949 retried=509 last_latency=22.7s source=NTSB_ASRS:Pre2008
[22030/56202] ok=20958 retried=510 last_latency=16.3s source=NTSB_ASRS:Pre2008
[22040/56202] ok=20967 retried=510 last_latency=12.6s source=NTSB_ASRS:Pre2008
[22050/56202] ok=20977 retried=510 last_latency=14.1s source=NTSB_ASRS:Pre2008
[22060/56202] ok=20986 retried=510 last_latency=14.6s source=NTSB_ASRS:Pre2008
[22070/56202] ok=20996 retried=510 last_latency=18.0s source=NTSB_ASRS:Pre2008
[22080/56202] ok=21005 retried=510 last_latency=16.6s source=NTSB_ASRS:Pre2008
[22090/56202] ok=21012 retried=510 last_latency=13.1s source=NTSB_ASRS:Pre2008
[22100/56202] ok=21022 retried=510 last_latency=11.8s source=NTSB_ASRS:Pre2008
[22110/56202] ok=21032 retried=510 last_latency=12.8s source=NTSB_ASRS:Pre2008
[22120/56202] ok=21042 retried=510 last_latency=12.2s source=NTSB_ASRS:Pre2008
[22130/56202] ok=21052 retried=510 last_latency=14.6s source=NTSB_ASRS:Pre2008
[22140/56202] ok=21062 retried=510 last_latency=21.7s source=NTSB_ASRS:Pre2008
[22150/56202] ok=21072 retried=510 last_latency=14.0s source=NTSB_ASRS:Pre2008
[22160/56202] ok=21082 retried=510 last_latency=20.8s source=NTSB_ASRS:Pre2008
[22170/56202] ok=21092 retried=511 last_latency=18.8s source=NTSB_ASRS:Pre2008
[22180/56202] ok=21102 retried=511 last_latency=11.9s source=NTSB_ASRS:Pre2008
[22190/56202] ok=21112 retried=512 last_latency=14.7s source=NTSB_ASRS:Pre2008
[22200/56202] ok=21121 retried=512 last_latency=18.0s source=NTSB_ASRS:Pre2008
[22210/56202] ok=21131 retried=512 last_latency=12.3s source=NTSB_ASRS:Pre2008
[22220/56202] ok=21141 retried=512 last_latency=18.0s source=NTSB_ASRS:Pre2008
[22230/56202] ok=21151 retried=512 last_latency=23.7s source=NTSB_ASRS:Pre2008
[22240/56202] ok=21161 retried=512 last_latency=17.9s source=NTSB_ASRS:Pre2008
[22250/56202] ok=21170 retried=512 last_latency=14.4s source=NTSB_ASRS:Pre2008
[22260/56202] ok=21178 retried=513 last_latency=17.2s source=NTSB_ASRS:Pre2008
[22270/56202] ok=21188 retried=513 last_latency=16.3s source=NTSB_ASRS:Pre2008
[22280/56202] ok=21197 retried=514 last_latency=26.4s source=NTSB_ASRS:Pre2008
[22290/56202] ok=21207 retried=514 last_latency=20.8s source=NTSB_ASRS:Pre2008
[22300/56202] ok=21215 retried=515 last_latency=18.3s source=NTSB_ASRS:Pre2008
[22310/56202] ok=21224 retried=515 last_latency=15.2s source=NTSB_ASRS:Pre2008
[22320/56202] ok=21234 retried=515 last_latency=18.6s source=NTSB_ASRS:Pre2008
[22330/56202] ok=21244 retried=515 last_latency=12.0s source=NTSB_ASRS:Pre2008
[22340/56202] ok=21253 retried=515 last_latency=19.9s source=NTSB_ASRS:Pre2008
[22350/56202] ok=21262 retried=515 last_latency=15.3s source=NTSB_ASRS:Pre2008
[22360/56202] ok=21271 retried=515 last_latency=23.9s source=NTSB_ASRS:Pre2008
[22370/56202] ok=21280 retried=515 last_latency=13.8s source=NTSB_ASRS:Pre2008
[22380/56202] ok=21290 retried=515 last_latency=12.9s source=NTSB_ASRS:Pre2008
[22390/56202] ok=21298 retried=515 last_latency=13.8s source=NTSB_ASRS:Pre2008
[22400/56202] ok=21307 retried=515 last_latency=13.9s source=NTSB_ASRS:Pre2008
[22410/56202] ok=21317 retried=515 last_latency=18.3s source=NTSB_ASRS:Pre2008
[22420/56202] ok=21327 retried=515 last_latency=14.3s source=NTSB_ASRS:Pre2008
[22430/56202] ok=21336 retried=515 last_latency=17.9s source=NTSB_ASRS:Pre2008
[22440/56202] ok=21345 retried=515 last_latency=17.4s source=NTSB_ASRS:Pre2008
[22450/56202] ok=21354 retried=515 last_latency=30.2s source=NTSB_ASRS:Pre2008
[22460/56202] ok=21363 retried=516 last_latency=19.8s source=NTSB_ASRS:Pre2008
[22470/56202] ok=21373 retried=516 last_latency=12.0s source=NTSB_ASRS:Pre2008
[22480/56202] ok=21383 retried=516 last_latency=22.5s source=NTSB_ASRS:Pre2008
[22490/56202] ok=21391 retried=516 last_latency=17.8s source=NTSB_ASRS:Pre2008
[22500/56202] ok=21401 retried=516 last_latency=17.9s source=NTSB_ASRS:Pre2008
[22510/56202] ok=21411 retried=516 last_latency=17.7s source=NTSB_ASRS:Pre2008
[22520/56202] ok=21421 retried=516 last_latency=11.2s source=NTSB_ASRS:Pre2008
[22530/56202] ok=21431 retried=516 last_latency=12.0s source=NTSB_ASRS:Pre2008
[22540/56202] ok=21440 retried=516 last_latency=14.5s source=NTSB_ASRS:Pre2008
[22550/56202] ok=21450 retried=516 last_latency=21.4s source=NTSB_ASRS:Pre2008
[22560/56202] ok=21460 retried=516 last_latency=10.8s source=NTSB_ASRS:Pre2008
[22570/56202] ok=21469 retried=517 last_latency=19.6s source=NTSB_ASRS:Pre2008
[22580/56202] ok=21477 retried=517 last_latency=23.2s source=NTSB_ASRS:Pre2008
[22590/56202] ok=21487 retried=517 last_latency=17.9s source=NTSB_ASRS:Pre2008
[22600/56202] ok=21497 retried=518 last_latency=11.0s source=NTSB_ASRS:Pre2008
[22610/56202] ok=21507 retried=518 last_latency=17.7s source=NTSB_ASRS:Pre2008
[22620/56202] ok=21516 retried=518 last_latency=44.0s source=NTSB_ASRS:Pre2008
[22630/56202] ok=21526 retried=518 last_latency=11.5s source=NTSB_ASRS:Pre2008
[22640/56202] ok=21536 retried=518 last_latency=9.3s source=NTSB_ASRS:Pre2008
[22650/56202] ok=21546 retried=518 last_latency=17.5s source=NTSB_ASRS:Pre2008
[22660/56202] ok=21556 retried=518 last_latency=13.4s source=NTSB_ASRS:Pre2008
[22670/56202] ok=21565 retried=518 last_latency=15.4s source=NTSB_ASRS:Pre2008
[22680/56202] ok=21574 retried=519 last_latency=17.9s source=NTSB_ASRS:Pre2008
[22690/56202] ok=21584 retried=519 last_latency=11.0s source=NTSB_ASRS:Pre2008
[22700/56202] ok=21594 retried=519 last_latency=15.7s source=NTSB_ASRS:Pre2008
[22710/56202] ok=21601 retried=519 last_latency=20.4s source=NTSB_ASRS:Pre2008
[22720/56202] ok=21611 retried=519 last_latency=19.7s source=NTSB_ASRS:Pre2008
[22730/56202] ok=21621 retried=519 last_latency=11.6s source=NTSB_ASRS:Pre2008
[22740/56202] ok=21631 retried=519 last_latency=11.4s source=NTSB_ASRS:Pre2008
[22750/56202] ok=21641 retried=519 last_latency=20.1s source=NTSB_ASRS:Pre2008
[22760/56202] ok=21650 retried=519 last_latency=11.9s source=NTSB_ASRS:Pre2008
[22770/56202] ok=21660 retried=519 last_latency=13.9s source=NTSB_ASRS:Pre2008
[22780/56202] ok=21670 retried=519 last_latency=22.3s source=NTSB_ASRS:Pre2008
[22790/56202] ok=21680 retried=519 last_latency=8.6s source=NTSB_ASRS:Pre2008
[22800/56202] ok=21689 retried=519 last_latency=14.7s source=NTSB_ASRS:Pre2008
[22810/56202] ok=21699 retried=519 last_latency=11.6s source=NTSB_ASRS:Pre2008
[22820/56202] ok=21709 retried=519 last_latency=14.6s source=NTSB_ASRS:Pre2008
[22830/56202] ok=21717 retried=519 last_latency=30.1s source=NTSB_ASRS:Pre2008
[22840/56202] ok=21727 retried=519 last_latency=22.4s source=NTSB_ASRS:Pre2008
[22850/56202] ok=21737 retried=519 last_latency=11.5s source=NTSB_ASRS:Pre2008
[22860/56202] ok=21747 retried=519 last_latency=15.6s source=NTSB_ASRS:Pre2008
[22870/56202] ok=21757 retried=519 last_latency=12.9s source=NTSB_ASRS:Pre2008
[22880/56202] ok=21767 retried=519 last_latency=18.4s source=NTSB_ASRS:Pre2008
[22890/56202] ok=21777 retried=520 last_latency=14.9s source=NTSB_ASRS:Pre2008
[22900/56202] ok=21787 retried=520 last_latency=18.3s source=NTSB_ASRS:Pre2008
[22910/56202] ok=21797 retried=520 last_latency=11.4s source=NTSB_ASRS:Pre2008
[22920/56202] ok=21807 retried=520 last_latency=16.5s source=NTSB_ASRS:Pre2008
[22930/56202] ok=21816 retried=521 last_latency=14.8s source=NTSB_ASRS:Pre2008
[22940/56202] ok=21826 retried=521 last_latency=22.0s source=NTSB_ASRS:Pre2008
[22950/56202] ok=21836 retried=521 last_latency=17.3s source=NTSB_ASRS:Pre2008
[22960/56202] ok=21846 retried=521 last_latency=21.6s source=NTSB_ASRS:Pre2008
[22970/56202] ok=21853 retried=521 last_latency=12.8s source=NTSB_ASRS:Pre2008
[22980/56202] ok=21863 retried=521 last_latency=18.6s source=NTSB_ASRS:Pre2008
[22990/56202] ok=21873 retried=521 last_latency=15.0s source=NTSB_ASRS:Pre2008
[23000/56202] ok=21882 retried=521 last_latency=13.6s source=NTSB_ASRS:Pre2008
[23010/56202] ok=21891 retried=521 last_latency=11.1s source=NTSB_ASRS:Pre2008
[23020/56202] ok=21900 retried=521 last_latency=20.7s source=NTSB_ASRS:Pre2008
[23030/56202] ok=21910 retried=521 last_latency=15.6s source=NTSB_ASRS:Pre2008
[23040/56202] ok=21920 retried=521 last_latency=15.7s source=NTSB_ASRS:Pre2008
[23050/56202] ok=21930 retried=522 last_latency=13.5s source=NTSB_ASRS:Pre2008
[23060/56202] ok=21940 retried=523 last_latency=11.8s source=NTSB_ASRS:Pre2008
[23070/56202] ok=21950 retried=523 last_latency=18.1s source=NTSB_ASRS:Pre2008
[23080/56202] ok=21960 retried=523 last_latency=10.9s source=NTSB_ASRS:Pre2008
[23090/56202] ok=21970 retried=525 last_latency=12.1s source=NTSB_ASRS:Pre2008
[23100/56202] ok=21979 retried=525 last_latency=22.8s source=NTSB_ASRS:Pre2008
[23110/56202] ok=21989 retried=525 last_latency=17.2s source=NTSB_ASRS:Pre2008
[23120/56202] ok=21999 retried=526 last_latency=10.8s source=NTSB_ASRS:Pre2008
[23130/56202] ok=22006 retried=526 last_latency=13.8s source=NTSB_ASRS:Pre2008
[23140/56202] ok=22015 retried=526 last_latency=22.4s source=NTSB_ASRS:Pre2008
[23150/56202] ok=22024 retried=526 last_latency=18.7s source=NTSB_ASRS:Pre2008
[23160/56202] ok=22034 retried=526 last_latency=11.3s source=NTSB_ASRS:Pre2008
[23170/56202] ok=22044 retried=526 last_latency=24.1s source=NTSB_ASRS:Pre2008
[23180/56202] ok=22054 retried=526 last_latency=7.7s source=NTSB_ASRS:Pre2008
[23190/56202] ok=22064 retried=526 last_latency=15.4s source=NTSB_ASRS:Pre2008
[23200/56202] ok=22074 retried=526 last_latency=18.0s source=NTSB_ASRS:Pre2008
[23210/56202] ok=22084 retried=526 last_latency=18.3s source=NTSB_ASRS:Pre2008
[23220/56202] ok=22093 retried=527 last_latency=13.3s source=NTSB_ASRS:Pre2008
[23230/56202] ok=22103 retried=527 last_latency=14.1s source=NTSB_ASRS:Pre2008
[23240/56202] ok=22113 retried=527 last_latency=13.8s source=NTSB_ASRS:Pre2008
[23250/56202] ok=22123 retried=528 last_latency=10.0s source=NTSB_ASRS:Pre2008
[23260/56202] ok=22133 retried=528 last_latency=15.6s source=NTSB_ASRS:Pre2008
[23270/56202] ok=22143 retried=528 last_latency=13.0s source=NTSB_ASRS:Pre2008
[23280/56202] ok=22153 retried=529 last_latency=18.0s source=NTSB_ASRS:Pre2008
[23290/56202] ok=22163 retried=530 last_latency=34.0s source=NTSB_ASRS:Pre2008
[23300/56202] ok=22173 retried=530 last_latency=16.6s source=NTSB_ASRS:Pre2008
[23310/56202] ok=22183 retried=530 last_latency=16.0s source=NTSB_ASRS:Pre2008
[23320/56202] ok=22192 retried=530 last_latency=22.6s source=NTSB_ASRS:Pre2008
[23330/56202] ok=22202 retried=530 last_latency=16.7s source=NTSB_ASRS:Pre2008
[23340/56202] ok=22211 retried=530 last_latency=20.0s source=NTSB_ASRS:Pre2008
[23350/56202] ok=22221 retried=530 last_latency=15.0s source=NTSB_ASRS:Pre2008
[23360/56202] ok=22230 retried=530 last_latency=52.6s source=NTSB_ASRS:Pre2008
[23370/56202] ok=22238 retried=530 last_latency=14.0s source=NTSB_ASRS:Pre2008
[23380/56202] ok=22247 retried=530 last_latency=14.8s source=NTSB_ASRS:Pre2008
[23390/56202] ok=22257 retried=530 last_latency=15.7s source=NTSB_ASRS:Pre2008
[23400/56202] ok=22267 retried=530 last_latency=9.2s source=NTSB_ASRS:Pre2008
[23410/56202] ok=22277 retried=531 last_latency=13.5s source=NTSB_ASRS:Pre2008
[23420/56202] ok=22286 retried=532 last_latency=36.9s source=NTSB_ASRS:Pre2008
[23430/56202] ok=22296 retried=533 last_latency=14.0s source=NTSB_ASRS:Pre2008
[23440/56202] ok=22306 retried=533 last_latency=16.8s source=NTSB_ASRS:Pre2008
[23450/56202] ok=22315 retried=533 last_latency=12.5s source=NTSB_ASRS:Pre2008
[23460/56202] ok=22324 retried=533 last_latency=8.8s source=NTSB_ASRS:Pre2008
[23470/56202] ok=22333 retried=533 last_latency=12.6s source=NTSB_ASRS:Pre2008
[23480/56202] ok=22343 retried=533 last_latency=19.2s source=NTSB_ASRS:Pre2008
[23490/56202] ok=22353 retried=534 last_latency=36.7s source=NTSB_ASRS:Pre2008
[23500/56202] ok=22363 retried=535 last_latency=8.7s source=NTSB_ASRS:Pre2008
[23510/56202] ok=22373 retried=535 last_latency=13.2s source=NTSB_ASRS:Pre2008
[23520/56202] ok=22383 retried=535 last_latency=14.9s source=NTSB_ASRS:Pre2008
[23530/56202] ok=22393 retried=535 last_latency=16.5s source=NTSB_ASRS:Pre2008
[23540/56202] ok=22402 retried=536 last_latency=13.4s source=NTSB_ASRS:Pre2008
[23550/56202] ok=22411 retried=536 last_latency=22.6s source=NTSB_ASRS:Pre2008
[23560/56202] ok=22419 retried=536 last_latency=5.8s source=NTSB_ASRS:Pre2008
[23570/56202] ok=22429 retried=536 last_latency=12.3s source=NTSB_ASRS:Pre2008
[23580/56202] ok=22437 retried=536 last_latency=26.3s source=NTSB_ASRS:Pre2008
[23590/56202] ok=22446 retried=536 last_latency=37.6s source=NTSB_ASRS:Pre2008
[23600/56202] ok=22456 retried=536 last_latency=14.4s source=NTSB_ASRS:Pre2008
[23610/56202] ok=22466 retried=536 last_latency=17.6s source=NTSB_ASRS:Pre2008
[23620/56202] ok=22474 retried=536 last_latency=18.7s source=NTSB_ASRS:Pre2008
[23630/56202] ok=22483 retried=536 last_latency=35.1s source=NTSB_ASRS:Pre2008
[23640/56202] ok=22491 retried=536 last_latency=20.6s source=NTSB_ASRS:Pre2008
[23650/56202] ok=22501 retried=536 last_latency=17.8s source=NTSB_ASRS:Pre2008
[23660/56202] ok=22511 retried=536 last_latency=20.7s source=NTSB_ASRS:Pre2008
[23670/56202] ok=22520 retried=536 last_latency=11.3s source=NTSB_ASRS:Pre2008
[23680/56202] ok=22527 retried=536 last_latency=16.3s source=NTSB_ASRS:Pre2008
[23690/56202] ok=22537 retried=536 last_latency=15.2s source=NTSB_ASRS:Pre2008
[23700/56202] ok=22547 retried=536 last_latency=15.0s source=NTSB_ASRS:Pre2008
[23710/56202] ok=22557 retried=536 last_latency=20.7s source=NTSB_ASRS:Pre2008
[23720/56202] ok=22567 retried=536 last_latency=15.1s source=NTSB_ASRS:Pre2008
[23730/56202] ok=22575 retried=537 last_latency=29.7s source=NTSB_ASRS:Pre2008
[23740/56202] ok=22585 retried=537 last_latency=15.3s source=NTSB_ASRS:Pre2008
[23750/56202] ok=22592 retried=537 last_latency=18.7s source=NTSB_ASRS:Pre2008
[23760/56202] ok=22602 retried=538 last_latency=15.4s source=NTSB_ASRS:Pre2008
[23770/56202] ok=22611 retried=538 last_latency=13.9s source=NTSB_ASRS:Pre2008
[23780/56202] ok=22619 retried=538 last_latency=12.4s source=NTSB_ASRS:Pre2008
[23790/56202] ok=22629 retried=538 last_latency=11.6s source=NTSB_ASRS:Pre2008
[23800/56202] ok=22639 retried=538 last_latency=14.8s source=NTSB_ASRS:Pre2008
[23810/56202] ok=22649 retried=538 last_latency=23.8s source=NTSB_ASRS:Pre2008
[23820/56202] ok=22659 retried=538 last_latency=12.9s source=NTSB_ASRS:Pre2008
[23830/56202] ok=22669 retried=538 last_latency=9.8s source=NTSB_ASRS:Pre2008
[23840/56202] ok=22678 retried=539 last_latency=15.6s source=NTSB_ASRS:Pre2008
[23850/56202] ok=22688 retried=539 last_latency=17.1s source=NTSB_ASRS:Pre2008
[23860/56202] ok=22697 retried=539 last_latency=16.0s source=NTSB_ASRS:Pre2008
[23870/56202] ok=22707 retried=539 last_latency=20.5s source=NTSB_ASRS:Pre2008
[23880/56202] ok=22715 retried=539 last_latency=10.8s source=NTSB_ASRS:Pre2008
[23890/56202] ok=22725 retried=539 last_latency=18.4s source=NTSB_ASRS:Pre2008
[23900/56202] ok=22735 retried=539 last_latency=23.9s source=NTSB_ASRS:Pre2008
[23910/56202] ok=22745 retried=539 last_latency=14.2s source=NTSB_ASRS:Pre2008
[23920/56202] ok=22755 retried=539 last_latency=14.6s source=NTSB_ASRS:Pre2008
[23930/56202] ok=22765 retried=539 last_latency=19.0s source=NTSB_ASRS:Pre2008
[23940/56202] ok=22775 retried=539 last_latency=11.0s source=NTSB_ASRS:Pre2008
[23950/56202] ok=22785 retried=539 last_latency=19.9s source=NTSB_ASRS:Pre2008
[23960/56202] ok=22795 retried=539 last_latency=12.8s source=NTSB_ASRS:Pre2008
[23970/56202] ok=22805 retried=539 last_latency=20.6s source=NTSB_ASRS:Pre2008
[23980/56202] ok=22815 retried=539 last_latency=8.9s source=NTSB_ASRS:Pre2008
[23990/56202] ok=22825 retried=539 last_latency=11.9s source=NTSB_ASRS:Pre2008
[24000/56202] ok=22835 retried=539 last_latency=14.6s source=NTSB_ASRS:Pre2008
[24010/56202] ok=22845 retried=539 last_latency=13.6s source=NTSB_ASRS:Pre2008
[24020/56202] ok=22855 retried=540 last_latency=19.3s source=NTSB_ASRS:Pre2008
[24030/56202] ok=22864 retried=540 last_latency=17.5s source=NTSB_ASRS:Pre2008
[24040/56202] ok=22873 retried=543 last_latency=24.4s source=NTSB_ASRS:Pre2008
[24050/56202] ok=22882 retried=543 last_latency=12.3s source=NTSB_ASRS:Pre2008
[24060/56202] ok=22892 retried=543 last_latency=18.2s source=NTSB_ASRS:Pre2008
[24070/56202] ok=22902 retried=543 last_latency=15.4s source=NTSB_ASRS:Pre2008
[24080/56202] ok=22911 retried=543 last_latency=14.9s source=NTSB_ASRS:Pre2008
[24090/56202] ok=22921 retried=544 last_latency=12.7s source=NTSB_ASRS:Pre2008
[24100/56202] ok=22931 retried=544 last_latency=14.0s source=NTSB_ASRS:Pre2008
[24110/56202] ok=22941 retried=544 last_latency=12.1s source=NTSB_ASRS:Pre2008
[24120/56202] ok=22951 retried=544 last_latency=15.2s source=NTSB_ASRS:Pre2008
[24130/56202] ok=22961 retried=544 last_latency=19.5s source=NTSB_ASRS:Pre2008
[24140/56202] ok=22971 retried=544 last_latency=8.6s source=NTSB_ASRS:Pre2008
[24150/56202] ok=22980 retried=544 last_latency=13.2s source=NTSB_ASRS:Pre2008
[24160/56202] ok=22988 retried=544 last_latency=18.6s source=NTSB_ASRS:Pre2008
[24170/56202] ok=22998 retried=545 last_latency=15.3s source=NTSB_ASRS:Pre2008
[24180/56202] ok=23008 retried=545 last_latency=14.2s source=NTSB_ASRS:Pre2008
[24190/56202] ok=23018 retried=546 last_latency=10.4s source=NTSB_ASRS:Pre2008
[24200/56202] ok=23028 retried=547 last_latency=19.2s source=NTSB_ASRS:Pre2008
[24210/56202] ok=23038 retried=547 last_latency=20.3s source=NTSB_ASRS:Pre2008
[24220/56202] ok=23047 retried=547 last_latency=18.9s source=NTSB_ASRS:Pre2008
[24230/56202] ok=23057 retried=547 last_latency=17.1s source=NTSB_ASRS:Pre2008
[24240/56202] ok=23067 retried=547 last_latency=12.9s source=NTSB_ASRS:Pre2008
[24250/56202] ok=23076 retried=547 last_latency=15.4s source=NTSB_ASRS:Pre2008
[24260/56202] ok=23085 retried=547 last_latency=11.6s source=NTSB_ASRS:Pre2008
[24270/56202] ok=23095 retried=547 last_latency=11.6s source=NTSB_ASRS:Pre2008
[24280/56202] ok=23105 retried=547 last_latency=14.0s source=NTSB_ASRS:Pre2008
[24290/56202] ok=23114 retried=547 last_latency=14.5s source=NTSB_ASRS:Pre2008
[24300/56202] ok=23122 retried=547 last_latency=17.6s source=NTSB_ASRS:Pre2008
[24310/56202] ok=23132 retried=547 last_latency=17.2s source=NTSB_ASRS:Pre2008
[24320/56202] ok=23142 retried=547 last_latency=10.1s source=NTSB_ASRS:Pre2008
[24330/56202] ok=23152 retried=547 last_latency=7.3s source=NTSB_ASRS:Pre2008
[24340/56202] ok=23162 retried=547 last_latency=17.1s source=NTSB_ASRS:Pre2008
[24350/56202] ok=23172 retried=547 last_latency=8.9s source=NTSB_ASRS:Pre2008
[24360/56202] ok=23181 retried=547 last_latency=13.6s source=NTSB_ASRS:Pre2008
[24370/56202] ok=23191 retried=547 last_latency=14.0s source=NTSB_ASRS:Pre2008
[24380/56202] ok=23201 retried=547 last_latency=8.2s source=NTSB_ASRS:Pre2008
[24390/56202] ok=23211 retried=547 last_latency=4.7s source=NTSB_ASRS:Pre2008
[24400/56202] ok=23221 retried=547 last_latency=8.8s source=NTSB_ASRS:Pre2008
[24410/56202] ok=23228 retried=548 last_latency=9.0s source=NTSB_ASRS:Pre2008
[24420/56202] ok=23238 retried=548 last_latency=18.2s source=NTSB_ASRS:Pre2008
[24430/56202] ok=23247 retried=549 last_latency=38.8s source=NTSB_ASRS:Pre2008
[24440/56202] ok=23255 retried=549 last_latency=18.9s source=NTSB_ASRS:Pre2008
[24450/56202] ok=23265 retried=549 last_latency=6.1s source=NTSB_ASRS:Pre2008
[24460/56202] ok=23275 retried=549 last_latency=8.4s source=NTSB_ASRS:Pre2008
[24470/56202] ok=23285 retried=549 last_latency=24.7s source=NTSB_ASRS:Pre2008
[24480/56202] ok=23294 retried=549 last_latency=13.0s source=NTSB_ASRS:Pre2008
[24490/56202] ok=23304 retried=549 last_latency=10.0s source=NTSB_ASRS:Pre2008
[24500/56202] ok=23313 retried=549 last_latency=16.8s source=NTSB_ASRS:Pre2008
[24510/56202] ok=23323 retried=550 last_latency=16.0s source=NTSB_ASRS:Pre2008
[24520/56202] ok=23332 retried=550 last_latency=18.6s source=NTSB_ASRS:Pre2008
[24530/56202] ok=23341 retried=550 last_latency=16.2s source=NTSB_ASRS:Pre2008
[24540/56202] ok=23350 retried=550 last_latency=15.1s source=NTSB_ASRS:Pre2008
[24550/56202] ok=23360 retried=551 last_latency=15.6s source=NTSB_ASRS:Pre2008
[24560/56202] ok=23369 retried=551 last_latency=16.4s source=NTSB_ASRS:Pre2008
[24570/56202] ok=23378 retried=551 last_latency=9.5s source=NTSB_ASRS:Pre2008
[24580/56202] ok=23387 retried=551 last_latency=14.7s source=NTSB_ASRS:Pre2008
[24590/56202] ok=23397 retried=552 last_latency=17.5s source=NTSB_ASRS:Pre2008
[24600/56202] ok=23407 retried=552 last_latency=14.4s source=NTSB_ASRS:Pre2008
[24610/56202] ok=23417 retried=552 last_latency=15.4s source=NTSB_ASRS:Pre2008
[24620/56202] ok=23425 retried=552 last_latency=11.0s source=NTSB_ASRS:Pre2008
[24630/56202] ok=23434 retried=552 last_latency=11.3s source=NTSB_ASRS:Pre2008
[24640/56202] ok=23444 retried=552 last_latency=8.6s source=NTSB_ASRS:Pre2008
[24650/56202] ok=23453 retried=552 last_latency=12.1s source=NTSB_ASRS:Pre2008
[24660/56202] ok=23463 retried=552 last_latency=9.9s source=NTSB_ASRS:Pre2008
[24670/56202] ok=23473 retried=552 last_latency=13.0s source=NTSB_ASRS:Pre2008
[24680/56202] ok=23483 retried=553 last_latency=14.8s source=NTSB_ASRS:Pre2008
[24690/56202] ok=23493 retried=553 last_latency=18.4s source=NTSB_ASRS:Pre2008
[24700/56202] ok=23503 retried=553 last_latency=14.8s source=NTSB_ASRS:Pre2008
[24710/56202] ok=23513 retried=553 last_latency=14.0s source=NTSB_ASRS:Pre2008
[24720/56202] ok=23522 retried=553 last_latency=8.9s source=NTSB_ASRS:Pre2008
[24730/56202] ok=23529 retried=553 last_latency=37.1s source=NTSB_ASRS:Pre2008
[24740/56202] ok=23539 retried=553 last_latency=14.6s source=NTSB_ASRS:Pre2008
[24750/56202] ok=23549 retried=553 last_latency=12.6s source=NTSB_ASRS:Pre2008
[24760/56202] ok=23559 retried=554 last_latency=17.5s source=NTSB_ASRS:Pre2008
[24770/56202] ok=23569 retried=554 last_latency=13.8s source=NTSB_ASRS:Pre2008
[24780/56202] ok=23579 retried=554 last_latency=22.6s source=NTSB_ASRS:Pre2008
[24790/56202] ok=23589 retried=554 last_latency=10.5s source=NTSB_ASRS:Pre2008
[24800/56202] ok=23599 retried=554 last_latency=23.0s source=NTSB_ASRS:Pre2008
[24810/56202] ok=23609 retried=554 last_latency=10.4s source=NTSB_ASRS:Pre2008
[24820/56202] ok=23618 retried=554 last_latency=14.3s source=NTSB_ASRS:Pre2008
[24830/56202] ok=23628 retried=554 last_latency=23.0s source=NTSB_ASRS:Pre2008
[24840/56202] ok=23638 retried=554 last_latency=17.5s source=NTSB_ASRS:Pre2008
[24850/56202] ok=23647 retried=554 last_latency=27.4s source=NTSB_ASRS:Pre2008
[24860/56202] ok=23657 retried=555 last_latency=9.9s source=NTSB_ASRS:Pre2008
[24870/56202] ok=23667 retried=555 last_latency=12.7s source=NTSB_ASRS:Pre2008
[24880/56202] ok=23674 retried=555 last_latency=17.2s source=NTSB_ASRS:Pre2008
[24890/56202] ok=23682 retried=555 last_latency=30.2s source=NTSB_ASRS:Pre2008
[24900/56202] ok=23692 retried=555 last_latency=15.1s source=NTSB_ASRS:Pre2008
[24910/56202] ok=23702 retried=556 last_latency=17.5s source=NTSB_ASRS:Pre2008
[24920/56202] ok=23711 retried=556 last_latency=14.3s source=NTSB_ASRS:Pre2008
[24930/56202] ok=23721 retried=556 last_latency=16.2s source=NTSB_ASRS:Pre2008
[24940/56202] ok=23730 retried=556 last_latency=7.9s source=NTSB_ASRS:Pre2008
[24950/56202] ok=23740 retried=556 last_latency=11.7s source=NTSB_ASRS:Pre2008
[24960/56202] ok=23749 retried=556 last_latency=9.7s source=NTSB_ASRS:Pre2008
[24970/56202] ok=23759 retried=556 last_latency=14.6s source=NTSB_ASRS:Pre2008
[24980/56202] ok=23769 retried=556 last_latency=18.0s source=NTSB_ASRS:Pre2008
[24990/56202] ok=23777 retried=556 last_latency=14.7s source=NTSB_ASRS:Pre2008
[25000/56202] ok=23786 retried=556 last_latency=11.4s source=NTSB_ASRS:Pre2008
[25010/56202] ok=23795 retried=556 last_latency=15.5s source=NTSB_ASRS:Pre2008
[25020/56202] ok=23805 retried=556 last_latency=22.2s source=NTSB_ASRS:Pre2008
[25030/56202] ok=23814 retried=557 last_latency=18.7s source=NTSB_ASRS:Pre2008
[25040/56202] ok=23823 retried=557 last_latency=15.1s source=NTSB_ASRS:Pre2008
[25050/56202] ok=23833 retried=557 last_latency=11.3s source=NTSB_ASRS:Pre2008
[25060/56202] ok=23842 retried=558 last_latency=14.9s source=NTSB_ASRS:Pre2008
[25070/56202] ok=23851 retried=558 last_latency=18.2s source=NTSB_ASRS:Pre2008
[25080/56202] ok=23860 retried=558 last_latency=20.1s source=NTSB_ASRS:Pre2008
[25090/56202] ok=23870 retried=559 last_latency=9.7s source=NTSB_ASRS:Pre2008
[25100/56202] ok=23880 retried=559 last_latency=16.1s source=NTSB_ASRS:Pre2008
[25110/56202] ok=23888 retried=559 last_latency=15.7s source=NTSB_ASRS:Pre2008
[25120/56202] ok=23898 retried=559 last_latency=12.2s source=NTSB_ASRS:Pre2008
[25130/56202] ok=23908 retried=559 last_latency=16.6s source=NTSB_ASRS:Pre2008
[25140/56202] ok=23918 retried=560 last_latency=15.2s source=NTSB_ASRS:Pre2008
[25150/56202] ok=23927 retried=560 last_latency=22.3s source=NTSB_ASRS:Pre2008
[25160/56202] ok=23936 retried=561 last_latency=29.8s source=NTSB_ASRS:Pre2008
[25170/56202] ok=23946 retried=561 last_latency=17.4s source=NTSB_ASRS:Pre2008
[25180/56202] ok=23956 retried=561 last_latency=21.8s source=NTSB_ASRS:Pre2008
[25190/56202] ok=23966 retried=562 last_latency=18.0s source=NTSB_ASRS:Pre2008
[25200/56202] ok=23975 retried=562 last_latency=13.7s source=NTSB_ASRS:Pre2008
[25210/56202] ok=23985 retried=562 last_latency=15.1s source=NTSB_ASRS:Pre2008
[25220/56202] ok=23995 retried=562 last_latency=5.2s source=NTSB_ASRS:Pre2008
[25230/56202] ok=24005 retried=562 last_latency=18.1s source=NTSB_ASRS:Pre2008
[25240/56202] ok=24015 retried=562 last_latency=18.6s source=NTSB_ASRS:Pre2008
[25250/56202] ok=24025 retried=562 last_latency=19.3s source=NTSB_ASRS:Pre2008
[25260/56202] ok=24034 retried=562 last_latency=14.2s source=NTSB_ASRS:Pre2008
[25270/56202] ok=24044 retried=562 last_latency=18.8s source=NTSB_ASRS:Pre2008
[25280/56202] ok=24054 retried=562 last_latency=24.5s source=NTSB_ASRS:Pre2008
[25290/56202] ok=24063 retried=562 last_latency=32.4s source=NTSB_ASRS:Pre2008
[25300/56202] ok=24073 retried=562 last_latency=15.2s source=NTSB_ASRS:Pre2008
[25310/56202] ok=24083 retried=562 last_latency=21.6s source=NTSB_ASRS:Pre2008
[25320/56202] ok=24093 retried=563 last_latency=18.8s source=NTSB_ASRS:Pre2008
[25330/56202] ok=24102 retried=563 last_latency=18.1s source=NTSB_ASRS:Pre2008
[25340/56202] ok=24112 retried=565 last_latency=11.2s source=NTSB_ASRS:Pre2008
[25350/56202] ok=24122 retried=565 last_latency=22.5s source=NTSB_ASRS:Pre2008
[25360/56202] ok=24132 retried=566 last_latency=13.9s source=NTSB_ASRS:Pre2008
[25370/56202] ok=24142 retried=566 last_latency=14.2s source=NTSB_ASRS:Pre2008
[25380/56202] ok=24151 retried=566 last_latency=13.1s source=NTSB_ASRS:Pre2008
[25390/56202] ok=24160 retried=566 last_latency=13.0s source=NTSB_ASRS:Pre2008
[25400/56202] ok=24170 retried=566 last_latency=17.5s source=NTSB_ASRS:Pre2008
[25410/56202] ok=24179 retried=566 last_latency=35.0s source=NTSB_ASRS:Pre2008
[25420/56202] ok=24189 retried=566 last_latency=14.2s source=NTSB_ASRS:Pre2008
[25430/56202] ok=24199 retried=566 last_latency=17.4s source=NTSB_ASRS:Pre2008
[25440/56202] ok=24208 retried=566 last_latency=19.7s source=NTSB_ASRS:Pre2008
[25450/56202] ok=24218 retried=566 last_latency=10.0s source=NTSB_ASRS:Pre2008
[25460/56202] ok=24228 retried=566 last_latency=16.6s source=NTSB_ASRS:Pre2008
[25470/56202] ok=24238 retried=567 last_latency=17.4s source=NTSB_ASRS:Pre2008
[25480/56202] ok=24248 retried=567 last_latency=18.7s source=NTSB_ASRS:Pre2008
[25490/56202] ok=24258 retried=567 last_latency=11.6s source=NTSB_ASRS:Pre2008
[25500/56202] ok=24267 retried=567 last_latency=39.9s source=NTSB_ASRS:Pre2008
[25510/56202] ok=24277 retried=567 last_latency=16.8s source=NTSB_ASRS:Pre2008
[25520/56202] ok=24287 retried=567 last_latency=13.6s source=NTSB_ASRS:Pre2008
[25530/56202] ok=24297 retried=567 last_latency=18.0s source=NTSB_ASRS:Pre2008
[25540/56202] ok=24307 retried=567 last_latency=17.5s source=NTSB_ASRS:Pre2008
[25550/56202] ok=24317 retried=567 last_latency=14.2s source=NTSB_ASRS:Pre2008
[25560/56202] ok=24327 retried=567 last_latency=11.5s source=NTSB_ASRS:Pre2008
[25570/56202] ok=24337 retried=567 last_latency=11.3s source=NTSB_ASRS:Pre2008
[25580/56202] ok=24347 retried=567 last_latency=11.9s source=NTSB_ASRS:Pre2008
[25590/56202] ok=24357 retried=568 last_latency=38.9s source=NTSB_ASRS:Pre2008
[25600/56202] ok=24366 retried=568 last_latency=14.5s source=NTSB_ASRS:Pre2008
[25610/56202] ok=24376 retried=568 last_latency=11.8s source=NTSB_ASRS:Pre2008
[25620/56202] ok=24386 retried=568 last_latency=11.4s source=NTSB_ASRS:Pre2008
[25630/56202] ok=24396 retried=568 last_latency=19.5s source=NTSB_ASRS:Pre2008
[25640/56202] ok=24406 retried=569 last_latency=19.7s source=NTSB_ASRS:Pre2008
[25650/56202] ok=24416 retried=570 last_latency=18.0s source=NTSB_ASRS:Pre2008
[25660/56202] ok=24425 retried=570 last_latency=12.3s source=NTSB_ASRS:Pre2008
[25670/56202] ok=24435 retried=571 last_latency=30.0s source=NTSB_ASRS:Pre2008
[25680/56202] ok=24444 retried=571 last_latency=15.7s source=NTSB_ASRS:Pre2008
[25690/56202] ok=24453 retried=571 last_latency=18.5s source=NTSB_ASRS:Pre2008
[25700/56202] ok=24462 retried=571 last_latency=13.4s source=NTSB_ASRS:Pre2008
[25710/56202] ok=24472 retried=572 last_latency=13.3s source=NTSB_ASRS:Pre2008
[25720/56202] ok=24482 retried=572 last_latency=12.9s source=NTSB_ASRS:Pre2008
[25730/56202] ok=24492 retried=573 last_latency=16.9s source=NTSB_ASRS:Pre2008
[25740/56202] ok=24502 retried=573 last_latency=15.5s source=NTSB_ASRS:Pre2008
[25750/56202] ok=24511 retried=573 last_latency=17.0s source=NTSB_ASRS:Pre2008
[25760/56202] ok=24521 retried=573 last_latency=20.5s source=NTSB_ASRS:Pre2008
[25770/56202] ok=24531 retried=573 last_latency=10.3s source=NTSB_ASRS:Pre2008
[25780/56202] ok=24541 retried=573 last_latency=14.5s source=NTSB_ASRS:Pre2008
[25790/56202] ok=24550 retried=573 last_latency=19.7s source=NTSB_ASRS:Pre2008
[25800/56202] ok=24560 retried=573 last_latency=18.1s source=NTSB_ASRS:Pre2008
[25810/56202] ok=24570 retried=573 last_latency=10.0s source=NTSB_ASRS:Pre2008
[25820/56202] ok=24579 retried=573 last_latency=15.3s source=NTSB_ASRS:Pre2008
[25830/56202] ok=24588 retried=573 last_latency=37.3s source=NTSB_ASRS:Pre2008
[25840/56202] ok=24598 retried=573 last_latency=26.1s source=NTSB_ASRS:Pre2008
[25850/56202] ok=24608 retried=573 last_latency=11.9s source=NTSB_ASRS:Pre2008
[25860/56202] ok=24617 retried=573 last_latency=16.9s source=NTSB_ASRS:Pre2008
[25870/56202] ok=24626 retried=573 last_latency=10.3s source=NTSB_ASRS:Pre2008
[25880/56202] ok=24635 retried=573 last_latency=14.4s source=NTSB_ASRS:Pre2008
[25890/56202] ok=24644 retried=573 last_latency=14.3s source=NTSB_ASRS:Pre2008
[25900/56202] ok=24654 retried=573 last_latency=9.7s source=NTSB_ASRS:Pre2008
[25910/56202] ok=24664 retried=574 last_latency=14.6s source=NTSB_ASRS:avall
[25920/56202] ok=24674 retried=574 last_latency=18.8s source=NTSB_ASRS:Pre2008
[25930/56202] ok=24683 retried=574 last_latency=21.3s source=NTSB_ASRS:Pre2008
[25940/56202] ok=24693 retried=574 last_latency=15.4s source=NTSB_ASRS:Pre2008
[25950/56202] ok=24703 retried=574 last_latency=21.3s source=NTSB_ASRS:Pre2008
[25960/56202] ok=24712 retried=574 last_latency=17.1s source=NTSB_ASRS:Pre2008
[25970/56202] ok=24721 retried=574 last_latency=18.8s source=NTSB_ASRS:Pre2008
[25980/56202] ok=24730 retried=574 last_latency=12.9s source=NTSB_ASRS:Pre2008
[25990/56202] ok=24740 retried=574 last_latency=18.3s source=NTSB_ASRS:Pre2008
[26000/56202] ok=24750 retried=574 last_latency=17.2s source=NTSB_ASRS:avall
[26010/56202] ok=24760 retried=574 last_latency=14.2s source=NTSB_ASRS:Pre2008
[26020/56202] ok=24769 retried=574 last_latency=9.7s source=NTSB_ASRS:Pre2008
[26030/56202] ok=24778 retried=574 last_latency=18.2s source=NTSB_ASRS:avall
[26040/56202] ok=24788 retried=574 last_latency=18.7s source=NTSB_ASRS:Pre2008
[26050/56202] ok=24797 retried=575 last_latency=9.5s source=NTSB_ASRS:Pre2008
[26060/56202] ok=24806 retried=575 last_latency=17.2s source=NTSB_ASRS:Pre2008
[26070/56202] ok=24816 retried=575 last_latency=16.5s source=NTSB_ASRS:Pre2008
[26080/56202] ok=24825 retried=575 last_latency=10.1s source=NTSB_ASRS:avall
[26090/56202] ok=24835 retried=575 last_latency=16.1s source=NTSB_ASRS:avall
[26100/56202] ok=24845 retried=575 last_latency=12.3s source=NTSB_ASRS:Pre2008
[26110/56202] ok=24854 retried=575 last_latency=16.4s source=NTSB_ASRS:avall
[26120/56202] ok=24863 retried=575 last_latency=11.1s source=NTSB_ASRS:Pre2008
[26130/56202] ok=24873 retried=575 last_latency=12.7s source=NTSB_ASRS:Pre2008
[26140/56202] ok=24882 retried=575 last_latency=10.0s source=NTSB_ASRS:Pre2008
[26150/56202] ok=24892 retried=577 last_latency=12.1s source=NTSB_ASRS:avall
[26160/56202] ok=24902 retried=577 last_latency=0.5s source=NTSB_ASRS:Pre2008
[26170/56202] ok=24912 retried=577 last_latency=11.4s source=NTSB_ASRS:Pre2008
[26180/56202] ok=24921 retried=577 last_latency=17.2s source=NTSB_ASRS:Pre2008
[26190/56202] ok=24929 retried=577 last_latency=14.2s source=NTSB_ASRS:Pre2008
[26200/56202] ok=24938 retried=577 last_latency=12.5s source=NTSB_ASRS:avall
[26210/56202] ok=24948 retried=577 last_latency=19.4s source=NTSB_ASRS:avall
[26220/56202] ok=24956 retried=577 last_latency=18.1s source=NTSB_ASRS:avall
[26230/56202] ok=24966 retried=577 last_latency=15.9s source=NTSB_ASRS:avall
[26240/56202] ok=24976 retried=577 last_latency=17.0s source=NTSB_ASRS:Pre2008
[26250/56202] ok=24986 retried=577 last_latency=11.4s source=NTSB_ASRS:Pre2008
[26260/56202] ok=24996 retried=577 last_latency=24.2s source=NTSB_ASRS:Pre2008
[26270/56202] ok=25006 retried=578 last_latency=20.1s source=NTSB_ASRS:Pre2008
[26280/56202] ok=25015 retried=578 last_latency=11.7s source=NTSB_ASRS:Pre2008
[26290/56202] ok=25025 retried=578 last_latency=21.7s source=NTSB_ASRS:Pre2008
[26300/56202] ok=25034 retried=578 last_latency=5.5s source=NTSB_ASRS:Pre2008
[26310/56202] ok=25043 retried=579 last_latency=21.5s source=NTSB_ASRS:avall
[26320/56202] ok=25052 retried=580 last_latency=17.7s source=NTSB_ASRS:Pre2008
[26330/56202] ok=25062 retried=580 last_latency=12.5s source=NTSB_ASRS:avall
[26340/56202] ok=25072 retried=580 last_latency=20.2s source=NTSB_ASRS:Pre2008
[26350/56202] ok=25081 retried=580 last_latency=10.2s source=NTSB_ASRS:avall
[26360/56202] ok=25091 retried=580 last_latency=20.1s source=NTSB_ASRS:Pre2008
[26370/56202] ok=25101 retried=580 last_latency=18.4s source=NTSB_ASRS:avall
[26380/56202] ok=25111 retried=580 last_latency=12.3s source=NTSB_ASRS:avall
[26390/56202] ok=25121 retried=580 last_latency=12.6s source=NTSB_ASRS:Pre2008
[26400/56202] ok=25130 retried=580 last_latency=17.5s source=NTSB_ASRS:avall
[26410/56202] ok=25139 retried=580 last_latency=16.8s source=NTSB_ASRS:Pre2008
[26420/56202] ok=25148 retried=580 last_latency=7.9s source=NTSB_ASRS:avall
[26430/56202] ok=25158 retried=580 last_latency=10.1s source=NTSB_ASRS:avall
[26440/56202] ok=25167 retried=580 last_latency=22.4s source=NTSB_ASRS:avall
[26450/56202] ok=25176 retried=580 last_latency=13.9s source=NTSB_ASRS:avall
[26460/56202] ok=25184 retried=580 last_latency=18.0s source=NTSB_ASRS:avall
[26470/56202] ok=25192 retried=581 last_latency=20.7s source=NTSB_ASRS:avall
[26480/56202] ok=25202 retried=581 last_latency=15.1s source=NTSB_ASRS:avall
[26490/56202] ok=25211 retried=582 last_latency=11.2s source=NTSB_ASRS:avall
[26500/56202] ok=25221 retried=583 last_latency=8.6s source=NTSB_ASRS:avall
[26510/56202] ok=25229 retried=583 last_latency=10.3s source=NTSB_ASRS:avall
[26520/56202] ok=25238 retried=583 last_latency=19.6s source=NTSB_ASRS:Pre2008
[26530/56202] ok=25248 retried=583 last_latency=13.8s source=NTSB_ASRS:avall
[26540/56202] ok=25258 retried=583 last_latency=14.7s source=NTSB_ASRS:avall
[26550/56202] ok=25267 retried=583 last_latency=38.0s source=NTSB_ASRS:avall
[26560/56202] ok=25277 retried=583 last_latency=15.9s source=NTSB_ASRS:Pre2008
[26570/56202] ok=25285 retried=583 last_latency=38.9s source=NTSB_ASRS:avall
[26580/56202] ok=25295 retried=583 last_latency=15.1s source=NTSB_ASRS:avall
[26590/56202] ok=25305 retried=584 last_latency=12.3s source=NTSB_ASRS:avall
[26600/56202] ok=25315 retried=584 last_latency=9.9s source=NTSB_ASRS:avall
[26610/56202] ok=25325 retried=584 last_latency=17.8s source=NTSB_ASRS:avall
[26620/56202] ok=25335 retried=584 last_latency=20.9s source=NTSB_ASRS:avall
[26630/56202] ok=25344 retried=584 last_latency=14.5s source=NTSB_ASRS:Pre2008
[26640/56202] ok=25352 retried=584 last_latency=19.1s source=NTSB_ASRS:Pre2008
[26650/56202] ok=25362 retried=584 last_latency=12.4s source=NTSB_ASRS:avall
[26660/56202] ok=25371 retried=584 last_latency=14.5s source=NTSB_ASRS:avall
[26670/56202] ok=25380 retried=584 last_latency=25.5s source=NTSB_ASRS:avall
[26680/56202] ok=25390 retried=584 last_latency=21.3s source=NTSB_ASRS:avall
[26690/56202] ok=25399 retried=585 last_latency=20.5s source=NTSB_ASRS:avall
[26700/56202] ok=25409 retried=585 last_latency=24.7s source=NTSB_ASRS:avall
[26710/56202] ok=25418 retried=585 last_latency=21.2s source=NTSB_ASRS:avall
[26720/56202] ok=25428 retried=585 last_latency=12.5s source=NTSB_ASRS:avall
[26730/56202] ok=25438 retried=585 last_latency=6.6s source=NTSB_ASRS:Pre2008
[26740/56202] ok=25448 retried=585 last_latency=8.3s source=NTSB_ASRS:Pre2008
[26750/56202] ok=25457 retried=585 last_latency=15.7s source=NTSB_ASRS:avall
[26760/56202] ok=25467 retried=585 last_latency=10.2s source=NTSB_ASRS:avall
[26770/56202] ok=25477 retried=586 last_latency=14.6s source=NTSB_ASRS:avall
[26780/56202] ok=25486 retried=586 last_latency=20.3s source=NTSB_ASRS:avall
[26790/56202] ok=25496 retried=586 last_latency=15.1s source=NTSB_ASRS:avall
[26800/56202] ok=25506 retried=586 last_latency=8.7s source=NTSB_ASRS:avall
[26810/56202] ok=25515 retried=586 last_latency=14.9s source=NTSB_ASRS:avall
[26820/56202] ok=25525 retried=586 last_latency=16.4s source=NTSB_ASRS:avall
[26830/56202] ok=25535 retried=586 last_latency=16.1s source=NTSB_ASRS:avall
[26840/56202] ok=25544 retried=586 last_latency=16.5s source=NTSB_ASRS:avall
[26850/56202] ok=25554 retried=586 last_latency=17.0s source=NTSB_ASRS:avall
[26860/56202] ok=25563 retried=586 last_latency=5.1s source=NTSB_ASRS:avall
[26870/56202] ok=25573 retried=586 last_latency=16.9s source=NTSB_ASRS:avall
[26880/56202] ok=25583 retried=586 last_latency=18.7s source=NTSB_ASRS:avall
[26890/56202] ok=25591 retried=586 last_latency=8.1s source=NTSB_ASRS:avall
[26900/56202] ok=25601 retried=586 last_latency=11.6s source=NTSB_ASRS:avall
[26910/56202] ok=25611 retried=586 last_latency=13.7s source=NTSB_ASRS:avall
[26920/56202] ok=25621 retried=586 last_latency=13.4s source=NTSB_ASRS:avall
[26930/56202] ok=25631 retried=586 last_latency=13.2s source=NTSB_ASRS:avall
[26940/56202] ok=25641 retried=586 last_latency=14.4s source=NTSB_ASRS:avall
[26950/56202] ok=25651 retried=586 last_latency=17.6s source=NTSB_ASRS:avall
[26960/56202] ok=25661 retried=586 last_latency=14.9s source=NTSB_ASRS:avall
[26970/56202] ok=25671 retried=586 last_latency=9.1s source=NTSB_ASRS:avall
[26980/56202] ok=25681 retried=587 last_latency=15.0s source=NTSB_ASRS:avall
[26990/56202] ok=25691 retried=588 last_latency=10.4s source=NTSB_ASRS:avall
[27000/56202] ok=25700 retried=589 last_latency=12.3s source=NTSB_ASRS:avall
[27010/56202] ok=25710 retried=589 last_latency=14.3s source=NTSB_ASRS:avall
[27020/56202] ok=25720 retried=589 last_latency=15.2s source=NTSB_ASRS:avall
[27030/56202] ok=25730 retried=591 last_latency=31.8s source=NTSB_ASRS:avall
[27040/56202] ok=25740 retried=591 last_latency=18.9s source=NTSB_ASRS:avall
[27050/56202] ok=25749 retried=591 last_latency=15.5s source=NTSB_ASRS:avall
[27060/56202] ok=25759 retried=591 last_latency=19.4s source=NTSB_ASRS:avall
[27070/56202] ok=25769 retried=591 last_latency=12.2s source=NTSB_ASRS:avall
[27080/56202] ok=25779 retried=592 last_latency=20.9s source=NTSB_ASRS:avall
[27090/56202] ok=25789 retried=593 last_latency=16.5s source=NTSB_ASRS:avall
[27100/56202] ok=25799 retried=593 last_latency=14.0s source=NTSB_ASRS:avall
[27110/56202] ok=25809 retried=594 last_latency=12.8s source=NTSB_ASRS:avall
[27120/56202] ok=25818 retried=594 last_latency=14.4s source=NTSB_ASRS:avall
[27130/56202] ok=25828 retried=594 last_latency=18.5s source=NTSB_ASRS:avall
[27140/56202] ok=25838 retried=594 last_latency=17.2s source=NTSB_ASRS:avall
[27150/56202] ok=25848 retried=594 last_latency=24.0s source=NTSB_ASRS:avall
[27160/56202] ok=25858 retried=594 last_latency=11.2s source=NTSB_ASRS:avall
[27170/56202] ok=25868 retried=595 last_latency=35.9s source=NTSB_ASRS:avall
[27180/56202] ok=25877 retried=595 last_latency=12.0s source=NTSB_ASRS:avall
[27190/56202] ok=25887 retried=595 last_latency=14.4s source=NTSB_ASRS:avall
[27200/56202] ok=25897 retried=595 last_latency=8.6s source=NTSB_ASRS:avall
[27210/56202] ok=25906 retried=595 last_latency=14.2s source=NTSB_ASRS:avall
[27220/56202] ok=25916 retried=595 last_latency=13.3s source=NTSB_ASRS:avall
[27230/56202] ok=25925 retried=595 last_latency=14.8s source=NTSB_ASRS:avall
[27240/56202] ok=25934 retried=595 last_latency=18.2s source=NTSB_ASRS:avall
[27250/56202] ok=25944 retried=595 last_latency=16.7s source=NTSB_ASRS:avall
[27260/56202] ok=25953 retried=596 last_latency=17.9s source=NTSB_ASRS:avall
[27270/56202] ok=25962 retried=597 last_latency=17.0s source=NTSB_ASRS:avall
[27280/56202] ok=25972 retried=598 last_latency=17.9s source=NTSB_ASRS:avall
[27290/56202] ok=25981 retried=598 last_latency=19.0s source=NTSB_ASRS:avall
[27300/56202] ok=25990 retried=598 last_latency=16.1s source=NTSB_ASRS:avall
[27310/56202] ok=26000 retried=598 last_latency=9.7s source=NTSB_ASRS:avall
[27320/56202] ok=26010 retried=599 last_latency=17.7s source=NTSB_ASRS:avall
[27330/56202] ok=26020 retried=600 last_latency=43.9s source=NTSB_ASRS:avall
[27340/56202] ok=26030 retried=600 last_latency=17.7s source=NTSB_ASRS:avall
[27350/56202] ok=26037 retried=600 last_latency=11.1s source=NTSB_ASRS:avall
[27360/56202] ok=26046 retried=600 last_latency=12.0s source=NTSB_ASRS:avall
[27370/56202] ok=26056 retried=600 last_latency=0.4s source=NTSB_ASRS:avall
[27380/56202] ok=26066 retried=600 last_latency=10.1s source=NTSB_ASRS:avall
[27390/56202] ok=26075 retried=600 last_latency=13.5s source=NTSB_ASRS:avall
[27400/56202] ok=26084 retried=600 last_latency=10.8s source=NTSB_ASRS:avall
[27410/56202] ok=26094 retried=600 last_latency=10.3s source=NTSB_ASRS:avall
[27420/56202] ok=26104 retried=601 last_latency=20.4s source=NTSB_ASRS:avall
[27430/56202] ok=26113 retried=601 last_latency=36.7s source=NTSB_ASRS:avall
[27440/56202] ok=26123 retried=601 last_latency=15.2s source=NTSB_ASRS:avall
[27450/56202] ok=26133 retried=601 last_latency=9.8s source=NTSB_ASRS:avall
[27460/56202] ok=26143 retried=601 last_latency=11.6s source=NTSB_ASRS:avall
[27470/56202] ok=26152 retried=601 last_latency=12.2s source=NTSB_ASRS:avall
[27480/56202] ok=26162 retried=601 last_latency=16.5s source=NTSB_ASRS:avall
[27490/56202] ok=26171 retried=601 last_latency=35.7s source=NTSB_ASRS:avall
[27500/56202] ok=26181 retried=601 last_latency=11.1s source=NTSB_ASRS:avall
[27510/56202] ok=26190 retried=602 last_latency=44.8s source=NTSB_ASRS:avall
[27520/56202] ok=26200 retried=603 last_latency=12.1s source=NTSB_ASRS:avall
[27530/56202] ok=26210 retried=603 last_latency=8.1s source=NTSB_ASRS:avall
[27540/56202] ok=26220 retried=603 last_latency=9.4s source=NTSB_ASRS:avall
[27550/56202] ok=26230 retried=605 last_latency=19.0s source=NTSB_ASRS:avall
[27560/56202] ok=26240 retried=606 last_latency=23.1s source=NTSB_ASRS:avall
[27570/56202] ok=26250 retried=606 last_latency=15.8s source=NTSB_ASRS:avall
[27580/56202] ok=26260 retried=606 last_latency=15.2s source=NTSB_ASRS:avall
[27590/56202] ok=26270 retried=606 last_latency=11.0s source=NTSB_ASRS:avall
[27600/56202] ok=26280 retried=606 last_latency=18.6s source=NTSB_ASRS:avall
[27610/56202] ok=26290 retried=606 last_latency=20.0s source=NTSB_ASRS:avall
[27620/56202] ok=26300 retried=606 last_latency=14.9s source=NTSB_ASRS:avall
[27630/56202] ok=26310 retried=606 last_latency=16.2s source=NTSB_ASRS:avall
[27640/56202] ok=26319 retried=606 last_latency=22.9s source=NTSB_ASRS:avall
[27650/56202] ok=26328 retried=607 last_latency=18.8s source=NTSB_ASRS:avall
[27660/56202] ok=26338 retried=608 last_latency=10.2s source=NTSB_ASRS:avall
[27670/56202] ok=26347 retried=608 last_latency=8.3s source=NTSB_ASRS:avall
[27680/56202] ok=26357 retried=608 last_latency=16.8s source=NTSB_ASRS:avall
[27690/56202] ok=26367 retried=608 last_latency=22.2s source=NTSB_ASRS:avall
[27700/56202] ok=26377 retried=608 last_latency=12.6s source=NTSB_ASRS:avall
[27710/56202] ok=26387 retried=608 last_latency=15.2s source=NTSB_ASRS:avall
[27720/56202] ok=26397 retried=608 last_latency=14.9s source=NTSB_ASRS:avall
[27730/56202] ok=26406 retried=609 last_latency=32.3s source=NTSB_ASRS:avall
[27740/56202] ok=26416 retried=611 last_latency=10.3s source=NTSB_ASRS:avall
[27750/56202] ok=26425 retried=611 last_latency=14.1s source=NTSB_ASRS:avall
[27760/56202] ok=26435 retried=611 last_latency=17.6s source=NTSB_ASRS:avall
[27770/56202] ok=26444 retried=611 last_latency=14.9s source=NTSB_ASRS:avall
[27780/56202] ok=26452 retried=612 last_latency=14.2s source=NTSB_ASRS:avall
[27790/56202] ok=26461 retried=612 last_latency=10.0s source=NTSB_ASRS:avall
[27800/56202] ok=26471 retried=612 last_latency=12.4s source=NTSB_ASRS:avall
[27810/56202] ok=26481 retried=612 last_latency=16.3s source=NTSB_ASRS:avall
[27820/56202] ok=26490 retried=612 last_latency=9.3s source=NTSB_ASRS:avall
[27830/56202] ok=26500 retried=612 last_latency=12.3s source=NTSB_ASRS:avall
[27840/56202] ok=26510 retried=612 last_latency=14.1s source=NTSB_ASRS:avall
[27850/56202] ok=26520 retried=612 last_latency=11.6s source=NTSB_ASRS:avall
[27860/56202] ok=26529 retried=612 last_latency=21.3s source=NTSB_ASRS:avall
[27870/56202] ok=26539 retried=612 last_latency=10.7s source=NTSB_ASRS:avall
[27880/56202] ok=26549 retried=612 last_latency=14.6s source=NTSB_ASRS:avall
[27890/56202] ok=26558 retried=613 last_latency=18.6s source=NTSB_ASRS:avall
[27900/56202] ok=26567 retried=613 last_latency=12.5s source=NTSB_ASRS:avall
[27910/56202] ok=26576 retried=613 last_latency=17.2s source=NTSB_ASRS:avall
[27920/56202] ok=26586 retried=613 last_latency=10.7s source=NTSB_ASRS:avall
[27930/56202] ok=26596 retried=613 last_latency=20.6s source=NTSB_ASRS:avall
[27940/56202] ok=26606 retried=613 last_latency=18.4s source=NTSB_ASRS:avall
[27950/56202] ok=26616 retried=613 last_latency=15.0s source=NTSB_ASRS:avall
[27960/56202] ok=26626 retried=613 last_latency=18.2s source=NTSB_ASRS:avall
[27970/56202] ok=26636 retried=613 last_latency=20.3s source=NTSB_ASRS:avall
[27980/56202] ok=26645 retried=613 last_latency=30.5s source=NTSB_ASRS:avall
[27990/56202] ok=26654 retried=613 last_latency=15.3s source=NTSB_ASRS:avall
[28000/56202] ok=26664 retried=613 last_latency=15.4s source=NTSB_ASRS:avall
[28010/56202] ok=26673 retried=613 last_latency=31.2s source=NTSB_ASRS:avall
[28020/56202] ok=26683 retried=613 last_latency=16.4s source=NTSB_ASRS:avall
[28030/56202] ok=26691 retried=613 last_latency=12.6s source=NTSB_ASRS:avall
[28040/56202] ok=26701 retried=613 last_latency=12.6s source=NTSB_ASRS:avall
[28050/56202] ok=26711 retried=613 last_latency=10.5s source=NTSB_ASRS:avall
[28060/56202] ok=26721 retried=613 last_latency=25.3s source=NTSB_ASRS:avall
[28070/56202] ok=26731 retried=614 last_latency=14.3s source=NTSB_ASRS:avall
[28080/56202] ok=26741 retried=614 last_latency=12.1s source=NTSB_ASRS:avall
[28090/56202] ok=26751 retried=614 last_latency=13.6s source=NTSB_ASRS:avall
[28100/56202] ok=26761 retried=614 last_latency=11.9s source=NTSB_ASRS:avall
[28110/56202] ok=26771 retried=614 last_latency=19.1s source=NTSB_ASRS:avall
[28120/56202] ok=26780 retried=614 last_latency=15.0s source=NTSB_ASRS:avall
[28130/56202] ok=26790 retried=614 last_latency=9.4s source=NTSB_ASRS:avall
[28140/56202] ok=26799 retried=614 last_latency=41.4s source=NTSB_ASRS:avall
[28150/56202] ok=26807 retried=614 last_latency=30.3s source=NTSB_ASRS:avall
[28160/56202] ok=26817 retried=614 last_latency=15.2s source=NTSB_ASRS:avall
[28170/56202] ok=26826 retried=614 last_latency=9.6s source=NTSB_ASRS:avall
[28180/56202] ok=26836 retried=614 last_latency=12.5s source=NTSB_ASRS:avall
[28190/56202] ok=26846 retried=614 last_latency=8.6s source=NTSB_ASRS:avall
[28200/56202] ok=26856 retried=614 last_latency=10.2s source=NTSB_ASRS:avall
[28210/56202] ok=26865 retried=615 last_latency=17.2s source=NTSB_ASRS:avall
[28220/56202] ok=26875 retried=615 last_latency=23.0s source=NTSB_ASRS:avall
[28230/56202] ok=26885 retried=615 last_latency=18.7s source=NTSB_ASRS:avall
[28240/56202] ok=26895 retried=615 last_latency=13.8s source=NTSB_ASRS:avall
[28250/56202] ok=26904 retried=615 last_latency=11.5s source=NTSB_ASRS:avall
[28260/56202] ok=26914 retried=615 last_latency=13.9s source=NTSB_ASRS:avall
[28270/56202] ok=26924 retried=615 last_latency=14.1s source=NTSB_ASRS:avall
[28280/56202] ok=26933 retried=616 last_latency=14.0s source=NTSB_ASRS:avall
[28290/56202] ok=26943 retried=616 last_latency=14.2s source=NTSB_ASRS:avall
[28300/56202] ok=26953 retried=616 last_latency=15.0s source=NTSB_ASRS:avall
[28310/56202] ok=26962 retried=616 last_latency=17.5s source=NTSB_ASRS:avall
[28320/56202] ok=26972 retried=616 last_latency=17.9s source=NTSB_ASRS:avall
[28330/56202] ok=26982 retried=616 last_latency=16.5s source=NTSB_ASRS:avall
[28340/56202] ok=26991 retried=616 last_latency=29.7s source=NTSB_ASRS:avall
[28350/56202] ok=27001 retried=616 last_latency=16.6s source=NTSB_ASRS:avall
[28360/56202] ok=27011 retried=616 last_latency=7.6s source=NTSB_ASRS:avall
[28370/56202] ok=27021 retried=616 last_latency=18.1s source=NTSB_ASRS:avall
[28380/56202] ok=27031 retried=616 last_latency=17.2s source=NTSB_ASRS:avall
[28390/56202] ok=27041 retried=617 last_latency=16.5s source=NTSB_ASRS:avall
[28400/56202] ok=27051 retried=617 last_latency=11.8s source=NTSB_ASRS:avall
[28410/56202] ok=27061 retried=617 last_latency=15.6s source=NTSB_ASRS:avall
[28420/56202] ok=27071 retried=617 last_latency=12.2s source=NTSB_ASRS:avall
[28430/56202] ok=27081 retried=617 last_latency=14.8s source=NTSB_ASRS:avall
[28440/56202] ok=27091 retried=617 last_latency=11.2s source=NTSB_ASRS:avall
[28450/56202] ok=27101 retried=617 last_latency=15.4s source=NTSB_ASRS:avall
[28460/56202] ok=27110 retried=617 last_latency=16.6s source=NTSB_ASRS:avall
[28470/56202] ok=27120 retried=617 last_latency=22.5s source=NTSB_ASRS:avall
[28480/56202] ok=27130 retried=617 last_latency=21.7s source=NTSB_ASRS:avall
[28490/56202] ok=27140 retried=617 last_latency=0.6s source=NTSB_ASRS:avall
[28500/56202] ok=27149 retried=617 last_latency=12.6s source=NTSB_ASRS:avall
[28510/56202] ok=27159 retried=617 last_latency=21.3s source=NTSB_ASRS:avall
[28520/56202] ok=27167 retried=617 last_latency=13.3s source=NTSB_ASRS:avall
[28530/56202] ok=27177 retried=617 last_latency=11.0s source=NTSB_ASRS:avall
[28540/56202] ok=27187 retried=617 last_latency=21.7s source=NTSB_ASRS:avall
[28550/56202] ok=27197 retried=618 last_latency=16.7s source=NTSB_ASRS:avall
[28560/56202] ok=27206 retried=618 last_latency=20.7s source=NTSB_ASRS:avall
[28570/56202] ok=27216 retried=618 last_latency=14.8s source=NTSB_ASRS:avall
[28580/56202] ok=27226 retried=619 last_latency=19.6s source=NTSB_ASRS:avall
[28590/56202] ok=27236 retried=619 last_latency=18.8s source=NTSB_ASRS:avall
[28600/56202] ok=27245 retried=619 last_latency=16.5s source=NTSB_ASRS:avall
[28610/56202] ok=27255 retried=619 last_latency=12.6s source=NTSB_ASRS:avall
[28620/56202] ok=27264 retried=620 last_latency=16.5s source=NTSB_ASRS:avall
[28630/56202] ok=27273 retried=620 last_latency=61.8s source=NTSB_ASRS:avall
[28640/56202] ok=27282 retried=620 last_latency=19.6s source=NTSB_ASRS:avall
[28650/56202] ok=27290 retried=620 last_latency=16.3s source=NTSB_ASRS:avall
[28660/56202] ok=27299 retried=620 last_latency=12.8s source=NTSB_ASRS:avall
[28670/56202] ok=27309 retried=620 last_latency=14.8s source=NTSB_ASRS:avall
[28680/56202] ok=27319 retried=620 last_latency=15.9s source=NTSB_ASRS:avall
[28690/56202] ok=27329 retried=620 last_latency=20.2s source=NTSB_ASRS:avall
[28700/56202] ok=27339 retried=620 last_latency=14.8s source=NTSB_ASRS:avall
[28710/56202] ok=27349 retried=620 last_latency=13.3s source=NTSB_ASRS:avall
[28720/56202] ok=27358 retried=620 last_latency=20.7s source=NTSB_ASRS:avall
[28730/56202] ok=27367 retried=620 last_latency=17.6s source=NTSB_ASRS:avall
[28740/56202] ok=27376 retried=620 last_latency=12.6s source=NTSB_ASRS:avall
[28750/56202] ok=27385 retried=620 last_latency=12.8s source=NTSB_ASRS:avall
[28760/56202] ok=27395 retried=620 last_latency=19.5s source=NTSB_ASRS:avall
[28770/56202] ok=27405 retried=621 last_latency=17.7s source=NTSB_ASRS:avall
[28780/56202] ok=27415 retried=621 last_latency=15.3s source=NTSB_ASRS:avall
[28790/56202] ok=27424 retried=621 last_latency=17.5s source=NTSB_ASRS:avall
[28800/56202] ok=27434 retried=621 last_latency=16.7s source=NTSB_ASRS:avall
[28810/56202] ok=27444 retried=621 last_latency=14.2s source=NTSB_ASRS:avall
[28820/56202] ok=27454 retried=622 last_latency=22.8s source=NTSB_ASRS:avall
[28830/56202] ok=27463 retried=622 last_latency=16.5s source=NTSB_ASRS:avall
[28840/56202] ok=27473 retried=622 last_latency=14.8s source=NTSB_ASRS:avall
[28850/56202] ok=27483 retried=623 last_latency=5.7s source=NTSB_ASRS:avall
[28860/56202] ok=27493 retried=623 last_latency=16.1s source=NTSB_ASRS:avall
[28870/56202] ok=27503 retried=624 last_latency=15.3s source=NTSB_ASRS:avall
[28880/56202] ok=27512 retried=624 last_latency=16.5s source=NTSB_ASRS:avall
[28890/56202] ok=27522 retried=624 last_latency=18.3s source=NTSB_ASRS:avall
[28900/56202] ok=27531 retried=625 last_latency=17.4s source=NTSB_ASRS:avall
[28910/56202] ok=27539 retried=626 last_latency=15.8s source=NTSB_ASRS:avall
[28920/56202] ok=27549 retried=626 last_latency=10.5s source=NTSB_ASRS:avall
[28930/56202] ok=27558 retried=626 last_latency=14.9s source=NTSB_ASRS:avall
[28940/56202] ok=27568 retried=626 last_latency=14.8s source=NTSB_ASRS:avall
[28950/56202] ok=27578 retried=626 last_latency=13.0s source=NTSB_ASRS:avall
[28960/56202] ok=27588 retried=626 last_latency=15.2s source=NTSB_ASRS:avall
[28970/56202] ok=27598 retried=626 last_latency=12.3s source=NTSB_ASRS:avall
[28980/56202] ok=27608 retried=626 last_latency=6.8s source=NTSB_ASRS:avall
[28990/56202] ok=27618 retried=626 last_latency=12.7s source=NTSB_ASRS:avall
[29000/56202] ok=27628 retried=626 last_latency=17.2s source=NTSB_ASRS:avall
[29010/56202] ok=27638 retried=626 last_latency=17.8s source=NTSB_ASRS:avall
[29020/56202] ok=27648 retried=626 last_latency=12.5s source=NTSB_ASRS:avall
[29030/56202] ok=27658 retried=626 last_latency=21.7s source=NTSB_ASRS:avall
[29040/56202] ok=27667 retried=626 last_latency=19.0s source=NTSB_ASRS:avall
[29050/56202] ok=27677 retried=627 last_latency=13.0s source=NTSB_ASRS:avall
[29060/56202] ok=27687 retried=627 last_latency=7.5s source=NTSB_ASRS:avall
[29070/56202] ok=27697 retried=627 last_latency=7.9s source=NTSB_ASRS:avall
[29080/56202] ok=27706 retried=627 last_latency=18.2s source=NTSB_ASRS:avall
[29090/56202] ok=27715 retried=627 last_latency=11.5s source=NTSB_ASRS:avall
[29100/56202] ok=27724 retried=627 last_latency=9.6s source=NTSB_ASRS:avall
[29110/56202] ok=27734 retried=627 last_latency=17.2s source=NTSB_ASRS:avall
[29120/56202] ok=27744 retried=627 last_latency=13.3s source=NTSB_ASRS:avall
[29130/56202] ok=27754 retried=627 last_latency=12.5s source=NTSB_ASRS:avall
[29140/56202] ok=27763 retried=627 last_latency=13.0s source=NTSB_ASRS:avall
[29150/56202] ok=27772 retried=627 last_latency=21.6s source=NTSB_ASRS:avall
[29160/56202] ok=27782 retried=627 last_latency=11.7s source=NTSB_ASRS:avall
[29170/56202] ok=27792 retried=627 last_latency=18.4s source=NTSB_ASRS:avall
[29180/56202] ok=27800 retried=627 last_latency=17.6s source=NTSB_ASRS:avall
[29190/56202] ok=27809 retried=627 last_latency=17.5s source=NTSB_ASRS:avall
[29200/56202] ok=27819 retried=627 last_latency=12.6s source=NTSB_ASRS:avall
[29210/56202] ok=27828 retried=627 last_latency=14.8s source=NTSB_ASRS:avall
[29220/56202] ok=27836 retried=627 last_latency=17.7s source=NTSB_ASRS:avall
[29230/56202] ok=27845 retried=627 last_latency=15.5s source=NTSB_ASRS:avall
[29240/56202] ok=27855 retried=627 last_latency=13.7s source=NTSB_ASRS:avall
[29250/56202] ok=27865 retried=627 last_latency=16.1s source=NTSB_ASRS:avall
[29260/56202] ok=27875 retried=627 last_latency=17.9s source=NTSB_ASRS:avall
[29270/56202] ok=27884 retried=628 last_latency=27.0s source=NTSB_ASRS:avall
[29280/56202] ok=27894 retried=628 last_latency=11.0s source=NTSB_ASRS:avall
[29290/56202] ok=27904 retried=628 last_latency=19.1s source=NTSB_ASRS:avall
[29300/56202] ok=27914 retried=628 last_latency=18.3s source=NTSB_ASRS:avall
[29310/56202] ok=27924 retried=628 last_latency=11.9s source=NTSB_ASRS:avall
[29320/56202] ok=27934 retried=628 last_latency=12.1s source=NTSB_ASRS:avall
[29330/56202] ok=27943 retried=628 last_latency=19.2s source=NTSB_ASRS:avall
[29340/56202] ok=27953 retried=628 last_latency=10.5s source=NTSB_ASRS:avall
[29350/56202] ok=27962 retried=628 last_latency=17.3s source=NTSB_ASRS:avall
[29360/56202] ok=27972 retried=628 last_latency=20.9s source=NTSB_ASRS:avall
[29370/56202] ok=27981 retried=628 last_latency=8.4s source=NTSB_ASRS:avall
[29380/56202] ok=27990 retried=628 last_latency=22.6s source=NTSB_ASRS:avall
[29390/56202] ok=28000 retried=630 last_latency=21.4s source=NTSB_ASRS:avall
[29400/56202] ok=28009 retried=630 last_latency=20.3s source=NTSB_ASRS:avall
[29410/56202] ok=28018 retried=630 last_latency=12.8s source=NTSB_ASRS:avall
[29420/56202] ok=28028 retried=630 last_latency=12.9s source=NTSB_ASRS:avall
[29430/56202] ok=28036 retried=630 last_latency=10.4s source=NTSB_ASRS:avall
[29440/56202] ok=28046 retried=630 last_latency=19.9s source=NTSB_ASRS:avall
[29450/56202] ok=28056 retried=630 last_latency=14.9s source=NTSB_ASRS:avall
[29460/56202] ok=28064 retried=630 last_latency=45.2s source=NTSB_ASRS:avall
[29470/56202] ok=28072 retried=630 last_latency=13.8s source=NTSB_ASRS:avall
[29480/56202] ok=28081 retried=630 last_latency=14.8s source=NTSB_ASRS:avall
[29490/56202] ok=28091 retried=630 last_latency=17.9s source=NTSB_ASRS:avall
[29500/56202] ok=28100 retried=630 last_latency=13.9s source=NTSB_ASRS:avall
[29510/56202] ok=28108 retried=631 last_latency=15.3s source=NTSB_ASRS:avall
[29520/56202] ok=28118 retried=631 last_latency=11.9s source=NTSB_ASRS:avall
[29530/56202] ok=28128 retried=631 last_latency=13.9s source=NTSB_ASRS:avall
[29540/56202] ok=28138 retried=632 last_latency=13.8s source=NTSB_ASRS:avall
[29550/56202] ok=28148 retried=633 last_latency=18.8s source=NTSB_ASRS:avall
[29560/56202] ok=28156 retried=633 last_latency=14.6s source=NTSB_ASRS:avall
[29570/56202] ok=28165 retried=633 last_latency=14.9s source=NTSB_ASRS:avall
[29580/56202] ok=28175 retried=633 last_latency=12.5s source=NTSB_ASRS:avall
[29590/56202] ok=28184 retried=633 last_latency=11.6s source=NTSB_ASRS:avall
[29600/56202] ok=28193 retried=633 last_latency=17.3s source=NTSB_ASRS:avall
[29610/56202] ok=28202 retried=633 last_latency=17.2s source=NTSB_ASRS:avall
[29620/56202] ok=28212 retried=633 last_latency=12.1s source=NTSB_ASRS:avall
[29630/56202] ok=28222 retried=633 last_latency=11.8s source=NTSB_ASRS:avall
[29640/56202] ok=28231 retried=633 last_latency=15.2s source=NTSB_ASRS:avall
[29650/56202] ok=28241 retried=634 last_latency=11.4s source=NTSB_ASRS:avall
[29660/56202] ok=28251 retried=634 last_latency=15.2s source=NTSB_ASRS:avall
[29670/56202] ok=28260 retried=635 last_latency=11.6s source=NTSB_ASRS:avall
[29680/56202] ok=28269 retried=635 last_latency=8.3s source=NTSB_ASRS:avall
[29690/56202] ok=28278 retried=635 last_latency=11.9s source=NTSB_ASRS:avall
[29700/56202] ok=28286 retried=635 last_latency=16.8s source=NTSB_ASRS:avall
[29710/56202] ok=28296 retried=635 last_latency=11.6s source=NTSB_ASRS:avall
[29720/56202] ok=28306 retried=635 last_latency=13.3s source=NTSB_ASRS:avall
[29730/56202] ok=28316 retried=635 last_latency=14.6s source=NTSB_ASRS:avall
[29740/56202] ok=28326 retried=635 last_latency=13.7s source=NTSB_ASRS:avall
[29750/56202] ok=28336 retried=635 last_latency=7.7s source=NTSB_ASRS:avall
[29760/56202] ok=28346 retried=635 last_latency=11.4s source=NTSB_ASRS:avall
[29770/56202] ok=28356 retried=635 last_latency=18.7s source=NTSB_ASRS:avall
[29780/56202] ok=28366 retried=635 last_latency=12.0s source=NTSB_ASRS:avall
[29790/56202] ok=28376 retried=635 last_latency=9.5s source=NTSB_ASRS:avall
[29800/56202] ok=28386 retried=635 last_latency=11.9s source=NTSB_ASRS:avall
[29810/56202] ok=28396 retried=635 last_latency=9.8s source=NTSB_ASRS:avall
[29820/56202] ok=28406 retried=635 last_latency=11.9s source=NTSB_ASRS:avall
[29830/56202] ok=28415 retried=635 last_latency=41.8s source=NTSB_ASRS:avall
[29840/56202] ok=28425 retried=635 last_latency=15.4s source=NTSB_ASRS:avall
[29850/56202] ok=28435 retried=635 last_latency=17.8s source=NTSB_ASRS:avall
[29860/56202] ok=28445 retried=635 last_latency=17.4s source=NTSB_ASRS:avall
[29870/56202] ok=28453 retried=635 last_latency=13.6s source=NTSB_ASRS:avall
[29880/56202] ok=28463 retried=636 last_latency=17.2s source=NTSB_ASRS:avall
[29890/56202] ok=28472 retried=636 last_latency=22.1s source=NTSB_ASRS:avall
[29900/56202] ok=28481 retried=636 last_latency=12.0s source=NTSB_ASRS:avall
[29910/56202] ok=28491 retried=636 last_latency=13.4s source=NTSB_ASRS:avall
[29920/56202] ok=28500 retried=636 last_latency=14.9s source=NTSB_ASRS:avall
[29930/56202] ok=28509 retried=636 last_latency=28.9s source=NTSB_ASRS:avall
[29940/56202] ok=28519 retried=637 last_latency=18.4s source=NTSB_ASRS:avall
[29950/56202] ok=28529 retried=637 last_latency=11.2s source=NTSB_ASRS:avall
[29960/56202] ok=28538 retried=637 last_latency=14.4s source=NTSB_ASRS:avall
[29970/56202] ok=28548 retried=637 last_latency=13.9s source=NTSB_ASRS:avall
[29980/56202] ok=28558 retried=637 last_latency=11.0s source=NTSB_ASRS:avall
[29990/56202] ok=28568 retried=637 last_latency=10.6s source=NTSB_ASRS:avall
[30000/56202] ok=28577 retried=637 last_latency=18.7s source=NTSB_ASRS:avall
[30010/56202] ok=28586 retried=637 last_latency=12.0s source=NTSB_ASRS:avall
[30020/56202] ok=28596 retried=637 last_latency=20.4s source=NTSB_ASRS:avall
[30030/56202] ok=28606 retried=637 last_latency=28.3s source=NTSB_ASRS:avall
[30040/56202] ok=28616 retried=637 last_latency=20.3s source=NTSB_ASRS:avall
[30050/56202] ok=28625 retried=637 last_latency=15.6s source=NTSB_ASRS:avall
[30060/56202] ok=28635 retried=637 last_latency=11.3s source=NTSB_ASRS:avall
[30070/56202] ok=28644 retried=637 last_latency=14.9s source=NTSB_ASRS:avall
[30080/56202] ok=28654 retried=637 last_latency=14.2s source=NTSB_ASRS:avall
[30090/56202] ok=28663 retried=638 last_latency=14.8s source=NTSB_ASRS:avall
[30100/56202] ok=28673 retried=638 last_latency=14.8s source=NTSB_ASRS:avall
[30110/56202] ok=28682 retried=638 last_latency=14.8s source=NTSB_ASRS:avall
[30120/56202] ok=28692 retried=638 last_latency=11.8s source=NTSB_ASRS:avall
[30130/56202] ok=28701 retried=638 last_latency=22.6s source=NTSB_ASRS:avall
[30140/56202] ok=28710 retried=638 last_latency=12.7s source=NTSB_ASRS:avall
[30150/56202] ok=28720 retried=638 last_latency=20.4s source=NTSB_ASRS:avall
[30160/56202] ok=28730 retried=638 last_latency=12.1s source=NTSB_ASRS:avall
[30170/56202] ok=28740 retried=638 last_latency=12.7s source=NTSB_ASRS:avall
[30180/56202] ok=28750 retried=638 last_latency=11.4s source=NTSB_ASRS:avall
[30190/56202] ok=28758 retried=639 last_latency=18.2s source=NTSB_ASRS:avall
[30200/56202] ok=28767 retried=639 last_latency=30.6s source=NTSB_ASRS:avall
[30210/56202] ok=28777 retried=639 last_latency=21.2s source=NTSB_ASRS:avall
[30220/56202] ok=28785 retried=639 last_latency=16.7s source=NTSB_ASRS:avall
[30230/56202] ok=28795 retried=639 last_latency=11.5s source=NTSB_ASRS:avall
[30240/56202] ok=28805 retried=639 last_latency=15.4s source=NTSB_ASRS:avall
[30250/56202] ok=28815 retried=639 last_latency=21.0s source=NTSB_ASRS:avall
[30260/56202] ok=28825 retried=639 last_latency=17.6s source=NTSB_ASRS:avall
[30270/56202] ok=28835 retried=639 last_latency=14.9s source=NTSB_ASRS:avall
[30280/56202] ok=28845 retried=639 last_latency=17.4s source=NTSB_ASRS:avall
[30290/56202] ok=28855 retried=640 last_latency=15.0s source=NTSB_ASRS:avall
[30300/56202] ok=28865 retried=640 last_latency=12.3s source=NTSB_ASRS:avall
[30310/56202] ok=28874 retried=640 last_latency=14.5s source=NTSB_ASRS:avall
[30320/56202] ok=28884 retried=641 last_latency=8.5s source=NTSB_ASRS:avall
[30330/56202] ok=28893 retried=641 last_latency=11.9s source=NTSB_ASRS:avall
[30340/56202] ok=28902 retried=642 last_latency=22.7s source=NTSB_ASRS:avall
[30350/56202] ok=28912 retried=643 last_latency=14.7s source=NTSB_ASRS:avall
[30360/56202] ok=28921 retried=643 last_latency=15.2s source=NTSB_ASRS:avall
[30370/56202] ok=28931 retried=643 last_latency=9.0s source=NTSB_ASRS:avall
[30380/56202] ok=28939 retried=643 last_latency=16.2s source=NTSB_ASRS:avall
[30390/56202] ok=28948 retried=643 last_latency=25.8s source=NTSB_ASRS:avall
[30400/56202] ok=28958 retried=643 last_latency=15.3s source=NTSB_ASRS:avall
[30410/56202] ok=28968 retried=643 last_latency=8.1s source=NTSB_ASRS:avall
[30420/56202] ok=28977 retried=644 last_latency=7.9s source=NTSB_ASRS:avall
[30430/56202] ok=28986 retried=644 last_latency=15.6s source=NTSB_ASRS:avall
[30440/56202] ok=28996 retried=644 last_latency=15.9s source=NTSB_ASRS:avall
[30450/56202] ok=29006 retried=644 last_latency=12.7s source=NTSB_ASRS:avall
[30460/56202] ok=29016 retried=644 last_latency=15.4s source=NTSB_ASRS:avall
[30470/56202] ok=29026 retried=644 last_latency=8.2s source=NTSB_ASRS:avall
[30480/56202] ok=29036 retried=644 last_latency=15.5s source=NTSB_ASRS:avall
[30490/56202] ok=29044 retried=644 last_latency=12.3s source=NTSB_ASRS:avall
[30500/56202] ok=29053 retried=645 last_latency=17.2s source=NTSB_ASRS:avall
[30510/56202] ok=29062 retried=645 last_latency=14.1s source=NTSB_ASRS:avall
[30520/56202] ok=29072 retried=645 last_latency=21.3s source=NTSB_ASRS:avall
[30530/56202] ok=29082 retried=645 last_latency=15.1s source=NTSB_ASRS:avall
[30540/56202] ok=29092 retried=645 last_latency=15.2s source=NTSB_ASRS:avall
[30550/56202] ok=29102 retried=645 last_latency=14.6s source=NTSB_ASRS:avall
[30560/56202] ok=29111 retried=645 last_latency=11.3s source=NTSB_ASRS:avall
[30570/56202] ok=29121 retried=645 last_latency=12.0s source=NTSB_ASRS:avall
[30580/56202] ok=29131 retried=645 last_latency=14.3s source=NTSB_ASRS:avall
[30590/56202] ok=29141 retried=645 last_latency=21.5s source=NTSB_ASRS:avall
[30600/56202] ok=29151 retried=645 last_latency=19.9s source=NTSB_ASRS:avall
[30610/56202] ok=29160 retried=645 last_latency=11.6s source=NTSB_ASRS:avall
[30620/56202] ok=29169 retried=645 last_latency=15.7s source=NTSB_ASRS:avall
[30630/56202] ok=29178 retried=646 last_latency=37.4s source=NTSB_ASRS:avall
[30640/56202] ok=29187 retried=646 last_latency=13.1s source=NTSB_ASRS:avall
[30650/56202] ok=29197 retried=646 last_latency=16.6s source=NTSB_ASRS:avall
[30660/56202] ok=29206 retried=646 last_latency=20.0s source=NTSB_ASRS:avall
[30670/56202] ok=29215 retried=646 last_latency=17.1s source=NTSB_ASRS:avall
[30680/56202] ok=29225 retried=646 last_latency=11.8s source=NTSB_ASRS:avall
[30690/56202] ok=29234 retried=646 last_latency=17.4s source=NTSB_ASRS:avall
[30700/56202] ok=29244 retried=646 last_latency=13.6s source=NTSB_ASRS:avall
[30710/56202] ok=29254 retried=646 last_latency=20.1s source=NTSB_ASRS:avall
[30720/56202] ok=29264 retried=646 last_latency=16.0s source=NTSB_ASRS:avall
[30730/56202] ok=29274 retried=646 last_latency=11.7s source=NTSB_ASRS:avall
[30740/56202] ok=29284 retried=647 last_latency=40.1s source=NTSB_ASRS:avall
[30750/56202] ok=29294 retried=647 last_latency=10.9s source=NTSB_ASRS:avall
[30760/56202] ok=29304 retried=648 last_latency=27.0s source=NTSB_ASRS:avall
[30770/56202] ok=29314 retried=648 last_latency=19.5s source=NTSB_ASRS:avall
[30780/56202] ok=29324 retried=649 last_latency=15.6s source=NTSB_ASRS:avall
[30790/56202] ok=29334 retried=649 last_latency=11.6s source=NTSB_ASRS:avall
[30800/56202] ok=29344 retried=649 last_latency=8.5s source=NTSB_ASRS:avall
[30810/56202] ok=29352 retried=649 last_latency=29.8s source=NTSB_ASRS:avall
[30820/56202] ok=29361 retried=650 last_latency=12.9s source=NTSB_ASRS:avall
[30830/56202] ok=29371 retried=650 last_latency=9.4s source=NTSB_ASRS:avall
[30840/56202] ok=29380 retried=650 last_latency=29.0s source=NTSB_ASRS:avall
[30850/56202] ok=29390 retried=651 last_latency=22.2s source=NTSB_ASRS:avall
[30860/56202] ok=29399 retried=651 last_latency=18.5s source=NTSB_ASRS:avall
[30870/56202] ok=29407 retried=651 last_latency=16.9s source=NTSB_ASRS:avall
[30880/56202] ok=29417 retried=651 last_latency=16.0s source=NTSB_ASRS:avall
[30890/56202] ok=29427 retried=651 last_latency=12.4s source=NTSB_ASRS:avall
[30900/56202] ok=29436 retried=651 last_latency=16.4s source=NTSB_ASRS:avall
[30910/56202] ok=29446 retried=652 last_latency=15.1s source=NTSB_ASRS:avall
[30920/56202] ok=29456 retried=653 last_latency=15.8s source=NTSB_ASRS:avall
[30930/56202] ok=29465 retried=653 last_latency=10.4s source=NTSB_ASRS:avall
[30940/56202] ok=29475 retried=653 last_latency=10.9s source=NTSB_ASRS:avall
[30950/56202] ok=29485 retried=653 last_latency=16.8s source=NTSB_ASRS:avall
[30960/56202] ok=29494 retried=653 last_latency=11.5s source=NTSB_ASRS:avall
[30970/56202] ok=29504 retried=653 last_latency=14.5s source=NTSB_ASRS:avall
[30980/56202] ok=29513 retried=654 last_latency=30.5s source=NTSB_ASRS:avall
[30990/56202] ok=29522 retried=654 last_latency=15.1s source=NTSB_ASRS:avall
[31000/56202] ok=29532 retried=654 last_latency=11.4s source=NTSB_ASRS:avall
[31010/56202] ok=29542 retried=654 last_latency=17.7s source=NTSB_ASRS:avall
[31020/56202] ok=29551 retried=654 last_latency=10.1s source=NTSB_ASRS:avall
[31030/56202] ok=29561 retried=654 last_latency=15.8s source=NTSB_ASRS:avall
[31040/56202] ok=29570 retried=655 last_latency=16.1s source=NTSB_ASRS:avall
[31050/56202] ok=29580 retried=655 last_latency=15.7s source=NTSB_ASRS:avall
[31060/56202] ok=29590 retried=655 last_latency=17.5s source=NTSB_ASRS:avall
[31070/56202] ok=29600 retried=655 last_latency=18.5s source=NTSB_ASRS:avall
[31080/56202] ok=29609 retried=655 last_latency=18.8s source=NTSB_ASRS:avall
[31090/56202] ok=29619 retried=655 last_latency=16.9s source=NTSB_ASRS:avall
[31100/56202] ok=29628 retried=656 last_latency=13.4s source=NTSB_ASRS:avall
[31110/56202] ok=29638 retried=657 last_latency=10.7s source=NTSB_ASRS:avall
[31120/56202] ok=29648 retried=657 last_latency=13.0s source=NTSB_ASRS:avall
[31130/56202] ok=29658 retried=657 last_latency=19.0s source=NTSB_ASRS:avall
[31140/56202] ok=29667 retried=658 last_latency=35.5s source=NTSB_ASRS:avall
[31150/56202] ok=29677 retried=658 last_latency=22.7s source=NTSB_ASRS:avall
[31160/56202] ok=29687 retried=658 last_latency=17.1s source=NTSB_ASRS:avall
[31170/56202] ok=29697 retried=658 last_latency=21.0s source=NTSB_ASRS:avall
[31180/56202] ok=29707 retried=658 last_latency=12.4s source=NTSB_ASRS:avall
[31190/56202] ok=29717 retried=658 last_latency=15.6s source=NTSB_ASRS:avall
[31200/56202] ok=29727 retried=658 last_latency=14.7s source=NTSB_ASRS:avall
[31210/56202] ok=29736 retried=659 last_latency=15.1s source=NTSB_ASRS:avall
[31220/56202] ok=29746 retried=659 last_latency=17.1s source=NTSB_ASRS:avall
[31230/56202] ok=29755 retried=660 last_latency=14.2s source=NTSB_ASRS:avall
[31240/56202] ok=29765 retried=660 last_latency=15.3s source=NTSB_ASRS:avall
[31250/56202] ok=29775 retried=660 last_latency=14.1s source=NTSB_ASRS:avall
[31260/56202] ok=29785 retried=661 last_latency=10.9s source=NTSB_ASRS:avall
[31270/56202] ok=29794 retried=661 last_latency=15.8s source=NTSB_ASRS:avall
[31280/56202] ok=29803 retried=661 last_latency=16.0s source=NTSB_ASRS:avall
[31290/56202] ok=29813 retried=661 last_latency=11.6s source=NTSB_ASRS:avall
[31300/56202] ok=29823 retried=661 last_latency=9.1s source=NTSB_ASRS:avall
[31310/56202] ok=29832 retried=661 last_latency=20.5s source=NTSB_ASRS:avall
[31320/56202] ok=29842 retried=661 last_latency=14.8s source=NTSB_ASRS:avall
[31330/56202] ok=29851 retried=661 last_latency=17.2s source=NTSB_ASRS:avall
[31340/56202] ok=29859 retried=661 last_latency=38.5s source=NTSB_ASRS:avall
[31350/56202] ok=29868 retried=661 last_latency=10.5s source=NTSB_ASRS:avall
[31360/56202] ok=29878 retried=661 last_latency=20.1s source=NTSB_ASRS:avall
[31370/56202] ok=29888 retried=661 last_latency=16.3s source=NTSB_ASRS:avall
[31380/56202] ok=29897 retried=661 last_latency=16.8s source=NTSB_ASRS:avall
[31390/56202] ok=29907 retried=661 last_latency=15.7s source=NTSB_ASRS:avall
[31400/56202] ok=29917 retried=661 last_latency=20.8s source=NTSB_ASRS:avall
[31410/56202] ok=29927 retried=661 last_latency=16.2s source=NTSB_ASRS:avall
[31420/56202] ok=29936 retried=661 last_latency=14.1s source=NTSB_ASRS:avall
[31430/56202] ok=29946 retried=661 last_latency=5.1s source=NTSB_ASRS:avall
[31440/56202] ok=29956 retried=662 last_latency=13.9s source=NTSB_ASRS:avall
[31450/56202] ok=29966 retried=662 last_latency=21.8s source=NTSB_ASRS:avall
[31460/56202] ok=29976 retried=662 last_latency=15.9s source=NTSB_ASRS:avall
[31470/56202] ok=29985 retried=662 last_latency=15.5s source=NTSB_ASRS:avall
[31480/56202] ok=29994 retried=662 last_latency=17.3s source=NTSB_ASRS:avall
[31490/56202] ok=30002 retried=662 last_latency=17.0s source=NTSB_ASRS:avall
[31500/56202] ok=30011 retried=662 last_latency=21.8s source=NTSB_ASRS:avall
[31510/56202] ok=30021 retried=662 last_latency=15.7s source=NTSB_ASRS:avall
[31520/56202] ok=30031 retried=662 last_latency=12.1s source=NTSB_ASRS:avall
[31530/56202] ok=30041 retried=663 last_latency=12.9s source=NTSB_ASRS:avall
[31540/56202] ok=30051 retried=663 last_latency=5.4s source=NTSB_ASRS:avall
[31550/56202] ok=30061 retried=663 last_latency=18.3s source=NTSB_ASRS:avall
[31560/56202] ok=30071 retried=663 last_latency=8.4s source=NTSB_ASRS:avall
[31570/56202] ok=30080 retried=663 last_latency=14.3s source=NTSB_ASRS:avall
[31580/56202] ok=30090 retried=663 last_latency=18.9s source=NTSB_ASRS:avall
[31590/56202] ok=30100 retried=663 last_latency=16.7s source=NTSB_ASRS:avall
[31600/56202] ok=30109 retried=663 last_latency=20.3s source=NTSB_ASRS:avall
[31610/56202] ok=30119 retried=663 last_latency=12.5s source=NTSB_ASRS:avall
[31620/56202] ok=30129 retried=663 last_latency=18.4s source=NTSB_ASRS:avall
[31630/56202] ok=30138 retried=663 last_latency=23.2s source=NTSB_ASRS:avall
[31640/56202] ok=30148 retried=663 last_latency=16.2s source=NTSB_ASRS:avall
[31650/56202] ok=30158 retried=663 last_latency=4.2s source=NTSB_ASRS:avall
[31660/56202] ok=30168 retried=663 last_latency=10.9s source=NTSB_ASRS:avall
[31670/56202] ok=30178 retried=663 last_latency=11.5s source=NTSB_ASRS:avall
[31680/56202] ok=30188 retried=663 last_latency=17.4s source=NTSB_ASRS:avall
[31690/56202] ok=30198 retried=663 last_latency=18.6s source=NTSB_ASRS:avall
[31700/56202] ok=30207 retried=663 last_latency=15.1s source=NTSB_ASRS:avall
[31710/56202] ok=30217 retried=663 last_latency=10.7s source=NTSB_ASRS:avall
[31720/56202] ok=30227 retried=663 last_latency=28.0s source=NTSB_ASRS:avall
[31730/56202] ok=30237 retried=663 last_latency=21.3s source=NTSB_ASRS:avall
[31740/56202] ok=30247 retried=663 last_latency=17.8s source=NTSB_ASRS:avall
[31750/56202] ok=30256 retried=663 last_latency=27.4s source=NTSB_ASRS:avall
[31760/56202] ok=30266 retried=663 last_latency=18.6s source=NTSB_ASRS:avall
[31770/56202] ok=30276 retried=664 last_latency=17.7s source=NTSB_ASRS:avall
[31780/56202] ok=30286 retried=665 last_latency=18.2s source=NTSB_ASRS:avall
[31790/56202] ok=30296 retried=666 last_latency=19.7s source=NTSB_ASRS:avall
[31800/56202] ok=30305 retried=666 last_latency=7.3s source=NTSB_ASRS:avall
[31810/56202] ok=30315 retried=666 last_latency=12.6s source=NTSB_ASRS:avall
[31820/56202] ok=30324 retried=666 last_latency=29.2s source=NTSB_ASRS:avall
[31830/56202] ok=30334 retried=666 last_latency=19.5s source=NTSB_ASRS:avall
[31840/56202] ok=30344 retried=667 last_latency=20.4s source=NTSB_ASRS:avall
[31850/56202] ok=30353 retried=667 last_latency=22.1s source=NTSB_ASRS:avall
[31860/56202] ok=30362 retried=667 last_latency=19.7s source=NTSB_ASRS:avall
[31870/56202] ok=30370 retried=667 last_latency=10.9s source=NTSB_ASRS:avall
[31880/56202] ok=30380 retried=667 last_latency=12.6s source=NTSB_ASRS:avall
[31890/56202] ok=30389 retried=667 last_latency=12.0s source=NTSB_ASRS:avall
[31900/56202] ok=30398 retried=667 last_latency=14.0s source=NTSB_ASRS:avall
[31910/56202] ok=30408 retried=667 last_latency=14.4s source=NTSB_ASRS:avall
[31920/56202] ok=30418 retried=667 last_latency=13.4s source=NTSB_ASRS:avall
[31930/56202] ok=30426 retried=667 last_latency=14.4s source=NTSB_ASRS:avall
[31940/56202] ok=30436 retried=667 last_latency=11.5s source=NTSB_ASRS:avall
[31950/56202] ok=30446 retried=667 last_latency=24.3s source=NTSB_ASRS:avall
[31960/56202] ok=30456 retried=667 last_latency=9.7s source=NTSB_ASRS:avall
[31970/56202] ok=30465 retried=667 last_latency=14.2s source=NTSB_ASRS:avall
[31980/56202] ok=30475 retried=667 last_latency=11.7s source=NTSB_ASRS:avall
[31990/56202] ok=30485 retried=667 last_latency=11.4s source=NTSB_ASRS:avall
[32000/56202] ok=30494 retried=667 last_latency=16.6s source=NTSB_ASRS:avall
[32010/56202] ok=30504 retried=667 last_latency=8.9s source=NTSB_ASRS:avall
[32020/56202] ok=30512 retried=667 last_latency=18.5s source=NTSB_ASRS:avall
[32030/56202] ok=30522 retried=667 last_latency=11.9s source=NTSB_ASRS:avall
[32040/56202] ok=30531 retried=667 last_latency=15.1s source=NTSB_ASRS:avall
[32050/56202] ok=30541 retried=667 last_latency=19.0s source=NTSB_ASRS:avall
[32060/56202] ok=30551 retried=667 last_latency=12.0s source=NTSB_ASRS:avall
[32070/56202] ok=30560 retried=667 last_latency=15.2s source=NTSB_ASRS:avall
[32080/56202] ok=30570 retried=667 last_latency=15.4s source=NTSB_ASRS:avall
[32090/56202] ok=30579 retried=667 last_latency=10.8s source=NTSB_ASRS:avall
[32100/56202] ok=30589 retried=667 last_latency=11.9s source=NTSB_ASRS:avall
[32110/56202] ok=30598 retried=667 last_latency=19.3s source=NTSB_ASRS:avall
[32120/56202] ok=30607 retried=667 last_latency=14.1s source=NTSB_ASRS:avall
[32130/56202] ok=30617 retried=667 last_latency=17.2s source=NTSB_ASRS:avall
[32140/56202] ok=30627 retried=667 last_latency=22.0s source=NTSB_ASRS:avall
[32150/56202] ok=30637 retried=667 last_latency=8.4s source=NTSB_ASRS:avall
[32160/56202] ok=30647 retried=667 last_latency=17.8s source=NTSB_ASRS:avall
[32170/56202] ok=30657 retried=667 last_latency=14.1s source=NTSB_ASRS:avall
[32180/56202] ok=30667 retried=667 last_latency=11.8s source=NTSB_ASRS:avall
[32190/56202] ok=30677 retried=667 last_latency=22.5s source=NTSB_ASRS:avall
[32200/56202] ok=30687 retried=667 last_latency=15.2s source=NTSB_ASRS:avall
[32210/56202] ok=30697 retried=667 last_latency=25.7s source=NTSB_ASRS:avall
[32220/56202] ok=30706 retried=668 last_latency=32.0s source=NTSB_ASRS:avall
[32230/56202] ok=30714 retried=668 last_latency=17.9s source=NTSB_ASRS:avall
[32240/56202] ok=30724 retried=669 last_latency=18.1s source=NTSB_ASRS:avall
[32250/56202] ok=30734 retried=669 last_latency=21.4s source=NTSB_ASRS:avall
[32260/56202] ok=30744 retried=669 last_latency=9.9s source=NTSB_ASRS:avall
[32270/56202] ok=30754 retried=669 last_latency=21.8s source=NTSB_ASRS:avall
[32280/56202] ok=30764 retried=669 last_latency=11.1s source=NTSB_ASRS:avall
[32290/56202] ok=30774 retried=669 last_latency=21.9s source=NTSB_ASRS:avall
[32300/56202] ok=30783 retried=669 last_latency=20.1s source=NTSB_ASRS:avall
[32310/56202] ok=30793 retried=670 last_latency=15.2s source=NTSB_ASRS:avall
[32320/56202] ok=30803 retried=670 last_latency=15.0s source=NTSB_ASRS:avall
[32330/56202] ok=30813 retried=670 last_latency=20.0s source=NTSB_ASRS:avall
[32340/56202] ok=30822 retried=670 last_latency=12.6s source=NTSB_ASRS:avall
[32350/56202] ok=30832 retried=670 last_latency=8.8s source=NTSB_ASRS:avall
[32360/56202] ok=30842 retried=670 last_latency=5.8s source=NTSB_ASRS:avall
[32370/56202] ok=30851 retried=670 last_latency=8.9s source=NTSB_ASRS:avall
[32380/56202] ok=30861 retried=670 last_latency=20.0s source=NTSB_ASRS:avall
[32390/56202] ok=30871 retried=670 last_latency=14.0s source=NTSB_ASRS:avall
[32400/56202] ok=30881 retried=670 last_latency=10.3s source=NTSB_ASRS:avall
[32410/56202] ok=30891 retried=672 last_latency=28.8s source=NTSB_ASRS:avall
[32420/56202] ok=30899 retried=672 last_latency=28.9s source=NTSB_ASRS:avall
[32430/56202] ok=30909 retried=672 last_latency=13.0s source=NTSB_ASRS:avall
[32440/56202] ok=30919 retried=672 last_latency=14.2s source=NTSB_ASRS:avall
[32450/56202] ok=30928 retried=672 last_latency=14.2s source=NTSB_ASRS:avall
[32460/56202] ok=30938 retried=672 last_latency=11.0s source=NTSB_ASRS:avall
[32470/56202] ok=30947 retried=672 last_latency=22.7s source=NTSB_ASRS:avall
[32480/56202] ok=30956 retried=672 last_latency=30.0s source=NTSB_ASRS:avall
[32490/56202] ok=30965 retried=672 last_latency=8.3s source=NTSB_ASRS:avall
[32500/56202] ok=30975 retried=672 last_latency=18.4s source=NTSB_ASRS:avall
[32510/56202] ok=30984 retried=672 last_latency=16.7s source=NTSB_ASRS:avall
[32520/56202] ok=30994 retried=672 last_latency=7.7s source=NTSB_ASRS:avall
[32530/56202] ok=31004 retried=672 last_latency=13.4s source=NTSB_ASRS:avall
[32540/56202] ok=31013 retried=672 last_latency=18.3s source=NTSB_ASRS:avall
[32550/56202] ok=31023 retried=672 last_latency=14.1s source=NTSB_ASRS:avall
[32560/56202] ok=31033 retried=672 last_latency=17.6s source=NTSB_ASRS:avall
[32570/56202] ok=31042 retried=673 last_latency=13.0s source=NTSB_ASRS:avall
[32580/56202] ok=31052 retried=674 last_latency=11.9s source=NTSB_ASRS:avall
[32590/56202] ok=31062 retried=674 last_latency=15.8s source=NTSB_ASRS:avall
[32600/56202] ok=31072 retried=674 last_latency=10.6s source=NTSB_ASRS:avall
[32610/56202] ok=31081 retried=674 last_latency=13.0s source=NTSB_ASRS:avall
[32620/56202] ok=31091 retried=674 last_latency=18.1s source=NTSB_ASRS:avall
[32630/56202] ok=31101 retried=674 last_latency=13.3s source=NTSB_ASRS:avall
[32640/56202] ok=31111 retried=674 last_latency=17.8s source=NTSB_ASRS:avall
[32650/56202] ok=31120 retried=674 last_latency=12.5s source=NTSB_ASRS:avall
[32660/56202] ok=31130 retried=674 last_latency=21.9s source=NTSB_ASRS:avall
[32670/56202] ok=31140 retried=674 last_latency=11.9s source=NTSB_ASRS:avall
[32680/56202] ok=31150 retried=674 last_latency=17.1s source=NTSB_ASRS:avall
[32690/56202] ok=31159 retried=675 last_latency=18.8s source=NTSB_ASRS:avall
[32700/56202] ok=31169 retried=676 last_latency=15.4s source=NTSB_ASRS:avall
[32710/56202] ok=31178 retried=676 last_latency=29.9s source=NTSB_ASRS:avall
[32720/56202] ok=31187 retried=676 last_latency=11.4s source=NTSB_ASRS:avall
[32730/56202] ok=31197 retried=676 last_latency=15.2s source=NTSB_ASRS:avall
[32740/56202] ok=31207 retried=677 last_latency=11.8s source=NTSB_ASRS:avall
[32750/56202] ok=31216 retried=677 last_latency=14.8s source=NTSB_ASRS:avall
[32760/56202] ok=31226 retried=677 last_latency=15.1s source=NTSB_ASRS:avall
[32770/56202] ok=31235 retried=677 last_latency=10.6s source=NTSB_ASRS:avall
[32780/56202] ok=31245 retried=677 last_latency=22.3s source=NTSB_ASRS:avall
[32790/56202] ok=31254 retried=677 last_latency=12.3s source=NTSB_ASRS:avall
[32800/56202] ok=31264 retried=677 last_latency=13.6s source=NTSB_ASRS:avall
[32810/56202] ok=31273 retried=677 last_latency=20.0s source=NTSB_ASRS:avall
[32820/56202] ok=31283 retried=677 last_latency=11.4s source=NTSB_ASRS:avall
[32830/56202] ok=31293 retried=677 last_latency=18.8s source=NTSB_ASRS:avall
[32840/56202] ok=31303 retried=677 last_latency=9.3s source=NTSB_ASRS:avall
[32850/56202] ok=31312 retried=677 last_latency=48.3s source=NTSB_ASRS:avall
[32860/56202] ok=31322 retried=677 last_latency=17.1s source=NTSB_ASRS:avall
[32870/56202] ok=31332 retried=677 last_latency=9.5s source=NTSB_ASRS:avall
[32880/56202] ok=31342 retried=677 last_latency=12.4s source=NTSB_ASRS:avall
[32890/56202] ok=31351 retried=677 last_latency=38.3s source=NTSB_ASRS:avall
[32900/56202] ok=31361 retried=677 last_latency=20.0s source=NTSB_ASRS:avall
[32910/56202] ok=31370 retried=678 last_latency=17.8s source=NTSB_ASRS:avall
[32920/56202] ok=31380 retried=678 last_latency=16.6s source=NTSB_ASRS:avall
[32930/56202] ok=31389 retried=678 last_latency=15.0s source=NTSB_ASRS:avall
[32940/56202] ok=31399 retried=678 last_latency=13.1s source=NTSB_ASRS:avall
[32950/56202] ok=31408 retried=678 last_latency=8.5s source=NTSB_ASRS:avall
[32960/56202] ok=31418 retried=678 last_latency=15.4s source=NTSB_ASRS:avall
[32970/56202] ok=31428 retried=678 last_latency=15.2s source=NTSB_ASRS:avall
[32980/56202] ok=31438 retried=678 last_latency=17.9s source=NTSB_ASRS:avall
[32990/56202] ok=31448 retried=678 last_latency=17.5s source=NTSB_ASRS:avall
[33000/56202] ok=31458 retried=678 last_latency=15.2s source=NTSB_ASRS:avall
[33010/56202] ok=31468 retried=678 last_latency=10.2s source=NTSB_ASRS:avall
[33020/56202] ok=31478 retried=678 last_latency=15.8s source=NTSB_ASRS:avall
[33030/56202] ok=31488 retried=678 last_latency=14.5s source=NTSB_ASRS:avall
[33040/56202] ok=31498 retried=678 last_latency=19.0s source=NTSB_ASRS:avall
[33050/56202] ok=31507 retried=678 last_latency=12.6s source=NTSB_ASRS:avall
[33060/56202] ok=31517 retried=680 last_latency=52.0s source=NTSB_ASRS:avall
[33070/56202] ok=31527 retried=681 last_latency=12.4s source=NTSB_ASRS:avall
[33080/56202] ok=31537 retried=681 last_latency=23.4s source=NTSB_ASRS:avall
[33090/56202] ok=31545 retried=681 last_latency=8.4s source=NTSB_ASRS:avall
[33100/56202] ok=31555 retried=682 last_latency=13.0s source=NTSB_ASRS:avall
[33110/56202] ok=31562 retried=682 last_latency=45.4s source=NTSB_ASRS:avall
[33120/56202] ok=31572 retried=682 last_latency=14.9s source=NTSB_ASRS:avall
[33130/56202] ok=31582 retried=682 last_latency=14.5s source=NTSB_ASRS:avall
[33140/56202] ok=31592 retried=682 last_latency=17.3s source=NTSB_ASRS:avall
[33150/56202] ok=31601 retried=682 last_latency=22.8s source=NTSB_ASRS:avall
[33160/56202] ok=31611 retried=682 last_latency=12.2s source=NTSB_ASRS:avall
[33170/56202] ok=31621 retried=682 last_latency=15.4s source=NTSB_ASRS:avall
[33180/56202] ok=31629 retried=682 last_latency=11.6s source=NTSB_ASRS:avall
[33190/56202] ok=31639 retried=682 last_latency=11.9s source=NTSB_ASRS:avall
[33200/56202] ok=31648 retried=682 last_latency=15.6s source=NTSB_ASRS:avall
[33210/56202] ok=31657 retried=683 last_latency=25.4s source=NTSB_ASRS:avall
[33220/56202] ok=31667 retried=683 last_latency=16.2s source=NTSB_ASRS:avall
[33230/56202] ok=31677 retried=683 last_latency=17.8s source=NTSB_ASRS:avall
[33240/56202] ok=31687 retried=683 last_latency=15.4s source=NTSB_ASRS:avall
[33250/56202] ok=31694 retried=683 last_latency=15.2s source=NTSB_ASRS:avall
[33260/56202] ok=31704 retried=684 last_latency=17.2s source=NTSB_ASRS:avall
[33270/56202] ok=31713 retried=684 last_latency=42.5s source=NTSB_ASRS:avall
[33280/56202] ok=31723 retried=684 last_latency=13.7s source=NTSB_ASRS:avall
[33290/56202] ok=31733 retried=684 last_latency=8.4s source=NTSB_ASRS:avall
[33300/56202] ok=31742 retried=684 last_latency=22.6s source=NTSB_ASRS:avall
[33310/56202] ok=31751 retried=684 last_latency=11.8s source=NTSB_ASRS:avall
[33320/56202] ok=31761 retried=684 last_latency=21.3s source=NTSB_ASRS:avall
[33330/56202] ok=31771 retried=684 last_latency=9.3s source=NTSB_ASRS:avall
[33340/56202] ok=31781 retried=684 last_latency=24.0s source=NTSB_ASRS:avall
[33350/56202] ok=31790 retried=684 last_latency=10.8s source=NTSB_ASRS:avall
[33360/56202] ok=31800 retried=684 last_latency=17.9s source=NTSB_ASRS:avall
[33370/56202] ok=31809 retried=684 last_latency=14.9s source=NTSB_ASRS:avall
[33380/56202] ok=31819 retried=684 last_latency=15.1s source=NTSB_ASRS:avall
[33390/56202] ok=31828 retried=685 last_latency=23.1s source=NTSB_ASRS:avall
[33400/56202] ok=31837 retried=686 last_latency=8.6s source=NTSB_ASRS:avall
[33410/56202] ok=31846 retried=686 last_latency=20.4s source=NTSB_ASRS:avall
[33420/56202] ok=31856 retried=686 last_latency=14.5s source=NTSB_ASRS:avall
[33430/56202] ok=31866 retried=686 last_latency=11.0s source=NTSB_ASRS:avall
[33440/56202] ok=31875 retried=686 last_latency=11.2s source=NTSB_ASRS:avall
[33450/56202] ok=31885 retried=686 last_latency=17.6s source=NTSB_ASRS:avall
[33460/56202] ok=31895 retried=686 last_latency=20.1s source=NTSB_ASRS:avall
[33470/56202] ok=31905 retried=686 last_latency=11.9s source=NTSB_ASRS:avall
[33480/56202] ok=31915 retried=686 last_latency=17.1s source=NTSB_ASRS:avall
[33490/56202] ok=31924 retried=686 last_latency=15.1s source=NTSB_ASRS:avall
[33500/56202] ok=31933 retried=686 last_latency=12.7s source=NTSB_ASRS:avall
[33510/56202] ok=31941 retried=686 last_latency=11.8s source=NTSB_ASRS:avall
[33520/56202] ok=31951 retried=686 last_latency=19.6s source=NTSB_ASRS:avall
[33530/56202] ok=31961 retried=686 last_latency=13.9s source=NTSB_ASRS:avall
[33540/56202] ok=31971 retried=686 last_latency=14.0s source=NTSB_ASRS:avall
[33550/56202] ok=31981 retried=686 last_latency=6.1s source=NTSB_ASRS:avall
[33560/56202] ok=31991 retried=686 last_latency=7.9s source=NTSB_ASRS:avall
[33570/56202] ok=32001 retried=686 last_latency=14.8s source=NTSB_ASRS:avall
[33580/56202] ok=32010 retried=686 last_latency=18.4s source=NTSB_ASRS:avall
[33590/56202] ok=32019 retried=686 last_latency=17.0s source=NTSB_ASRS:avall
[33600/56202] ok=32029 retried=686 last_latency=12.5s source=NTSB_ASRS:avall
[33610/56202] ok=32039 retried=686 last_latency=12.0s source=NTSB_ASRS:avall
[33620/56202] ok=32049 retried=686 last_latency=17.0s source=NTSB_ASRS:avall
[33630/56202] ok=32059 retried=686 last_latency=15.3s source=NTSB_ASRS:avall
[33640/56202] ok=32069 retried=686 last_latency=8.5s source=NTSB_ASRS:avall
[33650/56202] ok=32079 retried=686 last_latency=11.2s source=NTSB_ASRS:avall
[33660/56202] ok=32089 retried=686 last_latency=11.0s source=NTSB_ASRS:avall
[33670/56202] ok=32099 retried=686 last_latency=8.1s source=NTSB_ASRS:avall
[33680/56202] ok=32108 retried=686 last_latency=15.7s source=NTSB_ASRS:avall
[33690/56202] ok=32118 retried=686 last_latency=13.5s source=NTSB_ASRS:avall
[33700/56202] ok=32128 retried=686 last_latency=14.0s source=NTSB_ASRS:avall
[33710/56202] ok=32138 retried=686 last_latency=19.2s source=NTSB_ASRS:avall
[33720/56202] ok=32148 retried=688 last_latency=17.9s source=NTSB_ASRS:avall
[33730/56202] ok=32158 retried=688 last_latency=18.7s source=NTSB_ASRS:avall
[33740/56202] ok=32168 retried=689 last_latency=12.9s source=NTSB_ASRS:avall
[33750/56202] ok=32178 retried=689 last_latency=15.1s source=NTSB_ASRS:avall
[33760/56202] ok=32188 retried=689 last_latency=11.6s source=NTSB_ASRS:avall
[33770/56202] ok=32198 retried=689 last_latency=15.2s source=NTSB_ASRS:avall
[33780/56202] ok=32207 retried=689 last_latency=16.3s source=NTSB_ASRS:avall
[33790/56202] ok=32217 retried=689 last_latency=19.9s source=NTSB_ASRS:avall
[33800/56202] ok=32227 retried=689 last_latency=11.7s source=NTSB_ASRS:avall
[33810/56202] ok=32237 retried=689 last_latency=16.5s source=NTSB_ASRS:avall
[33820/56202] ok=32247 retried=690 last_latency=15.1s source=NTSB_ASRS:avall
[33830/56202] ok=32257 retried=690 last_latency=17.5s source=NTSB_ASRS:avall
[33840/56202] ok=32266 retried=690 last_latency=11.2s source=NTSB_ASRS:avall
[33850/56202] ok=32275 retried=690 last_latency=12.1s source=NTSB_ASRS:avall
[33860/56202] ok=32285 retried=690 last_latency=18.0s source=NTSB_ASRS:avall
[33870/56202] ok=32294 retried=690 last_latency=11.3s source=NTSB_ASRS:avall
[33880/56202] ok=32304 retried=690 last_latency=0.6s source=NTSB_ASRS:avall
[33890/56202] ok=32313 retried=690 last_latency=13.5s source=NTSB_ASRS:avall
[33900/56202] ok=32322 retried=690 last_latency=14.6s source=NTSB_ASRS:avall
[33910/56202] ok=32331 retried=690 last_latency=26.1s source=NTSB_ASRS:avall
[33920/56202] ok=32341 retried=690 last_latency=20.6s source=NTSB_ASRS:avall
[33930/56202] ok=32351 retried=690 last_latency=19.0s source=NTSB_ASRS:avall
[33940/56202] ok=32361 retried=690 last_latency=9.8s source=NTSB_ASRS:avall
[33950/56202] ok=32371 retried=691 last_latency=15.5s source=NTSB_ASRS:avall
[33960/56202] ok=32379 retried=692 last_latency=46.9s source=NTSB_ASRS:avall
[33970/56202] ok=32389 retried=692 last_latency=8.4s source=NTSB_ASRS:avall
[33980/56202] ok=32399 retried=692 last_latency=7.0s source=NTSB_ASRS:avall
[33990/56202] ok=32409 retried=692 last_latency=20.9s source=NTSB_ASRS:avall
[34000/56202] ok=32419 retried=692 last_latency=14.1s source=NTSB_ASRS:avall
[34010/56202] ok=32429 retried=692 last_latency=16.9s source=NTSB_ASRS:avall
[34020/56202] ok=32439 retried=692 last_latency=14.3s source=NTSB_ASRS:avall
[34030/56202] ok=32449 retried=693 last_latency=13.3s source=NTSB_ASRS:avall
[34040/56202] ok=32459 retried=694 last_latency=12.7s source=NTSB_ASRS:avall
[34050/56202] ok=32468 retried=694 last_latency=19.3s source=NTSB_ASRS:avall
[34060/56202] ok=32476 retried=694 last_latency=13.9s source=NTSB_ASRS:avall
[34070/56202] ok=32486 retried=694 last_latency=11.4s source=NTSB_ASRS:avall
[34080/56202] ok=32496 retried=694 last_latency=13.7s source=NTSB_ASRS:avall
[34090/56202] ok=32506 retried=694 last_latency=17.3s source=NTSB_ASRS:avall
[34100/56202] ok=32514 retried=694 last_latency=17.3s source=NTSB_ASRS:avall
[34110/56202] ok=32523 retried=694 last_latency=18.0s source=NTSB_ASRS:avall
[34120/56202] ok=32533 retried=694 last_latency=16.5s source=NTSB_ASRS:avall
[34130/56202] ok=32543 retried=694 last_latency=30.5s source=NTSB_ASRS:avall
[34140/56202] ok=32553 retried=694 last_latency=8.6s source=NTSB_ASRS:avall
[34150/56202] ok=32561 retried=694 last_latency=21.6s source=NTSB_ASRS:avall
[34160/56202] ok=32571 retried=694 last_latency=15.2s source=NTSB_ASRS:avall
[34170/56202] ok=32581 retried=695 last_latency=20.3s source=NTSB_ASRS:avall
[34180/56202] ok=32591 retried=695 last_latency=11.1s source=NTSB_ASRS:avall
[34190/56202] ok=32598 retried=695 last_latency=27.8s source=NTSB_ASRS:avall
[34200/56202] ok=32607 retried=695 last_latency=16.3s source=NTSB_ASRS:avall
[34210/56202] ok=32616 retried=695 last_latency=40.3s source=NTSB_ASRS:avall
[34220/56202] ok=32626 retried=695 last_latency=26.1s source=NTSB_ASRS:avall
[34230/56202] ok=32635 retried=695 last_latency=16.6s source=NTSB_ASRS:avall
[34240/56202] ok=32645 retried=695 last_latency=19.3s source=NTSB_ASRS:avall
[34250/56202] ok=32655 retried=695 last_latency=8.8s source=NTSB_ASRS:avall
[34260/56202] ok=32665 retried=695 last_latency=12.7s source=NTSB_ASRS:avall
[34270/56202] ok=32675 retried=695 last_latency=13.4s source=NTSB_ASRS:avall
[34280/56202] ok=32684 retried=696 last_latency=16.8s source=NTSB_ASRS:avall
[34290/56202] ok=32693 retried=696 last_latency=14.7s source=NTSB_ASRS:avall
[34300/56202] ok=32703 retried=696 last_latency=18.7s source=NTSB_ASRS:avall
[34310/56202] ok=32711 retried=696 last_latency=28.0s source=NTSB_ASRS:avall
[34320/56202] ok=32720 retried=696 last_latency=43.5s source=NTSB_ASRS:avall
[34330/56202] ok=32730 retried=697 last_latency=13.7s source=NTSB_ASRS:avall
[34340/56202] ok=32739 retried=697 last_latency=0.4s source=NTSB_ASRS:avall
[34350/56202] ok=32747 retried=697 last_latency=35.1s source=NTSB_ASRS:avall
[34360/56202] ok=32757 retried=697 last_latency=15.3s source=NTSB_ASRS:avall
[34370/56202] ok=32767 retried=697 last_latency=13.0s source=NTSB_ASRS:avall
[34380/56202] ok=32777 retried=697 last_latency=16.5s source=NTSB_ASRS:avall
[34390/56202] ok=32787 retried=697 last_latency=14.2s source=NTSB_ASRS:avall
[34400/56202] ok=32797 retried=697 last_latency=19.8s source=NTSB_ASRS:avall
[34410/56202] ok=32806 retried=697 last_latency=14.7s source=NTSB_ASRS:avall
[34420/56202] ok=32814 retried=697 last_latency=11.7s source=NTSB_ASRS:avall
[34430/56202] ok=32824 retried=697 last_latency=12.8s source=NTSB_ASRS:avall
[34440/56202] ok=32834 retried=697 last_latency=21.3s source=NTSB_ASRS:avall
[34450/56202] ok=32844 retried=697 last_latency=11.3s source=NTSB_ASRS:avall
[34460/56202] ok=32853 retried=697 last_latency=18.9s source=NTSB_ASRS:avall
[34470/56202] ok=32863 retried=697 last_latency=18.2s source=NTSB_ASRS:avall
[34480/56202] ok=32873 retried=697 last_latency=23.3s source=NTSB_ASRS:avall
[34490/56202] ok=32881 retried=697 last_latency=11.6s source=NTSB_ASRS:avall
[34500/56202] ok=32890 retried=697 last_latency=30.1s source=NTSB_ASRS:avall
[34510/56202] ok=32900 retried=697 last_latency=18.4s source=NTSB_ASRS:avall
[34520/56202] ok=32910 retried=697 last_latency=12.6s source=NTSB_ASRS:avall
[34530/56202] ok=32920 retried=697 last_latency=14.7s source=NTSB_ASRS:avall
[34540/56202] ok=32930 retried=697 last_latency=11.9s source=NTSB_ASRS:avall
[34550/56202] ok=32940 retried=697 last_latency=12.0s source=NTSB_ASRS:avall
[34560/56202] ok=32950 retried=697 last_latency=17.8s source=NTSB_ASRS:avall
[34570/56202] ok=32958 retried=697 last_latency=22.1s source=NTSB_ASRS:avall
[34580/56202] ok=32968 retried=697 last_latency=20.1s source=NTSB_ASRS:avall
[34590/56202] ok=32977 retried=697 last_latency=13.2s source=NTSB_ASRS:avall
[34600/56202] ok=32987 retried=697 last_latency=16.9s source=NTSB_ASRS:avall
[34610/56202] ok=32997 retried=698 last_latency=26.1s source=NTSB_ASRS:avall
[34620/56202] ok=33006 retried=698 last_latency=21.0s source=NTSB_ASRS:avall
[34630/56202] ok=33015 retried=698 last_latency=16.4s source=NTSB_ASRS:avall
[34640/56202] ok=33024 retried=698 last_latency=29.2s source=NTSB_ASRS:avall
[34650/56202] ok=33034 retried=698 last_latency=10.1s source=NTSB_ASRS:avall
[34660/56202] ok=33044 retried=698 last_latency=12.8s source=NTSB_ASRS:avall
[34670/56202] ok=33054 retried=699 last_latency=40.8s source=NTSB_ASRS:avall
[34680/56202] ok=33064 retried=699 last_latency=11.7s source=NTSB_ASRS:avall
[34690/56202] ok=33073 retried=699 last_latency=20.2s source=NTSB_ASRS:avall
[34700/56202] ok=33083 retried=699 last_latency=13.0s source=NTSB_ASRS:avall
[34710/56202] ok=33093 retried=700 last_latency=21.8s source=NTSB_ASRS:avall
[34720/56202] ok=33103 retried=700 last_latency=23.9s source=NTSB_ASRS:avall
[34730/56202] ok=33113 retried=700 last_latency=15.4s source=NTSB_ASRS:avall
[34740/56202] ok=33123 retried=700 last_latency=23.2s source=NTSB_ASRS:avall
[34750/56202] ok=33133 retried=700 last_latency=13.4s source=NTSB_ASRS:avall
[34760/56202] ok=33143 retried=700 last_latency=16.0s source=NTSB_ASRS:avall
[34770/56202] ok=33152 retried=701 last_latency=15.2s source=NTSB_ASRS:avall
[34780/56202] ok=33161 retried=703 last_latency=26.5s source=NTSB_ASRS:avall
[34790/56202] ok=33170 retried=704 last_latency=45.3s source=NTSB_ASRS:avall
[34800/56202] ok=33179 retried=704 last_latency=11.7s source=NTSB_ASRS:avall
[34810/56202] ok=33189 retried=704 last_latency=17.1s source=NTSB_ASRS:avall
[34820/56202] ok=33199 retried=705 last_latency=14.0s source=NTSB_ASRS:avall
[34830/56202] ok=33209 retried=705 last_latency=15.5s source=NTSB_ASRS:avall
[34840/56202] ok=33219 retried=705 last_latency=11.1s source=NTSB_ASRS:avall
[34850/56202] ok=33229 retried=705 last_latency=17.7s source=NTSB_ASRS:avall
[34860/56202] ok=33239 retried=705 last_latency=15.8s source=NTSB_ASRS:avall
[34870/56202] ok=33249 retried=705 last_latency=0.5s source=NTSB_ASRS:avall
[34880/56202] ok=33259 retried=705 last_latency=18.0s source=NTSB_ASRS:avall
[34890/56202] ok=33269 retried=705 last_latency=11.6s source=NTSB_ASRS:avall
[34900/56202] ok=33279 retried=705 last_latency=18.0s source=NTSB_ASRS:avall
[34910/56202] ok=33289 retried=705 last_latency=17.7s source=NTSB_ASRS:avall
[34920/56202] ok=33299 retried=705 last_latency=7.1s source=NTSB_ASRS:avall
[34930/56202] ok=33309 retried=705 last_latency=22.5s source=NTSB_ASRS:avall
[34940/56202] ok=33319 retried=706 last_latency=16.3s source=NTSB_ASRS:avall
[34950/56202] ok=33327 retried=706 last_latency=3.9s source=NTSB_ASRS:avall
[34960/56202] ok=33337 retried=706 last_latency=11.1s source=NTSB_ASRS:avall
[34970/56202] ok=33347 retried=706 last_latency=16.4s source=NTSB_ASRS:avall
[34980/56202] ok=33356 retried=706 last_latency=40.9s source=NTSB_ASRS:avall
[34990/56202] ok=33366 retried=706 last_latency=16.0s source=NTSB_ASRS:avall
[35000/56202] ok=33376 retried=706 last_latency=16.2s source=NTSB_ASRS:avall
[35010/56202] ok=33386 retried=706 last_latency=22.8s source=NTSB_ASRS:avall
[35020/56202] ok=33396 retried=706 last_latency=20.6s source=NTSB_ASRS:avall
[35030/56202] ok=33406 retried=706 last_latency=15.7s source=NTSB_ASRS:avall
[35040/56202] ok=33416 retried=706 last_latency=15.6s source=NTSB_ASRS:avall
[35050/56202] ok=33426 retried=706 last_latency=21.1s source=NTSB_ASRS:avall
[35060/56202] ok=33436 retried=706 last_latency=17.5s source=NTSB_ASRS:avall
[35070/56202] ok=33445 retried=706 last_latency=21.5s source=NTSB_ASRS:avall
[35080/56202] ok=33453 retried=706 last_latency=15.1s source=NTSB_ASRS:avall
[35090/56202] ok=33462 retried=706 last_latency=11.5s source=NTSB_ASRS:avall
[35100/56202] ok=33471 retried=706 last_latency=10.9s source=NTSB_ASRS:avall
[35110/56202] ok=33481 retried=706 last_latency=18.0s source=NTSB_ASRS:avall
[35120/56202] ok=33490 retried=706 last_latency=18.6s source=NTSB_ASRS:avall
[35130/56202] ok=33499 retried=706 last_latency=17.2s source=NTSB_ASRS:avall
[35140/56202] ok=33508 retried=706 last_latency=10.0s source=NTSB_ASRS:avall
[35150/56202] ok=33518 retried=707 last_latency=18.4s source=NTSB_ASRS:avall
[35160/56202] ok=33528 retried=707 last_latency=11.7s source=NTSB_ASRS:avall
[35170/56202] ok=33538 retried=707 last_latency=20.1s source=NTSB_ASRS:avall
[35180/56202] ok=33548 retried=707 last_latency=14.3s source=NTSB_ASRS:avall
[35190/56202] ok=33558 retried=707 last_latency=10.7s source=NTSB_ASRS:avall
[35200/56202] ok=33567 retried=707 last_latency=19.4s source=NTSB_ASRS:avall
[35210/56202] ok=33577 retried=707 last_latency=19.8s source=NTSB_ASRS:avall
[35220/56202] ok=33587 retried=708 last_latency=10.5s source=NTSB_ASRS:avall
[35230/56202] ok=33596 retried=708 last_latency=16.9s source=NTSB_ASRS:avall
[35240/56202] ok=33606 retried=708 last_latency=8.9s source=NTSB_ASRS:avall
[35250/56202] ok=33616 retried=708 last_latency=14.1s source=NTSB_ASRS:avall
[35260/56202] ok=33625 retried=709 last_latency=22.1s source=NTSB_ASRS:avall
[35270/56202] ok=33635 retried=710 last_latency=11.5s source=NTSB_ASRS:avall
[35280/56202] ok=33645 retried=710 last_latency=10.2s source=NTSB_ASRS:avall
[35290/56202] ok=33654 retried=710 last_latency=10.4s source=NTSB_ASRS:avall
[35300/56202] ok=33664 retried=710 last_latency=10.1s source=NTSB_ASRS:avall
[35310/56202] ok=33674 retried=710 last_latency=18.6s source=NTSB_ASRS:avall
[35320/56202] ok=33684 retried=710 last_latency=9.6s source=NTSB_ASRS:avall
[35330/56202] ok=33693 retried=710 last_latency=34.8s source=NTSB_ASRS:avall
[35340/56202] ok=33702 retried=710 last_latency=15.6s source=NTSB_ASRS:avall
[35350/56202] ok=33712 retried=710 last_latency=15.2s source=NTSB_ASRS:avall
[35360/56202] ok=33722 retried=710 last_latency=12.2s source=NTSB_ASRS:avall
[35370/56202] ok=33732 retried=710 last_latency=16.5s source=NTSB_ASRS:avall
[35380/56202] ok=33742 retried=711 last_latency=14.3s source=NTSB_ASRS:avall
[35390/56202] ok=33752 retried=711 last_latency=10.2s source=NTSB_ASRS:avall
[35400/56202] ok=33761 retried=711 last_latency=20.2s source=NTSB_ASRS:avall
[35410/56202] ok=33771 retried=711 last_latency=12.2s source=NTSB_ASRS:avall
[35420/56202] ok=33781 retried=711 last_latency=11.3s source=NTSB_ASRS:avall
[35430/56202] ok=33790 retried=711 last_latency=13.1s source=NTSB_ASRS:avall
[35440/56202] ok=33800 retried=711 last_latency=17.0s source=NTSB_ASRS:avall
[35450/56202] ok=33809 retried=711 last_latency=13.7s source=NTSB_ASRS:avall
[35460/56202] ok=33816 retried=711 last_latency=10.8s source=NTSB_ASRS:avall
[35470/56202] ok=33825 retried=711 last_latency=35.8s source=NTSB_ASRS:avall
[35480/56202] ok=33835 retried=711 last_latency=21.4s source=NTSB_ASRS:avall
[35490/56202] ok=33844 retried=711 last_latency=17.5s source=NTSB_ASRS:avall
[35500/56202] ok=33854 retried=711 last_latency=15.9s source=NTSB_ASRS:avall
[35510/56202] ok=33864 retried=711 last_latency=0.5s source=NTSB_ASRS:avall
[35520/56202] ok=33874 retried=711 last_latency=22.5s source=NTSB_ASRS:avall
[35530/56202] ok=33884 retried=711 last_latency=11.2s source=NTSB_ASRS:avall
[35540/56202] ok=33893 retried=711 last_latency=13.9s source=NTSB_ASRS:avall
[35550/56202] ok=33903 retried=711 last_latency=21.7s source=NTSB_ASRS:avall
[35560/56202] ok=33913 retried=711 last_latency=12.6s source=NTSB_ASRS:avall
[35570/56202] ok=33923 retried=711 last_latency=16.0s source=NTSB_ASRS:avall
[35580/56202] ok=33932 retried=711 last_latency=19.0s source=NTSB_ASRS:avall
[35590/56202] ok=33942 retried=711 last_latency=13.8s source=NTSB_ASRS:avall
[35600/56202] ok=33952 retried=712 last_latency=12.8s source=NTSB_ASRS:avall
[35610/56202] ok=33962 retried=713 last_latency=12.1s source=NTSB_ASRS:avall
[35620/56202] ok=33971 retried=713 last_latency=8.8s source=NTSB_ASRS:avall
[35630/56202] ok=33981 retried=713 last_latency=18.2s source=NTSB_ASRS:avall
[35640/56202] ok=33990 retried=713 last_latency=43.9s source=NTSB_ASRS:avall
[35650/56202] ok=34000 retried=713 last_latency=14.9s source=NTSB_ASRS:avall
[35660/56202] ok=34010 retried=713 last_latency=14.2s source=NTSB_ASRS:avall
[35670/56202] ok=34020 retried=713 last_latency=7.8s source=NTSB_ASRS:avall
[35680/56202] ok=34030 retried=713 last_latency=18.3s source=NTSB_ASRS:avall
[35690/56202] ok=34039 retried=713 last_latency=31.1s source=NTSB_ASRS:avall
[35700/56202] ok=34049 retried=713 last_latency=10.5s source=NTSB_ASRS:avall
[35710/56202] ok=34059 retried=713 last_latency=14.5s source=NTSB_ASRS:avall
[35720/56202] ok=34069 retried=713 last_latency=19.5s source=NTSB_ASRS:avall
[35730/56202] ok=34079 retried=713 last_latency=21.0s source=NTSB_ASRS:avall
[35740/56202] ok=34088 retried=713 last_latency=13.9s source=NTSB_ASRS:avall
[35750/56202] ok=34098 retried=713 last_latency=17.5s source=NTSB_ASRS:avall
[35760/56202] ok=34107 retried=713 last_latency=13.5s source=NTSB_ASRS:avall
[35770/56202] ok=34115 retried=713 last_latency=10.7s source=NTSB_ASRS:avall
[35780/56202] ok=34125 retried=713 last_latency=19.1s source=NTSB_ASRS:avall
[35790/56202] ok=34135 retried=713 last_latency=11.5s source=NTSB_ASRS:avall
[35800/56202] ok=34145 retried=713 last_latency=14.9s source=NTSB_ASRS:avall
[35810/56202] ok=34154 retried=713 last_latency=13.9s source=NTSB_ASRS:avall
[35820/56202] ok=34163 retried=713 last_latency=14.2s source=NTSB_ASRS:avall
[35830/56202] ok=34173 retried=713 last_latency=13.8s source=NTSB_ASRS:avall
[35840/56202] ok=34182 retried=713 last_latency=13.9s source=NTSB_ASRS:avall
[35850/56202] ok=34191 retried=713 last_latency=42.2s source=NTSB_ASRS:avall
[35860/56202] ok=34201 retried=713 last_latency=9.7s source=NTSB_ASRS:avall
[35870/56202] ok=34210 retried=713 last_latency=15.5s source=NTSB_ASRS:avall
[35880/56202] ok=34219 retried=713 last_latency=15.3s source=NTSB_ASRS:avall
[35890/56202] ok=34229 retried=713 last_latency=13.4s source=NTSB_ASRS:avall
[35900/56202] ok=34238 retried=713 last_latency=19.2s source=NTSB_ASRS:avall
[35910/56202] ok=34248 retried=713 last_latency=14.3s source=NTSB_ASRS:avall
[35920/56202] ok=34257 retried=715 last_latency=17.6s source=NTSB_ASRS:avall
[35930/56202] ok=34267 retried=715 last_latency=21.1s source=NTSB_ASRS:avall
[35940/56202] ok=34275 retried=716 last_latency=23.5s source=NTSB_ASRS:avall
[35950/56202] ok=34285 retried=716 last_latency=15.1s source=NTSB_ASRS:avall
[35960/56202] ok=34294 retried=717 last_latency=14.2s source=NTSB_ASRS:avall
[35970/56202] ok=34304 retried=717 last_latency=14.1s source=NTSB_ASRS:avall
[35980/56202] ok=34314 retried=717 last_latency=20.1s source=NTSB_ASRS:avall
[35990/56202] ok=34324 retried=717 last_latency=15.6s source=NTSB_ASRS:avall
[36000/56202] ok=34331 retried=717 last_latency=13.6s source=NTSB_ASRS:avall
[36010/56202] ok=34341 retried=718 last_latency=10.2s source=NTSB_ASRS:avall
[36020/56202] ok=34351 retried=718 last_latency=12.3s source=NTSB_ASRS:avall
[36030/56202] ok=34360 retried=718 last_latency=10.8s source=NTSB_ASRS:avall
[36040/56202] ok=34370 retried=718 last_latency=14.5s source=NTSB_ASRS:avall
[36050/56202] ok=34380 retried=718 last_latency=14.4s source=NTSB_ASRS:avall
[36060/56202] ok=34389 retried=718 last_latency=17.7s source=NTSB_ASRS:avall
[36070/56202] ok=34399 retried=719 last_latency=13.4s source=NTSB_ASRS:avall
[36080/56202] ok=34406 retried=719 last_latency=11.7s source=NTSB_ASRS:avall
[36090/56202] ok=34415 retried=719 last_latency=18.9s source=NTSB_ASRS:avall
[36100/56202] ok=34425 retried=719 last_latency=17.7s source=NTSB_ASRS:avall
[36110/56202] ok=34435 retried=719 last_latency=10.0s source=NTSB_ASRS:avall
[36120/56202] ok=34445 retried=719 last_latency=14.3s source=NTSB_ASRS:avall
[36130/56202] ok=34455 retried=719 last_latency=10.0s source=NTSB_ASRS:avall
[36140/56202] ok=34465 retried=719 last_latency=15.6s source=NTSB_ASRS:avall
[36150/56202] ok=34475 retried=720 last_latency=23.1s source=NTSB_ASRS:avall
[36160/56202] ok=34485 retried=720 last_latency=18.2s source=NTSB_ASRS:avall
[36170/56202] ok=34495 retried=720 last_latency=15.2s source=NTSB_ASRS:avall
[36180/56202] ok=34505 retried=721 last_latency=26.1s source=NTSB_ASRS:avall
[36190/56202] ok=34512 retried=721 last_latency=22.2s source=NTSB_ASRS:avall
[36200/56202] ok=34522 retried=721 last_latency=14.4s source=NTSB_ASRS:avall
[36210/56202] ok=34532 retried=721 last_latency=12.9s source=NTSB_ASRS:avall
[36220/56202] ok=34542 retried=721 last_latency=11.6s source=NTSB_ASRS:avall
[36230/56202] ok=34552 retried=721 last_latency=10.1s source=NTSB_ASRS:avall
[36240/56202] ok=34562 retried=721 last_latency=11.5s source=NTSB_ASRS:avall
[36250/56202] ok=34572 retried=721 last_latency=8.1s source=NTSB_ASRS:avall
[36260/56202] ok=34581 retried=721 last_latency=8.7s source=NTSB_ASRS:avall
[36270/56202] ok=34590 retried=721 last_latency=15.2s source=NTSB_ASRS:avall
[36280/56202] ok=34599 retried=721 last_latency=16.0s source=NTSB_ASRS:avall
[36290/56202] ok=34609 retried=721 last_latency=10.5s source=NTSB_ASRS:avall
[36300/56202] ok=34619 retried=721 last_latency=17.6s source=NTSB_ASRS:avall
[36310/56202] ok=34629 retried=721 last_latency=16.5s source=NTSB_ASRS:avall
[36320/56202] ok=34639 retried=722 last_latency=11.2s source=NTSB_ASRS:avall
[36330/56202] ok=34649 retried=723 last_latency=6.1s source=NTSB_ASRS:avall
[36340/56202] ok=34659 retried=723 last_latency=10.5s source=NTSB_ASRS:avall
[36350/56202] ok=34667 retried=723 last_latency=7.9s source=NTSB_ASRS:avall
[36360/56202] ok=34677 retried=723 last_latency=11.2s source=NTSB_ASRS:avall
[36370/56202] ok=34687 retried=723 last_latency=8.8s source=NTSB_ASRS:avall
[36380/56202] ok=34697 retried=723 last_latency=13.3s source=NTSB_ASRS:avall
[36390/56202] ok=34707 retried=723 last_latency=11.8s source=NTSB_ASRS:avall
[36400/56202] ok=34717 retried=723 last_latency=13.0s source=NTSB_ASRS:avall
[36410/56202] ok=34727 retried=723 last_latency=13.8s source=NTSB_ASRS:avall
[36420/56202] ok=34737 retried=723 last_latency=19.9s source=NTSB_ASRS:avall
[36430/56202] ok=34747 retried=723 last_latency=12.3s source=NTSB_ASRS:avall
[36440/56202] ok=34757 retried=723 last_latency=8.3s source=NTSB_ASRS:avall
[36450/56202] ok=34767 retried=723 last_latency=22.7s source=NTSB_ASRS:avall
[36460/56202] ok=34777 retried=723 last_latency=13.3s source=NTSB_ASRS:avall
[36470/56202] ok=34786 retried=723 last_latency=12.2s source=NTSB_ASRS:avall
[36480/56202] ok=34796 retried=723 last_latency=11.7s source=NTSB_ASRS:avall
[36490/56202] ok=34806 retried=723 last_latency=9.9s source=NTSB_ASRS:avall
[36500/56202] ok=34816 retried=723 last_latency=13.1s source=NTSB_ASRS:avall
[36510/56202] ok=34826 retried=723 last_latency=13.8s source=NTSB_ASRS:avall
[36520/56202] ok=34834 retried=723 last_latency=12.1s source=NTSB_ASRS:avall
[36530/56202] ok=34844 retried=723 last_latency=15.6s source=NTSB_ASRS:avall
[36540/56202] ok=34853 retried=724 last_latency=20.7s source=NTSB_ASRS:avall
[36550/56202] ok=34862 retried=724 last_latency=11.3s source=NTSB_ASRS:avall
[36560/56202] ok=34872 retried=726 last_latency=16.7s source=NTSB_ASRS:avall
[36570/56202] ok=34881 retried=726 last_latency=19.6s source=NTSB_ASRS:avall
[36580/56202] ok=34890 retried=727 last_latency=11.0s source=NTSB_ASRS:avall
[36590/56202] ok=34900 retried=727 last_latency=14.3s source=NTSB_ASRS:avall
[36600/56202] ok=34910 retried=727 last_latency=14.9s source=NTSB_ASRS:avall
[36610/56202] ok=34920 retried=727 last_latency=8.8s source=NTSB_ASRS:avall
[36620/56202] ok=34930 retried=728 last_latency=15.4s source=NTSB_ASRS:avall
[36630/56202] ok=34940 retried=728 last_latency=15.0s source=NTSB_ASRS:avall
[36640/56202] ok=34949 retried=728 last_latency=12.5s source=NTSB_ASRS:avall
[36650/56202] ok=34959 retried=728 last_latency=10.1s source=NTSB_ASRS:avall
[36660/56202] ok=34967 retried=728 last_latency=38.3s source=NTSB_ASRS:avall
[36670/56202] ok=34975 retried=728 last_latency=6.9s source=NTSB_ASRS:avall
[36680/56202] ok=34985 retried=728 last_latency=8.7s source=NTSB_ASRS:avall
[36690/56202] ok=34995 retried=728 last_latency=12.1s source=NTSB_ASRS:avall
[36700/56202] ok=35005 retried=729 last_latency=11.0s source=NTSB_ASRS:avall
[36710/56202] ok=35015 retried=729 last_latency=10.1s source=NTSB_ASRS:avall
[36720/56202] ok=35025 retried=730 last_latency=12.9s source=NTSB_ASRS:avall
[36730/56202] ok=35035 retried=730 last_latency=17.9s source=NTSB_ASRS:avall
[36740/56202] ok=35045 retried=730 last_latency=18.1s source=NTSB_ASRS:avall
[36750/56202] ok=35055 retried=731 last_latency=21.1s source=NTSB_ASRS:avall
[36760/56202] ok=35064 retried=731 last_latency=13.9s source=NTSB_ASRS:avall
[36770/56202] ok=35073 retried=731 last_latency=14.5s source=NTSB_ASRS:avall
[36780/56202] ok=35083 retried=731 last_latency=14.6s source=NTSB_ASRS:avall
[36790/56202] ok=35093 retried=731 last_latency=15.1s source=NTSB_ASRS:avall
[36800/56202] ok=35102 retried=731 last_latency=14.3s source=NTSB_ASRS:avall
[36810/56202] ok=35111 retried=731 last_latency=18.8s source=NTSB_ASRS:avall
[36820/56202] ok=35119 retried=731 last_latency=17.9s source=NTSB_ASRS:avall
[36830/56202] ok=35129 retried=731 last_latency=19.1s source=NTSB_ASRS:avall
[36840/56202] ok=35139 retried=731 last_latency=23.6s source=NTSB_ASRS:avall
[36850/56202] ok=35149 retried=731 last_latency=17.5s source=NTSB_ASRS:avall
[36860/56202] ok=35159 retried=731 last_latency=16.9s source=NTSB_ASRS:avall
[36870/56202] ok=35168 retried=732 last_latency=14.2s source=NTSB_ASRS:avall
[36880/56202] ok=35178 retried=732 last_latency=10.3s source=NTSB_ASRS:avall
[36890/56202] ok=35188 retried=732 last_latency=17.4s source=NTSB_ASRS:avall
[36900/56202] ok=35198 retried=732 last_latency=11.9s source=NTSB_ASRS:avall
[36910/56202] ok=35208 retried=732 last_latency=14.8s source=NTSB_ASRS:avall
[36920/56202] ok=35215 retried=733 last_latency=17.2s source=NTSB_ASRS:avall
[36930/56202] ok=35224 retried=733 last_latency=17.2s source=NTSB_ASRS:avall
[36940/56202] ok=35232 retried=733 last_latency=10.6s source=NTSB_ASRS:avall
[36950/56202] ok=35242 retried=733 last_latency=15.3s source=NTSB_ASRS:avall
[36960/56202] ok=35251 retried=733 last_latency=19.0s source=NTSB_ASRS:avall
[36970/56202] ok=35260 retried=733 last_latency=16.4s source=NTSB_ASRS:avall
[36980/56202] ok=35270 retried=734 last_latency=24.6s source=NTSB_ASRS:avall
[36990/56202] ok=35280 retried=734 last_latency=13.0s source=NTSB_ASRS:avall
[37000/56202] ok=35290 retried=734 last_latency=14.4s source=NTSB_ASRS:avall
[37010/56202] ok=35300 retried=735 last_latency=13.9s source=NTSB_ASRS:avall
[37020/56202] ok=35308 retried=735 last_latency=15.8s source=NTSB_ASRS:avall
[37030/56202] ok=35316 retried=735 last_latency=12.9s source=NTSB_ASRS:avall
[37040/56202] ok=35326 retried=735 last_latency=6.1s source=NTSB_ASRS:avall
[37050/56202] ok=35336 retried=735 last_latency=15.9s source=NTSB_ASRS:avall
[37060/56202] ok=35344 retried=735 last_latency=12.4s source=NTSB_ASRS:avall
[37070/56202] ok=35353 retried=735 last_latency=10.3s source=NTSB_ASRS:avall
[37080/56202] ok=35363 retried=735 last_latency=19.5s source=NTSB_ASRS:avall
[37090/56202] ok=35373 retried=735 last_latency=11.2s source=NTSB_ASRS:avall
[37100/56202] ok=35383 retried=735 last_latency=15.3s source=NTSB_ASRS:avall
[37110/56202] ok=35393 retried=735 last_latency=10.7s source=NTSB_ASRS:avall
[37120/56202] ok=35403 retried=735 last_latency=17.9s source=NTSB_ASRS:avall
[37130/56202] ok=35413 retried=735 last_latency=8.8s source=NTSB_ASRS:avall
[37140/56202] ok=35423 retried=735 last_latency=14.5s source=NTSB_ASRS:avall
[37150/56202] ok=35432 retried=735 last_latency=8.3s source=NTSB_ASRS:avall
[37160/56202] ok=35442 retried=735 last_latency=17.8s source=NTSB_ASRS:avall
[37170/56202] ok=35450 retried=735 last_latency=10.4s source=NTSB_ASRS:avall
[37180/56202] ok=35460 retried=735 last_latency=11.5s source=NTSB_ASRS:avall
[37190/56202] ok=35470 retried=735 last_latency=12.0s source=NTSB_ASRS:avall
[37200/56202] ok=35480 retried=735 last_latency=16.7s source=NTSB_ASRS:avall
[37210/56202] ok=35489 retried=736 last_latency=14.5s source=NTSB_ASRS:avall
[37220/56202] ok=35498 retried=736 last_latency=11.6s source=NTSB_ASRS:avall
[37230/56202] ok=35508 retried=736 last_latency=10.2s source=NTSB_ASRS:avall
[37240/56202] ok=35518 retried=736 last_latency=17.1s source=NTSB_ASRS:avall
[37250/56202] ok=35527 retried=736 last_latency=15.3s source=NTSB_ASRS:avall
[37260/56202] ok=35537 retried=736 last_latency=19.7s source=NTSB_ASRS:avall
[37270/56202] ok=35547 retried=736 last_latency=17.4s source=NTSB_ASRS:avall
[37280/56202] ok=35557 retried=736 last_latency=10.0s source=NTSB_ASRS:avall
[37290/56202] ok=35566 retried=736 last_latency=11.1s source=NTSB_ASRS:avall
[37300/56202] ok=35576 retried=736 last_latency=11.1s source=NTSB_ASRS:avall
[37310/56202] ok=35586 retried=737 last_latency=13.6s source=NTSB_ASRS:avall
[37320/56202] ok=35596 retried=738 last_latency=16.0s source=NTSB_ASRS:avall
[37330/56202] ok=35606 retried=738 last_latency=16.8s source=NTSB_ASRS:avall
[37340/56202] ok=35615 retried=738 last_latency=8.1s source=NTSB_ASRS:avall
[37350/56202] ok=35625 retried=738 last_latency=10.0s source=NTSB_ASRS:avall
[37360/56202] ok=35635 retried=738 last_latency=18.6s source=NTSB_ASRS:avall
[37370/56202] ok=35645 retried=738 last_latency=18.1s source=NTSB_ASRS:avall
[37380/56202] ok=35655 retried=738 last_latency=12.5s source=NTSB_ASRS:avall
[37390/56202] ok=35665 retried=738 last_latency=19.4s source=NTSB_ASRS:avall
[37400/56202] ok=35674 retried=739 last_latency=15.3s source=NTSB_ASRS:avall
=== Sun Jul  5 12:00:17 PM CDT 2026 Phase 3 RESTART (sanitize patch, replica :8001) ===
guided_json: enforcing schema schema_v4.json
resume: skipping 35681 already-done records
loaded 20521 records to extract
supervision=grounded: structured data joined for 20521/20521 records (others run narrative-only)
[10/20521] ok=10 retried=2 last_latency=28.0s source=NTSB_ASRS:Pre2008
[20/20521] ok=19 retried=7 last_latency=27.5s source=NTSB_ASRS:Pre2008
[30/20521] ok=29 retried=13 last_latency=28.5s source=NTSB_ASRS:Pre2008
[40/20521] ok=38 retried=17 last_latency=36.1s source=NTSB_ASRS:Pre2008
[50/20521] ok=48 retried=25 last_latency=43.8s source=NTSB_ASRS:Pre2008
[60/20521] ok=57 retried=32 last_latency=36.9s source=NTSB_ASRS:Pre2008
[70/20521] ok=67 retried=35 last_latency=11.5s source=NTSB_ASRS:Pre2008
[80/20521] ok=75 retried=39 last_latency=16.4s source=NTSB_ASRS:Pre2008
[90/20521] ok=85 retried=44 last_latency=25.1s source=NTSB_ASRS:Pre2008
[100/20521] ok=94 retried=52 last_latency=22.4s source=NTSB_ASRS:Pre2008
[110/20521] ok=104 retried=59 last_latency=31.4s source=NTSB_ASRS:Pre2008
[120/20521] ok=113 retried=66 last_latency=26.1s source=NTSB_ASRS:Pre2008
[130/20521] ok=123 retried=73 last_latency=18.4s source=NTSB_ASRS:Pre2008
[140/20521] ok=133 retried=79 last_latency=19.5s source=NTSB_ASRS:Pre2008
[150/20521] ok=142 retried=84 last_latency=25.8s source=NTSB_ASRS:Pre2008
[160/20521] ok=152 retried=90 last_latency=28.7s source=NTSB_ASRS:Pre2008
[170/20521] ok=162 retried=97 last_latency=11.7s source=NTSB_ASRS:Pre2008
[180/20521] ok=172 retried=103 last_latency=15.0s source=NTSB_ASRS:Pre2008
[190/20521] ok=182 retried=113 last_latency=40.0s source=NTSB_ASRS:Pre2008
[200/20521] ok=191 retried=115 last_latency=16.7s source=NTSB_ASRS:Pre2008
[210/20521] ok=201 retried=120 last_latency=52.9s source=NTSB_ASRS:Pre2008
[220/20521] ok=211 retried=125 last_latency=24.0s source=NTSB_ASRS:Pre2008
[230/20521] ok=220 retried=128 last_latency=16.5s source=NTSB_ASRS:Pre2008
[240/20521] ok=230 retried=133 last_latency=16.1s source=NTSB_ASRS:Pre2008
[250/20521] ok=240 retried=140 last_latency=41.7s source=NTSB_ASRS:Pre2008
[260/20521] ok=250 retried=146 last_latency=43.3s source=NTSB_ASRS:Pre2008
[270/20521] ok=259 retried=154 last_latency=39.8s source=NTSB_ASRS:Pre2008
[280/20521] ok=269 retried=158 last_latency=31.6s source=NTSB_ASRS:Pre2008
[290/20521] ok=277 retried=163 last_latency=17.8s source=NTSB_ASRS:Pre2008
[300/20521] ok=287 retried=170 last_latency=24.5s source=NTSB_ASRS:Pre2008
[310/20521] ok=297 retried=176 last_latency=30.9s source=NTSB_ASRS:Pre2008
[320/20521] ok=307 retried=181 last_latency=19.4s source=NTSB_ASRS:Pre2008
[330/20521] ok=316 retried=187 last_latency=30.2s source=NTSB_ASRS:Pre2008
[340/20521] ok=326 retried=190 last_latency=18.9s source=NTSB_ASRS:Pre2008
[350/20521] ok=336 retried=196 last_latency=44.3s source=NTSB_ASRS:Pre2008
[360/20521] ok=346 retried=202 last_latency=13.4s source=NTSB_ASRS:Pre2008
[370/20521] ok=356 retried=209 last_latency=17.8s source=NTSB_ASRS:Pre2008
[380/20521] ok=366 retried=213 last_latency=18.6s source=NTSB_ASRS:Pre2008
[390/20521] ok=375 retried=220 last_latency=13.4s source=NTSB_ASRS:Pre2008
[400/20521] ok=385 retried=227 last_latency=27.3s source=NTSB_ASRS:Pre2008
[410/20521] ok=395 retried=236 last_latency=36.2s source=NTSB_ASRS:Pre2008
[420/20521] ok=404 retried=242 last_latency=23.5s source=NTSB_ASRS:Pre2008
[430/20521] ok=413 retried=245 last_latency=38.1s source=NTSB_ASRS:Pre2008
[440/20521] ok=422 retried=251 last_latency=37.4s source=NTSB_ASRS:Pre2008
[450/20521] ok=432 retried=256 last_latency=27.7s source=NTSB_ASRS:Pre2008
[460/20521] ok=442 retried=260 last_latency=18.6s source=NTSB_ASRS:Pre2008
[470/20521] ok=451 retried=267 last_latency=56.2s source=NTSB_ASRS:Pre2008
[480/20521] ok=461 retried=275 last_latency=18.4s source=NTSB_ASRS:Pre2008
[490/20521] ok=471 retried=282 last_latency=31.0s source=NTSB_ASRS:Pre2008
[500/20521] ok=479 retried=284 last_latency=38.3s source=NTSB_ASRS:Pre2008
[510/20521] ok=489 retried=289 last_latency=11.8s source=NTSB_ASRS:Pre2008
[520/20521] ok=499 retried=293 last_latency=13.6s source=NTSB_ASRS:Pre2008
[530/20521] ok=509 retried=298 last_latency=25.2s source=NTSB_ASRS:Pre2008
[540/20521] ok=518 retried=304 last_latency=20.4s source=NTSB_ASRS:Pre2008
[550/20521] ok=528 retried=310 last_latency=15.0s source=NTSB_ASRS:Pre2008
[560/20521] ok=538 retried=319 last_latency=38.5s source=NTSB_ASRS:Pre2008
[570/20521] ok=548 retried=322 last_latency=26.0s source=NTSB_ASRS:Pre2008
[580/20521] ok=558 retried=326 last_latency=24.7s source=NTSB_ASRS:Pre2008
[590/20521] ok=567 retried=332 last_latency=32.2s source=NTSB_ASRS:Pre2008
[600/20521] ok=576 retried=334 last_latency=5.7s source=NTSB_ASRS:Pre2008
[610/20521] ok=586 retried=339 last_latency=23.1s source=NTSB_ASRS:Pre2008
[620/20521] ok=596 retried=345 last_latency=22.1s source=NTSB_ASRS:Pre2008
[630/20521] ok=606 retried=352 last_latency=10.0s source=NTSB_ASRS:Pre2008
[640/20521] ok=615 retried=359 last_latency=16.2s source=NTSB_ASRS:Pre2008
[650/20521] ok=625 retried=363 last_latency=16.4s source=NTSB_ASRS:Pre2008
[660/20521] ok=634 retried=369 last_latency=22.5s source=NTSB_ASRS:Pre2008
[670/20521] ok=644 retried=374 last_latency=13.4s source=NTSB_ASRS:Pre2008
[680/20521] ok=654 retried=380 last_latency=26.2s source=NTSB_ASRS:Pre2008
[690/20521] ok=663 retried=383 last_latency=29.0s source=NTSB_ASRS:Pre2008
[700/20521] ok=672 retried=387 last_latency=30.2s source=NTSB_ASRS:Pre2008
[710/20521] ok=682 retried=392 last_latency=34.2s source=NTSB_ASRS:Pre2008
[720/20521] ok=692 retried=398 last_latency=31.9s source=NTSB_ASRS:Pre2008
[730/20521] ok=701 retried=403 last_latency=12.3s source=NTSB_ASRS:Pre2008
[740/20521] ok=711 retried=408 last_latency=31.6s source=NTSB_ASRS:Pre2008
[750/20521] ok=721 retried=415 last_latency=41.9s source=NTSB_ASRS:Pre2008
[760/20521] ok=731 retried=422 last_latency=16.0s source=NTSB_ASRS:Pre2008
[770/20521] ok=741 retried=429 last_latency=48.2s source=NTSB_ASRS:Pre2008
[780/20521] ok=751 retried=436 last_latency=38.0s source=NTSB_ASRS:Pre2008
[790/20521] ok=761 retried=443 last_latency=29.0s source=NTSB_ASRS:Pre2008
[800/20521] ok=770 retried=448 last_latency=45.1s source=NTSB_ASRS:Pre2008
[810/20521] ok=778 retried=453 last_latency=28.8s source=NTSB_ASRS:Pre2008
[820/20521] ok=787 retried=458 last_latency=13.2s source=NTSB_ASRS:Pre2008
[830/20521] ok=796 retried=464 last_latency=25.9s source=NTSB_ASRS:Pre2008
[840/20521] ok=805 retried=469 last_latency=12.2s source=NTSB_ASRS:Pre2008
[850/20521] ok=815 retried=478 last_latency=18.0s source=NTSB_ASRS:Pre2008
[860/20521] ok=825 retried=482 last_latency=41.9s source=NTSB_ASRS:Pre2008
[870/20521] ok=834 retried=486 last_latency=11.4s source=NTSB_ASRS:Pre2008
[880/20521] ok=843 retried=489 last_latency=36.1s source=NTSB_ASRS:Pre2008
[890/20521] ok=852 retried=491 last_latency=16.6s source=NTSB_ASRS:Pre2008
[900/20521] ok=862 retried=499 last_latency=20.7s source=NTSB_ASRS:Pre2008
[910/20521] ok=872 retried=504 last_latency=13.0s source=NTSB_ASRS:Pre2008
[920/20521] ok=882 retried=511 last_latency=14.6s source=NTSB_ASRS:Pre2008
[930/20521] ok=892 retried=517 last_latency=17.9s source=NTSB_ASRS:Pre2008
[940/20521] ok=902 retried=521 last_latency=46.2s source=NTSB_ASRS:Pre2008
[950/20521] ok=912 retried=526 last_latency=43.4s source=NTSB_ASRS:Pre2008
[960/20521] ok=922 retried=533 last_latency=19.9s source=NTSB_ASRS:Pre2008
[970/20521] ok=931 retried=541 last_latency=15.9s source=NTSB_ASRS:Pre2008
[980/20521] ok=941 retried=546 last_latency=21.5s source=NTSB_ASRS:Pre2008
[990/20521] ok=950 retried=552 last_latency=45.4s source=NTSB_ASRS:Pre2008
[1000/20521] ok=960 retried=558 last_latency=13.7s source=NTSB_ASRS:Pre2008
[1010/20521] ok=969 retried=564 last_latency=38.3s source=NTSB_ASRS:Pre2008
[1020/20521] ok=979 retried=571 last_latency=30.2s source=NTSB_ASRS:Pre2008
[1030/20521] ok=988 retried=573 last_latency=12.7s source=NTSB_ASRS:Pre2008
[1040/20521] ok=998 retried=578 last_latency=14.5s source=NTSB_ASRS:Pre2008
[1050/20521] ok=1007 retried=584 last_latency=44.9s source=NTSB_ASRS:Pre2008
[1060/20521] ok=1017 retried=589 last_latency=23.2s source=NTSB_ASRS:Pre2008
[1070/20521] ok=1027 retried=591 last_latency=19.0s source=NTSB_ASRS:Pre2008
[1080/20521] ok=1036 retried=596 last_latency=31.8s source=NTSB_ASRS:Pre2008
[1090/20521] ok=1046 retried=601 last_latency=24.7s source=NTSB_ASRS:Pre2008
[1100/20521] ok=1055 retried=604 last_latency=39.4s source=NTSB_ASRS:Pre2008
[1110/20521] ok=1065 retried=610 last_latency=11.3s source=NTSB_ASRS:Pre2008
[1120/20521] ok=1075 retried=616 last_latency=26.1s source=NTSB_ASRS:Pre2008
=== Sun Jul  5 12:31:13 PM CDT 2026 Phase 3 FINAL LEG: both replicas, gates passed ===
guided_json: enforcing schema schema_v4.json
resume: skipping 36760 already-done records
loaded 19442 records to extract
supervision=grounded: structured data joined for 19442/19442 records (others run narrative-only)
[10/19442] ok=10 retried=0 last_latency=19.7s source=NTSB_ASRS:Pre2008
[20/19442] ok=19 retried=1 last_latency=13.7s source=NTSB_ASRS:Pre2008
[30/19442] ok=23 retried=5 last_latency=38.9s source=NTSB_ASRS:Pre2008
[40/19442] ok=30 retried=9 last_latency=14.5s source=NTSB_ASRS:Pre2008
[50/19442] ok=36 retried=13 last_latency=22.1s source=NTSB_ASRS:Pre2008
[60/19442] ok=43 retried=16 last_latency=15.0s source=NTSB_ASRS:Pre2008
[70/19442] ok=51 retried=20 last_latency=27.6s source=NTSB_ASRS:Pre2008
[80/19442] ok=59 retried=25 last_latency=35.5s source=NTSB_ASRS:Pre2008
[90/19442] ok=68 retried=28 last_latency=47.8s source=NTSB_ASRS:Pre2008
[100/19442] ok=78 retried=34 last_latency=15.8s source=NTSB_ASRS:Pre2008
[110/19442] ok=88 retried=41 last_latency=15.5s source=NTSB_ASRS:Pre2008
[120/19442] ok=98 retried=50 last_latency=31.2s source=NTSB_ASRS:Pre2008
[130/19442] ok=108 retried=57 last_latency=22.7s source=NTSB_ASRS:Pre2008
[140/19442] ok=117 retried=62 last_latency=38.9s source=NTSB_ASRS:Pre2008
[150/19442] ok=127 retried=68 last_latency=21.4s source=NTSB_ASRS:Pre2008
[160/19442] ok=137 retried=74 last_latency=15.8s source=NTSB_ASRS:avall
[170/19442] ok=145 retried=80 last_latency=29.6s source=NTSB_ASRS:Pre2008
[180/19442] ok=155 retried=87 last_latency=18.6s source=NTSB_ASRS:Pre2008
[190/19442] ok=165 retried=92 last_latency=19.3s source=NTSB_ASRS:Pre2008
[200/19442] ok=174 retried=97 last_latency=34.8s source=NTSB_ASRS:Pre2008
[210/19442] ok=184 retried=101 last_latency=26.9s source=NTSB_ASRS:Pre2008
[220/19442] ok=194 retried=106 last_latency=10.0s source=NTSB_ASRS:avall
[230/19442] ok=204 retried=112 last_latency=27.2s source=NTSB_ASRS:avall
[240/19442] ok=214 retried=116 last_latency=18.9s source=NTSB_ASRS:avall
[250/19442] ok=224 retried=122 last_latency=24.1s source=NTSB_ASRS:avall
[260/19442] ok=234 retried=125 last_latency=15.0s source=NTSB_ASRS:avall
[270/19442] ok=244 retried=129 last_latency=27.2s source=NTSB_ASRS:avall
[280/19442] ok=253 retried=132 last_latency=22.6s source=NTSB_ASRS:avall
[290/19442] ok=263 retried=137 last_latency=12.5s source=NTSB_ASRS:avall
[300/19442] ok=273 retried=141 last_latency=15.0s source=NTSB_ASRS:avall
[310/19442] ok=283 retried=146 last_latency=42.0s source=NTSB_ASRS:avall
[320/19442] ok=293 retried=152 last_latency=25.9s source=NTSB_ASRS:avall
[330/19442] ok=302 retried=157 last_latency=41.0s source=NTSB_ASRS:avall
[340/19442] ok=312 retried=163 last_latency=21.1s source=NTSB_ASRS:avall
[350/19442] ok=322 retried=168 last_latency=45.3s source=NTSB_ASRS:avall
[360/19442] ok=332 retried=172 last_latency=14.7s source=NTSB_ASRS:avall
[370/19442] ok=342 retried=180 last_latency=21.0s source=NTSB_ASRS:avall
[380/19442] ok=352 retried=186 last_latency=33.1s source=NTSB_ASRS:avall
[390/19442] ok=362 retried=191 last_latency=14.8s source=NTSB_ASRS:avall
[400/19442] ok=372 retried=196 last_latency=30.7s source=NTSB_ASRS:avall
[410/19442] ok=381 retried=197 last_latency=31.7s source=NTSB_ASRS:avall
[420/19442] ok=391 retried=200 last_latency=14.2s source=NTSB_ASRS:avall
[430/19442] ok=401 retried=207 last_latency=34.1s source=NTSB_ASRS:avall
[440/19442] ok=411 retried=211 last_latency=10.3s source=NTSB_ASRS:avall
[450/19442] ok=421 retried=216 last_latency=15.2s source=NTSB_ASRS:avall
[460/19442] ok=431 retried=222 last_latency=16.1s source=NTSB_ASRS:avall
[470/19442] ok=441 retried=230 last_latency=23.4s source=NTSB_ASRS:avall
[480/19442] ok=450 retried=234 last_latency=19.9s source=NTSB_ASRS:avall
[490/19442] ok=460 retried=240 last_latency=15.9s source=NTSB_ASRS:avall
[500/19442] ok=470 retried=244 last_latency=44.1s source=NTSB_ASRS:avall
[510/19442] ok=480 retried=252 last_latency=31.7s source=NTSB_ASRS:avall
[520/19442] ok=490 retried=258 last_latency=18.9s source=NTSB_ASRS:avall
[530/19442] ok=500 retried=262 last_latency=12.4s source=NTSB_ASRS:avall
[540/19442] ok=510 retried=264 last_latency=8.2s source=NTSB_ASRS:avall
[550/19442] ok=520 retried=266 last_latency=12.9s source=NTSB_ASRS:avall
[560/19442] ok=530 retried=271 last_latency=35.3s source=NTSB_ASRS:avall
[570/19442] ok=540 retried=274 last_latency=23.2s source=NTSB_ASRS:avall
[580/19442] ok=550 retried=278 last_latency=34.3s source=NTSB_ASRS:avall
[590/19442] ok=560 retried=283 last_latency=6.2s source=NTSB_ASRS:avall
[600/19442] ok=570 retried=287 last_latency=26.6s source=NTSB_ASRS:avall
[610/19442] ok=580 retried=288 last_latency=20.1s source=NTSB_ASRS:avall
[620/19442] ok=590 retried=292 last_latency=23.4s source=NTSB_ASRS:avall
[630/19442] ok=600 retried=295 last_latency=11.3s source=NTSB_ASRS:avall
[640/19442] ok=609 retried=297 last_latency=36.0s source=NTSB_ASRS:avall
[650/19442] ok=619 retried=300 last_latency=12.0s source=NTSB_ASRS:avall
[660/19442] ok=629 retried=304 last_latency=12.2s source=NTSB_ASRS:avall
[670/19442] ok=639 retried=306 last_latency=11.9s source=NTSB_ASRS:avall
[680/19442] ok=649 retried=307 last_latency=13.4s source=NTSB_ASRS:avall
[690/19442] ok=659 retried=308 last_latency=16.1s source=NTSB_ASRS:avall
[700/19442] ok=668 retried=310 last_latency=19.8s source=NTSB_ASRS:avall
[710/19442] ok=678 retried=310 last_latency=21.7s source=NTSB_ASRS:avall
[720/19442] ok=688 retried=313 last_latency=10.7s source=NTSB_ASRS:avall
[730/19442] ok=698 retried=314 last_latency=14.2s source=NTSB_ASRS:avall
[740/19442] ok=708 retried=316 last_latency=16.4s source=NTSB_ASRS:avall
[750/19442] ok=718 retried=316 last_latency=10.8s source=NTSB_ASRS:avall
[760/19442] ok=728 retried=317 last_latency=5.3s source=NTSB_ASRS:avall
[770/19442] ok=738 retried=318 last_latency=15.7s source=NTSB_ASRS:avall
[780/19442] ok=748 retried=318 last_latency=22.2s source=NTSB_ASRS:avall
[790/19442] ok=758 retried=320 last_latency=13.1s source=NTSB_ASRS:avall
[800/19442] ok=768 retried=320 last_latency=15.9s source=NTSB_ASRS:avall
[810/19442] ok=778 retried=321 last_latency=20.3s source=NTSB_ASRS:avall
[820/19442] ok=788 retried=323 last_latency=19.1s source=NTSB_ASRS:avall
[830/19442] ok=798 retried=323 last_latency=19.0s source=NTSB_ASRS:avall
[840/19442] ok=808 retried=323 last_latency=11.3s source=NTSB_ASRS:avall
[850/19442] ok=818 retried=324 last_latency=10.9s source=NTSB_ASRS:avall
[860/19442] ok=828 retried=327 last_latency=17.3s source=NTSB_ASRS:avall
[870/19442] ok=837 retried=327 last_latency=14.0s source=NTSB_ASRS:avall
[880/19442] ok=847 retried=327 last_latency=9.2s source=NTSB_ASRS:avall
[890/19442] ok=857 retried=327 last_latency=8.2s source=NTSB_ASRS:avall
[900/19442] ok=867 retried=327 last_latency=10.2s source=NTSB_ASRS:avall
[910/19442] ok=877 retried=327 last_latency=6.3s source=NTSB_ASRS:avall
[920/19442] ok=887 retried=327 last_latency=17.1s source=NTSB_ASRS:avall
[930/19442] ok=897 retried=327 last_latency=13.5s source=NTSB_ASRS:avall
[940/19442] ok=907 retried=327 last_latency=14.4s source=NTSB_ASRS:avall
[950/19442] ok=917 retried=328 last_latency=12.8s source=NTSB_ASRS:avall
[960/19442] ok=927 retried=329 last_latency=17.1s source=NTSB_ASRS:avall
[970/19442] ok=937 retried=329 last_latency=18.5s source=NTSB_ASRS:avall
[980/19442] ok=947 retried=329 last_latency=16.4s source=NTSB_ASRS:avall
[990/19442] ok=957 retried=330 last_latency=11.2s source=NTSB_ASRS:avall
[1000/19442] ok=966 retried=330 last_latency=9.9s source=NTSB_ASRS:avall
[1010/19442] ok=976 retried=330 last_latency=20.5s source=NTSB_ASRS:avall
[1020/19442] ok=986 retried=330 last_latency=11.9s source=NTSB_ASRS:avall
[1030/19442] ok=996 retried=330 last_latency=13.2s source=NTSB_ASRS:avall
[1040/19442] ok=1006 retried=331 last_latency=9.8s source=NTSB_ASRS:avall
[1050/19442] ok=1016 retried=333 last_latency=18.7s source=NTSB_ASRS:avall
[1060/19442] ok=1026 retried=333 last_latency=17.3s source=NTSB_ASRS:avall
[1070/19442] ok=1036 retried=334 last_latency=13.9s source=NTSB_ASRS:avall
[1080/19442] ok=1046 retried=334 last_latency=16.2s source=NTSB_ASRS:avall
[1090/19442] ok=1056 retried=334 last_latency=9.8s source=NTSB_ASRS:avall
[1100/19442] ok=1066 retried=336 last_latency=18.3s source=NTSB_ASRS:avall
[1110/19442] ok=1076 retried=336 last_latency=20.1s source=NTSB_ASRS:avall
[1120/19442] ok=1086 retried=337 last_latency=19.7s source=NTSB_ASRS:avall
[1130/19442] ok=1096 retried=337 last_latency=9.3s source=NTSB_ASRS:avall
[1140/19442] ok=1106 retried=337 last_latency=16.6s source=NTSB_ASRS:avall
[1150/19442] ok=1116 retried=337 last_latency=12.5s source=NTSB_ASRS:avall
[1160/19442] ok=1126 retried=339 last_latency=15.6s source=NTSB_ASRS:avall
[1170/19442] ok=1136 retried=340 last_latency=16.1s source=NTSB_ASRS:avall
[1180/19442] ok=1146 retried=342 last_latency=14.6s source=NTSB_ASRS:avall
[1190/19442] ok=1156 retried=342 last_latency=15.1s source=NTSB_ASRS:avall
[1200/19442] ok=1165 retried=343 last_latency=40.6s source=NTSB_ASRS:avall
[1210/19442] ok=1175 retried=344 last_latency=11.2s source=NTSB_ASRS:avall
[1220/19442] ok=1185 retried=344 last_latency=15.6s source=NTSB_ASRS:avall
[1230/19442] ok=1195 retried=345 last_latency=14.0s source=NTSB_ASRS:avall
[1240/19442] ok=1205 retried=347 last_latency=64.0s source=NTSB_ASRS:avall
[1250/19442] ok=1215 retried=347 last_latency=16.5s source=NTSB_ASRS:avall
[1260/19442] ok=1225 retried=347 last_latency=11.4s source=NTSB_ASRS:avall
[1270/19442] ok=1235 retried=351 last_latency=16.8s source=NTSB_ASRS:avall
[1280/19442] ok=1245 retried=352 last_latency=24.0s source=NTSB_ASRS:avall
[1290/19442] ok=1255 retried=353 last_latency=8.1s source=NTSB_ASRS:avall
[1300/19442] ok=1265 retried=353 last_latency=11.0s source=NTSB_ASRS:avall
[1310/19442] ok=1275 retried=353 last_latency=16.7s source=NTSB_ASRS:avall
[1320/19442] ok=1285 retried=353 last_latency=16.8s source=NTSB_ASRS:avall
[1330/19442] ok=1295 retried=354 last_latency=21.5s source=NTSB_ASRS:avall
[1340/19442] ok=1305 retried=354 last_latency=19.3s source=NTSB_ASRS:avall
[1350/19442] ok=1315 retried=355 last_latency=14.3s source=NTSB_ASRS:avall
[1360/19442] ok=1325 retried=356 last_latency=21.6s source=NTSB_ASRS:avall
[1370/19442] ok=1335 retried=357 last_latency=19.9s source=NTSB_ASRS:avall
[1380/19442] ok=1345 retried=358 last_latency=14.0s source=NTSB_ASRS:avall
[1390/19442] ok=1355 retried=358 last_latency=12.7s source=NTSB_ASRS:avall
[1400/19442] ok=1365 retried=359 last_latency=14.6s source=NTSB_ASRS:avall
[1410/19442] ok=1375 retried=359 last_latency=13.6s source=NTSB_ASRS:avall
[1420/19442] ok=1385 retried=359 last_latency=21.7s source=NTSB_ASRS:avall
[1430/19442] ok=1395 retried=359 last_latency=13.0s source=NTSB_ASRS:avall
[1440/19442] ok=1405 retried=359 last_latency=15.0s source=NTSB_ASRS:avall
[1450/19442] ok=1415 retried=359 last_latency=11.1s source=NTSB_ASRS:avall
[1460/19442] ok=1425 retried=360 last_latency=19.4s source=NTSB_ASRS:avall
[1470/19442] ok=1435 retried=360 last_latency=19.2s source=NTSB_ASRS:avall
[1480/19442] ok=1445 retried=360 last_latency=11.2s source=NTSB_ASRS:avall
[1490/19442] ok=1455 retried=360 last_latency=8.8s source=NTSB_ASRS:avall
[1500/19442] ok=1465 retried=362 last_latency=13.0s source=NTSB_ASRS:avall
[1510/19442] ok=1475 retried=364 last_latency=8.7s source=NTSB_ASRS:avall
[1520/19442] ok=1485 retried=364 last_latency=17.5s source=NTSB_ASRS:avall
[1530/19442] ok=1494 retried=364 last_latency=8.6s source=NTSB_ASRS:avall
[1540/19442] ok=1504 retried=364 last_latency=14.0s source=NTSB_ASRS:avall
[1550/19442] ok=1514 retried=364 last_latency=14.6s source=NTSB_ASRS:avall
[1560/19442] ok=1524 retried=364 last_latency=17.1s source=NTSB_ASRS:avall
[1570/19442] ok=1534 retried=364 last_latency=19.2s source=NTSB_ASRS:avall
[1580/19442] ok=1544 retried=366 last_latency=10.7s source=NTSB_ASRS:avall
[1590/19442] ok=1554 retried=366 last_latency=16.9s source=NTSB_ASRS:avall
[1600/19442] ok=1564 retried=368 last_latency=18.1s source=NTSB_ASRS:avall
[1610/19442] ok=1574 retried=369 last_latency=11.5s source=NTSB_ASRS:avall
[1620/19442] ok=1583 retried=369 last_latency=12.7s source=NTSB_ASRS:avall
[1630/19442] ok=1593 retried=369 last_latency=12.6s source=NTSB_ASRS:avall
[1640/19442] ok=1603 retried=370 last_latency=14.4s source=NTSB_ASRS:avall
[1650/19442] ok=1613 retried=371 last_latency=14.3s source=NTSB_ASRS:avall
[1660/19442] ok=1623 retried=372 last_latency=18.9s source=NTSB_ASRS:avall
[1670/19442] ok=1633 retried=372 last_latency=12.3s source=NTSB_ASRS:avall
[1680/19442] ok=1643 retried=373 last_latency=15.7s source=NTSB_ASRS:avall
[1690/19442] ok=1653 retried=374 last_latency=15.7s source=NTSB_ASRS:avall
[1700/19442] ok=1663 retried=375 last_latency=0.4s source=NTSB_ASRS:avall
[1710/19442] ok=1673 retried=375 last_latency=16.0s source=NTSB_ASRS:avall
[1720/19442] ok=1683 retried=376 last_latency=35.2s source=NTSB_ASRS:avall
[1730/19442] ok=1693 retried=376 last_latency=8.0s source=NTSB_ASRS:avall
[1740/19442] ok=1703 retried=376 last_latency=8.8s source=NTSB_ASRS:avall
[1750/19442] ok=1713 retried=377 last_latency=15.6s source=NTSB_ASRS:avall
[1760/19442] ok=1723 retried=377 last_latency=18.1s source=NTSB_ASRS:avall
[1770/19442] ok=1733 retried=377 last_latency=16.8s source=NTSB_ASRS:avall
[1780/19442] ok=1743 retried=378 last_latency=13.1s source=NTSB_ASRS:avall
[1790/19442] ok=1753 retried=378 last_latency=18.0s source=NTSB_ASRS:avall
[1800/19442] ok=1763 retried=378 last_latency=11.7s source=NTSB_ASRS:avall
[1810/19442] ok=1773 retried=379 last_latency=17.8s source=NTSB_ASRS:avall
[1820/19442] ok=1783 retried=381 last_latency=19.3s source=NTSB_ASRS:avall
[1830/19442] ok=1793 retried=381 last_latency=9.1s source=NTSB_ASRS:avall
[1840/19442] ok=1803 retried=381 last_latency=19.5s source=NTSB_ASRS:avall
[1850/19442] ok=1813 retried=381 last_latency=12.9s source=NTSB_ASRS:avall
[1860/19442] ok=1823 retried=381 last_latency=8.1s source=NTSB_ASRS:avall
[1870/19442] ok=1833 retried=382 last_latency=51.7s source=NTSB_ASRS:avall
[1880/19442] ok=1843 retried=382 last_latency=11.8s source=NTSB_ASRS:avall
[1890/19442] ok=1853 retried=384 last_latency=11.3s source=NTSB_ASRS:avall
[1900/19442] ok=1863 retried=384 last_latency=20.7s source=NTSB_ASRS:avall
[1910/19442] ok=1873 retried=384 last_latency=19.0s source=NTSB_ASRS:avall
[1920/19442] ok=1883 retried=384 last_latency=7.2s source=NTSB_ASRS:avall
[1930/19442] ok=1893 retried=384 last_latency=13.7s source=NTSB_ASRS:avall
[1940/19442] ok=1903 retried=384 last_latency=18.3s source=NTSB_ASRS:avall
[1950/19442] ok=1913 retried=384 last_latency=9.0s source=NTSB_ASRS:avall
[1960/19442] ok=1923 retried=384 last_latency=11.0s source=NTSB_ASRS:avall
[1970/19442] ok=1933 retried=384 last_latency=19.4s source=NTSB_ASRS:avall
[1980/19442] ok=1943 retried=384 last_latency=15.8s source=NTSB_ASRS:avall
[1990/19442] ok=1953 retried=384 last_latency=13.9s source=NTSB_ASRS:avall
[2000/19442] ok=1962 retried=384 last_latency=11.7s source=NTSB_ASRS:avall
[2010/19442] ok=1972 retried=384 last_latency=12.3s source=NTSB_ASRS:avall
[2020/19442] ok=1982 retried=387 last_latency=18.5s source=NTSB_ASRS:avall
[2030/19442] ok=1992 retried=387 last_latency=12.5s source=NTSB_ASRS:avall
[2040/19442] ok=2002 retried=387 last_latency=13.8s source=NTSB_ASRS:avall
[2050/19442] ok=2012 retried=387 last_latency=17.5s source=NTSB_ASRS:avall
[2060/19442] ok=2022 retried=387 last_latency=18.9s source=NTSB_ASRS:avall
[2070/19442] ok=2032 retried=388 last_latency=11.0s source=NTSB_ASRS:avall
[2080/19442] ok=2042 retried=389 last_latency=14.7s source=NTSB_ASRS:avall
[2090/19442] ok=2052 retried=389 last_latency=14.5s source=NTSB_ASRS:avall
[2100/19442] ok=2062 retried=391 last_latency=16.7s source=NTSB_ASRS:avall
[2110/19442] ok=2072 retried=391 last_latency=17.5s source=NTSB_ASRS:avall
[2120/19442] ok=2081 retried=393 last_latency=22.9s source=NTSB_ASRS:avall
[2130/19442] ok=2091 retried=394 last_latency=10.0s source=NTSB_ASRS:avall
[2140/19442] ok=2101 retried=394 last_latency=8.9s source=NTSB_ASRS:avall
[2150/19442] ok=2111 retried=396 last_latency=17.9s source=NTSB_ASRS:avall
[2160/19442] ok=2121 retried=397 last_latency=46.8s source=NTSB_ASRS:avall
[2170/19442] ok=2131 retried=397 last_latency=19.6s source=NTSB_ASRS:avall
[2180/19442] ok=2141 retried=397 last_latency=15.1s source=NTSB_ASRS:avall
[2190/19442] ok=2151 retried=397 last_latency=12.9s source=NTSB_ASRS:avall
[2200/19442] ok=2161 retried=397 last_latency=19.5s source=NTSB_ASRS:avall
[2210/19442] ok=2171 retried=398 last_latency=10.7s source=NTSB_ASRS:avall
[2220/19442] ok=2181 retried=400 last_latency=17.7s source=NTSB_ASRS:avall
[2230/19442] ok=2191 retried=400 last_latency=18.4s source=NTSB_ASRS:avall
[2240/19442] ok=2201 retried=400 last_latency=12.7s source=NTSB_ASRS:avall
[2250/19442] ok=2211 retried=400 last_latency=5.6s source=NTSB_ASRS:avall
[2260/19442] ok=2220 retried=400 last_latency=18.5s source=NTSB_ASRS:avall
[2270/19442] ok=2230 retried=400 last_latency=7.8s source=NTSB_ASRS:avall
[2280/19442] ok=2240 retried=402 last_latency=26.4s source=NTSB_ASRS:avall
[2290/19442] ok=2250 retried=402 last_latency=25.3s source=NTSB_ASRS:avall
[2300/19442] ok=2260 retried=402 last_latency=13.5s source=NTSB_ASRS:avall
[2310/19442] ok=2270 retried=403 last_latency=18.4s source=NTSB_ASRS:avall
[2320/19442] ok=2280 retried=403 last_latency=19.4s source=NTSB_ASRS:avall
[2330/19442] ok=2290 retried=405 last_latency=10.3s source=NTSB_ASRS:avall
[2340/19442] ok=2300 retried=406 last_latency=24.4s source=NTSB_ASRS:avall
[2350/19442] ok=2310 retried=407 last_latency=17.7s source=NTSB_ASRS:avall
[2360/19442] ok=2320 retried=408 last_latency=16.5s source=NTSB_ASRS:avall
[2370/19442] ok=2330 retried=408 last_latency=11.6s source=NTSB_ASRS:avall
[2380/19442] ok=2340 retried=409 last_latency=14.2s source=NTSB_ASRS:avall
[2390/19442] ok=2350 retried=410 last_latency=16.2s source=NTSB_ASRS:avall
[2400/19442] ok=2360 retried=411 last_latency=13.5s source=NTSB_ASRS:avall
[2410/19442] ok=2370 retried=412 last_latency=14.4s source=NTSB_ASRS:avall
[2420/19442] ok=2380 retried=414 last_latency=17.0s source=NTSB_ASRS:avall
[2430/19442] ok=2390 retried=416 last_latency=17.2s source=NTSB_ASRS:avall
[2440/19442] ok=2400 retried=416 last_latency=12.1s source=NTSB_ASRS:avall
[2450/19442] ok=2410 retried=417 last_latency=30.6s source=NTSB_ASRS:avall
[2460/19442] ok=2420 retried=417 last_latency=13.0s source=NTSB_ASRS:avall
[2470/19442] ok=2430 retried=417 last_latency=14.6s source=NTSB_ASRS:avall
[2480/19442] ok=2439 retried=417 last_latency=12.8s source=NTSB_ASRS:avall
[2490/19442] ok=2449 retried=418 last_latency=12.0s source=NTSB_ASRS:avall
[2500/19442] ok=2459 retried=418 last_latency=15.4s source=NTSB_ASRS:avall
[2510/19442] ok=2469 retried=418 last_latency=10.8s source=NTSB_ASRS:avall
[2520/19442] ok=2479 retried=419 last_latency=16.2s source=NTSB_ASRS:avall
[2530/19442] ok=2489 retried=419 last_latency=11.6s source=NTSB_ASRS:avall
[2540/19442] ok=2499 retried=420 last_latency=10.3s source=NTSB_ASRS:avall
[2550/19442] ok=2509 retried=422 last_latency=14.5s source=NTSB_ASRS:avall
[2560/19442] ok=2519 retried=424 last_latency=18.7s source=NTSB_ASRS:avall
[2570/19442] ok=2529 retried=425 last_latency=16.8s source=NTSB_ASRS:avall
[2580/19442] ok=2539 retried=427 last_latency=13.7s source=NTSB_ASRS:avall
[2590/19442] ok=2549 retried=427 last_latency=20.6s source=NTSB_ASRS:avall
[2600/19442] ok=2559 retried=427 last_latency=13.9s source=NTSB_ASRS:avall
[2610/19442] ok=2569 retried=428 last_latency=17.4s source=NTSB_ASRS:avall
[2620/19442] ok=2579 retried=428 last_latency=10.6s source=NTSB_ASRS:avall
[2630/19442] ok=2589 retried=429 last_latency=11.7s source=NTSB_ASRS:avall
[2640/19442] ok=2599 retried=430 last_latency=37.3s source=NTSB_ASRS:avall
[2650/19442] ok=2609 retried=430 last_latency=11.7s source=NTSB_ASRS:avall
[2660/19442] ok=2619 retried=430 last_latency=12.6s source=NTSB_ASRS:avall
[2670/19442] ok=2629 retried=430 last_latency=12.8s source=NTSB_ASRS:avall
[2680/19442] ok=2639 retried=431 last_latency=20.3s source=NTSB_ASRS:avall
[2690/19442] ok=2649 retried=433 last_latency=21.0s source=NTSB_ASRS:avall
[2700/19442] ok=2659 retried=434 last_latency=20.4s source=NTSB_ASRS:avall
[2710/19442] ok=2669 retried=435 last_latency=41.6s source=NTSB_ASRS:avall
[2720/19442] ok=2679 retried=435 last_latency=18.0s source=NTSB_ASRS:avall
[2730/19442] ok=2689 retried=436 last_latency=14.0s source=NTSB_ASRS:avall
[2740/19442] ok=2699 retried=437 last_latency=15.8s source=NTSB_ASRS:avall
[2750/19442] ok=2709 retried=437 last_latency=17.0s source=NTSB_ASRS:avall
[2760/19442] ok=2719 retried=437 last_latency=14.9s source=NTSB_ASRS:avall
[2770/19442] ok=2729 retried=437 last_latency=8.5s source=NTSB_ASRS:avall
[2780/19442] ok=2739 retried=439 last_latency=28.7s source=NTSB_ASRS:avall
[2790/19442] ok=2749 retried=440 last_latency=20.3s source=NTSB_ASRS:avall
[2800/19442] ok=2759 retried=440 last_latency=12.9s source=NTSB_ASRS:avall
[2810/19442] ok=2769 retried=441 last_latency=30.3s source=NTSB_ASRS:avall
[2820/19442] ok=2779 retried=441 last_latency=9.0s source=NTSB_ASRS:avall
[2830/19442] ok=2789 retried=441 last_latency=18.1s source=NTSB_ASRS:avall
[2840/19442] ok=2799 retried=441 last_latency=7.7s source=NTSB_ASRS:avall
[2850/19442] ok=2809 retried=441 last_latency=15.1s source=NTSB_ASRS:avall
[2860/19442] ok=2819 retried=442 last_latency=18.5s source=NTSB_ASRS:avall
[2870/19442] ok=2829 retried=442 last_latency=22.5s source=NTSB_ASRS:avall
[2880/19442] ok=2839 retried=443 last_latency=15.2s source=NTSB_ASRS:avall
[2890/19442] ok=2849 retried=443 last_latency=14.1s source=NTSB_ASRS:avall
[2900/19442] ok=2859 retried=443 last_latency=13.5s source=NTSB_ASRS:avall
[2910/19442] ok=2869 retried=443 last_latency=19.7s source=NTSB_ASRS:avall
[2920/19442] ok=2879 retried=444 last_latency=8.4s source=NTSB_ASRS:avall
[2930/19442] ok=2889 retried=444 last_latency=22.5s source=NTSB_ASRS:avall
[2940/19442] ok=2899 retried=444 last_latency=10.4s source=NTSB_ASRS:avall
[2950/19442] ok=2909 retried=445 last_latency=15.4s source=NTSB_ASRS:avall
[2960/19442] ok=2919 retried=445 last_latency=26.0s source=NTSB_ASRS:avall
[2970/19442] ok=2929 retried=445 last_latency=22.3s source=NTSB_ASRS:avall
[2980/19442] ok=2939 retried=446 last_latency=13.1s source=NTSB_ASRS:avall
[2990/19442] ok=2949 retried=446 last_latency=21.2s source=NTSB_ASRS:avall
[3000/19442] ok=2959 retried=446 last_latency=11.0s source=NTSB_ASRS:avall
[3010/19442] ok=2969 retried=447 last_latency=29.5s source=NTSB_ASRS:avall
[3020/19442] ok=2979 retried=447 last_latency=17.9s source=NTSB_ASRS:avall
[3030/19442] ok=2989 retried=448 last_latency=12.2s source=NTSB_ASRS:avall
[3040/19442] ok=2999 retried=449 last_latency=17.0s source=NTSB_ASRS:avall
[3050/19442] ok=3009 retried=449 last_latency=16.3s source=NTSB_ASRS:avall
[3060/19442] ok=3019 retried=449 last_latency=18.4s source=NTSB_ASRS:avall
[3070/19442] ok=3029 retried=450 last_latency=22.9s source=NTSB_ASRS:avall
[3080/19442] ok=3039 retried=451 last_latency=23.3s source=NTSB_ASRS:avall
[3090/19442] ok=3049 retried=451 last_latency=17.5s source=NTSB_ASRS:avall
[3100/19442] ok=3059 retried=454 last_latency=11.1s source=NTSB_ASRS:avall
[3110/19442] ok=3069 retried=454 last_latency=11.7s source=NTSB_ASRS:avall
[3120/19442] ok=3079 retried=454 last_latency=11.1s source=NTSB_ASRS:avall
[3130/19442] ok=3089 retried=455 last_latency=16.3s source=NTSB_ASRS:avall
[3140/19442] ok=3099 retried=457 last_latency=13.5s source=NTSB_ASRS:avall
[3150/19442] ok=3109 retried=458 last_latency=17.0s source=NTSB_ASRS:avall
[3160/19442] ok=3119 retried=458 last_latency=14.3s source=NTSB_ASRS:avall
[3170/19442] ok=3129 retried=458 last_latency=14.8s source=NTSB_ASRS:avall
[3180/19442] ok=3139 retried=460 last_latency=13.2s source=NTSB_ASRS:avall
[3190/19442] ok=3149 retried=460 last_latency=16.0s source=NTSB_ASRS:avall
[3200/19442] ok=3159 retried=460 last_latency=10.0s source=NTSB_ASRS:avall
[3210/19442] ok=3169 retried=461 last_latency=14.8s source=NTSB_ASRS:avall
[3220/19442] ok=3179 retried=461 last_latency=12.5s source=NTSB_ASRS:avall
[3230/19442] ok=3189 retried=461 last_latency=19.2s source=NTSB_ASRS:avall
[3240/19442] ok=3199 retried=461 last_latency=25.8s source=NTSB_ASRS:avall
[3250/19442] ok=3209 retried=461 last_latency=19.0s source=NTSB_ASRS:avall
[3260/19442] ok=3219 retried=461 last_latency=14.2s source=NTSB_ASRS:avall
[3270/19442] ok=3229 retried=461 last_latency=15.1s source=NTSB_ASRS:avall
[3280/19442] ok=3239 retried=461 last_latency=19.8s source=NTSB_ASRS:avall
[3290/19442] ok=3249 retried=462 last_latency=21.7s source=NTSB_ASRS:avall
[3300/19442] ok=3259 retried=463 last_latency=17.7s source=NTSB_ASRS:avall
[3310/19442] ok=3269 retried=463 last_latency=17.8s source=NTSB_ASRS:avall
[3320/19442] ok=3279 retried=464 last_latency=12.2s source=NTSB_ASRS:avall
[3330/19442] ok=3288 retried=464 last_latency=19.5s source=NTSB_ASRS:avall
[3340/19442] ok=3298 retried=464 last_latency=20.3s source=NTSB_ASRS:avall
[3350/19442] ok=3308 retried=464 last_latency=10.8s source=NTSB_ASRS:avall
[3360/19442] ok=3318 retried=465 last_latency=11.9s source=NTSB_ASRS:avall
[3370/19442] ok=3328 retried=465 last_latency=14.9s source=NTSB_ASRS:avall
[3380/19442] ok=3338 retried=465 last_latency=8.2s source=NTSB_ASRS:avall
[3390/19442] ok=3348 retried=465 last_latency=15.6s source=NTSB_ASRS:avall
[3400/19442] ok=3358 retried=465 last_latency=14.3s source=NTSB_ASRS:avall
[3410/19442] ok=3368 retried=466 last_latency=12.3s source=NTSB_ASRS:avall
[3420/19442] ok=3378 retried=468 last_latency=11.9s source=NTSB_ASRS:avall
[3430/19442] ok=3388 retried=468 last_latency=11.1s source=NTSB_ASRS:avall
[3440/19442] ok=3398 retried=468 last_latency=18.3s source=NTSB_ASRS:avall
[3450/19442] ok=3408 retried=471 last_latency=12.7s source=NTSB_ASRS:avall
[3460/19442] ok=3418 retried=471 last_latency=10.2s source=NTSB_ASRS:avall
[3470/19442] ok=3428 retried=471 last_latency=7.6s source=NTSB_ASRS:avall
[3480/19442] ok=3438 retried=474 last_latency=14.4s source=NTSB_ASRS:avall
[3490/19442] ok=3448 retried=475 last_latency=11.3s source=NTSB_ASRS:avall
[3500/19442] ok=3458 retried=475 last_latency=8.3s source=NTSB_ASRS:avall
[3510/19442] ok=3468 retried=475 last_latency=21.3s source=NTSB_ASRS:avall
[3520/19442] ok=3478 retried=477 last_latency=29.8s source=NTSB_ASRS:avall
[3530/19442] ok=3488 retried=477 last_latency=21.6s source=NTSB_ASRS:avall
[3540/19442] ok=3498 retried=478 last_latency=30.6s source=NTSB_ASRS:avall
[3550/19442] ok=3508 retried=478 last_latency=17.8s source=NTSB_ASRS:avall
[3560/19442] ok=3518 retried=478 last_latency=8.4s source=NTSB_ASRS:avall
[3570/19442] ok=3528 retried=479 last_latency=15.5s source=NTSB_ASRS:avall
[3580/19442] ok=3538 retried=479 last_latency=11.4s source=NTSB_ASRS:avall
[3590/19442] ok=3548 retried=479 last_latency=16.1s source=NTSB_ASRS:avall
[3600/19442] ok=3558 retried=481 last_latency=34.7s source=NTSB_ASRS:avall
[3610/19442] ok=3568 retried=482 last_latency=53.7s source=NTSB_ASRS:avall
[3620/19442] ok=3578 retried=482 last_latency=15.5s source=NTSB_ASRS:avall
[3630/19442] ok=3588 retried=482 last_latency=12.5s source=NTSB_ASRS:avall
[3640/19442] ok=3598 retried=482 last_latency=11.1s source=NTSB_ASRS:avall
[3650/19442] ok=3608 retried=484 last_latency=21.4s source=NTSB_ASRS:avall
[3660/19442] ok=3618 retried=484 last_latency=22.5s source=NTSB_ASRS:avall
[3670/19442] ok=3628 retried=484 last_latency=11.4s source=NTSB_ASRS:avall
[3680/19442] ok=3638 retried=484 last_latency=15.7s source=NTSB_ASRS:avall
[3690/19442] ok=3648 retried=486 last_latency=17.6s source=NTSB_ASRS:avall
[3700/19442] ok=3658 retried=487 last_latency=15.5s source=NTSB_ASRS:avall
[3710/19442] ok=3668 retried=487 last_latency=14.3s source=NTSB_ASRS:avall
[3720/19442] ok=3678 retried=487 last_latency=18.9s source=NTSB_ASRS:avall
[3730/19442] ok=3688 retried=487 last_latency=10.9s source=NTSB_ASRS:avall
[3740/19442] ok=3698 retried=488 last_latency=15.2s source=NTSB_ASRS:avall
[3750/19442] ok=3708 retried=488 last_latency=8.7s source=NTSB_ASRS:avall
[3760/19442] ok=3718 retried=488 last_latency=16.4s source=NTSB_ASRS:avall
[3770/19442] ok=3728 retried=488 last_latency=13.1s source=NTSB_ASRS:avall
[3780/19442] ok=3738 retried=488 last_latency=13.9s source=NTSB_ASRS:avall
[3790/19442] ok=3748 retried=490 last_latency=22.6s source=NTSB_ASRS:avall
[3800/19442] ok=3758 retried=490 last_latency=22.2s source=NTSB_ASRS:avall
[3810/19442] ok=3768 retried=490 last_latency=27.2s source=NTSB_ASRS:avall
[3820/19442] ok=3778 retried=490 last_latency=25.1s source=NTSB_ASRS:avall
[3830/19442] ok=3788 retried=490 last_latency=9.3s source=NTSB_ASRS:avall
[3840/19442] ok=3798 retried=491 last_latency=9.9s source=NTSB_ASRS:avall
[3850/19442] ok=3808 retried=491 last_latency=15.3s source=NTSB_ASRS:avall
[3860/19442] ok=3818 retried=491 last_latency=12.1s source=NTSB_ASRS:avall
[3870/19442] ok=3828 retried=491 last_latency=14.5s source=NTSB_ASRS:avall
[3880/19442] ok=3838 retried=491 last_latency=19.5s source=NTSB_ASRS:avall
[3890/19442] ok=3848 retried=492 last_latency=19.9s source=NTSB_ASRS:avall
[3900/19442] ok=3858 retried=492 last_latency=8.9s source=NTSB_ASRS:avall
[3910/19442] ok=3868 retried=494 last_latency=17.3s source=NTSB_ASRS:avall
[3920/19442] ok=3878 retried=496 last_latency=18.8s source=NTSB_ASRS:avall
[3930/19442] ok=3888 retried=496 last_latency=16.5s source=NTSB_ASRS:avall
[3940/19442] ok=3898 retried=496 last_latency=15.0s source=NTSB_ASRS:avall
[3950/19442] ok=3908 retried=498 last_latency=11.0s source=NTSB_ASRS:avall
[3960/19442] ok=3918 retried=498 last_latency=17.6s source=NTSB_ASRS:avall
[3970/19442] ok=3927 retried=499 last_latency=10.3s source=NTSB_ASRS:avall
[3980/19442] ok=3937 retried=500 last_latency=11.1s source=NTSB_ASRS:avall
[3990/19442] ok=3947 retried=500 last_latency=11.2s source=NTSB_ASRS:avall
[4000/19442] ok=3957 retried=500 last_latency=14.4s source=NTSB_ASRS:avall
[4010/19442] ok=3967 retried=500 last_latency=14.0s source=NTSB_ASRS:avall
[4020/19442] ok=3977 retried=500 last_latency=23.3s source=NTSB_ASRS:avall
[4030/19442] ok=3987 retried=500 last_latency=14.6s source=NTSB_ASRS:avall
[4040/19442] ok=3997 retried=500 last_latency=16.7s source=NTSB_ASRS:avall
[4050/19442] ok=4007 retried=501 last_latency=19.8s source=NTSB_ASRS:avall
[4060/19442] ok=4017 retried=501 last_latency=18.7s source=NTSB_ASRS:avall
[4070/19442] ok=4027 retried=502 last_latency=11.6s source=NTSB_ASRS:avall
[4080/19442] ok=4037 retried=503 last_latency=17.0s source=NTSB_ASRS:avall
[4090/19442] ok=4047 retried=503 last_latency=10.6s source=NTSB_ASRS:avall
[4100/19442] ok=4057 retried=503 last_latency=21.6s source=NTSB_ASRS:avall
[4110/19442] ok=4067 retried=504 last_latency=14.8s source=NTSB_ASRS:avall
[4120/19442] ok=4077 retried=504 last_latency=19.8s source=NTSB_ASRS:avall
[4130/19442] ok=4087 retried=504 last_latency=11.8s source=NTSB_ASRS:avall
[4140/19442] ok=4097 retried=504 last_latency=18.8s source=NTSB_ASRS:avall
[4150/19442] ok=4107 retried=505 last_latency=14.2s source=NTSB_ASRS:avall
[4160/19442] ok=4117 retried=505 last_latency=25.4s source=NTSB_ASRS:avall
[4170/19442] ok=4127 retried=505 last_latency=17.0s source=NTSB_ASRS:avall
[4180/19442] ok=4137 retried=505 last_latency=10.1s source=NTSB_ASRS:avall
[4190/19442] ok=4147 retried=505 last_latency=8.4s source=NTSB_ASRS:avall
[4200/19442] ok=4157 retried=505 last_latency=10.2s source=NTSB_ASRS:avall
[4210/19442] ok=4167 retried=505 last_latency=15.9s source=NTSB_ASRS:avall
[4220/19442] ok=4177 retried=507 last_latency=11.3s source=NTSB_ASRS:avall
[4230/19442] ok=4187 retried=507 last_latency=18.8s source=NTSB_ASRS:avall
[4240/19442] ok=4197 retried=508 last_latency=11.5s source=NTSB_ASRS:avall
[4250/19442] ok=4207 retried=508 last_latency=13.9s source=NTSB_ASRS:avall
[4260/19442] ok=4217 retried=508 last_latency=16.9s source=NTSB_ASRS:avall
[4270/19442] ok=4227 retried=508 last_latency=15.9s source=NTSB_ASRS:avall
[4280/19442] ok=4237 retried=508 last_latency=20.4s source=NTSB_ASRS:avall
[4290/19442] ok=4246 retried=509 last_latency=13.3s source=NTSB_ASRS:avall
[4300/19442] ok=4256 retried=509 last_latency=13.1s source=NTSB_ASRS:avall
[4310/19442] ok=4266 retried=509 last_latency=18.5s source=NTSB_ASRS:avall
[4320/19442] ok=4276 retried=510 last_latency=13.3s source=NTSB_ASRS:avall
[4330/19442] ok=4286 retried=510 last_latency=22.4s source=NTSB_ASRS:avall
[4340/19442] ok=4296 retried=511 last_latency=19.2s source=NTSB_ASRS:avall
[4350/19442] ok=4306 retried=511 last_latency=12.9s source=NTSB_ASRS:avall
[4360/19442] ok=4316 retried=511 last_latency=14.3s source=NTSB_ASRS:avall
[4370/19442] ok=4326 retried=511 last_latency=21.1s source=NTSB_ASRS:avall
[4380/19442] ok=4336 retried=512 last_latency=19.3s source=NTSB_ASRS:avall
[4390/19442] ok=4346 retried=512 last_latency=9.4s source=NTSB_ASRS:avall
[4400/19442] ok=4356 retried=512 last_latency=14.5s source=NTSB_ASRS:avall
[4410/19442] ok=4366 retried=513 last_latency=14.7s source=NTSB_ASRS:avall
[4420/19442] ok=4376 retried=513 last_latency=19.5s source=NTSB_ASRS:avall
[4430/19442] ok=4386 retried=513 last_latency=14.2s source=NTSB_ASRS:avall
[4440/19442] ok=4396 retried=513 last_latency=7.8s source=NTSB_ASRS:avall
[4450/19442] ok=4406 retried=513 last_latency=15.0s source=NTSB_ASRS:avall
[4460/19442] ok=4416 retried=513 last_latency=18.7s source=NTSB_ASRS:avall
[4470/19442] ok=4426 retried=513 last_latency=13.5s source=NTSB_ASRS:avall
[4480/19442] ok=4436 retried=513 last_latency=17.4s source=NTSB_ASRS:avall
[4490/19442] ok=4446 retried=513 last_latency=9.2s source=NTSB_ASRS:avall
[4500/19442] ok=4456 retried=514 last_latency=19.1s source=NTSB_ASRS:avall
[4510/19442] ok=4466 retried=514 last_latency=15.3s source=NTSB_ASRS:avall
[4520/19442] ok=4476 retried=514 last_latency=12.9s source=NTSB_ASRS:avall
[4530/19442] ok=4486 retried=517 last_latency=20.9s source=NTSB_ASRS:avall
[4540/19442] ok=4496 retried=517 last_latency=22.8s source=NTSB_ASRS:avall
[4550/19442] ok=4506 retried=517 last_latency=14.3s source=NTSB_ASRS:avall
[4560/19442] ok=4516 retried=518 last_latency=14.2s source=NTSB_ASRS:avall
[4570/19442] ok=4526 retried=518 last_latency=21.3s source=NTSB_ASRS:avall
[4580/19442] ok=4536 retried=518 last_latency=15.1s source=NTSB_ASRS:avall
[4590/19442] ok=4546 retried=519 last_latency=7.8s source=NTSB_ASRS:avall
[4600/19442] ok=4556 retried=520 last_latency=36.3s source=NTSB_ASRS:avall
[4610/19442] ok=4566 retried=520 last_latency=11.5s source=NTSB_ASRS:avall
[4620/19442] ok=4576 retried=520 last_latency=18.6s source=NTSB_ASRS:avall
[4630/19442] ok=4586 retried=521 last_latency=9.9s source=NTSB_ASRS:avall
[4640/19442] ok=4596 retried=521 last_latency=12.6s source=NTSB_ASRS:avall
[4650/19442] ok=4606 retried=521 last_latency=21.7s source=NTSB_ASRS:avall
[4660/19442] ok=4616 retried=522 last_latency=29.8s source=NTSB_ASRS:avall
[4670/19442] ok=4626 retried=523 last_latency=15.1s source=NTSB_ASRS:avall
[4680/19442] ok=4636 retried=523 last_latency=16.9s source=NTSB_ASRS:avall
[4690/19442] ok=4646 retried=525 last_latency=16.0s source=NTSB_ASRS:avall
[4700/19442] ok=4656 retried=525 last_latency=12.4s source=NTSB_ASRS:avall
[4710/19442] ok=4666 retried=525 last_latency=18.2s source=NTSB_ASRS:avall
[4720/19442] ok=4676 retried=525 last_latency=11.2s source=NTSB_ASRS:avall
[4730/19442] ok=4686 retried=525 last_latency=4.9s source=NTSB_ASRS:avall
[4740/19442] ok=4696 retried=527 last_latency=12.0s source=NTSB_ASRS:avall
[4750/19442] ok=4706 retried=527 last_latency=20.3s source=NTSB_ASRS:avall
[4760/19442] ok=4716 retried=527 last_latency=11.3s source=NTSB_ASRS:avall
[4770/19442] ok=4726 retried=530 last_latency=12.9s source=NTSB_ASRS:avall
[4780/19442] ok=4736 retried=531 last_latency=15.3s source=NTSB_ASRS:avall
[4790/19442] ok=4746 retried=531 last_latency=14.1s source=NTSB_ASRS:avall
[4800/19442] ok=4756 retried=531 last_latency=14.4s source=NTSB_ASRS:avall
[4810/19442] ok=4766 retried=532 last_latency=22.6s source=NTSB_ASRS:avall
[4820/19442] ok=4776 retried=533 last_latency=10.8s source=NTSB_ASRS:avall
[4830/19442] ok=4786 retried=533 last_latency=19.6s source=NTSB_ASRS:avall
[4840/19442] ok=4796 retried=534 last_latency=14.7s source=NTSB_ASRS:avall
[4850/19442] ok=4806 retried=535 last_latency=22.3s source=NTSB_ASRS:avall
[4860/19442] ok=4816 retried=535 last_latency=15.2s source=NTSB_ASRS:avall
[4870/19442] ok=4826 retried=536 last_latency=10.5s source=NTSB_ASRS:avall
[4880/19442] ok=4836 retried=537 last_latency=7.9s source=NTSB_ASRS:avall
[4890/19442] ok=4846 retried=538 last_latency=13.7s source=NTSB_ASRS:avall
[4900/19442] ok=4856 retried=540 last_latency=14.5s source=NTSB_ASRS:avall
[4910/19442] ok=4866 retried=540 last_latency=16.0s source=NTSB_ASRS:avall
[4920/19442] ok=4876 retried=540 last_latency=10.7s source=NTSB_ASRS:avall
[4930/19442] ok=4886 retried=540 last_latency=14.6s source=NTSB_ASRS:avall
[4940/19442] ok=4896 retried=540 last_latency=10.8s source=NTSB_ASRS:avall
[4950/19442] ok=4906 retried=540 last_latency=14.9s source=NTSB_ASRS:avall
[4960/19442] ok=4916 retried=540 last_latency=16.1s source=NTSB_ASRS:avall
[4970/19442] ok=4926 retried=542 last_latency=16.6s source=NTSB_ASRS:avall
[4980/19442] ok=4936 retried=542 last_latency=9.7s source=NTSB_ASRS:avall
[4990/19442] ok=4946 retried=543 last_latency=11.6s source=NTSB_ASRS:avall
[5000/19442] ok=4956 retried=543 last_latency=26.4s source=NTSB_ASRS:avall
[5010/19442] ok=4966 retried=543 last_latency=8.7s source=NTSB_ASRS:avall
[5020/19442] ok=4976 retried=544 last_latency=18.1s source=NTSB_ASRS:avall
[5030/19442] ok=4986 retried=546 last_latency=34.3s source=NTSB_ASRS:avall
[5040/19442] ok=4996 retried=546 last_latency=13.0s source=NTSB_ASRS:avall
[5050/19442] ok=5006 retried=547 last_latency=15.7s source=NTSB_ASRS:avall
[5060/19442] ok=5016 retried=547 last_latency=16.4s source=NTSB_ASRS:avall
[5070/19442] ok=5026 retried=547 last_latency=12.7s source=NTSB_ASRS:avall
[5080/19442] ok=5036 retried=547 last_latency=13.0s source=NTSB_ASRS:avall
[5090/19442] ok=5046 retried=548 last_latency=13.4s source=NTSB_ASRS:avall
[5100/19442] ok=5056 retried=548 last_latency=16.3s source=NTSB_ASRS:avall
[5110/19442] ok=5066 retried=548 last_latency=15.4s source=NTSB_ASRS:avall
[5120/19442] ok=5076 retried=548 last_latency=14.9s source=NTSB_ASRS:avall
[5130/19442] ok=5086 retried=548 last_latency=25.1s source=NTSB_ASRS:avall
[5140/19442] ok=5096 retried=549 last_latency=21.4s source=NTSB_ASRS:avall
[5150/19442] ok=5106 retried=549 last_latency=8.2s source=NTSB_ASRS:avall
[5160/19442] ok=5116 retried=550 last_latency=16.1s source=NTSB_ASRS:avall
[5170/19442] ok=5126 retried=550 last_latency=12.2s source=NTSB_ASRS:avall
[5180/19442] ok=5136 retried=550 last_latency=16.7s source=NTSB_ASRS:avall
[5190/19442] ok=5146 retried=550 last_latency=12.3s source=NTSB_ASRS:avall
[5200/19442] ok=5156 retried=550 last_latency=19.4s source=NTSB_ASRS:avall
[5210/19442] ok=5166 retried=551 last_latency=14.4s source=NTSB_ASRS:avall
[5220/19442] ok=5176 retried=551 last_latency=19.4s source=NTSB_ASRS:avall
[5230/19442] ok=5186 retried=551 last_latency=21.4s source=NTSB_ASRS:avall
[5240/19442] ok=5196 retried=552 last_latency=14.1s source=NTSB_ASRS:avall
[5250/19442] ok=5206 retried=552 last_latency=15.5s source=NTSB_ASRS:avall
[5260/19442] ok=5216 retried=552 last_latency=22.5s source=NTSB_ASRS:avall
[5270/19442] ok=5226 retried=552 last_latency=17.7s source=NTSB_ASRS:avall
[5280/19442] ok=5236 retried=553 last_latency=12.8s source=NTSB_ASRS:avall
[5290/19442] ok=5246 retried=553 last_latency=16.9s source=NTSB_ASRS:avall
[5300/19442] ok=5256 retried=554 last_latency=15.9s source=NTSB_ASRS:avall
[5310/19442] ok=5266 retried=554 last_latency=16.2s source=NTSB_ASRS:avall
[5320/19442] ok=5276 retried=554 last_latency=13.9s source=NTSB_ASRS:avall
[5330/19442] ok=5286 retried=555 last_latency=14.2s source=NTSB_ASRS:avall
[5340/19442] ok=5296 retried=556 last_latency=12.9s source=NTSB_ASRS:avall
[5350/19442] ok=5306 retried=556 last_latency=14.6s source=NTSB_ASRS:avall
[5360/19442] ok=5316 retried=557 last_latency=14.7s source=NTSB_ASRS:avall
[5370/19442] ok=5326 retried=558 last_latency=16.4s source=NTSB_ASRS:avall
[5380/19442] ok=5336 retried=558 last_latency=17.8s source=NTSB_ASRS:avall
[5390/19442] ok=5346 retried=558 last_latency=18.4s source=NTSB_ASRS:avall
[5400/19442] ok=5356 retried=560 last_latency=51.1s source=NTSB_ASRS:avall
[5410/19442] ok=5366 retried=560 last_latency=18.1s source=NTSB_ASRS:avall
[5420/19442] ok=5376 retried=560 last_latency=15.3s source=NTSB_ASRS:avall
[5430/19442] ok=5386 retried=560 last_latency=12.4s source=NTSB_ASRS:avall
[5440/19442] ok=5396 retried=561 last_latency=15.1s source=NTSB_ASRS:avall
[5450/19442] ok=5406 retried=562 last_latency=11.4s source=NTSB_ASRS:avall
[5460/19442] ok=5416 retried=562 last_latency=23.9s source=NTSB_ASRS:avall
[5470/19442] ok=5426 retried=562 last_latency=21.3s source=NTSB_ASRS:avall
[5480/19442] ok=5436 retried=563 last_latency=21.0s source=NTSB_ASRS:avall
[5490/19442] ok=5446 retried=563 last_latency=12.9s source=NTSB_ASRS:avall
[5500/19442] ok=5456 retried=564 last_latency=15.1s source=NTSB_ASRS:avall
[5510/19442] ok=5466 retried=564 last_latency=14.1s source=NTSB_ASRS:avall
[5520/19442] ok=5476 retried=565 last_latency=9.6s source=NTSB_ASRS:avall
[5530/19442] ok=5486 retried=565 last_latency=14.3s source=NTSB_ASRS:avall
[5540/19442] ok=5496 retried=567 last_latency=42.1s source=NTSB_ASRS:avall
[5550/19442] ok=5506 retried=567 last_latency=14.2s source=NTSB_ASRS:avall
[5560/19442] ok=5516 retried=570 last_latency=21.7s source=NTSB_ASRS:avall
[5570/19442] ok=5526 retried=570 last_latency=11.2s source=NTSB_ASRS:avall
[5580/19442] ok=5535 retried=570 last_latency=25.1s source=NTSB_ASRS:avall
[5590/19442] ok=5545 retried=570 last_latency=19.9s source=NTSB_ASRS:avall
[5600/19442] ok=5555 retried=570 last_latency=11.2s source=NTSB_ASRS:avall
[5610/19442] ok=5565 retried=572 last_latency=34.9s source=NTSB_ASRS:avall
[5620/19442] ok=5575 retried=573 last_latency=24.2s source=NTSB_ASRS:avall
[5630/19442] ok=5585 retried=573 last_latency=11.7s source=NTSB_ASRS:avall
[5640/19442] ok=5595 retried=573 last_latency=15.6s source=NTSB_ASRS:avall
[5650/19442] ok=5605 retried=575 last_latency=18.3s source=NTSB_ASRS:avall
[5660/19442] ok=5615 retried=575 last_latency=10.4s source=NTSB_ASRS:avall
[5670/19442] ok=5625 retried=575 last_latency=19.2s source=NTSB_ASRS:avall
[5680/19442] ok=5635 retried=575 last_latency=18.1s source=NTSB_ASRS:avall
[5690/19442] ok=5645 retried=575 last_latency=12.7s source=NTSB_ASRS:avall
[5700/19442] ok=5655 retried=577 last_latency=15.0s source=NTSB_ASRS:avall
[5710/19442] ok=5665 retried=577 last_latency=27.1s source=NTSB_ASRS:avall
[5720/19442] ok=5675 retried=577 last_latency=17.0s source=NTSB_ASRS:avall
[5730/19442] ok=5685 retried=578 last_latency=18.4s source=NTSB_ASRS:avall
[5740/19442] ok=5695 retried=579 last_latency=6.6s source=NTSB_ASRS:avall
[5750/19442] ok=5705 retried=579 last_latency=21.7s source=NTSB_ASRS:avall
[5760/19442] ok=5715 retried=579 last_latency=17.4s source=NTSB_ASRS:avall
[5770/19442] ok=5725 retried=581 last_latency=21.1s source=NTSB_ASRS:avall
[5780/19442] ok=5735 retried=581 last_latency=20.2s source=NTSB_ASRS:avall
[5790/19442] ok=5745 retried=581 last_latency=14.2s source=NTSB_ASRS:avall
[5800/19442] ok=5755 retried=581 last_latency=15.7s source=NTSB_ASRS:avall
[5810/19442] ok=5765 retried=581 last_latency=12.8s source=NTSB_ASRS:avall
[5820/19442] ok=5775 retried=582 last_latency=11.8s source=NTSB_ASRS:avall
[5830/19442] ok=5785 retried=582 last_latency=18.0s source=NTSB_ASRS:avall
[5840/19442] ok=5795 retried=583 last_latency=22.9s source=NTSB_ASRS:avall
[5850/19442] ok=5805 retried=584 last_latency=18.3s source=NTSB_ASRS:avall
[5860/19442] ok=5815 retried=584 last_latency=12.9s source=NTSB_ASRS:avall
[5870/19442] ok=5825 retried=584 last_latency=26.7s source=NTSB_ASRS:avall
[5880/19442] ok=5835 retried=586 last_latency=14.9s source=NTSB_ASRS:avall
[5890/19442] ok=5845 retried=586 last_latency=10.2s source=NTSB_ASRS:avall
[5900/19442] ok=5855 retried=586 last_latency=15.4s source=NTSB_ASRS:avall
[5910/19442] ok=5865 retried=588 last_latency=19.6s source=NTSB_ASRS:avall
[5920/19442] ok=5875 retried=589 last_latency=23.5s source=NTSB_ASRS:avall
[5930/19442] ok=5885 retried=590 last_latency=9.8s source=NTSB_ASRS:avall
[5940/19442] ok=5895 retried=590 last_latency=14.1s source=NTSB_ASRS:avall
[5950/19442] ok=5905 retried=591 last_latency=17.7s source=NTSB_ASRS:avall
[5960/19442] ok=5915 retried=591 last_latency=12.2s source=NTSB_ASRS:avall
[5970/19442] ok=5925 retried=592 last_latency=17.8s source=NTSB_ASRS:avall
[5980/19442] ok=5935 retried=592 last_latency=10.9s source=NTSB_ASRS:avall
[5990/19442] ok=5944 retried=593 last_latency=16.3s source=NTSB_ASRS:avall
[6000/19442] ok=5954 retried=594 last_latency=11.7s source=NTSB_ASRS:avall
[6010/19442] ok=5963 retried=595 last_latency=9.9s source=NTSB_ASRS:avall
[6020/19442] ok=5972 retried=595 last_latency=19.4s source=NTSB_ASRS:avall
[6030/19442] ok=5982 retried=595 last_latency=11.8s source=NTSB_ASRS:avall
[6040/19442] ok=5992 retried=595 last_latency=15.6s source=NTSB_ASRS:avall
[6050/19442] ok=6002 retried=596 last_latency=15.2s source=NTSB_ASRS:avall
[6060/19442] ok=6012 retried=597 last_latency=19.5s source=NTSB_ASRS:avall
[6070/19442] ok=6022 retried=598 last_latency=38.8s source=NTSB_ASRS:avall
[6080/19442] ok=6032 retried=598 last_latency=20.9s source=NTSB_ASRS:avall
[6090/19442] ok=6042 retried=599 last_latency=17.5s source=NTSB_ASRS:avall
[6100/19442] ok=6052 retried=600 last_latency=14.0s source=NTSB_ASRS:avall
[6110/19442] ok=6061 retried=600 last_latency=8.6s source=NTSB_ASRS:avall
[6120/19442] ok=6071 retried=601 last_latency=18.2s source=NTSB_ASRS:avall
[6130/19442] ok=6081 retried=602 last_latency=9.0s source=NTSB_ASRS:avall
[6140/19442] ok=6091 retried=602 last_latency=16.3s source=NTSB_ASRS:avall
[6150/19442] ok=6101 retried=602 last_latency=16.7s source=NTSB_ASRS:avall
[6160/19442] ok=6111 retried=602 last_latency=15.9s source=NTSB_ASRS:avall
[6170/19442] ok=6121 retried=602 last_latency=11.2s source=NTSB_ASRS:avall
[6180/19442] ok=6131 retried=603 last_latency=15.5s source=NTSB_ASRS:avall
[6190/19442] ok=6141 retried=604 last_latency=10.5s source=NTSB_ASRS:avall
[6200/19442] ok=6151 retried=605 last_latency=17.7s source=NTSB_ASRS:avall
[6210/19442] ok=6161 retried=606 last_latency=33.9s source=NTSB_ASRS:avall
[6220/19442] ok=6171 retried=606 last_latency=13.2s source=NTSB_ASRS:avall
[6230/19442] ok=6181 retried=606 last_latency=18.0s source=NTSB_ASRS:avall
[6240/19442] ok=6191 retried=606 last_latency=13.0s source=NTSB_ASRS:avall
[6250/19442] ok=6201 retried=607 last_latency=25.3s source=NTSB_ASRS:avall
[6260/19442] ok=6211 retried=607 last_latency=9.5s source=NTSB_ASRS:avall
[6270/19442] ok=6221 retried=607 last_latency=19.0s source=NTSB_ASRS:avall
[6280/19442] ok=6231 retried=608 last_latency=19.6s source=NTSB_ASRS:avall
[6290/19442] ok=6241 retried=608 last_latency=26.0s source=NTSB_ASRS:avall
[6300/19442] ok=6251 retried=608 last_latency=14.4s source=NTSB_ASRS:avall
[6310/19442] ok=6261 retried=608 last_latency=14.4s source=NTSB_ASRS:avall
[6320/19442] ok=6271 retried=610 last_latency=12.3s source=NTSB_ASRS:avall
[6330/19442] ok=6281 retried=613 last_latency=32.1s source=NTSB_ASRS:avall
[6340/19442] ok=6291 retried=614 last_latency=11.4s source=NTSB_ASRS:avall
[6350/19442] ok=6301 retried=615 last_latency=21.5s source=NTSB_ASRS:avall
[6360/19442] ok=6311 retried=615 last_latency=18.6s source=NTSB_ASRS:avall
[6370/19442] ok=6321 retried=615 last_latency=9.9s source=NTSB_ASRS:avall
[6380/19442] ok=6331 retried=615 last_latency=19.8s source=NTSB_ASRS:avall
[6390/19442] ok=6341 retried=618 last_latency=16.2s source=NTSB_ASRS:avall
[6400/19442] ok=6350 retried=620 last_latency=22.4s source=NTSB_ASRS:avall
[6410/19442] ok=6360 retried=620 last_latency=9.1s source=NTSB_ASRS:avall
[6420/19442] ok=6370 retried=620 last_latency=12.4s source=NTSB_ASRS:avall
[6430/19442] ok=6380 retried=620 last_latency=14.1s source=NTSB_ASRS:avall
[6440/19442] ok=6390 retried=621 last_latency=13.5s source=NTSB_ASRS:avall
[6450/19442] ok=6400 retried=622 last_latency=15.9s source=NTSB_ASRS:avall
[6460/19442] ok=6410 retried=622 last_latency=17.3s source=NTSB_ASRS:avall
[6470/19442] ok=6420 retried=624 last_latency=13.5s source=NTSB_ASRS:avall
[6480/19442] ok=6430 retried=625 last_latency=16.1s source=NTSB_ASRS:avall
[6490/19442] ok=6440 retried=627 last_latency=15.6s source=NTSB_ASRS:avall
[6500/19442] ok=6450 retried=628 last_latency=24.7s source=NTSB_ASRS:avall
[6510/19442] ok=6460 retried=628 last_latency=18.5s source=NTSB_ASRS:avall
[6520/19442] ok=6470 retried=628 last_latency=14.6s source=NTSB_ASRS:avall
[6530/19442] ok=6480 retried=629 last_latency=18.5s source=NTSB_ASRS:avall
[6540/19442] ok=6490 retried=629 last_latency=19.1s source=NTSB_ASRS:avall
[6550/19442] ok=6500 retried=631 last_latency=10.8s source=NTSB_ASRS:avall
[6560/19442] ok=6510 retried=631 last_latency=9.5s source=NTSB_ASRS:avall
[6570/19442] ok=6520 retried=633 last_latency=17.8s source=NTSB_ASRS:avall
[6580/19442] ok=6530 retried=633 last_latency=8.3s source=NTSB_ASRS:avall
[6590/19442] ok=6540 retried=634 last_latency=13.9s source=NTSB_ASRS:avall
[6600/19442] ok=6550 retried=635 last_latency=14.6s source=NTSB_ASRS:avall
[6610/19442] ok=6560 retried=636 last_latency=11.9s source=NTSB_ASRS:avall
[6620/19442] ok=6570 retried=637 last_latency=16.2s source=NTSB_ASRS:avall
[6630/19442] ok=6579 retried=638 last_latency=34.7s source=NTSB_ASRS:avall
[6640/19442] ok=6589 retried=638 last_latency=15.9s source=NTSB_ASRS:avall
[6650/19442] ok=6599 retried=638 last_latency=14.3s source=NTSB_ASRS:avall
[6660/19442] ok=6609 retried=640 last_latency=16.8s source=NTSB_ASRS:avall
[6670/19442] ok=6619 retried=641 last_latency=14.8s source=NTSB_ASRS:avall
[6680/19442] ok=6629 retried=642 last_latency=10.4s source=NTSB_ASRS:avall
[6690/19442] ok=6639 retried=644 last_latency=37.7s source=NTSB_ASRS:avall
[6700/19442] ok=6649 retried=644 last_latency=20.6s source=NTSB_ASRS:avall
[6710/19442] ok=6659 retried=644 last_latency=19.7s source=NTSB_ASRS:avall
[6720/19442] ok=6669 retried=644 last_latency=11.7s source=NTSB_ASRS:avall
[6730/19442] ok=6679 retried=645 last_latency=0.4s source=NTSB_ASRS:avall
[6740/19442] ok=6689 retried=646 last_latency=13.5s source=NTSB_ASRS:avall
[6750/19442] ok=6699 retried=650 last_latency=38.8s source=NTSB_ASRS:avall
[6760/19442] ok=6709 retried=651 last_latency=14.4s source=NTSB_ASRS:avall
[6770/19442] ok=6719 retried=652 last_latency=9.4s source=NTSB_ASRS:avall
[6780/19442] ok=6729 retried=652 last_latency=19.7s source=FAA_AIDS:a1995_99
[6790/19442] ok=6739 retried=655 last_latency=33.3s source=NTSB_ASRS:avall
[6800/19442] ok=6749 retried=655 last_latency=14.3s source=NTSB_ASRS:avall
[6810/19442] ok=6759 retried=655 last_latency=14.9s source=FAA_AIDS:a1995_99
[6820/19442] ok=6769 retried=656 last_latency=18.3s source=NTSB_ASRS:avall
[6830/19442] ok=6779 retried=658 last_latency=0.4s source=FAA_AIDS:a1995_99
[6840/19442] ok=6789 retried=658 last_latency=14.8s source=NTSB_ASRS:avall
[6850/19442] ok=6799 retried=658 last_latency=18.5s source=FAA_AIDS:a1995_99
[6860/19442] ok=6809 retried=658 last_latency=6.6s source=FAA_AIDS:a1995_99
[6870/19442] ok=6819 retried=659 last_latency=11.7s source=FAA_AIDS:a1995_99
[6880/19442] ok=6829 retried=662 last_latency=23.6s source=FAA_AIDS:a1995_99
[6890/19442] ok=6839 retried=664 last_latency=12.2s source=FAA_AIDS:a1995_99
[6900/19442] ok=6849 retried=664 last_latency=0.5s source=NTSB_REPORT
[6910/19442] ok=6859 retried=664 last_latency=12.2s source=FAA_AIDS:a1995_99
[6920/19442] ok=6869 retried=664 last_latency=14.5s source=FAA_AIDS:a1995_99
[6930/19442] ok=6879 retried=664 last_latency=20.8s source=FAA_AIDS:a1995_99
[6940/19442] ok=6889 retried=666 last_latency=23.5s source=FAA_AIDS:a1995_99
[6950/19442] ok=6899 retried=667 last_latency=4.5s source=FAA_AIDS:a1995_99
[6960/19442] ok=6909 retried=668 last_latency=15.6s source=NTSB_ASRS:avall
[6970/19442] ok=6919 retried=670 last_latency=12.0s source=FAA_AIDS:a1995_99
[6980/19442] ok=6929 retried=670 last_latency=0.5s source=FAA_AIDS:a1995_99
[6990/19442] ok=6939 retried=670 last_latency=11.4s source=FAA_AIDS:a1990_94
[7000/19442] ok=6948 retried=671 last_latency=20.6s source=NTSB_ASRS:avall
[7010/19442] ok=6958 retried=671 last_latency=0.5s source=FAA_AIDS:a1995_99
[7020/19442] ok=6968 retried=673 last_latency=49.1s source=FAA_AIDS:a1995_99
[7030/19442] ok=6978 retried=674 last_latency=16.9s source=FAA_AIDS:a1990_94
[7040/19442] ok=6988 retried=675 last_latency=29.4s source=FAA_AIDS:a1995_99
[7050/19442] ok=6998 retried=676 last_latency=16.7s source=FAA_AIDS:a1995_99
[7060/19442] ok=7008 retried=676 last_latency=14.8s source=NTSB_ASRS:avall
[7070/19442] ok=7018 retried=676 last_latency=12.3s source=NTSB_ASRS:avall
[7080/19442] ok=7028 retried=677 last_latency=17.1s source=FAA_AIDS:a1995_99
[7090/19442] ok=7038 retried=677 last_latency=12.7s source=FAA_AIDS:a1995_99
[7100/19442] ok=7048 retried=677 last_latency=12.2s source=FAA_AIDS:a1995_99
[7110/19442] ok=7058 retried=677 last_latency=14.3s source=FAA_AIDS:a1995_99
[7120/19442] ok=7068 retried=677 last_latency=9.1s source=FAA_AIDS:a1995_99
[7130/19442] ok=7078 retried=678 last_latency=11.6s source=FAA_AIDS:a1995_99
[7140/19442] ok=7088 retried=678 last_latency=22.0s source=FAA_AIDS:a1995_99
[7150/19442] ok=7098 retried=679 last_latency=35.3s source=FAA_AIDS:a1995_99
[7160/19442] ok=7108 retried=680 last_latency=8.7s source=FAA_AIDS:a1995_99
[7170/19442] ok=7118 retried=681 last_latency=16.0s source=FAA_AIDS:a1995_99
[7180/19442] ok=7128 retried=682 last_latency=20.1s source=FAA_AIDS:a1995_99
[7190/19442] ok=7138 retried=683 last_latency=14.7s source=FAA_AIDS:a1995_99
[7200/19442] ok=7148 retried=685 last_latency=11.5s source=FAA_AIDS:a1995_99
[7210/19442] ok=7158 retried=687 last_latency=12.4s source=FAA_AIDS:a1995_99
[7220/19442] ok=7167 retried=688 last_latency=37.6s source=FAA_AIDS:a1995_99
[7230/19442] ok=7177 retried=688 last_latency=26.3s source=FAA_AIDS:a1995_99
[7240/19442] ok=7187 retried=689 last_latency=15.2s source=FAA_AIDS:a1995_99
[7250/19442] ok=7197 retried=690 last_latency=11.8s source=FAA_AIDS:a1995_99
[7260/19442] ok=7207 retried=691 last_latency=16.7s source=FAA_AIDS:a1995_99
[7270/19442] ok=7217 retried=691 last_latency=14.1s source=FAA_AIDS:a1995_99
[7280/19442] ok=7226 retried=692 last_latency=30.1s source=FAA_AIDS:a1995_99
[7290/19442] ok=7236 retried=692 last_latency=16.4s source=FAA_AIDS:a1995_99
[7300/19442] ok=7246 retried=694 last_latency=21.4s source=FAA_AIDS:a1995_99
[7310/19442] ok=7256 retried=695 last_latency=11.3s source=FAA_AIDS:a1995_99
[7320/19442] ok=7266 retried=696 last_latency=9.7s source=FAA_AIDS:a1995_99
[7330/19442] ok=7275 retried=697 last_latency=12.2s source=FAA_AIDS:a1995_99
[7340/19442] ok=7285 retried=697 last_latency=15.6s source=FAA_AIDS:a1995_99
[7350/19442] ok=7295 retried=697 last_latency=14.5s source=FAA_AIDS:a1995_99
[7360/19442] ok=7305 retried=697 last_latency=16.0s source=FAA_AIDS:a1995_99
[7370/19442] ok=7315 retried=698 last_latency=16.6s source=FAA_AIDS:a1995_99
[7380/19442] ok=7325 retried=699 last_latency=42.2s source=FAA_AIDS:a1995_99
[7390/19442] ok=7335 retried=700 last_latency=16.2s source=FAA_AIDS:a1995_99
[7400/19442] ok=7345 retried=701 last_latency=54.3s source=FAA_AIDS:a1995_99
[7410/19442] ok=7355 retried=702 last_latency=16.5s source=FAA_AIDS:a1995_99
[7420/19442] ok=7365 retried=703 last_latency=6.2s source=FAA_AIDS:a1995_99
[7430/19442] ok=7375 retried=703 last_latency=18.0s source=FAA_AIDS:a1995_99
[7440/19442] ok=7385 retried=703 last_latency=7.5s source=FAA_AIDS:a1995_99
[7450/19442] ok=7395 retried=703 last_latency=10.0s source=FAA_AIDS:a1995_99
[7460/19442] ok=7405 retried=703 last_latency=14.3s source=FAA_AIDS:a1995_99
[7470/19442] ok=7415 retried=703 last_latency=14.5s source=FAA_AIDS:a1995_99
[7480/19442] ok=7425 retried=703 last_latency=12.3s source=FAA_AIDS:a1995_99
[7490/19442] ok=7435 retried=705 last_latency=20.8s source=FAA_AIDS:a1995_99
[7500/19442] ok=7445 retried=705 last_latency=14.7s source=FAA_AIDS:a1995_99
[7510/19442] ok=7455 retried=705 last_latency=8.1s source=FAA_AIDS:a1995_99
[7520/19442] ok=7465 retried=707 last_latency=11.2s source=FAA_AIDS:a1995_99
[7530/19442] ok=7475 retried=708 last_latency=18.0s source=FAA_AIDS:a1995_99
[7540/19442] ok=7485 retried=712 last_latency=14.4s source=FAA_AIDS:a1995_99
[7550/19442] ok=7495 retried=712 last_latency=18.1s source=FAA_AIDS:a1995_99
[7560/19442] ok=7505 retried=712 last_latency=18.7s source=FAA_AIDS:a1995_99
[7570/19442] ok=7515 retried=712 last_latency=22.9s source=FAA_AIDS:a1995_99
[7580/19442] ok=7525 retried=713 last_latency=11.6s source=FAA_AIDS:a1995_99
[7590/19442] ok=7535 retried=714 last_latency=12.7s source=FAA_AIDS:a1995_99
[7600/19442] ok=7545 retried=715 last_latency=17.9s source=FAA_AIDS:a1995_99
[7610/19442] ok=7555 retried=715 last_latency=10.1s source=FAA_AIDS:a1995_99
[7620/19442] ok=7565 retried=716 last_latency=13.6s source=FAA_AIDS:a1995_99
[7630/19442] ok=7575 retried=716 last_latency=12.0s source=FAA_AIDS:a1995_99
[7640/19442] ok=7585 retried=716 last_latency=14.0s source=FAA_AIDS:a1995_99
[7650/19442] ok=7595 retried=716 last_latency=13.9s source=FAA_AIDS:a1995_99
[7660/19442] ok=7605 retried=717 last_latency=13.0s source=FAA_AIDS:a1995_99
[7670/19442] ok=7615 retried=718 last_latency=13.7s source=FAA_AIDS:a1995_99
[7680/19442] ok=7625 retried=718 last_latency=15.3s source=FAA_AIDS:a1995_99
[7690/19442] ok=7635 retried=718 last_latency=16.1s source=FAA_AIDS:a1995_99
[7700/19442] ok=7645 retried=718 last_latency=14.5s source=FAA_AIDS:a1995_99
[7710/19442] ok=7655 retried=719 last_latency=10.1s source=FAA_AIDS:a1995_99
[7720/19442] ok=7665 retried=719 last_latency=9.7s source=FAA_AIDS:a1995_99
[7730/19442] ok=7675 retried=719 last_latency=16.4s source=FAA_AIDS:a1995_99
[7740/19442] ok=7685 retried=720 last_latency=10.3s source=FAA_AIDS:a1995_99
[7750/19442] ok=7695 retried=721 last_latency=18.0s source=FAA_AIDS:a1995_99
[7760/19442] ok=7705 retried=721 last_latency=19.5s source=FAA_AIDS:a1995_99
[7770/19442] ok=7714 retried=721 last_latency=20.6s source=FAA_AIDS:a1995_99
[7780/19442] ok=7724 retried=723 last_latency=15.2s source=FAA_AIDS:a1995_99
[7790/19442] ok=7734 retried=724 last_latency=10.7s source=FAA_AIDS:a1995_99
[7800/19442] ok=7743 retried=725 last_latency=26.5s source=FAA_AIDS:a1995_99
[7810/19442] ok=7753 retried=725 last_latency=15.0s source=FAA_AIDS:a1995_99
[7820/19442] ok=7763 retried=725 last_latency=20.8s source=FAA_AIDS:a1995_99
[7830/19442] ok=7773 retried=726 last_latency=18.2s source=FAA_AIDS:a1995_99
[7840/19442] ok=7783 retried=726 last_latency=11.1s source=FAA_AIDS:a1995_99
[7850/19442] ok=7793 retried=726 last_latency=11.7s source=FAA_AIDS:a1995_99
[7860/19442] ok=7803 retried=727 last_latency=11.2s source=FAA_AIDS:a1995_99
[7870/19442] ok=7813 retried=727 last_latency=14.8s source=FAA_AIDS:a1995_99
[7880/19442] ok=7823 retried=727 last_latency=13.5s source=FAA_AIDS:a1995_99
[7890/19442] ok=7833 retried=729 last_latency=12.5s source=FAA_AIDS:a1995_99
[7900/19442] ok=7843 retried=730 last_latency=17.8s source=FAA_AIDS:a1995_99
[7910/19442] ok=7853 retried=733 last_latency=13.5s source=FAA_AIDS:a1995_99
[7920/19442] ok=7863 retried=734 last_latency=13.7s source=FAA_AIDS:a1995_99
[7930/19442] ok=7873 retried=735 last_latency=5.1s source=FAA_AIDS:a1995_99
[7940/19442] ok=7883 retried=735 last_latency=6.9s source=FAA_AIDS:a1995_99
[7950/19442] ok=7893 retried=737 last_latency=15.4s source=FAA_AIDS:a1995_99
[7960/19442] ok=7903 retried=737 last_latency=13.5s source=FAA_AIDS:a1995_99
[7970/19442] ok=7913 retried=738 last_latency=10.1s source=FAA_AIDS:a1995_99
[7980/19442] ok=7923 retried=739 last_latency=9.9s source=FAA_AIDS:a1995_99
[7990/19442] ok=7933 retried=740 last_latency=10.5s source=FAA_AIDS:a1995_99
[8000/19442] ok=7943 retried=740 last_latency=19.6s source=FAA_AIDS:a1995_99
[8010/19442] ok=7953 retried=741 last_latency=10.5s source=FAA_AIDS:a1995_99
[8020/19442] ok=7963 retried=743 last_latency=14.0s source=FAA_AIDS:a1995_99
[8030/19442] ok=7973 retried=744 last_latency=19.6s source=FAA_AIDS:a1995_99
[8040/19442] ok=7983 retried=746 last_latency=26.0s source=FAA_AIDS:a1995_99
[8050/19442] ok=7993 retried=747 last_latency=14.4s source=FAA_AIDS:a1995_99
[8060/19442] ok=8003 retried=747 last_latency=10.2s source=FAA_AIDS:a1995_99
[8070/19442] ok=8013 retried=747 last_latency=14.1s source=FAA_AIDS:a1995_99
[8080/19442] ok=8023 retried=747 last_latency=8.8s source=FAA_AIDS:a1995_99
[8090/19442] ok=8033 retried=750 last_latency=31.4s source=FAA_AIDS:a1995_99
[8100/19442] ok=8043 retried=751 last_latency=19.7s source=FAA_AIDS:a1995_99
[8110/19442] ok=8053 retried=752 last_latency=15.5s source=FAA_AIDS:a1995_99
[8120/19442] ok=8063 retried=752 last_latency=7.8s source=FAA_AIDS:a1995_99
[8130/19442] ok=8073 retried=753 last_latency=18.6s source=FAA_AIDS:a1995_99
[8140/19442] ok=8083 retried=754 last_latency=20.4s source=FAA_AIDS:a1995_99
[8150/19442] ok=8093 retried=755 last_latency=14.6s source=FAA_AIDS:a1995_99
[8160/19442] ok=8103 retried=756 last_latency=18.0s source=FAA_AIDS:a1995_99
[8170/19442] ok=8113 retried=756 last_latency=12.9s source=FAA_AIDS:a1995_99
[8180/19442] ok=8123 retried=758 last_latency=14.0s source=FAA_AIDS:a1995_99
[8190/19442] ok=8133 retried=758 last_latency=12.3s source=FAA_AIDS:a1995_99
[8200/19442] ok=8143 retried=760 last_latency=21.7s source=FAA_AIDS:a1995_99
[8210/19442] ok=8153 retried=760 last_latency=11.2s source=FAA_AIDS:a1995_99
[8220/19442] ok=8163 retried=762 last_latency=19.2s source=FAA_AIDS:a1995_99
[8230/19442] ok=8173 retried=763 last_latency=35.1s source=FAA_AIDS:a1995_99
[8240/19442] ok=8183 retried=763 last_latency=12.2s source=FAA_AIDS:a1995_99
[8250/19442] ok=8193 retried=763 last_latency=12.0s source=FAA_AIDS:a1995_99
[8260/19442] ok=8203 retried=764 last_latency=19.7s source=FAA_AIDS:a1995_99
[8270/19442] ok=8213 retried=764 last_latency=11.1s source=FAA_AIDS:a1995_99
[8280/19442] ok=8223 retried=765 last_latency=8.1s source=FAA_AIDS:a1995_99
[8290/19442] ok=8233 retried=765 last_latency=9.9s source=FAA_AIDS:a1995_99
[8300/19442] ok=8243 retried=765 last_latency=19.7s source=FAA_AIDS:a1995_99
[8310/19442] ok=8253 retried=766 last_latency=7.6s source=FAA_AIDS:a1995_99
[8320/19442] ok=8263 retried=767 last_latency=9.6s source=FAA_AIDS:a1995_99
[8330/19442] ok=8273 retried=767 last_latency=14.1s source=FAA_AIDS:a1995_99
[8340/19442] ok=8283 retried=768 last_latency=18.6s source=FAA_AIDS:a1995_99
[8350/19442] ok=8293 retried=768 last_latency=8.8s source=FAA_AIDS:a1995_99
[8360/19442] ok=8303 retried=768 last_latency=11.0s source=FAA_AIDS:a1995_99
[8370/19442] ok=8313 retried=769 last_latency=15.5s source=FAA_AIDS:a1995_99
[8380/19442] ok=8322 retried=769 last_latency=20.7s source=FAA_AIDS:a1995_99
[8390/19442] ok=8332 retried=769 last_latency=14.8s source=FAA_AIDS:a1995_99
[8400/19442] ok=8342 retried=770 last_latency=18.0s source=FAA_AIDS:a1995_99
[8410/19442] ok=8352 retried=771 last_latency=18.1s source=FAA_AIDS:a1995_99
[8420/19442] ok=8362 retried=771 last_latency=8.1s source=FAA_AIDS:a1995_99
[8430/19442] ok=8372 retried=771 last_latency=11.3s source=FAA_AIDS:a1995_99
[8440/19442] ok=8382 retried=772 last_latency=32.5s source=FAA_AIDS:a1995_99
[8450/19442] ok=8392 retried=772 last_latency=12.0s source=FAA_AIDS:a1995_99
[8460/19442] ok=8402 retried=774 last_latency=22.3s source=FAA_AIDS:a1995_99
[8470/19442] ok=8412 retried=774 last_latency=12.8s source=FAA_AIDS:a1995_99
[8480/19442] ok=8422 retried=774 last_latency=7.4s source=FAA_AIDS:a1995_99
[8490/19442] ok=8432 retried=776 last_latency=12.7s source=FAA_AIDS:a1995_99
[8500/19442] ok=8442 retried=776 last_latency=11.7s source=FAA_AIDS:a1995_99
[8510/19442] ok=8452 retried=776 last_latency=8.2s source=FAA_AIDS:a1995_99
[8520/19442] ok=8462 retried=776 last_latency=17.6s source=FAA_AIDS:a1995_99
[8530/19442] ok=8472 retried=776 last_latency=14.1s source=FAA_AIDS:a1995_99
[8540/19442] ok=8482 retried=777 last_latency=18.5s source=FAA_AIDS:a1995_99
[8550/19442] ok=8492 retried=779 last_latency=14.9s source=FAA_AIDS:a1995_99
[8560/19442] ok=8502 retried=780 last_latency=13.9s source=FAA_AIDS:a1995_99
[8570/19442] ok=8512 retried=780 last_latency=17.8s source=FAA_AIDS:a1995_99
[8580/19442] ok=8522 retried=782 last_latency=16.6s source=FAA_AIDS:a1995_99
[8590/19442] ok=8532 retried=784 last_latency=15.5s source=FAA_AIDS:a1995_99
[8600/19442] ok=8542 retried=784 last_latency=11.2s source=FAA_AIDS:a1995_99
[8610/19442] ok=8552 retried=786 last_latency=13.4s source=FAA_AIDS:a1995_99
[8620/19442] ok=8562 retried=788 last_latency=9.8s source=FAA_AIDS:a1995_99
[8630/19442] ok=8572 retried=788 last_latency=21.8s source=FAA_AIDS:a1995_99
[8640/19442] ok=8582 retried=789 last_latency=20.7s source=FAA_AIDS:a1995_99
[8650/19442] ok=8592 retried=790 last_latency=11.1s source=FAA_AIDS:a1995_99
[8660/19442] ok=8602 retried=791 last_latency=26.3s source=FAA_AIDS:a1995_99
[8670/19442] ok=8612 retried=791 last_latency=18.5s source=FAA_AIDS:a1995_99
[8680/19442] ok=8622 retried=791 last_latency=12.3s source=FAA_AIDS:a1995_99
[8690/19442] ok=8632 retried=791 last_latency=12.3s source=FAA_AIDS:a1995_99
[8700/19442] ok=8642 retried=794 last_latency=13.5s source=FAA_AIDS:a1995_99
[8710/19442] ok=8652 retried=795 last_latency=32.6s source=FAA_AIDS:a1995_99
[8720/19442] ok=8662 retried=796 last_latency=14.5s source=FAA_AIDS:a1995_99
[8730/19442] ok=8672 retried=796 last_latency=17.7s source=FAA_AIDS:a1995_99
[8740/19442] ok=8682 retried=796 last_latency=11.9s source=FAA_AIDS:a1995_99
[8750/19442] ok=8692 retried=796 last_latency=8.0s source=FAA_AIDS:a1995_99
[8760/19442] ok=8702 retried=796 last_latency=9.3s source=FAA_AIDS:a1995_99
[8770/19442] ok=8712 retried=797 last_latency=21.0s source=FAA_AIDS:a1995_99
[8780/19442] ok=8722 retried=797 last_latency=15.5s source=FAA_AIDS:a1995_99
[8790/19442] ok=8732 retried=797 last_latency=17.2s source=FAA_AIDS:a1995_99
[8800/19442] ok=8742 retried=797 last_latency=16.3s source=FAA_AIDS:a1995_99
[8810/19442] ok=8752 retried=797 last_latency=17.1s source=FAA_AIDS:a1995_99
[8820/19442] ok=8762 retried=797 last_latency=13.6s source=FAA_AIDS:a1995_99
[8830/19442] ok=8772 retried=798 last_latency=15.8s source=FAA_AIDS:a1995_99
[8840/19442] ok=8782 retried=799 last_latency=21.4s source=FAA_AIDS:a1995_99
[8850/19442] ok=8792 retried=799 last_latency=17.3s source=FAA_AIDS:a1995_99
[8860/19442] ok=8802 retried=799 last_latency=11.7s source=FAA_AIDS:a1995_99
[8870/19442] ok=8812 retried=799 last_latency=17.7s source=FAA_AIDS:a1995_99
[8880/19442] ok=8822 retried=799 last_latency=12.4s source=FAA_AIDS:a1995_99
[8890/19442] ok=8832 retried=800 last_latency=24.8s source=FAA_AIDS:a1995_99
[8900/19442] ok=8842 retried=800 last_latency=15.5s source=FAA_AIDS:a1995_99
[8910/19442] ok=8852 retried=801 last_latency=31.0s source=FAA_AIDS:a1995_99
[8920/19442] ok=8862 retried=802 last_latency=17.5s source=FAA_AIDS:a1995_99
[8930/19442] ok=8872 retried=802 last_latency=13.9s source=FAA_AIDS:a1995_99
[8940/19442] ok=8882 retried=802 last_latency=14.9s source=FAA_AIDS:a1995_99
[8950/19442] ok=8892 retried=802 last_latency=17.5s source=FAA_AIDS:a1995_99
[8960/19442] ok=8902 retried=802 last_latency=19.8s source=FAA_AIDS:a1995_99
[8970/19442] ok=8912 retried=803 last_latency=13.4s source=FAA_AIDS:a1995_99
[8980/19442] ok=8922 retried=803 last_latency=11.7s source=FAA_AIDS:a1995_99
[8990/19442] ok=8932 retried=803 last_latency=18.7s source=FAA_AIDS:a1995_99
[9000/19442] ok=8942 retried=803 last_latency=18.5s source=FAA_AIDS:a1995_99
[9010/19442] ok=8952 retried=803 last_latency=11.1s source=FAA_AIDS:a1995_99
[9020/19442] ok=8962 retried=803 last_latency=22.2s source=FAA_AIDS:a1995_99
[9030/19442] ok=8972 retried=803 last_latency=14.9s source=FAA_AIDS:a1995_99
[9040/19442] ok=8982 retried=803 last_latency=8.2s source=FAA_AIDS:a1995_99
[9050/19442] ok=8992 retried=804 last_latency=8.8s source=FAA_AIDS:a1995_99
[9060/19442] ok=9002 retried=804 last_latency=6.0s source=FAA_AIDS:a1995_99
[9070/19442] ok=9012 retried=805 last_latency=12.4s source=FAA_AIDS:a1995_99
[9080/19442] ok=9022 retried=805 last_latency=8.0s source=FAA_AIDS:a1995_99
[9090/19442] ok=9032 retried=805 last_latency=14.7s source=FAA_AIDS:a1995_99
[9100/19442] ok=9042 retried=806 last_latency=23.2s source=FAA_AIDS:a1995_99
[9110/19442] ok=9052 retried=806 last_latency=10.6s source=FAA_AIDS:a1995_99
[9120/19442] ok=9062 retried=807 last_latency=10.4s source=FAA_AIDS:a1995_99
[9130/19442] ok=9072 retried=809 last_latency=18.8s source=FAA_AIDS:a1995_99
[9140/19442] ok=9082 retried=809 last_latency=13.2s source=FAA_AIDS:a1995_99
[9150/19442] ok=9091 retried=809 last_latency=9.5s source=FAA_AIDS:a1995_99
[9160/19442] ok=9101 retried=809 last_latency=15.6s source=FAA_AIDS:a1995_99
[9170/19442] ok=9111 retried=810 last_latency=17.3s source=FAA_AIDS:a1995_99
[9180/19442] ok=9121 retried=810 last_latency=12.4s source=FAA_AIDS:a1995_99
[9190/19442] ok=9131 retried=810 last_latency=11.6s source=FAA_AIDS:a1995_99
[9200/19442] ok=9141 retried=810 last_latency=12.5s source=FAA_AIDS:a1995_99
[9210/19442] ok=9151 retried=810 last_latency=8.7s source=FAA_AIDS:a1995_99
[9220/19442] ok=9161 retried=811 last_latency=11.3s source=FAA_AIDS:a1995_99
[9230/19442] ok=9171 retried=811 last_latency=7.8s source=FAA_AIDS:a1995_99
[9240/19442] ok=9181 retried=812 last_latency=12.8s source=FAA_AIDS:a1995_99
[9250/19442] ok=9191 retried=813 last_latency=13.1s source=FAA_AIDS:a1995_99
[9260/19442] ok=9201 retried=813 last_latency=23.6s source=FAA_AIDS:a1995_99
[9270/19442] ok=9211 retried=813 last_latency=14.2s source=FAA_AIDS:a1995_99
[9280/19442] ok=9221 retried=814 last_latency=12.6s source=FAA_AIDS:a1995_99
[9290/19442] ok=9231 retried=815 last_latency=10.0s source=FAA_AIDS:a1995_99
[9300/19442] ok=9241 retried=816 last_latency=11.2s source=FAA_AIDS:a1995_99
[9310/19442] ok=9251 retried=816 last_latency=13.6s source=FAA_AIDS:a1995_99
[9320/19442] ok=9261 retried=817 last_latency=19.6s source=FAA_AIDS:a1995_99
[9330/19442] ok=9271 retried=819 last_latency=10.3s source=FAA_AIDS:a1995_99
[9340/19442] ok=9281 retried=820 last_latency=13.1s source=FAA_AIDS:a1995_99
[9350/19442] ok=9291 retried=820 last_latency=12.0s source=FAA_AIDS:a1995_99
[9360/19442] ok=9301 retried=821 last_latency=9.8s source=FAA_AIDS:a1995_99
[9370/19442] ok=9311 retried=821 last_latency=9.1s source=FAA_AIDS:a1995_99
[9380/19442] ok=9321 retried=821 last_latency=21.0s source=FAA_AIDS:a1995_99
[9390/19442] ok=9331 retried=821 last_latency=4.9s source=FAA_AIDS:a1995_99
[9400/19442] ok=9341 retried=821 last_latency=12.9s source=FAA_AIDS:a1995_99
[9410/19442] ok=9351 retried=821 last_latency=12.9s source=FAA_AIDS:a1995_99
[9420/19442] ok=9361 retried=821 last_latency=14.7s source=FAA_AIDS:a1995_99
[9430/19442] ok=9371 retried=821 last_latency=10.3s source=FAA_AIDS:a1995_99
[9440/19442] ok=9381 retried=824 last_latency=11.8s source=FAA_AIDS:a1995_99
[9450/19442] ok=9391 retried=824 last_latency=22.0s source=FAA_AIDS:a1995_99
[9460/19442] ok=9401 retried=825 last_latency=16.4s source=FAA_AIDS:a1995_99
[9470/19442] ok=9411 retried=827 last_latency=15.0s source=FAA_AIDS:a1995_99
[9480/19442] ok=9421 retried=828 last_latency=12.3s source=FAA_AIDS:a1995_99
[9490/19442] ok=9431 retried=828 last_latency=14.1s source=FAA_AIDS:a1995_99
[9500/19442] ok=9441 retried=828 last_latency=14.7s source=FAA_AIDS:a1995_99
[9510/19442] ok=9451 retried=828 last_latency=19.7s source=FAA_AIDS:a1995_99
[9520/19442] ok=9461 retried=828 last_latency=17.1s source=FAA_AIDS:a1995_99
[9530/19442] ok=9471 retried=830 last_latency=9.4s source=FAA_AIDS:a1995_99
[9540/19442] ok=9481 retried=830 last_latency=12.9s source=FAA_AIDS:a1995_99
[9550/19442] ok=9491 retried=830 last_latency=17.4s source=FAA_AIDS:a1995_99
[9560/19442] ok=9500 retried=831 last_latency=10.0s source=FAA_AIDS:a2000_04
[9570/19442] ok=9510 retried=831 last_latency=9.6s source=FAA_AIDS:a1995_99
[9580/19442] ok=9520 retried=833 last_latency=18.0s source=FAA_AIDS:a1995_99
[9590/19442] ok=9530 retried=833 last_latency=18.0s source=FAA_AIDS:a2000_04
[9600/19442] ok=9540 retried=835 last_latency=0.4s source=FAA_AIDS:a1995_99
[9610/19442] ok=9550 retried=836 last_latency=23.0s source=FAA_AIDS:a1995_99
[9620/19442] ok=9560 retried=837 last_latency=11.1s source=FAA_AIDS:a1995_99
[9630/19442] ok=9570 retried=838 last_latency=15.6s source=FAA_AIDS:a1995_99
[9640/19442] ok=9580 retried=838 last_latency=18.6s source=FAA_AIDS:a1995_99
[9650/19442] ok=9590 retried=838 last_latency=19.8s source=FAA_AIDS:a1995_99
[9660/19442] ok=9600 retried=838 last_latency=10.2s source=FAA_AIDS:a1995_99
[9670/19442] ok=9610 retried=840 last_latency=8.3s source=FAA_AIDS:a2000_04
[9680/19442] ok=9620 retried=842 last_latency=22.7s source=FAA_AIDS:a1995_99
[9690/19442] ok=9630 retried=842 last_latency=13.4s source=FAA_AIDS:a1995_99
[9700/19442] ok=9640 retried=842 last_latency=17.3s source=FAA_AIDS:a1995_99
[9710/19442] ok=9650 retried=843 last_latency=12.6s source=FAA_AIDS:a1995_99
[9720/19442] ok=9660 retried=846 last_latency=14.6s source=FAA_AIDS:a1995_99
[9730/19442] ok=9670 retried=846 last_latency=15.3s source=FAA_AIDS:a1995_99
[9740/19442] ok=9680 retried=846 last_latency=16.7s source=FAA_AIDS:a1995_99
[9750/19442] ok=9690 retried=847 last_latency=15.4s source=FAA_AIDS:a2000_04
[9760/19442] ok=9700 retried=848 last_latency=15.6s source=FAA_AIDS:a1995_99
[9770/19442] ok=9710 retried=848 last_latency=11.2s source=FAA_AIDS:a1995_99
[9780/19442] ok=9720 retried=848 last_latency=15.2s source=FAA_AIDS:a1995_99
[9790/19442] ok=9730 retried=848 last_latency=15.4s source=FAA_AIDS:a1995_99
[9800/19442] ok=9740 retried=849 last_latency=32.0s source=FAA_AIDS:a1995_99
[9810/19442] ok=9750 retried=850 last_latency=15.2s source=FAA_AIDS:a1995_99
[9820/19442] ok=9760 retried=850 last_latency=18.1s source=FAA_AIDS:a2000_04
[9830/19442] ok=9770 retried=852 last_latency=34.2s source=FAA_AIDS:a1995_99
[9840/19442] ok=9780 retried=852 last_latency=9.9s source=FAA_AIDS:a2000_04
[9850/19442] ok=9790 retried=853 last_latency=12.4s source=FAA_AIDS:a1995_99
[9860/19442] ok=9800 retried=853 last_latency=12.8s source=FAA_AIDS:a1995_99
[9870/19442] ok=9810 retried=853 last_latency=12.4s source=FAA_AIDS:a1995_99
[9880/19442] ok=9820 retried=853 last_latency=13.5s source=FAA_AIDS:a1995_99
[9890/19442] ok=9830 retried=853 last_latency=10.9s source=FAA_AIDS:a1995_99
[9900/19442] ok=9840 retried=853 last_latency=12.1s source=FAA_AIDS:a2000_04
[9910/19442] ok=9850 retried=853 last_latency=15.8s source=FAA_AIDS:a1995_99
[9920/19442] ok=9860 retried=854 last_latency=23.9s source=FAA_AIDS:a1995_99
[9930/19442] ok=9870 retried=854 last_latency=14.4s source=FAA_AIDS:a2000_04
[9940/19442] ok=9880 retried=854 last_latency=17.2s source=FAA_AIDS:a1995_99
[9950/19442] ok=9890 retried=856 last_latency=17.5s source=FAA_AIDS:a1995_99
[9960/19442] ok=9900 retried=856 last_latency=17.6s source=FAA_AIDS:a2000_04
[9970/19442] ok=9910 retried=856 last_latency=16.8s source=FAA_AIDS:a1995_99
[9980/19442] ok=9920 retried=856 last_latency=12.3s source=FAA_AIDS:a1995_99
[9990/19442] ok=9930 retried=856 last_latency=15.0s source=FAA_AIDS:a2000_04
[10000/19442] ok=9940 retried=856 last_latency=16.4s source=FAA_AIDS:a1995_99
[10010/19442] ok=9950 retried=857 last_latency=15.2s source=FAA_AIDS:a1995_99
[10020/19442] ok=9960 retried=857 last_latency=14.8s source=FAA_AIDS:a1995_99
[10030/19442] ok=9970 retried=857 last_latency=17.4s source=FAA_AIDS:a2000_04
[10040/19442] ok=9980 retried=858 last_latency=41.4s source=FAA_AIDS:a1995_99
[10050/19442] ok=9990 retried=858 last_latency=11.7s source=FAA_AIDS:a1995_99
[10060/19442] ok=10000 retried=858 last_latency=0.4s source=FAA_AIDS:a2000_04
[10070/19442] ok=10010 retried=859 last_latency=13.8s source=FAA_AIDS:a2000_04
[10080/19442] ok=10020 retried=860 last_latency=11.5s source=FAA_AIDS:a2000_04
[10090/19442] ok=10030 retried=861 last_latency=11.6s source=FAA_AIDS:a1995_99
[10100/19442] ok=10040 retried=862 last_latency=17.4s source=FAA_AIDS:a1995_99
[10110/19442] ok=10050 retried=862 last_latency=9.5s source=FAA_AIDS:a2000_04
[10120/19442] ok=10060 retried=864 last_latency=26.9s source=FAA_AIDS:a2000_04
[10130/19442] ok=10070 retried=864 last_latency=17.3s source=FAA_AIDS:a2000_04
[10140/19442] ok=10080 retried=865 last_latency=11.4s source=FAA_AIDS:a2000_04
[10150/19442] ok=10090 retried=865 last_latency=13.6s source=FAA_AIDS:a2000_04
[10160/19442] ok=10100 retried=865 last_latency=9.6s source=FAA_AIDS:a2000_04
[10170/19442] ok=10110 retried=865 last_latency=14.8s source=FAA_AIDS:a2000_04
[10180/19442] ok=10120 retried=865 last_latency=21.0s source=FAA_AIDS:a1995_99
[10190/19442] ok=10130 retried=866 last_latency=15.5s source=FAA_AIDS:a2000_04
[10200/19442] ok=10140 retried=867 last_latency=17.8s source=FAA_AIDS:a2000_04
[10210/19442] ok=10150 retried=867 last_latency=14.5s source=FAA_AIDS:a2000_04
[10220/19442] ok=10160 retried=870 last_latency=29.3s source=FAA_AIDS:a2000_04
[10230/19442] ok=10170 retried=870 last_latency=11.3s source=FAA_AIDS:a2000_04
[10240/19442] ok=10180 retried=870 last_latency=16.2s source=FAA_AIDS:a2000_04
[10250/19442] ok=10190 retried=871 last_latency=15.0s source=FAA_AIDS:a2000_04
[10260/19442] ok=10200 retried=872 last_latency=6.2s source=FAA_AIDS:a2000_04
[10270/19442] ok=10210 retried=872 last_latency=21.6s source=FAA_AIDS:a2000_04
[10280/19442] ok=10220 retried=872 last_latency=12.2s source=FAA_AIDS:a2000_04
[10290/19442] ok=10230 retried=872 last_latency=20.9s source=FAA_AIDS:a2000_04
[10300/19442] ok=10240 retried=874 last_latency=32.7s source=FAA_AIDS:a1995_99
[10310/19442] ok=10250 retried=876 last_latency=16.6s source=FAA_AIDS:a2000_04
[10320/19442] ok=10260 retried=876 last_latency=13.5s source=FAA_AIDS:a2000_04
[10330/19442] ok=10270 retried=878 last_latency=12.0s source=FAA_AIDS:a2000_04
[10340/19442] ok=10280 retried=878 last_latency=10.3s source=FAA_AIDS:a2000_04
[10350/19442] ok=10290 retried=879 last_latency=15.0s source=FAA_AIDS:a2000_04
[10360/19442] ok=10300 retried=880 last_latency=8.4s source=FAA_AIDS:a2000_04
[10370/19442] ok=10310 retried=880 last_latency=14.0s source=FAA_AIDS:a2000_04
[10380/19442] ok=10320 retried=883 last_latency=43.3s source=FAA_AIDS:a2000_04
[10390/19442] ok=10329 retried=883 last_latency=7.7s source=FAA_AIDS:a2000_04
[10400/19442] ok=10339 retried=884 last_latency=11.0s source=FAA_AIDS:a2000_04
[10410/19442] ok=10349 retried=884 last_latency=12.6s source=FAA_AIDS:a2000_04
[10420/19442] ok=10359 retried=884 last_latency=14.4s source=FAA_AIDS:a2000_04
[10430/19442] ok=10369 retried=885 last_latency=8.7s source=FAA_AIDS:a2000_04
[10440/19442] ok=10379 retried=886 last_latency=23.6s source=FAA_AIDS:a2000_04
[10450/19442] ok=10389 retried=887 last_latency=19.3s source=FAA_AIDS:a2000_04
[10460/19442] ok=10399 retried=887 last_latency=8.7s source=FAA_AIDS:a2000_04
[10470/19442] ok=10409 retried=887 last_latency=11.1s source=FAA_AIDS:a2000_04
[10480/19442] ok=10419 retried=887 last_latency=10.7s source=FAA_AIDS:a2000_04
[10490/19442] ok=10429 retried=887 last_latency=15.1s source=FAA_AIDS:a2000_04
[10500/19442] ok=10439 retried=888 last_latency=14.3s source=FAA_AIDS:a2000_04
[10510/19442] ok=10449 retried=889 last_latency=11.8s source=FAA_AIDS:a2000_04
[10520/19442] ok=10459 retried=889 last_latency=16.3s source=FAA_AIDS:a2000_04
[10530/19442] ok=10469 retried=890 last_latency=11.7s source=FAA_AIDS:a2000_04
[10540/19442] ok=10479 retried=890 last_latency=16.2s source=FAA_AIDS:a2000_04
[10550/19442] ok=10489 retried=891 last_latency=16.9s source=FAA_AIDS:a2000_04
[10560/19442] ok=10499 retried=891 last_latency=5.1s source=FAA_AIDS:a2000_04
[10570/19442] ok=10509 retried=892 last_latency=15.1s source=FAA_AIDS:a2000_04
[10580/19442] ok=10519 retried=893 last_latency=17.4s source=FAA_AIDS:a2000_04
[10590/19442] ok=10529 retried=893 last_latency=11.5s source=FAA_AIDS:a2000_04
[10600/19442] ok=10539 retried=893 last_latency=18.2s source=FAA_AIDS:a2000_04
[10610/19442] ok=10549 retried=894 last_latency=15.1s source=FAA_AIDS:a2000_04
[10620/19442] ok=10559 retried=895 last_latency=12.3s source=FAA_AIDS:a2000_04
[10630/19442] ok=10569 retried=896 last_latency=18.9s source=FAA_AIDS:a2000_04
[10640/19442] ok=10579 retried=897 last_latency=7.5s source=FAA_AIDS:a2000_04
[10650/19442] ok=10589 retried=897 last_latency=15.9s source=FAA_AIDS:a2000_04
[10660/19442] ok=10599 retried=897 last_latency=17.7s source=FAA_AIDS:a2000_04
[10670/19442] ok=10609 retried=898 last_latency=15.9s source=FAA_AIDS:a2000_04
[10680/19442] ok=10619 retried=898 last_latency=10.5s source=FAA_AIDS:a2000_04
[10690/19442] ok=10629 retried=900 last_latency=30.8s source=FAA_AIDS:a2000_04
[10700/19442] ok=10639 retried=900 last_latency=16.5s source=FAA_AIDS:a2000_04
[10710/19442] ok=10649 retried=900 last_latency=18.8s source=FAA_AIDS:a2000_04
[10720/19442] ok=10659 retried=900 last_latency=13.0s source=FAA_AIDS:a2000_04
[10730/19442] ok=10669 retried=900 last_latency=18.0s source=FAA_AIDS:a2000_04
[10740/19442] ok=10679 retried=901 last_latency=16.7s source=FAA_AIDS:a2000_04
[10750/19442] ok=10689 retried=902 last_latency=26.5s source=FAA_AIDS:a2000_04
[10760/19442] ok=10699 retried=902 last_latency=11.4s source=FAA_AIDS:a2000_04
[10770/19442] ok=10709 retried=904 last_latency=14.9s source=FAA_AIDS:a2000_04
[10780/19442] ok=10719 retried=906 last_latency=24.5s source=FAA_AIDS:a2000_04
[10790/19442] ok=10729 retried=907 last_latency=20.2s source=FAA_AIDS:a2000_04
[10800/19442] ok=10739 retried=908 last_latency=14.4s source=FAA_AIDS:a2000_04
[10810/19442] ok=10749 retried=909 last_latency=16.0s source=FAA_AIDS:a2000_04
[10820/19442] ok=10759 retried=909 last_latency=14.0s source=FAA_AIDS:a2000_04
[10830/19442] ok=10768 retried=910 last_latency=15.5s source=FAA_AIDS:a2000_04
[10840/19442] ok=10778 retried=911 last_latency=34.3s source=FAA_AIDS:a2000_04
[10850/19442] ok=10788 retried=911 last_latency=21.6s source=FAA_AIDS:a2000_04
[10860/19442] ok=10798 retried=911 last_latency=11.3s source=FAA_AIDS:a2000_04
[10870/19442] ok=10808 retried=912 last_latency=10.4s source=FAA_AIDS:a2000_04
[10880/19442] ok=10818 retried=912 last_latency=4.4s source=FAA_AIDS:a2000_04
[10890/19442] ok=10828 retried=912 last_latency=21.5s source=FAA_AIDS:a2000_04
[10900/19442] ok=10838 retried=912 last_latency=22.7s source=FAA_AIDS:a2000_04
[10910/19442] ok=10848 retried=912 last_latency=16.0s source=FAA_AIDS:a2000_04
[10920/19442] ok=10858 retried=912 last_latency=13.5s source=FAA_AIDS:a2000_04
[10930/19442] ok=10868 retried=912 last_latency=14.6s source=FAA_AIDS:a2000_04
[10940/19442] ok=10878 retried=914 last_latency=29.2s source=FAA_AIDS:a2000_04
[10950/19442] ok=10888 retried=914 last_latency=14.8s source=FAA_AIDS:a2000_04
[10960/19442] ok=10898 retried=915 last_latency=18.9s source=FAA_AIDS:a2000_04
[10970/19442] ok=10908 retried=915 last_latency=0.4s source=FAA_AIDS:a2000_04
[10980/19442] ok=10918 retried=916 last_latency=13.8s source=FAA_AIDS:a2000_04
[10990/19442] ok=10928 retried=916 last_latency=21.4s source=FAA_AIDS:a2000_04
[11000/19442] ok=10938 retried=917 last_latency=12.4s source=FAA_AIDS:a2000_04
[11010/19442] ok=10948 retried=917 last_latency=8.8s source=FAA_AIDS:a2000_04
[11020/19442] ok=10958 retried=917 last_latency=15.6s source=FAA_AIDS:a2000_04
[11030/19442] ok=10968 retried=917 last_latency=14.5s source=FAA_AIDS:a2000_04
[11040/19442] ok=10978 retried=919 last_latency=18.3s source=FAA_AIDS:a2000_04
[11050/19442] ok=10988 retried=919 last_latency=22.2s source=FAA_AIDS:a2000_04
[11060/19442] ok=10998 retried=920 last_latency=12.0s source=FAA_AIDS:a2000_04
[11070/19442] ok=11008 retried=920 last_latency=11.3s source=FAA_AIDS:a2000_04
[11080/19442] ok=11018 retried=920 last_latency=17.7s source=FAA_AIDS:a2000_04
[11090/19442] ok=11028 retried=920 last_latency=14.7s source=FAA_AIDS:a2000_04
[11100/19442] ok=11038 retried=920 last_latency=6.6s source=FAA_AIDS:a2000_04
[11110/19442] ok=11048 retried=920 last_latency=8.9s source=FAA_AIDS:a2000_04
[11120/19442] ok=11058 retried=920 last_latency=11.7s source=FAA_AIDS:a2000_04
[11130/19442] ok=11068 retried=920 last_latency=11.1s source=FAA_AIDS:a2000_04
[11140/19442] ok=11078 retried=921 last_latency=13.2s source=FAA_AIDS:a2000_04
[11150/19442] ok=11087 retried=921 last_latency=12.9s source=FAA_AIDS:a2000_04
[11160/19442] ok=11097 retried=921 last_latency=9.4s source=FAA_AIDS:a2000_04
[11170/19442] ok=11107 retried=922 last_latency=9.9s source=FAA_AIDS:a2000_04
[11180/19442] ok=11117 retried=923 last_latency=17.7s source=FAA_AIDS:a2000_04
[11190/19442] ok=11127 retried=924 last_latency=16.4s source=FAA_AIDS:a2000_04
[11200/19442] ok=11137 retried=925 last_latency=19.9s source=FAA_AIDS:a2000_04
[11210/19442] ok=11146 retried=925 last_latency=12.5s source=FAA_AIDS:a2000_04
[11220/19442] ok=11156 retried=925 last_latency=17.7s source=FAA_AIDS:a2000_04
[11230/19442] ok=11166 retried=925 last_latency=13.3s source=FAA_AIDS:a2000_04
[11240/19442] ok=11176 retried=926 last_latency=18.3s source=FAA_AIDS:a2000_04
[11250/19442] ok=11186 retried=927 last_latency=13.0s source=FAA_AIDS:a2000_04
[11260/19442] ok=11196 retried=927 last_latency=18.4s source=FAA_AIDS:a2000_04
[11270/19442] ok=11206 retried=927 last_latency=12.0s source=FAA_AIDS:a2000_04
[11280/19442] ok=11216 retried=928 last_latency=18.9s source=FAA_AIDS:a2000_04
[11290/19442] ok=11225 retried=929 last_latency=10.7s source=FAA_AIDS:a2000_04
[11300/19442] ok=11235 retried=929 last_latency=8.6s source=FAA_AIDS:a2000_04
[11310/19442] ok=11245 retried=930 last_latency=16.6s source=FAA_AIDS:a2000_04
[11320/19442] ok=11255 retried=930 last_latency=8.9s source=FAA_AIDS:a2000_04
[11330/19442] ok=11265 retried=931 last_latency=15.4s source=FAA_AIDS:a2000_04
[11340/19442] ok=11275 retried=931 last_latency=19.3s source=FAA_AIDS:a2000_04
[11350/19442] ok=11285 retried=932 last_latency=22.3s source=FAA_AIDS:a2000_04
[11360/19442] ok=11295 retried=934 last_latency=0.6s source=FAA_AIDS:a2000_04
[11370/19442] ok=11305 retried=934 last_latency=10.5s source=FAA_AIDS:a2000_04
[11380/19442] ok=11315 retried=934 last_latency=13.9s source=FAA_AIDS:a2000_04
[11390/19442] ok=11325 retried=935 last_latency=9.8s source=FAA_AIDS:a2000_04
[11400/19442] ok=11335 retried=935 last_latency=12.0s source=FAA_AIDS:a2000_04
[11410/19442] ok=11345 retried=936 last_latency=12.6s source=FAA_AIDS:a2000_04
[11420/19442] ok=11355 retried=938 last_latency=13.0s source=FAA_AIDS:a2000_04
[11430/19442] ok=11365 retried=939 last_latency=12.7s source=FAA_AIDS:a2000_04
[11440/19442] ok=11375 retried=940 last_latency=17.5s source=FAA_AIDS:a2000_04
[11450/19442] ok=11385 retried=940 last_latency=15.2s source=FAA_AIDS:a2000_04
[11460/19442] ok=11394 retried=940 last_latency=13.4s source=FAA_AIDS:a2000_04
[11470/19442] ok=11404 retried=940 last_latency=18.9s source=FAA_AIDS:a2000_04
[11480/19442] ok=11414 retried=941 last_latency=8.8s source=FAA_AIDS:a2000_04
[11490/19442] ok=11424 retried=941 last_latency=12.1s source=FAA_AIDS:a2000_04
[11500/19442] ok=11434 retried=942 last_latency=12.0s source=FAA_AIDS:a2000_04
[11510/19442] ok=11444 retried=942 last_latency=17.0s source=FAA_AIDS:a2000_04
[11520/19442] ok=11454 retried=942 last_latency=17.5s source=FAA_AIDS:a2000_04
[11530/19442] ok=11464 retried=943 last_latency=11.9s source=FAA_AIDS:a2000_04
[11540/19442] ok=11474 retried=944 last_latency=42.9s source=FAA_AIDS:a2000_04
[11550/19442] ok=11484 retried=946 last_latency=17.1s source=FAA_AIDS:a2000_04
[11560/19442] ok=11494 retried=946 last_latency=12.3s source=FAA_AIDS:a2000_04
[11570/19442] ok=11504 retried=946 last_latency=18.4s source=FAA_AIDS:a2000_04
[11580/19442] ok=11514 retried=946 last_latency=14.1s source=FAA_AIDS:a2000_04
[11590/19442] ok=11524 retried=946 last_latency=15.5s source=FAA_AIDS:a2000_04
[11600/19442] ok=11534 retried=946 last_latency=28.2s source=FAA_AIDS:a2000_04
[11610/19442] ok=11544 retried=947 last_latency=7.7s source=FAA_AIDS:a2000_04
[11620/19442] ok=11554 retried=947 last_latency=10.4s source=FAA_AIDS:a2000_04
[11630/19442] ok=11564 retried=947 last_latency=14.1s source=FAA_AIDS:a2000_04
[11640/19442] ok=11574 retried=947 last_latency=11.8s source=FAA_AIDS:a2000_04
[11650/19442] ok=11584 retried=947 last_latency=14.6s source=FAA_AIDS:a2000_04
[11660/19442] ok=11594 retried=947 last_latency=14.2s source=FAA_AIDS:a2000_04
[11670/19442] ok=11604 retried=948 last_latency=14.0s source=FAA_AIDS:a2000_04
[11680/19442] ok=11614 retried=948 last_latency=18.9s source=FAA_AIDS:a2000_04
[11690/19442] ok=11624 retried=948 last_latency=14.9s source=FAA_AIDS:a2000_04
[11700/19442] ok=11634 retried=948 last_latency=17.0s source=FAA_AIDS:a2000_04
[11710/19442] ok=11644 retried=948 last_latency=11.3s source=FAA_AIDS:a2000_04
[11720/19442] ok=11654 retried=949 last_latency=15.0s source=FAA_AIDS:a2000_04
[11730/19442] ok=11664 retried=950 last_latency=10.5s source=FAA_AIDS:a2000_04
[11740/19442] ok=11674 retried=950 last_latency=15.2s source=FAA_AIDS:a2000_04
[11750/19442] ok=11684 retried=952 last_latency=8.1s source=FAA_AIDS:a2000_04
[11760/19442] ok=11694 retried=952 last_latency=12.2s source=FAA_AIDS:a2000_04
[11770/19442] ok=11703 retried=952 last_latency=4.6s source=FAA_AIDS:a2000_04
[11780/19442] ok=11713 retried=952 last_latency=13.4s source=FAA_AIDS:a2000_04
[11790/19442] ok=11723 retried=953 last_latency=17.3s source=FAA_AIDS:a2000_04
[11800/19442] ok=11733 retried=955 last_latency=15.2s source=FAA_AIDS:a2000_04
[11810/19442] ok=11743 retried=955 last_latency=15.3s source=FAA_AIDS:a2000_04
[11820/19442] ok=11753 retried=956 last_latency=25.8s source=FAA_AIDS:a2000_04
[11830/19442] ok=11763 retried=957 last_latency=13.9s source=FAA_AIDS:a2000_04
[11840/19442] ok=11773 retried=959 last_latency=17.4s source=FAA_AIDS:a2000_04
[11850/19442] ok=11783 retried=960 last_latency=36.3s source=FAA_AIDS:a2000_04
[11860/19442] ok=11793 retried=960 last_latency=12.5s source=FAA_AIDS:a2000_04
[11870/19442] ok=11803 retried=961 last_latency=44.7s source=FAA_AIDS:a2000_04
[11880/19442] ok=11813 retried=963 last_latency=10.0s source=FAA_AIDS:a2000_04
[11890/19442] ok=11823 retried=964 last_latency=8.1s source=FAA_AIDS:a2000_04
[11900/19442] ok=11833 retried=965 last_latency=8.4s source=FAA_AIDS:a2000_04
[11910/19442] ok=11843 retried=965 last_latency=12.4s source=FAA_AIDS:a2000_04
[11920/19442] ok=11853 retried=965 last_latency=12.4s source=FAA_AIDS:a2000_04
[11930/19442] ok=11863 retried=965 last_latency=20.2s source=FAA_AIDS:a2000_04
[11940/19442] ok=11873 retried=965 last_latency=14.4s source=FAA_AIDS:a2000_04
[11950/19442] ok=11883 retried=965 last_latency=13.0s source=FAA_AIDS:a2000_04
[11960/19442] ok=11893 retried=966 last_latency=13.5s source=FAA_AIDS:a2000_04
[11970/19442] ok=11903 retried=966 last_latency=12.6s source=FAA_AIDS:a2000_04
[11980/19442] ok=11913 retried=967 last_latency=12.6s source=FAA_AIDS:a2000_04
[11990/19442] ok=11923 retried=967 last_latency=11.7s source=FAA_AIDS:a2000_04
[12000/19442] ok=11933 retried=969 last_latency=15.6s source=FAA_AIDS:a2000_04
[12010/19442] ok=11943 retried=970 last_latency=11.5s source=FAA_AIDS:a2000_04
[12020/19442] ok=11953 retried=972 last_latency=13.6s source=FAA_AIDS:a2000_04
[12030/19442] ok=11963 retried=972 last_latency=16.7s source=FAA_AIDS:a2000_04
[12040/19442] ok=11973 retried=972 last_latency=13.3s source=FAA_AIDS:a2000_04
[12050/19442] ok=11983 retried=972 last_latency=13.7s source=FAA_AIDS:a2000_04
[12060/19442] ok=11993 retried=972 last_latency=11.5s source=FAA_AIDS:a2000_04
[12070/19442] ok=12003 retried=974 last_latency=10.7s source=FAA_AIDS:a2000_04
[12080/19442] ok=12013 retried=974 last_latency=10.1s source=FAA_AIDS:a2000_04
[12090/19442] ok=12023 retried=976 last_latency=17.3s source=FAA_AIDS:a2000_04
[12100/19442] ok=12033 retried=976 last_latency=17.3s source=FAA_AIDS:a2000_04
[12110/19442] ok=12043 retried=977 last_latency=15.1s source=FAA_AIDS:a2000_04
[12120/19442] ok=12053 retried=977 last_latency=21.1s source=FAA_AIDS:a2000_04
[12130/19442] ok=12063 retried=978 last_latency=12.8s source=FAA_AIDS:a2000_04
[12140/19442] ok=12073 retried=979 last_latency=9.4s source=FAA_AIDS:a2000_04
[12150/19442] ok=12083 retried=981 last_latency=12.5s source=FAA_AIDS:a2000_04
[12160/19442] ok=12093 retried=981 last_latency=14.5s source=FAA_AIDS:a2000_04
[12170/19442] ok=12103 retried=981 last_latency=26.0s source=FAA_AIDS:a2000_04
[12180/19442] ok=12113 retried=982 last_latency=23.7s source=FAA_AIDS:a2000_04
[12190/19442] ok=12123 retried=982 last_latency=11.9s source=FAA_AIDS:a2000_04
[12200/19442] ok=12133 retried=982 last_latency=15.5s source=FAA_AIDS:a2000_04
[12210/19442] ok=12143 retried=984 last_latency=16.9s source=FAA_AIDS:a2000_04
[12220/19442] ok=12153 retried=985 last_latency=12.8s source=FAA_AIDS:a2000_04
[12230/19442] ok=12162 retried=985 last_latency=12.8s source=FAA_AIDS:a2000_04
[12240/19442] ok=12172 retried=985 last_latency=12.9s source=FAA_AIDS:a2000_04
[12250/19442] ok=12182 retried=985 last_latency=17.3s source=FAA_AIDS:a2000_04
[12260/19442] ok=12192 retried=985 last_latency=17.3s source=FAA_AIDS:a2000_04
[12270/19442] ok=12202 retried=985 last_latency=15.0s source=FAA_AIDS:a2000_04
[12280/19442] ok=12212 retried=986 last_latency=30.7s source=FAA_AIDS:a2000_04
[12290/19442] ok=12222 retried=986 last_latency=13.8s source=FAA_AIDS:a2000_04
[12300/19442] ok=12232 retried=987 last_latency=12.7s source=FAA_AIDS:a2000_04
[12310/19442] ok=12241 retried=987 last_latency=14.2s source=FAA_AIDS:a2000_04
[12320/19442] ok=12251 retried=987 last_latency=13.6s source=FAA_AIDS:a2000_04
[12330/19442] ok=12261 retried=988 last_latency=0.5s source=FAA_AIDS:a2000_04
[12340/19442] ok=12271 retried=989 last_latency=12.4s source=FAA_AIDS:a2000_04
[12350/19442] ok=12281 retried=991 last_latency=12.8s source=FAA_AIDS:a2000_04
[12360/19442] ok=12291 retried=993 last_latency=7.6s source=FAA_AIDS:a2005_09
[12370/19442] ok=12301 retried=993 last_latency=24.1s source=FAA_AIDS:a2000_04
[12380/19442] ok=12311 retried=995 last_latency=45.6s source=FAA_AIDS:a2000_04
[12390/19442] ok=12321 retried=995 last_latency=15.4s source=FAA_AIDS:a2000_04
[12400/19442] ok=12331 retried=996 last_latency=23.6s source=FAA_AIDS:a2000_04
[12410/19442] ok=12341 retried=996 last_latency=14.5s source=FAA_AIDS:a2000_04
[12420/19442] ok=12351 retried=997 last_latency=10.7s source=FAA_AIDS:a2005_09
[12430/19442] ok=12361 retried=997 last_latency=7.5s source=FAA_AIDS:a2000_04
[12440/19442] ok=12371 retried=998 last_latency=13.1s source=FAA_AIDS:a2005_09
[12450/19442] ok=12381 retried=998 last_latency=20.1s source=FAA_AIDS:a2000_04
[12460/19442] ok=12391 retried=998 last_latency=9.0s source=FAA_AIDS:a2000_04
[12470/19442] ok=12401 retried=998 last_latency=11.6s source=FAA_AIDS:a2000_04
[12480/19442] ok=12411 retried=999 last_latency=14.2s source=FAA_AIDS:a2000_04
[12490/19442] ok=12421 retried=1000 last_latency=13.6s source=FAA_AIDS:a2000_04
[12500/19442] ok=12431 retried=1000 last_latency=16.3s source=FAA_AIDS:a2005_09
[12510/19442] ok=12441 retried=1001 last_latency=18.3s source=FAA_AIDS:a2000_04
[12520/19442] ok=12451 retried=1002 last_latency=14.0s source=FAA_AIDS:a2005_09
[12530/19442] ok=12461 retried=1002 last_latency=18.8s source=FAA_AIDS:a2000_04
[12540/19442] ok=12471 retried=1002 last_latency=17.4s source=FAA_AIDS:a2000_04
[12550/19442] ok=12481 retried=1003 last_latency=14.3s source=FAA_AIDS:a2000_04
[12560/19442] ok=12491 retried=1004 last_latency=15.1s source=FAA_AIDS:a2000_04
[12570/19442] ok=12501 retried=1005 last_latency=8.7s source=FAA_AIDS:a2000_04
[12580/19442] ok=12510 retried=1005 last_latency=15.3s source=FAA_AIDS:a2000_04
[12590/19442] ok=12520 retried=1006 last_latency=13.4s source=FAA_AIDS:a2000_04
[12600/19442] ok=12530 retried=1007 last_latency=15.6s source=FAA_AIDS:a2005_09
[12610/19442] ok=12540 retried=1008 last_latency=11.6s source=FAA_AIDS:a2000_04
[12620/19442] ok=12550 retried=1008 last_latency=11.9s source=FAA_AIDS:a2000_04
[12630/19442] ok=12560 retried=1010 last_latency=10.1s source=FAA_AIDS:a2000_04
[12640/19442] ok=12570 retried=1010 last_latency=11.4s source=FAA_AIDS:a2000_04
[12650/19442] ok=12580 retried=1010 last_latency=17.4s source=FAA_AIDS:a2000_04
[12660/19442] ok=12590 retried=1010 last_latency=7.2s source=FAA_AIDS:a2000_04
[12670/19442] ok=12600 retried=1010 last_latency=8.2s source=FAA_AIDS:a2000_04
[12680/19442] ok=12610 retried=1012 last_latency=25.2s source=FAA_AIDS:a2000_04
[12690/19442] ok=12620 retried=1012 last_latency=17.7s source=FAA_AIDS:a2000_04
[12700/19442] ok=12630 retried=1013 last_latency=26.6s source=FAA_AIDS:a2000_04
[12710/19442] ok=12640 retried=1014 last_latency=9.8s source=FAA_AIDS:a2000_04
[12720/19442] ok=12650 retried=1016 last_latency=54.4s source=FAA_AIDS:a2000_04
[12730/19442] ok=12660 retried=1017 last_latency=11.5s source=FAA_AIDS:a2000_04
[12740/19442] ok=12670 retried=1017 last_latency=8.2s source=FAA_AIDS:a2000_04
[12750/19442] ok=12680 retried=1021 last_latency=18.9s source=FAA_AIDS:a2000_04
[12760/19442] ok=12690 retried=1021 last_latency=10.8s source=FAA_AIDS:a2000_04
[12770/19442] ok=12700 retried=1022 last_latency=8.3s source=FAA_AIDS:a2005_09
[12780/19442] ok=12710 retried=1022 last_latency=12.7s source=FAA_AIDS:a2005_09
[12790/19442] ok=12720 retried=1023 last_latency=20.3s source=FAA_AIDS:a2000_04
[12800/19442] ok=12730 retried=1024 last_latency=14.3s source=FAA_AIDS:a2005_09
[12810/19442] ok=12740 retried=1026 last_latency=12.8s source=FAA_AIDS:a2005_09
[12820/19442] ok=12750 retried=1027 last_latency=12.7s source=FAA_AIDS:a2005_09
[12830/19442] ok=12760 retried=1029 last_latency=19.1s source=FAA_AIDS:a2005_09
[12840/19442] ok=12770 retried=1030 last_latency=10.2s source=FAA_AIDS:a2005_09
[12850/19442] ok=12780 retried=1031 last_latency=18.2s source=FAA_AIDS:a2005_09
[12860/19442] ok=12790 retried=1034 last_latency=15.4s source=FAA_AIDS:a2000_04
[12870/19442] ok=12800 retried=1036 last_latency=7.8s source=FAA_AIDS:a2005_09
[12880/19442] ok=12810 retried=1036 last_latency=16.3s source=FAA_AIDS:a2000_04
[12890/19442] ok=12820 retried=1036 last_latency=13.5s source=FAA_AIDS:a2005_09
[12900/19442] ok=12830 retried=1037 last_latency=11.5s source=FAA_AIDS:a2000_04
[12910/19442] ok=12840 retried=1039 last_latency=16.0s source=FAA_AIDS:a2000_04
[12920/19442] ok=12849 retried=1039 last_latency=8.5s source=FAA_AIDS:a2005_09
[12930/19442] ok=12859 retried=1040 last_latency=13.6s source=FAA_AIDS:a2005_09
[12940/19442] ok=12869 retried=1041 last_latency=18.3s source=FAA_AIDS:a2000_04
[12950/19442] ok=12879 retried=1041 last_latency=29.1s source=FAA_AIDS:a2005_09
[12960/19442] ok=12889 retried=1042 last_latency=17.9s source=FAA_AIDS:a2005_09
[12970/19442] ok=12899 retried=1045 last_latency=29.9s source=FAA_AIDS:a2005_09
[12980/19442] ok=12909 retried=1047 last_latency=15.6s source=FAA_AIDS:a2005_09
[12990/19442] ok=12919 retried=1047 last_latency=9.2s source=FAA_AIDS:a2000_04
[13000/19442] ok=12928 retried=1047 last_latency=11.4s source=FAA_AIDS:a2005_09
[13010/19442] ok=12938 retried=1049 last_latency=6.1s source=FAA_AIDS:a2000_04
[13020/19442] ok=12948 retried=1051 last_latency=36.4s source=FAA_AIDS:a2005_09
[13030/19442] ok=12958 retried=1051 last_latency=15.7s source=FAA_AIDS:a2005_09
[13040/19442] ok=12968 retried=1053 last_latency=0.4s source=FAA_AIDS:a2005_09
[13050/19442] ok=12978 retried=1054 last_latency=12.3s source=FAA_AIDS:a2005_09
[13060/19442] ok=12988 retried=1055 last_latency=14.1s source=FAA_AIDS:a2005_09
[13070/19442] ok=12998 retried=1056 last_latency=13.4s source=FAA_AIDS:a2005_09
[13080/19442] ok=13008 retried=1056 last_latency=14.3s source=FAA_AIDS:a2005_09
[13090/19442] ok=13018 retried=1057 last_latency=8.4s source=FAA_AIDS:a2005_09
[13100/19442] ok=13028 retried=1057 last_latency=0.5s source=FAA_AIDS:a2010_14
[13110/19442] ok=13038 retried=1058 last_latency=16.5s source=FAA_AIDS:a2000_04
[13120/19442] ok=13047 retried=1058 last_latency=9.8s source=FAA_AIDS:a2005_09
[13130/19442] ok=13057 retried=1058 last_latency=9.2s source=FAA_AIDS:a2005_09
[13140/19442] ok=13067 retried=1058 last_latency=17.4s source=FAA_AIDS:a2005_09
[13150/19442] ok=13077 retried=1058 last_latency=11.8s source=FAA_AIDS:a2005_09
[13160/19442] ok=13087 retried=1059 last_latency=15.0s source=FAA_AIDS:a2005_09
[13170/19442] ok=13097 retried=1059 last_latency=15.0s source=FAA_AIDS:a2005_09
[13180/19442] ok=13107 retried=1059 last_latency=10.9s source=FAA_AIDS:a2005_09
[13190/19442] ok=13117 retried=1059 last_latency=10.9s source=FAA_AIDS:a2005_09
[13200/19442] ok=13127 retried=1059 last_latency=13.5s source=FAA_AIDS:a2000_04
[13210/19442] ok=13137 retried=1059 last_latency=15.3s source=FAA_AIDS:a2005_09
[13220/19442] ok=13147 retried=1060 last_latency=18.0s source=FAA_AIDS:a2005_09
[13230/19442] ok=13157 retried=1060 last_latency=17.8s source=FAA_AIDS:a2005_09
[13240/19442] ok=13167 retried=1060 last_latency=15.7s source=FAA_AIDS:a2005_09
[13250/19442] ok=13177 retried=1061 last_latency=22.5s source=FAA_AIDS:a2010_14
[13260/19442] ok=13186 retried=1062 last_latency=21.7s source=FAA_AIDS:a2005_09
[13270/19442] ok=13196 retried=1063 last_latency=11.7s source=FAA_AIDS:a2005_09
[13280/19442] ok=13206 retried=1064 last_latency=10.3s source=FAA_AIDS:a2005_09
[13290/19442] ok=13216 retried=1064 last_latency=15.1s source=FAA_AIDS:a2005_09
[13300/19442] ok=13226 retried=1064 last_latency=9.0s source=FAA_AIDS:a2005_09
[13310/19442] ok=13236 retried=1064 last_latency=9.7s source=FAA_AIDS:a2005_09
[13320/19442] ok=13246 retried=1064 last_latency=17.2s source=FAA_AIDS:a2005_09
[13330/19442] ok=13256 retried=1065 last_latency=12.1s source=FAA_AIDS:a2005_09
[13340/19442] ok=13266 retried=1066 last_latency=11.5s source=FAA_AIDS:a2005_09
[13350/19442] ok=13276 retried=1066 last_latency=11.7s source=FAA_AIDS:a2005_09
[13360/19442] ok=13286 retried=1067 last_latency=16.4s source=FAA_AIDS:a2005_09
[13370/19442] ok=13296 retried=1068 last_latency=14.9s source=FAA_AIDS:a2005_09
[13380/19442] ok=13306 retried=1068 last_latency=17.0s source=FAA_AIDS:a2005_09
[13390/19442] ok=13316 retried=1071 last_latency=14.1s source=FAA_AIDS:a2010_14
[13400/19442] ok=13326 retried=1071 last_latency=19.7s source=FAA_AIDS:a2005_09
[13410/19442] ok=13336 retried=1071 last_latency=15.1s source=FAA_AIDS:a2005_09
[13420/19442] ok=13346 retried=1072 last_latency=13.4s source=FAA_AIDS:a2005_09
[13430/19442] ok=13356 retried=1072 last_latency=15.6s source=FAA_AIDS:a2005_09
[13440/19442] ok=13366 retried=1072 last_latency=13.8s source=FAA_AIDS:a2010_14
[13450/19442] ok=13376 retried=1072 last_latency=15.9s source=FAA_AIDS:a2005_09
[13460/19442] ok=13386 retried=1073 last_latency=22.5s source=FAA_AIDS:a2005_09
[13470/19442] ok=13396 retried=1073 last_latency=9.5s source=FAA_AIDS:a2005_09
[13480/19442] ok=13406 retried=1073 last_latency=10.8s source=FAA_AIDS:a2005_09
[13490/19442] ok=13416 retried=1073 last_latency=22.3s source=FAA_AIDS:a2005_09
[13500/19442] ok=13426 retried=1075 last_latency=20.1s source=FAA_AIDS:a2005_09
[13510/19442] ok=13436 retried=1076 last_latency=14.5s source=FAA_AIDS:a2005_09
[13520/19442] ok=13446 retried=1077 last_latency=13.4s source=FAA_AIDS:a2005_09
[13530/19442] ok=13456 retried=1077 last_latency=8.4s source=FAA_AIDS:a2005_09
[13540/19442] ok=13466 retried=1079 last_latency=7.6s source=FAA_AIDS:a2005_09
[13550/19442] ok=13476 retried=1079 last_latency=10.2s source=FAA_AIDS:a2005_09
[13560/19442] ok=13486 retried=1079 last_latency=11.1s source=FAA_AIDS:a2005_09
[13570/19442] ok=13496 retried=1080 last_latency=10.2s source=FAA_AIDS:a2005_09
[13580/19442] ok=13506 retried=1080 last_latency=11.1s source=FAA_AIDS:a2005_09
[13590/19442] ok=13516 retried=1080 last_latency=11.5s source=FAA_AIDS:a2010_14
[13600/19442] ok=13526 retried=1081 last_latency=13.6s source=FAA_AIDS:a2005_09
[13610/19442] ok=13536 retried=1081 last_latency=18.5s source=FAA_AIDS:a2005_09
[13620/19442] ok=13546 retried=1081 last_latency=7.3s source=FAA_AIDS:a2005_09
[13630/19442] ok=13556 retried=1083 last_latency=32.3s source=FAA_AIDS:a2005_09
[13640/19442] ok=13566 retried=1085 last_latency=15.0s source=FAA_AIDS:a2005_09
[13650/19442] ok=13576 retried=1085 last_latency=14.7s source=FAA_AIDS:a2005_09
[13660/19442] ok=13586 retried=1085 last_latency=12.6s source=FAA_AIDS:a2010_14
[13670/19442] ok=13596 retried=1086 last_latency=14.1s source=FAA_AIDS:a2010_14
[13680/19442] ok=13606 retried=1090 last_latency=16.4s source=FAA_AIDS:a2005_09
[13690/19442] ok=13616 retried=1093 last_latency=21.9s source=FAA_AIDS:a2005_09
[13700/19442] ok=13626 retried=1093 last_latency=9.4s source=FAA_AIDS:a2005_09
[13710/19442] ok=13636 retried=1093 last_latency=14.5s source=FAA_AIDS:a2010_14
[13720/19442] ok=13646 retried=1093 last_latency=14.8s source=FAA_AIDS:a2005_09
[13730/19442] ok=13656 retried=1095 last_latency=7.8s source=FAA_AIDS:a2005_09
[13740/19442] ok=13666 retried=1095 last_latency=16.1s source=FAA_AIDS:a2005_09
[13750/19442] ok=13676 retried=1095 last_latency=13.0s source=FAA_AIDS:a2005_09
[13760/19442] ok=13685 retried=1096 last_latency=46.1s source=FAA_AIDS:a2005_09
[13770/19442] ok=13695 retried=1098 last_latency=11.8s source=FAA_AIDS:a2010_14
[13780/19442] ok=13705 retried=1098 last_latency=21.8s source=FAA_AIDS:a2010_14
[13790/19442] ok=13715 retried=1099 last_latency=15.6s source=FAA_AIDS:a2010_14
[13800/19442] ok=13725 retried=1099 last_latency=15.3s source=FAA_AIDS:a2010_14
[13810/19442] ok=13735 retried=1101 last_latency=0.5s source=FAA_AIDS:a2005_09
[13820/19442] ok=13745 retried=1101 last_latency=13.4s source=FAA_AIDS:a2010_14
[13830/19442] ok=13755 retried=1101 last_latency=17.4s source=FAA_AIDS:a2010_14
[13840/19442] ok=13765 retried=1101 last_latency=14.0s source=FAA_AIDS:a2010_14
[13850/19442] ok=13775 retried=1102 last_latency=17.3s source=FAA_AIDS:a2010_14
[13860/19442] ok=13785 retried=1102 last_latency=19.7s source=FAA_AIDS:a2010_14
[13870/19442] ok=13795 retried=1103 last_latency=7.4s source=FAA_AIDS:a2010_14
[13880/19442] ok=13805 retried=1103 last_latency=11.8s source=FAA_AIDS:a2005_09
[13890/19442] ok=13815 retried=1104 last_latency=12.1s source=FAA_AIDS:a2005_09
[13900/19442] ok=13825 retried=1104 last_latency=8.4s source=FAA_AIDS:a2010_14
[13910/19442] ok=13835 retried=1104 last_latency=7.9s source=FAA_AIDS:a2005_09
[13920/19442] ok=13845 retried=1104 last_latency=13.6s source=FAA_AIDS:a2010_14
[13930/19442] ok=13855 retried=1105 last_latency=4.7s source=FAA_AIDS:a2010_14
[13940/19442] ok=13865 retried=1105 last_latency=10.2s source=FAA_AIDS:a2010_14
[13950/19442] ok=13875 retried=1106 last_latency=37.6s source=FAA_AIDS:a2010_14
[13960/19442] ok=13885 retried=1106 last_latency=14.6s source=FAA_AIDS:a2010_14
[13970/19442] ok=13895 retried=1107 last_latency=15.1s source=FAA_AIDS:a2005_09
[13980/19442] ok=13905 retried=1108 last_latency=22.9s source=FAA_AIDS:a2010_14
[13990/19442] ok=13915 retried=1110 last_latency=11.3s source=FAA_AIDS:a2010_14
[14000/19442] ok=13925 retried=1112 last_latency=23.9s source=FAA_AIDS:a2010_14
[14010/19442] ok=13935 retried=1112 last_latency=19.3s source=FAA_AIDS:a2005_09
[14020/19442] ok=13945 retried=1113 last_latency=20.1s source=FAA_AIDS:a2010_14
[14030/19442] ok=13955 retried=1113 last_latency=9.2s source=FAA_AIDS:a2010_14
[14040/19442] ok=13965 retried=1114 last_latency=26.0s source=FAA_AIDS:a2010_14
[14050/19442] ok=13975 retried=1116 last_latency=38.5s source=FAA_AIDS:a2010_14
[14060/19442] ok=13985 retried=1116 last_latency=14.6s source=FAA_AIDS:a2010_14
[14070/19442] ok=13995 retried=1116 last_latency=14.8s source=FAA_AIDS:a2010_14
[14080/19442] ok=14005 retried=1117 last_latency=13.6s source=FAA_AIDS:a2010_14
[14090/19442] ok=14015 retried=1119 last_latency=12.2s source=FAA_AIDS:a2005_09
[14100/19442] ok=14025 retried=1119 last_latency=10.7s source=FAA_AIDS:a2010_14
[14110/19442] ok=14035 retried=1120 last_latency=10.8s source=FAA_AIDS:a2005_09
[14120/19442] ok=14045 retried=1120 last_latency=14.4s source=FAA_AIDS:a2010_14
[14130/19442] ok=14055 retried=1120 last_latency=8.7s source=FAA_AIDS:a2010_14
[14140/19442] ok=14065 retried=1122 last_latency=5.6s source=FAA_AIDS:a2010_14
[14150/19442] ok=14075 retried=1124 last_latency=20.6s source=FAA_AIDS:a2010_14
[14160/19442] ok=14085 retried=1124 last_latency=4.3s source=FAA_AIDS:a2010_14
[14170/19442] ok=14095 retried=1125 last_latency=22.7s source=FAA_AIDS:a2010_14
[14180/19442] ok=14105 retried=1126 last_latency=9.7s source=FAA_AIDS:a2010_14
[14190/19442] ok=14115 retried=1126 last_latency=18.2s source=FAA_AIDS:a2010_14
[14200/19442] ok=14125 retried=1126 last_latency=8.8s source=FAA_AIDS:a2010_14
[14210/19442] ok=14135 retried=1126 last_latency=17.4s source=FAA_AIDS:a2010_14
[14220/19442] ok=14145 retried=1126 last_latency=23.8s source=FAA_AIDS:a2010_14
[14230/19442] ok=14155 retried=1127 last_latency=3.7s source=FAA_AIDS:a2010_14
[14240/19442] ok=14165 retried=1128 last_latency=9.8s source=FAA_AIDS:a2005_09
[14250/19442] ok=14175 retried=1128 last_latency=17.6s source=FAA_AIDS:a2010_14
[14260/19442] ok=14185 retried=1128 last_latency=12.3s source=FAA_AIDS:a2010_14
[14270/19442] ok=14195 retried=1129 last_latency=16.9s source=FAA_AIDS:a2010_14
[14280/19442] ok=14205 retried=1129 last_latency=20.8s source=FAA_AIDS:a2010_14
[14290/19442] ok=14215 retried=1130 last_latency=12.9s source=FAA_AIDS:a2010_14
[14300/19442] ok=14225 retried=1130 last_latency=17.9s source=FAA_AIDS:a2005_09
[14310/19442] ok=14235 retried=1130 last_latency=16.2s source=FAA_AIDS:a2010_14
[14320/19442] ok=14245 retried=1132 last_latency=14.0s source=FAA_AIDS:a2010_14
[14330/19442] ok=14255 retried=1133 last_latency=11.2s source=FAA_AIDS:a2010_14
[14340/19442] ok=14265 retried=1133 last_latency=12.1s source=FAA_AIDS:a2010_14
[14350/19442] ok=14275 retried=1133 last_latency=14.2s source=FAA_AIDS:a2010_14
[14360/19442] ok=14285 retried=1133 last_latency=11.5s source=FAA_AIDS:a2005_09
[14370/19442] ok=14295 retried=1136 last_latency=12.3s source=FAA_AIDS:a2010_14
[14380/19442] ok=14305 retried=1136 last_latency=12.2s source=FAA_AIDS:a2010_14
[14390/19442] ok=14315 retried=1137 last_latency=11.3s source=FAA_AIDS:a2010_14
[14400/19442] ok=14325 retried=1137 last_latency=11.8s source=FAA_AIDS:a2010_14
[14410/19442] ok=14335 retried=1137 last_latency=18.7s source=FAA_AIDS:a2010_14
[14420/19442] ok=14345 retried=1138 last_latency=13.4s source=FAA_AIDS:a2010_14
[14430/19442] ok=14355 retried=1139 last_latency=14.4s source=FAA_AIDS:a2010_14
[14440/19442] ok=14365 retried=1140 last_latency=14.5s source=FAA_AIDS:a2010_14
[14450/19442] ok=14375 retried=1141 last_latency=9.1s source=FAA_AIDS:a2010_14
[14460/19442] ok=14385 retried=1142 last_latency=14.6s source=FAA_AIDS:a2010_14
[14470/19442] ok=14395 retried=1142 last_latency=21.6s source=FAA_AIDS:a2010_14
[14480/19442] ok=14405 retried=1144 last_latency=11.5s source=FAA_AIDS:a2010_14
[14490/19442] ok=14415 retried=1144 last_latency=15.2s source=FAA_AIDS:a2010_14
[14500/19442] ok=14425 retried=1145 last_latency=18.6s source=FAA_AIDS:a2010_14
[14510/19442] ok=14435 retried=1145 last_latency=15.4s source=FAA_AIDS:a2010_14
[14520/19442] ok=14445 retried=1146 last_latency=11.2s source=FAA_AIDS:a2010_14
[14530/19442] ok=14455 retried=1146 last_latency=0.4s source=FAA_AIDS:a2010_14
[14540/19442] ok=14465 retried=1147 last_latency=14.8s source=FAA_AIDS:a2010_14
[14550/19442] ok=14475 retried=1149 last_latency=6.2s source=FAA_AIDS:a2010_14
[14560/19442] ok=14485 retried=1150 last_latency=14.1s source=FAA_AIDS:a2015_19
[14570/19442] ok=14495 retried=1153 last_latency=41.8s source=FAA_AIDS:a2010_14
[14580/19442] ok=14505 retried=1154 last_latency=12.9s source=FAA_AIDS:a2010_14
[14590/19442] ok=14515 retried=1155 last_latency=11.8s source=FAA_AIDS:a2010_14
[14600/19442] ok=14525 retried=1155 last_latency=12.7s source=FAA_AIDS:a2010_14
[14610/19442] ok=14535 retried=1156 last_latency=14.9s source=FAA_AIDS:a2010_14
[14620/19442] ok=14545 retried=1156 last_latency=12.5s source=FAA_AIDS:a2010_14
[14630/19442] ok=14555 retried=1157 last_latency=8.1s source=FAA_AIDS:a2010_14
[14640/19442] ok=14565 retried=1159 last_latency=5.5s source=FAA_AIDS:a2010_14
[14650/19442] ok=14575 retried=1159 last_latency=10.9s source=FAA_AIDS:a2015_19
[14660/19442] ok=14585 retried=1161 last_latency=9.0s source=FAA_AIDS:a2010_14
[14670/19442] ok=14595 retried=1161 last_latency=9.3s source=FAA_AIDS:a2010_14
[14680/19442] ok=14605 retried=1161 last_latency=8.1s source=FAA_AIDS:a2010_14
[14690/19442] ok=14615 retried=1161 last_latency=10.4s source=FAA_AIDS:a2010_14
[14700/19442] ok=14625 retried=1161 last_latency=15.6s source=FAA_AIDS:a2010_14
[14710/19442] ok=14635 retried=1163 last_latency=16.6s source=FAA_AIDS:a2015_19
[14720/19442] ok=14645 retried=1164 last_latency=15.2s source=FAA_AIDS:a2010_14
[14730/19442] ok=14655 retried=1164 last_latency=15.7s source=FAA_AIDS:a2010_14
[14740/19442] ok=14665 retried=1164 last_latency=11.4s source=FAA_AIDS:a2010_14
[14750/19442] ok=14675 retried=1165 last_latency=14.5s source=FAA_AIDS:a2010_14
[14760/19442] ok=14685 retried=1165 last_latency=10.3s source=FAA_AIDS:a2010_14
[14770/19442] ok=14695 retried=1165 last_latency=11.4s source=FAA_AIDS:a2010_14
[14780/19442] ok=14705 retried=1165 last_latency=15.4s source=FAA_AIDS:a2010_14
[14790/19442] ok=14715 retried=1166 last_latency=46.3s source=FAA_AIDS:a2010_14
[14800/19442] ok=14725 retried=1166 last_latency=9.1s source=FAA_AIDS:a2010_14
[14810/19442] ok=14735 retried=1167 last_latency=22.7s source=FAA_AIDS:a2010_14
[14820/19442] ok=14745 retried=1168 last_latency=14.7s source=FAA_AIDS:a2010_14
[14830/19442] ok=14755 retried=1169 last_latency=10.5s source=FAA_AIDS:a2010_14
[14840/19442] ok=14764 retried=1170 last_latency=19.1s source=FAA_AIDS:a2010_14
[14850/19442] ok=14774 retried=1171 last_latency=33.9s source=FAA_AIDS:a2010_14
[14860/19442] ok=14784 retried=1173 last_latency=5.5s source=FAA_AIDS:a2010_14
[14870/19442] ok=14794 retried=1173 last_latency=16.4s source=FAA_AIDS:a2010_14
[14880/19442] ok=14804 retried=1173 last_latency=11.0s source=FAA_AIDS:a2010_14
[14890/19442] ok=14814 retried=1175 last_latency=9.7s source=FAA_AIDS:a2010_14
[14900/19442] ok=14824 retried=1175 last_latency=11.7s source=FAA_AIDS:a2010_14
[14910/19442] ok=14834 retried=1176 last_latency=11.9s source=FAA_AIDS:a2010_14
[14920/19442] ok=14844 retried=1177 last_latency=13.6s source=FAA_AIDS:a2015_19
[14930/19442] ok=14854 retried=1177 last_latency=14.0s source=FAA_AIDS:a2010_14
[14940/19442] ok=14862 retried=1177 last_latency=7.8s source=FAA_AIDS:a2015_19
[14950/19442] ok=14872 retried=1177 last_latency=12.2s source=FAA_AIDS:a2010_14
[14960/19442] ok=14882 retried=1178 last_latency=10.4s source=FAA_AIDS:a2010_14
[14970/19442] ok=14892 retried=1179 last_latency=13.8s source=FAA_AIDS:a2010_14
[14980/19442] ok=14902 retried=1179 last_latency=11.8s source=FAA_AIDS:a2015_19
[14990/19442] ok=14912 retried=1180 last_latency=34.4s source=FAA_AIDS:a2010_14
[15000/19442] ok=14922 retried=1181 last_latency=8.0s source=FAA_AIDS:a2010_14
[15010/19442] ok=14932 retried=1182 last_latency=20.0s source=FAA_AIDS:a2010_14
[15020/19442] ok=14942 retried=1182 last_latency=13.8s source=FAA_AIDS:a2010_14
[15030/19442] ok=14952 retried=1182 last_latency=12.1s source=FAA_AIDS:a2010_14
[15040/19442] ok=14962 retried=1183 last_latency=20.4s source=FAA_AIDS:a2010_14
[15050/19442] ok=14972 retried=1183 last_latency=15.0s source=FAA_AIDS:a2015_19
[15060/19442] ok=14982 retried=1183 last_latency=14.9s source=FAA_AIDS:a2010_14
[15070/19442] ok=14992 retried=1184 last_latency=37.3s source=FAA_AIDS:a2010_14
[15080/19442] ok=15002 retried=1185 last_latency=16.1s source=FAA_AIDS:a2010_14
[15090/19442] ok=15012 retried=1185 last_latency=9.3s source=FAA_AIDS:a2015_19
[15100/19442] ok=15022 retried=1185 last_latency=16.1s source=FAA_AIDS:a2010_14
[15110/19442] ok=15032 retried=1185 last_latency=10.8s source=FAA_AIDS:a2010_14
[15120/19442] ok=15042 retried=1185 last_latency=14.5s source=FAA_AIDS:a2010_14
[15130/19442] ok=15052 retried=1187 last_latency=11.1s source=FAA_AIDS:a2015_19
[15140/19442] ok=15062 retried=1187 last_latency=6.3s source=FAA_AIDS:a2015_19
[15150/19442] ok=15071 retried=1188 last_latency=12.0s source=FAA_AIDS:a2015_19
[15160/19442] ok=15081 retried=1189 last_latency=16.2s source=FAA_AIDS:a2010_14
[15170/19442] ok=15091 retried=1189 last_latency=17.3s source=FAA_AIDS:a2015_19
[15180/19442] ok=15101 retried=1190 last_latency=11.4s source=FAA_AIDS:a2015_19
[15190/19442] ok=15111 retried=1191 last_latency=17.5s source=FAA_AIDS:a2015_19
[15200/19442] ok=15121 retried=1191 last_latency=10.4s source=FAA_AIDS:a2010_14
[15210/19442] ok=15131 retried=1191 last_latency=17.5s source=FAA_AIDS:a2010_14
[15220/19442] ok=15141 retried=1193 last_latency=13.3s source=FAA_AIDS:a2015_19
[15230/19442] ok=15151 retried=1194 last_latency=10.6s source=FAA_AIDS:a2010_14
[15240/19442] ok=15161 retried=1194 last_latency=20.0s source=FAA_AIDS:a2015_19
[15250/19442] ok=15171 retried=1194 last_latency=0.6s source=FAA_AIDS:a2010_14
[15260/19442] ok=15181 retried=1194 last_latency=11.0s source=FAA_AIDS:a2010_14
[15270/19442] ok=15191 retried=1194 last_latency=14.1s source=FAA_AIDS:a2010_14
[15280/19442] ok=15201 retried=1194 last_latency=14.7s source=FAA_AIDS:a2015_19
[15290/19442] ok=15211 retried=1194 last_latency=13.0s source=FAA_AIDS:a2010_14
[15300/19442] ok=15221 retried=1195 last_latency=8.9s source=FAA_AIDS:a2015_19
[15310/19442] ok=15231 retried=1197 last_latency=15.1s source=FAA_AIDS:a2010_14
[15320/19442] ok=15241 retried=1197 last_latency=10.2s source=FAA_AIDS:a2015_19
[15330/19442] ok=15251 retried=1197 last_latency=17.5s source=FAA_AIDS:a2015_19
[15340/19442] ok=15261 retried=1198 last_latency=12.1s source=FAA_AIDS:a2015_19
[15350/19442] ok=15271 retried=1201 last_latency=11.0s source=FAA_AIDS:a2015_19
[15360/19442] ok=15281 retried=1203 last_latency=30.5s source=FAA_AIDS:a2015_19
[15370/19442] ok=15291 retried=1203 last_latency=15.8s source=FAA_AIDS:a2010_14
[15380/19442] ok=15301 retried=1203 last_latency=18.5s source=FAA_AIDS:a2015_19
[15390/19442] ok=15311 retried=1203 last_latency=20.2s source=FAA_AIDS:a2015_19
[15400/19442] ok=15321 retried=1203 last_latency=12.9s source=FAA_AIDS:a2015_19
[15410/19442] ok=15330 retried=1204 last_latency=15.6s source=FAA_AIDS:a2015_19
[15420/19442] ok=15340 retried=1205 last_latency=8.7s source=FAA_AIDS:a2015_19
[15430/19442] ok=15350 retried=1205 last_latency=10.8s source=FAA_AIDS:a2010_14
[15440/19442] ok=15360 retried=1207 last_latency=12.3s source=FAA_AIDS:a2010_14
[15450/19442] ok=15370 retried=1207 last_latency=14.8s source=FAA_AIDS:a2015_19
[15460/19442] ok=15380 retried=1208 last_latency=14.8s source=FAA_AIDS:a2015_19
[15470/19442] ok=15390 retried=1208 last_latency=11.5s source=FAA_AIDS:a2015_19
[15480/19442] ok=15400 retried=1208 last_latency=14.2s source=FAA_AIDS:a2015_19
[15490/19442] ok=15410 retried=1208 last_latency=17.9s source=FAA_AIDS:a2015_19
[15500/19442] ok=15419 retried=1209 last_latency=12.7s source=FAA_AIDS:a2015_19
[15510/19442] ok=15429 retried=1210 last_latency=7.0s source=FAA_AIDS:a2015_19
[15520/19442] ok=15439 retried=1211 last_latency=11.4s source=FAA_AIDS:a2015_19
[15530/19442] ok=15449 retried=1212 last_latency=11.8s source=FAA_AIDS:a2015_19
[15540/19442] ok=15459 retried=1212 last_latency=14.2s source=FAA_AIDS:a2015_19
[15550/19442] ok=15469 retried=1212 last_latency=12.0s source=FAA_AIDS:a2015_19
[15560/19442] ok=15479 retried=1213 last_latency=10.8s source=FAA_AIDS:a2015_19
[15570/19442] ok=15489 retried=1214 last_latency=14.2s source=FAA_AIDS:a2015_19
[15580/19442] ok=15499 retried=1216 last_latency=15.4s source=FAA_AIDS:a2015_19
[15590/19442] ok=15509 retried=1218 last_latency=32.5s source=FAA_AIDS:a2015_19
[15600/19442] ok=15519 retried=1218 last_latency=12.5s source=FAA_AIDS:a2015_19
[15610/19442] ok=15529 retried=1218 last_latency=15.8s source=FAA_AIDS:a2015_19
[15620/19442] ok=15539 retried=1218 last_latency=11.6s source=FAA_AIDS:a2015_19
[15630/19442] ok=15549 retried=1218 last_latency=19.1s source=FAA_AIDS:a2015_19
[15640/19442] ok=15559 retried=1218 last_latency=11.1s source=FAA_AIDS:a2015_19
[15650/19442] ok=15569 retried=1219 last_latency=14.9s source=FAA_AIDS:a2015_19
[15660/19442] ok=15579 retried=1221 last_latency=17.7s source=FAA_AIDS:a2015_19
[15670/19442] ok=15589 retried=1221 last_latency=15.3s source=FAA_AIDS:a2015_19
[15680/19442] ok=15599 retried=1221 last_latency=12.0s source=FAA_AIDS:a2015_19
[15690/19442] ok=15609 retried=1222 last_latency=11.8s source=FAA_AIDS:a2015_19
[15700/19442] ok=15618 retried=1222 last_latency=18.2s source=FAA_AIDS:a2015_19
[15710/19442] ok=15628 retried=1223 last_latency=16.5s source=FAA_AIDS:a2015_19
[15720/19442] ok=15638 retried=1226 last_latency=25.3s source=FAA_AIDS:a2015_19
[15730/19442] ok=15648 retried=1227 last_latency=11.7s source=FAA_AIDS:a2015_19
[15740/19442] ok=15658 retried=1228 last_latency=15.1s source=FAA_AIDS:a2015_19
[15750/19442] ok=15668 retried=1230 last_latency=21.2s source=FAA_AIDS:a2015_19
[15760/19442] ok=15678 retried=1233 last_latency=10.1s source=FAA_AIDS:a2015_19
[15770/19442] ok=15688 retried=1234 last_latency=18.4s source=FAA_AIDS:a2015_19
[15780/19442] ok=15698 retried=1239 last_latency=45.9s source=FAA_AIDS:a2015_19
[15790/19442] ok=15708 retried=1240 last_latency=18.0s source=FAA_AIDS:a2015_19
[15800/19442] ok=15718 retried=1242 last_latency=36.9s source=FAA_AIDS:a2015_19
[15810/19442] ok=15728 retried=1242 last_latency=13.9s source=FAA_AIDS:a2015_19
[15820/19442] ok=15738 retried=1244 last_latency=11.6s source=FAA_AIDS:a2015_19
[15830/19442] ok=15748 retried=1244 last_latency=13.5s source=FAA_AIDS:a2015_19
[15840/19442] ok=15758 retried=1244 last_latency=16.6s source=FAA_AIDS:a2015_19
[15850/19442] ok=15768 retried=1245 last_latency=11.6s source=FAA_AIDS:a2015_19
[15860/19442] ok=15778 retried=1245 last_latency=11.9s source=FAA_AIDS:a2015_19
[15870/19442] ok=15788 retried=1245 last_latency=18.6s source=FAA_AIDS:a2015_19
[15880/19442] ok=15798 retried=1246 last_latency=19.1s source=FAA_AIDS:a2015_19
[15890/19442] ok=15808 retried=1246 last_latency=18.5s source=FAA_AIDS:a2015_19
[15900/19442] ok=15818 retried=1248 last_latency=16.1s source=FAA_AIDS:a2015_19
[15910/19442] ok=15828 retried=1249 last_latency=10.9s source=FAA_AIDS:a2015_19
[15920/19442] ok=15838 retried=1250 last_latency=9.6s source=FAA_AIDS:a2015_19
[15930/19442] ok=15848 retried=1250 last_latency=12.7s source=FAA_AIDS:a2015_19
[15940/19442] ok=15858 retried=1251 last_latency=10.4s source=FAA_AIDS:a2015_19
[15950/19442] ok=15868 retried=1253 last_latency=29.0s source=FAA_AIDS:a2015_19
[15960/19442] ok=15877 retried=1253 last_latency=11.7s source=FAA_AIDS:a2015_19
[15970/19442] ok=15887 retried=1253 last_latency=11.4s source=FAA_AIDS:a2015_19
[15980/19442] ok=15897 retried=1253 last_latency=14.7s source=FAA_AIDS:a2015_19
[15990/19442] ok=15907 retried=1253 last_latency=10.3s source=FAA_AIDS:a2015_19
[16000/19442] ok=15917 retried=1253 last_latency=12.8s source=FAA_AIDS:a2015_19
[16010/19442] ok=15926 retried=1253 last_latency=7.9s source=FAA_AIDS:a2015_19
[16020/19442] ok=15936 retried=1254 last_latency=13.4s source=FAA_AIDS:a2015_19
[16030/19442] ok=15946 retried=1255 last_latency=22.6s source=FAA_AIDS:a2015_19
[16040/19442] ok=15956 retried=1255 last_latency=15.0s source=FAA_AIDS:a2015_19
[16050/19442] ok=15966 retried=1256 last_latency=9.7s source=FAA_AIDS:a2015_19
[16060/19442] ok=15976 retried=1256 last_latency=11.9s source=FAA_AIDS:a2015_19
[16070/19442] ok=15986 retried=1257 last_latency=16.4s source=FAA_AIDS:a2015_19
[16080/19442] ok=15996 retried=1258 last_latency=23.9s source=FAA_AIDS:a2015_19
[16090/19442] ok=16006 retried=1258 last_latency=11.2s source=FAA_AIDS:a2015_19
[16100/19442] ok=16016 retried=1259 last_latency=8.2s source=FAA_AIDS:a2015_19
[16110/19442] ok=16026 retried=1261 last_latency=30.5s source=FAA_AIDS:a2015_19
[16120/19442] ok=16036 retried=1263 last_latency=12.2s source=FAA_AIDS:a2015_19
[16130/19442] ok=16046 retried=1263 last_latency=8.2s source=FAA_AIDS:a2015_19
[16140/19442] ok=16056 retried=1264 last_latency=8.3s source=FAA_AIDS:a2015_19
[16150/19442] ok=16066 retried=1265 last_latency=40.1s source=FAA_AIDS:a2015_19
[16160/19442] ok=16076 retried=1266 last_latency=11.5s source=FAA_AIDS:a2015_19
[16170/19442] ok=16086 retried=1266 last_latency=12.0s source=FAA_AIDS:a2015_19
[16180/19442] ok=16096 retried=1267 last_latency=10.0s source=FAA_AIDS:a2015_19
[16190/19442] ok=16106 retried=1267 last_latency=16.5s source=FAA_AIDS:a2015_19
[16200/19442] ok=16116 retried=1267 last_latency=12.4s source=FAA_AIDS:a2015_19
[16210/19442] ok=16126 retried=1268 last_latency=15.8s source=FAA_AIDS:a2015_19
[16220/19442] ok=16136 retried=1269 last_latency=26.5s source=FAA_AIDS:a2015_19
[16230/19442] ok=16146 retried=1270 last_latency=12.8s source=FAA_AIDS:a2015_19
[16240/19442] ok=16156 retried=1271 last_latency=12.4s source=FAA_AIDS:a2015_19
[16250/19442] ok=16166 retried=1273 last_latency=8.2s source=FAA_AIDS:a2015_19
[16260/19442] ok=16176 retried=1273 last_latency=21.6s source=FAA_AIDS:a2015_19
[16270/19442] ok=16186 retried=1276 last_latency=33.5s source=FAA_AIDS:a2015_19
[16280/19442] ok=16196 retried=1276 last_latency=16.1s source=FAA_AIDS:a2015_19
[16290/19442] ok=16206 retried=1276 last_latency=9.0s source=FAA_AIDS:a2015_19
[16300/19442] ok=16216 retried=1277 last_latency=46.1s source=FAA_AIDS:a2015_19
[16310/19442] ok=16226 retried=1278 last_latency=0.4s source=FAA_AIDS:a2015_19
[16320/19442] ok=16236 retried=1279 last_latency=19.3s source=FAA_AIDS:a2015_19
[16330/19442] ok=16246 retried=1279 last_latency=13.9s source=FAA_AIDS:a2015_19
[16340/19442] ok=16256 retried=1279 last_latency=16.1s source=FAA_AIDS:a2015_19
[16350/19442] ok=16266 retried=1279 last_latency=21.2s source=FAA_AIDS:a2015_19
[16360/19442] ok=16276 retried=1280 last_latency=41.8s source=FAA_AIDS:a2015_19
[16370/19442] ok=16286 retried=1281 last_latency=13.7s source=FAA_AIDS:a2015_19
[16380/19442] ok=16296 retried=1281 last_latency=16.2s source=FAA_AIDS:a2015_19
[16390/19442] ok=16306 retried=1284 last_latency=32.1s source=FAA_AIDS:a2015_19
[16400/19442] ok=16315 retried=1284 last_latency=18.6s source=FAA_AIDS:a2015_19
[16410/19442] ok=16325 retried=1284 last_latency=14.2s source=FAA_AIDS:a2015_19
[16420/19442] ok=16335 retried=1284 last_latency=8.6s source=FAA_AIDS:a2015_19
[16430/19442] ok=16345 retried=1285 last_latency=23.4s source=FAA_AIDS:a2015_19
[16440/19442] ok=16355 retried=1285 last_latency=13.2s source=FAA_AIDS:a2015_19
[16450/19442] ok=16365 retried=1286 last_latency=7.6s source=FAA_AIDS:a2015_19
[16460/19442] ok=16375 retried=1287 last_latency=18.4s source=FAA_AIDS:a2015_19
[16470/19442] ok=16385 retried=1287 last_latency=16.6s source=FAA_AIDS:a2015_19
[16480/19442] ok=16395 retried=1288 last_latency=11.6s source=FAA_AIDS:a2020_26
[16490/19442] ok=16405 retried=1288 last_latency=14.7s source=FAA_AIDS:a2015_19
[16500/19442] ok=16415 retried=1288 last_latency=11.7s source=FAA_AIDS:a2015_19
[16510/19442] ok=16425 retried=1289 last_latency=17.5s source=FAA_AIDS:a2015_19
[16520/19442] ok=16435 retried=1290 last_latency=10.4s source=FAA_AIDS:a2015_19
[16530/19442] ok=16445 retried=1290 last_latency=0.4s source=FAA_AIDS:a2015_19
[16540/19442] ok=16455 retried=1291 last_latency=12.7s source=FAA_AIDS:a2015_19
[16550/19442] ok=16465 retried=1293 last_latency=33.5s source=FAA_AIDS:a2015_19
[16560/19442] ok=16475 retried=1294 last_latency=9.0s source=FAA_AIDS:a2020_26
[16570/19442] ok=16485 retried=1295 last_latency=14.0s source=FAA_AIDS:a2015_19
[16580/19442] ok=16495 retried=1296 last_latency=20.1s source=FAA_AIDS:a2015_19
[16590/19442] ok=16505 retried=1296 last_latency=14.5s source=FAA_AIDS:a2015_19
[16600/19442] ok=16515 retried=1297 last_latency=15.2s source=FAA_AIDS:a2015_19
[16610/19442] ok=16525 retried=1299 last_latency=17.1s source=FAA_AIDS:a2015_19
[16620/19442] ok=16534 retried=1300 last_latency=16.9s source=FAA_AIDS:a2015_19
[16630/19442] ok=16544 retried=1300 last_latency=16.6s source=FAA_AIDS:a2015_19
[16640/19442] ok=16554 retried=1300 last_latency=12.4s source=FAA_AIDS:a2015_19
[16650/19442] ok=16564 retried=1301 last_latency=49.9s source=FAA_AIDS:a2015_19
[16660/19442] ok=16574 retried=1301 last_latency=11.4s source=FAA_AIDS:a2015_19
[16670/19442] ok=16584 retried=1301 last_latency=13.2s source=FAA_AIDS:a2015_19
[16680/19442] ok=16594 retried=1301 last_latency=13.2s source=FAA_AIDS:a2015_19
[16690/19442] ok=16603 retried=1301 last_latency=15.7s source=FAA_AIDS:a2020_26
[16700/19442] ok=16613 retried=1302 last_latency=11.7s source=FAA_AIDS:a2015_19
[16710/19442] ok=16623 retried=1302 last_latency=15.0s source=FAA_AIDS:a2015_19
[16720/19442] ok=16633 retried=1302 last_latency=19.2s source=FAA_AIDS:a2015_19
[16730/19442] ok=16643 retried=1303 last_latency=11.2s source=FAA_AIDS:a2015_19
[16740/19442] ok=16653 retried=1304 last_latency=16.3s source=FAA_AIDS:a2015_19
[16750/19442] ok=16663 retried=1304 last_latency=11.3s source=FAA_AIDS:a2015_19
[16760/19442] ok=16673 retried=1304 last_latency=15.0s source=FAA_AIDS:a2020_26
[16770/19442] ok=16683 retried=1305 last_latency=3.8s source=FAA_AIDS:a2015_19
[16780/19442] ok=16693 retried=1306 last_latency=13.0s source=FAA_AIDS:a2015_19
[16790/19442] ok=16703 retried=1308 last_latency=11.9s source=FAA_AIDS:a2020_26
[16800/19442] ok=16713 retried=1308 last_latency=9.8s source=FAA_AIDS:a2020_26
[16810/19442] ok=16723 retried=1308 last_latency=13.6s source=FAA_AIDS:a2015_19
[16820/19442] ok=16733 retried=1308 last_latency=14.9s source=FAA_AIDS:a2020_26
[16830/19442] ok=16743 retried=1308 last_latency=11.3s source=FAA_AIDS:a2015_19
[16840/19442] ok=16753 retried=1308 last_latency=23.6s source=FAA_AIDS:a2015_19
[16850/19442] ok=16763 retried=1308 last_latency=14.9s source=FAA_AIDS:a2015_19
[16860/19442] ok=16773 retried=1308 last_latency=16.0s source=FAA_AIDS:a2015_19
[16870/19442] ok=16783 retried=1308 last_latency=16.1s source=FAA_AIDS:a2020_26
[16880/19442] ok=16793 retried=1311 last_latency=11.3s source=FAA_AIDS:a2015_19
[16890/19442] ok=16803 retried=1311 last_latency=15.7s source=FAA_AIDS:a2015_19
[16900/19442] ok=16813 retried=1313 last_latency=8.1s source=FAA_AIDS:a2015_19
[16910/19442] ok=16823 retried=1313 last_latency=11.6s source=FAA_AIDS:a2015_19
[16920/19442] ok=16833 retried=1315 last_latency=12.7s source=FAA_AIDS:a2015_19
[16930/19442] ok=16843 retried=1315 last_latency=9.0s source=FAA_AIDS:a2015_19
[16940/19442] ok=16853 retried=1315 last_latency=12.7s source=FAA_AIDS:a2020_26
[16950/19442] ok=16863 retried=1315 last_latency=16.4s source=FAA_AIDS:a2020_26
[16960/19442] ok=16873 retried=1317 last_latency=8.8s source=FAA_AIDS:a2015_19
[16970/19442] ok=16883 retried=1317 last_latency=15.7s source=FAA_AIDS:a2020_26
[16980/19442] ok=16893 retried=1317 last_latency=15.0s source=FAA_AIDS:a2020_26
[16990/19442] ok=16902 retried=1317 last_latency=19.8s source=FAA_AIDS:a2015_19
[17000/19442] ok=16912 retried=1318 last_latency=15.8s source=FAA_AIDS:a2020_26
[17010/19442] ok=16922 retried=1318 last_latency=17.6s source=FAA_AIDS:a2015_19
[17020/19442] ok=16932 retried=1318 last_latency=8.2s source=FAA_AIDS:a2015_19
[17030/19442] ok=16942 retried=1319 last_latency=11.5s source=FAA_AIDS:a2020_26
[17040/19442] ok=16952 retried=1321 last_latency=15.8s source=FAA_AIDS:a2020_26
[17050/19442] ok=16962 retried=1322 last_latency=15.1s source=FAA_AIDS:a2020_26
[17060/19442] ok=16972 retried=1322 last_latency=17.9s source=FAA_AIDS:a2015_19
[17070/19442] ok=16982 retried=1322 last_latency=9.0s source=FAA_AIDS:a2020_26
[17080/19442] ok=16992 retried=1323 last_latency=26.9s source=FAA_AIDS:a2020_26
[17090/19442] ok=17002 retried=1324 last_latency=25.5s source=FAA_AIDS:a2020_26
[17100/19442] ok=17012 retried=1326 last_latency=14.9s source=FAA_AIDS:a2015_19
[17110/19442] ok=17022 retried=1328 last_latency=15.8s source=FAA_AIDS:a2020_26
[17120/19442] ok=17032 retried=1328 last_latency=10.8s source=FAA_AIDS:a2015_19
[17130/19442] ok=17042 retried=1330 last_latency=8.1s source=FAA_AIDS:a2015_19
[17140/19442] ok=17052 retried=1330 last_latency=16.5s source=FAA_AIDS:a2020_26
[17150/19442] ok=17062 retried=1331 last_latency=21.3s source=FAA_AIDS:a2020_26
[17160/19442] ok=17072 retried=1331 last_latency=12.7s source=FAA_AIDS:a2020_26
[17170/19442] ok=17082 retried=1332 last_latency=37.0s source=FAA_AIDS:a2020_26
[17180/19442] ok=17092 retried=1333 last_latency=14.8s source=FAA_AIDS:a2020_26
[17190/19442] ok=17102 retried=1336 last_latency=11.7s source=FAA_AIDS:a2020_26
[17200/19442] ok=17112 retried=1336 last_latency=15.7s source=FAA_AIDS:a2020_26
[17210/19442] ok=17122 retried=1339 last_latency=15.2s source=FAA_AIDS:a2020_26
[17220/19442] ok=17132 retried=1341 last_latency=17.5s source=FAA_AIDS:a2020_26
[17230/19442] ok=17142 retried=1342 last_latency=9.5s source=FAA_AIDS:a2020_26
[17240/19442] ok=17152 retried=1343 last_latency=17.1s source=FAA_AIDS:a2015_19
[17250/19442] ok=17162 retried=1344 last_latency=12.5s source=FAA_AIDS:a2020_26
[17260/19442] ok=17172 retried=1344 last_latency=18.5s source=FAA_AIDS:a2020_26
[17270/19442] ok=17182 retried=1345 last_latency=0.4s source=FAA_AIDS:a2020_26
[17280/19442] ok=17192 retried=1347 last_latency=12.3s source=FAA_AIDS:a2020_26
[17290/19442] ok=17202 retried=1348 last_latency=17.6s source=FAA_AIDS:a2020_26
[17300/19442] ok=17212 retried=1349 last_latency=31.5s source=FAA_AIDS:a2020_26
[17310/19442] ok=17222 retried=1349 last_latency=12.8s source=FAA_AIDS:a2015_19
[17320/19442] ok=17232 retried=1349 last_latency=12.5s source=FAA_AIDS:a2020_26
[17330/19442] ok=17242 retried=1349 last_latency=9.2s source=FAA_AIDS:a2020_26
[17340/19442] ok=17252 retried=1350 last_latency=9.9s source=FAA_AIDS:a2020_26
[17350/19442] ok=17262 retried=1351 last_latency=14.9s source=FAA_AIDS:a2015_19
[17360/19442] ok=17272 retried=1352 last_latency=37.6s source=FAA_AIDS:a2020_26
[17370/19442] ok=17282 retried=1353 last_latency=15.2s source=FAA_AIDS:a2020_26
[17380/19442] ok=17292 retried=1354 last_latency=15.0s source=FAA_AIDS:a2020_26
[17390/19442] ok=17302 retried=1355 last_latency=15.5s source=FAA_AIDS:a2020_26
[17400/19442] ok=17312 retried=1355 last_latency=12.0s source=FAA_AIDS:a2020_26
[17410/19442] ok=17322 retried=1355 last_latency=13.9s source=FAA_AIDS:a2020_26
[17420/19442] ok=17332 retried=1356 last_latency=12.4s source=FAA_AIDS:a2020_26
[17430/19442] ok=17342 retried=1356 last_latency=10.9s source=FAA_AIDS:a2020_26
[17440/19442] ok=17352 retried=1356 last_latency=19.2s source=FAA_AIDS:a2015_19
[17450/19442] ok=17362 retried=1356 last_latency=15.3s source=FAA_AIDS:a2020_26
[17460/19442] ok=17372 retried=1359 last_latency=15.5s source=FAA_AIDS:a2015_19
[17470/19442] ok=17382 retried=1360 last_latency=11.2s source=FAA_AIDS:a2020_26
[17480/19442] ok=17392 retried=1361 last_latency=15.4s source=FAA_AIDS:a2020_26
[17490/19442] ok=17401 retried=1361 last_latency=15.3s source=FAA_AIDS:a2020_26
[17500/19442] ok=17411 retried=1362 last_latency=10.8s source=FAA_AIDS:a2020_26
[17510/19442] ok=17421 retried=1364 last_latency=8.1s source=FAA_AIDS:a2020_26
[17520/19442] ok=17431 retried=1364 last_latency=8.5s source=FAA_AIDS:a2020_26
[17530/19442] ok=17441 retried=1365 last_latency=12.9s source=FAA_AIDS:a2020_26
[17540/19442] ok=17451 retried=1366 last_latency=5.0s source=FAA_AIDS:a2020_26
[17550/19442] ok=17460 retried=1366 last_latency=0.4s source=FAA_AIDS:a2020_26
[17560/19442] ok=17470 retried=1366 last_latency=12.0s source=FAA_AIDS:a2020_26
[17570/19442] ok=17480 retried=1367 last_latency=10.9s source=FAA_AIDS:a2020_26
[17580/19442] ok=17490 retried=1367 last_latency=16.6s source=FAA_AIDS:a2020_26
[17590/19442] ok=17499 retried=1367 last_latency=19.1s source=FAA_AIDS:a2015_19
[17600/19442] ok=17509 retried=1368 last_latency=11.7s source=FAA_AIDS:a2020_26
[17610/19442] ok=17519 retried=1370 last_latency=7.5s source=FAA_AIDS:a2020_26
[17620/19442] ok=17529 retried=1372 last_latency=16.0s source=FAA_AIDS:a2020_26
[17630/19442] ok=17539 retried=1372 last_latency=13.1s source=FAA_AIDS:a2020_26
[17640/19442] ok=17549 retried=1372 last_latency=18.3s source=FAA_AIDS:a2020_26
[17650/19442] ok=17559 retried=1374 last_latency=52.6s source=FAA_AIDS:a2020_26
[17660/19442] ok=17569 retried=1376 last_latency=14.1s source=FAA_AIDS:a2020_26
[17670/19442] ok=17579 retried=1376 last_latency=13.0s source=FAA_AIDS:a2015_19
[17680/19442] ok=17589 retried=1376 last_latency=24.8s source=FAA_AIDS:a2020_26
[17690/19442] ok=17599 retried=1378 last_latency=13.4s source=FAA_AIDS:a2020_26
[17700/19442] ok=17609 retried=1379 last_latency=8.5s source=FAA_AIDS:a2020_26
[17710/19442] ok=17619 retried=1380 last_latency=23.5s source=FAA_AIDS:a2015_19
[17720/19442] ok=17629 retried=1381 last_latency=12.6s source=FAA_AIDS:a2020_26
[17730/19442] ok=17639 retried=1381 last_latency=20.9s source=FAA_AIDS:a2020_26
[17740/19442] ok=17649 retried=1382 last_latency=11.3s source=FAA_AIDS:a2020_26
[17750/19442] ok=17659 retried=1383 last_latency=15.7s source=FAA_AIDS:a2020_26
[17760/19442] ok=17669 retried=1383 last_latency=19.1s source=FAA_AIDS:a2020_26
[17770/19442] ok=17679 retried=1383 last_latency=13.9s source=FAA_AIDS:a2020_26
[17780/19442] ok=17689 retried=1385 last_latency=5.5s source=FAA_AIDS:a2020_26
[17790/19442] ok=17699 retried=1385 last_latency=6.3s source=FAA_AIDS:a2020_26
[17800/19442] ok=17709 retried=1386 last_latency=15.4s source=FAA_AIDS:a2020_26
[17810/19442] ok=17719 retried=1386 last_latency=16.1s source=FAA_AIDS:a2020_26
[17820/19442] ok=17729 retried=1386 last_latency=13.3s source=FAA_AIDS:a2020_26
[17830/19442] ok=17739 retried=1386 last_latency=12.3s source=FAA_AIDS:a2020_26
[17840/19442] ok=17749 retried=1386 last_latency=16.0s source=FAA_AIDS:a2020_26
[17850/19442] ok=17759 retried=1386 last_latency=15.7s source=FAA_AIDS:a2020_26
=== Sun Jul  5 04:16:34 PM CDT 2026 waiting for both replicas ===
both replicas ready after ~60s
=== Sun Jul  5 04:17:39 PM CDT 2026 Phase 3 FINAL RESUME (~1.7k records) ===
guided_json: enforcing schema schema_v4.json
resume: skipping 54524 already-done records
loaded 1678 records to extract
supervision=grounded: structured data joined for 1678/1678 records (others run narrative-only)
[10/1678] ok=9 retried=0 last_latency=29.5s source=NTSB_ASRS:avall
[20/1678] ok=13 retried=2 last_latency=34.6s source=NTSB_ASRS:Pre2008
[30/1678] ok=18 retried=3 last_latency=8.6s source=NTSB_ASRS:avall
[40/1678] ok=22 retried=4 last_latency=44.8s source=NTSB_ASRS:Pre2008
[50/1678] ok=31 retried=4 last_latency=11.5s source=FAA_AIDS:a2020_26
[60/1678] ok=38 retried=5 last_latency=10.0s source=FAA_AIDS:a2020_26
[70/1678] ok=44 retried=6 last_latency=25.2s source=NTSB_ASRS:avall
[80/1678] ok=51 retried=9 last_latency=25.2s source=FAA_AIDS:a2020_26
[90/1678] ok=59 retried=10 last_latency=12.5s source=FAA_AIDS:a2020_26
[100/1678] ok=67 retried=10 last_latency=13.9s source=FAA_AIDS:a2020_26
[110/1678] ok=76 retried=10 last_latency=17.2s source=FAA_AIDS:a2020_26
[120/1678] ok=86 retried=11 last_latency=19.1s source=FAA_AIDS:a2020_26
[130/1678] ok=95 retried=11 last_latency=13.4s source=FAA_AIDS:a2020_26
[140/1678] ok=105 retried=14 last_latency=7.8s source=FAA_AIDS:a2020_26
[150/1678] ok=115 retried=15 last_latency=9.5s source=FAA_AIDS:a2020_26
[160/1678] ok=124 retried=16 last_latency=20.9s source=FAA_AIDS:a2020_26
[170/1678] ok=133 retried=16 last_latency=12.5s source=FAA_AIDS:a2020_26
[180/1678] ok=143 retried=17 last_latency=25.3s source=FAA_AIDS:a2020_26
[190/1678] ok=153 retried=17 last_latency=21.6s source=FAA_AIDS:a2020_26
[200/1678] ok=163 retried=18 last_latency=20.3s source=FAA_AIDS:a2020_26
[210/1678] ok=173 retried=19 last_latency=20.4s source=FAA_AIDS:a2020_26
[220/1678] ok=182 retried=20 last_latency=15.9s source=FAA_AIDS:a2020_26
[230/1678] ok=192 retried=21 last_latency=18.8s source=FAA_AIDS:a2020_26
[240/1678] ok=202 retried=21 last_latency=30.2s source=FAA_AIDS:a2020_26
[250/1678] ok=212 retried=22 last_latency=22.1s source=FAA_AIDS:a2020_26
[260/1678] ok=222 retried=22 last_latency=9.6s source=FAA_AIDS:a2020_26
[270/1678] ok=232 retried=22 last_latency=8.1s source=FAA_AIDS:a2020_26
[280/1678] ok=242 retried=22 last_latency=19.1s source=FAA_AIDS:a2020_26
[290/1678] ok=252 retried=22 last_latency=17.6s source=FAA_AIDS:a2020_26
[300/1678] ok=262 retried=22 last_latency=12.2s source=FAA_AIDS:a2020_26
[310/1678] ok=272 retried=24 last_latency=8.5s source=FAA_AIDS:a2020_26
[320/1678] ok=282 retried=26 last_latency=11.4s source=FAA_AIDS:a2020_26
[330/1678] ok=292 retried=26 last_latency=10.3s source=FAA_AIDS:a2020_26
[340/1678] ok=302 retried=26 last_latency=12.5s source=FAA_AIDS:a2020_26
[350/1678] ok=312 retried=26 last_latency=13.1s source=FAA_AIDS:a2020_26
[360/1678] ok=322 retried=27 last_latency=11.1s source=FAA_AIDS:a2020_26
[370/1678] ok=332 retried=27 last_latency=8.4s source=FAA_AIDS:a2020_26
[380/1678] ok=342 retried=28 last_latency=11.4s source=FAA_AIDS:a2020_26
[390/1678] ok=352 retried=29 last_latency=20.9s source=FAA_AIDS:a2020_26
[400/1678] ok=362 retried=29 last_latency=11.6s source=FAA_AIDS:a2020_26
[410/1678] ok=372 retried=29 last_latency=8.5s source=FAA_AIDS:a2020_26
[420/1678] ok=382 retried=29 last_latency=12.8s source=FAA_AIDS:a2020_26
[430/1678] ok=392 retried=30 last_latency=11.7s source=FAA_AIDS:a2020_26
[440/1678] ok=402 retried=30 last_latency=9.8s source=FAA_AIDS:a2020_26
[450/1678] ok=412 retried=32 last_latency=34.5s source=FAA_AIDS:a2020_26
[460/1678] ok=422 retried=33 last_latency=58.6s source=FAA_AIDS:a2020_26
[470/1678] ok=431 retried=33 last_latency=23.6s source=FAA_AIDS:a2020_26
[480/1678] ok=441 retried=34 last_latency=11.2s source=FAA_AIDS:a2020_26
[490/1678] ok=451 retried=35 last_latency=18.6s source=FAA_AIDS:a2020_26
[500/1678] ok=461 retried=36 last_latency=12.9s source=FAA_AIDS:a2020_26
[510/1678] ok=471 retried=36 last_latency=14.6s source=FAA_AIDS:a2020_26
[520/1678] ok=481 retried=38 last_latency=11.3s source=FAA_AIDS:a2020_26
[530/1678] ok=491 retried=40 last_latency=11.9s source=FAA_AIDS:a2020_26
[540/1678] ok=500 retried=40 last_latency=18.6s source=FAA_AIDS:a2020_26
[550/1678] ok=510 retried=40 last_latency=17.4s source=FAA_AIDS:a2020_26
[560/1678] ok=520 retried=42 last_latency=17.4s source=FAA_AIDS:a2020_26
[570/1678] ok=530 retried=44 last_latency=12.2s source=FAA_AIDS:a2020_26
[580/1678] ok=540 retried=44 last_latency=13.1s source=FAA_AIDS:a2020_26
[590/1678] ok=550 retried=44 last_latency=11.3s source=FAA_AIDS:a2020_26
[600/1678] ok=560 retried=45 last_latency=10.4s source=FAA_AIDS:a2020_26
[610/1678] ok=570 retried=46 last_latency=11.2s source=FAA_AIDS:a2020_26
[620/1678] ok=580 retried=48 last_latency=14.3s source=FAA_AIDS:a2020_26
[630/1678] ok=590 retried=49 last_latency=24.8s source=FAA_AIDS:a2020_26
[640/1678] ok=600 retried=49 last_latency=14.0s source=FAA_AIDS:a2020_26
[650/1678] ok=610 retried=49 last_latency=14.9s source=FAA_AIDS:a2020_26
[660/1678] ok=620 retried=53 last_latency=26.3s source=FAA_AIDS:a2020_26
[670/1678] ok=630 retried=54 last_latency=17.7s source=FAA_AIDS:a2020_26
[680/1678] ok=640 retried=55 last_latency=22.7s source=FAA_AIDS:a2020_26
[690/1678] ok=650 retried=57 last_latency=18.6s source=FAA_AIDS:a2020_26
[700/1678] ok=659 retried=58 last_latency=12.6s source=FAA_AIDS:a2020_26
[710/1678] ok=669 retried=60 last_latency=0.5s source=FAA_AIDS:a2020_26
[720/1678] ok=679 retried=60 last_latency=11.3s source=FAA_AIDS:a2020_26
[730/1678] ok=689 retried=61 last_latency=12.9s source=FAA_AIDS:a2020_26
[740/1678] ok=699 retried=61 last_latency=12.1s source=FAA_AIDS:a2020_26
[750/1678] ok=709 retried=62 last_latency=8.4s source=FAA_AIDS:a2020_26
[760/1678] ok=719 retried=62 last_latency=21.8s source=FAA_AIDS:a2020_26
[770/1678] ok=729 retried=63 last_latency=19.1s source=FAA_AIDS:a2020_26
[780/1678] ok=739 retried=64 last_latency=14.9s source=FAA_AIDS:a2020_26
[790/1678] ok=749 retried=66 last_latency=16.2s source=FAA_AIDS:a2020_26
[800/1678] ok=759 retried=69 last_latency=11.8s source=FAA_AIDS:a2020_26
[810/1678] ok=769 retried=70 last_latency=47.0s source=FAA_AIDS:a2020_26
[820/1678] ok=779 retried=71 last_latency=10.0s source=FAA_AIDS:a2020_26
[830/1678] ok=789 retried=72 last_latency=16.4s source=FAA_AIDS:a2020_26
[840/1678] ok=799 retried=72 last_latency=15.3s source=FAA_AIDS:a2020_26
[850/1678] ok=809 retried=73 last_latency=0.4s source=FAA_AIDS:a2020_26
[860/1678] ok=819 retried=74 last_latency=13.8s source=FAA_AIDS:a2020_26
[870/1678] ok=829 retried=74 last_latency=9.6s source=FAA_AIDS:a2020_26
[880/1678] ok=839 retried=74 last_latency=10.0s source=FAA_AIDS:a2020_26
[890/1678] ok=849 retried=75 last_latency=11.3s source=FAA_AIDS:a2020_26
[900/1678] ok=858 retried=75 last_latency=12.9s source=FAA_AIDS:a2020_26
[910/1678] ok=868 retried=77 last_latency=9.7s source=FAA_AIDS:a2020_26
[920/1678] ok=878 retried=77 last_latency=11.9s source=FAA_AIDS:a2020_26
[930/1678] ok=887 retried=77 last_latency=15.1s source=FAA_AIDS:a2020_26
[940/1678] ok=897 retried=77 last_latency=13.9s source=FAA_AIDS:a2020_26
[950/1678] ok=907 retried=77 last_latency=7.5s source=FAA_AIDS:a2020_26
[960/1678] ok=917 retried=77 last_latency=16.5s source=FAA_AIDS:a2020_26
[970/1678] ok=927 retried=77 last_latency=11.4s source=FAA_AIDS:a2020_26
[980/1678] ok=937 retried=78 last_latency=12.8s source=FAA_AIDS:a2020_26
[990/1678] ok=947 retried=78 last_latency=12.1s source=FAA_AIDS:a2020_26
[1000/1678] ok=957 retried=78 last_latency=13.1s source=FAA_AIDS:a2020_26
[1010/1678] ok=967 retried=78 last_latency=15.7s source=FAA_AIDS:a2020_26
[1020/1678] ok=977 retried=78 last_latency=15.4s source=FAA_AIDS:a2020_26
[1030/1678] ok=986 retried=78 last_latency=94.7s source=FAA_AIDS:a2020_26
[1040/1678] ok=996 retried=79 last_latency=12.0s source=FAA_AIDS:a2020_26
[1050/1678] ok=1006 retried=82 last_latency=29.2s source=FAA_AIDS:a2020_26
[1060/1678] ok=1016 retried=82 last_latency=18.8s source=FAA_AIDS:a2020_26
[1070/1678] ok=1026 retried=82 last_latency=11.4s source=FAA_AIDS:a2020_26
[1080/1678] ok=1036 retried=82 last_latency=14.2s source=FAA_AIDS:a2020_26
[1090/1678] ok=1046 retried=82 last_latency=13.0s source=FAA_AIDS:a2020_26
[1100/1678] ok=1056 retried=82 last_latency=13.4s source=FAA_AIDS:a2020_26
[1110/1678] ok=1066 retried=83 last_latency=17.8s source=FAA_AIDS:a2020_26
[1120/1678] ok=1076 retried=85 last_latency=15.1s source=FAA_AIDS:a2020_26
[1130/1678] ok=1086 retried=87 last_latency=39.4s source=FAA_AIDS:a2020_26
[1140/1678] ok=1096 retried=88 last_latency=14.7s source=FAA_AIDS:a2020_26
[1150/1678] ok=1106 retried=88 last_latency=15.4s source=FAA_AIDS:a2020_26
[1160/1678] ok=1116 retried=88 last_latency=13.5s source=FAA_AIDS:a2020_26
[1170/1678] ok=1126 retried=89 last_latency=15.6s source=FAA_AIDS:a2020_26
[1180/1678] ok=1136 retried=89 last_latency=11.3s source=FAA_AIDS:a2020_26
[1190/1678] ok=1146 retried=90 last_latency=11.6s source=FAA_AIDS:a2020_26
[1200/1678] ok=1156 retried=92 last_latency=11.5s source=FAA_AIDS:a2020_26
[1210/1678] ok=1166 retried=93 last_latency=15.1s source=FAA_AIDS:a2020_26
[1220/1678] ok=1176 retried=93 last_latency=16.2s source=FAA_AIDS:a2020_26
[1230/1678] ok=1186 retried=93 last_latency=15.0s source=FAA_AIDS:a2020_26
[1240/1678] ok=1196 retried=93 last_latency=13.4s source=FAA_AIDS:a2020_26
[1250/1678] ok=1206 retried=94 last_latency=21.1s source=FAA_AIDS:a2020_26
[1260/1678] ok=1216 retried=95 last_latency=14.3s source=FAA_AIDS:a2020_26
[1270/1678] ok=1226 retried=98 last_latency=31.8s source=FAA_AIDS:a2020_26
[1280/1678] ok=1236 retried=100 last_latency=24.0s source=FAA_AIDS:a2020_26
[1290/1678] ok=1245 retried=101 last_latency=24.4s source=FAA_AIDS:a2020_26
[1300/1678] ok=1255 retried=102 last_latency=10.6s source=FAA_AIDS:a2020_26
[1310/1678] ok=1265 retried=102 last_latency=12.6s source=FAA_AIDS:a2020_26
[1320/1678] ok=1275 retried=103 last_latency=7.3s source=FAA_AIDS:a2020_26
[1330/1678] ok=1285 retried=104 last_latency=7.8s source=FAA_AIDS:a2020_26
[1340/1678] ok=1293 retried=105 last_latency=17.6s source=FAA_AIDS:a2020_26
[1350/1678] ok=1303 retried=105 last_latency=12.2s source=FAA_AIDS:a2020_26
[1360/1678] ok=1313 retried=105 last_latency=18.8s source=FAA_AIDS:a2020_26
[1370/1678] ok=1323 retried=105 last_latency=13.6s source=FAA_AIDS:a2020_26
[1380/1678] ok=1333 retried=107 last_latency=10.1s source=FAA_AIDS:a2020_26
[1390/1678] ok=1343 retried=108 last_latency=23.9s source=FAA_AIDS:a2020_26
[1400/1678] ok=1353 retried=110 last_latency=18.0s source=FAA_AIDS:a2020_26
[1410/1678] ok=1363 retried=110 last_latency=7.8s source=FAA_AIDS:a2020_26
[1420/1678] ok=1373 retried=110 last_latency=14.0s source=FAA_AIDS:a2020_26
[1430/1678] ok=1383 retried=110 last_latency=17.1s source=FAA_AIDS:a2020_26
[1440/1678] ok=1393 retried=110 last_latency=24.6s source=FAA_AIDS:a2020_26
[1450/1678] ok=1403 retried=110 last_latency=15.7s source=FAA_AIDS:a2020_26
[1460/1678] ok=1413 retried=110 last_latency=16.6s source=FAA_AIDS:a2020_26
[1470/1678] ok=1423 retried=112 last_latency=19.6s source=FAA_AIDS:a2020_26
[1480/1678] ok=1433 retried=112 last_latency=16.1s source=FAA_AIDS:a2020_26
[1490/1678] ok=1443 retried=115 last_latency=10.1s source=FAA_AIDS:a2020_26
[1500/1678] ok=1452 retried=117 last_latency=11.2s source=FAA_AIDS:a2020_26
[1510/1678] ok=1462 retried=118 last_latency=14.2s source=FAA_AIDS:a2020_26
[1520/1678] ok=1472 retried=118 last_latency=9.0s source=FAA_AIDS:a2020_26
[1530/1678] ok=1482 retried=119 last_latency=13.4s source=FAA_AIDS:a2020_26
[1540/1678] ok=1492 retried=119 last_latency=6.3s source=FAA_AIDS:a2020_26
[1550/1678] ok=1502 retried=121 last_latency=14.8s source=FAA_AIDS:a2020_26
[1560/1678] ok=1512 retried=123 last_latency=15.1s source=FAA_AIDS:a2020_26
[1570/1678] ok=1522 retried=127 last_latency=10.9s source=FAA_AIDS:a2020_26
[1580/1678] ok=1532 retried=127 last_latency=11.9s source=FAA_AIDS:a2020_26
[1590/1678] ok=1542 retried=127 last_latency=18.8s source=FAA_AIDS:a2020_26
[1600/1678] ok=1552 retried=127 last_latency=13.4s source=FAA_AIDS:a2020_26
[1610/1678] ok=1562 retried=128 last_latency=16.1s source=FAA_AIDS:a2020_26
[1620/1678] ok=1572 retried=130 last_latency=8.0s source=FAA_AIDS:a2020_26
[1630/1678] ok=1582 retried=130 last_latency=5.4s source=FAA_AIDS:a2020_26
[1640/1678] ok=1592 retried=132 last_latency=39.3s source=FAA_AIDS:a2020_26
[1650/1678] ok=1602 retried=132 last_latency=5.0s source=FAA_AIDS:a2020_26
[1660/1678] ok=1612 retried=134 last_latency=6.2s source=FAA_AIDS:a2020_26
[1670/1678] ok=1622 retried=134 last_latency=10.2s source=FAA_AIDS:a2020_26
[1678/1678] ok=1630 retried=135 last_latency=5.5s source=FAA_AIDS:a2020_26
done in 897.5s  ok=1630/1678
=== Sun Jul  5 04:32:40 PM CDT 2026 Phase 3 extraction COMPLETE ===
