record_id,finding_idx,finding_text,node_idx,factor_type,cause_role,trigger,judge_match,annotator_match,annotator_note
20011101X02178_1,0,DESCENT (EXCESSIVE),0,ADVERSE_WIND_CONDITION,contributing,winds starting to increase varying greatly in direction; reported 140 to 200 degrees at 15-20 knots,0,,
20011101X02178_1,0,DESCENT (EXCESSIVE),1,UNSUITABLE_TERRAIN_FOR_FORCED_LANDING,contributing,landing sites were minimal; elected to land in a field,0,,
20011101X02178_1,0,DESCENT (EXCESSIVE),2,CONTROL_INPUT_IMPROPER,primary,pilot's excessive descent rate during the landing approach,1,,
20011101X02178_1,0,DESCENT (EXCESSIVE),3,GROUND_IMPACT,outcome,balloon subsequently impacted the ground hard,0,,
20011101X02178_1,0,DESCENT (EXCESSIVE),4,INJURY_OR_FATALITY,outcome,"seven passengers sustained minor injuries, and one passenger sustained serious injuries",0,,
20001208X08821_1,0,"LANDING GEAR,EMERGENCY EXTENSION ASSEMBLY (IMPEDED)",0,DESIGN_DEFECT_LATENT,contributing,emergency landing gear extension procedure in the original pilot operating handbook made no reference cautioning pilots to not extend flaps when using the landing gear emergency extension procedure,0,,
20001208X08821_1,0,"LANDING GEAR,EMERGENCY EXTENSION ASSEMBLY (IMPEDED)",1,PILOT_INCAPACITATION_OR_IMPAIRMENT,contributing,lack of familiarity with the airplane,0,,
20001208X08821_1,0,"LANDING GEAR,EMERGENCY EXTENSION ASSEMBLY (IMPEDED)",2,PROCEDURE_NOT_FOLLOWED,primary,intentional feathering of the left propeller for training,0,,
20001208X08821_1,0,"LANDING GEAR,EMERGENCY EXTENSION ASSEMBLY (IMPEDED)",3,ENGINE_FAILURE,contributing,left engine lost power; propeller would not come out of feather and engine would not start,0,,
20001208X08821_1,0,"LANDING GEAR,EMERGENCY EXTENSION ASSEMBLY (IMPEDED)",4,PROCEDURE_NOT_FOLLOWED,primary,extension of flaps during the manual emergency landing gear extension process,0,,
20001208X08821_1,0,"LANDING GEAR,EMERGENCY EXTENSION ASSEMBLY (IMPEDED)",5,LANDING_GEAR_ANOMALY,primary,"hydraulic pressure to the emergency landing gear system was interrupted, leaving the gear in an intermediate position",1,,
20001208X08821_1,0,"LANDING GEAR,EMERGENCY EXTENSION ASSEMBLY (IMPEDED)",6,GROUND_IMPACT,outcome,landing gear collapsed during touchdown; nose gear collapsed; main gear struts broken; wings bent,0,,
20001213X29401_1,0,MAINTENANCE (INADEQUATE),0,MAINTENANCE_INADEQUATE,primary,metal particles found in oil screens after flush and engine run; right engine replaced with used unit; local mechanic recommended oil analysis but ferry pilot refused,1,,
20001213X29401_1,0,MAINTENANCE (INADEQUATE),1,LATENT_MECHANICAL_DEFECT,primary,excessive wear in both engines; right engine crankshaft/rod bearing surface 0.010 under standard,0,,
20001213X29401_1,0,MAINTENANCE (INADEQUATE),2,DECISION_INAPPROPRIATE,primary,operation by the pilot with known deficiencies in the aircraft,0,,
20001213X29401_1,0,MAINTENANCE (INADEQUATE),3,ENGINE_FAILURE,primary,right engine lost power during initial climb; smoke observed,0,,
20001213X29401_1,0,MAINTENANCE (INADEQUATE),4,ENGINE_FAILURE,primary,left engine failed shortly after; pilot reported lost both engines,0,,
20001213X29401_1,0,MAINTENANCE (INADEQUATE),5,PROCEDURE_NOT_FOLLOWED,contributing,improper use of powerplant controls; premature gear extension and failure to properly reduce drag,0,,
20001213X29401_1,0,MAINTENANCE (INADEQUATE),6,GROUND_IMPACT,outcome,"extensively damaged during a landing on rough, rocky terrain about 1/4 mi SW of the runway threshold",0,,
20001213X29401_1,0,MAINTENANCE (INADEQUATE),7,INJURY_OR_FATALITY,outcome,"1 fatal, 1 serious injury",0,,
20001213X29401_1,1,OPERATION WITH KNOWN DEFICIENCIES IN EQUIPMENT (PERFORMED),0,MAINTENANCE_INADEQUATE,primary,metal particles found in oil screens after flush and engine run; right engine replaced with used unit; local mechanic recommended oil analysis but ferry pilot refused,0,,
20001213X29401_1,1,OPERATION WITH KNOWN DEFICIENCIES IN EQUIPMENT (PERFORMED),1,LATENT_MECHANICAL_DEFECT,primary,excessive wear in both engines; right engine crankshaft/rod bearing surface 0.010 under standard,0,,
20001213X29401_1,1,OPERATION WITH KNOWN DEFICIENCIES IN EQUIPMENT (PERFORMED),2,DECISION_INAPPROPRIATE,primary,operation by the pilot with known deficiencies in the aircraft,1,,
20001213X29401_1,1,OPERATION WITH KNOWN DEFICIENCIES IN EQUIPMENT (PERFORMED),3,ENGINE_FAILURE,primary,right engine lost power during initial climb; smoke observed,0,,
20001213X29401_1,1,OPERATION WITH KNOWN DEFICIENCIES IN EQUIPMENT (PERFORMED),4,ENGINE_FAILURE,primary,left engine failed shortly after; pilot reported lost both engines,0,,
20001213X29401_1,1,OPERATION WITH KNOWN DEFICIENCIES IN EQUIPMENT (PERFORMED),5,PROCEDURE_NOT_FOLLOWED,contributing,improper use of powerplant controls; premature gear extension and failure to properly reduce drag,0,,
20001213X29401_1,1,OPERATION WITH KNOWN DEFICIENCIES IN EQUIPMENT (PERFORMED),6,GROUND_IMPACT,outcome,"extensively damaged during a landing on rough, rocky terrain about 1/4 mi SW of the runway threshold",0,,
20001213X29401_1,1,OPERATION WITH KNOWN DEFICIENCIES IN EQUIPMENT (PERFORMED),7,INJURY_OR_FATALITY,outcome,"1 fatal, 1 serious injury",0,,
20020626X00977_1,0,AIRCRAFT CONTROL (NOT MAINTAINED),0,CONTROL_INPUT_IMPROPER,primary,"pilot added power to go around after ballooning, but failed to maintain proper pitch attitude, leading to a stall",1,,
20020626X00977_1,0,AIRCRAFT CONTROL (NOT MAINTAINED),1,STALL,primary,stall warning horn came on during the go-around attempt,0,,
20020626X00977_1,0,AIRCRAFT CONTROL (NOT MAINTAINED),2,LOSS_OF_CONTROL_INFLIGHT,primary,loss of control during the go-around,1,,
20020626X00977_1,0,AIRCRAFT CONTROL (NOT MAINTAINED),3,GROUND_IMPACT,outcome,collision with trees on airport property,0,,
20020626X00977_1,0,AIRCRAFT CONTROL (NOT MAINTAINED),4,INJURY_OR_FATALITY,outcome,"pilot seriously injured, one passenger minor injuries",0,,
20001211X09549_1,0,"FLUID,FUEL (EXHAUSTION)",0,PROCEDURE_NOT_FOLLOWED,primary,student pilot did not verify the fuel level despite calling for a fuel truck and being present during the alleged refueling,0,,
20001211X09549_1,0,"FLUID,FUEL (EXHAUSTION)",1,FUEL_EXHAUSTION_OR_STARVATION,primary,no usable fuel in either fuel tank; aircraft had been flown only one hour since being fueled two days prior,1,,
20001211X09549_1,0,"FLUID,FUEL (EXHAUSTION)",2,ENGINE_FAILURE,contributing,"engine lost power at 1,400 or 1,500 feet msl during the second takeoff climb",0,,
20001211X09549_1,0,"FLUID,FUEL (EXHAUSTION)",3,DECISION_INAPPROPRIATE,contributing,"initiated a forced landing to a road with traffic to the front, requiring a turn",0,,
20001211X09549_1,0,"FLUID,FUEL (EXHAUSTION)",4,UNSUITABLE_TERRAIN_FOR_FORCED_LANDING,contributing,road near its end with a curb,0,,
20001211X09549_1,0,"FLUID,FUEL (EXHAUSTION)",5,GROUND_IMPACT,outcome,nose landing gear struck a curb and separated from the fuselage during the landing roll,0,,
20001211X09549_1,1,REFUELING (NOT PERFORMED),0,PROCEDURE_NOT_FOLLOWED,primary,student pilot did not verify the fuel level despite calling for a fuel truck and being present during the alleged refueling,1,,
20001211X09549_1,1,REFUELING (NOT PERFORMED),1,FUEL_EXHAUSTION_OR_STARVATION,primary,no usable fuel in either fuel tank; aircraft had been flown only one hour since being fueled two days prior,0,,
20001211X09549_1,1,REFUELING (NOT PERFORMED),2,ENGINE_FAILURE,contributing,"engine lost power at 1,400 or 1,500 feet msl during the second takeoff climb",0,,
20001211X09549_1,1,REFUELING (NOT PERFORMED),3,DECISION_INAPPROPRIATE,contributing,"initiated a forced landing to a road with traffic to the front, requiring a turn",0,,
20001211X09549_1,1,REFUELING (NOT PERFORMED),4,UNSUITABLE_TERRAIN_FOR_FORCED_LANDING,contributing,road near its end with a curb,0,,
20001211X09549_1,1,REFUELING (NOT PERFORMED),5,GROUND_IMPACT,outcome,nose landing gear struck a curb and separated from the fuselage during the landing roll,0,,
20001206X00865_1,0,CARBURETOR HEAT (IMPROPER USE OF),0,CARBURETOR_OR_INDUCTION_ICING,contributing,"temperature 35F, dewpoint 21F; icing probability charts indicate favorable for light to moderate carburetor ice",0,,
20001206X00865_1,0,CARBURETOR HEAT (IMPROPER USE OF),1,PROCEDURE_NOT_FOLLOWED,primary,improper use of carburetor heat,1,,
20001206X00865_1,0,CARBURETOR HEAT (IMPROPER USE OF),2,ENGINE_FAILURE,primary,"very sudden, immediate loss of engine power",0,,
20001206X00865_1,0,CARBURETOR HEAT (IMPROPER USE OF),3,DECISION_INAPPROPRIATE,contributing,selected a road for forced landing instead of continuing to the airport or a better field,0,,
20001206X00865_1,0,CARBURETOR HEAT (IMPROPER USE OF),4,GROUND_IMPACT,outcome,"collided with sign posts, fence posts, and a ditch during forced landing",0,,
20001208X06010_1,0,"FLUID,FUEL (EXHAUSTION)",0,DECISION_INAPPROPRIATE,primary,"pilot decided to fly 4.2 hours on a fuel load sufficient for only ~3.5 hours, failing to account for higher fuel consumption during pattern work",0,,
20001208X06010_1,0,"FLUID,FUEL (EXHAUSTION)",1,FUEL_EXHAUSTION_OR_STARVATION,primary,"no fuel found in tanks, sumps, or lines; engine ran out of fuel",1,,
20001208X06010_1,0,"FLUID,FUEL (EXHAUSTION)",2,ENGINE_FAILURE,contributing,engine lost power at 150 to 200 feet agl,0,,
20001208X06010_1,0,"FLUID,FUEL (EXHAUSTION)",3,CONTROL_INPUT_IMPROPER,contributing,"airplane landed on remaining runway but ran off the end, over a ditch, and through a fence",0,,
20001208X06010_1,0,"FLUID,FUEL (EXHAUSTION)",4,GROUND_IMPACT,outcome,impacted a fence and stopped on a road,0,,
20001208X06010_1,0,"FLUID,FUEL (EXHAUSTION)",5,INJURY_OR_FATALITY,outcome,pilot and certified flight instructor sustained minor injuries,0,,
20001208X06010_1,1,FUEL CONSUMPTION CALCULATIONS (INADEQUATE),0,DECISION_INAPPROPRIATE,primary,"pilot decided to fly 4.2 hours on a fuel load sufficient for only ~3.5 hours, failing to account for higher fuel consumption during pattern work",1,,
20001208X06010_1,1,FUEL CONSUMPTION CALCULATIONS (INADEQUATE),1,FUEL_EXHAUSTION_OR_STARVATION,primary,"no fuel found in tanks, sumps, or lines; engine ran out of fuel",0,,
20001208X06010_1,1,FUEL CONSUMPTION CALCULATIONS (INADEQUATE),2,ENGINE_FAILURE,contributing,engine lost power at 150 to 200 feet agl,0,,
20001208X06010_1,1,FUEL CONSUMPTION CALCULATIONS (INADEQUATE),3,CONTROL_INPUT_IMPROPER,contributing,"airplane landed on remaining runway but ran off the end, over a ditch, and through a fence",0,,
20001208X06010_1,1,FUEL CONSUMPTION CALCULATIONS (INADEQUATE),4,GROUND_IMPACT,outcome,impacted a fence and stopped on a road,0,,
20001208X06010_1,1,FUEL CONSUMPTION CALCULATIONS (INADEQUATE),5,INJURY_OR_FATALITY,outcome,pilot and certified flight instructor sustained minor injuries,0,,
20030731X01238_1,0,"FLUID,FUEL (EXHAUSTION)",0,DECISION_INAPPROPRIATE,primary,"pilot based flight planning on 105 kts airspeed but flew at 120 kts, resulting in higher fuel burn than calculated",0,,
20030731X01238_1,0,"FLUID,FUEL (EXHAUSTION)",1,PROCEDURE_NOT_FOLLOWED,contributing,pilot did not verify fuel quantity prior to departure from Darby Dan Airport,0,,
20030731X01238_1,0,"FLUID,FUEL (EXHAUSTION)",2,FUEL_EXHAUSTION_OR_STARVATION,primary,fuel tanks were empty; engine experienced loss of fuel pressure and power,1,,
20030731X01238_1,0,"FLUID,FUEL (EXHAUSTION)",3,ENGINE_FAILURE,contributing,engine lost power during cruise,0,,
20030731X01238_1,0,"FLUID,FUEL (EXHAUSTION)",4,UNSUITABLE_TERRAIN_FOR_FORCED_LANDING,contributing,pilot selected an empty field with soft ground and trees to clear,0,,
20030731X01238_1,0,"FLUID,FUEL (EXHAUSTION)",5,CONTROL_INPUT_IMPROPER,contributing,"pilot pulled back to flare at 60 knots, causing stall and nose-low impact",0,,
20030731X01238_1,0,"FLUID,FUEL (EXHAUSTION)",6,GROUND_IMPACT,outcome,"airplane contacted ground in nose-low pitch attitude, nosewheel drove into soft ground",0,,
20030731X01238_1,0,"FLUID,FUEL (EXHAUSTION)",7,INJURY_OR_FATALITY,outcome,pilot received minor injuries,0,,
20030731X01238_1,1,FUEL CONSUMPTION CALCULATIONS (IMPROPER),0,DECISION_INAPPROPRIATE,primary,"pilot based flight planning on 105 kts airspeed but flew at 120 kts, resulting in higher fuel burn than calculated",1,,
20030731X01238_1,1,FUEL CONSUMPTION CALCULATIONS (IMPROPER),1,PROCEDURE_NOT_FOLLOWED,contributing,pilot did not verify fuel quantity prior to departure from Darby Dan Airport,0,,
20030731X01238_1,1,FUEL CONSUMPTION CALCULATIONS (IMPROPER),2,FUEL_EXHAUSTION_OR_STARVATION,primary,fuel tanks were empty; engine experienced loss of fuel pressure and power,0,,
20030731X01238_1,1,FUEL CONSUMPTION CALCULATIONS (IMPROPER),3,ENGINE_FAILURE,contributing,engine lost power during cruise,0,,
20030731X01238_1,1,FUEL CONSUMPTION CALCULATIONS (IMPROPER),4,UNSUITABLE_TERRAIN_FOR_FORCED_LANDING,contributing,pilot selected an empty field with soft ground and trees to clear,0,,
20030731X01238_1,1,FUEL CONSUMPTION CALCULATIONS (IMPROPER),5,CONTROL_INPUT_IMPROPER,contributing,"pilot pulled back to flare at 60 knots, causing stall and nose-low impact",0,,
20030731X01238_1,1,FUEL CONSUMPTION CALCULATIONS (IMPROPER),6,GROUND_IMPACT,outcome,"airplane contacted ground in nose-low pitch attitude, nosewheel drove into soft ground",0,,
20030731X01238_1,1,FUEL CONSUMPTION CALCULATIONS (IMPROPER),7,INJURY_OR_FATALITY,outcome,pilot received minor injuries,0,,
20001211X11974_1,0,"VACUUM SYSTEM (FAILURE,TOTAL)",0,LATENT_MECHANICAL_DEFECT,primary,"vacuum pump rotor vanes separated, pitting/scoring in pump case, attitude gyro bearings rough",0,,
20001211X11974_1,0,"VACUUM SYSTEM (FAILURE,TOTAL)",1,INSTRUMENT_OR_AVIONICS_FAILURE,primary,total failure of the vacuum system resulting in loss of the attitude indicator,1,,
20001211X11974_1,0,"VACUUM SYSTEM (FAILURE,TOTAL)",2,LOW_VISIBILITY_OR_IMC,contributing,"instrument meteorological conditions, dark night, snow",0,,
20001211X11974_1,0,"VACUUM SYSTEM (FAILURE,TOTAL)",3,PILOT_FATIGUE_OR_PHYSIOLOGICAL_STATE,contributing,pilot's lack of experience in flying in actual instrument meteorological conditions (first known IMC flight),0,,
20001211X11974_1,0,"VACUUM SYSTEM (FAILURE,TOTAL)",4,LOSS_OF_CONTROL_INFLIGHT,primary,pilot reported being in trouble after losing attitude indicator; subsequent uncontrolled descent,0,,
20001211X11974_1,0,"VACUUM SYSTEM (FAILURE,TOTAL)",5,INFLIGHT_BREAKUP,outcome,airplane destroyed during an inflight breakup; wings and empennage exhibited positive/negative overloads,0,,
20001211X11974_1,0,"VACUUM SYSTEM (FAILURE,TOTAL)",6,GROUND_IMPACT,outcome,fuselage and engine came to rest on a slope of a canyon,0,,
20001211X11974_1,0,"VACUUM SYSTEM (FAILURE,TOTAL)",7,INJURY_OR_FATALITY,outcome,pilot and passenger sustained fatal injuries,0,,
20001211X11178_1,0,"ENGINE ASSEMBLY,ROCKER ARM/TAPPET (FATIGUE)",0,LATENT_MECHANICAL_DEFECT,primary,"bronze cylinder #2 intake guide insert and 45-degree valve grind, contrary to TCM Service Bulletin M76-8 which recommended stainless steel insert and 30-degree chamfer",0,,
20001211X11178_1,0,"ENGINE ASSEMBLY,ROCKER ARM/TAPPET (FATIGUE)",1,MAINTENANCE_INADEQUATE,contributing,failure to incorporate TCM Service Bulletin M76-8 during the 1981 major overhaul,0,,
20001211X11178_1,0,"ENGINE ASSEMBLY,ROCKER ARM/TAPPET (FATIGUE)",2,ENGINE_FAILURE,primary,number two intake valve rocker arm failed in fatigue,1,,
20001211X11178_1,0,"ENGINE ASSEMBLY,ROCKER ARM/TAPPET (FATIGUE)",3,PROCEDURE_NOT_FOLLOWED,contributing,unsuccessful restart attempt after engine shuddered and stopped,0,,
20001211X11178_1,0,"ENGINE ASSEMBLY,ROCKER ARM/TAPPET (FATIGUE)",4,DECISION_INAPPROPRIATE,contributing,maneuvered to a nearby field for forced landing,0,,
20001211X11178_1,0,"ENGINE ASSEMBLY,ROCKER ARM/TAPPET (FATIGUE)",5,RUNWAY_CONDITION_HAZARD,contributing,irrigation ditch present in the selected forced landing field,0,,
20001211X11178_1,0,"ENGINE ASSEMBLY,ROCKER ARM/TAPPET (FATIGUE)",6,LANDING_GEAR_ANOMALY,primary,nose gear collapsed due to overload,0,,
20001211X11178_1,0,"ENGINE ASSEMBLY,ROCKER ARM/TAPPET (FATIGUE)",7,GROUND_IMPACT,outcome,aircraft nosed over,0,,
20001211X11178_1,0,"ENGINE ASSEMBLY,ROCKER ARM/TAPPET (FATIGUE)",8,INJURY_OR_FATALITY,outcome,student pilot uninjured,0,,
20001211X11178_1,1,"LANDING GEAR,NOSE GEAR ASSEMBLY (OVERLOAD)",0,LATENT_MECHANICAL_DEFECT,primary,"bronze cylinder #2 intake guide insert and 45-degree valve grind, contrary to TCM Service Bulletin M76-8 which recommended stainless steel insert and 30-degree chamfer",0,,
20001211X11178_1,1,"LANDING GEAR,NOSE GEAR ASSEMBLY (OVERLOAD)",1,MAINTENANCE_INADEQUATE,contributing,failure to incorporate TCM Service Bulletin M76-8 during the 1981 major overhaul,0,,
20001211X11178_1,1,"LANDING GEAR,NOSE GEAR ASSEMBLY (OVERLOAD)",2,ENGINE_FAILURE,primary,number two intake valve rocker arm failed in fatigue,0,,
20001211X11178_1,1,"LANDING GEAR,NOSE GEAR ASSEMBLY (OVERLOAD)",3,PROCEDURE_NOT_FOLLOWED,contributing,unsuccessful restart attempt after engine shuddered and stopped,0,,
20001211X11178_1,1,"LANDING GEAR,NOSE GEAR ASSEMBLY (OVERLOAD)",4,DECISION_INAPPROPRIATE,contributing,maneuvered to a nearby field for forced landing,0,,
20001211X11178_1,1,"LANDING GEAR,NOSE GEAR ASSEMBLY (OVERLOAD)",5,RUNWAY_CONDITION_HAZARD,contributing,irrigation ditch present in the selected forced landing field,0,,
20001211X11178_1,1,"LANDING GEAR,NOSE GEAR ASSEMBLY (OVERLOAD)",6,LANDING_GEAR_ANOMALY,primary,nose gear collapsed due to overload,1,,
20001211X11178_1,1,"LANDING GEAR,NOSE GEAR ASSEMBLY (OVERLOAD)",7,GROUND_IMPACT,outcome,aircraft nosed over,0,,
20001211X11178_1,1,"LANDING GEAR,NOSE GEAR ASSEMBLY (OVERLOAD)",8,INJURY_OR_FATALITY,outcome,student pilot uninjured,0,,
20001208X09194_1,0,SUICIDE (INTENTIONAL),0,PILOT_FATIGUE_OR_PHYSIOLOGICAL_STATE,contributing,despondent about death of his mother and deteriorating health; advanced coronary artery disease; previous coronary infarction,0,,
20001208X09194_1,0,SUICIDE (INTENTIONAL),1,DECISION_INAPPROPRIATE,primary,intentional dive into the ocean,1,,
20001208X09194_1,0,SUICIDE (INTENTIONAL),2,WATER_IMPACT,outcome,crashed into the Pacific ocean,0,,
20001208X09194_1,0,SUICIDE (INTENTIONAL),3,INJURY_OR_FATALITY,outcome,pilot received fatal injuries,0,,
20021004X05283_1,0,WEATHER CONDITION (CROSSWIND),0,ADVERSE_WIND_CONDITION,contributing,winds became gusty approximately one mile out from the airport,1,,
20021004X05283_1,0,WEATHER CONDITION (CROSSWIND),1,CONTROL_INPUT_IMPROPER,primary,inadequate compensation for wind conditions,0,,
20021004X05283_1,0,WEATHER CONDITION (CROSSWIND),2,LOSS_OF_CONTROL_GROUND,primary,airplane bounced and veered to the left on touchdown,0,,
20021004X05283_1,0,WEATHER CONDITION (CROSSWIND),3,CONTROL_INPUT_IMPROPER,contributing,"applied power to go-around; however, the airplane continued to veer left",0,,
20021004X05283_1,0,WEATHER CONDITION (CROSSWIND),4,LOSS_OF_CONTROL_GROUND,primary,"left wing contacted the ground, and the airplane spun around",0,,
20021004X05283_1,0,WEATHER CONDITION (CROSSWIND),5,GROUND_IMPACT,outcome,collided with the terrain... coming to rest on a northerly heading,0,,
20021004X05283_1,1,COMPENSATION FOR WIND CONDITIONS (INADEQUATE),0,ADVERSE_WIND_CONDITION,contributing,winds became gusty approximately one mile out from the airport,0,,
20021004X05283_1,1,COMPENSATION FOR WIND CONDITIONS (INADEQUATE),1,CONTROL_INPUT_IMPROPER,primary,inadequate compensation for wind conditions,1,,
20021004X05283_1,1,COMPENSATION FOR WIND CONDITIONS (INADEQUATE),2,LOSS_OF_CONTROL_GROUND,primary,airplane bounced and veered to the left on touchdown,0,,
20021004X05283_1,1,COMPENSATION FOR WIND CONDITIONS (INADEQUATE),3,CONTROL_INPUT_IMPROPER,contributing,"applied power to go-around; however, the airplane continued to veer left",0,,
20021004X05283_1,1,COMPENSATION FOR WIND CONDITIONS (INADEQUATE),4,LOSS_OF_CONTROL_GROUND,primary,"left wing contacted the ground, and the airplane spun around",0,,
20021004X05283_1,1,COMPENSATION FOR WIND CONDITIONS (INADEQUATE),5,GROUND_IMPACT,outcome,collided with the terrain... coming to rest on a northerly heading,0,,
20021004X05283_1,2,DIRECTIONAL CONTROL (NOT MAINTAINED),0,ADVERSE_WIND_CONDITION,contributing,winds became gusty approximately one mile out from the airport,0,,
20021004X05283_1,2,DIRECTIONAL CONTROL (NOT MAINTAINED),1,CONTROL_INPUT_IMPROPER,primary,inadequate compensation for wind conditions,0,,
20021004X05283_1,2,DIRECTIONAL CONTROL (NOT MAINTAINED),2,LOSS_OF_CONTROL_GROUND,primary,airplane bounced and veered to the left on touchdown,1,,
20021004X05283_1,2,DIRECTIONAL CONTROL (NOT MAINTAINED),3,CONTROL_INPUT_IMPROPER,contributing,"applied power to go-around; however, the airplane continued to veer left",1,,
20021004X05283_1,2,DIRECTIONAL CONTROL (NOT MAINTAINED),4,LOSS_OF_CONTROL_GROUND,primary,"left wing contacted the ground, and the airplane spun around",1,,
20021004X05283_1,2,DIRECTIONAL CONTROL (NOT MAINTAINED),5,GROUND_IMPACT,outcome,collided with the terrain... coming to rest on a northerly heading,0,,
20010405X00695_1,0,"PROPELLER SYSTEM/ACCESSORIES,HUB (FRACTURED)",0,LATENT_MECHANICAL_DEFECT,primary,fatigue cracking of the propeller hub originating in the root of the retention thread,1,,
20010405X00695_1,0,"PROPELLER SYSTEM/ACCESSORIES,HUB (FRACTURED)",1,ORG_OR_REGULATORY_INADEQUATE,contributing,propeller hub assembly not approved for aerobatics; STC did not include FAA approval for specific airframe/engine/propeller installation,0,,
20010405X00695_1,0,"PROPELLER SYSTEM/ACCESSORIES,HUB (FRACTURED)",2,CONTROL_INPUT_IMPROPER,contributing,maneuvering in formation flight (implied aerobatic/high-G loads),0,,
20010405X00695_1,0,"PROPELLER SYSTEM/ACCESSORIES,HUB (FRACTURED)",3,AIRFRAME_STRUCTURAL_FAILURE,primary,propeller blade separated from the hub assembly; second blade and hub separated from crankshaft,0,,
20010405X00695_1,0,"PROPELLER SYSTEM/ACCESSORIES,HUB (FRACTURED)",4,ENGINE_FAILURE,contributing,catastrophic engine failure due to propeller blade separation,0,,
20010405X00695_1,0,"PROPELLER SYSTEM/ACCESSORIES,HUB (FRACTURED)",5,GROUND_IMPACT,outcome,substantial damage to the airplane,0,,
20010405X00695_1,1,"PROPELLER SYSTEM/ACCESSORIES,HUB (FATIGUE)",0,LATENT_MECHANICAL_DEFECT,primary,fatigue cracking of the propeller hub originating in the root of the retention thread,1,,
20010405X00695_1,1,"PROPELLER SYSTEM/ACCESSORIES,HUB (FATIGUE)",1,ORG_OR_REGULATORY_INADEQUATE,contributing,propeller hub assembly not approved for aerobatics; STC did not include FAA approval for specific airframe/engine/propeller installation,0,,
20010405X00695_1,1,"PROPELLER SYSTEM/ACCESSORIES,HUB (FATIGUE)",2,CONTROL_INPUT_IMPROPER,contributing,maneuvering in formation flight (implied aerobatic/high-G loads),0,,
20010405X00695_1,1,"PROPELLER SYSTEM/ACCESSORIES,HUB (FATIGUE)",3,AIRFRAME_STRUCTURAL_FAILURE,primary,propeller blade separated from the hub assembly; second blade and hub separated from crankshaft,0,,
20010405X00695_1,1,"PROPELLER SYSTEM/ACCESSORIES,HUB (FATIGUE)",4,ENGINE_FAILURE,contributing,catastrophic engine failure due to propeller blade separation,0,,
20010405X00695_1,1,"PROPELLER SYSTEM/ACCESSORIES,HUB (FATIGUE)",5,GROUND_IMPACT,outcome,substantial damage to the airplane,0,,
20010831X01846_1,0,AIRCRAFT CONTROL (NOT MAINTAINED),0,LATENT_MECHANICAL_DEFECT,contributing,doors removed from the helicopter for doors-off operation,0,,
20010831X01846_1,0,AIRCRAFT CONTROL (NOT MAINTAINED),1,PROCEDURE_NOT_FOLLOWED,primary,"pilot turned his head into the slipstream outside the cabin, violating POH instructions to keep head and arms inside",0,,
20010831X01846_1,0,AIRCRAFT CONTROL (NOT MAINTAINED),2,SPATIAL_DISORIENTATION,primary,"pilot experienced a sensation of flipping and spinning, lost control of the helicopter",1,,
20010831X01846_1,0,AIRCRAFT CONTROL (NOT MAINTAINED),3,LOSS_OF_CONTROL_INFLIGHT,primary,loss of control resulting in mast bumping,1,,
20010831X01846_1,0,AIRCRAFT CONTROL (NOT MAINTAINED),4,STRUCTURAL_OVERLOAD,contributing,"main rotor blades struck the tail boom, droop stop bolt sheared",0,,
20010831X01846_1,0,AIRCRAFT CONTROL (NOT MAINTAINED),5,GROUND_IMPACT,outcome,substantially damaged during a loss of control,0,,
20001208X06851_1,0,TERRAIN CONDITION (HIDDEN OBSTRUCTION(S)),0,TERRAIN_OR_OBSTACLE_PROXIMITY,primary,"road located approximately 180 feet from runway end, with a dump truck crossing at 10 feet altitude; obstacle free zone shorter than recommended 200 feet",1,,
20001208X06851_1,0,TERRAIN CONDITION (HIDDEN OBSTRUCTION(S)),1,ADVERSE_WIND_CONDITION,contributing,lightly colored vehicle difficult to see against tree line and cornfield near the road,0,,
20001208X06851_1,0,TERRAIN CONDITION (HIDDEN OBSTRUCTION(S)),2,PERCEPTION_FAILURE,contributing,pilot did not see the second grey and red dump truck following the first one,0,,
20001208X06851_1,0,TERRAIN CONDITION (HIDDEN OBSTRUCTION(S)),3,CONTROL_INPUT_IMPROPER,contributing,pilot slowed the airplane to miss the first dump truck,0,,
20001208X06851_1,0,TERRAIN CONDITION (HIDDEN OBSTRUCTION(S)),4,GROUND_COLLISION,outcome,left main gear tire contacted the upper portion of the dump box above the cab of the second dump truck,1,,
20030819X01362_1,0,IN-FLIGHT PLANNING/DECISION (INADEQUATE),0,RUNWAY_CONDITION_HAZARD,contributing,"runway 27 was plowed but not treated with salt or sand, covered with ice and snow",0,,
20030819X01362_1,0,IN-FLIGHT PLANNING/DECISION (INADEQUATE),1,ADVERSE_WIND_CONDITION,contributing,winds out of the northeast at 20 knots,0,,
20030819X01362_1,0,IN-FLIGHT PLANNING/DECISION (INADEQUATE),2,DECISION_INAPPROPRIATE,primary,pilot did not check local winds; elected to continue approach to a runway known to be icy/snow-covered,1,,
20030819X01362_1,0,IN-FLIGHT PLANNING/DECISION (INADEQUATE),3,PROCEDURE_NOT_FOLLOWED,contributing,circled to the south to lose altitude while too high for the approach,0,,
20030819X01362_1,0,IN-FLIGHT PLANNING/DECISION (INADEQUATE),4,CONTROL_INPUT_IMPROPER,primary,"landed with a 20-knot tailwind on a short, slippery runway",0,,
20030819X01362_1,0,IN-FLIGHT PLANNING/DECISION (INADEQUATE),5,RUNWAY_EXCURSION_OR_OVERRUN,outcome,"unable to stop, departed the far end of the runway",0,,
20030819X01362_1,0,IN-FLIGHT PLANNING/DECISION (INADEQUATE),6,GROUND_COLLISION,outcome,impacted a snow bank,0,,
20001211X10874_1,0,AIRCRAFT PREFLIGHT (INADEQUATE),0,PROCEDURE_NOT_FOLLOWED,primary,failure to complete preflight inspection and secure the oil filler cap,1,,
20001211X10874_1,0,AIRCRAFT PREFLIGHT (INADEQUATE),1,OTHER_SYSTEM_FAILURE,contributing,oil filler cap separated from the oil filler neck due to missing gasket and improper securing,0,,
20001211X10874_1,0,AIRCRAFT PREFLIGHT (INADEQUATE),2,ENGINE_FAILURE,contributing,loss of engine power due to oil starvation,0,,
20001211X10874_1,0,AIRCRAFT PREFLIGHT (INADEQUATE),3,CONTROL_INPUT_IMPROPER,primary,failure to maintain adequate airspeed while maneuvering back toward the runway,0,,
20001211X10874_1,0,AIRCRAFT PREFLIGHT (INADEQUATE),4,STALL,primary,inadvertent stall resulting from loss of airspeed,0,,
20001211X10874_1,0,AIRCRAFT PREFLIGHT (INADEQUATE),5,GROUND_IMPACT,outcome,airplane impacted terrain 900 feet southeast of the airport,0,,
20001211X10874_1,0,AIRCRAFT PREFLIGHT (INADEQUATE),6,INJURY_OR_FATALITY,outcome,pilot fatally injured,0,,
20001211X10874_1,1,AIRSPEED (NOT MAINTAINED),0,PROCEDURE_NOT_FOLLOWED,primary,failure to complete preflight inspection and secure the oil filler cap,0,,
20001211X10874_1,1,AIRSPEED (NOT MAINTAINED),1,OTHER_SYSTEM_FAILURE,contributing,oil filler cap separated from the oil filler neck due to missing gasket and improper securing,0,,
20001211X10874_1,1,AIRSPEED (NOT MAINTAINED),2,ENGINE_FAILURE,contributing,loss of engine power due to oil starvation,0,,
20001211X10874_1,1,AIRSPEED (NOT MAINTAINED),3,CONTROL_INPUT_IMPROPER,primary,failure to maintain adequate airspeed while maneuvering back toward the runway,1,,
20001211X10874_1,1,AIRSPEED (NOT MAINTAINED),4,STALL,primary,inadvertent stall resulting from loss of airspeed,0,,
20001211X10874_1,1,AIRSPEED (NOT MAINTAINED),5,GROUND_IMPACT,outcome,airplane impacted terrain 900 feet southeast of the airport,0,,
20001211X10874_1,1,AIRSPEED (NOT MAINTAINED),6,INJURY_OR_FATALITY,outcome,pilot fatally injured,0,,
20001211X10874_1,2,STALL/SPIN (INADVERTENT),0,PROCEDURE_NOT_FOLLOWED,primary,failure to complete preflight inspection and secure the oil filler cap,0,,
20001211X10874_1,2,STALL/SPIN (INADVERTENT),1,OTHER_SYSTEM_FAILURE,contributing,oil filler cap separated from the oil filler neck due to missing gasket and improper securing,0,,
20001211X10874_1,2,STALL/SPIN (INADVERTENT),2,ENGINE_FAILURE,contributing,loss of engine power due to oil starvation,0,,
20001211X10874_1,2,STALL/SPIN (INADVERTENT),3,CONTROL_INPUT_IMPROPER,primary,failure to maintain adequate airspeed while maneuvering back toward the runway,0,,
20001211X10874_1,2,STALL/SPIN (INADVERTENT),4,STALL,primary,inadvertent stall resulting from loss of airspeed,1,,
20001211X10874_1,2,STALL/SPIN (INADVERTENT),5,GROUND_IMPACT,outcome,airplane impacted terrain 900 feet southeast of the airport,0,,
20001211X10874_1,2,STALL/SPIN (INADVERTENT),6,INJURY_OR_FATALITY,outcome,pilot fatally injured,0,,
20001208X08078_1,0,TRANSPONDER (DELAYED),0,PROCEDURE_NOT_FOLLOWED,primary,"pilot of N414RN did not have Mode C transponder selected/ON during climb through 10,000 ft",1,,
20001208X08078_1,0,TRANSPONDER (DELAYED),1,LOW_VISIBILITY_OR_IMC,contributing,United 1517 crew reported solid IMC; N414RN pilot reported clouds along route,0,,
20001208X08078_1,0,TRANSPONDER (DELAYED),2,ATC_OR_DISPATCH_INADEQUATE,contributing,controller was not aware of the traffic (N414RN) prior to United 1517's call; had just switched to 60 mile range,0,,
20001208X08078_1,0,TRANSPONDER (DELAYED),3,MIDAIR_COLLISION,outcome,closest separation was 0.1 nm horizontally and 50 ft vertically; near mid-air collision,0,,
20001208X08078_1,0,TRANSPONDER (DELAYED),4,CONTROL_INPUT_IMPROPER,contributing,"Captain pulled back firmly on the yoke to arrest descent and climb, resulting in high G-loads (+2.65g)",0,,
20001208X08078_1,0,TRANSPONDER (DELAYED),5,INJURY_OR_FATALITY,outcome,"two flight attendants injured (one serious, one minor) during the evasive maneuver",0,,
20001211X13907_1,0,DIRECTIONAL CONTROL (NOT MAINTAINED),0,CONTROL_INPUT_IMPROPER,primary,"increased speed on final to touch down at desired point, resulting in excessive airspeed during flare",0,,
20001211X13907_1,0,DIRECTIONAL CONTROL (NOT MAINTAINED),1,CONTROL_INPUT_IMPROPER,primary,landed hard on main gear with excessive speed,0,,
20001211X13907_1,0,DIRECTIONAL CONTROL (NOT MAINTAINED),2,CONTROL_INPUT_IMPROPER,primary,improper recovery from bounced landing; applied power while still airborne after second touchdown,0,,
20001211X13907_1,0,DIRECTIONAL CONTROL (NOT MAINTAINED),3,CONTROL_INPUT_IMPROPER,primary,failure to maintain directional control; drifted to the left of the runway,1,,
20001211X13907_1,0,DIRECTIONAL CONTROL (NOT MAINTAINED),4,GROUND_COLLISION,outcome,left wing struck a tree,0,,
20020628X00999_1,0,AIRSPEED (INADEQUATE),0,LATENT_MECHANICAL_DEFECT,contributing,experimental aircraft with only 2-5 flight hours; underpowered for recovery from stall at low altitude,0,,
20020628X00999_1,0,AIRSPEED (INADEQUATE),1,PILOT_INCAPACITATION_OR_IMPAIRMENT,contributing,pilot had Diphenhydramine in blood/urine; medical certificate expired in 1979,0,,
20020628X00999_1,0,AIRSPEED (INADEQUATE),2,CONTROL_INPUT_IMPROPER,primary,failure to maintain adequate airspeed during takeoff climb,1,,
20020628X00999_1,0,AIRSPEED (INADEQUATE),3,STALL,primary,inadvertent stall due to inadequate airspeed,1,,
20020628X00999_1,0,AIRSPEED (INADEQUATE),4,LOSS_OF_CONTROL_INFLIGHT,primary,"loss of control shortly after takeoff; 80-degree bank, steep nose-down attitude",0,,
20020628X00999_1,0,AIRSPEED (INADEQUATE),5,GROUND_IMPACT,outcome,collided with power lines and terrain,0,,
20020628X00999_1,0,AIRSPEED (INADEQUATE),6,INJURY_OR_FATALITY,outcome,"pilot fatally injured, passenger seriously injured",0,,
20020819X01427_1,0,"ENGINE ASSEMBLY (FAILURE,TOTAL)",0,LATENT_MECHANICAL_DEFECT,primary,wear consistent with oil starvation at the aft (#4) connecting rod bearing journal; bearing not present; metal fragments in sump,0,,
20020819X01427_1,0,"ENGINE ASSEMBLY (FAILURE,TOTAL)",1,ENGINE_FAILURE,primary,loss of engine power due to an engine bearing failure; connecting rod fractured,1,,
20020819X01427_1,0,"ENGINE ASSEMBLY (FAILURE,TOTAL)",2,INFLIGHT_FIRE_OR_SMOKE,contributing,cockpit began to fill with smoke,0,,
20020819X01427_1,0,"ENGINE ASSEMBLY (FAILURE,TOTAL)",3,DECISION_INAPPROPRIATE,contributing,elected to bail out instead of attempting an emergency landing,0,,
20020819X01427_1,0,"ENGINE ASSEMBLY (FAILURE,TOTAL)",4,GROUND_IMPACT,outcome,airplane impacted a field at a nearly vertical flight angle,0,,
20020819X01427_1,0,"ENGINE ASSEMBLY (FAILURE,TOTAL)",5,INJURY_OR_FATALITY,outcome,pilot and passenger sustained minor injuries during parachute landings,0,,
20001207X04983_1,0,WRONG RUNWAY (SELECTED),0,PERCEPTION_FAILURE,contributing,flew off course and became disoriented; unable to determine which airport it was,0,,
20001207X04983_1,0,WRONG RUNWAY (SELECTED),1,DECISION_INAPPROPRIATE,primary,selection of the wrong runway for landing,1,,
20001207X04983_1,0,WRONG RUNWAY (SELECTED),2,ADVERSE_WIND_CONDITION,contributing,tailwind condition (winds from 350 degrees at 9 knots on Runway 19),0,,
20001207X04983_1,0,WRONG RUNWAY (SELECTED),3,CONTROL_INPUT_IMPROPER,contributing,inadequate level-off; touched down on the numbers,0,,
20001207X04983_1,0,WRONG RUNWAY (SELECTED),4,PROCEDURE_NOT_FOLLOWED,primary,delayed aborted landing; applied power after touching down and braking instead of rejecting earlier,0,,
20001207X04983_1,0,WRONG RUNWAY (SELECTED),5,GROUND_COLLISION,outcome,contacted trees near the end of the runway,0,,
20001207X04983_1,0,WRONG RUNWAY (SELECTED),6,INJURY_OR_FATALITY,outcome,pilot received minor injuries and the passenger was seriously injured,0,,
20001207X04983_1,1,ABORTED LANDING (DELAYED),0,PERCEPTION_FAILURE,contributing,flew off course and became disoriented; unable to determine which airport it was,0,,
20001207X04983_1,1,ABORTED LANDING (DELAYED),1,DECISION_INAPPROPRIATE,primary,selection of the wrong runway for landing,0,,
20001207X04983_1,1,ABORTED LANDING (DELAYED),2,ADVERSE_WIND_CONDITION,contributing,tailwind condition (winds from 350 degrees at 9 knots on Runway 19),0,,
20001207X04983_1,1,ABORTED LANDING (DELAYED),3,CONTROL_INPUT_IMPROPER,contributing,inadequate level-off; touched down on the numbers,0,,
20001207X04983_1,1,ABORTED LANDING (DELAYED),4,PROCEDURE_NOT_FOLLOWED,primary,delayed aborted landing; applied power after touching down and braking instead of rejecting earlier,1,,
20001207X04983_1,1,ABORTED LANDING (DELAYED),5,GROUND_COLLISION,outcome,contacted trees near the end of the runway,0,,
20001207X04983_1,1,ABORTED LANDING (DELAYED),6,INJURY_OR_FATALITY,outcome,pilot received minor injuries and the passenger was seriously injured,0,,
20001211X11598_1,0,SHORT FIELD LANDING/PROCEDURE (IMPROPER),0,PROCEDURE_NOT_FOLLOWED,primary,"failure to use proper short-field landing procedure, resulting in an extended flare and touchdown by the nose wheel and right main wheel simultaneously",1,,
20001211X11598_1,0,SHORT FIELD LANDING/PROCEDURE (IMPROPER),1,LOSS_OF_CONTROL_GROUND,primary,the airplane took a sudden and violent veer to the left upon lowering the nosewheel,0,,
20001211X11598_1,0,SHORT FIELD LANDING/PROCEDURE (IMPROPER),2,RUNWAY_EXCURSION_OR_OVERRUN,outcome,departing the left runway edge at about a 40-degree angle,0,,
20001211X11598_1,0,SHORT FIELD LANDING/PROCEDURE (IMPROPER),3,GROUND_COLLISION,outcome,collision with trees,0,,
20001207X03380_1,0,IDENTIFICATION OF AIRCRAFT VISUALLY (NOT ATTAINED),0,GROUND_PERSONNEL_ERROR,contributing,lightning strike caused power outage in control tower; radar computer and voice recorders remained inoperative; alarm distracted controller,0,,
20001207X03380_1,0,IDENTIFICATION OF AIRCRAFT VISUALLY (NOT ATTAINED),1,DARK_NIGHT_OR_LOW_LIGHT,contributing,dark night conditions prevailed,0,,
20001207X03380_1,0,IDENTIFICATION OF AIRCRAFT VISUALLY (NOT ATTAINED),2,ADVERSE_WIND_CONDITION,contributing,rainfall and gusting wind conditions,0,,
20001207X03380_1,0,IDENTIFICATION OF AIRCRAFT VISUALLY (NOT ATTAINED),3,ATC_OR_DISPATCH_INADEQUATE,primary,ground controller failed to visually identify the Piper PA-34; did not provide traffic advisories; distracted by alarm,1,,
20001207X03380_1,0,IDENTIFICATION OF AIRCRAFT VISUALLY (NOT ATTAINED),4,PERCEPTION_FAILURE,primary,cessna pilot unaware of other aircraft; piper pilot noticed light out of corner of eye too late,0,,
20001207X03380_1,0,IDENTIFICATION OF AIRCRAFT VISUALLY (NOT ATTAINED),5,GROUND_COLLISION,outcome,cessna's left wing tip tank entered the propeller arc from the piper's right engine and was slashed open,0,,
20001207X03380_1,1,VISUAL LOOKOUT (INADEQUATE),0,GROUND_PERSONNEL_ERROR,contributing,lightning strike caused power outage in control tower; radar computer and voice recorders remained inoperative; alarm distracted controller,0,,
20001207X03380_1,1,VISUAL LOOKOUT (INADEQUATE),1,DARK_NIGHT_OR_LOW_LIGHT,contributing,dark night conditions prevailed,0,,
20001207X03380_1,1,VISUAL LOOKOUT (INADEQUATE),2,ADVERSE_WIND_CONDITION,contributing,rainfall and gusting wind conditions,0,,
20001207X03380_1,1,VISUAL LOOKOUT (INADEQUATE),3,ATC_OR_DISPATCH_INADEQUATE,primary,ground controller failed to visually identify the Piper PA-34; did not provide traffic advisories; distracted by alarm,1,,
20001207X03380_1,1,VISUAL LOOKOUT (INADEQUATE),4,PERCEPTION_FAILURE,primary,cessna pilot unaware of other aircraft; piper pilot noticed light out of corner of eye too late,1,,
20001207X03380_1,1,VISUAL LOOKOUT (INADEQUATE),5,GROUND_COLLISION,outcome,cessna's left wing tip tank entered the propeller arc from the piper's right engine and was slashed open,0,,
20001207X03380_1,2,VISUAL LOOKOUT (INADEQUATE),0,GROUND_PERSONNEL_ERROR,contributing,lightning strike caused power outage in control tower; radar computer and voice recorders remained inoperative; alarm distracted controller,0,,
20001207X03380_1,2,VISUAL LOOKOUT (INADEQUATE),1,DARK_NIGHT_OR_LOW_LIGHT,contributing,dark night conditions prevailed,0,,
20001207X03380_1,2,VISUAL LOOKOUT (INADEQUATE),2,ADVERSE_WIND_CONDITION,contributing,rainfall and gusting wind conditions,0,,
20001207X03380_1,2,VISUAL LOOKOUT (INADEQUATE),3,ATC_OR_DISPATCH_INADEQUATE,primary,ground controller failed to visually identify the Piper PA-34; did not provide traffic advisories; distracted by alarm,1,,
20001207X03380_1,2,VISUAL LOOKOUT (INADEQUATE),4,PERCEPTION_FAILURE,primary,cessna pilot unaware of other aircraft; piper pilot noticed light out of corner of eye too late,1,,
20001207X03380_1,2,VISUAL LOOKOUT (INADEQUATE),5,GROUND_COLLISION,outcome,cessna's left wing tip tank entered the propeller arc from the piper's right engine and was slashed open,0,,
20001208X06429_1,0,AIRCRAFT CONTROL (NOT MAINTAINED),0,OTHER_SYSTEM_FAILURE,contributing,"primary vacuum pump failure (melted drive coupling, fragmented rotor/vanes)",1,,
20001208X06429_1,0,AIRCRAFT CONTROL (NOT MAINTAINED),1,OTHER_SYSTEM_FAILURE,contributing,standby vacuum system inoperative due to sealing material migration blocking the installation hole,1,,
20001208X06429_1,0,AIRCRAFT CONTROL (NOT MAINTAINED),2,LOW_VISIBILITY_OR_IMC,contributing,"instrument meteorological conditions; ceiling 600 ft, vis 10 mi",0,,
20001208X06429_1,0,AIRCRAFT CONTROL (NOT MAINTAINED),3,SPATIAL_DISORIENTATION,primary,pilot lost control of the airplane due to spatial disorientation,0,,
20001208X06429_1,0,AIRCRAFT CONTROL (NOT MAINTAINED),4,GROUND_IMPACT,outcome,airplane impacted terrain in an open farm field,0,,
20001208X06429_1,0,AIRCRAFT CONTROL (NOT MAINTAINED),5,INJURY_OR_FATALITY,outcome,pilot sustained fatal injuries,0,,
20001208X06429_1,1,SPATIAL DISORIENTATION,0,OTHER_SYSTEM_FAILURE,contributing,"primary vacuum pump failure (melted drive coupling, fragmented rotor/vanes)",0,,
20001208X06429_1,1,SPATIAL DISORIENTATION,1,OTHER_SYSTEM_FAILURE,contributing,standby vacuum system inoperative due to sealing material migration blocking the installation hole,0,,
20001208X06429_1,1,SPATIAL DISORIENTATION,2,LOW_VISIBILITY_OR_IMC,contributing,"instrument meteorological conditions; ceiling 600 ft, vis 10 mi",0,,
20001208X06429_1,1,SPATIAL DISORIENTATION,3,SPATIAL_DISORIENTATION,primary,pilot lost control of the airplane due to spatial disorientation,1,,
20001208X06429_1,1,SPATIAL DISORIENTATION,4,GROUND_IMPACT,outcome,airplane impacted terrain in an open farm field,0,,
20001208X06429_1,1,SPATIAL DISORIENTATION,5,INJURY_OR_FATALITY,outcome,pilot sustained fatal injuries,0,,
20001207X03400_1,0,UNSAFE/HAZARDOUS CONDITION (NOT IDENTIFIED),0,RUNWAY_CONDITION_HAZARD,contributing,recent heavy snows deposited 6 feet of new snow; area of soft/sticky snow at the end of the landing site,1,,
20001207X03400_1,0,UNSAFE/HAZARDOUS CONDITION (NOT IDENTIFIED),1,PERCEPTION_FAILURE,primary,failure of the pilot-in-command to identify unsafe snow conditions at the site,0,,
20001207X03400_1,0,UNSAFE/HAZARDOUS CONDITION (NOT IDENTIFIED),2,LOSS_OF_CONTROL_GROUND,primary,"left ski caught in the sticky snow, causing the aircraft to nose over",0,,
20001207X03400_1,0,UNSAFE/HAZARDOUS CONDITION (NOT IDENTIFIED),3,GROUND_IMPACT,outcome,aircraft nosed over and sustained substantial damage,0,,
20001207X03400_1,0,UNSAFE/HAZARDOUS CONDITION (NOT IDENTIFIED),4,INJURY_OR_FATALITY,outcome,pilot and two passengers received minor injuries,0,,
20001213X28731_1,0,VFR FLIGHT INTO IMC (CONTINUED),0,DECISION_INAPPROPRIATE,primary,continued VFR flight into IMC despite being advised VFR was not recommended,1,,
20001213X28731_1,0,VFR FLIGHT INTO IMC (CONTINUED),1,THUNDERSTORM_OR_CONVECTIVE,contributing,encountered heavy rain and very heavy thunder,0,,
20001213X28731_1,0,VFR FLIGHT INTO IMC (CONTINUED),2,LOW_VISIBILITY_OR_IMC,contributing,"500' broken, 1000' overcast, visibility 1/2 mile with rain and fog",1,,
20001213X28731_1,0,VFR FLIGHT INTO IMC (CONTINUED),3,SPATIAL_DISORIENTATION,primary,loss of aircraft control due to disorientation,0,,
20001213X28731_1,0,VFR FLIGHT INTO IMC (CONTINUED),4,LOSS_OF_CONTROL_INFLIGHT,primary,aircraft control not maintained,0,,
20001213X28731_1,0,VFR FLIGHT INTO IMC (CONTINUED),5,STRUCTURAL_OVERLOAD,primary,overload failure of the wings and stabilator due to exceeding design stress limits,0,,
20001213X28731_1,0,VFR FLIGHT INTO IMC (CONTINUED),6,INFLIGHT_BREAKUP,outcome,in-flight breakup of the aircraft,0,,
20001213X28731_1,0,VFR FLIGHT INTO IMC (CONTINUED),7,GROUND_IMPACT,outcome,wreckage scattered over a mile,0,,
20001213X28731_1,0,VFR FLIGHT INTO IMC (CONTINUED),8,INJURY_OR_FATALITY,outcome,3 fatal injuries,0,,
20001213X28731_1,1,AIRCRAFT CONTROL (NOT MAINTAINED),0,DECISION_INAPPROPRIATE,primary,continued VFR flight into IMC despite being advised VFR was not recommended,0,,
20001213X28731_1,1,AIRCRAFT CONTROL (NOT MAINTAINED),1,THUNDERSTORM_OR_CONVECTIVE,contributing,encountered heavy rain and very heavy thunder,0,,
20001213X28731_1,1,AIRCRAFT CONTROL (NOT MAINTAINED),2,LOW_VISIBILITY_OR_IMC,contributing,"500' broken, 1000' overcast, visibility 1/2 mile with rain and fog",0,,
20001213X28731_1,1,AIRCRAFT CONTROL (NOT MAINTAINED),3,SPATIAL_DISORIENTATION,primary,loss of aircraft control due to disorientation,1,,
20001213X28731_1,1,AIRCRAFT CONTROL (NOT MAINTAINED),4,LOSS_OF_CONTROL_INFLIGHT,primary,aircraft control not maintained,1,,
20001213X28731_1,1,AIRCRAFT CONTROL (NOT MAINTAINED),5,STRUCTURAL_OVERLOAD,primary,overload failure of the wings and stabilator due to exceeding design stress limits,0,,
20001213X28731_1,1,AIRCRAFT CONTROL (NOT MAINTAINED),6,INFLIGHT_BREAKUP,outcome,in-flight breakup of the aircraft,0,,
20001213X28731_1,1,AIRCRAFT CONTROL (NOT MAINTAINED),7,GROUND_IMPACT,outcome,wreckage scattered over a mile,0,,
20001213X28731_1,1,AIRCRAFT CONTROL (NOT MAINTAINED),8,INJURY_OR_FATALITY,outcome,3 fatal injuries,0,,
20001213X28731_1,2,SPATIAL DISORIENTATION,0,DECISION_INAPPROPRIATE,primary,continued VFR flight into IMC despite being advised VFR was not recommended,0,,
20001213X28731_1,2,SPATIAL DISORIENTATION,1,THUNDERSTORM_OR_CONVECTIVE,contributing,encountered heavy rain and very heavy thunder,0,,
20001213X28731_1,2,SPATIAL DISORIENTATION,2,LOW_VISIBILITY_OR_IMC,contributing,"500' broken, 1000' overcast, visibility 1/2 mile with rain and fog",0,,
20001213X28731_1,2,SPATIAL DISORIENTATION,3,SPATIAL_DISORIENTATION,primary,loss of aircraft control due to disorientation,1,,
20001213X28731_1,2,SPATIAL DISORIENTATION,4,LOSS_OF_CONTROL_INFLIGHT,primary,aircraft control not maintained,0,,
20001213X28731_1,2,SPATIAL DISORIENTATION,5,STRUCTURAL_OVERLOAD,primary,overload failure of the wings and stabilator due to exceeding design stress limits,0,,
20001213X28731_1,2,SPATIAL DISORIENTATION,6,INFLIGHT_BREAKUP,outcome,in-flight breakup of the aircraft,0,,
20001213X28731_1,2,SPATIAL DISORIENTATION,7,GROUND_IMPACT,outcome,wreckage scattered over a mile,0,,
20001213X28731_1,2,SPATIAL DISORIENTATION,8,INJURY_OR_FATALITY,outcome,3 fatal injuries,0,,
20001213X28731_1,3,DESIGN STRESS LIMITS OF AIRCRAFT (EXCEEDED),0,DECISION_INAPPROPRIATE,primary,continued VFR flight into IMC despite being advised VFR was not recommended,0,,
20001213X28731_1,3,DESIGN STRESS LIMITS OF AIRCRAFT (EXCEEDED),1,THUNDERSTORM_OR_CONVECTIVE,contributing,encountered heavy rain and very heavy thunder,0,,
20001213X28731_1,3,DESIGN STRESS LIMITS OF AIRCRAFT (EXCEEDED),2,LOW_VISIBILITY_OR_IMC,contributing,"500' broken, 1000' overcast, visibility 1/2 mile with rain and fog",0,,
20001213X28731_1,3,DESIGN STRESS LIMITS OF AIRCRAFT (EXCEEDED),3,SPATIAL_DISORIENTATION,primary,loss of aircraft control due to disorientation,0,,
20001213X28731_1,3,DESIGN STRESS LIMITS OF AIRCRAFT (EXCEEDED),4,LOSS_OF_CONTROL_INFLIGHT,primary,aircraft control not maintained,0,,
20001213X28731_1,3,DESIGN STRESS LIMITS OF AIRCRAFT (EXCEEDED),5,STRUCTURAL_OVERLOAD,primary,overload failure of the wings and stabilator due to exceeding design stress limits,1,,
20001213X28731_1,3,DESIGN STRESS LIMITS OF AIRCRAFT (EXCEEDED),6,INFLIGHT_BREAKUP,outcome,in-flight breakup of the aircraft,0,,
20001213X28731_1,3,DESIGN STRESS LIMITS OF AIRCRAFT (EXCEEDED),7,GROUND_IMPACT,outcome,wreckage scattered over a mile,0,,
20001213X28731_1,3,DESIGN STRESS LIMITS OF AIRCRAFT (EXCEEDED),8,INJURY_OR_FATALITY,outcome,3 fatal injuries,0,,
20001206X02321_1,0,REASON FOR OCCURRENCE UNDETERMINED,0,ENGINE_FAILURE,primary,witnesses stated they heard the engine fail; loss of engine power for undetermined reasons,1,,
20001206X02321_1,0,REASON FOR OCCURRENCE UNDETERMINED,1,LOSS_OF_CONTROL_INFLIGHT,contributing,airplane descended and entered a spin,0,,
20001206X02321_1,0,REASON FOR OCCURRENCE UNDETERMINED,2,GROUND_IMPACT,outcome,crashed and came to rest in a tree,0,,
20001206X02321_1,0,REASON FOR OCCURRENCE UNDETERMINED,3,INFLIGHT_FIRE_OR_SMOKE,outcome,a fire erupted in the tree almost immediately,0,,
20001206X02321_1,0,REASON FOR OCCURRENCE UNDETERMINED,4,INJURY_OR_FATALITY,outcome,pilot fell from the tree on fire and expired 6 days later,0,,
20001212X19047_1,0,"LANDING GEAR,GEAR LOCKING MECHANISM (OVERLOAD)",0,MAINTENANCE_INADEQUATE,primary,failure to properly adjust the drag brace preload during recent landing gear maintenance (hydraulic cylinder replacement),0,,
20001212X19047_1,0,"LANDING GEAR,GEAR LOCKING MECHANISM (OVERLOAD)",1,LATENT_MECHANICAL_DEFECT,contributing,inadequate drag brace preload due to improper adjustment,0,,
20001212X19047_1,0,"LANDING GEAR,GEAR LOCKING MECHANISM (OVERLOAD)",2,LANDING_GEAR_ANOMALY,primary,left main gear collapse; inboard gear-forging boss fractured due to overstress,1,,
20001212X19047_1,0,"LANDING GEAR,GEAR LOCKING MECHANISM (OVERLOAD)",3,GROUND_IMPACT,outcome,airplane stopped near runway centerline with gear collapsed,0,,
20001212X19047_1,0,"LANDING GEAR,GEAR LOCKING MECHANISM (OVERLOAD)",4,INJURY_OR_FATALITY,outcome,no injuries reported,0,,
20001212X19047_1,1,"MAINTENANCE,ADJUSTMENT (IMPROPER)",0,MAINTENANCE_INADEQUATE,primary,failure to properly adjust the drag brace preload during recent landing gear maintenance (hydraulic cylinder replacement),1,,
20001212X19047_1,1,"MAINTENANCE,ADJUSTMENT (IMPROPER)",1,LATENT_MECHANICAL_DEFECT,contributing,inadequate drag brace preload due to improper adjustment,1,,
20001212X19047_1,1,"MAINTENANCE,ADJUSTMENT (IMPROPER)",2,LANDING_GEAR_ANOMALY,primary,left main gear collapse; inboard gear-forging boss fractured due to overstress,0,,
20001212X19047_1,1,"MAINTENANCE,ADJUSTMENT (IMPROPER)",3,GROUND_IMPACT,outcome,airplane stopped near runway centerline with gear collapsed,0,,
20001212X19047_1,1,"MAINTENANCE,ADJUSTMENT (IMPROPER)",4,INJURY_OR_FATALITY,outcome,no injuries reported,0,,
20010611X01146_1,0,"FLUID,FUEL (EXHAUSTION)",0,PROCEDURE_NOT_FOLLOWED,primary,failure to refuel the airplane prior to the flight,0,,
20010611X01146_1,0,"FLUID,FUEL (EXHAUSTION)",1,FUEL_EXHAUSTION_OR_STARVATION,primary,fuel tank empty,1,,
20010611X01146_1,0,"FLUID,FUEL (EXHAUSTION)",2,ENGINE_FAILURE,primary,engine started losing power at 300-400 feet agl,0,,
20010611X01146_1,0,"FLUID,FUEL (EXHAUSTION)",3,DECISION_INAPPROPRIATE,contributing,attempted forced landing to a bean field but landed short in a rice field,0,,
20010611X01146_1,0,"FLUID,FUEL (EXHAUSTION)",4,UNSUITABLE_TERRAIN_FOR_FORCED_LANDING,contributing,lack of suitable terrain for the forced landing; wet crops,0,,
20010611X01146_1,0,"FLUID,FUEL (EXHAUSTION)",5,GROUND_IMPACT,outcome,"impacted crops, ground looped, and came to rest upright",0,,
20010611X01146_1,1,REFUELING (NOT PERFORMED),0,PROCEDURE_NOT_FOLLOWED,primary,failure to refuel the airplane prior to the flight,1,,
20010611X01146_1,1,REFUELING (NOT PERFORMED),1,FUEL_EXHAUSTION_OR_STARVATION,primary,fuel tank empty,0,,
20010611X01146_1,1,REFUELING (NOT PERFORMED),2,ENGINE_FAILURE,primary,engine started losing power at 300-400 feet agl,0,,
20010611X01146_1,1,REFUELING (NOT PERFORMED),3,DECISION_INAPPROPRIATE,contributing,attempted forced landing to a bean field but landed short in a rice field,0,,
20010611X01146_1,1,REFUELING (NOT PERFORMED),4,UNSUITABLE_TERRAIN_FOR_FORCED_LANDING,contributing,lack of suitable terrain for the forced landing; wet crops,0,,
20010611X01146_1,1,REFUELING (NOT PERFORMED),5,GROUND_IMPACT,outcome,"impacted crops, ground looped, and came to rest upright",0,,
20001208X05811_1,0,"FLUID,FUEL (EXHAUSTION)",0,PROCEDURE_NOT_FOLLOWED,primary,inadequately performed preflight inspection; failure to refuel prior to takeoff despite records showing prior flights without refueling,0,,
20001208X05811_1,0,"FLUID,FUEL (EXHAUSTION)",1,FUEL_EXHAUSTION_OR_STARVATION,primary,fuel exhaustion due to inadequate preflight and lack of refueling,1,,
20001208X05811_1,0,"FLUID,FUEL (EXHAUSTION)",2,ENGINE_FAILURE,contributing,loss of engine power (total) during cruise flight,0,,
20001208X05811_1,0,"FLUID,FUEL (EXHAUSTION)",3,PERCEPTION_FAILURE,contributing,"pilot believed tanks contained at least 18 gallons, but gauges indicated 1/4 full (approx 6 gallons) shortly before power loss",0,,
20001208X05811_1,0,"FLUID,FUEL (EXHAUSTION)",4,CONTROL_INPUT_IMPROPER,contributing,application of full carburetor heat and enriching mixture failed to restore power,0,,
20001208X05811_1,0,"FLUID,FUEL (EXHAUSTION)",5,GROUND_IMPACT,outcome,collided with power lines and rough terrain during forced landing,0,,
20001208X05811_1,0,"FLUID,FUEL (EXHAUSTION)",6,INJURY_OR_FATALITY,outcome,student pilot received minor injuries,0,,
20001208X05811_1,1,FUEL SUPPLY (INADEQUATE),0,PROCEDURE_NOT_FOLLOWED,primary,inadequately performed preflight inspection; failure to refuel prior to takeoff despite records showing prior flights without refueling,1,,
20001208X05811_1,1,FUEL SUPPLY (INADEQUATE),1,FUEL_EXHAUSTION_OR_STARVATION,primary,fuel exhaustion due to inadequate preflight and lack of refueling,1,,
20001208X05811_1,1,FUEL SUPPLY (INADEQUATE),2,ENGINE_FAILURE,contributing,loss of engine power (total) during cruise flight,0,,
20001208X05811_1,1,FUEL SUPPLY (INADEQUATE),3,PERCEPTION_FAILURE,contributing,"pilot believed tanks contained at least 18 gallons, but gauges indicated 1/4 full (approx 6 gallons) shortly before power loss",0,,
20001208X05811_1,1,FUEL SUPPLY (INADEQUATE),4,CONTROL_INPUT_IMPROPER,contributing,application of full carburetor heat and enriching mixture failed to restore power,0,,
20001208X05811_1,1,FUEL SUPPLY (INADEQUATE),5,GROUND_IMPACT,outcome,collided with power lines and rough terrain during forced landing,0,,
20001208X05811_1,1,FUEL SUPPLY (INADEQUATE),6,INJURY_OR_FATALITY,outcome,student pilot received minor injuries,0,,
20020823X01450_1,0,"ENGINE ASSEMBLY,CYLINDER (FAILURE)",0,AIRFRAME_STRUCTURAL_FAILURE,primary,number one cylinder separated from the right engine,1,,
20020823X01450_1,0,"ENGINE ASSEMBLY,CYLINDER (FAILURE)",1,ENGINE_FAILURE,primary,total loss of engine power,0,,
20020823X01450_1,0,"ENGINE ASSEMBLY,CYLINDER (FAILURE)",2,OTHER_SYSTEM_FAILURE,primary,both electrical propeller control systems were compromised,0,,
20020823X01450_1,0,"ENGINE ASSEMBLY,CYLINDER (FAILURE)",3,INFLIGHT_FIRE_OR_SMOKE,contributing,inflight fire due to oil spray onto the hot engine,0,,
20020823X01450_1,0,"ENGINE ASSEMBLY,CYLINDER (FAILURE)",4,PROCEDURE_NOT_FOLLOWED,contributing,attempt to feather the prop was unsuccessful,0,,
20020823X01450_1,0,"ENGINE ASSEMBLY,CYLINDER (FAILURE)",5,DECISION_INAPPROPRIATE,contributing,gear-up landing was made into a cornfield,0,,
20020823X01450_1,0,"ENGINE ASSEMBLY,CYLINDER (FAILURE)",6,GROUND_IMPACT,outcome,sustained substantial damage during a forced landing,0,,
20020823X01450_1,1,"ENGINE ASSEMBLY,CYLINDER (SEPARATION)",0,AIRFRAME_STRUCTURAL_FAILURE,primary,number one cylinder separated from the right engine,1,,
20020823X01450_1,1,"ENGINE ASSEMBLY,CYLINDER (SEPARATION)",1,ENGINE_FAILURE,primary,total loss of engine power,0,,
20020823X01450_1,1,"ENGINE ASSEMBLY,CYLINDER (SEPARATION)",2,OTHER_SYSTEM_FAILURE,primary,both electrical propeller control systems were compromised,0,,
20020823X01450_1,1,"ENGINE ASSEMBLY,CYLINDER (SEPARATION)",3,INFLIGHT_FIRE_OR_SMOKE,contributing,inflight fire due to oil spray onto the hot engine,0,,
20020823X01450_1,1,"ENGINE ASSEMBLY,CYLINDER (SEPARATION)",4,PROCEDURE_NOT_FOLLOWED,contributing,attempt to feather the prop was unsuccessful,0,,
20020823X01450_1,1,"ENGINE ASSEMBLY,CYLINDER (SEPARATION)",5,DECISION_INAPPROPRIATE,contributing,gear-up landing was made into a cornfield,0,,
20020823X01450_1,1,"ENGINE ASSEMBLY,CYLINDER (SEPARATION)",6,GROUND_IMPACT,outcome,sustained substantial damage during a forced landing,0,,
20020823X01450_1,2,"PROPELLER SYSTEM/ACCESSORIES,ELECTRIC PITCH CTL (LOSS,TOTAL)",0,AIRFRAME_STRUCTURAL_FAILURE,primary,number one cylinder separated from the right engine,0,,
20020823X01450_1,2,"PROPELLER SYSTEM/ACCESSORIES,ELECTRIC PITCH CTL (LOSS,TOTAL)",1,ENGINE_FAILURE,primary,total loss of engine power,0,,
20020823X01450_1,2,"PROPELLER SYSTEM/ACCESSORIES,ELECTRIC PITCH CTL (LOSS,TOTAL)",2,OTHER_SYSTEM_FAILURE,primary,both electrical propeller control systems were compromised,1,,
20020823X01450_1,2,"PROPELLER SYSTEM/ACCESSORIES,ELECTRIC PITCH CTL (LOSS,TOTAL)",3,INFLIGHT_FIRE_OR_SMOKE,contributing,inflight fire due to oil spray onto the hot engine,0,,
20020823X01450_1,2,"PROPELLER SYSTEM/ACCESSORIES,ELECTRIC PITCH CTL (LOSS,TOTAL)",4,PROCEDURE_NOT_FOLLOWED,contributing,attempt to feather the prop was unsuccessful,0,,
20020823X01450_1,2,"PROPELLER SYSTEM/ACCESSORIES,ELECTRIC PITCH CTL (LOSS,TOTAL)",5,DECISION_INAPPROPRIATE,contributing,gear-up landing was made into a cornfield,0,,
20020823X01450_1,2,"PROPELLER SYSTEM/ACCESSORIES,ELECTRIC PITCH CTL (LOSS,TOTAL)",6,GROUND_IMPACT,outcome,sustained substantial damage during a forced landing,0,,
20001211X12817_1,0,ALTITUDE (INADEQUATE),0,ADVERSE_WIND_CONDITION,contributing,a gust of wind,0,,
20001211X12817_1,0,ALTITUDE (INADEQUATE),1,CONTROL_INPUT_IMPROPER,primary,the gust forced the nose downward and the pilot failed to maintain altitude/clearance,1,,
20001211X12817_1,0,ALTITUDE (INADEQUATE),2,WATER_IMPACT,outcome,descended to a water impact while maneuvering,0,,
20001211X12817_1,0,ALTITUDE (INADEQUATE),3,INJURY_OR_FATALITY,outcome,sole occupant was seriously injured,0,,
20001212X21228_1,0,"REDUCTION GEAR ASSY,REDUCTION GEAR (WORN)",0,MAINTENANCE_INADEQUATE,primary,"engine operated 4,153 hours in excess of recommended overhaul period; no record of overhaul performed",0,,
20001212X21228_1,0,"REDUCTION GEAR ASSY,REDUCTION GEAR (WORN)",1,LATENT_MECHANICAL_DEFECT,primary,pronounced wear and spalling damage on reduction gearbox 1st stage sungear teeth,1,,
20001212X21228_1,0,"REDUCTION GEAR ASSY,REDUCTION GEAR (WORN)",2,ENGINE_FAILURE,primary,"fatigue fracture of the reduction gearbox's 1st stage sungear tooth, causing total loss of engine power",0,,
20001212X21228_1,0,"REDUCTION GEAR ASSY,REDUCTION GEAR (WORN)",3,DECISION_INAPPROPRIATE,contributing,landed in a flooded rice field with muddy terrain,0,,
20001212X21228_1,0,"REDUCTION GEAR ASSY,REDUCTION GEAR (WORN)",4,UNSUITABLE_TERRAIN_FOR_FORCED_LANDING,contributing,flooded rice field with mud causing main landing gear to sink,0,,
20001212X21228_1,0,"REDUCTION GEAR ASSY,REDUCTION GEAR (WORN)",5,GROUND_IMPACT,outcome,airplane nosed over and came to rest inverted,0,,
20001212X21228_1,0,"REDUCTION GEAR ASSY,REDUCTION GEAR (WORN)",6,INJURY_OR_FATALITY,outcome,pilot received minor injuries,0,,
20001212X21228_1,1,"REDUCTION GEAR ASSY,REDUCTION GEAR (FATIGUE)",0,MAINTENANCE_INADEQUATE,primary,"engine operated 4,153 hours in excess of recommended overhaul period; no record of overhaul performed",0,,
20001212X21228_1,1,"REDUCTION GEAR ASSY,REDUCTION GEAR (FATIGUE)",1,LATENT_MECHANICAL_DEFECT,primary,pronounced wear and spalling damage on reduction gearbox 1st stage sungear teeth,0,,
20001212X21228_1,1,"REDUCTION GEAR ASSY,REDUCTION GEAR (FATIGUE)",2,ENGINE_FAILURE,primary,"fatigue fracture of the reduction gearbox's 1st stage sungear tooth, causing total loss of engine power",1,,
20001212X21228_1,1,"REDUCTION GEAR ASSY,REDUCTION GEAR (FATIGUE)",3,DECISION_INAPPROPRIATE,contributing,landed in a flooded rice field with muddy terrain,0,,
20001212X21228_1,1,"REDUCTION GEAR ASSY,REDUCTION GEAR (FATIGUE)",4,UNSUITABLE_TERRAIN_FOR_FORCED_LANDING,contributing,flooded rice field with mud causing main landing gear to sink,0,,
20001212X21228_1,1,"REDUCTION GEAR ASSY,REDUCTION GEAR (FATIGUE)",5,GROUND_IMPACT,outcome,airplane nosed over and came to rest inverted,0,,
20001212X21228_1,1,"REDUCTION GEAR ASSY,REDUCTION GEAR (FATIGUE)",6,INJURY_OR_FATALITY,outcome,pilot received minor injuries,0,,
20001212X21228_1,2,"REDUCTION GEAR ASSY,REDUCTION GEAR (FAILURE,TOTAL)",0,MAINTENANCE_INADEQUATE,primary,"engine operated 4,153 hours in excess of recommended overhaul period; no record of overhaul performed",0,,
20001212X21228_1,2,"REDUCTION GEAR ASSY,REDUCTION GEAR (FAILURE,TOTAL)",1,LATENT_MECHANICAL_DEFECT,primary,pronounced wear and spalling damage on reduction gearbox 1st stage sungear teeth,0,,
20001212X21228_1,2,"REDUCTION GEAR ASSY,REDUCTION GEAR (FAILURE,TOTAL)",2,ENGINE_FAILURE,primary,"fatigue fracture of the reduction gearbox's 1st stage sungear tooth, causing total loss of engine power",1,,
20001212X21228_1,2,"REDUCTION GEAR ASSY,REDUCTION GEAR (FAILURE,TOTAL)",3,DECISION_INAPPROPRIATE,contributing,landed in a flooded rice field with muddy terrain,0,,
20001212X21228_1,2,"REDUCTION GEAR ASSY,REDUCTION GEAR (FAILURE,TOTAL)",4,UNSUITABLE_TERRAIN_FOR_FORCED_LANDING,contributing,flooded rice field with mud causing main landing gear to sink,0,,
20001212X21228_1,2,"REDUCTION GEAR ASSY,REDUCTION GEAR (FAILURE,TOTAL)",5,GROUND_IMPACT,outcome,airplane nosed over and came to rest inverted,0,,
20001212X21228_1,2,"REDUCTION GEAR ASSY,REDUCTION GEAR (FAILURE,TOTAL)",6,INJURY_OR_FATALITY,outcome,pilot received minor injuries,0,,
20010723X01473_1,0,FLIGHT INTO KNOWN ADVERSE WEATHER (CONTINUED),0,ADVERSE_WIND_CONDITION,contributing,"winds from the northwest greater than 10 knots, wind direction changed to NW and speed increased significantly",0,,
20010723X01473_1,0,FLIGHT INTO KNOWN ADVERSE WEATHER (CONTINUED),1,THUNDERSTORM_OR_CONVECTIVE,contributing,"clouds began to gather to the NW, cell became more ominous, weather was overcast with light rain",0,,
20010723X01473_1,0,FLIGHT INTO KNOWN ADVERSE WEATHER (CONTINUED),2,DECISION_INAPPROPRIATE,primary,pilot's continued flight into known adverse weather conditions,1,,
20010723X01473_1,0,FLIGHT INTO KNOWN ADVERSE WEATHER (CONTINUED),3,TURBULENCE_ENCOUNTER,contributing,"severe vertical wind shear, violent downdrafts pushed the balloon down at a high rate of speed",0,,
20010723X01473_1,0,FLIGHT INTO KNOWN ADVERSE WEATHER (CONTINUED),4,CONTROL_INPUT_IMPROPER,contributing,"elected to 'pull the top' around 30 feet to avoid power lines and cell tower, resulting in high rate of descent",0,,
20010723X01473_1,0,FLIGHT INTO KNOWN ADVERSE WEATHER (CONTINUED),5,GROUND_IMPACT,outcome,"hard landing to a dry pond bed, balloon dragged 70 feet",0,,
20010723X01473_1,0,FLIGHT INTO KNOWN ADVERSE WEATHER (CONTINUED),6,INJURY_OR_FATALITY,outcome,3 passengers sustained serious injuries,0,,
20001212X18749_1,0,"OBJECT (WIRE,TRANSMISSION)",0,TERRAIN_OR_OBSTACLE_PROXIMITY,contributing,power lines present in the field being sprayed,1,,
20001212X18749_1,0,"OBJECT (WIRE,TRANSMISSION)",1,CONTROL_INPUT_IMPROPER,primary,failure to maintain adequate altitude/clearance from the wires while pulling up after spraying,0,,
20001212X18749_1,0,"OBJECT (WIRE,TRANSMISSION)",2,MIDAIR_COLLISION,outcome,airplane caught a power line with the landing gear,1,,
20001212X18749_1,0,"OBJECT (WIRE,TRANSMISSION)",3,GROUND_IMPACT,outcome,performed a forced landing in the field; impacted the ground,0,,
20001212X18749_1,1,ALTITUDE/CLEARANCE (INADEQUATE),0,TERRAIN_OR_OBSTACLE_PROXIMITY,contributing,power lines present in the field being sprayed,0,,
20001212X18749_1,1,ALTITUDE/CLEARANCE (INADEQUATE),1,CONTROL_INPUT_IMPROPER,primary,failure to maintain adequate altitude/clearance from the wires while pulling up after spraying,1,,
20001212X18749_1,1,ALTITUDE/CLEARANCE (INADEQUATE),2,MIDAIR_COLLISION,outcome,airplane caught a power line with the landing gear,0,,
20001212X18749_1,1,ALTITUDE/CLEARANCE (INADEQUATE),3,GROUND_IMPACT,outcome,performed a forced landing in the field; impacted the ground,0,,
20020808X01329_1,0,PREFLIGHT PLANNING/PREPARATION (INADEQUATE),0,DECISION_INAPPROPRIATE,primary,inadequate preflight planning for a flight through high mountainous terrain; committing to a flight path where terrain clearance was not possible,1,,
20020808X01329_1,0,PREFLIGHT PLANNING/PREPARATION (INADEQUATE),1,HIGH_DENSITY_ALTITUDE,contributing,"14,992 feet density altitude",0,,
20020808X01329_1,0,PREFLIGHT PLANNING/PREPARATION (INADEQUATE),2,MOUNTAINOUS_OR_RISING_TERRAIN,contributing,"narrowing valley and significant rising ground elevation; terrain at 11,500 feet",0,,
20020808X01329_1,0,PREFLIGHT PLANNING/PREPARATION (INADEQUATE),3,PERCEPTION_FAILURE,contributing,realized more altitude was required only after Eisenhower Tunnel became visible,0,,
20020808X01329_1,0,PREFLIGHT PLANNING/PREPARATION (INADEQUATE),4,DECISION_INAPPROPRIATE,primary,decided to try climbing through a cleared ski run instead of turning back,0,,
20020808X01329_1,0,PREFLIGHT PLANNING/PREPARATION (INADEQUATE),5,LOSS_OF_CONTROL_INFLIGHT,outcome,"impacted rising terrain at 11,500 feet while attempting to climb",0,,
20020808X01329_1,0,PREFLIGHT PLANNING/PREPARATION (INADEQUATE),6,GROUND_IMPACT,outcome,in flight collision with terrain at the end of a box canyon,0,,
20020808X01329_1,0,PREFLIGHT PLANNING/PREPARATION (INADEQUATE),7,INJURY_OR_FATALITY,outcome,pilot and passenger received minor injuries,0,,
20020808X01329_1,1,CLEARANCE (NOT POSSIBLE),0,DECISION_INAPPROPRIATE,primary,inadequate preflight planning for a flight through high mountainous terrain; committing to a flight path where terrain clearance was not possible,0,,
20020808X01329_1,1,CLEARANCE (NOT POSSIBLE),1,HIGH_DENSITY_ALTITUDE,contributing,"14,992 feet density altitude",0,,
20020808X01329_1,1,CLEARANCE (NOT POSSIBLE),2,MOUNTAINOUS_OR_RISING_TERRAIN,contributing,"narrowing valley and significant rising ground elevation; terrain at 11,500 feet",0,,
20020808X01329_1,1,CLEARANCE (NOT POSSIBLE),3,PERCEPTION_FAILURE,contributing,realized more altitude was required only after Eisenhower Tunnel became visible,0,,
20020808X01329_1,1,CLEARANCE (NOT POSSIBLE),4,DECISION_INAPPROPRIATE,primary,decided to try climbing through a cleared ski run instead of turning back,0,,
20020808X01329_1,1,CLEARANCE (NOT POSSIBLE),5,LOSS_OF_CONTROL_INFLIGHT,outcome,"impacted rising terrain at 11,500 feet while attempting to climb",0,,
20020808X01329_1,1,CLEARANCE (NOT POSSIBLE),6,GROUND_IMPACT,outcome,in flight collision with terrain at the end of a box canyon,0,,
20020808X01329_1,1,CLEARANCE (NOT POSSIBLE),7,INJURY_OR_FATALITY,outcome,pilot and passenger received minor injuries,0,,
20001207X03618_1,0,REASON FOR OCCURRENCE UNDETERMINED,0,ENGINE_FAILURE,primary,the aircraft engine stopped producing power immediately after takeoff,1,,
20001207X03618_1,0,REASON FOR OCCURRENCE UNDETERMINED,1,PROCEDURE_NOT_FOLLOWED,contributing,attempted a forced landing in a field but was unable to make it,0,,
20001207X03618_1,0,REASON FOR OCCURRENCE UNDETERMINED,2,GROUND_IMPACT,outcome,impacted the trees and terrain in a swampy area,0,,
20001208X07055_1,0,FLIGHT INTO ADVERSE WEATHER (PERFORMED),0,DECISION_INAPPROPRIATE,primary,pilot flew a VFR cross-country flight over mountainous terrain in marginal weather conditions despite being aware of forecast adverse weather and lacking a weather briefing,1,,
20001208X07055_1,0,FLIGHT INTO ADVERSE WEATHER (PERFORMED),1,LOW_VISIBILITY_OR_IMC,contributing,instrument meteorological conditions existed in the hills; AIRMET Sierra forecast mountain obscuration and IFR conditions,1,,
20001208X07055_1,0,FLIGHT INTO ADVERSE WEATHER (PERFORMED),2,MOUNTAINOUS_OR_RISING_TERRAIN,contributing,accident site on the south western slope of a coastal mountain range with 35-degree slope,0,,
20001208X07055_1,0,FLIGHT INTO ADVERSE WEATHER (PERFORMED),3,ALTITUDE_DEVIATION_UNCONTROLLED,primary,failure to maintain altitude or clearance from mountainous terrain,0,,
20001208X07055_1,0,FLIGHT INTO ADVERSE WEATHER (PERFORMED),4,GROUND_IMPACT,outcome,"collided with high terrain about 5 miles east of Gilroy, California",0,,
20001208X07055_1,0,FLIGHT INTO ADVERSE WEATHER (PERFORMED),5,INJURY_OR_FATALITY,outcome,"the certificated commercial pilot, the sole occupant, was fatally injured",0,,
20001208X07055_1,1,ALTITUDE/CLEARANCE (NOT MAINTAINED),0,DECISION_INAPPROPRIATE,primary,pilot flew a VFR cross-country flight over mountainous terrain in marginal weather conditions despite being aware of forecast adverse weather and lacking a weather briefing,0,,
20001208X07055_1,1,ALTITUDE/CLEARANCE (NOT MAINTAINED),1,LOW_VISIBILITY_OR_IMC,contributing,instrument meteorological conditions existed in the hills; AIRMET Sierra forecast mountain obscuration and IFR conditions,0,,
20001208X07055_1,1,ALTITUDE/CLEARANCE (NOT MAINTAINED),2,MOUNTAINOUS_OR_RISING_TERRAIN,contributing,accident site on the south western slope of a coastal mountain range with 35-degree slope,0,,
20001208X07055_1,1,ALTITUDE/CLEARANCE (NOT MAINTAINED),3,ALTITUDE_DEVIATION_UNCONTROLLED,primary,failure to maintain altitude or clearance from mountainous terrain,1,,
20001208X07055_1,1,ALTITUDE/CLEARANCE (NOT MAINTAINED),4,GROUND_IMPACT,outcome,"collided with high terrain about 5 miles east of Gilroy, California",0,,
20001208X07055_1,1,ALTITUDE/CLEARANCE (NOT MAINTAINED),5,INJURY_OR_FATALITY,outcome,"the certificated commercial pilot, the sole occupant, was fatally injured",0,,
20001206X02374_1,0,"MAINTENANCE,INSTALLATION (IMPROPER)",0,MAINTENANCE_INADEQUATE,primary,failure to properly install the marmon clamp on the discharge side of the turbocharger,1,,
20001206X02374_1,0,"MAINTENANCE,INSTALLATION (IMPROPER)",1,OTHER_SYSTEM_FAILURE,primary,exhaust system clamp separation and tail pipe missing,0,,
20001206X02374_1,0,"MAINTENANCE,INSTALLATION (IMPROPER)",2,INFLIGHT_FIRE_OR_SMOKE,primary,orange glow observed under left wing; extensive fire damage in wheel well and spar,0,,
20001206X02374_1,0,"MAINTENANCE,INSTALLATION (IMPROPER)",3,ENGINE_FAILURE,contributing,left engine lost power,0,,
20001206X02374_1,0,"MAINTENANCE,INSTALLATION (IMPROPER)",4,STRUCTURAL_OVERLOAD,primary,left wing separated from the aircraft,0,,
20001206X02374_1,0,"MAINTENANCE,INSTALLATION (IMPROPER)",5,LOSS_OF_CONTROL_INFLIGHT,primary,aircraft disappeared from radar; witness heard loud pop and saw wing separation,0,,
20001206X02374_1,0,"MAINTENANCE,INSTALLATION (IMPROPER)",6,GROUND_IMPACT,outcome,"collision with terrain near Newville, Alabama",0,,
20001206X02374_1,0,"MAINTENANCE,INSTALLATION (IMPROPER)",7,INJURY_OR_FATALITY,outcome,both the commercial pilot and his passenger were fatally injured,0,,
20001206X02374_1,1,"EXHAUST SYSTEM,CLAMP (SEPARATION)",0,MAINTENANCE_INADEQUATE,primary,failure to properly install the marmon clamp on the discharge side of the turbocharger,0,,
20001206X02374_1,1,"EXHAUST SYSTEM,CLAMP (SEPARATION)",1,OTHER_SYSTEM_FAILURE,primary,exhaust system clamp separation and tail pipe missing,1,,
20001206X02374_1,1,"EXHAUST SYSTEM,CLAMP (SEPARATION)",2,INFLIGHT_FIRE_OR_SMOKE,primary,orange glow observed under left wing; extensive fire damage in wheel well and spar,0,,
20001206X02374_1,1,"EXHAUST SYSTEM,CLAMP (SEPARATION)",3,ENGINE_FAILURE,contributing,left engine lost power,0,,
20001206X02374_1,1,"EXHAUST SYSTEM,CLAMP (SEPARATION)",4,STRUCTURAL_OVERLOAD,primary,left wing separated from the aircraft,0,,
20001206X02374_1,1,"EXHAUST SYSTEM,CLAMP (SEPARATION)",5,LOSS_OF_CONTROL_INFLIGHT,primary,aircraft disappeared from radar; witness heard loud pop and saw wing separation,0,,
20001206X02374_1,1,"EXHAUST SYSTEM,CLAMP (SEPARATION)",6,GROUND_IMPACT,outcome,"collision with terrain near Newville, Alabama",0,,
20001206X02374_1,1,"EXHAUST SYSTEM,CLAMP (SEPARATION)",7,INJURY_OR_FATALITY,outcome,both the commercial pilot and his passenger were fatally injured,0,,
20001206X02374_1,2,"EXHAUST SYSTEM,MANIFOLD/PIPE (MISSING)",0,MAINTENANCE_INADEQUATE,primary,failure to properly install the marmon clamp on the discharge side of the turbocharger,0,,
20001206X02374_1,2,"EXHAUST SYSTEM,MANIFOLD/PIPE (MISSING)",1,OTHER_SYSTEM_FAILURE,primary,exhaust system clamp separation and tail pipe missing,1,,
20001206X02374_1,2,"EXHAUST SYSTEM,MANIFOLD/PIPE (MISSING)",2,INFLIGHT_FIRE_OR_SMOKE,primary,orange glow observed under left wing; extensive fire damage in wheel well and spar,0,,
20001206X02374_1,2,"EXHAUST SYSTEM,MANIFOLD/PIPE (MISSING)",3,ENGINE_FAILURE,contributing,left engine lost power,0,,
20001206X02374_1,2,"EXHAUST SYSTEM,MANIFOLD/PIPE (MISSING)",4,STRUCTURAL_OVERLOAD,primary,left wing separated from the aircraft,0,,
20001206X02374_1,2,"EXHAUST SYSTEM,MANIFOLD/PIPE (MISSING)",5,LOSS_OF_CONTROL_INFLIGHT,primary,aircraft disappeared from radar; witness heard loud pop and saw wing separation,0,,
20001206X02374_1,2,"EXHAUST SYSTEM,MANIFOLD/PIPE (MISSING)",6,GROUND_IMPACT,outcome,"collision with terrain near Newville, Alabama",0,,
20001206X02374_1,2,"EXHAUST SYSTEM,MANIFOLD/PIPE (MISSING)",7,INJURY_OR_FATALITY,outcome,both the commercial pilot and his passenger were fatally injured,0,,
20001212X21904_1,0,TIE DOWN (NOT REMOVED),0,PROCEDURE_NOT_FOLLOWED,primary,neglected to untie one of the skid tie downs prior to liftoff; diverted attention to speak with customer,1,,
20001212X21904_1,0,TIE DOWN (NOT REMOVED),1,LATENT_MECHANICAL_DEFECT,primary,skid tie down not removed,1,,
20001212X21904_1,0,TIE DOWN (NOT REMOVED),2,LOSS_OF_CONTROL_GROUND,primary,helicopter rolled over to the right during attempted liftoff,0,,
20001212X21904_1,0,TIE DOWN (NOT REMOVED),3,GROUND_IMPACT,outcome,"collided with the ground, substantially damaging the helicopter",0,,
20001212X21904_1,1,AIRCRAFT PREFLIGHT (INADEQUATE),0,PROCEDURE_NOT_FOLLOWED,primary,neglected to untie one of the skid tie downs prior to liftoff; diverted attention to speak with customer,1,,
20001212X21904_1,1,AIRCRAFT PREFLIGHT (INADEQUATE),1,LATENT_MECHANICAL_DEFECT,primary,skid tie down not removed,0,,
20001212X21904_1,1,AIRCRAFT PREFLIGHT (INADEQUATE),2,LOSS_OF_CONTROL_GROUND,primary,helicopter rolled over to the right during attempted liftoff,0,,
20001212X21904_1,1,AIRCRAFT PREFLIGHT (INADEQUATE),3,GROUND_IMPACT,outcome,"collided with the ground, substantially damaging the helicopter",0,,
20001206X01820_1,0,"LANDING GEAR,TIRE (PRESSURE TOO LOW)",0,MAINTENANCE_INADEQUATE,primary,tires under-inflated by up to 50% due to improper installation and lack of post-installation checks,1,,
20001206X01820_1,0,"LANDING GEAR,TIRE (PRESSURE TOO LOW)",1,LATENT_MECHANICAL_DEFECT,primary,tires were under-inflated,1,,
20001206X01820_1,0,"LANDING GEAR,TIRE (PRESSURE TOO LOW)",2,AIRFRAME_STRUCTURAL_FAILURE,primary,tires failed due to extreme heat generation from over-deflection,0,,
20001206X01820_1,0,"LANDING GEAR,TIRE (PRESSURE TOO LOW)",3,CONTROL_INPUT_IMPROPER,contributing,"airplane pulled hard to the left, causing directional control issues",0,,
20001206X01820_1,0,"LANDING GEAR,TIRE (PRESSURE TOO LOW)",4,DECISION_INAPPROPRIATE,primary,initiated aborted takeoff before V1,0,,
20001206X01820_1,0,"LANDING GEAR,TIRE (PRESSURE TOO LOW)",5,PROCEDURE_NOT_FOLLOWED,primary,thrust reversers were not armed before takeoff due to incorrect checklist,0,,
20001206X01820_1,0,"LANDING GEAR,TIRE (PRESSURE TOO LOW)",6,OTHER_SYSTEM_FAILURE,contributing,thrust reversers did not deploy during abort,0,,
20001206X01820_1,0,"LANDING GEAR,TIRE (PRESSURE TOO LOW)",7,PROCEDURE_NOT_FOLLOWED,primary,pilot did not deploy the drag chute,0,,
20001206X01820_1,0,"LANDING GEAR,TIRE (PRESSURE TOO LOW)",8,RUNWAY_EXCURSION_OR_OVERRUN,outcome,airplane crossed the end of the runway and impacted a concrete structure,0,,
20001206X01820_1,1,MAINTENANCE (IMPROPER),0,MAINTENANCE_INADEQUATE,primary,tires under-inflated by up to 50% due to improper installation and lack of post-installation checks,1,,
20001206X01820_1,1,MAINTENANCE (IMPROPER),1,LATENT_MECHANICAL_DEFECT,primary,tires were under-inflated,0,,
20001206X01820_1,1,MAINTENANCE (IMPROPER),2,AIRFRAME_STRUCTURAL_FAILURE,primary,tires failed due to extreme heat generation from over-deflection,0,,
20001206X01820_1,1,MAINTENANCE (IMPROPER),3,CONTROL_INPUT_IMPROPER,contributing,"airplane pulled hard to the left, causing directional control issues",0,,
20001206X01820_1,1,MAINTENANCE (IMPROPER),4,DECISION_INAPPROPRIATE,primary,initiated aborted takeoff before V1,0,,
20001206X01820_1,1,MAINTENANCE (IMPROPER),5,PROCEDURE_NOT_FOLLOWED,primary,thrust reversers were not armed before takeoff due to incorrect checklist,0,,
20001206X01820_1,1,MAINTENANCE (IMPROPER),6,OTHER_SYSTEM_FAILURE,contributing,thrust reversers did not deploy during abort,0,,
20001206X01820_1,1,MAINTENANCE (IMPROPER),7,PROCEDURE_NOT_FOLLOWED,primary,pilot did not deploy the drag chute,0,,
20001206X01820_1,1,MAINTENANCE (IMPROPER),8,RUNWAY_EXCURSION_OR_OVERRUN,outcome,airplane crossed the end of the runway and impacted a concrete structure,0,,
20001206X01820_1,2,"LANDING GEAR,TIRE (OVERTEMPERATURE)",0,MAINTENANCE_INADEQUATE,primary,tires under-inflated by up to 50% due to improper installation and lack of post-installation checks,0,,
20001206X01820_1,2,"LANDING GEAR,TIRE (OVERTEMPERATURE)",1,LATENT_MECHANICAL_DEFECT,primary,tires were under-inflated,0,,
20001206X01820_1,2,"LANDING GEAR,TIRE (OVERTEMPERATURE)",2,AIRFRAME_STRUCTURAL_FAILURE,primary,tires failed due to extreme heat generation from over-deflection,1,,
20001206X01820_1,2,"LANDING GEAR,TIRE (OVERTEMPERATURE)",3,CONTROL_INPUT_IMPROPER,contributing,"airplane pulled hard to the left, causing directional control issues",0,,
20001206X01820_1,2,"LANDING GEAR,TIRE (OVERTEMPERATURE)",4,DECISION_INAPPROPRIATE,primary,initiated aborted takeoff before V1,0,,
20001206X01820_1,2,"LANDING GEAR,TIRE (OVERTEMPERATURE)",5,PROCEDURE_NOT_FOLLOWED,primary,thrust reversers were not armed before takeoff due to incorrect checklist,0,,
20001206X01820_1,2,"LANDING GEAR,TIRE (OVERTEMPERATURE)",6,OTHER_SYSTEM_FAILURE,contributing,thrust reversers did not deploy during abort,0,,
20001206X01820_1,2,"LANDING GEAR,TIRE (OVERTEMPERATURE)",7,PROCEDURE_NOT_FOLLOWED,primary,pilot did not deploy the drag chute,0,,
20001206X01820_1,2,"LANDING GEAR,TIRE (OVERTEMPERATURE)",8,RUNWAY_EXCURSION_OR_OVERRUN,outcome,airplane crossed the end of the runway and impacted a concrete structure,0,,
20001206X01820_1,3,"LANDING GEAR,TIRE (FAILURE,TOTAL)",0,MAINTENANCE_INADEQUATE,primary,tires under-inflated by up to 50% due to improper installation and lack of post-installation checks,0,,
20001206X01820_1,3,"LANDING GEAR,TIRE (FAILURE,TOTAL)",1,LATENT_MECHANICAL_DEFECT,primary,tires were under-inflated,0,,
20001206X01820_1,3,"LANDING GEAR,TIRE (FAILURE,TOTAL)",2,AIRFRAME_STRUCTURAL_FAILURE,primary,tires failed due to extreme heat generation from over-deflection,1,,
20001206X01820_1,3,"LANDING GEAR,TIRE (FAILURE,TOTAL)",3,CONTROL_INPUT_IMPROPER,contributing,"airplane pulled hard to the left, causing directional control issues",0,,
20001206X01820_1,3,"LANDING GEAR,TIRE (FAILURE,TOTAL)",4,DECISION_INAPPROPRIATE,primary,initiated aborted takeoff before V1,0,,
20001206X01820_1,3,"LANDING GEAR,TIRE (FAILURE,TOTAL)",5,PROCEDURE_NOT_FOLLOWED,primary,thrust reversers were not armed before takeoff due to incorrect checklist,0,,
20001206X01820_1,3,"LANDING GEAR,TIRE (FAILURE,TOTAL)",6,OTHER_SYSTEM_FAILURE,contributing,thrust reversers did not deploy during abort,0,,
20001206X01820_1,3,"LANDING GEAR,TIRE (FAILURE,TOTAL)",7,PROCEDURE_NOT_FOLLOWED,primary,pilot did not deploy the drag chute,0,,
20001206X01820_1,3,"LANDING GEAR,TIRE (FAILURE,TOTAL)",8,RUNWAY_EXCURSION_OR_OVERRUN,outcome,airplane crossed the end of the runway and impacted a concrete structure,0,,
20001206X01820_1,4,CHECKLIST (IMPROPER),0,MAINTENANCE_INADEQUATE,primary,tires under-inflated by up to 50% due to improper installation and lack of post-installation checks,0,,
20001206X01820_1,4,CHECKLIST (IMPROPER),1,LATENT_MECHANICAL_DEFECT,primary,tires were under-inflated,0,,
20001206X01820_1,4,CHECKLIST (IMPROPER),2,AIRFRAME_STRUCTURAL_FAILURE,primary,tires failed due to extreme heat generation from over-deflection,0,,
20001206X01820_1,4,CHECKLIST (IMPROPER),3,CONTROL_INPUT_IMPROPER,contributing,"airplane pulled hard to the left, causing directional control issues",0,,
20001206X01820_1,4,CHECKLIST (IMPROPER),4,DECISION_INAPPROPRIATE,primary,initiated aborted takeoff before V1,0,,
20001206X01820_1,4,CHECKLIST (IMPROPER),5,PROCEDURE_NOT_FOLLOWED,primary,thrust reversers were not armed before takeoff due to incorrect checklist,1,,
20001206X01820_1,4,CHECKLIST (IMPROPER),6,OTHER_SYSTEM_FAILURE,contributing,thrust reversers did not deploy during abort,0,,
20001206X01820_1,4,CHECKLIST (IMPROPER),7,PROCEDURE_NOT_FOLLOWED,primary,pilot did not deploy the drag chute,0,,
20001206X01820_1,4,CHECKLIST (IMPROPER),8,RUNWAY_EXCURSION_OR_OVERRUN,outcome,airplane crossed the end of the runway and impacted a concrete structure,0,,
20001206X01820_1,5,EMERGENCY PROCEDURE (INADEQUATE),0,MAINTENANCE_INADEQUATE,primary,tires under-inflated by up to 50% due to improper installation and lack of post-installation checks,0,,
20001206X01820_1,5,EMERGENCY PROCEDURE (INADEQUATE),1,LATENT_MECHANICAL_DEFECT,primary,tires were under-inflated,0,,
20001206X01820_1,5,EMERGENCY PROCEDURE (INADEQUATE),2,AIRFRAME_STRUCTURAL_FAILURE,primary,tires failed due to extreme heat generation from over-deflection,0,,
20001206X01820_1,5,EMERGENCY PROCEDURE (INADEQUATE),3,CONTROL_INPUT_IMPROPER,contributing,"airplane pulled hard to the left, causing directional control issues",0,,
20001206X01820_1,5,EMERGENCY PROCEDURE (INADEQUATE),4,DECISION_INAPPROPRIATE,primary,initiated aborted takeoff before V1,0,,
20001206X01820_1,5,EMERGENCY PROCEDURE (INADEQUATE),5,PROCEDURE_NOT_FOLLOWED,primary,thrust reversers were not armed before takeoff due to incorrect checklist,0,,
20001206X01820_1,5,EMERGENCY PROCEDURE (INADEQUATE),6,OTHER_SYSTEM_FAILURE,contributing,thrust reversers did not deploy during abort,0,,
20001206X01820_1,5,EMERGENCY PROCEDURE (INADEQUATE),7,PROCEDURE_NOT_FOLLOWED,primary,pilot did not deploy the drag chute,0,,
20001206X01820_1,5,EMERGENCY PROCEDURE (INADEQUATE),8,RUNWAY_EXCURSION_OR_OVERRUN,outcome,airplane crossed the end of the runway and impacted a concrete structure,0,,
20020725X01205_1,0,SETTLING WITH POWER (NOT CORRECTED),0,CONTROL_INPUT_IMPROPER,primary,"pilot decreased airspeed during a descending 180-degree left turn while flying low (70 ft) and slow (50 kts), leading to a high rate of descent",0,,
20020725X01205_1,0,SETTLING WITH POWER (NOT CORRECTED),1,STALL,primary,helicopter shuddered and developed a high rate of descent (settling-with-power),1,,
20020725X01205_1,0,SETTLING WITH POWER (NOT CORRECTED),2,PROCEDURE_NOT_FOLLOWED,primary,"pilot applied collective pitch and power but failed to correct the settling-with-power condition, allowing the rate of descent to increase",1,,
20020725X01205_1,0,SETTLING WITH POWER (NOT CORRECTED),3,GROUND_IMPACT,outcome,"right landing gear skid contacted the ground, helicopter rolled onto its right side",0,,
20011121X02278_1,0,AIRSPEED(VS) (NOT MAINTAINED),0,MAINTENANCE_INADEQUATE,primary,improper repair of the front cylinder intake manifold seal by the pilot after a prior accident,0,,
20011121X02278_1,0,AIRSPEED(VS) (NOT MAINTAINED),1,LATENT_MECHANICAL_DEFECT,contributing,cracked intake manifold seal with rusted internal metal ring,0,,
20011121X02278_1,0,AIRSPEED(VS) (NOT MAINTAINED),2,PILOT_INCAPACITATION_OR_IMPAIRMENT,contributing,"use of Alprazolam, a drug not approved for pilots with measurable adverse effects on performance",0,,
20011121X02278_1,0,AIRSPEED(VS) (NOT MAINTAINED),3,ENGINE_FAILURE,primary,engine seized and propeller stopped rotating during initial climb,0,,
20011121X02278_1,0,AIRSPEED(VS) (NOT MAINTAINED),4,CONTROL_INPUT_IMPROPER,primary,failure to maintain airspeed following loss of engine power,1,,
20011121X02278_1,0,AIRSPEED(VS) (NOT MAINTAINED),5,STALL,contributing,airplane stalled and entered a spin,0,,
20011121X02278_1,0,AIRSPEED(VS) (NOT MAINTAINED),6,LOSS_OF_CONTROL_INFLIGHT,contributing,spiraled to the left one and a half turns,0,,
20011121X02278_1,0,AIRSPEED(VS) (NOT MAINTAINED),7,GROUND_IMPACT,outcome,crashed into terrain behind trees,0,,
20011121X02278_1,0,AIRSPEED(VS) (NOT MAINTAINED),8,INJURY_OR_FATALITY,outcome,pilot received fatal injuries,0,,
20001212X20558_1,0,ABORTED LANDING (DELAYED),0,RUNWAY_CONDITION_HAZARD,contributing,wet and slick grass runway,0,,
20001212X20558_1,0,ABORTED LANDING (DELAYED),1,ADVERSE_WIND_CONDITION,contributing,"tailwind from the west (windssock indicated wind from west, nearby airports reported 260-330 degree winds)",0,,
20001212X20558_1,0,ABORTED LANDING (DELAYED),2,DECISION_INAPPROPRIATE,primary,delayed decision to abort the landing,1,,
20001212X20558_1,0,ABORTED LANDING (DELAYED),3,LOSS_OF_CONTROL_GROUND,contributing,"ineffective brakes on wet grass, unable to stop within runway length",0,,
20001212X20558_1,0,ABORTED LANDING (DELAYED),4,CONTROL_INPUT_IMPROPER,primary,"executed go-around with insufficient climb performance, resulting in tailwheel striking a 30-foot high wire",0,,
20001212X20558_1,0,ABORTED LANDING (DELAYED),5,GROUND_IMPACT,outcome,nose dive into ground after striking wire,0,,
20001212X20558_1,0,ABORTED LANDING (DELAYED),6,INJURY_OR_FATALITY,outcome,pilot received minor injuries,0,,
20001208X07462_1,0,DIRECTIONAL CONTROL (NOT MAINTAINED),0,DECISION_INAPPROPRIATE,primary,elected to descend through a break in the overcast,0,,
20001208X07462_1,0,DIRECTIONAL CONTROL (NOT MAINTAINED),1,LOW_VISIBILITY_OR_IMC,contributing,inadvertently entered instrument meteorological conditions,0,,
20001208X07462_1,0,DIRECTIONAL CONTROL (NOT MAINTAINED),2,ICING_ENCOUNTER,contributing,about one-half inch of clear ice accumulated on the aircraft's exterior,0,,
20001208X07462_1,0,DIRECTIONAL CONTROL (NOT MAINTAINED),3,PROCEDURE_NOT_FOLLOWED,contributing,proceeded directly to Rome State Airport to land,0,,
20001208X07462_1,0,DIRECTIONAL CONTROL (NOT MAINTAINED),4,CONTROL_INPUT_IMPROPER,primary,came in fast and landed long,0,,
20001208X07462_1,0,DIRECTIONAL CONTROL (NOT MAINTAINED),5,LOSS_OF_CONTROL_GROUND,primary,failed to maintain directional control during the landing roll,1,,
20001208X07462_1,0,DIRECTIONAL CONTROL (NOT MAINTAINED),6,RUNWAY_EXCURSION_OR_OVERRUN,outcome,departed the runway and ran through some tall sagebrush,0,,
20001208X07462_1,1,GROUND LOOP/SWERVE (INADVERTENT),0,DECISION_INAPPROPRIATE,primary,elected to descend through a break in the overcast,0,,
20001208X07462_1,1,GROUND LOOP/SWERVE (INADVERTENT),1,LOW_VISIBILITY_OR_IMC,contributing,inadvertently entered instrument meteorological conditions,0,,
20001208X07462_1,1,GROUND LOOP/SWERVE (INADVERTENT),2,ICING_ENCOUNTER,contributing,about one-half inch of clear ice accumulated on the aircraft's exterior,0,,
20001208X07462_1,1,GROUND LOOP/SWERVE (INADVERTENT),3,PROCEDURE_NOT_FOLLOWED,contributing,proceeded directly to Rome State Airport to land,0,,
20001208X07462_1,1,GROUND LOOP/SWERVE (INADVERTENT),4,CONTROL_INPUT_IMPROPER,primary,came in fast and landed long,0,,
20001208X07462_1,1,GROUND LOOP/SWERVE (INADVERTENT),5,LOSS_OF_CONTROL_GROUND,primary,failed to maintain directional control during the landing roll,1,,
20001208X07462_1,1,GROUND LOOP/SWERVE (INADVERTENT),6,RUNWAY_EXCURSION_OR_OVERRUN,outcome,departed the runway and ran through some tall sagebrush,0,,
20001211X10742_1,0,COMPENSATION FOR WIND CONDITIONS (INADEQUATE),0,ADVERSE_WIND_CONDITION,contributing,wind conditions at the time of the accident were about 240 degrees at 15 knots with peak gusts to 20 knots,0,,
20001211X10742_1,0,COMPENSATION FOR WIND CONDITIONS (INADEQUATE),1,WIND_SHEAR_OR_GUST,primary,a sudden wind shift caused the airplane to lose altitude,0,,
20001211X10742_1,0,COMPENSATION FOR WIND CONDITIONS (INADEQUATE),2,DECISION_INAPPROPRIATE,primary,pilot's inadequate compensation for wind conditions,1,,
20001211X10742_1,0,COMPENSATION FOR WIND CONDITIONS (INADEQUATE),3,GROUND_IMPACT,outcome,right wing and right float collided with brush covered tundra,0,,
20001211X10742_1,0,COMPENSATION FOR WIND CONDITIONS (INADEQUATE),4,INJURY_OR_FATALITY,outcome,pilot and passenger received minor injuries,0,,
20001211X13477_1,0,PREFLIGHT PLANNING/PREPARATION (INADEQUATE),0,PROCEDURE_NOT_FOLLOWED,primary,failure to close the fuel drain valve after preflight,0,,
20001211X13477_1,0,PREFLIGHT PLANNING/PREPARATION (INADEQUATE),1,FUEL_EXHAUSTION_OR_STARVATION,primary,gascolator drain valve locked in the open position,0,,
20001211X13477_1,0,PREFLIGHT PLANNING/PREPARATION (INADEQUATE),2,ENGINE_FAILURE,primary,engine quit about 50 feet above ground during initial climb,0,,
20001211X13477_1,0,PREFLIGHT PLANNING/PREPARATION (INADEQUATE),3,DECISION_INAPPROPRIATE,contributing,initiated forced landing to the only open area available,0,,
20001211X13477_1,0,PREFLIGHT PLANNING/PREPARATION (INADEQUATE),4,GROUND_IMPACT,outcome,left wing struck a fence post during landing roll,0,,
20001211X13477_1,1,"FUEL SYSTEM,DRAIN (OPEN)",0,PROCEDURE_NOT_FOLLOWED,primary,failure to close the fuel drain valve after preflight,1,,
20001211X13477_1,1,"FUEL SYSTEM,DRAIN (OPEN)",1,FUEL_EXHAUSTION_OR_STARVATION,primary,gascolator drain valve locked in the open position,1,,
20001211X13477_1,1,"FUEL SYSTEM,DRAIN (OPEN)",2,ENGINE_FAILURE,primary,engine quit about 50 feet above ground during initial climb,0,,
20001211X13477_1,1,"FUEL SYSTEM,DRAIN (OPEN)",3,DECISION_INAPPROPRIATE,contributing,initiated forced landing to the only open area available,0,,
20001211X13477_1,1,"FUEL SYSTEM,DRAIN (OPEN)",4,GROUND_IMPACT,outcome,left wing struck a fence post during landing roll,0,,
20001206X02421_1,0,AIRSPEED (NOT MAINTAINED),0,OTHER_SYSTEM_FAILURE,contributing,propeller slipping to coarse pitch/uncommanded feathering due to control pressure issues,0,,
20001206X02421_1,0,AIRSPEED (NOT MAINTAINED),1,ENGINE_FAILURE,contributing,loss of engine power due to propeller feathering,0,,
20001206X02421_1,0,AIRSPEED (NOT MAINTAINED),2,PROCEDURE_NOT_FOLLOWED,contributing,landing gear not fully extended by the time the airplane was halfway down the runway,0,,
20001206X02421_1,0,AIRSPEED (NOT MAINTAINED),3,CONTROL_INPUT_IMPROPER,primary,pitched up to a nose high attitude while attempting a go-around at low altitude,1,,
20001206X02421_1,0,AIRSPEED (NOT MAINTAINED),4,STALL,primary,inadvertent pilot-induced stall,1,,
20001206X02421_1,0,AIRSPEED (NOT MAINTAINED),5,LOSS_OF_CONTROL_INFLIGHT,primary,"left wing dropped, airplane dove/spun to the ground",0,,
20001206X02421_1,0,AIRSPEED (NOT MAINTAINED),6,GROUND_IMPACT,outcome,impacted terrain,0,,
20001206X02421_1,0,AIRSPEED (NOT MAINTAINED),7,INJURY_OR_FATALITY,outcome,pilot fatally injured,0,,
20001206X02421_1,1,DIVERTED ATTENTION,0,OTHER_SYSTEM_FAILURE,contributing,propeller slipping to coarse pitch/uncommanded feathering due to control pressure issues,0,,
20001206X02421_1,1,DIVERTED ATTENTION,1,ENGINE_FAILURE,contributing,loss of engine power due to propeller feathering,0,,
20001206X02421_1,1,DIVERTED ATTENTION,2,PROCEDURE_NOT_FOLLOWED,contributing,landing gear not fully extended by the time the airplane was halfway down the runway,1,,
20001206X02421_1,1,DIVERTED ATTENTION,3,CONTROL_INPUT_IMPROPER,primary,pitched up to a nose high attitude while attempting a go-around at low altitude,0,,
20001206X02421_1,1,DIVERTED ATTENTION,4,STALL,primary,inadvertent pilot-induced stall,0,,
20001206X02421_1,1,DIVERTED ATTENTION,5,LOSS_OF_CONTROL_INFLIGHT,primary,"left wing dropped, airplane dove/spun to the ground",0,,
20001206X02421_1,1,DIVERTED ATTENTION,6,GROUND_IMPACT,outcome,impacted terrain,0,,
20001206X02421_1,1,DIVERTED ATTENTION,7,INJURY_OR_FATALITY,outcome,pilot fatally injured,0,,
20001208X08017_1,0,COMPENSATION FOR WIND CONDITIONS (INADEQUATE),0,ADVERSE_WIND_CONDITION,contributing,severe crosswinds and gusting westerly winds at the destination and alternate airports,1,,
20001208X08017_1,0,COMPENSATION FOR WIND CONDITIONS (INADEQUATE),1,DECISION_INAPPROPRIATE,primary,attempting to land on a road with limited width and no safety margins given the gusty wind conditions,0,,
20001208X08017_1,0,COMPENSATION FOR WIND CONDITIONS (INADEQUATE),2,CONTROL_INPUT_IMPROPER,primary,failure to adequately compensate for the wind conditions during landing rollout,1,,
20001208X08017_1,0,COMPENSATION FOR WIND CONDITIONS (INADEQUATE),3,LOSS_OF_CONTROL_GROUND,primary,veered off the edge of the road into a ditch,0,,
20001208X08017_1,0,COMPENSATION FOR WIND CONDITIONS (INADEQUATE),4,TERRAIN_OR_OBSTACLE_PROXIMITY,contributing,presence of a ditch on the edge of the landing area (road),0,,
20001208X08017_1,0,COMPENSATION FOR WIND CONDITIONS (INADEQUATE),5,GROUND_IMPACT,outcome,airplane encountered the ditch and was substantially damaged,0,,
20001211X09905_1,0,"FUEL SYSTEM,FUEL CONTROL (LEAK)",0,LATENT_MECHANICAL_DEFECT,primary,fuel control system exhibited fluid leakage at the fuel pump and throttle shaft; O-ring seal flat from wear,1,,
20001211X09905_1,0,"FUEL SYSTEM,FUEL CONTROL (LEAK)",1,FUEL_SYSTEM_ANOMALY,primary,loss of engine power due to fuel leakage at the fuel control,1,,
20001211X09905_1,0,"FUEL SYSTEM,FUEL CONTROL (LEAK)",2,ENGINE_FAILURE,contributing,pilot reported a loss of engine power at 200 feet,0,,
20001211X09905_1,0,"FUEL SYSTEM,FUEL CONTROL (LEAK)",3,DECISION_INAPPROPRIATE,contributing,pilot elected to make a forced landing straight ahead into trees,0,,
20001211X09905_1,0,"FUEL SYSTEM,FUEL CONTROL (LEAK)",4,GROUND_IMPACT,outcome,impacted with trees during a forced landing,0,,
20001208X07123_1,0,PLANNING/DECISION (IMPROPER),0,ADVERSE_WIND_CONDITION,contributing,wind 300-330 degrees at 9 knots from runway 11 (tailwind component),0,,
20001208X07123_1,0,PLANNING/DECISION (IMPROPER),1,DECISION_INAPPROPRIATE,primary,improper planning/decision to take off with a tailwind,1,,
20001208X07123_1,0,PLANNING/DECISION (IMPROPER),2,CONTROL_INPUT_IMPROPER,primary,failure to obtain/maintain sufficient airspeed during takeoff,0,,
20001208X07123_1,0,PLANNING/DECISION (IMPROPER),3,STALL,primary,inadvertent stall/mush,0,,
20001208X07123_1,0,PLANNING/DECISION (IMPROPER),4,GROUND_IMPACT,outcome,collided with snow covered tundra terrain about 1/8 mile from the departure end of the runway,0,,
20001208X07123_1,1,AIRSPEED (NOT OBTAINED/MAINTAINED),0,ADVERSE_WIND_CONDITION,contributing,wind 300-330 degrees at 9 knots from runway 11 (tailwind component),0,,
20001208X07123_1,1,AIRSPEED (NOT OBTAINED/MAINTAINED),1,DECISION_INAPPROPRIATE,primary,improper planning/decision to take off with a tailwind,0,,
20001208X07123_1,1,AIRSPEED (NOT OBTAINED/MAINTAINED),2,CONTROL_INPUT_IMPROPER,primary,failure to obtain/maintain sufficient airspeed during takeoff,1,,
20001208X07123_1,1,AIRSPEED (NOT OBTAINED/MAINTAINED),3,STALL,primary,inadvertent stall/mush,0,,
20001208X07123_1,1,AIRSPEED (NOT OBTAINED/MAINTAINED),4,GROUND_IMPACT,outcome,collided with snow covered tundra terrain about 1/8 mile from the departure end of the runway,0,,
20001208X07123_1,2,STALL/MUSH (INADVERTENT),0,ADVERSE_WIND_CONDITION,contributing,wind 300-330 degrees at 9 knots from runway 11 (tailwind component),0,,
20001208X07123_1,2,STALL/MUSH (INADVERTENT),1,DECISION_INAPPROPRIATE,primary,improper planning/decision to take off with a tailwind,0,,
20001208X07123_1,2,STALL/MUSH (INADVERTENT),2,CONTROL_INPUT_IMPROPER,primary,failure to obtain/maintain sufficient airspeed during takeoff,0,,
20001208X07123_1,2,STALL/MUSH (INADVERTENT),3,STALL,primary,inadvertent stall/mush,1,,
20001208X07123_1,2,STALL/MUSH (INADVERTENT),4,GROUND_IMPACT,outcome,collided with snow covered tundra terrain about 1/8 mile from the departure end of the runway,0,,
20001212X18920_1,0,FUEL BOOST PUMP SELECTOR POSITION (IMPROPER USE OF),0,DECISION_INAPPROPRIATE,contributing,inadequate fuel consumption calculations by the pilot,0,,
20001212X18920_1,0,FUEL BOOST PUMP SELECTOR POSITION (IMPROPER USE OF),1,FUEL_EXHAUSTION_OR_STARVATION,contributing,right fuel tank was empty,0,,
20001212X18920_1,0,FUEL BOOST PUMP SELECTOR POSITION (IMPROPER USE OF),2,ENGINE_FAILURE,primary,total loss of engine power due to fuel starvation,0,,
20001212X18920_1,0,FUEL BOOST PUMP SELECTOR POSITION (IMPROPER USE OF),3,PROCEDURE_NOT_FOLLOWED,primary,"improper use of the electric fuel boost pump (kept activated, alternated HIGH/LOW) instead of following POH restart procedures",1,,
20001212X18920_1,0,FUEL BOOST PUMP SELECTOR POSITION (IMPROPER USE OF),4,ENGINE_FAILURE,contributing,"engine flooded and lost power again (alternately running for a few seconds, then losing power)",0,,
20001212X18920_1,0,FUEL BOOST PUMP SELECTOR POSITION (IMPROPER USE OF),5,GROUND_IMPACT,outcome,"forced landing on an off airport gravel bar, touching down on the river bank",0,,
20001212X18920_1,1,PROCEDURES/DIRECTIVES (NOT FOLLOWED),0,DECISION_INAPPROPRIATE,contributing,inadequate fuel consumption calculations by the pilot,0,,
20001212X18920_1,1,PROCEDURES/DIRECTIVES (NOT FOLLOWED),1,FUEL_EXHAUSTION_OR_STARVATION,contributing,right fuel tank was empty,0,,
20001212X18920_1,1,PROCEDURES/DIRECTIVES (NOT FOLLOWED),2,ENGINE_FAILURE,primary,total loss of engine power due to fuel starvation,0,,
20001212X18920_1,1,PROCEDURES/DIRECTIVES (NOT FOLLOWED),3,PROCEDURE_NOT_FOLLOWED,primary,"improper use of the electric fuel boost pump (kept activated, alternated HIGH/LOW) instead of following POH restart procedures",1,,
20001212X18920_1,1,PROCEDURES/DIRECTIVES (NOT FOLLOWED),4,ENGINE_FAILURE,contributing,"engine flooded and lost power again (alternately running for a few seconds, then losing power)",0,,
20001212X18920_1,1,PROCEDURES/DIRECTIVES (NOT FOLLOWED),5,GROUND_IMPACT,outcome,"forced landing on an off airport gravel bar, touching down on the river bank",0,,
20001212X19458_1,0,REASON FOR OCCURRENCE UNDETERMINED,0,ENGINE_FAILURE,primary,loss of engine power during cruise flight; reason undetermined,1,,
20001212X19458_1,0,REASON FOR OCCURRENCE UNDETERMINED,1,EMERGENCY_LANDING,outcome,forced landing initiated due to engine power loss,0,,
20001212X19458_1,0,REASON FOR OCCURRENCE UNDETERMINED,2,UNSUITABLE_TERRAIN_FOR_FORCED_LANDING,contributing,rough and uneven terrain at the landing site,0,,
20001212X19458_1,0,REASON FOR OCCURRENCE UNDETERMINED,3,GROUND_IMPACT,outcome,airplane sustained substantial damage during forced landing on rough terrain,0,,
20001212X19458_1,1,TERRAIN CONDITION (ROUGH/UNEVEN),0,ENGINE_FAILURE,primary,loss of engine power during cruise flight; reason undetermined,0,,
20001212X19458_1,1,TERRAIN CONDITION (ROUGH/UNEVEN),1,EMERGENCY_LANDING,outcome,forced landing initiated due to engine power loss,0,,
20001212X19458_1,1,TERRAIN CONDITION (ROUGH/UNEVEN),2,UNSUITABLE_TERRAIN_FOR_FORCED_LANDING,contributing,rough and uneven terrain at the landing site,1,,
20001212X19458_1,1,TERRAIN CONDITION (ROUGH/UNEVEN),3,GROUND_IMPACT,outcome,airplane sustained substantial damage during forced landing on rough terrain,0,,
20020830X01498_1,0,PREFLIGHT PLANNING/PREPARATION (INADEQUATE),0,DECISION_INAPPROPRIATE,primary,pilot did not refuel at Ocean City Airport despite planning a 2-hour night flight,1,,
20020830X01498_1,0,PREFLIGHT PLANNING/PREPARATION (INADEQUATE),1,FUEL_EXHAUSTION_OR_STARVATION,primary,both fuel tanks were empty,1,,
20020830X01498_1,0,PREFLIGHT PLANNING/PREPARATION (INADEQUATE),2,ENGINE_FAILURE,primary,engine began to sputter then lost total power,0,,
20020830X01498_1,0,PREFLIGHT PLANNING/PREPARATION (INADEQUATE),3,PROCEDURE_NOT_FOLLOWED,contributing,"switched fuel tanks after power loss, which was ineffective due to exhaustion",0,,
20020830X01498_1,0,PREFLIGHT PLANNING/PREPARATION (INADEQUATE),4,GROUND_IMPACT,outcome,forced landing on a highway,0,,
20020830X01498_1,0,PREFLIGHT PLANNING/PREPARATION (INADEQUATE),5,DARK_NIGHT_OR_LOW_LIGHT,contributing,night visual meteorological conditions,0,,
20020830X01498_1,0,PREFLIGHT PLANNING/PREPARATION (INADEQUATE),6,PERCEPTION_FAILURE,primary,inadequate visual lookout while taxiing,0,,
20020830X01498_1,0,PREFLIGHT PLANNING/PREPARATION (INADEQUATE),7,GROUND_COLLISION,outcome,struck a metal road sign with the left wing,0,,
20020830X01498_1,1,VISUAL LOOKOUT (INADEQUATE),0,DECISION_INAPPROPRIATE,primary,pilot did not refuel at Ocean City Airport despite planning a 2-hour night flight,0,,
20020830X01498_1,1,VISUAL LOOKOUT (INADEQUATE),1,FUEL_EXHAUSTION_OR_STARVATION,primary,both fuel tanks were empty,0,,
20020830X01498_1,1,VISUAL LOOKOUT (INADEQUATE),2,ENGINE_FAILURE,primary,engine began to sputter then lost total power,0,,
20020830X01498_1,1,VISUAL LOOKOUT (INADEQUATE),3,PROCEDURE_NOT_FOLLOWED,contributing,"switched fuel tanks after power loss, which was ineffective due to exhaustion",0,,
20020830X01498_1,1,VISUAL LOOKOUT (INADEQUATE),4,GROUND_IMPACT,outcome,forced landing on a highway,0,,
20020830X01498_1,1,VISUAL LOOKOUT (INADEQUATE),5,DARK_NIGHT_OR_LOW_LIGHT,contributing,night visual meteorological conditions,0,,
20020830X01498_1,1,VISUAL LOOKOUT (INADEQUATE),6,PERCEPTION_FAILURE,primary,inadequate visual lookout while taxiing,1,,
20020830X01498_1,1,VISUAL LOOKOUT (INADEQUATE),7,GROUND_COLLISION,outcome,struck a metal road sign with the left wing,0,,
20001207X04776_1,0,"HYDRAULIC SYSTEM,LINE (FRACTURED)",0,OTHER_SYSTEM_FAILURE,primary,fractured hydraulic line and loss of hydraulic fluid,1,,
20001207X04776_1,0,"HYDRAULIC SYSTEM,LINE (FRACTURED)",1,LANDING_GEAR_ANOMALY,primary,inoperative landing gear extension system for both normal and emergency operation,0,,
20001207X04776_1,0,"HYDRAULIC SYSTEM,LINE (FRACTURED)",2,DECISION_INAPPROPRIATE,contributing,pilot decided to return to Burlington for an emergency landing instead of diverting to a more suitable airport or attempting a go-around if fuel/altitude permitted,0,,
20001207X04776_1,0,"HYDRAULIC SYSTEM,LINE (FRACTURED)",3,RUNWAY_EXCURSION_OR_OVERRUN,outcome,airplane veered off the left side of the runway during landing,0,,
20001207X04776_1,0,"HYDRAULIC SYSTEM,LINE (FRACTURED)",4,INJURY_OR_FATALITY,outcome,no injuries reported,0,,
20001207X04776_1,1,"FLUID,HYDRAULIC (LEAK)",0,OTHER_SYSTEM_FAILURE,primary,fractured hydraulic line and loss of hydraulic fluid,1,,
20001207X04776_1,1,"FLUID,HYDRAULIC (LEAK)",1,LANDING_GEAR_ANOMALY,primary,inoperative landing gear extension system for both normal and emergency operation,0,,
20001207X04776_1,1,"FLUID,HYDRAULIC (LEAK)",2,DECISION_INAPPROPRIATE,contributing,pilot decided to return to Burlington for an emergency landing instead of diverting to a more suitable airport or attempting a go-around if fuel/altitude permitted,0,,
20001207X04776_1,1,"FLUID,HYDRAULIC (LEAK)",3,RUNWAY_EXCURSION_OR_OVERRUN,outcome,airplane veered off the left side of the runway during landing,0,,
20001207X04776_1,1,"FLUID,HYDRAULIC (LEAK)",4,INJURY_OR_FATALITY,outcome,no injuries reported,0,,
20030805X01264_1,0,PROCEDURES/DIRECTIVES (NOT FOLLOWED),0,FUEL_EXHAUSTION_OR_STARVATION,contributing,"estimated 8-10 gallons of fuel remaining, below the 10-gallon minimum for the specific aircraft configuration",0,,
20030805X01264_1,0,PROCEDURES/DIRECTIVES (NOT FOLLOWED),1,LATENT_MECHANICAL_DEFECT,contributing,main fuel tank not equipped with the 'flapper valve' designed to prevent fuel unporting,0,,
20030805X01264_1,0,PROCEDURES/DIRECTIVES (NOT FOLLOWED),2,PROCEDURE_NOT_FOLLOWED,primary,pilot overlooked the builder manual warning not to land/takeoff with less than 10 gallons; failed to follow published procedures,1,,
20030805X01264_1,0,PROCEDURES/DIRECTIVES (NOT FOLLOWED),3,ENGINE_FAILURE,primary,engine sputtered and quit while on the downwind leg,0,,
20030805X01264_1,0,PROCEDURES/DIRECTIVES (NOT FOLLOWED),4,DECISION_INAPPROPRIATE,contributing,"entered a downwind leg for runway 06 while too high on approach to runway 24, reducing altitude margin",0,,
20030805X01264_1,0,PROCEDURES/DIRECTIVES (NOT FOLLOWED),5,GROUND_IMPACT,outcome,impacted a berm about 75 feet prior to the runway,0,,
20001211X13317_1,0,PLANNING/DECISION (IMPROPER),0,DECISION_INAPPROPRIATE,primary,planning/decision improper; failure to properly plan sufficient fuel for the flight,1,,
20001211X13317_1,0,PLANNING/DECISION (IMPROPER),1,FUEL_EXHAUSTION_OR_STARVATION,primary,fuel exhaustion short of the destination airport; 2 gallons recovered vs 3.5 gallons unusable,0,,
20001211X13317_1,0,PLANNING/DECISION (IMPROPER),2,ENGINE_FAILURE,primary,loss of engine power (total) after flying 3 hours and 30 minutes,0,,
20001211X13317_1,0,PLANNING/DECISION (IMPROPER),3,PROCEDURE_NOT_FOLLOWED,contributing,"during the landing, the left wing struck the ground",0,,
20001211X13317_1,0,PLANNING/DECISION (IMPROPER),4,GROUND_IMPACT,outcome,substantially damaged following a collision with terrain,0,,
20001211X13317_1,1,"FLUID,FUEL (EXHAUSTION)",0,DECISION_INAPPROPRIATE,primary,planning/decision improper; failure to properly plan sufficient fuel for the flight,0,,
20001211X13317_1,1,"FLUID,FUEL (EXHAUSTION)",1,FUEL_EXHAUSTION_OR_STARVATION,primary,fuel exhaustion short of the destination airport; 2 gallons recovered vs 3.5 gallons unusable,1,,
20001211X13317_1,1,"FLUID,FUEL (EXHAUSTION)",2,ENGINE_FAILURE,primary,loss of engine power (total) after flying 3 hours and 30 minutes,0,,
20001211X13317_1,1,"FLUID,FUEL (EXHAUSTION)",3,PROCEDURE_NOT_FOLLOWED,contributing,"during the landing, the left wing struck the ground",0,,
20001211X13317_1,1,"FLUID,FUEL (EXHAUSTION)",4,GROUND_IMPACT,outcome,substantially damaged following a collision with terrain,0,,
20001211X13317_1,2,FUEL SUPPLY (INADEQUATE),0,DECISION_INAPPROPRIATE,primary,planning/decision improper; failure to properly plan sufficient fuel for the flight,0,,
20001211X13317_1,2,FUEL SUPPLY (INADEQUATE),1,FUEL_EXHAUSTION_OR_STARVATION,primary,fuel exhaustion short of the destination airport; 2 gallons recovered vs 3.5 gallons unusable,1,,
20001211X13317_1,2,FUEL SUPPLY (INADEQUATE),2,ENGINE_FAILURE,primary,loss of engine power (total) after flying 3 hours and 30 minutes,0,,
20001211X13317_1,2,FUEL SUPPLY (INADEQUATE),3,PROCEDURE_NOT_FOLLOWED,contributing,"during the landing, the left wing struck the ground",0,,
20001211X13317_1,2,FUEL SUPPLY (INADEQUATE),4,GROUND_IMPACT,outcome,substantially damaged following a collision with terrain,0,,
20001211X10091_1,0,DISTANCE/ALTITUDE (MISJUDGED),0,LOW_ALTITUDE_OPERATION,contributing,"released from tow plane prematurely at 1,500 feet MSL",1,,
20001211X10091_1,0,DISTANCE/ALTITUDE (MISJUDGED),1,ADVERSE_WIND_CONDITION,contributing,could not find much lift / lack of thermal lift,0,,
20001211X10091_1,0,DISTANCE/ALTITUDE (MISJUDGED),2,PERCEPTION_FAILURE,contributing,became distracted by a yellow glider that he thought was blocking the runway,0,,
20001211X10091_1,0,DISTANCE/ALTITUDE (MISJUDGED),3,CONTROL_INPUT_IMPROPER,primary,turned the aircraft onto the base leg prematurely,1,,
20001211X10091_1,0,DISTANCE/ALTITUDE (MISJUDGED),4,LOSS_OF_CONTROL_GROUND,primary,left wing impacted the ground nearly perpendicular to the runway,0,,
20001211X10091_1,0,DISTANCE/ALTITUDE (MISJUDGED),5,GROUND_IMPACT,outcome,"glider impacted the ground in a nose low attitude, bounced, and impacted in a tail low attitude, separating the tail section",0,,
20020318X00360_1,0,UNSUITABLE TERRAIN OR TAKEOFF/LANDING/TAXI AREA (SELECTED),0,RUNWAY_CONDITION_HAZARD,contributing,"only half of the length of the 2,010 foot runway was plowed; snow drifts across the runway",1,,
20020318X00360_1,0,UNSUITABLE TERRAIN OR TAKEOFF/LANDING/TAXI AREA (SELECTED),1,DECISION_INAPPROPRIATE,primary,pilot's selection of unsuitable terrain for landing,1,,
20020318X00360_1,0,UNSUITABLE TERRAIN OR TAKEOFF/LANDING/TAXI AREA (SELECTED),2,CONTROL_INPUT_IMPROPER,contributing,excessive braking during the rearward roll,0,,
20020318X00360_1,0,UNSUITABLE TERRAIN OR TAKEOFF/LANDING/TAXI AREA (SELECTED),3,LOSS_OF_CONTROL_GROUND,primary,"nose wheel stopped on a snowdrift; airplane rolled backward, pivoted on main landing gear, tail struck ground",1,,
20020318X00360_1,0,UNSUITABLE TERRAIN OR TAKEOFF/LANDING/TAXI AREA (SELECTED),4,GROUND_COLLISION,outcome,"tail struck the snow-covered ground, damaging two fuselage bulkheads",0,,
20001211X12407_1,0,"REDUCTION GEAR ASSY,REDUCTION GEAR (JAMMED)",0,OTHER_SYSTEM_FAILURE,primary,"first stage planetary sungear failure due to fatigue, resulting in jamming of the reduction gear assembly",1,,
20001211X12407_1,0,"REDUCTION GEAR ASSY,REDUCTION GEAR (JAMMED)",1,ENGINE_FAILURE,primary,engine lost power within seconds of oil pressure drop and chip detector illumination,0,,
20001211X12407_1,0,"REDUCTION GEAR ASSY,REDUCTION GEAR (JAMMED)",2,UNSUITABLE_TERRAIN_FOR_FORCED_LANDING,contributing,lack of suitable terrain for the forced landing; levee present in the field,0,,
20001211X12407_1,0,"REDUCTION GEAR ASSY,REDUCTION GEAR (JAMMED)",3,DECISION_INAPPROPRIATE,contributing,pilot elected to execute a forced landing to a cultivated field containing a levee,0,,
20001211X12407_1,0,"REDUCTION GEAR ASSY,REDUCTION GEAR (JAMMED)",4,GROUND_IMPACT,outcome,airplane struck a levee during the landing flare,0,,
20001211X12407_1,0,"REDUCTION GEAR ASSY,REDUCTION GEAR (JAMMED)",5,INJURY_OR_FATALITY,outcome,pilot was not injured,0,,
20001211X12407_1,1,"REDUCTION GEAR ASSY,REDUCTION GEAR (FATIGUE)",0,OTHER_SYSTEM_FAILURE,primary,"first stage planetary sungear failure due to fatigue, resulting in jamming of the reduction gear assembly",1,,
20001211X12407_1,1,"REDUCTION GEAR ASSY,REDUCTION GEAR (FATIGUE)",1,ENGINE_FAILURE,primary,engine lost power within seconds of oil pressure drop and chip detector illumination,0,,
20001211X12407_1,1,"REDUCTION GEAR ASSY,REDUCTION GEAR (FATIGUE)",2,UNSUITABLE_TERRAIN_FOR_FORCED_LANDING,contributing,lack of suitable terrain for the forced landing; levee present in the field,0,,
20001211X12407_1,1,"REDUCTION GEAR ASSY,REDUCTION GEAR (FATIGUE)",3,DECISION_INAPPROPRIATE,contributing,pilot elected to execute a forced landing to a cultivated field containing a levee,0,,
20001211X12407_1,1,"REDUCTION GEAR ASSY,REDUCTION GEAR (FATIGUE)",4,GROUND_IMPACT,outcome,airplane struck a levee during the landing flare,0,,
20001211X12407_1,1,"REDUCTION GEAR ASSY,REDUCTION GEAR (FATIGUE)",5,INJURY_OR_FATALITY,outcome,pilot was not injured,0,,
20001208X06045_1,0,RECOVERY FROM BOUNCED LANDING (IMPROPER),0,ADVERSE_WIND_CONDITION,contributing,right quartering tail wind with occasional gusts of 5 to 10 knots,0,,
20001208X06045_1,0,RECOVERY FROM BOUNCED LANDING (IMPROPER),1,CONTROL_INPUT_IMPROPER,primary,pilot's improper recovery from a bounced landing,1,,
20001208X06045_1,0,RECOVERY FROM BOUNCED LANDING (IMPROPER),2,GROUND_IMPACT,outcome,"aircraft settled back onto the runway not noticeably hard, but subsequent taxi revealed damage to fire wall and nose landing gear",0,,
20001206X01479_1,0,REASON FOR OCCURRENCE UNDETERMINED,0,ENGINE_FAILURE,primary,Number 1 engine lost total power with a big clunk sound after making noises and vibration,0,,
20001206X01479_1,0,REASON FOR OCCURRENCE UNDETERMINED,1,OTHER_SYSTEM_FAILURE,contributing,propeller would not feather,0,,
20001206X01479_1,0,REASON FOR OCCURRENCE UNDETERMINED,2,LOSS_OF_CONTROL_INFLIGHT,contributing,could not maintain altitude or airspeed,0,,
20001206X01479_1,0,REASON FOR OCCURRENCE UNDETERMINED,3,WATER_IMPACT,outcome,ditched the airplane in the Atlantic Ocean,0,,
20010705X01310_1,0,UNSUITABLE TERRAIN OR TAKEOFF/LANDING/TAXI AREA (ENCOUNTERED),0,DESIGN_DEFECT_LATENT,contributing,pilot fabricated and installed 'stab fins' and large trim tab; removed doors to address severe yaw problem,0,,
20010705X01310_1,0,UNSUITABLE TERRAIN OR TAKEOFF/LANDING/TAXI AREA (ENCOUNTERED),1,LATENT_MECHANICAL_DEFECT,contributing,aircraft had severe yaw problem and was modified with non-standard stabilizer fins and removed doors,0,,
20010705X01310_1,0,UNSUITABLE TERRAIN OR TAKEOFF/LANDING/TAXI AREA (ENCOUNTERED),2,PILOT_FATIGUE_OR_PHYSIOLOGICAL_STATE,contributing,pilot had flown only about 2 hours in the last year and not at all within the last 3 or 4 months,0,,
20010705X01310_1,0,UNSUITABLE TERRAIN OR TAKEOFF/LANDING/TAXI AREA (ENCOUNTERED),3,ENGINE_FAILURE,primary,"engine sputtered and quit, propeller stopped",0,,
20010705X01310_1,0,UNSUITABLE TERRAIN OR TAKEOFF/LANDING/TAXI AREA (ENCOUNTERED),4,DECISION_INAPPROPRIATE,contributing,flew the airplane with known severe yaw problem and non-standard modifications,0,,
20010705X01310_1,0,UNSUITABLE TERRAIN OR TAKEOFF/LANDING/TAXI AREA (ENCOUNTERED),5,GROUND_IMPACT,outcome,impacted trees located near the southwest perimeter fence,0,,
20010705X01310_1,0,UNSUITABLE TERRAIN OR TAKEOFF/LANDING/TAXI AREA (ENCOUNTERED),6,INJURY_OR_FATALITY,outcome,pilot was fatally injured,0,,
20021007X05285_1,0,FLIGHT CONTROLS (IMPROPER USE OF),0,CONTROL_INPUT_IMPROPER,primary,"pilot continued to increase collective pitch while rear skids remained on the ground, causing the helicopter to become airborne and drift right",1,,
20021007X05285_1,0,FLIGHT CONTROLS (IMPROPER USE OF),1,LOSS_OF_CONTROL_INFLIGHT,contributing,"helicopter yawed left and drifted right, right skid collided with ground, helicopter bounced",0,,
20021007X05285_1,0,FLIGHT CONTROLS (IMPROPER USE OF),2,CONTROL_INPUT_IMPROPER,primary,pilot over-corrected with cyclic after the skid collision,1,,
20021007X05285_1,0,FLIGHT CONTROLS (IMPROPER USE OF),3,LOSS_OF_CONTROL_INFLIGHT,primary,helicopter encountered dynamic rollover and rolled over on its right side,0,,
20021007X05285_1,0,FLIGHT CONTROLS (IMPROPER USE OF),4,GROUND_IMPACT,outcome,"helicopter rolled over on its right side, sustaining substantial damage",0,,
20021007X05285_1,0,FLIGHT CONTROLS (IMPROPER USE OF),5,INJURY_OR_FATALITY,outcome,pilot reported minor injuries,0,,
20001211X13233_1,0,"MAINTENANCE,INSTALLATION (IMPROPER)",0,GROUND_PERSONNEL_ERROR,primary,battery box cover not properly installed; battery cables too long,1,,
20001211X13233_1,0,"MAINTENANCE,INSTALLATION (IMPROPER)",1,LATENT_MECHANICAL_DEFECT,primary,battery able to exit box and rest with positive post in contact with control cables,0,,
20001211X13233_1,0,"MAINTENANCE,INSTALLATION (IMPROPER)",2,TURBULENCE_ENCOUNTER,contributing,encountered turbulence strong enough to hit head on top of cabin,0,,
20001211X13233_1,0,"MAINTENANCE,INSTALLATION (IMPROPER)",3,INFLIGHT_FIRE_OR_SMOKE,primary,smoke smelled; electrical arcing from battery to control cables,0,,
20001211X13233_1,0,"MAINTENANCE,INSTALLATION (IMPROPER)",4,CONTROL_SURFACE_ANOMALY,primary,complete elevator control lost; elevator and rudder cables severed by burning,0,,
20001211X13233_1,0,"MAINTENANCE,INSTALLATION (IMPROPER)",5,PROCEDURE_NOT_FOLLOWED,contributing,landed hard due to reduced aircraft control; unable to raise nose for landing,0,,
20001211X13233_1,0,"MAINTENANCE,INSTALLATION (IMPROPER)",6,GROUND_IMPACT,outcome,substantially damaged during forced landing; damage to nose area and front gear,0,,
20001211X13233_1,0,"MAINTENANCE,INSTALLATION (IMPROPER)",7,INJURY_OR_FATALITY,outcome,passenger received minor injuries,0,,
20020919X05177_1,0,"FUEL SYSTEM,PUMP (LEAK)",0,MAINTENANCE_INADEQUATE,primary,failure to detect and repair a fuel leak at the left fuel boost pump flange during the last annual inspection,1,,
20020919X05177_1,0,"FUEL SYSTEM,PUMP (LEAK)",1,FUEL_SYSTEM_ANOMALY,primary,fuel leak at the left boost pump to bladder tank flange,1,,
20020919X05177_1,0,"FUEL SYSTEM,PUMP (LEAK)",2,FUEL_EXHAUSTION_OR_STARVATION,primary,wing tanks empty and fuselage tank depleted due to the leak,0,,
20020919X05177_1,0,"FUEL SYSTEM,PUMP (LEAK)",3,ENGINE_FAILURE,primary,both engines lost power at 700 feet agl,0,,
20020919X05177_1,0,"FUEL SYSTEM,PUMP (LEAK)",4,PROCEDURE_NOT_FOLLOWED,contributing,failure to maintain sufficient fuel in the fuselage tank for the complete maneuvering envelope as required by the POH,0,,
20020919X05177_1,0,"FUEL SYSTEM,PUMP (LEAK)",5,GROUND_IMPACT,outcome,airplane collided with a fence during forced landing,0,,
20001205X00361_1,0,REASON FOR OCCURRENCE UNDETERMINED,0,ENGINE_FAILURE,primary,"engine oil temperature rose rapidly to the red line, followed by oil pressure drop and engine running rough",0,,
20001205X00361_1,0,REASON FOR OCCURRENCE UNDETERMINED,1,LOSS_OF_CONTROL_INFLIGHT,contributing,pilot could not maintain altitude due to engine failure,0,,
20001205X00361_1,0,REASON FOR OCCURRENCE UNDETERMINED,2,DECISION_INAPPROPRIATE,contributing,elected to ditch near a boat instead of attempting to reach land or a more suitable area,0,,
20001205X00361_1,0,REASON FOR OCCURRENCE UNDETERMINED,3,WATER_IMPACT,outcome,ditched in the Atlantic Ocean,0,,
20001205X00361_1,0,REASON FOR OCCURRENCE UNDETERMINED,4,INJURY_OR_FATALITY,outcome,pilot reported no injuries,0,,
20001206X02304_1,0,AIRSPEED (INADEQUATE),0,CONTROL_INPUT_IMPROPER,primary,"pilot failed to maintain adequate airspeed during short field approach, airspeed became 'too slow'",1,,
20001206X02304_1,0,AIRSPEED (INADEQUATE),1,STALL,primary,"inadvertent entry into a stall/mush condition, 'lost lift'",0,,
20001206X02304_1,0,AIRSPEED (INADEQUATE),2,PROCEDURE_NOT_FOLLOWED,contributing,instructor failed to take proper remedial action,0,,
20001206X02304_1,0,AIRSPEED (INADEQUATE),3,RUNWAY_CONDITION_HAZARD,contributing,berm preceding the runway threshold,0,,
20001206X02304_1,0,AIRSPEED (INADEQUATE),4,GROUND_IMPACT,outcome,"landed hard 20 feet short of runway threshold, struck berm, gear collapsed",0,,
20001206X02304_1,1,STALL/MUSH (INADVERTENT),0,CONTROL_INPUT_IMPROPER,primary,"pilot failed to maintain adequate airspeed during short field approach, airspeed became 'too slow'",0,,
20001206X02304_1,1,STALL/MUSH (INADVERTENT),1,STALL,primary,"inadvertent entry into a stall/mush condition, 'lost lift'",1,,
20001206X02304_1,1,STALL/MUSH (INADVERTENT),2,PROCEDURE_NOT_FOLLOWED,contributing,instructor failed to take proper remedial action,0,,
20001206X02304_1,1,STALL/MUSH (INADVERTENT),3,RUNWAY_CONDITION_HAZARD,contributing,berm preceding the runway threshold,0,,
20001206X02304_1,1,STALL/MUSH (INADVERTENT),4,GROUND_IMPACT,outcome,"landed hard 20 feet short of runway threshold, struck berm, gear collapsed",0,,
20001206X02304_1,2,REMEDIAL ACTION (NOT PERFORMED),0,CONTROL_INPUT_IMPROPER,primary,"pilot failed to maintain adequate airspeed during short field approach, airspeed became 'too slow'",0,,
20001206X02304_1,2,REMEDIAL ACTION (NOT PERFORMED),1,STALL,primary,"inadvertent entry into a stall/mush condition, 'lost lift'",0,,
20001206X02304_1,2,REMEDIAL ACTION (NOT PERFORMED),2,PROCEDURE_NOT_FOLLOWED,contributing,instructor failed to take proper remedial action,1,,
20001206X02304_1,2,REMEDIAL ACTION (NOT PERFORMED),3,RUNWAY_CONDITION_HAZARD,contributing,berm preceding the runway threshold,0,,
20001206X02304_1,2,REMEDIAL ACTION (NOT PERFORMED),4,GROUND_IMPACT,outcome,"landed hard 20 feet short of runway threshold, struck berm, gear collapsed",0,,
20001212X21636_1,0,VISUAL LOOKOUT (INADEQUATE),0,ADVERSE_WIND_CONDITION,contributing,strong crosswind from the right,0,,
20001212X21636_1,0,VISUAL LOOKOUT (INADEQUATE),1,DARK_NIGHT_OR_LOW_LIGHT,contributing,sun was low and glaring off the water,0,,
20001212X21636_1,0,VISUAL LOOKOUT (INADEQUATE),2,TERRAIN_OR_OBSTACLE_PROXIMITY,contributing,a single tall bush next to the airstrip,0,,
20001212X21636_1,0,VISUAL LOOKOUT (INADEQUATE),3,PERCEPTION_FAILURE,primary,the propeller contacted a single tall bush which he had not seen,1,,
20001212X21636_1,0,VISUAL LOOKOUT (INADEQUATE),4,GROUND_IMPACT,outcome,propeller contacted a single tall bush; airplane sustained substantial damage,0,,
20011011X02079_1,0,"PROPELLER SYSTEM/ACCESSORIES,COUNTERWEIGHT (SEPARATION)",0,MAINTENANCE_INADEQUATE,primary,propeller counterweight mounting bolt under-torqued by approximately 115 inch-pounds below specification,0,,
20011011X02079_1,0,"PROPELLER SYSTEM/ACCESSORIES,COUNTERWEIGHT (SEPARATION)",1,OTHER_SYSTEM_FAILURE,primary,propeller counterweight attach bracket separated from its mounting collar,1,,
20011011X02079_1,0,"PROPELLER SYSTEM/ACCESSORIES,COUNTERWEIGHT (SEPARATION)",2,ENGINE_FAILURE,primary,"engine began to violently shake, leading to shutdown",0,,
20011011X02079_1,0,"PROPELLER SYSTEM/ACCESSORIES,COUNTERWEIGHT (SEPARATION)",3,DECISION_INAPPROPRIATE,contributing,pilot shut the engine off and began a glide toward a nearby road,0,,
20011011X02079_1,0,"PROPELLER SYSTEM/ACCESSORIES,COUNTERWEIGHT (SEPARATION)",4,TERRAIN_OR_OBSTACLE_PROXIMITY,contributing,narrow two-lane road with soft terrain on the sides,0,,
20011011X02079_1,0,"PROPELLER SYSTEM/ACCESSORIES,COUNTERWEIGHT (SEPARATION)",5,CONTROL_INPUT_IMPROPER,contributing,unable to keep the aircraft within the lateral confines of the road due to vibration and visibility issues,0,,
20011011X02079_1,0,"PROPELLER SYSTEM/ACCESSORIES,COUNTERWEIGHT (SEPARATION)",6,RUNWAY_EXCURSION_OR_OVERRUN,primary,main gear departed the side of the road and encountered soft terrain,0,,
20011011X02079_1,0,"PROPELLER SYSTEM/ACCESSORIES,COUNTERWEIGHT (SEPARATION)",7,GROUND_IMPACT,outcome,aircraft nosed over onto its back,0,,
20011011X02079_1,0,"PROPELLER SYSTEM/ACCESSORIES,COUNTERWEIGHT (SEPARATION)",8,INJURY_OR_FATALITY,outcome,pilot received minor injuries,0,,
20011011X02079_1,1,"PROPELLER SYSTEM/ACCESSORIES,COUNTERWEIGHT (UNDERTORQUED)",0,MAINTENANCE_INADEQUATE,primary,propeller counterweight mounting bolt under-torqued by approximately 115 inch-pounds below specification,1,,
20011011X02079_1,1,"PROPELLER SYSTEM/ACCESSORIES,COUNTERWEIGHT (UNDERTORQUED)",1,OTHER_SYSTEM_FAILURE,primary,propeller counterweight attach bracket separated from its mounting collar,0,,
20011011X02079_1,1,"PROPELLER SYSTEM/ACCESSORIES,COUNTERWEIGHT (UNDERTORQUED)",2,ENGINE_FAILURE,primary,"engine began to violently shake, leading to shutdown",0,,
20011011X02079_1,1,"PROPELLER SYSTEM/ACCESSORIES,COUNTERWEIGHT (UNDERTORQUED)",3,DECISION_INAPPROPRIATE,contributing,pilot shut the engine off and began a glide toward a nearby road,0,,
20011011X02079_1,1,"PROPELLER SYSTEM/ACCESSORIES,COUNTERWEIGHT (UNDERTORQUED)",4,TERRAIN_OR_OBSTACLE_PROXIMITY,contributing,narrow two-lane road with soft terrain on the sides,0,,
20011011X02079_1,1,"PROPELLER SYSTEM/ACCESSORIES,COUNTERWEIGHT (UNDERTORQUED)",5,CONTROL_INPUT_IMPROPER,contributing,unable to keep the aircraft within the lateral confines of the road due to vibration and visibility issues,0,,
20011011X02079_1,1,"PROPELLER SYSTEM/ACCESSORIES,COUNTERWEIGHT (UNDERTORQUED)",6,RUNWAY_EXCURSION_OR_OVERRUN,primary,main gear departed the side of the road and encountered soft terrain,0,,
20011011X02079_1,1,"PROPELLER SYSTEM/ACCESSORIES,COUNTERWEIGHT (UNDERTORQUED)",7,GROUND_IMPACT,outcome,aircraft nosed over onto its back,0,,
20011011X02079_1,1,"PROPELLER SYSTEM/ACCESSORIES,COUNTERWEIGHT (UNDERTORQUED)",8,INJURY_OR_FATALITY,outcome,pilot received minor injuries,0,,
20001208X09080_1,0,REASON FOR OCCURRENCE UNDETERMINED,0,ENGINE_FAILURE,primary,"engine quit at 3 hours 45 minutes into the flight, 120 nautical miles from Key West",0,,
20001208X09080_1,0,REASON FOR OCCURRENCE UNDETERMINED,1,PROCEDURE_NOT_FOLLOWED,contributing,"pilot switched to the right tank and engine started again, then stopped again; switched back to left tank",0,,
20001208X09080_1,0,REASON FOR OCCURRENCE UNDETERMINED,2,PROCEDURE_NOT_FOLLOWED,contributing,"unable to reach Miami Center directly by radio, relayed through another airplane",0,,
20001208X09080_1,0,REASON FOR OCCURRENCE UNDETERMINED,3,DECISION_INAPPROPRIATE,primary,descended to ditch in the water,0,,
20001208X09080_1,0,REASON FOR OCCURRENCE UNDETERMINED,4,WATER_IMPACT,outcome,"ditched in the water, the airplane sank",0,,
20001212X21299_1,0,"MAINTENANCE,INSTALLATION (IMPROPER)",0,GROUND_PERSONNEL_ERROR,primary,maintenance personnel improperly installed the landing gear service valve by reversing two hydraulic lines,1,,
20001212X21299_1,0,"MAINTENANCE,INSTALLATION (IMPROPER)",1,ORG_OR_REGULATORY_INADEQUATE,contributing,manufacturer's omission of maintenance procedures (manual did not refer to cycling the gear after valve replacement),1,,
20001212X21299_1,0,"MAINTENANCE,INSTALLATION (IMPROPER)",2,LANDING_GEAR_ANOMALY,primary,landing gear would not extend electrically or via alternate extension handle,0,,
20001212X21299_1,0,"MAINTENANCE,INSTALLATION (IMPROPER)",3,DECISION_INAPPROPRIATE,contributing,crew elected to land with the gear retracted after failed extension attempts,0,,
20001212X21299_1,0,"MAINTENANCE,INSTALLATION (IMPROPER)",4,GROUND_IMPACT,outcome,airplane touched down with the belly of the fuselage on Runway 04,0,,
20001212X21299_1,0,"MAINTENANCE,INSTALLATION (IMPROPER)",5,INJURY_OR_FATALITY,outcome,no injuries reported,0,,
20010821X01739_1,0,ATC CLEARANCE (PREMATURE),0,ORG_OR_REGULATORY_INADEQUATE,contributing,tower supervisor-in-charge operating flight data position while performing supervisory duties; inadequate supervision,0,,
20010821X01739_1,0,ATC CLEARANCE (PREMATURE),1,ATC_OR_DISPATCH_INADEQUATE,contributing,"local controller (LW1) combined with ground control (GW1) position, resulting in excessive workload and task overload",0,,
20010821X01739_1,0,ATC CLEARANCE (PREMATURE),2,PROCEDURE_NOT_FOLLOWED,primary,local controller did not visually scan runway 18L before issuing clearance,0,,
20010821X01739_1,0,ATC CLEARANCE (PREMATURE),3,ATC_OR_DISPATCH_INADEQUATE,primary,clearance issued to Continental Flight 1487 to cross runway 18L while Delta Flight 1521 was cleared for takeoff and beginning its roll,1,,
20010821X01739_1,0,ATC CLEARANCE (PREMATURE),4,GROUND_COLLISION,outcome,Delta 1521 took off and passed over Continental 1487 which was crossing the runway; tail of Delta 1521 impacted runway surface,0,,
20010410X00727_1,0,AILERON (IMPROPER USE OF),0,ADVERSE_WIND_CONDITION,contributing,estimated 10 to 15 knot direct right crosswind,0,,
20010410X00727_1,0,AILERON (IMPROPER USE OF),1,CONTROL_INPUT_IMPROPER,primary,pilot relaxed aileron input upon touchdown,1,,
20010410X00727_1,0,AILERON (IMPROPER USE OF),2,LOSS_OF_CONTROL_GROUND,primary,"airplane began 'wheel barrowing,' pilot lost directional control",0,,
20010410X00727_1,0,AILERON (IMPROPER USE OF),3,RUNWAY_EXCURSION_OR_OVERRUN,outcome,exited the left side of the runway,0,,
20010410X00727_1,0,AILERON (IMPROPER USE OF),4,GROUND_COLLISION,outcome,striking a taxiway sign,0,,
20010410X00727_1,1,DIRECTIONAL CONTROL (NOT MAINTAINED),0,ADVERSE_WIND_CONDITION,contributing,estimated 10 to 15 knot direct right crosswind,0,,
20010410X00727_1,1,DIRECTIONAL CONTROL (NOT MAINTAINED),1,CONTROL_INPUT_IMPROPER,primary,pilot relaxed aileron input upon touchdown,0,,
20010410X00727_1,1,DIRECTIONAL CONTROL (NOT MAINTAINED),2,LOSS_OF_CONTROL_GROUND,primary,"airplane began 'wheel barrowing,' pilot lost directional control",1,,
20010410X00727_1,1,DIRECTIONAL CONTROL (NOT MAINTAINED),3,RUNWAY_EXCURSION_OR_OVERRUN,outcome,exited the left side of the runway,0,,
20010410X00727_1,1,DIRECTIONAL CONTROL (NOT MAINTAINED),4,GROUND_COLLISION,outcome,striking a taxiway sign,0,,
20001212X20123_1,0,"FLUID,FUEL (EXHAUSTION)",0,DECISION_INAPPROPRIATE,primary,improper preflight planning; failure to ensure adequate fuel supply,0,,
20001212X20123_1,0,"FLUID,FUEL (EXHAUSTION)",1,FUEL_EXHAUSTION_OR_STARVATION,primary,airplane consumed more fuel than anticipated; tanks contained only unusable fuel,1,,
20001212X20123_1,0,"FLUID,FUEL (EXHAUSTION)",2,ENGINE_FAILURE,primary,total loss of engine power,0,,
20001212X20123_1,0,"FLUID,FUEL (EXHAUSTION)",3,PROCEDURE_NOT_FOLLOWED,contributing,forced landing on a city street,0,,
20001212X20123_1,0,"FLUID,FUEL (EXHAUSTION)",4,GROUND_IMPACT,outcome,impacted a sign pole and a dirt berm during rollout,0,,
20001212X20123_1,1,PREFLIGHT PLANNING/PREPARATION (IMPROPER),0,DECISION_INAPPROPRIATE,primary,improper preflight planning; failure to ensure adequate fuel supply,1,,
20001212X20123_1,1,PREFLIGHT PLANNING/PREPARATION (IMPROPER),1,FUEL_EXHAUSTION_OR_STARVATION,primary,airplane consumed more fuel than anticipated; tanks contained only unusable fuel,0,,
20001212X20123_1,1,PREFLIGHT PLANNING/PREPARATION (IMPROPER),2,ENGINE_FAILURE,primary,total loss of engine power,0,,
20001212X20123_1,1,PREFLIGHT PLANNING/PREPARATION (IMPROPER),3,PROCEDURE_NOT_FOLLOWED,contributing,forced landing on a city street,0,,
20001212X20123_1,1,PREFLIGHT PLANNING/PREPARATION (IMPROPER),4,GROUND_IMPACT,outcome,impacted a sign pole and a dirt berm during rollout,0,,
20001212X20123_1,2,FUEL SUPPLY (INADEQUATE),0,DECISION_INAPPROPRIATE,primary,improper preflight planning; failure to ensure adequate fuel supply,1,,
20001212X20123_1,2,FUEL SUPPLY (INADEQUATE),1,FUEL_EXHAUSTION_OR_STARVATION,primary,airplane consumed more fuel than anticipated; tanks contained only unusable fuel,0,,
20001212X20123_1,2,FUEL SUPPLY (INADEQUATE),2,ENGINE_FAILURE,primary,total loss of engine power,0,,
20001212X20123_1,2,FUEL SUPPLY (INADEQUATE),3,PROCEDURE_NOT_FOLLOWED,contributing,forced landing on a city street,0,,
20001212X20123_1,2,FUEL SUPPLY (INADEQUATE),4,GROUND_IMPACT,outcome,impacted a sign pole and a dirt berm during rollout,0,,
20001212X19177_1,0,MATERIAL DEFECT,0,LATENT_MECHANICAL_DEFECT,primary,material defect in the sloshing compound used to seal the fuel tank,1,,
20001212X19177_1,0,MATERIAL DEFECT,1,MAINTENANCE_INADEQUATE,contributing,inspection not identifying material defect,0,,
20001212X19177_1,0,MATERIAL DEFECT,2,FUEL_SYSTEM_ANOMALY,primary,material in the fuel line between the header tank and gascolator blocking the flow of fuel,1,,
20001212X19177_1,0,MATERIAL DEFECT,3,ENGINE_FAILURE,primary,"loss of engine power at 2,000 feet MSL",0,,
20001212X19177_1,0,MATERIAL DEFECT,4,GROUND_IMPACT,outcome,forced landing in a cornfield resulting in substantial damage,0,,
20001204X00048_1,0,BUZZING (INTENTIONAL),0,DECISION_INAPPROPRIATE,primary,pilot made arrangements to fly low over his residence for observation; intentionally 'buzzed' the area,1,,
20001204X00048_1,0,BUZZING (INTENTIONAL),1,LOW_ALTITUDE_OPERATION,contributing,flying at 500 feet agl in a residential area with houses and structures,0,,
20001204X00048_1,0,BUZZING (INTENTIONAL),2,ADVERSE_WIND_CONDITION,contributing,light east-northeast wind increased in velocity,0,,
20001204X00048_1,0,BUZZING (INTENTIONAL),3,CONTROL_INPUT_IMPROPER,primary,reduced power and added flaps while turning in slow flight with crosswind,0,,
20001204X00048_1,0,BUZZING (INTENTIONAL),4,STALL,contributing,airplane sank and turned south; lost considerable altitude; witness observed rapid descent and steep ascent,0,,
20001204X00048_1,0,BUZZING (INTENTIONAL),5,LOSS_OF_CONTROL_INFLIGHT,contributing,attempted to steer out of westerly heading with no effect; pilot said crosswind pushed him to the ground,0,,
20001204X00048_1,0,BUZZING (INTENTIONAL),6,GROUND_IMPACT,outcome,"intentionally put airplane on the ground; tail struck ground first, crossed ditch, struck telephone pole",0,,
20001204X00048_1,1,JUDGMENT (POOR),0,DECISION_INAPPROPRIATE,primary,pilot made arrangements to fly low over his residence for observation; intentionally 'buzzed' the area,1,,
20001204X00048_1,1,JUDGMENT (POOR),1,LOW_ALTITUDE_OPERATION,contributing,flying at 500 feet agl in a residential area with houses and structures,1,,
20001204X00048_1,1,JUDGMENT (POOR),2,ADVERSE_WIND_CONDITION,contributing,light east-northeast wind increased in velocity,0,,
20001204X00048_1,1,JUDGMENT (POOR),3,CONTROL_INPUT_IMPROPER,primary,reduced power and added flaps while turning in slow flight with crosswind,0,,
20001204X00048_1,1,JUDGMENT (POOR),4,STALL,contributing,airplane sank and turned south; lost considerable altitude; witness observed rapid descent and steep ascent,0,,
20001204X00048_1,1,JUDGMENT (POOR),5,LOSS_OF_CONTROL_INFLIGHT,contributing,attempted to steer out of westerly heading with no effect; pilot said crosswind pushed him to the ground,0,,
20001204X00048_1,1,JUDGMENT (POOR),6,GROUND_IMPACT,outcome,"intentionally put airplane on the ground; tail struck ground first, crossed ditch, struck telephone pole",0,,
20001212X18937_1,0,DIRECTIONAL CONTROL (NOT MAINTAINED),0,ADVERSE_WIND_CONDITION,contributing,pilot suspected a gust of wind occurred during takeoff roll,0,,
20001212X18937_1,0,DIRECTIONAL CONTROL (NOT MAINTAINED),1,CONTROL_INPUT_IMPROPER,primary,"pilot used full left rudder and applied left brake, but the aircraft continued to the right",1,,
20001212X18937_1,0,DIRECTIONAL CONTROL (NOT MAINTAINED),2,RUNWAY_EXCURSION_OR_OVERRUN,outcome,airplane veered to the right and went off the runway,1,,
20001212X18937_1,0,DIRECTIONAL CONTROL (NOT MAINTAINED),3,INJURY_OR_FATALITY,outcome,pilot was not injured,0,,
20001211X11433_1,0,STALL/SPIN (INADVERTENT),0,TERRAIN_OR_OBSTACLE_PROXIMITY,contributing,departure path approaching the tree line along the river and adjacent levee,0,,
20001211X11433_1,0,STALL/SPIN (INADVERTENT),1,TURBULENCE_ENCOUNTER,contributing,terrain induced turbulence encountered while crossing the river and tree line,0,,
20001211X11433_1,0,STALL/SPIN (INADVERTENT),2,STALL,primary,"airplane stopped flying, started sinking, and rolled left into a steep spiral/spin",1,,
20001211X11433_1,0,STALL/SPIN (INADVERTENT),3,LOSS_OF_CONTROL_INFLIGHT,contributing,airplane rolled violently to the left into a spin,0,,
20001211X11433_1,0,STALL/SPIN (INADVERTENT),4,PROCEDURE_NOT_FOLLOWED,primary,insufficient altitude for recovery; tail struck the top of a levee during recovery,0,,
20001211X11433_1,0,STALL/SPIN (INADVERTENT),5,GROUND_IMPACT,outcome,"tail struck levee, then airplane impacted ground",0,,
20001211X11433_1,0,STALL/SPIN (INADVERTENT),6,INJURY_OR_FATALITY,outcome,minor injuries to flight instructor and private pilot,0,,
20010827X01784_1,0,REASON FOR OCCURRENCE UNDETERMINED,0,OTHER_SYSTEM_FAILURE,primary,"backfire plate started opening and closing, followed by rough running engine and total loss of engine power",0,,
20010827X01784_1,0,REASON FOR OCCURRENCE UNDETERMINED,1,ENGINE_FAILURE,primary,total loss of engine power,0,,
20010827X01784_1,0,REASON FOR OCCURRENCE UNDETERMINED,2,PROCEDURE_NOT_FOLLOWED,contributing,pilot maneuvered into prevailing wind to execute forced landing,0,,
20010827X01784_1,0,REASON FOR OCCURRENCE UNDETERMINED,3,UNSUITABLE_TERRAIN_FOR_FORCED_LANDING,contributing,"rough and uneven terrain, soft ground",0,,
20010827X01784_1,0,REASON FOR OCCURRENCE UNDETERMINED,4,GROUND_IMPACT,outcome,"tires sank into soft ground, airplane nosed over, inverted position",0,,
20010827X01784_1,0,REASON FOR OCCURRENCE UNDETERMINED,5,INJURY_OR_FATALITY,outcome,minor injuries,0,,
20020328X00417_1,0,REASON FOR OCCURRENCE UNDETERMINED,0,LANDING_GEAR_ANOMALY,primary,right main landing gear collapsed during landing roll,0,,
20020328X00417_1,0,REASON FOR OCCURRENCE UNDETERMINED,1,GROUND_IMPACT,outcome,airplane nosed over,0,,
20020328X00417_1,0,REASON FOR OCCURRENCE UNDETERMINED,2,INJURY_OR_FATALITY,outcome,pilot not injured,0,,
20001208X07508_1,0,GEAR RETRACTION (INADVERTENT),0,CONTROL_INPUT_IMPROPER,primary,the pilot inadvertently retracting the landing gear during the takeoff roll,1,,
20001208X07508_1,0,GEAR RETRACTION (INADVERTENT),1,LANDING_GEAR_ANOMALY,contributing,left main landing gear collapsed during takeoff roll at 60 to 70 knots,0,,
20001208X07508_1,0,GEAR RETRACTION (INADVERTENT),2,LOSS_OF_CONTROL_GROUND,contributing,airplane veered about 20 feet off the left side of the runway,0,,
20001208X07508_1,0,GEAR RETRACTION (INADVERTENT),3,RUNWAY_EXCURSION_OR_OVERRUN,outcome,"came to rest off the left side of the runway approximately 2,000 feet down the runway",0,,
20001208X05586_1,0,REASON FOR OCCURRENCE UNDETERMINED,0,ENGINE_FAILURE,primary,the engine lost power all of a sudden at 400 feet msl,1,,
20001208X05586_1,0,REASON FOR OCCURRENCE UNDETERMINED,1,DECISION_INAPPROPRIATE,contributing,pilot elected to land on a grassy field east of the terminal instead of attempting to reach the runway or following ATC instructions for the departure runway,0,,
20001208X05586_1,0,REASON FOR OCCURRENCE UNDETERMINED,2,UNSUITABLE_TERRAIN_FOR_FORCED_LANDING,contributing,grassy field crossed a parking lot access road and continued down an embankment,0,,
20001208X05586_1,0,REASON FOR OCCURRENCE UNDETERMINED,3,GROUND_IMPACT,outcome,"airplane touched down, crossed a parking lot access road, and continued down an embankment before it nosed over on the grass",0,,
20001208X05586_1,0,REASON FOR OCCURRENCE UNDETERMINED,4,INJURY_OR_FATALITY,outcome,commercial pilot and one passenger received minor injuries,0,,
20001212X21918_1,0,THROTTLE/POWER CONTROL (IMPROPER USE OF),0,TERRAIN_OR_OBSTACLE_PROXIMITY,contributing,"another airplane stopped on the east edge of the airstrip, approximately 1,200 feet from the approach end",0,,
20001212X21918_1,0,THROTTLE/POWER CONTROL (IMPROPER USE OF),1,DECISION_INAPPROPRIATE,contributing,initiated a go-around due to the obstruction,0,,
20001212X21918_1,0,THROTTLE/POWER CONTROL (IMPROPER USE OF),2,CONTROL_INPUT_IMPROPER,primary,did not give full throttle during the go-around,1,,
20001212X21918_1,0,THROTTLE/POWER CONTROL (IMPROPER USE OF),3,STALL,primary,the airplane stalled and the left wing dropped,0,,
20001212X21918_1,0,THROTTLE/POWER CONTROL (IMPROPER USE OF),4,LOSS_OF_CONTROL_INFLIGHT,primary,loss of control during the go-around,0,,
20001212X21918_1,0,THROTTLE/POWER CONTROL (IMPROPER USE OF),5,GROUND_IMPACT,outcome,impacted the terrain off the west side of the airstrip,0,,
20001212X21918_1,1,AIRSPEED (INADEQUATE),0,TERRAIN_OR_OBSTACLE_PROXIMITY,contributing,"another airplane stopped on the east edge of the airstrip, approximately 1,200 feet from the approach end",0,,
20001212X21918_1,1,AIRSPEED (INADEQUATE),1,DECISION_INAPPROPRIATE,contributing,initiated a go-around due to the obstruction,0,,
20001212X21918_1,1,AIRSPEED (INADEQUATE),2,CONTROL_INPUT_IMPROPER,primary,did not give full throttle during the go-around,0,,
20001212X21918_1,1,AIRSPEED (INADEQUATE),3,STALL,primary,the airplane stalled and the left wing dropped,1,,
20001212X21918_1,1,AIRSPEED (INADEQUATE),4,LOSS_OF_CONTROL_INFLIGHT,primary,loss of control during the go-around,0,,
20001212X21918_1,1,AIRSPEED (INADEQUATE),5,GROUND_IMPACT,outcome,impacted the terrain off the west side of the airstrip,0,,
20001208X07280_1,0,SMOKE DETECTOR(S) (ACTIVATED),0,GROUND_PERSONNEL_ERROR,contributing,loading freshly painted wood panels that were still in the curing stage and emitting fumes,0,,
20001208X07280_1,0,SMOKE DETECTOR(S) (ACTIVATED),1,INFLIGHT_FIRE_OR_SMOKE,contributing,fumes from the curing paint accumulated in the cargo compartment,0,,
20001208X07280_1,0,SMOKE DETECTOR(S) (ACTIVATED),2,INSTRUMENT_OR_AVIONICS_FAILURE,primary,activation of the number 2 smoke detector sensor light and aural warning,1,,
20001208X07280_1,0,SMOKE DETECTOR(S) (ACTIVATED),3,DECISION_INAPPROPRIATE,primary,crew declared an emergency and requested a visual approach and landing based on the smoke warning,0,,
20001208X07280_1,0,SMOKE DETECTOR(S) (ACTIVATED),4,EMERGENCY_LANDING,outcome,flight returned to Oklahoma City and landed without further incident,0,,
20001208X07280_1,1,REASON FOR OCCURRENCE UNDETERMINED,0,GROUND_PERSONNEL_ERROR,contributing,loading freshly painted wood panels that were still in the curing stage and emitting fumes,0,,
20001208X07280_1,1,REASON FOR OCCURRENCE UNDETERMINED,1,INFLIGHT_FIRE_OR_SMOKE,contributing,fumes from the curing paint accumulated in the cargo compartment,0,,
20001208X07280_1,1,REASON FOR OCCURRENCE UNDETERMINED,2,INSTRUMENT_OR_AVIONICS_FAILURE,primary,activation of the number 2 smoke detector sensor light and aural warning,0,,
20001208X07280_1,1,REASON FOR OCCURRENCE UNDETERMINED,3,DECISION_INAPPROPRIATE,primary,crew declared an emergency and requested a visual approach and landing based on the smoke warning,0,,
20001208X07280_1,1,REASON FOR OCCURRENCE UNDETERMINED,4,EMERGENCY_LANDING,outcome,flight returned to Oklahoma City and landed without further incident,0,,
20001212X21213_1,0,AIRSPEED (NOT ATTAINED),0,LATENT_MECHANICAL_DEFECT,contributing,"newly installed muffler and exhaust stacks breaking in, causing smoke; history of unsecured wires shorting",0,,
20001212X21213_1,0,AIRSPEED (NOT ATTAINED),1,DECISION_INAPPROPRIATE,contributing,electing to take off after a precautionary landing for smoke without identifying the source,0,,
20001212X21213_1,0,AIRSPEED (NOT ATTAINED),2,CONTROL_INPUT_IMPROPER,primary,lifting off prior to the go-no-go decision point (premature lift-off),0,,
20001212X21213_1,0,AIRSPEED (NOT ATTAINED),3,STALL,primary,inadvertent stall due to failure to maintain sufficient airspeed,1,,
20001212X21213_1,0,AIRSPEED (NOT ATTAINED),4,LOSS_OF_CONTROL_INFLIGHT,contributing,right wing dropped,0,,
20001212X21213_1,0,AIRSPEED (NOT ATTAINED),5,WATER_IMPACT,outcome,airplane struck the water and nosed over,0,,
20020411X00495_1,0,BRAKES(NORMAL) (EXCESSIVE),0,CREW_COORDINATION_FAILURE,primary,inadequate supervision by the flight instructor of the pilot receiving instruction,0,,
20020411X00495_1,0,BRAKES(NORMAL) (EXCESSIVE),1,ADVERSE_WIND_CONDITION,contributing,winds from 040 degrees at 10-12 knots; gusting to 18 knots,0,,
20020411X00495_1,0,BRAKES(NORMAL) (EXCESSIVE),2,CONTROL_INPUT_IMPROPER,primary,excessive braking action took place during the landing roll,1,,
20020411X00495_1,0,BRAKES(NORMAL) (EXCESSIVE),3,GROUND_IMPACT,outcome,"the airplane nosed over, struck the propeller, and came to rest inverted",0,,
20020411X00495_1,1,SUPERVISION (INADEQUATE),0,CREW_COORDINATION_FAILURE,primary,inadequate supervision by the flight instructor of the pilot receiving instruction,1,,
20020411X00495_1,1,SUPERVISION (INADEQUATE),1,ADVERSE_WIND_CONDITION,contributing,winds from 040 degrees at 10-12 knots; gusting to 18 knots,0,,
20020411X00495_1,1,SUPERVISION (INADEQUATE),2,CONTROL_INPUT_IMPROPER,primary,excessive braking action took place during the landing roll,0,,
20020411X00495_1,1,SUPERVISION (INADEQUATE),3,GROUND_IMPACT,outcome,"the airplane nosed over, struck the propeller, and came to rest inverted",0,,
20001206X01499_1,0,"FUEL SYSTEM,LINE (FAILURE,TOTAL)",0,MAINTENANCE_INADEQUATE,primary,improper installation of the left engine #3 fuel line with significantly different bends than blueprints; failure to perform dimensional check for unique STC installation,1,,
20001206X01499_1,0,"FUEL SYSTEM,LINE (FAILURE,TOTAL)",1,LATENT_MECHANICAL_DEFECT,contributing,"fuel line installed with incorrect bends, creating a stress point or misalignment",1,,
20001206X01499_1,0,"FUEL SYSTEM,LINE (FAILURE,TOTAL)",2,FUEL_SYSTEM_ANOMALY,contributing,left engine fuel pressure indicated below normal on downwind leg; boost pump restored pressure temporarily,1,,
20001206X01499_1,0,"FUEL SYSTEM,LINE (FAILURE,TOTAL)",3,FUEL_SYSTEM_ANOMALY,primary,left engine #3 fuel line failed near the heat exchanger,1,,
20001206X01499_1,0,"FUEL SYSTEM,LINE (FAILURE,TOTAL)",4,INFLIGHT_FIRE_OR_SMOKE,outcome,left engine backfired and caught fire during landing roll,0,,
20001206X01499_1,0,"FUEL SYSTEM,LINE (FAILURE,TOTAL)",5,GROUND_IMPACT,outcome,substantial damage to the airplane,0,,
20001207X04508_1,0,VISUAL LOOKOUT (INADEQUATE),0,ADVERSE_WIND_CONDITION,contributing,"engine sounded rough during takeoff, climbed steeply to 1,500-2,000 ft, then engine smoothed out",0,,
20001207X04508_1,0,VISUAL LOOKOUT (INADEQUATE),1,PILOT_FATIGUE_OR_PHYSIOLOGICAL_STATE,contributing,pilot typically approached runways high and descended steeply for landing,0,,
20001207X04508_1,0,VISUAL LOOKOUT (INADEQUATE),2,DESIGN_DEFECT_LATENT,contributing,visibility from the cockpit was poor,0,,
20001207X04508_1,0,VISUAL LOOKOUT (INADEQUATE),3,PERCEPTION_FAILURE,primary,failure to see and avoid the wires,1,,
20001207X04508_1,0,VISUAL LOOKOUT (INADEQUATE),4,CONTROL_INPUT_IMPROPER,contributing,"descended suddenly and sharply, appeared too low to clear the wires",0,,
20001207X04508_1,0,VISUAL LOOKOUT (INADEQUATE),5,GROUND_COLLISION,outcome,impact with power lines,0,,
20001207X04508_1,0,VISUAL LOOKOUT (INADEQUATE),6,INJURY_OR_FATALITY,outcome,commercial pilot was fatally injured,0,,
20020930X05246_1,0,DIRECTIONAL CONTROL (NOT MAINTAINED),0,DECISION_INAPPROPRIATE,contributing,continued the approach in close proximity to a departing Cessna 172 instead of performing a go-around,0,,
20020930X05246_1,0,DIRECTIONAL CONTROL (NOT MAINTAINED),1,WIND_SHEAR_OR_GUST,contributing,experienced a blast of air from the right (wake turbulence from the departing Cessna),0,,
20020930X05246_1,0,DIRECTIONAL CONTROL (NOT MAINTAINED),2,CONTROL_INPUT_IMPROPER,primary,overcorrected with aileron input after bouncing and weather vaning to the right,0,,
20020930X05246_1,0,DIRECTIONAL CONTROL (NOT MAINTAINED),3,LOSS_OF_CONTROL_GROUND,primary,failure to maintain directional control of the airplane during the flare/touchdown,1,,
20020930X05246_1,0,DIRECTIONAL CONTROL (NOT MAINTAINED),4,RUNWAY_EXCURSION_OR_OVERRUN,outcome,departed the left side of the runway and came to rest,0,,
20001211X13603_1,0,THROTTLE/POWER CONTROL (IMPROPER USE OF),0,CONTROL_INPUT_IMPROPER,primary,student abruptly reduced the throttle during flare,1,,
20001211X13603_1,0,THROTTLE/POWER CONTROL (IMPROPER USE OF),1,CREW_COORDINATION_FAILURE,primary,inadequate supervision by the flight instructor,0,,
20001211X13603_1,0,THROTTLE/POWER CONTROL (IMPROPER USE OF),2,STRUCTURAL_OVERLOAD,outcome,very hard touchdown causing substantial structural damage to the left main wing spar,0,,
20001211X13603_1,1,SUPERVISION (INADEQUATE),0,CONTROL_INPUT_IMPROPER,primary,student abruptly reduced the throttle during flare,0,,
20001211X13603_1,1,SUPERVISION (INADEQUATE),1,CREW_COORDINATION_FAILURE,primary,inadequate supervision by the flight instructor,1,,
20001211X13603_1,1,SUPERVISION (INADEQUATE),2,STRUCTURAL_OVERLOAD,outcome,very hard touchdown causing substantial structural damage to the left main wing spar,0,,
20001207X05079_1,0,AIRCRAFT CONTROL (NOT MAINTAINED),0,MOUNTAINOUS_OR_RISING_TERRAIN,contributing,"rolling mountainous terrain, 2,300 foot mountain",0,,
20001207X05079_1,0,AIRCRAFT CONTROL (NOT MAINTAINED),1,TURBULENCE_ENCOUNTER,contributing,"moderate turbulent conditions below 2,000 feet around the foothills",0,,
20001207X05079_1,0,AIRCRAFT CONTROL (NOT MAINTAINED),2,LOSS_OF_CONTROL_INFLIGHT,primary,failure to maintain aircraft control,1,,
20001207X05079_1,0,AIRCRAFT CONTROL (NOT MAINTAINED),3,ALTITUDE_DEVIATION_UNCONTROLLED,primary,failure to maintain terrain clearance,0,,
20001207X05079_1,0,AIRCRAFT CONTROL (NOT MAINTAINED),4,GROUND_IMPACT,outcome,collided with mountainous terrain,0,,
20001207X05079_1,0,AIRCRAFT CONTROL (NOT MAINTAINED),5,INJURY_OR_FATALITY,outcome,pilot and passenger fatally injured,0,,
20001207X05079_1,1,CLEARANCE (NOT MAINTAINED),0,MOUNTAINOUS_OR_RISING_TERRAIN,contributing,"rolling mountainous terrain, 2,300 foot mountain",0,,
20001207X05079_1,1,CLEARANCE (NOT MAINTAINED),1,TURBULENCE_ENCOUNTER,contributing,"moderate turbulent conditions below 2,000 feet around the foothills",0,,
20001207X05079_1,1,CLEARANCE (NOT MAINTAINED),2,LOSS_OF_CONTROL_INFLIGHT,primary,failure to maintain aircraft control,0,,
20001207X05079_1,1,CLEARANCE (NOT MAINTAINED),3,ALTITUDE_DEVIATION_UNCONTROLLED,primary,failure to maintain terrain clearance,0,,
20001207X05079_1,1,CLEARANCE (NOT MAINTAINED),4,GROUND_IMPACT,outcome,collided with mountainous terrain,0,,
20001207X05079_1,1,CLEARANCE (NOT MAINTAINED),5,INJURY_OR_FATALITY,outcome,pilot and passenger fatally injured,0,,
20001208X05516_1,0,DIRECTIONAL CONTROL (NOT MAINTAINED),0,CONTROL_INPUT_IMPROPER,contributing,touchdown 1500 feet past the threshold,0,,
20001208X05516_1,0,DIRECTIONAL CONTROL (NOT MAINTAINED),1,LOSS_OF_CONTROL_GROUND,primary,airplane veered to the right after touchdown,1,,
20001208X05516_1,0,DIRECTIONAL CONTROL (NOT MAINTAINED),2,CONTROL_INPUT_IMPROPER,primary,"applied braking to correct for right drift, causing the airplane to veer to the left",1,,
20001208X05516_1,0,DIRECTIONAL CONTROL (NOT MAINTAINED),3,RUNWAY_EXCURSION_OR_OVERRUN,primary,continued to the left and veered off the left side of the paved runway surface,0,,
20001208X05516_1,0,DIRECTIONAL CONTROL (NOT MAINTAINED),4,GROUND_COLLISION,outcome,collided with a ditch,0,,
20001208X05516_1,0,DIRECTIONAL CONTROL (NOT MAINTAINED),5,GROUND_IMPACT,outcome,nosed over,0,,
20010627X01264_1,0,REASON FOR OCCURRENCE UNDETERMINED,0,ENGINE_FAILURE,primary,"manifold pressure and RPMs dropped, engine lost power at 1.8 DME",0,,
20010627X01264_1,0,REASON FOR OCCURRENCE UNDETERMINED,1,PROCEDURE_NOT_FOLLOWED,contributing,student pilot descended to MDA during procedure turn before establishing on the inbound course,0,,
20010627X01264_1,0,REASON FOR OCCURRENCE UNDETERMINED,2,DECISION_INAPPROPRIATE,primary,"instructor pilot elected to continue the approach below MDA after engine failure rather than executing an immediate go-around or turning to a safe area, resulting in being too low to reach the runway",0,,
20010627X01264_1,0,REASON FOR OCCURRENCE UNDETERMINED,3,STALL,primary,stall warning sounded during flare over uphill terrain after clearing a fence,0,,
20010627X01264_1,0,REASON FOR OCCURRENCE UNDETERMINED,4,GROUND_IMPACT,outcome,mains hit the ground and nose wheel hit hard,0,,
20010627X01264_1,0,REASON FOR OCCURRENCE UNDETERMINED,5,INJURY_OR_FATALITY,outcome,both pilots reported minor injuries,0,,
20010627X01264_1,1,STALL/MUSH (INADVERTENT),0,ENGINE_FAILURE,primary,"manifold pressure and RPMs dropped, engine lost power at 1.8 DME",0,,
20010627X01264_1,1,STALL/MUSH (INADVERTENT),1,PROCEDURE_NOT_FOLLOWED,contributing,student pilot descended to MDA during procedure turn before establishing on the inbound course,0,,
20010627X01264_1,1,STALL/MUSH (INADVERTENT),2,DECISION_INAPPROPRIATE,primary,"instructor pilot elected to continue the approach below MDA after engine failure rather than executing an immediate go-around or turning to a safe area, resulting in being too low to reach the runway",0,,
20010627X01264_1,1,STALL/MUSH (INADVERTENT),3,STALL,primary,stall warning sounded during flare over uphill terrain after clearing a fence,1,,
20010627X01264_1,1,STALL/MUSH (INADVERTENT),4,GROUND_IMPACT,outcome,mains hit the ground and nose wheel hit hard,0,,
20010627X01264_1,1,STALL/MUSH (INADVERTENT),5,INJURY_OR_FATALITY,outcome,both pilots reported minor injuries,0,,
20030818X01348_1,0,IFR PROCEDURE (IMPROPER),0,LOW_VISIBILITY_OR_IMC,contributing,"foggy weather with visibility less than 100 feet, below published approach minimums",0,,
20030818X01348_1,0,IFR PROCEDURE (IMPROPER),1,MOUNTAINOUS_OR_RISING_TERRAIN,contributing,"trees located along the northwestern boundary of the airport at an elevation of 1,287 feet",0,,
20030818X01348_1,0,IFR PROCEDURE (IMPROPER),2,DECISION_INAPPROPRIATE,primary,improper in-flight decision to descend below the published minimum descent altitude while executing a non-precision approach,0,,
20030818X01348_1,0,IFR PROCEDURE (IMPROPER),3,PROCEDURE_NOT_FOLLOWED,primary,"minimum descent altitude not maintained; descended from 2,000 feet to 1,268 feet",0,,
20030818X01348_1,0,IFR PROCEDURE (IMPROPER),4,GROUND_IMPACT,outcome,"collided with trees, then terrain, while executing an instrument approach",0,,
20030818X01348_1,0,IFR PROCEDURE (IMPROPER),5,INJURY_OR_FATALITY,outcome,pilot and passenger fatally injured,0,,
20030818X01348_1,1,IN-FLIGHT PLANNING/DECISION (INADEQUATE),0,LOW_VISIBILITY_OR_IMC,contributing,"foggy weather with visibility less than 100 feet, below published approach minimums",0,,
20030818X01348_1,1,IN-FLIGHT PLANNING/DECISION (INADEQUATE),1,MOUNTAINOUS_OR_RISING_TERRAIN,contributing,"trees located along the northwestern boundary of the airport at an elevation of 1,287 feet",0,,
20030818X01348_1,1,IN-FLIGHT PLANNING/DECISION (INADEQUATE),2,DECISION_INAPPROPRIATE,primary,improper in-flight decision to descend below the published minimum descent altitude while executing a non-precision approach,1,,
20030818X01348_1,1,IN-FLIGHT PLANNING/DECISION (INADEQUATE),3,PROCEDURE_NOT_FOLLOWED,primary,"minimum descent altitude not maintained; descended from 2,000 feet to 1,268 feet",0,,
20030818X01348_1,1,IN-FLIGHT PLANNING/DECISION (INADEQUATE),4,GROUND_IMPACT,outcome,"collided with trees, then terrain, while executing an instrument approach",0,,
20030818X01348_1,1,IN-FLIGHT PLANNING/DECISION (INADEQUATE),5,INJURY_OR_FATALITY,outcome,pilot and passenger fatally injured,0,,
20030818X01348_1,2,MINIMUM DESCENT ALTITUDE (NOT MAINTAINED),0,LOW_VISIBILITY_OR_IMC,contributing,"foggy weather with visibility less than 100 feet, below published approach minimums",0,,
20030818X01348_1,2,MINIMUM DESCENT ALTITUDE (NOT MAINTAINED),1,MOUNTAINOUS_OR_RISING_TERRAIN,contributing,"trees located along the northwestern boundary of the airport at an elevation of 1,287 feet",0,,
20030818X01348_1,2,MINIMUM DESCENT ALTITUDE (NOT MAINTAINED),2,DECISION_INAPPROPRIATE,primary,improper in-flight decision to descend below the published minimum descent altitude while executing a non-precision approach,1,,
20030818X01348_1,2,MINIMUM DESCENT ALTITUDE (NOT MAINTAINED),3,PROCEDURE_NOT_FOLLOWED,primary,"minimum descent altitude not maintained; descended from 2,000 feet to 1,268 feet",1,,
20030818X01348_1,2,MINIMUM DESCENT ALTITUDE (NOT MAINTAINED),4,GROUND_IMPACT,outcome,"collided with trees, then terrain, while executing an instrument approach",0,,
20030818X01348_1,2,MINIMUM DESCENT ALTITUDE (NOT MAINTAINED),5,INJURY_OR_FATALITY,outcome,pilot and passenger fatally injured,0,,
20001207X03505_1,0,"FLUID,FUEL (STARVATION)",0,PROCEDURE_NOT_FOLLOWED,primary,fuel selector was not moved from its position after engine start; inadequate fuel management by the pilot-in-command,0,,
20001207X03505_1,0,"FLUID,FUEL (STARVATION)",1,FUEL_EXHAUSTION_OR_STARVATION,primary,total loss of engine power due to fuel starvation,1,,
20001207X03505_1,0,"FLUID,FUEL (STARVATION)",2,ENGINE_FAILURE,contributing,the engine 'hesitated' then quit at 300-400 feet AGL,0,,
20001207X03505_1,0,"FLUID,FUEL (STARVATION)",3,DECISION_INAPPROPRIATE,contributing,previous owner took control to maneuver for landing in unsuitable terrain,0,,
20001207X03505_1,0,"FLUID,FUEL (STARVATION)",4,UNSUITABLE_TERRAIN_FOR_FORCED_LANDING,contributing,collided with trees then the ground during descent,0,,
20001207X03505_1,0,"FLUID,FUEL (STARVATION)",5,GROUND_IMPACT,outcome,collided with trees then the ground,0,,
20001207X03505_1,0,"FLUID,FUEL (STARVATION)",6,INJURY_OR_FATALITY,outcome,three occupants seriously injured,0,,
20001207X03505_1,1,FUEL MANAGEMENT (INADEQUATE),0,PROCEDURE_NOT_FOLLOWED,primary,fuel selector was not moved from its position after engine start; inadequate fuel management by the pilot-in-command,1,,
20001207X03505_1,1,FUEL MANAGEMENT (INADEQUATE),1,FUEL_EXHAUSTION_OR_STARVATION,primary,total loss of engine power due to fuel starvation,0,,
20001207X03505_1,1,FUEL MANAGEMENT (INADEQUATE),2,ENGINE_FAILURE,contributing,the engine 'hesitated' then quit at 300-400 feet AGL,0,,
20001207X03505_1,1,FUEL MANAGEMENT (INADEQUATE),3,DECISION_INAPPROPRIATE,contributing,previous owner took control to maneuver for landing in unsuitable terrain,0,,
20001207X03505_1,1,FUEL MANAGEMENT (INADEQUATE),4,UNSUITABLE_TERRAIN_FOR_FORCED_LANDING,contributing,collided with trees then the ground during descent,0,,
20001207X03505_1,1,FUEL MANAGEMENT (INADEQUATE),5,GROUND_IMPACT,outcome,collided with trees then the ground,0,,
20001207X03505_1,1,FUEL MANAGEMENT (INADEQUATE),6,INJURY_OR_FATALITY,outcome,three occupants seriously injured,0,,
20010627X01261_1,0,AIRCRAFT CONTROL (NOT MAINTAINED),0,PILOT_INCAPACITATION_OR_IMPAIRMENT,contributing,pilot was taking Paroxetine for depression and failed to disclose its use on his medical application,0,,
20010627X01261_1,0,AIRCRAFT CONTROL (NOT MAINTAINED),1,DECISION_INAPPROPRIATE,primary,"pilot elected to fly from the rear seat, reducing visibility of critical flight instruments",0,,
20010627X01261_1,0,AIRCRAFT CONTROL (NOT MAINTAINED),2,PERCEPTION_FAILURE,contributing,"pilot seated in rear seat had reduced visibility of critical flight instruments, including airspeed indicator",0,,
20010627X01261_1,0,AIRCRAFT CONTROL (NOT MAINTAINED),3,CONTROL_INPUT_IMPROPER,primary,initiated a left turn with increasing bank angle while likely unaware of airspeed,1,,
20010627X01261_1,0,AIRCRAFT CONTROL (NOT MAINTAINED),4,STALL,primary,airplane entered an inadvertent stall/spin with wings near vertical and nose below horizon,1,,
20010627X01261_1,0,AIRCRAFT CONTROL (NOT MAINTAINED),5,LOSS_OF_CONTROL_INFLIGHT,primary,airplane descended nose-down and rotating about its longitudinal axis,1,,
20010627X01261_1,0,AIRCRAFT CONTROL (NOT MAINTAINED),6,GROUND_IMPACT,outcome,"airplane struck the ground near Fulton, Kentucky",0,,
20010627X01261_1,0,AIRCRAFT CONTROL (NOT MAINTAINED),7,INJURY_OR_FATALITY,outcome,pilot and passenger were fatally injured,0,,
20001211X13122_1,0,AIRSPEED (INADEQUATE),0,AIRCRAFT_WEIGHT_OR_BALANCE_OUT_OF_LIMITS,contributing,loaded to within approximately 50 pounds of gross weight,0,,
20001211X13122_1,0,AIRSPEED (INADEQUATE),1,CONTROL_INPUT_IMPROPER,primary,"climbing at 65 to 70 mph, well below the normal climb airspeed of 87 mph",1,,
20001211X13122_1,0,AIRSPEED (INADEQUATE),2,TURBULENCE_ENCOUNTER,contributing,encountered a 'little air bump' at 175 feet AGL,0,,
20001211X13122_1,0,AIRSPEED (INADEQUATE),3,STALL,primary,"airplane began to lose airspeed, decelerating to approximately 55 to 60 mph",1,,
20001211X13122_1,0,AIRSPEED (INADEQUATE),4,LOSS_OF_CONTROL_INFLIGHT,primary,descended into the trees shortly after pitch down action,0,,
20001211X13122_1,0,AIRSPEED (INADEQUATE),5,GROUND_IMPACT,outcome,collision with trees and terrain,0,,
20001211X13122_1,0,AIRSPEED (INADEQUATE),6,INJURY_OR_FATALITY,outcome,pilot and three passengers reported minor injuries,0,,
20001211X10177_1,0,"FUEL SYSTEM,LINE FITTING (FAILURE)",0,DESIGN_DEFECT_LATENT,primary,carburetor flexible inlet line failed at the sleeve fitting; unable to determine if due to improper manufacture or installation,1,,
20001211X10177_1,0,"FUEL SYSTEM,LINE FITTING (FAILURE)",1,FUEL_SYSTEM_ANOMALY,contributing,fuel jet effect/blowtorch effect due to fuel line failure and wobble pump pressure,0,,
20001211X10177_1,0,"FUEL SYSTEM,LINE FITTING (FAILURE)",2,ENGINE_FAILURE,primary,complete power loss about 100 feet above ground,0,,
20001211X10177_1,0,"FUEL SYSTEM,LINE FITTING (FAILURE)",3,INFLIGHT_FIRE_OR_SMOKE,contributing,pilot felt airplane was on fire; engine teardown supported supposition of fire,0,,
20001211X10177_1,0,"FUEL SYSTEM,LINE FITTING (FAILURE)",4,CONTROL_INPUT_IMPROPER,contributing,intentionally stalled the airplane at about 30 feet to bleed off airspeed/altitude,0,,
20001211X10177_1,0,"FUEL SYSTEM,LINE FITTING (FAILURE)",5,UNSUITABLE_TERRAIN_FOR_FORCED_LANDING,contributing,"no runway overrun, terrain dropped sharply into a creek and trees",0,,
20001211X10177_1,0,"FUEL SYSTEM,LINE FITTING (FAILURE)",6,GROUND_IMPACT,outcome,"impacted left wing, nose down, came to rest upside down",0,,
20001211X10177_1,0,"FUEL SYSTEM,LINE FITTING (FAILURE)",7,INJURY_OR_FATALITY,outcome,pilot received minor injuries,0,,
20001211X10177_1,1,"FUEL SYSTEM,LINE FITTING (LEAK)",0,DESIGN_DEFECT_LATENT,primary,carburetor flexible inlet line failed at the sleeve fitting; unable to determine if due to improper manufacture or installation,1,,
20001211X10177_1,1,"FUEL SYSTEM,LINE FITTING (LEAK)",1,FUEL_SYSTEM_ANOMALY,contributing,fuel jet effect/blowtorch effect due to fuel line failure and wobble pump pressure,0,,
20001211X10177_1,1,"FUEL SYSTEM,LINE FITTING (LEAK)",2,ENGINE_FAILURE,primary,complete power loss about 100 feet above ground,0,,
20001211X10177_1,1,"FUEL SYSTEM,LINE FITTING (LEAK)",3,INFLIGHT_FIRE_OR_SMOKE,contributing,pilot felt airplane was on fire; engine teardown supported supposition of fire,0,,
20001211X10177_1,1,"FUEL SYSTEM,LINE FITTING (LEAK)",4,CONTROL_INPUT_IMPROPER,contributing,intentionally stalled the airplane at about 30 feet to bleed off airspeed/altitude,0,,
20001211X10177_1,1,"FUEL SYSTEM,LINE FITTING (LEAK)",5,UNSUITABLE_TERRAIN_FOR_FORCED_LANDING,contributing,"no runway overrun, terrain dropped sharply into a creek and trees",0,,
20001211X10177_1,1,"FUEL SYSTEM,LINE FITTING (LEAK)",6,GROUND_IMPACT,outcome,"impacted left wing, nose down, came to rest upside down",0,,
20001211X10177_1,1,"FUEL SYSTEM,LINE FITTING (LEAK)",7,INJURY_OR_FATALITY,outcome,pilot received minor injuries,0,,
