src,edge_type,dst,count
COND:mechanical,CAUSES,EVT:ENGINE_FAILURE,560
COND:mechanical,CONTRIBUTES_TO,EVT:ENGINE_FAILURE,12
COND:mechanical,UNDER_CONDITION,EVT:ENGINE_FAILURE,16
COND:mechanical,INDUCED_CONDITION,EVT:ENGINE_FAILURE,1
COND:mechanical,CAUSES,EVT:ICING_ENCOUNTER,2
COND:mechanical,UNDER_CONDITION,EVT:ICING_ENCOUNTER,1
COND:mechanical,CONTRIBUTES_TO,EVT:ICING_ENCOUNTER,1
COND:mechanical,ENABLES,EVT:ICING_ENCOUNTER,1
COND:mechanical,MASKED_BY_CONDITION,EVT:PERCEPTION_FAILURE,10
COND:mechanical,CONTRIBUTES_TO,EVT:PERCEPTION_FAILURE,5
COND:mechanical,INHIBITS,EVT:PERCEPTION_FAILURE,4
COND:mechanical,TRIGGERS,EVT:PERCEPTION_FAILURE,5
COND:mechanical,UNDER_CONDITION,EVT:PERCEPTION_FAILURE,5
COND:mechanical,CAUSES,EVT:PERCEPTION_FAILURE,37
COND:mechanical,ENABLES,EVT:PERCEPTION_FAILURE,4
COND:mechanical,CAUSES,EVT:CONTROL_INPUT_IMPROPER,34
COND:mechanical,UNDER_CONDITION,EVT:CONTROL_INPUT_IMPROPER,11
COND:mechanical,CONTRIBUTES_TO,EVT:CONTROL_INPUT_IMPROPER,19
COND:mechanical,ENABLES,EVT:CONTROL_INPUT_IMPROPER,13
COND:mechanical,TRIGGERS,EVT:CONTROL_INPUT_IMPROPER,5
COND:mechanical,INHIBITS,EVT:CONTROL_INPUT_IMPROPER,8
COND:mechanical,RESPONDS_TO,EVT:CONTROL_INPUT_IMPROPER,2
COND:mechanical,CAUSES,EVT:LANDING_GEAR_ANOMALY,66
COND:mechanical,ENABLES,EVT:LANDING_GEAR_ANOMALY,4
COND:mechanical,UNDER_CONDITION,EVT:LANDING_GEAR_ANOMALY,3
COND:mechanical,TRIGGERS,EVT:LANDING_GEAR_ANOMALY,1
COND:mechanical,CONTRIBUTES_TO,EVT:LANDING_GEAR_ANOMALY,3
COND:mechanical,INHIBITS,EVT:LANDING_GEAR_ANOMALY,2
COND:mechanical,CAUSES,EVT:GROUND_IMPACT,36
COND:mechanical,CONTRIBUTES_TO,EVT:GROUND_IMPACT,14
COND:mechanical,ENABLES,EVT:GROUND_IMPACT,3
COND:mechanical,INHIBITS,EVT:GROUND_IMPACT,1
COND:mechanical,CAUSES,EVT:DECISION_INAPPROPRIATE,35
COND:mechanical,UNDER_CONDITION,EVT:DECISION_INAPPROPRIATE,11
COND:mechanical,CONTRIBUTES_TO,EVT:DECISION_INAPPROPRIATE,5
COND:mechanical,TRIGGERS,EVT:DECISION_INAPPROPRIATE,7
COND:mechanical,ENABLES,EVT:DECISION_INAPPROPRIATE,4
COND:mechanical,MASKED_BY_CONDITION,EVT:DECISION_INAPPROPRIATE,1
COND:mechanical,RESPONDS_TO,EVT:DECISION_INAPPROPRIATE,2
COND:mechanical,CAUSES,COND:information,3
COND:mechanical,CAUSES,COND:mechanical,137
COND:mechanical,CONTRIBUTES_TO,COND:mechanical,6
COND:mechanical,ENABLES,COND:mechanical,8
COND:mechanical,MASKED_BY_CONDITION,COND:mechanical,1
COND:mechanical,INHIBITS,COND:mechanical,1
COND:mechanical,CAUSES,EVT:FUEL_SYSTEM_ANOMALY,71
COND:mechanical,UNDER_CONDITION,EVT:FUEL_SYSTEM_ANOMALY,14
COND:mechanical,INDUCED_CONDITION,EVT:FUEL_SYSTEM_ANOMALY,1
COND:mechanical,CONTRIBUTES_TO,EVT:FUEL_SYSTEM_ANOMALY,2
COND:mechanical,ENABLES,EVT:PROCEDURE_NOT_FOLLOWED,19
COND:mechanical,CONTRIBUTES_TO,EVT:PROCEDURE_NOT_FOLLOWED,5
COND:mechanical,CAUSES,EVT:PROCEDURE_NOT_FOLLOWED,19
COND:mechanical,INHIBITS,EVT:PROCEDURE_NOT_FOLLOWED,11
COND:mechanical,TRIGGERS,EVT:PROCEDURE_NOT_FOLLOWED,8
COND:mechanical,RESPONDS_TO,EVT:PROCEDURE_NOT_FOLLOWED,7
COND:mechanical,MASKED_BY_CONDITION,EVT:PROCEDURE_NOT_FOLLOWED,3
COND:mechanical,UNDER_CONDITION,EVT:PROCEDURE_NOT_FOLLOWED,6
COND:mechanical,INDUCED_CONDITION,EVT:PROCEDURE_NOT_FOLLOWED,1
COND:mechanical,CAUSES,EVT:LOSS_OF_CONTROL_GROUND,32
COND:mechanical,UNDER_CONDITION,EVT:LOSS_OF_CONTROL_GROUND,1
COND:mechanical,CONTRIBUTES_TO,EVT:LOSS_OF_CONTROL_GROUND,10
COND:mechanical,ENABLES,EVT:LOSS_OF_CONTROL_GROUND,3
COND:mechanical,INHIBITS,EVT:LOSS_OF_CONTROL_GROUND,2
COND:mechanical,INHIBITS,COND:perceptual,1
COND:mechanical,CAUSES,COND:perceptual,2
COND:mechanical,CAUSES,EVT:CONTROL_SURFACE_ANOMALY,59
COND:mechanical,UNDER_CONDITION,EVT:CONTROL_SURFACE_ANOMALY,6
COND:mechanical,INDUCED_CONDITION,EVT:CONTROL_SURFACE_ANOMALY,1
COND:mechanical,ENABLES,EVT:CONTROL_SURFACE_ANOMALY,2
COND:mechanical,CAUSES,EVT:AIRFRAME_STRUCTURAL_FAILURE,25
COND:mechanical,CONTRIBUTES_TO,EVT:AIRFRAME_STRUCTURAL_FAILURE,3
COND:mechanical,ENABLES,EVT:AIRFRAME_STRUCTURAL_FAILURE,2
COND:mechanical,UNDER_CONDITION,EVT:AIRFRAME_STRUCTURAL_FAILURE,1
COND:mechanical,UNDER_CONDITION,ENT:component,7
COND:mechanical,CAUSES,COND:fuel,1
COND:mechanical,CAUSES,EVT:INSTRUMENT_OR_AVIONICS_FAILURE,22
COND:mechanical,UNDER_CONDITION,EVT:INSTRUMENT_OR_AVIONICS_FAILURE,1
COND:mechanical,CAUSES,EVT:RUNWAY_EXCURSION_OR_OVERRUN,36
COND:mechanical,CONTRIBUTES_TO,EVT:RUNWAY_EXCURSION_OR_OVERRUN,9
COND:mechanical,ENABLES,EVT:RUNWAY_EXCURSION_OR_OVERRUN,4
COND:mechanical,UNDER_CONDITION,EVT:RUNWAY_EXCURSION_OR_OVERRUN,1
COND:mechanical,CAUSES,EVT:LOSS_OF_CONTROL_INFLIGHT,51
COND:mechanical,CONTRIBUTES_TO,EVT:LOSS_OF_CONTROL_INFLIGHT,9
COND:mechanical,UNDER_CONDITION,EVT:LOSS_OF_CONTROL_INFLIGHT,3
COND:mechanical,CAUSES,COND:aerodynamic,12
COND:mechanical,INDUCED_CONDITION,COND:aerodynamic,1
COND:mechanical,CONTRIBUTES_TO,COND:aerodynamic,1
COND:mechanical,CAUSES,EVT:ELECTRICAL_SYSTEM_FAILURE,3
COND:mechanical,CAUSES,EVT:ALTITUDE_DEVIATION_UNCONTROLLED,10
COND:mechanical,CONTRIBUTES_TO,EVT:ALTITUDE_DEVIATION_UNCONTROLLED,1
COND:mechanical,CAUSES,EVT:STRUCTURAL_OVERLOAD,5
COND:mechanical,CONTRIBUTES_TO,EVT:STRUCTURAL_OVERLOAD,1
COND:mechanical,CAUSES,EVT:STALL,14
COND:mechanical,CONTRIBUTES_TO,EVT:STALL,8
COND:mechanical,INHIBITS,EVT:STALL,1
COND:mechanical,ENABLES,EVT:STALL,1
COND:mechanical,ENABLES,EVT:GROUND_PERSONNEL_ERROR,1
COND:mechanical,CAUSES,EVT:GROUND_PERSONNEL_ERROR,1
COND:mechanical,CAUSES,EVT:BRAKE_ANOMALY,3
COND:mechanical,UNDER_CONDITION,EVT:BRAKE_ANOMALY,1
COND:mechanical,CAUSES,EVT:BRAKE_SYSTEM_FAILURE,1
COND:mechanical,CAUSES,EVT:HYDRAULIC_SYSTEM_FAILURE,5
COND:mechanical,CAUSES,COND:cognitive,1
COND:mechanical,CAUSES,EVT:MAINTENANCE_INADEQUATE,1
COND:mechanical,CAUSES,EVT:INFLIGHT_FIRE_OR_SMOKE,19
COND:mechanical,ENABLES,EVT:INFLIGHT_FIRE_OR_SMOKE,2
COND:mechanical,UNDER_CONDITION,EVT:INFLIGHT_FIRE_OR_SMOKE,1
COND:mechanical,CAUSES,EVT:TERRAIN_OR_OBSTACLE_PROXIMITY,4
COND:mechanical,CONTRIBUTES_TO,EVT:TERRAIN_OR_OBSTACLE_PROXIMITY,2
COND:mechanical,CAUSES,COND:organizational,2
COND:mechanical,CAUSES,COND:state,1
COND:mechanical,CAUSES,COND:resource,7
COND:mechanical,CONTRIBUTES_TO,COND:resource,1
COND:mechanical,UNDER_CONDITION,EVT:RUNWAY_CONDITION_HAZARD,2
COND:mechanical,CAUSES,EVT:BRAKING_SYSTEM_FAILURE,1
COND:mechanical,CAUSES,COND:environmental,5
COND:mechanical,CONTRIBUTES_TO,COND:environmental,1
COND:mechanical,INDUCED_CONDITION,COND:environmental,1
COND:mechanical,MASKED_BY_CONDITION,COND:environmental,1
COND:mechanical,CAUSES,COND:procedural,1
COND:mechanical,ENABLES,COND:procedural,1
COND:mechanical,CAUSES,EVT:EXTERNAL_LOAD_SHIFT,1
COND:mechanical,CAUSES,COND:instrument,2
COND:mechanical,MASKED_BY_CONDITION,COND:instrument,1
COND:mechanical,INHIBITS,COND:human_factors,1
COND:mechanical,CAUSES,COND:human_factors,1
COND:mechanical,UNDER_CONDITION,EVT:BRAKE_FAILURE,2
COND:mechanical,CAUSES,EVT:BRAKE_FAILURE,3
COND:mechanical,ENABLES,EVT:PROCEDURE_FOLLOWED,1
COND:mechanical,CAUSES,COND:weight_and_balance,1
COND:mechanical,CONTRIBUTES_TO,COND:physiological,1
COND:mechanical,UNDER_CONDITION,EVT:BRAKING_INEFFECTIVE,1
COND:mechanical,CONTRIBUTES_TO,EVT:BRAKING_INEFFECTIVE,1
COND:mechanical,CAUSES,EVT:AUTOMATION_ANOMALY,2
COND:mechanical,UNDER_CONDITION,EVT:AUTOMATION_ANOMALY,1
COND:mechanical,CAUSES,EVT:NOSE_GEAR_ANOMALY,1
COND:mechanical,CAUSES,EVT:DESCENT_UNCONTROLLED,1
COND:mechanical,TRIGGERS,EVT:ATC_OR_DISPATCH_INADEQUATE,1
COND:mechanical,CAUSES,EVT:GROUND_EXCURSION_OR_OVERRUN,1
COND:mechanical,CAUSES,COND:operational,3
COND:mechanical,CONTRIBUTES_TO,COND:operational,1
COND:mechanical,CAUSES,COND:weather,1
COND:mechanical,CONTRIBUTES_TO,EVT:GROUND_LOOP,1
COND:mechanical,UNDER_CONDITION,ENT:aircraft,1
COND:mechanical,CAUSES,COND:knowledge,1
COND:mechanical,CAUSES,EVT:EMERGENCY_LANDING,4
COND:mechanical,CAUSES,EVT:STARTER_ANOMALY,1
COND:mechanical,UNDER_CONDITION,EVT:FLIGHT,1
COND:mechanical,CAUSES,EVT:MAINTENANCE_ACTION,1
COND:mechanical,CAUSES,EVT:GROUND_LOSS_OF_CONTROL,1
COND:mechanical,INHIBITS,COND:regulatory,1
COND:mechanical,CAUSES,COND:system,1
EVT:ENGINE_FAILURE,CAUSES,EVT:GROUND_IMPACT,209
EVT:ENGINE_FAILURE,CONTRIBUTES_TO,EVT:GROUND_IMPACT,12
EVT:ENGINE_FAILURE,INHIBITS,EVT:GROUND_IMPACT,1
EVT:ENGINE_FAILURE,TRIGGERS,EVT:PROCEDURE_NOT_FOLLOWED,40
EVT:ENGINE_FAILURE,RESPONDS_TO,EVT:PROCEDURE_NOT_FOLLOWED,170
EVT:ENGINE_FAILURE,CAUSES,EVT:PROCEDURE_NOT_FOLLOWED,7
EVT:ENGINE_FAILURE,CONTRIBUTES_TO,EVT:PROCEDURE_NOT_FOLLOWED,1
EVT:ENGINE_FAILURE,CAUSES,EVT:EMERGENCY_LANDING,88
EVT:ENGINE_FAILURE,TRIGGERS,EVT:EMERGENCY_LANDING,16
EVT:ENGINE_FAILURE,RESPONDS_TO,EVT:EMERGENCY_LANDING,20
EVT:ENGINE_FAILURE,RESPONDS_TO,EVT:CONTROL_INPUT_IMPROPER,49
EVT:ENGINE_FAILURE,CAUSES,EVT:CONTROL_INPUT_IMPROPER,3
EVT:ENGINE_FAILURE,TRIGGERS,EVT:CONTROL_INPUT_IMPROPER,27
EVT:ENGINE_FAILURE,CONTRIBUTES_TO,EVT:CONTROL_INPUT_IMPROPER,4
EVT:ENGINE_FAILURE,CONCURRENT,EVT:CONTROL_INPUT_IMPROPER,1
EVT:ENGINE_FAILURE,PRECEDES,EVT:CONTROL_INPUT_IMPROPER,1
EVT:ENGINE_FAILURE,INHIBITS,EVT:CONTROL_INPUT_IMPROPER,1
EVT:ENGINE_FAILURE,UNDER_CONDITION,COND:mechanical,67
EVT:ENGINE_FAILURE,CAUSES,COND:mechanical,8
EVT:ENGINE_FAILURE,INDUCED_CONDITION,COND:mechanical,49
EVT:ENGINE_FAILURE,MASKED_BY_CONDITION,COND:mechanical,1
EVT:ENGINE_FAILURE,PRECEDES,COND:mechanical,1
EVT:ENGINE_FAILURE,TRIGGERS,EVT:DECISION_INAPPROPRIATE,71
EVT:ENGINE_FAILURE,CAUSES,EVT:DECISION_INAPPROPRIATE,22
EVT:ENGINE_FAILURE,RESPONDS_TO,EVT:DECISION_INAPPROPRIATE,96
EVT:ENGINE_FAILURE,CONTRIBUTES_TO,EVT:DECISION_INAPPROPRIATE,1
EVT:ENGINE_FAILURE,INHIBITS,EVT:DECISION_INAPPROPRIATE,1
EVT:ENGINE_FAILURE,UNDER_CONDITION,COND:weather,16
EVT:ENGINE_FAILURE,CONCURRENT,EVT:ENGINE_FAILURE,8
EVT:ENGINE_FAILURE,CAUSES,EVT:ENGINE_FAILURE,31
EVT:ENGINE_FAILURE,RESPONDS_TO,EVT:ENGINE_FAILURE,1
EVT:ENGINE_FAILURE,PRECEDES,EVT:ENGINE_FAILURE,2
EVT:ENGINE_FAILURE,TRIGGERS,EVT:ENGINE_FAILURE,1
EVT:ENGINE_FAILURE,CONTRIBUTES_TO,EVT:ENGINE_FAILURE,1
EVT:ENGINE_FAILURE,CAUSES,COND:aerodynamic,5
EVT:ENGINE_FAILURE,INDUCED_CONDITION,COND:aerodynamic,6
EVT:ENGINE_FAILURE,CONTRIBUTES_TO,COND:aerodynamic,2
EVT:ENGINE_FAILURE,CAUSES,EVT:RUNWAY_EXCURSION_OR_OVERRUN,14
EVT:ENGINE_FAILURE,CONTRIBUTES_TO,EVT:RUNWAY_EXCURSION_OR_OVERRUN,3
EVT:ENGINE_FAILURE,UNDER_CONDITION,COND:fuel,2
EVT:ENGINE_FAILURE,TRIGGERS,EVT:LOSS_OF_CONTROL_GROUND,1
EVT:ENGINE_FAILURE,CAUSES,EVT:LOSS_OF_CONTROL_GROUND,7
EVT:ENGINE_FAILURE,CONTRIBUTES_TO,EVT:LOSS_OF_CONTROL_GROUND,2
EVT:ENGINE_FAILURE,CAUSES,EVT:INFLIGHT_FIRE_OR_SMOKE,1
EVT:ENGINE_FAILURE,CAUSES,EVT:LOSS_OF_CONTROL_INFLIGHT,54
EVT:ENGINE_FAILURE,CONTRIBUTES_TO,EVT:LOSS_OF_CONTROL_INFLIGHT,1
EVT:ENGINE_FAILURE,TRIGGERS,EVT:LOSS_OF_CONTROL_INFLIGHT,1
EVT:ENGINE_FAILURE,CAUSES,EVT:WATER_IMPACT,17
EVT:ENGINE_FAILURE,CONTRIBUTES_TO,EVT:WATER_IMPACT,1
EVT:ENGINE_FAILURE,CAUSES,EVT:TERRAIN_OR_OBSTACLE_PROXIMITY,8
EVT:ENGINE_FAILURE,CONTRIBUTES_TO,EVT:TERRAIN_OR_OBSTACLE_PROXIMITY,1
EVT:ENGINE_FAILURE,CONTRIBUTES_TO,EVT:STALL,6
EVT:ENGINE_FAILURE,CAUSES,EVT:STALL,21
EVT:ENGINE_FAILURE,TRIGGERS,EVT:STALL,1
EVT:ENGINE_FAILURE,CAUSES,COND:environmental,3
EVT:ENGINE_FAILURE,UNDER_CONDITION,COND:environmental,23
EVT:ENGINE_FAILURE,INDUCED_CONDITION,COND:environmental,2
EVT:ENGINE_FAILURE,ENABLES,COND:environmental,2
EVT:ENGINE_FAILURE,CAUSES,EVT:ALTITUDE_DEVIATION_UNCONTROLLED,13
EVT:ENGINE_FAILURE,CONTRIBUTES_TO,EVT:ALTITUDE_DEVIATION_UNCONTROLLED,1
EVT:ENGINE_FAILURE,TRIGGERS,EVT:PERCEPTION_FAILURE,7
EVT:ENGINE_FAILURE,RESPONDS_TO,EVT:PERCEPTION_FAILURE,2
EVT:ENGINE_FAILURE,CAUSES,EVT:PERCEPTION_FAILURE,3
EVT:ENGINE_FAILURE,TRIGGERS,EVT:CREW_COORDINATION_FAILURE,1
EVT:ENGINE_FAILURE,RESPONDS_TO,EVT:CREW_COORDINATION_FAILURE,1
EVT:ENGINE_FAILURE,UNDER_CONDITION,COND:operational,2
EVT:ENGINE_FAILURE,INDUCED_CONDITION,COND:operational,1
EVT:ENGINE_FAILURE,CONTRIBUTES_TO,EVT:LANDING_GEAR_ANOMALY,1
EVT:ENGINE_FAILURE,INDUCED_CONDITION,COND:human,1
EVT:ENGINE_FAILURE,CAUSES,COND:human,1
EVT:ENGINE_FAILURE,CAUSES,EVT:PILOT_INCAPACITATION_OR_IMPAIRMENT,1
EVT:ENGINE_FAILURE,TRIGGERS,EVT:PILOT_INCAPACITATION_OR_IMPAIRMENT,1
EVT:ENGINE_FAILURE,INDUCED_CONDITION,COND:cognitive,1
EVT:ENGINE_FAILURE,CAUSES,EVT:INSTRUMENT_OR_AVIONICS_FAILURE,2
EVT:ENGINE_FAILURE,UNDER_CONDITION,COND:organizational,1
EVT:ENGINE_FAILURE,UNDER_CONDITION,COND:resource,1
EVT:ENGINE_FAILURE,CAUSES,EVT:AIRFRAME_STRUCTURAL_FAILURE,1
EVT:GROUND_IMPACT,CAUSES,EVT:GROUND_IMPACT,275
EVT:GROUND_IMPACT,CONCURRENT,EVT:GROUND_IMPACT,47
EVT:GROUND_IMPACT,TRIGGERS,EVT:GROUND_IMPACT,1
EVT:GROUND_IMPACT,PRECEDES,EVT:GROUND_IMPACT,5
EVT:GROUND_IMPACT,CONTRIBUTES_TO,EVT:GROUND_IMPACT,3
EVT:GROUND_IMPACT,CO_OCCURS,EVT:GROUND_IMPACT,1
EVT:GROUND_IMPACT,CAUSES,EVT:RUNWAY_EXCURSION_OR_OVERRUN,57
EVT:GROUND_IMPACT,CONCURRENT,EVT:RUNWAY_EXCURSION_OR_OVERRUN,1
EVT:GROUND_IMPACT,CONTRIBUTES_TO,EVT:RUNWAY_EXCURSION_OR_OVERRUN,1
EVT:GROUND_IMPACT,TRIGGERS,EVT:RUNWAY_EXCURSION_OR_OVERRUN,2
EVT:GROUND_IMPACT,TRIGGERS,EVT:CONTROL_INPUT_IMPROPER,28
EVT:GROUND_IMPACT,PRECEDES,EVT:CONTROL_INPUT_IMPROPER,3
EVT:GROUND_IMPACT,RESPONDS_TO,EVT:CONTROL_INPUT_IMPROPER,15
EVT:GROUND_IMPACT,CAUSES,EVT:CONTROL_INPUT_IMPROPER,5
EVT:GROUND_IMPACT,CONCURRENT,EVT:CONTROL_INPUT_IMPROPER,1
EVT:GROUND_IMPACT,AFFECTS,ENT:aircraft,11
EVT:GROUND_IMPACT,CAUSES,ENT:aircraft,14
EVT:GROUND_IMPACT,UNDER_CONDITION,ENT:aircraft,3
EVT:GROUND_IMPACT,CAUSES,COND:structural_damage,1
EVT:GROUND_IMPACT,CAUSES,COND:environmental,2
EVT:GROUND_IMPACT,UNDER_CONDITION,COND:environmental,89
EVT:GROUND_IMPACT,UNDER_CONDITION,COND:infrastructure,3
EVT:GROUND_IMPACT,ENABLES,COND:infrastructure,1
EVT:GROUND_IMPACT,CAUSES,EVT:INJURY_OR_FATALITY,790
EVT:GROUND_IMPACT,TRIGGERS,EVT:DECISION_INAPPROPRIATE,11
EVT:GROUND_IMPACT,RESPONDS_TO,EVT:DECISION_INAPPROPRIATE,2
EVT:GROUND_IMPACT,CAUSES,EVT:DECISION_INAPPROPRIATE,1
EVT:GROUND_IMPACT,PRECEDES,EVT:DECISION_INAPPROPRIATE,1
EVT:GROUND_IMPACT,CONCURRENT,EVT:SUCCESSFUL_RECOVERY,4
EVT:GROUND_IMPACT,RESPONDS_TO,EVT:SUCCESSFUL_RECOVERY,5
EVT:GROUND_IMPACT,TRIGGERS,EVT:SUCCESSFUL_RECOVERY,7
EVT:GROUND_IMPACT,PRECEDES,EVT:SUCCESSFUL_RECOVERY,1
EVT:GROUND_IMPACT,UNDER_CONDITION,COND:weather,8
EVT:GROUND_IMPACT,INDUCED_CONDITION,COND:weather,1
EVT:GROUND_IMPACT,CAUSES,EVT:STRUCTURAL_OVERLOAD,127
EVT:GROUND_IMPACT,TRIGGERS,EVT:STRUCTURAL_OVERLOAD,1
EVT:GROUND_IMPACT,CAUSES,EVT:LANDING_GEAR_ANOMALY,85
EVT:GROUND_IMPACT,TRIGGERS,EVT:LANDING_GEAR_ANOMALY,3
EVT:GROUND_IMPACT,CONTRIBUTES_TO,EVT:LANDING_GEAR_ANOMALY,1
EVT:GROUND_IMPACT,PRECEDES,EVT:LANDING_GEAR_ANOMALY,1
EVT:GROUND_IMPACT,CAUSES,EVT:LOSS_OF_CONTROL_GROUND,45
EVT:GROUND_IMPACT,TRIGGERS,EVT:LOSS_OF_CONTROL_GROUND,3
EVT:GROUND_IMPACT,CAUSES,EVT:ENGINE_FAILURE,9
EVT:GROUND_IMPACT,TRIGGERS,EVT:ENGINE_FAILURE,1
EVT:GROUND_IMPACT,CAUSES,EVT:AIRFRAME_STRUCTURAL_FAILURE,114
EVT:GROUND_IMPACT,CONTRIBUTES_TO,EVT:AIRFRAME_STRUCTURAL_FAILURE,1
EVT:GROUND_IMPACT,TRIGGERS,EVT:AIRFRAME_STRUCTURAL_FAILURE,1
EVT:GROUND_IMPACT,CAUSES,COND:mechanical,10
EVT:GROUND_IMPACT,INDUCED_CONDITION,COND:mechanical,9
EVT:GROUND_IMPACT,UNDER_CONDITION,COND:mechanical,2
EVT:GROUND_IMPACT,CAUSES,EVT:INFLIGHT_BREAKUP,21
EVT:GROUND_IMPACT,CAUSES,EVT:INFLIGHT_FIRE_OR_SMOKE,116
EVT:GROUND_IMPACT,TRIGGERS,EVT:INFLIGHT_FIRE_OR_SMOKE,2
EVT:GROUND_IMPACT,CONCURRENT,EVT:INFLIGHT_FIRE_OR_SMOKE,1
EVT:GROUND_IMPACT,INDUCED_CONDITION,COND:human_factor,1
EVT:GROUND_IMPACT,TRIGGERS,EVT:PROCEDURE_NOT_FOLLOWED,10
EVT:GROUND_IMPACT,PRECEDES,EVT:PROCEDURE_NOT_FOLLOWED,1
EVT:GROUND_IMPACT,RESPONDS_TO,EVT:PROCEDURE_NOT_FOLLOWED,5
EVT:GROUND_IMPACT,CAUSES,EVT:PROCEDURE_NOT_FOLLOWED,1
EVT:GROUND_IMPACT,CAUSES,EVT:ALTITUDE_DEVIATION_UNCONTROLLED,2
EVT:GROUND_IMPACT,UNDER_CONDITION,COND:physical,2
EVT:GROUND_IMPACT,UNDER_CONDITION,COND:terrain,32
EVT:GROUND_IMPACT,CAUSES,EVT:WATER_IMPACT,12
EVT:GROUND_IMPACT,CAUSES,EVT:LOSS_OF_CONTROL_INFLIGHT,5
EVT:GROUND_IMPACT,UNDER_CONDITION,COND:surface,5
EVT:GROUND_IMPACT,CAUSES,ENT:location,2
EVT:GROUND_IMPACT,UNDER_CONDITION,ENT:location,2
EVT:GROUND_IMPACT,TRIGGERS,EVT:EMERGENCY_LANDING,3
EVT:GROUND_IMPACT,CAUSES,EVT:EMERGENCY_LANDING,1
EVT:GROUND_IMPACT,CAUSES,EVT:CONTROL_SURFACE_ANOMALY,2
EVT:GROUND_IMPACT,CAUSES,ENT:infrastructure,1
EVT:GROUND_IMPACT,INDUCED_CONDITION,COND:aerodynamic,4
EVT:GROUND_IMPACT,TRIGGERS,EVT:AUTOMATION_ANOMALY,1
EVT:GROUND_IMPACT,CAUSES,ENT:person,1
EVT:GROUND_IMPACT,AFFECTED_BY,ENT:component,1
EVT:GROUND_IMPACT,CAUSES,EVT:PILOT_INCAPACITATION_OR_IMPAIRMENT,2
EVT:GROUND_IMPACT,CONTRIBUTES_TO,EVT:STALL,1
EVT:GROUND_IMPACT,TRIGGERS,EVT:STALL,1
EVT:GROUND_IMPACT,TRIGGERS,EVT:WIND_SHEAR_OR_GUST,1
EVT:GROUND_IMPACT,PRECEDES,EVT:WIND_SHEAR_OR_GUST,1
EVT:GROUND_IMPACT,CONCURRENT,EVT:TERRAIN_OR_OBSTACLE_PROXIMITY,2
EVT:GROUND_IMPACT,CAUSES,EVT:TERRAIN_OR_OBSTACLE_PROXIMITY,3
EVT:GROUND_IMPACT,AFFECTS,ENT:equipment,1
EVT:GROUND_IMPACT,CONCURRENT,COND:organizational,1
EVT:GROUND_IMPACT,CAUSES,COND:structural,1
EVT:GROUND_IMPACT,UNDER_CONDITION,COND:location,1
EVT:GROUND_IMPACT,PRECEDES,EVT:ATC_OR_DISPATCH_INADEQUATE,1
EVT:GROUND_IMPACT,TRIGGERS,EVT:MAINTENANCE_INADEQUATE,1
EVT:GROUND_IMPACT,CAUSES,ENT:object,1
EVT:GROUND_IMPACT,CAUSES,EVT:FUEL_SYSTEM_ANOMALY,1
COND:information,CAUSES,EVT:DECISION_INAPPROPRIATE,10
COND:information,CONTRIBUTES_TO,EVT:DECISION_INAPPROPRIATE,1
COND:information,ENABLES,EVT:DECISION_INAPPROPRIATE,1
COND:information,UNDER_CONDITION,EVT:PERCEPTION_FAILURE,2
COND:information,CAUSES,EVT:PERCEPTION_FAILURE,4
COND:information,MASKED_BY_CONDITION,EVT:PERCEPTION_FAILURE,3
COND:information,CONTRIBUTES_TO,EVT:PERCEPTION_FAILURE,2
COND:information,CAUSES,COND:cognitive,1
COND:information,CAUSES,EVT:GROUND_IMPACT,1
COND:information,MASKED_BY_CONDITION,COND:weather,1
COND:information,CAUSES,COND:weather,1
COND:information,MASKED_BY_CONDITION,ENT:person,1
COND:information,CAUSES,EVT:PROCEDURE_NOT_FOLLOWED,2
COND:information,CONTRIBUTES_TO,EVT:PROCEDURE_NOT_FOLLOWED,1
COND:information,CONTRIBUTES_TO,EVT:ICING_ENCOUNTER,1
COND:information,CONTRIBUTES_TO,EVT:LOW_VISIBILITY_OR_IMC,1
EVT:DECISION_INAPPROPRIATE,UNDER_CONDITION,COND:weather,77
EVT:DECISION_INAPPROPRIATE,INDUCED_CONDITION,COND:weather,4
EVT:DECISION_INAPPROPRIATE,CAUSES,COND:weather,1
EVT:DECISION_INAPPROPRIATE,CONTRIBUTES_TO,COND:weather,1
EVT:DECISION_INAPPROPRIATE,RESPONDS_TO,COND:weather,4
EVT:DECISION_INAPPROPRIATE,CO_OCCURS,COND:weather,1
EVT:DECISION_INAPPROPRIATE,CONCURRENT,COND:weather,1
EVT:DECISION_INAPPROPRIATE,CAUSES,COND:fuel_state,21
EVT:DECISION_INAPPROPRIATE,UNDER_CONDITION,COND:fuel_state,1
EVT:DECISION_INAPPROPRIATE,INDUCED_CONDITION,COND:fuel_state,1
EVT:DECISION_INAPPROPRIATE,CONTRIBUTES_TO,COND:fuel_state,1
EVT:DECISION_INAPPROPRIATE,CAUSES,EVT:DECISION_INAPPROPRIATE,18
EVT:DECISION_INAPPROPRIATE,RESPONDS_TO,EVT:DECISION_INAPPROPRIATE,1
EVT:DECISION_INAPPROPRIATE,CONCURRENT,EVT:DECISION_INAPPROPRIATE,2
EVT:DECISION_INAPPROPRIATE,CONTRIBUTES_TO,EVT:DECISION_INAPPROPRIATE,7
EVT:DECISION_INAPPROPRIATE,PRECEDES,EVT:DECISION_INAPPROPRIATE,1
EVT:DECISION_INAPPROPRIATE,CAUSES,EVT:EMERGENCY_LANDING,13
EVT:DECISION_INAPPROPRIATE,CONTRIBUTES_TO,EVT:EMERGENCY_LANDING,1
EVT:DECISION_INAPPROPRIATE,ENABLES,EVT:CREW_COORDINATION_FAILURE,1
EVT:DECISION_INAPPROPRIATE,CONCURRENT,EVT:CREW_COORDINATION_FAILURE,1
EVT:DECISION_INAPPROPRIATE,CAUSES,EVT:PROCEDURE_NOT_FOLLOWED,75
EVT:DECISION_INAPPROPRIATE,CONCURRENT,EVT:PROCEDURE_NOT_FOLLOWED,8
EVT:DECISION_INAPPROPRIATE,CONTRIBUTES_TO,EVT:PROCEDURE_NOT_FOLLOWED,12
EVT:DECISION_INAPPROPRIATE,TRIGGERS,EVT:PROCEDURE_NOT_FOLLOWED,7
EVT:DECISION_INAPPROPRIATE,PRECEDES,EVT:PROCEDURE_NOT_FOLLOWED,2
EVT:DECISION_INAPPROPRIATE,RESPONDS_TO,EVT:PROCEDURE_NOT_FOLLOWED,2
EVT:DECISION_INAPPROPRIATE,CAUSES,EVT:PERCEPTION_FAILURE,29
EVT:DECISION_INAPPROPRIATE,CONTRIBUTES_TO,EVT:PERCEPTION_FAILURE,8
EVT:DECISION_INAPPROPRIATE,CONCURRENT,EVT:PERCEPTION_FAILURE,2
EVT:DECISION_INAPPROPRIATE,TRIGGERS,EVT:PERCEPTION_FAILURE,1
EVT:DECISION_INAPPROPRIATE,ENABLES,EVT:PERCEPTION_FAILURE,1
EVT:DECISION_INAPPROPRIATE,UNDER_CONDITION,COND:environmental,84
EVT:DECISION_INAPPROPRIATE,RESPONDS_TO,COND:environmental,5
EVT:DECISION_INAPPROPRIATE,INDUCED_CONDITION,COND:environmental,7
EVT:DECISION_INAPPROPRIATE,ENABLES,COND:environmental,2
EVT:DECISION_INAPPROPRIATE,CAUSES,COND:environmental,8
EVT:DECISION_INAPPROPRIATE,CAUSES,EVT:GROUND_IMPACT,203
EVT:DECISION_INAPPROPRIATE,CONTRIBUTES_TO,EVT:GROUND_IMPACT,19
EVT:DECISION_INAPPROPRIATE,PRECEDES,EVT:GROUND_IMPACT,1
EVT:DECISION_INAPPROPRIATE,INDUCED_CONDITION,COND:procedural,2
EVT:DECISION_INAPPROPRIATE,CAUSES,COND:procedural,1
EVT:DECISION_INAPPROPRIATE,CAUSES,EVT:CONTROL_INPUT_IMPROPER,138
EVT:DECISION_INAPPROPRIATE,RESPONDS_TO,EVT:CONTROL_INPUT_IMPROPER,9
EVT:DECISION_INAPPROPRIATE,PRECEDES,EVT:CONTROL_INPUT_IMPROPER,9
EVT:DECISION_INAPPROPRIATE,CONCURRENT,EVT:CONTROL_INPUT_IMPROPER,8
EVT:DECISION_INAPPROPRIATE,TRIGGERS,EVT:CONTROL_INPUT_IMPROPER,12
EVT:DECISION_INAPPROPRIATE,CONTRIBUTES_TO,EVT:CONTROL_INPUT_IMPROPER,14
EVT:DECISION_INAPPROPRIATE,ENABLES,EVT:CONTROL_INPUT_IMPROPER,2
EVT:DECISION_INAPPROPRIATE,CAUSES,EVT:TERRAIN_OR_OBSTACLE_PROXIMITY,51
EVT:DECISION_INAPPROPRIATE,CONTRIBUTES_TO,EVT:TERRAIN_OR_OBSTACLE_PROXIMITY,5
EVT:DECISION_INAPPROPRIATE,CAUSES,EVT:ICING_ENCOUNTER,12
EVT:DECISION_INAPPROPRIATE,CONTRIBUTES_TO,EVT:ICING_ENCOUNTER,1
EVT:DECISION_INAPPROPRIATE,CAUSES,COND:mechanical,80
EVT:DECISION_INAPPROPRIATE,MASKED_BY_CONDITION,COND:mechanical,2
EVT:DECISION_INAPPROPRIATE,RESPONDS_TO,COND:mechanical,2
EVT:DECISION_INAPPROPRIATE,ENABLES,COND:mechanical,2
EVT:DECISION_INAPPROPRIATE,INDUCED_CONDITION,COND:mechanical,15
EVT:DECISION_INAPPROPRIATE,UNDER_CONDITION,COND:mechanical,8
EVT:DECISION_INAPPROPRIATE,CONTRIBUTES_TO,COND:mechanical,3
EVT:DECISION_INAPPROPRIATE,INHIBITS,COND:mechanical,2
EVT:DECISION_INAPPROPRIATE,INDUCED_CONDITION,COND:human_factors,2
EVT:DECISION_INAPPROPRIATE,INDUCED_CONDITION,COND:weight,3
EVT:DECISION_INAPPROPRIATE,CAUSES,COND:weight,8
EVT:DECISION_INAPPROPRIATE,UNDER_CONDITION,COND:weight,5
EVT:DECISION_INAPPROPRIATE,CAUSES,EVT:SUCCESSFUL_RECOVERY,10
EVT:DECISION_INAPPROPRIATE,CONTRIBUTES_TO,EVT:SUCCESSFUL_RECOVERY,1
EVT:DECISION_INAPPROPRIATE,CONTRIBUTES_TO,EVT:RUNWAY_CONDITION_HAZARD,3
EVT:DECISION_INAPPROPRIATE,CAUSES,EVT:RUNWAY_CONDITION_HAZARD,2
EVT:DECISION_INAPPROPRIATE,ENABLES,EVT:RUNWAY_CONDITION_HAZARD,1
EVT:DECISION_INAPPROPRIATE,CONTRIBUTES_TO,EVT:RUNWAY_EXCURSION_OR_OVERRUN,5
EVT:DECISION_INAPPROPRIATE,CAUSES,EVT:RUNWAY_EXCURSION_OR_OVERRUN,75
EVT:DECISION_INAPPROPRIATE,PRECEDES,EVT:RUNWAY_EXCURSION_OR_OVERRUN,1
EVT:DECISION_INAPPROPRIATE,ENABLES,EVT:RUNWAY_EXCURSION_OR_OVERRUN,1
EVT:DECISION_INAPPROPRIATE,CAUSES,EVT:FUEL_SYSTEM_ANOMALY,12
EVT:DECISION_INAPPROPRIATE,CAUSES,EVT:LOSS_OF_CONTROL_GROUND,32
EVT:DECISION_INAPPROPRIATE,CONTRIBUTES_TO,EVT:LOSS_OF_CONTROL_GROUND,5
EVT:DECISION_INAPPROPRIATE,CAUSES,EVT:WATER_IMPACT,6
EVT:DECISION_INAPPROPRIATE,CONTRIBUTES_TO,EVT:WATER_IMPACT,1
EVT:DECISION_INAPPROPRIATE,CONTRIBUTES_TO,EVT:PILOT_INCAPACITATION_OR_IMPAIRMENT,2
EVT:DECISION_INAPPROPRIATE,TRIGGERS,EVT:PILOT_INCAPACITATION_OR_IMPAIRMENT,1
EVT:DECISION_INAPPROPRIATE,CAUSES,EVT:LOSS_OF_CONTROL_INFLIGHT,43
EVT:DECISION_INAPPROPRIATE,CONTRIBUTES_TO,EVT:LOSS_OF_CONTROL_INFLIGHT,7
EVT:DECISION_INAPPROPRIATE,PREVENTS,EVT:LOSS_OF_CONTROL_INFLIGHT,1
EVT:DECISION_INAPPROPRIATE,CONCURRENT,EVT:LOSS_OF_CONTROL_INFLIGHT,1
EVT:DECISION_INAPPROPRIATE,TRIGGERS,EVT:LOSS_OF_CONTROL_INFLIGHT,1
EVT:DECISION_INAPPROPRIATE,CONCURRENT,EVT:THUNDERSTORM_OR_CONVECTIVE,1
EVT:DECISION_INAPPROPRIATE,CAUSES,EVT:THUNDERSTORM_OR_CONVECTIVE,5
EVT:DECISION_INAPPROPRIATE,PREVENTS,COND:operational,1
EVT:DECISION_INAPPROPRIATE,INDUCED_CONDITION,COND:operational,6
EVT:DECISION_INAPPROPRIATE,CAUSES,COND:operational,8
EVT:DECISION_INAPPROPRIATE,INHIBITS,COND:operational,1
EVT:DECISION_INAPPROPRIATE,UNDER_CONDITION,COND:operational,4
EVT:DECISION_INAPPROPRIATE,CAUSES,EVT:SPATIAL_DISORIENTATION,19
EVT:DECISION_INAPPROPRIATE,CONTRIBUTES_TO,EVT:SPATIAL_DISORIENTATION,4
EVT:DECISION_INAPPROPRIATE,CAUSES,COND:resource,16
EVT:DECISION_INAPPROPRIATE,INDUCED_CONDITION,COND:resource,2
EVT:DECISION_INAPPROPRIATE,CONTRIBUTES_TO,COND:resource,2
EVT:DECISION_INAPPROPRIATE,CONTRIBUTES_TO,EVT:TURBULENCE_ENCOUNTER,3
EVT:DECISION_INAPPROPRIATE,CAUSES,EVT:TURBULENCE_ENCOUNTER,5
EVT:DECISION_INAPPROPRIATE,CONTRIBUTES_TO,EVT:LOW_VISIBILITY_OR_IMC,2
EVT:DECISION_INAPPROPRIATE,CAUSES,EVT:LOW_VISIBILITY_OR_IMC,47
EVT:DECISION_INAPPROPRIATE,UNDER_CONDITION,COND:terrain,22
EVT:DECISION_INAPPROPRIATE,ENABLES,COND:terrain,1
EVT:DECISION_INAPPROPRIATE,CAUSES,COND:terrain,1
EVT:DECISION_INAPPROPRIATE,INDUCED_CONDITION,COND:terrain,2
EVT:DECISION_INAPPROPRIATE,TRIGGERS,COND:terrain,1
EVT:DECISION_INAPPROPRIATE,CAUSES,EVT:ENGINE_FAILURE,27
EVT:DECISION_INAPPROPRIATE,CONTRIBUTES_TO,EVT:ENGINE_FAILURE,9
EVT:DECISION_INAPPROPRIATE,RESPONDS_TO,EVT:ENGINE_FAILURE,1
EVT:DECISION_INAPPROPRIATE,CONCURRENT,EVT:ENGINE_FAILURE,4
EVT:DECISION_INAPPROPRIATE,ENABLES,EVT:ENGINE_FAILURE,1
EVT:DECISION_INAPPROPRIATE,CONTRIBUTES_TO,EVT:STALL,4
EVT:DECISION_INAPPROPRIATE,CAUSES,EVT:STALL,37
EVT:DECISION_INAPPROPRIATE,INDUCED_CONDITION,COND:aerodynamic,9
EVT:DECISION_INAPPROPRIATE,CAUSES,COND:aerodynamic,18
EVT:DECISION_INAPPROPRIATE,CONTRIBUTES_TO,COND:aerodynamic,2
EVT:DECISION_INAPPROPRIATE,CAUSES,EVT:MIDAIR_COLLISION,1
EVT:DECISION_INAPPROPRIATE,CONTRIBUTES_TO,EVT:MIDAIR_COLLISION,2
EVT:DECISION_INAPPROPRIATE,UNDER_CONDITION,COND:latent_defect,1
EVT:DECISION_INAPPROPRIATE,INDUCED_CONDITION,COND:latent_defect,1
EVT:DECISION_INAPPROPRIATE,CAUSES,EVT:ALTITUDE_DEVIATION_UNCONTROLLED,17
EVT:DECISION_INAPPROPRIATE,CONTRIBUTES_TO,EVT:ALTITUDE_DEVIATION_UNCONTROLLED,2
EVT:DECISION_INAPPROPRIATE,RESPONDS_TO,ENT:person,1
EVT:DECISION_INAPPROPRIATE,CAUSES,COND:organizational,3
EVT:DECISION_INAPPROPRIATE,CONCURRENT,COND:organizational,1
EVT:DECISION_INAPPROPRIATE,INHIBITS,COND:organizational,2
EVT:DECISION_INAPPROPRIATE,CONTRIBUTES_TO,COND:organizational,2
EVT:DECISION_INAPPROPRIATE,INDUCED_CONDITION,COND:organizational,2
EVT:DECISION_INAPPROPRIATE,ENABLES,COND:organizational,1
EVT:DECISION_INAPPROPRIATE,UNDER_CONDITION,COND:organizational,1
EVT:DECISION_INAPPROPRIATE,UNDER_CONDITION,COND:information,2
EVT:DECISION_INAPPROPRIATE,INDUCED_CONDITION,COND:spatial,1
EVT:DECISION_INAPPROPRIATE,CAUSES,COND:spatial,1
EVT:DECISION_INAPPROPRIATE,UNDER_CONDITION,COND:spatial,2
EVT:DECISION_INAPPROPRIATE,ENABLES,EVT:WIND_SHEAR_OR_GUST,1
EVT:DECISION_INAPPROPRIATE,CAUSES,EVT:WIND_SHEAR_OR_GUST,3
EVT:DECISION_INAPPROPRIATE,CONTRIBUTES_TO,EVT:WIND_SHEAR_OR_GUST,1
EVT:DECISION_INAPPROPRIATE,CONTRIBUTES_TO,EVT:AIRFRAME_STRUCTURAL_FAILURE,1
EVT:DECISION_INAPPROPRIATE,CONCURRENT,EVT:AIRFRAME_STRUCTURAL_FAILURE,1
EVT:DECISION_INAPPROPRIATE,CAUSES,EVT:AIRFRAME_STRUCTURAL_FAILURE,2
EVT:DECISION_INAPPROPRIATE,UNDER_CONDITION,COND:surface,1
EVT:DECISION_INAPPROPRIATE,CAUSES,COND:performance,2
EVT:DECISION_INAPPROPRIATE,UNDER_CONDITION,COND:performance,1
EVT:DECISION_INAPPROPRIATE,CAUSES,EVT:LANDING_GEAR_ANOMALY,5
EVT:DECISION_INAPPROPRIATE,CAUSES,COND:human,1
EVT:DECISION_INAPPROPRIATE,UNDER_CONDITION,COND:human,4
EVT:DECISION_INAPPROPRIATE,INDUCED_CONDITION,COND:human,1
EVT:DECISION_INAPPROPRIATE,UNDER_CONDITION,COND:regulatory,3
EVT:DECISION_INAPPROPRIATE,INHIBITS,COND:regulatory,2
EVT:DECISION_INAPPROPRIATE,CAUSES,COND:regulatory,1
EVT:DECISION_INAPPROPRIATE,CAUSES,COND:fuel,8
EVT:DECISION_INAPPROPRIATE,CONTRIBUTES_TO,COND:fuel,1
EVT:DECISION_INAPPROPRIATE,INDUCED_CONDITION,COND:fuel,2
EVT:DECISION_INAPPROPRIATE,UNDER_CONDITION,COND:infrastructure,3
EVT:DECISION_INAPPROPRIATE,UNDER_CONDITION,ENT:location,5
EVT:DECISION_INAPPROPRIATE,ENABLES,EVT:GROUND_PERSONNEL_ERROR,1
EVT:DECISION_INAPPROPRIATE,UNDER_CONDITION,COND:human_factor,1
EVT:DECISION_INAPPROPRIATE,INDUCED_CONDITION,COND:human_factor,1
EVT:DECISION_INAPPROPRIATE,UNDER_CONDITION,COND:psychological,1
EVT:DECISION_INAPPROPRIATE,INDUCED_CONDITION,COND:psychological,1
EVT:DECISION_INAPPROPRIATE,CAUSES,COND:aircraft_performance,1
EVT:DECISION_INAPPROPRIATE,UNDER_CONDITION,COND:structural,1
EVT:DECISION_INAPPROPRIATE,UNDER_CONDITION,COND:training,1
EVT:DECISION_INAPPROPRIATE,ENABLES,COND:training,1
EVT:DECISION_INAPPROPRIATE,CONTRIBUTES_TO,EVT:INSTRUMENT_OR_AVIONICS_FAILURE,1
EVT:DECISION_INAPPROPRIATE,CAUSES,EVT:INSTRUMENT_OR_AVIONICS_FAILURE,3
EVT:DECISION_INAPPROPRIATE,CONCURRENT,EVT:INSTRUMENT_OR_AVIONICS_FAILURE,1
EVT:DECISION_INAPPROPRIATE,CONTRIBUTES_TO,EVT:STRUCTURAL_OVERLOAD,1
EVT:DECISION_INAPPROPRIATE,CAUSES,EVT:STRUCTURAL_OVERLOAD,1
EVT:DECISION_INAPPROPRIATE,CAUSES,EVT:GROUND_INCIDENT,1
EVT:DECISION_INAPPROPRIATE,UNDER_CONDITION,COND:obstacle,1
EVT:DECISION_INAPPROPRIATE,CONCURRENT,COND:equipment,1
EVT:DECISION_INAPPROPRIATE,CAUSES,COND:planning_error,1
EVT:DECISION_INAPPROPRIATE,UNDER_CONDITION,COND:location,1
EVT:DECISION_INAPPROPRIATE,CAUSES,COND:other,1
EVT:DECISION_INAPPROPRIATE,INDUCED_CONDITION,COND:cognitive,3
EVT:DECISION_INAPPROPRIATE,CAUSES,COND:cognitive,1
EVT:DECISION_INAPPROPRIATE,CAUSES,COND:physiological,3
EVT:DECISION_INAPPROPRIATE,INDUCED_CONDITION,COND:physiological,1
EVT:DECISION_INAPPROPRIATE,UNDER_CONDITION,COND:crew,1
EVT:DECISION_INAPPROPRIATE,CAUSES,COND:medical,1
EVT:DECISION_INAPPROPRIATE,UNDER_CONDITION,COND:configuration,1
EVT:DECISION_INAPPROPRIATE,CAUSES,COND:configuration,1
EVT:DECISION_INAPPROPRIATE,UNDER_CONDITION,COND:visual,1
EVT:DECISION_INAPPROPRIATE,CONTRIBUTES_TO,COND:knowledge,1
EVT:DECISION_INAPPROPRIATE,CONTRIBUTES_TO,EVT:INFLIGHT_BREAKUP,1
EVT:DECISION_INAPPROPRIATE,CAUSES,COND:weight_and_balance,1
EVT:DECISION_INAPPROPRIATE,UNDER_CONDITION,COND:personal,1
EVT:DECISION_INAPPROPRIATE,UNDER_CONDITION,COND:terrain_obstacle,1
EVT:DECISION_INAPPROPRIATE,UNDER_CONDITION,COND:aircraft,1
EVT:DECISION_INAPPROPRIATE,CAUSES,EVT:GROUND_DAMAGE,1
EVT:DECISION_INAPPROPRIATE,CAUSES,EVT:INJURY_OR_FATALITY,2
EVT:DECISION_INAPPROPRIATE,CAUSES,EVT:GROUND_COLLISION,1
EVT:DECISION_INAPPROPRIATE,UNDER_CONDITION,COND:instrument,1
EVT:DECISION_INAPPROPRIATE,UNDER_CONDITION,COND:physical,1
EVT:DECISION_INAPPROPRIATE,CAUSES,EVT:TAXIING,1
EVT:DECISION_INAPPROPRIATE,CAUSES,EVT:AUTOMATION_ANOMALY,1
EVT:DECISION_INAPPROPRIATE,CAUSES,EVT:CONTROL_SURFACE_ANOMALY,1
COND:weather,CAUSES,EVT:ICING_ENCOUNTER,3
COND:weather,UNDER_CONDITION,EVT:ICING_ENCOUNTER,8
COND:weather,CAUSES,COND:mechanical,50
COND:weather,ENABLES,COND:mechanical,10
COND:weather,UNDER_CONDITION,COND:mechanical,1
COND:weather,UNDER_CONDITION,EVT:DECISION_INAPPROPRIATE,38
COND:weather,CAUSES,EVT:DECISION_INAPPROPRIATE,23
COND:weather,ENABLES,EVT:DECISION_INAPPROPRIATE,10
COND:weather,CONTRIBUTES_TO,EVT:DECISION_INAPPROPRIATE,4
COND:weather,INHIBITS,EVT:DECISION_INAPPROPRIATE,2
COND:weather,TRIGGERS,EVT:DECISION_INAPPROPRIATE,1
COND:weather,CAUSES,EVT:TURBULENCE_ENCOUNTER,18
COND:weather,UNDER_CONDITION,EVT:TURBULENCE_ENCOUNTER,24
COND:weather,ENABLES,EVT:TURBULENCE_ENCOUNTER,1
COND:weather,CAUSES,COND:spatial,7
COND:weather,CONTRIBUTES_TO,COND:spatial,1
COND:weather,CAUSES,EVT:ENGINE_FAILURE,8
COND:weather,CONTRIBUTES_TO,EVT:ENGINE_FAILURE,3
COND:weather,CAUSES,EVT:PERCEPTION_FAILURE,20
COND:weather,UNDER_CONDITION,EVT:PERCEPTION_FAILURE,20
COND:weather,CONTRIBUTES_TO,EVT:PERCEPTION_FAILURE,6
COND:weather,CAUSES,COND:perceptual,1
COND:weather,CAUSES,EVT:WIND_SHEAR_OR_GUST,71
COND:weather,UNDER_CONDITION,EVT:WIND_SHEAR_OR_GUST,81
COND:weather,INDUCES,EVT:WIND_SHEAR_OR_GUST,1
COND:weather,CAUSES,EVT:LOSS_OF_CONTROL_GROUND,27
COND:weather,UNDER_CONDITION,EVT:LOSS_OF_CONTROL_GROUND,7
COND:weather,CONTRIBUTES_TO,EVT:LOSS_OF_CONTROL_GROUND,15
COND:weather,UNDER_CONDITION,EVT:RUNWAY_EXCURSION_OR_OVERRUN,14
COND:weather,CAUSES,EVT:RUNWAY_EXCURSION_OR_OVERRUN,12
COND:weather,CONTRIBUTES_TO,EVT:RUNWAY_EXCURSION_OR_OVERRUN,18
COND:weather,ENABLES,EVT:RUNWAY_EXCURSION_OR_OVERRUN,1
COND:weather,UNDER_CONDITION,EVT:THUNDERSTORM_OR_CONVECTIVE,5
COND:weather,UNDER_CONDITION,EVT:CONTROL_INPUT_IMPROPER,31
COND:weather,CONTRIBUTES_TO,EVT:CONTROL_INPUT_IMPROPER,43
COND:weather,CAUSES,EVT:CONTROL_INPUT_IMPROPER,13
COND:weather,TRIGGERS,EVT:CONTROL_INPUT_IMPROPER,2
COND:weather,UNDER_CONDITION,EVT:PROCEDURE_NOT_FOLLOWED,26
COND:weather,CONTRIBUTES_TO,EVT:PROCEDURE_NOT_FOLLOWED,4
COND:weather,CAUSES,EVT:PROCEDURE_NOT_FOLLOWED,4
COND:weather,ENABLES,EVT:PROCEDURE_NOT_FOLLOWED,1
COND:weather,UNDER_CONDITION,EVT:LOW_VISIBILITY_OR_IMC,33
COND:weather,CAUSES,EVT:LOW_VISIBILITY_OR_IMC,7
COND:weather,ENABLES,EVT:LOW_VISIBILITY_OR_IMC,3
COND:weather,CAUSES,COND:weather,10
COND:weather,CO_OCCURS,COND:weather,1
COND:weather,CONCURRENT,COND:weather,1
COND:weather,CAUSES,EVT:LOSS_OF_CONTROL_INFLIGHT,20
COND:weather,UNDER_CONDITION,EVT:LOSS_OF_CONTROL_INFLIGHT,5
COND:weather,CONTRIBUTES_TO,EVT:LOSS_OF_CONTROL_INFLIGHT,9
COND:weather,MASKED_BY_CONDITION,EVT:LOSS_OF_CONTROL_INFLIGHT,1
COND:weather,ENABLES,EVT:LOSS_OF_CONTROL_INFLIGHT,1
COND:weather,CAUSES,COND:aerodynamic,20
COND:weather,CONTRIBUTES_TO,COND:aerodynamic,3
COND:weather,CONCURRENT,COND:aerodynamic,1
COND:weather,ENABLES,COND:aerodynamic,1
COND:weather,CAUSES,COND:environmental,5
COND:weather,CO_OCCURS,COND:environmental,1
COND:weather,CAUSES,EVT:STALL,6
COND:weather,CONTRIBUTES_TO,EVT:STALL,8
COND:weather,CAUSES,COND:terrain,1
COND:weather,UNDER_CONDITION,EVT:RUNWAY_CONDITION_HAZARD,22
COND:weather,CAUSES,EVT:RUNWAY_CONDITION_HAZARD,7
COND:weather,CONTRIBUTES_TO,EVT:RUNWAY_CONDITION_HAZARD,2
COND:weather,ENABLES,EVT:RUNWAY_CONDITION_HAZARD,2
COND:weather,INDUCED_CONDITION,COND:mental_state,1
COND:weather,CAUSES,EVT:SPATIAL_DISORIENTATION,16
COND:weather,UNDER_CONDITION,EVT:SPATIAL_DISORIENTATION,10
COND:weather,ENABLES,EVT:SPATIAL_DISORIENTATION,1
COND:weather,CONTRIBUTES_TO,EVT:SPATIAL_DISORIENTATION,2
COND:weather,CONTRIBUTES_TO,EVT:CREW_COORDINATION_FAILURE,1
COND:weather,CAUSES,EVT:GROUND_IMPACT,4
COND:weather,CONTRIBUTES_TO,EVT:GROUND_IMPACT,3
COND:weather,ENABLES,EVT:GROUND_IMPACT,1
COND:weather,UNDER_CONDITION,EVT:GROUND_IMPACT,1
COND:weather,CONTRIBUTES_TO,EVT:EXTERNAL_LOAD_SHIFT,1
COND:weather,UNDER_CONDITION,EVT:ALTITUDE_DEVIATION_UNCONTROLLED,4
COND:weather,CAUSES,EVT:ALTITUDE_DEVIATION_UNCONTROLLED,7
COND:weather,ENABLES,EVT:ALTITUDE_DEVIATION_UNCONTROLLED,1
COND:weather,CONTRIBUTES_TO,EVT:ALTITUDE_DEVIATION_UNCONTROLLED,3
COND:weather,CAUSES,EVT:INSTRUMENT_OR_AVIONICS_FAILURE,1
COND:weather,CAUSES,COND:resource,1
COND:weather,CONTRIBUTES_TO,EVT:GROUND_PERSONNEL_ERROR,1
COND:weather,ENABLES,COND:organizational,1
COND:weather,CAUSES,COND:runway,1
COND:weather,CAUSES,COND:performance,2
COND:weather,CONTRIBUTES_TO,COND:visual,1
COND:weather,CAUSES,COND:visual,2
COND:weather,UNDER_CONDITION,EVT:TERRAIN_OR_OBSTACLE_PROXIMITY,1
COND:weather,CONTRIBUTES_TO,EVT:TERRAIN_OR_OBSTACLE_PROXIMITY,2
COND:weather,CAUSES,COND:regulatory,1
COND:weather,CONTRIBUTES_TO,COND:fuel_state,2
COND:weather,UNDER_CONDITION,EVT:WAKE_TURBULENCE_ENCOUNTER,1
COND:weather,UNDER_CONDITION,EVT:TAXI,1
COND:weather,CONCURRENT,COND:operational,1
COND:weather,CONTRIBUTES_TO,COND:operational,1
COND:weather,CAUSES,COND:spatial_reference,1
COND:weather,UNDER_CONDITION,EVT:MAINTENANCE_INADEQUATE,1
COND:weather,CAUSES,EVT:GROUND_EXCURSION_OR_OVERRUN,1
COND:weather,UNDER_CONDITION,EVT:EMERGENCY_LANDING,1
COND:weather,CAUSES,COND:human_factor,1
COND:weather,CAUSES,EVT:TAXIING_INCIDENT,1
COND:weather,UNDER_CONDITION,EVT:DESCENT_BELOW_MINIMUMS,1
COND:weather,CAUSES,COND:visibility,2
COND:weather,UNDER_CONDITION,EVT:TAKEOFF,1
COND:weather,CONTRIBUTES_TO,EVT:TAKEOFF,1
COND:weather,CAUSES,COND:unknown,1
COND:weather,CAUSES,COND:psychological,1
COND:weather,CAUSES,COND:fuel,1
COND:weather,CONTRIBUTES_TO,EVT:AIRFRAME_STRUCTURAL_FAILURE,1
EVT:ICING_ENCOUNTER,CAUSES,COND:environmental,2
EVT:ICING_ENCOUNTER,UNDER_CONDITION,COND:environmental,2
EVT:ICING_ENCOUNTER,CO_OCCURS,COND:environmental,1
EVT:ICING_ENCOUNTER,INDUCED_CONDITION,COND:environmental,2
EVT:ICING_ENCOUNTER,INDUCED_CONDITION,COND:weather,5
EVT:ICING_ENCOUNTER,UNDER_CONDITION,COND:weather,35
EVT:ICING_ENCOUNTER,CAUSES,COND:weather,1
EVT:ICING_ENCOUNTER,CAUSES,EVT:ENGINE_FAILURE,6
EVT:ICING_ENCOUNTER,INDUCED_CONDITION,COND:mechanical,10
EVT:ICING_ENCOUNTER,CAUSES,COND:mechanical,1
EVT:ICING_ENCOUNTER,CAUSES,EVT:INFLIGHT_FIRE_OR_SMOKE,2
EVT:ICING_ENCOUNTER,CAUSES,EVT:STRUCTURAL_OVERLOAD,1
EVT:ICING_ENCOUNTER,CAUSES,EVT:LOSS_OF_CONTROL_INFLIGHT,2
EVT:ICING_ENCOUNTER,CONTRIBUTES_TO,EVT:LOSS_OF_CONTROL_INFLIGHT,1
EVT:ICING_ENCOUNTER,RESPONDS_TO,EVT:PROCEDURE_NOT_FOLLOWED,2
EVT:ICING_ENCOUNTER,CAUSES,EVT:ALTITUDE_DEVIATION_UNCONTROLLED,1
EVT:ICING_ENCOUNTER,RESPONDS_TO,EVT:ALTITUDE_DEVIATION_UNCONTROLLED,1
EVT:ICING_ENCOUNTER,CAUSES,EVT:INSTRUMENT_OR_AVIONICS_FAILURE,1
EVT:ICING_ENCOUNTER,CAUSES,EVT:DECISION_INAPPROPRIATE,2
EVT:ICING_ENCOUNTER,RESPONDS_TO,EVT:DECISION_INAPPROPRIATE,3
EVT:ICING_ENCOUNTER,INDUCED_CONDITION,COND:aerodynamic,1
EVT:ICING_ENCOUNTER,CAUSES,COND:aerodynamic,1
EVT:ICING_ENCOUNTER,TRIGGERS,EVT:CONTROL_INPUT_IMPROPER,1
COND:environmental,CAUSES,EVT:CONTROL_INPUT_IMPROPER,12
COND:environmental,UNDER_CONDITION,EVT:CONTROL_INPUT_IMPROPER,25
COND:environmental,INHIBITS,EVT:CONTROL_INPUT_IMPROPER,2
COND:environmental,ENABLES,EVT:CONTROL_INPUT_IMPROPER,14
COND:environmental,CONTRIBUTES_TO,EVT:CONTROL_INPUT_IMPROPER,38
COND:environmental,TRIGGERS,EVT:CONTROL_INPUT_IMPROPER,6
COND:environmental,RESPONDS_TO,EVT:CONTROL_INPUT_IMPROPER,2
COND:environmental,MASKED_BY_CONDITION,EVT:CONTROL_INPUT_IMPROPER,1
COND:environmental,ENABLES,EVT:GROUND_IMPACT,16
COND:environmental,CAUSES,EVT:GROUND_IMPACT,27
COND:environmental,CONTRIBUTES_TO,EVT:GROUND_IMPACT,15
COND:environmental,UNDER_CONDITION,EVT:GROUND_IMPACT,12
COND:environmental,CAUSES,EVT:PERCEPTION_FAILURE,49
COND:environmental,UNDER_CONDITION,EVT:PERCEPTION_FAILURE,23
COND:environmental,CONTRIBUTES_TO,EVT:PERCEPTION_FAILURE,19
COND:environmental,INHIBITS,EVT:PERCEPTION_FAILURE,7
COND:environmental,MASKED_BY_CONDITION,EVT:PERCEPTION_FAILURE,10
COND:environmental,ENABLES,EVT:PERCEPTION_FAILURE,7
COND:environmental,INDUCED_CONDITION,EVT:PERCEPTION_FAILURE,1
COND:environmental,TRIGGERS,EVT:PERCEPTION_FAILURE,2
COND:environmental,CAUSES,EVT:DECISION_INAPPROPRIATE,31
COND:environmental,CONTRIBUTES_TO,EVT:DECISION_INAPPROPRIATE,15
COND:environmental,TRIGGERS,EVT:DECISION_INAPPROPRIATE,3
COND:environmental,UNDER_CONDITION,EVT:DECISION_INAPPROPRIATE,12
COND:environmental,ENABLES,EVT:DECISION_INAPPROPRIATE,11
COND:environmental,INHIBITS,EVT:DECISION_INAPPROPRIATE,3
COND:environmental,UNDER_CONDITION,EVT:TERRAIN_OR_OBSTACLE_PROXIMITY,9
COND:environmental,CONTRIBUTES_TO,EVT:TERRAIN_OR_OBSTACLE_PROXIMITY,1
COND:environmental,ENABLES,EVT:TERRAIN_OR_OBSTACLE_PROXIMITY,6
COND:environmental,CAUSES,EVT:TERRAIN_OR_OBSTACLE_PROXIMITY,5
COND:environmental,MASKED_BY_CONDITION,EVT:TERRAIN_OR_OBSTACLE_PROXIMITY,1
COND:environmental,CAUSES,EVT:RUNWAY_EXCURSION_OR_OVERRUN,20
COND:environmental,UNDER_CONDITION,EVT:RUNWAY_EXCURSION_OR_OVERRUN,11
COND:environmental,CONTRIBUTES_TO,EVT:RUNWAY_EXCURSION_OR_OVERRUN,28
COND:environmental,ENABLES,EVT:RUNWAY_EXCURSION_OR_OVERRUN,4
COND:environmental,UNDER_CONDITION,EVT:LOSS_OF_CONTROL_GROUND,7
COND:environmental,CAUSES,EVT:LOSS_OF_CONTROL_GROUND,13
COND:environmental,CONTRIBUTES_TO,EVT:LOSS_OF_CONTROL_GROUND,16
COND:environmental,ENABLES,EVT:LOSS_OF_CONTROL_GROUND,4
COND:environmental,INHIBITS,EVT:LOSS_OF_CONTROL_GROUND,1
COND:environmental,UNDER_CONDITION,EVT:RUNWAY_CONDITION_HAZARD,18
COND:environmental,CAUSES,EVT:RUNWAY_CONDITION_HAZARD,4
COND:environmental,ENABLES,EVT:RUNWAY_CONDITION_HAZARD,1
COND:environmental,CAUSES,EVT:GROUND_COLLISION,1
COND:environmental,CONTRIBUTES_TO,EVT:GROUND_COLLISION,1
COND:environmental,UNDER_CONDITION,EVT:GROUND_COLLISION,1
COND:environmental,ENABLES,EVT:GROUND_COLLISION,3
COND:environmental,ENABLES,COND:mechanical,1
COND:environmental,CAUSES,COND:mechanical,21
COND:environmental,CONTRIBUTES_TO,COND:mechanical,1
COND:environmental,IF_THEN,COND:mechanical,1
COND:environmental,CONTRIBUTES_TO,EVT:PROCEDURE_NOT_FOLLOWED,7
COND:environmental,CAUSES,EVT:PROCEDURE_NOT_FOLLOWED,6
COND:environmental,UNDER_CONDITION,EVT:PROCEDURE_NOT_FOLLOWED,8
COND:environmental,ENABLES,EVT:PROCEDURE_NOT_FOLLOWED,3
COND:environmental,RESPONDS_TO,EVT:PROCEDURE_NOT_FOLLOWED,1
COND:environmental,UNDER_CONDITION,EVT:WATER_IMPACT,1
COND:environmental,ENABLES,EVT:WATER_IMPACT,1
COND:environmental,UNDER_CONDITION,EVT:TURBULENCE_ENCOUNTER,4
COND:environmental,CONCURRENT,EVT:TURBULENCE_ENCOUNTER,1
COND:environmental,CONTRIBUTES_TO,EVT:LOSS_OF_CONTROL_INFLIGHT,16
COND:environmental,CAUSES,EVT:LOSS_OF_CONTROL_INFLIGHT,15
COND:environmental,UNDER_CONDITION,EVT:LOSS_OF_CONTROL_INFLIGHT,11
COND:environmental,INHIBITS,EVT:LOSS_OF_CONTROL_INFLIGHT,2
COND:environmental,ENABLES,EVT:LOSS_OF_CONTROL_INFLIGHT,2
COND:environmental,TRIGGERS,EVT:LANDING_GEAR_ANOMALY,1
COND:environmental,CAUSES,EVT:LANDING_GEAR_ANOMALY,6
COND:environmental,CONTRIBUTES_TO,EVT:LANDING_GEAR_ANOMALY,1
COND:environmental,CONTRIBUTES_TO,EVT:ALTITUDE_DEVIATION_UNCONTROLLED,8
COND:environmental,ENABLES,EVT:ALTITUDE_DEVIATION_UNCONTROLLED,1
COND:environmental,CAUSES,EVT:ALTITUDE_DEVIATION_UNCONTROLLED,5
COND:environmental,CAUSES,EVT:SPATIAL_DISORIENTATION,4
COND:environmental,UNDER_CONDITION,EVT:SPATIAL_DISORIENTATION,6
COND:environmental,CONTRIBUTES_TO,EVT:SPATIAL_DISORIENTATION,1
COND:environmental,ENABLES,EVT:GROUND_PERSONNEL_ERROR,1
COND:environmental,CONTRIBUTES_TO,EVT:GROUND_PERSONNEL_ERROR,1
COND:environmental,CAUSES,COND:organizational,2
COND:environmental,CAUSES,EVT:GROUND_COLLISION_OR_NEAR_MISS,1
COND:environmental,UNDER_CONDITION,EVT:GROUND_COLLISION_OR_NEAR_MISS,1
COND:environmental,CAUSES,EVT:WIND_SHEAR_OR_GUST,4
COND:environmental,UNDER_CONDITION,EVT:WIND_SHEAR_OR_GUST,3
COND:environmental,ENABLES,EVT:WIND_SHEAR_OR_GUST,1
COND:environmental,CAUSES,EVT:ENGINE_FAILURE,9
COND:environmental,CONTRIBUTES_TO,EVT:ENGINE_FAILURE,4
COND:environmental,UNDER_CONDITION,EVT:ENGINE_FAILURE,1
COND:environmental,CAUSES,EVT:STALL,5
COND:environmental,CONTRIBUTES_TO,EVT:STALL,8
COND:environmental,UNDER_CONDITION,EVT:STALL,2
COND:environmental,CAUSES,EVT:PILOT_INCAPACITATION_OR_IMPAIRMENT,1
COND:environmental,CONTRIBUTES_TO,EVT:PILOT_INCAPACITATION_OR_IMPAIRMENT,1
COND:environmental,UNDER_CONDITION,EVT:BIRD_OR_WILDLIFE_STRIKE,2
COND:environmental,CAUSES,EVT:BIRD_OR_WILDLIFE_STRIKE,1
COND:environmental,CAUSES,COND:environmental,6
COND:environmental,CONTRIBUTES_TO,COND:environmental,1
COND:environmental,ENABLES,COND:environmental,1
COND:environmental,INDUCED_CONDITION,COND:environmental,1
COND:environmental,CAUSES,COND:physiological,4
COND:environmental,CONCURRENT,COND:physiological,1
COND:environmental,UNDER_CONDITION,COND:physiological,1
COND:environmental,CAUSES,COND:weather,2
COND:environmental,CAUSES,EVT:LOW_VISIBILITY_OR_IMC,3
COND:environmental,UNDER_CONDITION,EVT:LOW_VISIBILITY_OR_IMC,3
COND:environmental,CAUSES,COND:aerodynamic,5
COND:environmental,CONCURRENT,COND:aerodynamic,1
COND:environmental,CONTRIBUTES_TO,COND:aerodynamic,3
COND:environmental,ENABLES,COND:aerodynamic,1
COND:environmental,CAUSES,EVT:TAXI_DIFFICULTY,1
COND:environmental,CAUSES,COND:performance,2
COND:environmental,ENABLES,EVT:ATC_OR_DISPATCH_INADEQUATE,2
COND:environmental,CAUSES,COND:cognitive,3
COND:environmental,CONCURRENT,COND:cognitive,1
COND:environmental,CONTRIBUTES_TO,COND:cognitive,2
COND:environmental,MASKED_BY_CONDITION,COND:cognitive,1
COND:environmental,ENABLES,EVT:TRAFFIC_CONFLICT,1
COND:environmental,CAUSES,COND:physical,1
COND:environmental,CAUSES,EVT:RUNWAY_INCURSION,1
COND:environmental,CAUSES,COND:perceptual,3
COND:environmental,MASKED_BY_CONDITION,COND:perceptual,1
COND:environmental,TRIGGERS,EVT:CREW_COORDINATION_FAILURE,1
COND:environmental,CAUSES,EVT:CREW_COORDINATION_FAILURE,1
COND:environmental,CAUSES,COND:aircraft_performance,2
COND:environmental,CAUSES,EVT:FUEL_SYSTEM_ANOMALY,2
COND:environmental,UNDER_CONDITION,EVT:FUEL_SYSTEM_ANOMALY,1
COND:environmental,CONTRIBUTES_TO,EVT:GROUND_LOOP,2
COND:environmental,CAUSES,COND:human_factors,3
COND:environmental,CAUSES,COND:spatial,1
COND:environmental,CONTRIBUTES_TO,COND:spatial,1
COND:environmental,CAUSES,COND:human_factor,1
COND:environmental,CONTRIBUTES_TO,COND:situational_awareness,3
COND:environmental,CAUSES,COND:situational_awareness,1
COND:environmental,UNDER_CONDITION,EVT:EMERGENCY_LANDING,1
COND:environmental,CAUSES,COND:visibility,1
COND:environmental,UNDER_CONDITION,ENT:location,1
COND:environmental,CONCURRENT,EVT:STRUCTURAL_OVERLOAD,1
COND:environmental,CONTRIBUTES_TO,EVT:STRUCTURAL_OVERLOAD,1
COND:environmental,CAUSES,EVT:STRUCTURAL_OVERLOAD,1
COND:environmental,CAUSES,EVT:INSTRUMENT_OR_AVIONICS_FAILURE,1
COND:environmental,ENABLES,EVT:INFLIGHT_FIRE_OR_SMOKE,1
COND:environmental,CAUSES,EVT:GROUND_DAMAGE,1
COND:environmental,CAUSES,EVT:INJURY_OR_FATALITY,1
COND:environmental,CAUSES,COND:visual,1
COND:environmental,UNDER_CONDITION,EVT:TAXIWAY_OR_RUNWAY_EXCURSION,1
COND:environmental,ENABLES,EVT:TAXIWAY_OR_RUNWAY_EXCURSION,1
COND:environmental,CAUSES,EVT:TAXIWAY_OR_RUNWAY_EXCURSION,1
COND:environmental,CAUSES,COND:human,1
COND:environmental,UNDER_CONDITION,EVT:TAXIING,1
COND:environmental,CAUSES,COND:aircraft_state,1
EVT:CONTROL_INPUT_IMPROPER,CAUSES,EVT:GROUND_IMPACT,475
EVT:CONTROL_INPUT_IMPROPER,CONCURRENT,EVT:GROUND_IMPACT,3
EVT:CONTROL_INPUT_IMPROPER,CONTRIBUTES_TO,EVT:GROUND_IMPACT,48
EVT:CONTROL_INPUT_IMPROPER,RESPONDS_TO,EVT:GROUND_IMPACT,2
EVT:CONTROL_INPUT_IMPROPER,TRIGGERS,EVT:GROUND_IMPACT,1
EVT:CONTROL_INPUT_IMPROPER,PREVENTS,EVT:GROUND_IMPACT,1
EVT:CONTROL_INPUT_IMPROPER,INHIBITS,EVT:GROUND_IMPACT,1
EVT:CONTROL_INPUT_IMPROPER,MITIGATES,EVT:GROUND_IMPACT,1
EVT:CONTROL_INPUT_IMPROPER,CAUSES,EVT:LANDING_GEAR_ANOMALY,50
EVT:CONTROL_INPUT_IMPROPER,TRIGGERS,EVT:LANDING_GEAR_ANOMALY,2
EVT:CONTROL_INPUT_IMPROPER,CONTRIBUTES_TO,EVT:LANDING_GEAR_ANOMALY,2
EVT:CONTROL_INPUT_IMPROPER,PRECEDES,EVT:LANDING_GEAR_ANOMALY,1
EVT:CONTROL_INPUT_IMPROPER,CONCURRENT,EVT:LANDING_GEAR_ANOMALY,1
EVT:CONTROL_INPUT_IMPROPER,CONCURRENT,EVT:CONTROL_INPUT_IMPROPER,21
EVT:CONTROL_INPUT_IMPROPER,RESPONDS_TO,EVT:CONTROL_INPUT_IMPROPER,13
EVT:CONTROL_INPUT_IMPROPER,CAUSES,EVT:CONTROL_INPUT_IMPROPER,57
EVT:CONTROL_INPUT_IMPROPER,TRIGGERS,EVT:CONTROL_INPUT_IMPROPER,15
EVT:CONTROL_INPUT_IMPROPER,CONTRIBUTES_TO,EVT:CONTROL_INPUT_IMPROPER,6
EVT:CONTROL_INPUT_IMPROPER,PRECEDES,EVT:CONTROL_INPUT_IMPROPER,9
EVT:CONTROL_INPUT_IMPROPER,CAUSES,EVT:RUNWAY_EXCURSION_OR_OVERRUN,214
EVT:CONTROL_INPUT_IMPROPER,CONTRIBUTES_TO,EVT:RUNWAY_EXCURSION_OR_OVERRUN,38
EVT:CONTROL_INPUT_IMPROPER,TRIGGERS,EVT:RUNWAY_EXCURSION_OR_OVERRUN,2
EVT:CONTROL_INPUT_IMPROPER,INHIBITS,EVT:RUNWAY_EXCURSION_OR_OVERRUN,2
EVT:CONTROL_INPUT_IMPROPER,PREVENTS,EVT:RUNWAY_EXCURSION_OR_OVERRUN,1
EVT:CONTROL_INPUT_IMPROPER,MITIGATES,EVT:RUNWAY_EXCURSION_OR_OVERRUN,1
EVT:CONTROL_INPUT_IMPROPER,INDUCED_CONDITION,COND:aerodynamic,71
EVT:CONTROL_INPUT_IMPROPER,CAUSES,COND:aerodynamic,35
EVT:CONTROL_INPUT_IMPROPER,CONTRIBUTES_TO,COND:aerodynamic,3
EVT:CONTROL_INPUT_IMPROPER,RESPONDS_TO,COND:aerodynamic,2
EVT:CONTROL_INPUT_IMPROPER,UNDER_CONDITION,COND:aerodynamic,15
EVT:CONTROL_INPUT_IMPROPER,TRIGGERS,COND:aerodynamic,1
EVT:CONTROL_INPUT_IMPROPER,CONCURRENT,COND:aerodynamic,1
EVT:CONTROL_INPUT_IMPROPER,CONCURRENT,EVT:PROCEDURE_NOT_FOLLOWED,10
EVT:CONTROL_INPUT_IMPROPER,TRIGGERS,EVT:PROCEDURE_NOT_FOLLOWED,17
EVT:CONTROL_INPUT_IMPROPER,CAUSES,EVT:PROCEDURE_NOT_FOLLOWED,17
EVT:CONTROL_INPUT_IMPROPER,RESPONDS_TO,EVT:PROCEDURE_NOT_FOLLOWED,5
EVT:CONTROL_INPUT_IMPROPER,CONTRIBUTES_TO,EVT:PROCEDURE_NOT_FOLLOWED,2
EVT:CONTROL_INPUT_IMPROPER,PRECEDES,EVT:PROCEDURE_NOT_FOLLOWED,1
EVT:CONTROL_INPUT_IMPROPER,CAUSES,EVT:ENGINE_FAILURE,37
EVT:CONTROL_INPUT_IMPROPER,CONTRIBUTES_TO,EVT:ENGINE_FAILURE,9
EVT:CONTROL_INPUT_IMPROPER,TRIGGERS,EVT:ENGINE_FAILURE,4
EVT:CONTROL_INPUT_IMPROPER,RESPONDS_TO,EVT:ENGINE_FAILURE,4
EVT:CONTROL_INPUT_IMPROPER,CONCURRENT,EVT:ENGINE_FAILURE,2
EVT:CONTROL_INPUT_IMPROPER,PREVENTS,EVT:ENGINE_FAILURE,1
EVT:CONTROL_INPUT_IMPROPER,CAUSES,EVT:WIND_SHEAR_OR_GUST,3
EVT:CONTROL_INPUT_IMPROPER,ENABLES,EVT:WIND_SHEAR_OR_GUST,1
EVT:CONTROL_INPUT_IMPROPER,RESPONDS_TO,EVT:WIND_SHEAR_OR_GUST,1
EVT:CONTROL_INPUT_IMPROPER,CONCURRENT,EVT:WIND_SHEAR_OR_GUST,4
EVT:CONTROL_INPUT_IMPROPER,CAUSES,EVT:EMERGENCY_LANDING,8
EVT:CONTROL_INPUT_IMPROPER,UNDER_CONDITION,COND:environmental,94
EVT:CONTROL_INPUT_IMPROPER,CAUSES,COND:environmental,7
EVT:CONTROL_INPUT_IMPROPER,RESPONDS_TO,COND:environmental,7
EVT:CONTROL_INPUT_IMPROPER,CO_OCCURS,COND:environmental,1
EVT:CONTROL_INPUT_IMPROPER,INDUCED_CONDITION,COND:environmental,4
EVT:CONTROL_INPUT_IMPROPER,CONCURRENT,EVT:PERCEPTION_FAILURE,3
EVT:CONTROL_INPUT_IMPROPER,CONTRIBUTES_TO,EVT:PERCEPTION_FAILURE,5
EVT:CONTROL_INPUT_IMPROPER,CAUSES,EVT:PERCEPTION_FAILURE,9
EVT:CONTROL_INPUT_IMPROPER,MASKED_BY_CONDITION,EVT:PERCEPTION_FAILURE,1
EVT:CONTROL_INPUT_IMPROPER,PRECEDES,EVT:PERCEPTION_FAILURE,1
EVT:CONTROL_INPUT_IMPROPER,CAUSES,EVT:MIDAIR_COLLISION,26
EVT:CONTROL_INPUT_IMPROPER,CONTRIBUTES_TO,EVT:MIDAIR_COLLISION,2
EVT:CONTROL_INPUT_IMPROPER,TRIGGERS,EVT:LOSS_OF_CONTROL_GROUND,2
EVT:CONTROL_INPUT_IMPROPER,CAUSES,EVT:LOSS_OF_CONTROL_GROUND,195
EVT:CONTROL_INPUT_IMPROPER,CONTRIBUTES_TO,EVT:LOSS_OF_CONTROL_GROUND,21
EVT:CONTROL_INPUT_IMPROPER,INHIBITS,EVT:LOSS_OF_CONTROL_GROUND,1
EVT:CONTROL_INPUT_IMPROPER,CONCURRENT,EVT:LOSS_OF_CONTROL_GROUND,1
EVT:CONTROL_INPUT_IMPROPER,RESPONDS_TO,EVT:LOSS_OF_CONTROL_GROUND,3
EVT:CONTROL_INPUT_IMPROPER,PREVENTS,EVT:LOSS_OF_CONTROL_GROUND,1
EVT:CONTROL_INPUT_IMPROPER,MITIGATES,EVT:LOSS_OF_CONTROL_GROUND,1
EVT:CONTROL_INPUT_IMPROPER,UNDER_CONDITION,COND:cognitive,1
EVT:CONTROL_INPUT_IMPROPER,UNDER_CONDITION,COND:weather,64
EVT:CONTROL_INPUT_IMPROPER,CONCURRENT,COND:weather,1
EVT:CONTROL_INPUT_IMPROPER,CONTRIBUTES_TO,COND:weather,1
EVT:CONTROL_INPUT_IMPROPER,RESPONDS_TO,COND:weather,4
EVT:CONTROL_INPUT_IMPROPER,CAUSES,EVT:TERRAIN_OR_OBSTACLE_PROXIMITY,68
EVT:CONTROL_INPUT_IMPROPER,CONTRIBUTES_TO,EVT:TERRAIN_OR_OBSTACLE_PROXIMITY,3
EVT:CONTROL_INPUT_IMPROPER,CAUSES,EVT:STALL,150
EVT:CONTROL_INPUT_IMPROPER,RESPONDS_TO,EVT:STALL,2
EVT:CONTROL_INPUT_IMPROPER,CONTRIBUTES_TO,EVT:STALL,7
EVT:CONTROL_INPUT_IMPROPER,CONCURRENT,EVT:STALL,1
EVT:CONTROL_INPUT_IMPROPER,CAUSES,EVT:ALTITUDE_DEVIATION_UNCONTROLLED,50
EVT:CONTROL_INPUT_IMPROPER,CONTRIBUTES_TO,EVT:ALTITUDE_DEVIATION_UNCONTROLLED,4
EVT:CONTROL_INPUT_IMPROPER,MITIGATES,EVT:ALTITUDE_DEVIATION_UNCONTROLLED,1
EVT:CONTROL_INPUT_IMPROPER,CAUSES,COND:mechanical,31
EVT:CONTROL_INPUT_IMPROPER,INDUCED_CONDITION,COND:mechanical,29
EVT:CONTROL_INPUT_IMPROPER,TRIGGERS,COND:mechanical,3
EVT:CONTROL_INPUT_IMPROPER,UNDER_CONDITION,COND:mechanical,17
EVT:CONTROL_INPUT_IMPROPER,INHIBITS,COND:mechanical,1
EVT:CONTROL_INPUT_IMPROPER,CONTRIBUTES_TO,COND:mechanical,4
EVT:CONTROL_INPUT_IMPROPER,RESPONDS_TO,COND:mechanical,2
EVT:CONTROL_INPUT_IMPROPER,CONCURRENT,COND:mechanical,1
EVT:CONTROL_INPUT_IMPROPER,CONTRIBUTES_TO,EVT:LOSS_OF_CONTROL_INFLIGHT,26
EVT:CONTROL_INPUT_IMPROPER,CAUSES,EVT:LOSS_OF_CONTROL_INFLIGHT,153
EVT:CONTROL_INPUT_IMPROPER,RESPONDS_TO,EVT:LOSS_OF_CONTROL_INFLIGHT,2
EVT:CONTROL_INPUT_IMPROPER,TRIGGERS,EVT:LOSS_OF_CONTROL_INFLIGHT,1
EVT:CONTROL_INPUT_IMPROPER,CONCURRENT,EVT:LOSS_OF_CONTROL_INFLIGHT,1
EVT:CONTROL_INPUT_IMPROPER,CAUSES,EVT:DECISION_INAPPROPRIATE,16
EVT:CONTROL_INPUT_IMPROPER,TRIGGERS,EVT:DECISION_INAPPROPRIATE,18
EVT:CONTROL_INPUT_IMPROPER,RESPONDS_TO,EVT:DECISION_INAPPROPRIATE,1
EVT:CONTROL_INPUT_IMPROPER,CONCURRENT,EVT:DECISION_INAPPROPRIATE,3
EVT:CONTROL_INPUT_IMPROPER,CONTRIBUTES_TO,EVT:DECISION_INAPPROPRIATE,3
EVT:CONTROL_INPUT_IMPROPER,UNDER_CONDITION,COND:spatial,4
EVT:CONTROL_INPUT_IMPROPER,CAUSES,COND:spatial,2
EVT:CONTROL_INPUT_IMPROPER,INDUCED_CONDITION,COND:spatial,2
EVT:CONTROL_INPUT_IMPROPER,CAUSES,EVT:SUCCESSFUL_RECOVERY,4
EVT:CONTROL_INPUT_IMPROPER,CAUSES,EVT:CONTROL_SURFACE_ANOMALY,10
EVT:CONTROL_INPUT_IMPROPER,RESPONDS_TO,EVT:CONTROL_SURFACE_ANOMALY,1
EVT:CONTROL_INPUT_IMPROPER,TRIGGERS,EVT:CONTROL_SURFACE_ANOMALY,6
EVT:CONTROL_INPUT_IMPROPER,CAUSES,EVT:STRUCTURAL_OVERLOAD,21
EVT:CONTROL_INPUT_IMPROPER,UNDER_CONDITION,COND:physiological,1
EVT:CONTROL_INPUT_IMPROPER,CAUSES,EVT:BIRD_OR_WILDLIFE_STRIKE,2
EVT:CONTROL_INPUT_IMPROPER,CAUSES,COND:latent_defect,1
EVT:CONTROL_INPUT_IMPROPER,CONCURRENT,EVT:TURBULENCE_ENCOUNTER,1
EVT:CONTROL_INPUT_IMPROPER,CAUSES,EVT:TURBULENCE_ENCOUNTER,5
EVT:CONTROL_INPUT_IMPROPER,CONTRIBUTES_TO,EVT:TURBULENCE_ENCOUNTER,1
EVT:CONTROL_INPUT_IMPROPER,CAUSES,EVT:GROUND_PERSONNEL_ERROR,3
EVT:CONTROL_INPUT_IMPROPER,INDUCED_CONDITION,COND:operational,5
EVT:CONTROL_INPUT_IMPROPER,CONTRIBUTES_TO,COND:operational,1
EVT:CONTROL_INPUT_IMPROPER,UNDER_CONDITION,COND:operational,6
EVT:CONTROL_INPUT_IMPROPER,CAUSES,COND:operational,1
EVT:CONTROL_INPUT_IMPROPER,CONCURRENT,COND:operational,1
EVT:CONTROL_INPUT_IMPROPER,CAUSES,EVT:AIRFRAME_STRUCTURAL_FAILURE,19
EVT:CONTROL_INPUT_IMPROPER,CONTRIBUTES_TO,EVT:AIRFRAME_STRUCTURAL_FAILURE,3
EVT:CONTROL_INPUT_IMPROPER,TRIGGERS,EVT:AIRFRAME_STRUCTURAL_FAILURE,3
EVT:CONTROL_INPUT_IMPROPER,CAUSES,COND:structural,1
EVT:CONTROL_INPUT_IMPROPER,CAUSES,COND:state,1
EVT:CONTROL_INPUT_IMPROPER,CAUSES,EVT:WATER_IMPACT,7
EVT:CONTROL_INPUT_IMPROPER,UNDER_CONDITION,COND:terrain,10
EVT:CONTROL_INPUT_IMPROPER,RESPONDS_TO,COND:terrain,1
EVT:CONTROL_INPUT_IMPROPER,CAUSES,COND:terrain,1
EVT:CONTROL_INPUT_IMPROPER,TRIGGERS,EVT:PILOT_INCAPACITATION_OR_IMPAIRMENT,1
EVT:CONTROL_INPUT_IMPROPER,CAUSES,EVT:RUNWAY_CONDITION_HAZARD,3
EVT:CONTROL_INPUT_IMPROPER,UNDER_CONDITION,COND:ergonomic,1
EVT:CONTROL_INPUT_IMPROPER,CAUSES,EVT:INFLIGHT_FIRE_OR_SMOKE,3
EVT:CONTROL_INPUT_IMPROPER,UNDER_CONDITION,COND:organizational,2
EVT:CONTROL_INPUT_IMPROPER,UNDER_CONDITION,COND:procedural,1
EVT:CONTROL_INPUT_IMPROPER,CAUSES,EVT:GROUND_LOOP,4
EVT:CONTROL_INPUT_IMPROPER,CAUSES,COND:other,1
EVT:CONTROL_INPUT_IMPROPER,UNDER_CONDITION,COND:other,2
EVT:CONTROL_INPUT_IMPROPER,INDUCED_CONDITION,COND:other,1
EVT:CONTROL_INPUT_IMPROPER,UNDER_CONDITION,COND:pilot,1
EVT:CONTROL_INPUT_IMPROPER,CONTRIBUTES_TO,EVT:GROUND_COLLISION,1
EVT:CONTROL_INPUT_IMPROPER,CAUSES,EVT:GROUND_COLLISION,8
EVT:CONTROL_INPUT_IMPROPER,RESPONDS_TO,EVT:GROUND_COLLISION,1
EVT:CONTROL_INPUT_IMPROPER,CAUSES,COND:human_factors,1
EVT:CONTROL_INPUT_IMPROPER,INDUCED_CONDITION,COND:human_factors,3
EVT:CONTROL_INPUT_IMPROPER,UNDER_CONDITION,COND:human_factors,1
EVT:CONTROL_INPUT_IMPROPER,TRIGGERS,EVT:CREW_COORDINATION_FAILURE,2
EVT:CONTROL_INPUT_IMPROPER,CAUSES,EVT:CREW_COORDINATION_FAILURE,1
EVT:CONTROL_INPUT_IMPROPER,UNDER_CONDITION,COND:infrastructure,1
EVT:CONTROL_INPUT_IMPROPER,UNDER_CONDITION,COND:aircraft_configuration,1
EVT:CONTROL_INPUT_IMPROPER,UNDER_CONDITION,COND:visual,2
EVT:CONTROL_INPUT_IMPROPER,TRIGGERS,EVT:BRAKE_FAILURE,1
EVT:CONTROL_INPUT_IMPROPER,UNDER_CONDITION,COND:skill,1
EVT:CONTROL_INPUT_IMPROPER,INDUCED_CONDITION,COND:human_factor,1
EVT:CONTROL_INPUT_IMPROPER,UNDER_CONDITION,COND:human_factor,1
EVT:CONTROL_INPUT_IMPROPER,TRIGGERS,EVT:FLIGHT_CONTROL_ANOMALY,1
EVT:CONTROL_INPUT_IMPROPER,UNDER_CONDITION,COND:regulatory,1
EVT:CONTROL_INPUT_IMPROPER,INDUCED_CONDITION,COND:configuration,1
EVT:CONTROL_INPUT_IMPROPER,CAUSES,EVT:LOW_VISIBILITY_OR_IMC,3
EVT:CONTROL_INPUT_IMPROPER,UNDER_CONDITION,COND:performance,1
EVT:CONTROL_INPUT_IMPROPER,INDUCED_CONDITION,COND:performance,1
EVT:CONTROL_INPUT_IMPROPER,UNDER_CONDITION,COND:surface,2
EVT:CONTROL_INPUT_IMPROPER,INDUCED_CONDITION,COND:aircraft_state,1
EVT:CONTROL_INPUT_IMPROPER,UNDER_CONDITION,COND:design,1
EVT:CONTROL_INPUT_IMPROPER,CAUSES,COND:physical,2
EVT:CONTROL_INPUT_IMPROPER,UNDER_CONDITION,COND:physical,1
EVT:CONTROL_INPUT_IMPROPER,INDUCED_CONDITION,COND:physical,1
EVT:CONTROL_INPUT_IMPROPER,UNDER_CONDITION,COND:weight,1
EVT:CONTROL_INPUT_IMPROPER,AFFECTED,ENT:aircraft,1
EVT:CONTROL_INPUT_IMPROPER,TRIGGERS,EVT:AUTOMATION_ANOMALY,2
EVT:CONTROL_INPUT_IMPROPER,UNDER_CONDITION,COND:communication,1
EVT:CONTROL_INPUT_IMPROPER,CONTRIBUTES_TO,EVT:FUEL_SYSTEM_ANOMALY,1
EVT:CONTROL_INPUT_IMPROPER,CONTRIBUTES_TO,EVT:SPATIAL_DISORIENTATION,1
EVT:CONTROL_INPUT_IMPROPER,CAUSES,EVT:SPATIAL_DISORIENTATION,1
EVT:CONTROL_INPUT_IMPROPER,CAUSES,EVT:INFLIGHT_BREAKUP,1
EVT:CONTROL_INPUT_IMPROPER,UNDER_CONDITION,COND:structural_defect,1
EVT:CONTROL_INPUT_IMPROPER,INDUCED_CONDITION,COND:unknown,1
EVT:CONTROL_INPUT_IMPROPER,RESPONDS_TO,ENT:person,1
EVT:CONTROL_INPUT_IMPROPER,CAUSES,EVT:GROUND_LOSS_OF_CONTROL,1
EVT:CONTROL_INPUT_IMPROPER,TRIGGERS,EVT:EXTERNAL_OBJECT_STRIKE,1
EVT:CONTROL_INPUT_IMPROPER,INDUCED_CONDITION,COND:situational_awareness,1
EVT:CONTROL_INPUT_IMPROPER,UNDER_CONDITION,COND:perceptual,1
COND:procedural,CONTRIBUTES_TO,EVT:CONTROL_INPUT_IMPROPER,1
COND:procedural,CAUSES,EVT:EMERGENCY_LANDING,1
COND:procedural,CAUSES,EVT:PERCEPTION_FAILURE,3
COND:procedural,CONTRIBUTES_TO,EVT:PERCEPTION_FAILURE,1
COND:procedural,CONTRIBUTES_TO,EVT:CONTROL_SURFACE_ANOMALY,2
COND:procedural,ENABLES,EVT:CONTROL_SURFACE_ANOMALY,1
COND:procedural,CONTRIBUTES_TO,EVT:DECISION_INAPPROPRIATE,1
COND:procedural,TRIGGERS,EVT:DECISION_INAPPROPRIATE,1
COND:procedural,ENABLES,EVT:DECISION_INAPPROPRIATE,1
COND:procedural,CAUSES,EVT:DECISION_INAPPROPRIATE,1
COND:procedural,ENABLES,COND:mechanical,2
COND:procedural,CAUSES,COND:mechanical,2
COND:procedural,ENABLES,EVT:RUNWAY_EXCURSION_OR_OVERRUN,1
COND:procedural,CAUSES,EVT:PROCEDURE_NOT_FOLLOWED,1
COND:procedural,ENABLES,EVT:PROCEDURE_NOT_FOLLOWED,1
COND:procedural,CAUSES,EVT:ENGINE_FAILURE,3
COND:procedural,CONTRIBUTES_TO,EVT:ENGINE_FAILURE,1
COND:procedural,CONTRIBUTES_TO,EVT:TERRAIN_OR_OBSTACLE_PROXIMITY,1
COND:procedural,CAUSES,COND:knowledge,1
COND:procedural,CONTRIBUTES_TO,EVT:WIND_SHEAR_OR_GUST,1
COND:procedural,ENABLES,COND:terrain,1
COND:procedural,CAUSES,EVT:LOSS_OF_CONTROL_GROUND,1
COND:procedural,CONTRIBUTES_TO,EVT:LOSS_OF_CONTROL_INFLIGHT,1
EVT:LANDING_GEAR_ANOMALY,CAUSES,EVT:ENGINE_FAILURE,2
EVT:LANDING_GEAR_ANOMALY,CAUSES,EVT:GROUND_IMPACT,110
EVT:LANDING_GEAR_ANOMALY,CONTRIBUTES_TO,EVT:GROUND_IMPACT,9
EVT:LANDING_GEAR_ANOMALY,TRIGGERS,EVT:PROCEDURE_NOT_FOLLOWED,3
EVT:LANDING_GEAR_ANOMALY,RESPONDS_TO,EVT:PROCEDURE_NOT_FOLLOWED,9
EVT:LANDING_GEAR_ANOMALY,CONCURRENT,EVT:CONTROL_INPUT_IMPROPER,1
EVT:LANDING_GEAR_ANOMALY,RESPONDS_TO,EVT:CONTROL_INPUT_IMPROPER,2
EVT:LANDING_GEAR_ANOMALY,CAUSES,EVT:CONTROL_INPUT_IMPROPER,2
EVT:LANDING_GEAR_ANOMALY,TRIGGERS,EVT:CONTROL_INPUT_IMPROPER,3
EVT:LANDING_GEAR_ANOMALY,CONTRIBUTES_TO,EVT:CONTROL_INPUT_IMPROPER,1
EVT:LANDING_GEAR_ANOMALY,CAUSES,EVT:RUNWAY_EXCURSION_OR_OVERRUN,57
EVT:LANDING_GEAR_ANOMALY,CONTRIBUTES_TO,EVT:RUNWAY_EXCURSION_OR_OVERRUN,2
EVT:LANDING_GEAR_ANOMALY,UNDER_CONDITION,COND:mechanical,19
EVT:LANDING_GEAR_ANOMALY,INDUCED_CONDITION,COND:mechanical,16
EVT:LANDING_GEAR_ANOMALY,CAUSES,COND:mechanical,4
EVT:LANDING_GEAR_ANOMALY,CAUSES,EVT:LANDING_GEAR_ANOMALY,6
EVT:LANDING_GEAR_ANOMALY,CAUSES,COND:information,1
EVT:LANDING_GEAR_ANOMALY,CAUSES,EVT:AIRFRAME_STRUCTURAL_FAILURE,11
EVT:LANDING_GEAR_ANOMALY,CONTRIBUTES_TO,EVT:AIRFRAME_STRUCTURAL_FAILURE,1
EVT:LANDING_GEAR_ANOMALY,RESPONDS_TO,EVT:PERCEPTION_FAILURE,1
EVT:LANDING_GEAR_ANOMALY,CAUSES,EVT:PERCEPTION_FAILURE,5
EVT:LANDING_GEAR_ANOMALY,MASKED_BY_CONDITION,EVT:PERCEPTION_FAILURE,4
EVT:LANDING_GEAR_ANOMALY,TRIGGERS,EVT:PERCEPTION_FAILURE,1
EVT:LANDING_GEAR_ANOMALY,CAUSES,EVT:LOSS_OF_CONTROL_GROUND,7
EVT:LANDING_GEAR_ANOMALY,CONTRIBUTES_TO,EVT:LOSS_OF_CONTROL_GROUND,1
EVT:LANDING_GEAR_ANOMALY,RESPONDS_TO,EVT:DECISION_INAPPROPRIATE,4
EVT:LANDING_GEAR_ANOMALY,CAUSES,EVT:DECISION_INAPPROPRIATE,1
EVT:LANDING_GEAR_ANOMALY,CAUSES,EVT:CONTROL_SURFACE_ANOMALY,1
EVT:LANDING_GEAR_ANOMALY,INDUCED_CONDITION,COND:human_factors,1
EVT:LANDING_GEAR_ANOMALY,CAUSES,EVT:EMERGENCY_LANDING,2
EVT:LANDING_GEAR_ANOMALY,CAUSES,EVT:FUEL_SYSTEM_ANOMALY,1
EVT:LANDING_GEAR_ANOMALY,CAUSES,EVT:SUCCESSFUL_RECOVERY,2
EVT:LANDING_GEAR_ANOMALY,UNDER_CONDITION,COND:environmental,1
EVT:LANDING_GEAR_ANOMALY,CAUSES,EVT:GROUND_PERSONNEL_ERROR,1
EVT:LANDING_GEAR_ANOMALY,CAUSES,EVT:STRUCTURAL_OVERLOAD,2
EVT:LANDING_GEAR_ANOMALY,CAUSES,EVT:GROUND_LOOP,1
EVT:LANDING_GEAR_ANOMALY,INDUCED_CONDITION,COND:unknown,1
EVT:LANDING_GEAR_ANOMALY,CAUSES,EVT:INSTRUMENT_OR_AVIONICS_FAILURE,1
EVT:LANDING_GEAR_ANOMALY,CAUSES,EVT:INJURY_OR_FATALITY,2
EVT:LANDING_GEAR_ANOMALY,UNDER_CONDITION,COND:terrain,1
EVT:LANDING_GEAR_ANOMALY,UNDER_CONDITION,COND:surface,1
EVT:LANDING_GEAR_ANOMALY,CAUSES,EVT:INFLIGHT_FIRE_OR_SMOKE,2
EVT:LANDING_GEAR_ANOMALY,CAUSES,EVT:LOSS_OF_CONTROL_INFLIGHT,1
EVT:LANDING_GEAR_ANOMALY,CAUSES,COND:instrument,1
COND:fuel_state,CAUSES,EVT:ENGINE_FAILURE,30
COND:fuel_state,ENABLES,EVT:DECISION_INAPPROPRIATE,1
COND:fuel_state,CAUSES,EVT:DECISION_INAPPROPRIATE,1
COND:fuel_state,CAUSES,EVT:FUEL_SYSTEM_ANOMALY,7
COND:fuel_state,UNDER_CONDITION,EVT:FUEL_SYSTEM_ANOMALY,2
COND:fuel_state,ENABLES,EVT:FUEL_SYSTEM_ANOMALY,1
COND:fuel_state,INHIBITS,EVT:PROCEDURE_NOT_FOLLOWED,1
COND:fuel_state,ENABLES,EVT:PROCEDURE_NOT_FOLLOWED,1
COND:fuel_state,CAUSES,COND:fuel_state,1
EVT:PROCEDURE_NOT_FOLLOWED,CAUSES,COND:mechanical,195
EVT:PROCEDURE_NOT_FOLLOWED,UNDER_CONDITION,COND:mechanical,18
EVT:PROCEDURE_NOT_FOLLOWED,INDUCED_CONDITION,COND:mechanical,86
EVT:PROCEDURE_NOT_FOLLOWED,CONTRIBUTES_TO,COND:mechanical,7
EVT:PROCEDURE_NOT_FOLLOWED,ENABLES,COND:mechanical,11
EVT:PROCEDURE_NOT_FOLLOWED,TRIGGERS,COND:mechanical,2
EVT:PROCEDURE_NOT_FOLLOWED,MITIGATES,COND:mechanical,10
EVT:PROCEDURE_NOT_FOLLOWED,PREVENTS,COND:mechanical,3
EVT:PROCEDURE_NOT_FOLLOWED,INHIBITS,COND:mechanical,8
EVT:PROCEDURE_NOT_FOLLOWED,MASKED_BY_CONDITION,COND:mechanical,2
EVT:PROCEDURE_NOT_FOLLOWED,RESPONDS_TO,COND:mechanical,4
EVT:PROCEDURE_NOT_FOLLOWED,DETECTS,COND:mechanical,2
EVT:PROCEDURE_NOT_FOLLOWED,CONCURRENT,COND:mechanical,1
EVT:PROCEDURE_NOT_FOLLOWED,CAUSES,EVT:EMERGENCY_LANDING,10
EVT:PROCEDURE_NOT_FOLLOWED,CONTRIBUTES_TO,EVT:EMERGENCY_LANDING,1
EVT:PROCEDURE_NOT_FOLLOWED,CAUSES,EVT:ENGINE_FAILURE,48
EVT:PROCEDURE_NOT_FOLLOWED,MITIGATES,EVT:ENGINE_FAILURE,3
EVT:PROCEDURE_NOT_FOLLOWED,CONTRIBUTES_TO,EVT:ENGINE_FAILURE,13
EVT:PROCEDURE_NOT_FOLLOWED,PREVENTS,EVT:ENGINE_FAILURE,6
EVT:PROCEDURE_NOT_FOLLOWED,RESPONDS_TO,EVT:ENGINE_FAILURE,5
EVT:PROCEDURE_NOT_FOLLOWED,CONCURRENT,EVT:ENGINE_FAILURE,4
EVT:PROCEDURE_NOT_FOLLOWED,INHIBITS,EVT:ENGINE_FAILURE,5
EVT:PROCEDURE_NOT_FOLLOWED,TRIGGERS,EVT:ENGINE_FAILURE,4
EVT:PROCEDURE_NOT_FOLLOWED,CAUSES,EVT:GROUND_IMPACT,153
EVT:PROCEDURE_NOT_FOLLOWED,CONTRIBUTES_TO,EVT:GROUND_IMPACT,25
EVT:PROCEDURE_NOT_FOLLOWED,ENABLES,EVT:GROUND_IMPACT,1
EVT:PROCEDURE_NOT_FOLLOWED,PRECEDES,EVT:GROUND_IMPACT,2
EVT:PROCEDURE_NOT_FOLLOWED,CAUSES,EVT:PROCEDURE_NOT_FOLLOWED,17
EVT:PROCEDURE_NOT_FOLLOWED,RESPONDS_TO,EVT:PROCEDURE_NOT_FOLLOWED,7
EVT:PROCEDURE_NOT_FOLLOWED,CONTRIBUTES_TO,EVT:PROCEDURE_NOT_FOLLOWED,13
EVT:PROCEDURE_NOT_FOLLOWED,CONCURRENT,EVT:PROCEDURE_NOT_FOLLOWED,12
EVT:PROCEDURE_NOT_FOLLOWED,PRECEDES,EVT:PROCEDURE_NOT_FOLLOWED,3
EVT:PROCEDURE_NOT_FOLLOWED,ENABLES,EVT:PROCEDURE_NOT_FOLLOWED,2
EVT:PROCEDURE_NOT_FOLLOWED,TRIGGERS,EVT:PROCEDURE_NOT_FOLLOWED,2
EVT:PROCEDURE_NOT_FOLLOWED,UNDER_CONDITION,COND:operational,5
EVT:PROCEDURE_NOT_FOLLOWED,INDUCED_CONDITION,COND:operational,6
EVT:PROCEDURE_NOT_FOLLOWED,PREVENTS,COND:operational,1
EVT:PROCEDURE_NOT_FOLLOWED,CAUSES,COND:operational,7
EVT:PROCEDURE_NOT_FOLLOWED,CAUSES,COND:resource,2
EVT:PROCEDURE_NOT_FOLLOWED,CONTRIBUTES_TO,COND:resource,1
EVT:PROCEDURE_NOT_FOLLOWED,CAUSES,EVT:CONTROL_INPUT_IMPROPER,62
EVT:PROCEDURE_NOT_FOLLOWED,CONTRIBUTES_TO,EVT:CONTROL_INPUT_IMPROPER,31
EVT:PROCEDURE_NOT_FOLLOWED,CONCURRENT,EVT:CONTROL_INPUT_IMPROPER,6
EVT:PROCEDURE_NOT_FOLLOWED,CO_OCCURS,EVT:CONTROL_INPUT_IMPROPER,1
EVT:PROCEDURE_NOT_FOLLOWED,MASKED_BY_CONDITION,EVT:CONTROL_INPUT_IMPROPER,1
EVT:PROCEDURE_NOT_FOLLOWED,PRECEDES,EVT:CONTROL_INPUT_IMPROPER,14
EVT:PROCEDURE_NOT_FOLLOWED,TRIGGERS,EVT:CONTROL_INPUT_IMPROPER,12
EVT:PROCEDURE_NOT_FOLLOWED,RESPONDS_TO,EVT:CONTROL_INPUT_IMPROPER,3
EVT:PROCEDURE_NOT_FOLLOWED,CONTEXT,EVT:CONTROL_INPUT_IMPROPER,1
EVT:PROCEDURE_NOT_FOLLOWED,ENABLES,EVT:CONTROL_INPUT_IMPROPER,1
EVT:PROCEDURE_NOT_FOLLOWED,INDUCED_CONDITION,COND:organizational,5
EVT:PROCEDURE_NOT_FOLLOWED,CAUSES,COND:organizational,5
EVT:PROCEDURE_NOT_FOLLOWED,UNDER_CONDITION,COND:organizational,2
EVT:PROCEDURE_NOT_FOLLOWED,RESPONDS_TO,EVT:LANDING_GEAR_ANOMALY,3
EVT:PROCEDURE_NOT_FOLLOWED,PRECEDES,EVT:LANDING_GEAR_ANOMALY,1
EVT:PROCEDURE_NOT_FOLLOWED,CAUSES,EVT:LANDING_GEAR_ANOMALY,21
EVT:PROCEDURE_NOT_FOLLOWED,TRIGGERS,EVT:LANDING_GEAR_ANOMALY,3
EVT:PROCEDURE_NOT_FOLLOWED,CONTRIBUTES_TO,EVT:LANDING_GEAR_ANOMALY,4
EVT:PROCEDURE_NOT_FOLLOWED,CONCURRENT,EVT:LANDING_GEAR_ANOMALY,1
EVT:PROCEDURE_NOT_FOLLOWED,CONTRIBUTES_TO,EVT:PERCEPTION_FAILURE,20
EVT:PROCEDURE_NOT_FOLLOWED,CONCURRENT,EVT:PERCEPTION_FAILURE,4
EVT:PROCEDURE_NOT_FOLLOWED,CAUSES,EVT:PERCEPTION_FAILURE,13
EVT:PROCEDURE_NOT_FOLLOWED,ENABLES,EVT:PERCEPTION_FAILURE,1
EVT:PROCEDURE_NOT_FOLLOWED,TRIGGERS,EVT:PERCEPTION_FAILURE,3
EVT:PROCEDURE_NOT_FOLLOWED,MASKED_BY_CONDITION,EVT:PERCEPTION_FAILURE,1
EVT:PROCEDURE_NOT_FOLLOWED,CAUSES,EVT:RUNWAY_EXCURSION_OR_OVERRUN,56
EVT:PROCEDURE_NOT_FOLLOWED,CONTRIBUTES_TO,EVT:RUNWAY_EXCURSION_OR_OVERRUN,19
EVT:PROCEDURE_NOT_FOLLOWED,RESPONDS_TO,EVT:RUNWAY_EXCURSION_OR_OVERRUN,1
EVT:PROCEDURE_NOT_FOLLOWED,CAUSES,COND:human,1
EVT:PROCEDURE_NOT_FOLLOWED,UNDER_CONDITION,COND:human,2
EVT:PROCEDURE_NOT_FOLLOWED,INDUCED_CONDITION,COND:human,1
EVT:PROCEDURE_NOT_FOLLOWED,UNDER_CONDITION,COND:weather,38
EVT:PROCEDURE_NOT_FOLLOWED,CAUSES,COND:weather,1
EVT:PROCEDURE_NOT_FOLLOWED,ENABLES,COND:weather,1
EVT:PROCEDURE_NOT_FOLLOWED,CONTRIBUTES_TO,COND:weather,1
EVT:PROCEDURE_NOT_FOLLOWED,CAUSES,EVT:AIRFRAME_STRUCTURAL_FAILURE,2
EVT:PROCEDURE_NOT_FOLLOWED,CONTRIBUTES_TO,EVT:AIRFRAME_STRUCTURAL_FAILURE,1
EVT:PROCEDURE_NOT_FOLLOWED,INHIBITS,EVT:AIRFRAME_STRUCTURAL_FAILURE,1
EVT:PROCEDURE_NOT_FOLLOWED,CONTRIBUTES_TO,EVT:LOSS_OF_CONTROL_GROUND,8
EVT:PROCEDURE_NOT_FOLLOWED,CAUSES,EVT:LOSS_OF_CONTROL_GROUND,13
EVT:PROCEDURE_NOT_FOLLOWED,RESPONDS_TO,EVT:LOSS_OF_CONTROL_GROUND,1
EVT:PROCEDURE_NOT_FOLLOWED,ENABLES,EVT:LOSS_OF_CONTROL_GROUND,1
EVT:PROCEDURE_NOT_FOLLOWED,TRIGGERS,EVT:LOSS_OF_CONTROL_GROUND,1
EVT:PROCEDURE_NOT_FOLLOWED,CAUSES,EVT:LOSS_OF_CONTROL_INFLIGHT,34
EVT:PROCEDURE_NOT_FOLLOWED,CONTRIBUTES_TO,EVT:LOSS_OF_CONTROL_INFLIGHT,12
EVT:PROCEDURE_NOT_FOLLOWED,PRECEDES,EVT:LOSS_OF_CONTROL_INFLIGHT,2
EVT:PROCEDURE_NOT_FOLLOWED,CONCURRENT,EVT:LOSS_OF_CONTROL_INFLIGHT,1
EVT:PROCEDURE_NOT_FOLLOWED,TRIGGERS,EVT:DECISION_INAPPROPRIATE,8
EVT:PROCEDURE_NOT_FOLLOWED,CONTRIBUTES_TO,EVT:DECISION_INAPPROPRIATE,19
EVT:PROCEDURE_NOT_FOLLOWED,CAUSES,EVT:DECISION_INAPPROPRIATE,21
EVT:PROCEDURE_NOT_FOLLOWED,PRECEDES,EVT:DECISION_INAPPROPRIATE,5
EVT:PROCEDURE_NOT_FOLLOWED,ENABLES,EVT:DECISION_INAPPROPRIATE,1
EVT:PROCEDURE_NOT_FOLLOWED,RESPONDS_TO,EVT:DECISION_INAPPROPRIATE,4
EVT:PROCEDURE_NOT_FOLLOWED,INHIBITS,EVT:DECISION_INAPPROPRIATE,1
EVT:PROCEDURE_NOT_FOLLOWED,CONCURRENT,EVT:DECISION_INAPPROPRIATE,1
EVT:PROCEDURE_NOT_FOLLOWED,CAUSES,EVT:FUEL_SYSTEM_ANOMALY,10
EVT:PROCEDURE_NOT_FOLLOWED,PREVENTS,EVT:FUEL_SYSTEM_ANOMALY,1
EVT:PROCEDURE_NOT_FOLLOWED,CAUSES,EVT:STALL,29
EVT:PROCEDURE_NOT_FOLLOWED,CONTRIBUTES_TO,EVT:STALL,6
EVT:PROCEDURE_NOT_FOLLOWED,CAUSES,EVT:SUCCESSFUL_RECOVERY,13
EVT:PROCEDURE_NOT_FOLLOWED,CONCURRENT,EVT:SUCCESSFUL_RECOVERY,1
EVT:PROCEDURE_NOT_FOLLOWED,CAUSES,COND:aerodynamic,14
EVT:PROCEDURE_NOT_FOLLOWED,INDUCED_CONDITION,COND:aerodynamic,12
EVT:PROCEDURE_NOT_FOLLOWED,INHIBITS,COND:aerodynamic,1
EVT:PROCEDURE_NOT_FOLLOWED,PREVENTS,COND:aerodynamic,1
EVT:PROCEDURE_NOT_FOLLOWED,UNDER_CONDITION,COND:aerodynamic,1
EVT:PROCEDURE_NOT_FOLLOWED,UNDER_CONDITION,COND:spatial,2
EVT:PROCEDURE_NOT_FOLLOWED,CAUSES,COND:spatial,2
EVT:PROCEDURE_NOT_FOLLOWED,INDUCED_CONDITION,COND:spatial,2
EVT:PROCEDURE_NOT_FOLLOWED,CAUSES,EVT:GROUND_COLLISION,3
EVT:PROCEDURE_NOT_FOLLOWED,UNDER_CONDITION,COND:environmental,54
EVT:PROCEDURE_NOT_FOLLOWED,TRIGGERS,COND:environmental,1
EVT:PROCEDURE_NOT_FOLLOWED,INDUCED_CONDITION,COND:environmental,4
EVT:PROCEDURE_NOT_FOLLOWED,CONTEXT,COND:environmental,1
EVT:PROCEDURE_NOT_FOLLOWED,ENABLES,COND:environmental,3
EVT:PROCEDURE_NOT_FOLLOWED,CONCURRENT,COND:environmental,1
EVT:PROCEDURE_NOT_FOLLOWED,CAUSES,COND:environmental,4
EVT:PROCEDURE_NOT_FOLLOWED,CONTRIBUTES_TO,COND:workload,1
EVT:PROCEDURE_NOT_FOLLOWED,CAUSES,COND:procedural,6
EVT:PROCEDURE_NOT_FOLLOWED,UNDER_CONDITION,COND:procedural,6
EVT:PROCEDURE_NOT_FOLLOWED,CONCURRENT,COND:procedural,1
EVT:PROCEDURE_NOT_FOLLOWED,INHIBITS,COND:procedural,1
EVT:PROCEDURE_NOT_FOLLOWED,INDUCED_CONDITION,COND:procedural,1
EVT:PROCEDURE_NOT_FOLLOWED,CAUSES,COND:fuel_flow_interruption,1
EVT:PROCEDURE_NOT_FOLLOWED,CONTRIBUTES_TO,COND:situational_awareness,1
EVT:PROCEDURE_NOT_FOLLOWED,CAUSES,COND:situational_awareness,3
EVT:PROCEDURE_NOT_FOLLOWED,MASKED_BY_CONDITION,COND:situational_awareness,1
EVT:PROCEDURE_NOT_FOLLOWED,UNDER_CONDITION,COND:situational_awareness,1
EVT:PROCEDURE_NOT_FOLLOWED,UNDER_CONDITION,COND:terrain,7
EVT:PROCEDURE_NOT_FOLLOWED,INDUCED_CONDITION,COND:human_factor,2
EVT:PROCEDURE_NOT_FOLLOWED,CAUSES,COND:human_factor,1
EVT:PROCEDURE_NOT_FOLLOWED,INDUCED_CONDITION,COND:human_factors,6
EVT:PROCEDURE_NOT_FOLLOWED,UNDER_CONDITION,COND:human_factors,1
EVT:PROCEDURE_NOT_FOLLOWED,CONTRIBUTES_TO,COND:human_factors,1
EVT:PROCEDURE_NOT_FOLLOWED,UNDER_CONDITION,COND:regulatory,5
EVT:PROCEDURE_NOT_FOLLOWED,CONTRIBUTES_TO,COND:regulatory,1
EVT:PROCEDURE_NOT_FOLLOWED,CONTRIBUTES_TO,EVT:WATER_IMPACT,3
EVT:PROCEDURE_NOT_FOLLOWED,CAUSES,EVT:WATER_IMPACT,4
EVT:PROCEDURE_NOT_FOLLOWED,CAUSES,EVT:TERRAIN_OR_OBSTACLE_PROXIMITY,21
EVT:PROCEDURE_NOT_FOLLOWED,CONTRIBUTES_TO,EVT:TERRAIN_OR_OBSTACLE_PROXIMITY,2
EVT:PROCEDURE_NOT_FOLLOWED,CAUSES,EVT:SPATIAL_DISORIENTATION,8
EVT:PROCEDURE_NOT_FOLLOWED,CONTRIBUTES_TO,EVT:SPATIAL_DISORIENTATION,2
EVT:PROCEDURE_NOT_FOLLOWED,UNDER_CONDITION,COND:physical,1
EVT:PROCEDURE_NOT_FOLLOWED,CAUSES,COND:physical,1
EVT:PROCEDURE_NOT_FOLLOWED,ENABLES,COND:physical,1
EVT:PROCEDURE_NOT_FOLLOWED,RESPONDS_TO,ENT:person,1
EVT:PROCEDURE_NOT_FOLLOWED,UNDER_CONDITION,ENT:person,1
EVT:PROCEDURE_NOT_FOLLOWED,CONTRIBUTES_TO,EVT:ALTITUDE_DEVIATION_UNCONTROLLED,6
EVT:PROCEDURE_NOT_FOLLOWED,CAUSES,EVT:ALTITUDE_DEVIATION_UNCONTROLLED,14
EVT:PROCEDURE_NOT_FOLLOWED,TRIGGERS,EVT:ALTITUDE_DEVIATION_UNCONTROLLED,1
EVT:PROCEDURE_NOT_FOLLOWED,CAUSES,EVT:CONTROL_SURFACE_ANOMALY,3
EVT:PROCEDURE_NOT_FOLLOWED,TRIGGERS,EVT:CONTROL_SURFACE_ANOMALY,2
EVT:PROCEDURE_NOT_FOLLOWED,CONTRIBUTES_TO,EVT:CONTROL_SURFACE_ANOMALY,2
EVT:PROCEDURE_NOT_FOLLOWED,CAUSES,COND:configuration,3
EVT:PROCEDURE_NOT_FOLLOWED,INDUCED_CONDITION,COND:configuration,6
EVT:PROCEDURE_NOT_FOLLOWED,UNDER_CONDITION,COND:equipment,3
EVT:PROCEDURE_NOT_FOLLOWED,CONTRIBUTES_TO,EVT:MIDAIR_COLLISION,7
EVT:PROCEDURE_NOT_FOLLOWED,CAUSES,EVT:MIDAIR_COLLISION,8
EVT:PROCEDURE_NOT_FOLLOWED,CONCURRENT,EVT:MIDAIR_COLLISION,2
EVT:PROCEDURE_NOT_FOLLOWED,CAUSES,EVT:INJURY_OR_FATALITY,3
EVT:PROCEDURE_NOT_FOLLOWED,CONTRIBUTES_TO,EVT:LOW_VISIBILITY_OR_IMC,3
EVT:PROCEDURE_NOT_FOLLOWED,CAUSES,EVT:LOW_VISIBILITY_OR_IMC,2
EVT:PROCEDURE_NOT_FOLLOWED,UNDER_CONDITION,COND:surface,1
EVT:PROCEDURE_NOT_FOLLOWED,CAUSES,COND:fuel_state,9
EVT:PROCEDURE_NOT_FOLLOWED,INDUCED_CONDITION,COND:fuel_state,1
EVT:PROCEDURE_NOT_FOLLOWED,INDUCED_CONDITION,COND:operational_error,1
EVT:PROCEDURE_NOT_FOLLOWED,CONTRIBUTES_TO,COND:fuel,1
EVT:PROCEDURE_NOT_FOLLOWED,CAUSES,COND:fuel,3
EVT:PROCEDURE_NOT_FOLLOWED,INDUCED_CONDITION,COND:fuel,1
EVT:PROCEDURE_NOT_FOLLOWED,CAUSES,EVT:GROUND_INCURSION,1
EVT:PROCEDURE_NOT_FOLLOWED,CAUSES,COND:design,1
EVT:PROCEDURE_NOT_FOLLOWED,CAUSES,EVT:PILOT_INCAPACITATION_OR_IMPAIRMENT,2
EVT:PROCEDURE_NOT_FOLLOWED,CONTRIBUTES_TO,EVT:PILOT_INCAPACITATION_OR_IMPAIRMENT,1
EVT:PROCEDURE_NOT_FOLLOWED,CAUSES,EVT:INFLIGHT_FIRE_OR_SMOKE,4
EVT:PROCEDURE_NOT_FOLLOWED,PREVENTS,EVT:INFLIGHT_FIRE_OR_SMOKE,1
EVT:PROCEDURE_NOT_FOLLOWED,INDUCED_CONDITION,COND:information,1
EVT:PROCEDURE_NOT_FOLLOWED,CAUSES,COND:information,1
EVT:PROCEDURE_NOT_FOLLOWED,INDUCED_CONDITION,COND:cognitive,1
EVT:PROCEDURE_NOT_FOLLOWED,ENABLES,COND:cognitive,1
EVT:PROCEDURE_NOT_FOLLOWED,CAUSES,COND:cognitive,3
EVT:PROCEDURE_NOT_FOLLOWED,UNDER_CONDITION,COND:cognitive,1
EVT:PROCEDURE_NOT_FOLLOWED,CAUSES,COND:knowledge,2
EVT:PROCEDURE_NOT_FOLLOWED,INDUCED_CONDITION,COND:latent_defect,1
EVT:PROCEDURE_NOT_FOLLOWED,UNDER_CONDITION,COND:latent_defect,1
EVT:PROCEDURE_NOT_FOLLOWED,CAUSES,EVT:RUNWAY_CONDITION_HAZARD,1
EVT:PROCEDURE_NOT_FOLLOWED,UNDER_CONDITION,COND:infrastructure,1
EVT:PROCEDURE_NOT_FOLLOWED,CONCURRENT,EVT:CONCURRENT,1
EVT:PROCEDURE_NOT_FOLLOWED,UNDER_CONDITION,COND:mental_state,1
EVT:PROCEDURE_NOT_FOLLOWED,CAUSES,COND:other,1
EVT:PROCEDURE_NOT_FOLLOWED,CONTRIBUTES_TO,COND:other,1
EVT:PROCEDURE_NOT_FOLLOWED,CONTRIBUTES_TO,EVT:ICING_ENCOUNTER,1
EVT:PROCEDURE_NOT_FOLLOWED,CAUSES,EVT:ICING_ENCOUNTER,1
EVT:PROCEDURE_NOT_FOLLOWED,UNDER_CONDITION,COND:spatial_reference,1
EVT:PROCEDURE_NOT_FOLLOWED,UNDER_CONDITION,ENT:aircraft,2
EVT:PROCEDURE_NOT_FOLLOWED,INDUCED_CONDITION,COND:physiological,1
EVT:PROCEDURE_NOT_FOLLOWED,CONTRIBUTES_TO,EVT:WIND_SHEAR_OR_GUST,1
EVT:PROCEDURE_NOT_FOLLOWED,ENABLES,EVT:WIND_SHEAR_OR_GUST,1
EVT:PROCEDURE_NOT_FOLLOWED,RESPONDS_TO,EVT:WIND_SHEAR_OR_GUST,1
EVT:PROCEDURE_NOT_FOLLOWED,CONCURRENT,EVT:WIND_SHEAR_OR_GUST,1
EVT:PROCEDURE_NOT_FOLLOWED,CAUSES,COND:weight,2
EVT:PROCEDURE_NOT_FOLLOWED,INDUCED_CONDITION,COND:weight,1
EVT:PROCEDURE_NOT_FOLLOWED,TRIGGERS,EVT:ATC_OR_DISPATCH_INADEQUATE,2
EVT:PROCEDURE_NOT_FOLLOWED,CAUSES,EVT:ATC_OR_DISPATCH_INADEQUATE,1
EVT:PROCEDURE_NOT_FOLLOWED,CONTRIBUTES_TO,EVT:TAKEOFF,1
EVT:PROCEDURE_NOT_FOLLOWED,CAUSES,EVT:GROUND_PERSONNEL_ERROR,1
EVT:PROCEDURE_NOT_FOLLOWED,CAUSES,COND:communication_gap,1
EVT:PROCEDURE_NOT_FOLLOWED,CONTRIBUTES_TO,COND:medical,1
EVT:PROCEDURE_NOT_FOLLOWED,CAUSES,COND:medical,1
EVT:PROCEDURE_NOT_FOLLOWED,CAUSES,COND:situational,1
EVT:PROCEDURE_NOT_FOLLOWED,UNDER_CONDITION,COND:fatigue,1
EVT:PROCEDURE_NOT_FOLLOWED,CAUSES,COND:instrument_failure_or_unreliability,1
EVT:PROCEDURE_NOT_FOLLOWED,CAUSES,EVT:GROUND_LOOP,1
EVT:PROCEDURE_NOT_FOLLOWED,CONTEXT,COND:weight_balance,1
EVT:PROCEDURE_NOT_FOLLOWED,CAUSES,EVT:AUTOMATION_ANOMALY,1
EVT:PROCEDURE_NOT_FOLLOWED,CAUSES,EVT:BRAKING_ANOMALY,1
EVT:PROCEDURE_NOT_FOLLOWED,CONCURRENT,EVT:TURBULENCE_ENCOUNTER,1
EVT:PROCEDURE_NOT_FOLLOWED,PRECEDES,EVT:TURBULENCE_ENCOUNTER,1
EVT:PROCEDURE_NOT_FOLLOWED,TRIGGERS,EVT:CREW_COORDINATION_FAILURE,1
EVT:PROCEDURE_NOT_FOLLOWED,CAUSES,EVT:GROUND_DAMAGE,1
EVT:PROCEDURE_NOT_FOLLOWED,CAUSES,COND:visual,1
EVT:PROCEDURE_NOT_FOLLOWED,CAUSES,COND:system_state,1
EVT:PROCEDURE_NOT_FOLLOWED,CONTRIBUTES_TO,COND:unknown,1
EVT:PROCEDURE_NOT_FOLLOWED,CAUSES,EVT:STRUCTURAL_OVERLOAD,1
EVT:PROCEDURE_NOT_FOLLOWED,CAUSES,EVT:INSTRUMENT_OR_AVIONICS_FAILURE,2
EVT:PROCEDURE_NOT_FOLLOWED,CONTRIBUTES_TO,COND:maintenance,1
EVT:EMERGENCY_LANDING,CAUSES,EVT:GROUND_IMPACT,123
EVT:EMERGENCY_LANDING,ENABLES,EVT:GROUND_IMPACT,1
EVT:EMERGENCY_LANDING,CAUSES,EVT:EMERGENCY_LANDING,1
EVT:EMERGENCY_LANDING,CAUSES,EVT:RUNWAY_EXCURSION_OR_OVERRUN,9
EVT:EMERGENCY_LANDING,UNDER_CONDITION,COND:environmental,18
EVT:EMERGENCY_LANDING,ENABLES,COND:environmental,1
EVT:EMERGENCY_LANDING,CAUSES,EVT:STALL,1
EVT:EMERGENCY_LANDING,PRECEDES,EVT:PROCEDURE_NOT_FOLLOWED,3
EVT:EMERGENCY_LANDING,UNDER_CONDITION,COND:terrain,1
EVT:EMERGENCY_LANDING,PRECEDES,EVT:CONTROL_INPUT_IMPROPER,1
EVT:EMERGENCY_LANDING,MASKED_BY_CONDITION,COND:mechanical,1
EVT:EMERGENCY_LANDING,CAUSES,EVT:AIRFRAME_STRUCTURAL_FAILURE,1
EVT:EMERGENCY_LANDING,PRECEDES,EVT:DECISION_INAPPROPRIATE,2
EVT:EMERGENCY_LANDING,CAUSES,EVT:DECISION_INAPPROPRIATE,1
EVT:EMERGENCY_LANDING,TRIGGERS,EVT:DECISION_INAPPROPRIATE,1
EVT:EMERGENCY_LANDING,CAUSES,EVT:INJURY_OR_FATALITY,1
EVT:EMERGENCY_LANDING,CAUSES,EVT:LOSS_OF_CONTROL_INFLIGHT,1
EVT:EMERGENCY_LANDING,CAUSES,EVT:TERRAIN_OR_OBSTACLE_PROXIMITY,1
EVT:EMERGENCY_LANDING,CAUSES,EVT:LANDING_GEAR_ANOMALY,3
EVT:EMERGENCY_LANDING,TRIGGERS,EVT:LANDING_GEAR_ANOMALY,1
EVT:EMERGENCY_LANDING,UNDER_CONDITION,COND:weather,1
EVT:EMERGENCY_LANDING,CAUSES,EVT:WATER_IMPACT,1
EVT:EMERGENCY_LANDING,INDUCED_CONDITION,COND:aerodynamic,1
EVT:EMERGENCY_LANDING,UNDER_CONDITION,COND:organizational,1
EVT:MAINTENANCE_INADEQUATE,PREVENTS,COND:mechanical,1
EVT:MAINTENANCE_INADEQUATE,CAUSES,COND:mechanical,57
EVT:MAINTENANCE_INADEQUATE,CONTRIBUTES_TO,COND:mechanical,1
EVT:MAINTENANCE_INADEQUATE,ENABLES,COND:mechanical,3
EVT:MAINTENANCE_INADEQUATE,INDUCED_CONDITION,COND:mechanical,11
EVT:MAINTENANCE_INADEQUATE,MITIGATES,COND:mechanical,1
EVT:MAINTENANCE_INADEQUATE,CAUSES,COND:organizational,10
EVT:MAINTENANCE_INADEQUATE,INDUCED_CONDITION,COND:organizational,2
EVT:MAINTENANCE_INADEQUATE,ENABLES,COND:latent_defect,1
EVT:MAINTENANCE_INADEQUATE,CAUSES,COND:latent_defect,2
EVT:MAINTENANCE_INADEQUATE,MASKED_BY_CONDITION,COND:latent_defect,1
EVT:MAINTENANCE_INADEQUATE,CAUSES,EVT:INSTRUMENT_OR_AVIONICS_FAILURE,1
EVT:MAINTENANCE_INADEQUATE,INDUCED_CONDITION,COND:latent,1
EVT:MAINTENANCE_INADEQUATE,DETECTS,COND:procedural,1
EVT:MAINTENANCE_INADEQUATE,INDUCED_CONDITION,COND:maintenance,2
EVT:MAINTENANCE_INADEQUATE,CAUSES,COND:maintenance,1
EVT:MAINTENANCE_INADEQUATE,INHIBITS,EVT:AIRFRAME_STRUCTURAL_FAILURE,1
EVT:MAINTENANCE_INADEQUATE,CONTRIBUTES_TO,EVT:GROUND_IMPACT,1
EVT:MAINTENANCE_INADEQUATE,CAUSES,COND:regulatory,1
EVT:MAINTENANCE_INADEQUATE,AFFECTS,ENT:component,1
EVT:MAINTENANCE_INADEQUATE,CAUSES,EVT:DECISION_INAPPROPRIATE,1
EVT:MAINTENANCE_INADEQUATE,CAUSES,COND:environmental,1
EVT:MAINTENANCE_INADEQUATE,CAUSES,COND:structural_defect,1
EVT:PERCEPTION_FAILURE,CAUSES,EVT:PROCEDURE_NOT_FOLLOWED,43
EVT:PERCEPTION_FAILURE,RESPONDS_TO,EVT:PROCEDURE_NOT_FOLLOWED,11
EVT:PERCEPTION_FAILURE,TRIGGERS,EVT:PROCEDURE_NOT_FOLLOWED,6
EVT:PERCEPTION_FAILURE,CONTRIBUTES_TO,EVT:PROCEDURE_NOT_FOLLOWED,8
EVT:PERCEPTION_FAILURE,INHIBITS,EVT:PROCEDURE_NOT_FOLLOWED,3
EVT:PERCEPTION_FAILURE,CONCURRENT,EVT:PROCEDURE_NOT_FOLLOWED,1
EVT:PERCEPTION_FAILURE,CONTRIBUTES_TO,EVT:GROUND_IMPACT,19
EVT:PERCEPTION_FAILURE,CAUSES,EVT:GROUND_IMPACT,59
EVT:PERCEPTION_FAILURE,CONCURRENT,EVT:GROUND_IMPACT,2
EVT:PERCEPTION_FAILURE,INHIBITS,EVT:GROUND_IMPACT,1
EVT:PERCEPTION_FAILURE,CAUSES,EVT:LOSS_OF_CONTROL_GROUND,7
EVT:PERCEPTION_FAILURE,CONTRIBUTES_TO,EVT:LOSS_OF_CONTROL_GROUND,1
EVT:PERCEPTION_FAILURE,CAUSES,EVT:DECISION_INAPPROPRIATE,69
EVT:PERCEPTION_FAILURE,RESPONDS_TO,EVT:DECISION_INAPPROPRIATE,8
EVT:PERCEPTION_FAILURE,ENABLES,EVT:DECISION_INAPPROPRIATE,1
EVT:PERCEPTION_FAILURE,CONTRIBUTES_TO,EVT:DECISION_INAPPROPRIATE,6
EVT:PERCEPTION_FAILURE,TRIGGERS,EVT:DECISION_INAPPROPRIATE,8
EVT:PERCEPTION_FAILURE,MASKED_BY_CONDITION,COND:structural_damage,1
EVT:PERCEPTION_FAILURE,INDUCED_CONDITION,COND:human,4
EVT:PERCEPTION_FAILURE,CAUSES,EVT:LANDING_GEAR_ANOMALY,3
EVT:PERCEPTION_FAILURE,CONTRIBUTES_TO,EVT:LANDING_GEAR_ANOMALY,1
EVT:PERCEPTION_FAILURE,MITIGATES,EVT:SUCCESSFUL_RECOVERY,1
EVT:PERCEPTION_FAILURE,UNDER_CONDITION,COND:procedural,3
EVT:PERCEPTION_FAILURE,CAUSES,EVT:RUNWAY_EXCURSION_OR_OVERRUN,20
EVT:PERCEPTION_FAILURE,CONTRIBUTES_TO,EVT:RUNWAY_EXCURSION_OR_OVERRUN,4
EVT:PERCEPTION_FAILURE,CONTRIBUTES_TO,EVT:MIDAIR_COLLISION,12
EVT:PERCEPTION_FAILURE,CAUSES,EVT:MIDAIR_COLLISION,27
EVT:PERCEPTION_FAILURE,INHIBITS,EVT:MIDAIR_COLLISION,1
EVT:PERCEPTION_FAILURE,CONCURRENT,EVT:MIDAIR_COLLISION,1
EVT:PERCEPTION_FAILURE,CAUSES,EVT:CONTROL_INPUT_IMPROPER,81
EVT:PERCEPTION_FAILURE,RESPONDS_TO,EVT:CONTROL_INPUT_IMPROPER,15
EVT:PERCEPTION_FAILURE,CONTRIBUTES_TO,EVT:CONTROL_INPUT_IMPROPER,19
EVT:PERCEPTION_FAILURE,PRECEDES,EVT:CONTROL_INPUT_IMPROPER,1
EVT:PERCEPTION_FAILURE,CONCURRENT,EVT:CONTROL_INPUT_IMPROPER,2
EVT:PERCEPTION_FAILURE,TRIGGERS,EVT:CONTROL_INPUT_IMPROPER,3
EVT:PERCEPTION_FAILURE,MASKED_BY_CONDITION,EVT:CONTROL_INPUT_IMPROPER,1
EVT:PERCEPTION_FAILURE,UNDER_CONDITION,COND:mechanical,9
EVT:PERCEPTION_FAILURE,INDUCED_CONDITION,COND:mechanical,2
EVT:PERCEPTION_FAILURE,CAUSES,COND:mechanical,17
EVT:PERCEPTION_FAILURE,MASKED_BY_CONDITION,COND:mechanical,7
EVT:PERCEPTION_FAILURE,CONTRIBUTES_TO,COND:mechanical,3
EVT:PERCEPTION_FAILURE,ENABLES,COND:mechanical,4
EVT:PERCEPTION_FAILURE,INHIBITS,COND:mechanical,2
EVT:PERCEPTION_FAILURE,DETECTS,COND:mechanical,1
EVT:PERCEPTION_FAILURE,CAUSES,COND:situational_awareness,2
EVT:PERCEPTION_FAILURE,INDUCED_CONDITION,COND:situational_awareness,3
EVT:PERCEPTION_FAILURE,UNDER_CONDITION,COND:situational_awareness,1
EVT:PERCEPTION_FAILURE,UNDER_CONDITION,COND:environmental,29
EVT:PERCEPTION_FAILURE,INDUCED_CONDITION,COND:environmental,4
EVT:PERCEPTION_FAILURE,MASKED_BY_CONDITION,COND:environmental,3
EVT:PERCEPTION_FAILURE,CAUSES,COND:cognitive,3
EVT:PERCEPTION_FAILURE,UNDER_CONDITION,COND:cognitive,2
EVT:PERCEPTION_FAILURE,INDUCED_CONDITION,COND:cognitive,2
EVT:PERCEPTION_FAILURE,INDUCED_CONDITION,COND:fuel_state,1
EVT:PERCEPTION_FAILURE,CAUSES,COND:fuel_state,2
EVT:PERCEPTION_FAILURE,MASKED_BY_CONDITION,COND:fuel_state,1
EVT:PERCEPTION_FAILURE,INDUCED_CONDITION,COND:workload,1
EVT:PERCEPTION_FAILURE,CAUSES,EVT:SPATIAL_DISORIENTATION,9
EVT:PERCEPTION_FAILURE,CAUSES,COND:operational,2
EVT:PERCEPTION_FAILURE,DETECTS,COND:operational,1
EVT:PERCEPTION_FAILURE,CAUSES,EVT:LOW_VISIBILITY_OR_IMC,2
EVT:PERCEPTION_FAILURE,CONCURRENT,EVT:LOW_VISIBILITY_OR_IMC,1
EVT:PERCEPTION_FAILURE,INDUCED_CONDITION,COND:perceptual,3
EVT:PERCEPTION_FAILURE,UNDER_CONDITION,COND:perceptual,1
EVT:PERCEPTION_FAILURE,CAUSES,COND:perceptual,1
EVT:PERCEPTION_FAILURE,CAUSES,COND:aircraft_state,1
EVT:PERCEPTION_FAILURE,INDUCED_CONDITION,COND:attention,3
EVT:PERCEPTION_FAILURE,CAUSES,EVT:TERRAIN_OR_OBSTACLE_PROXIMITY,26
EVT:PERCEPTION_FAILURE,UNDER_CONDITION,COND:physical,1
EVT:PERCEPTION_FAILURE,CAUSES,EVT:STALL,2
EVT:PERCEPTION_FAILURE,CONTRIBUTES_TO,EVT:STALL,2
EVT:PERCEPTION_FAILURE,INDUCED_CONDITION,COND:human_factors,6
EVT:PERCEPTION_FAILURE,MASKED_BY_CONDITION,COND:state,1
EVT:PERCEPTION_FAILURE,INDUCED_CONDITION,COND:knowledge,1
EVT:PERCEPTION_FAILURE,DETECTS,COND:knowledge,1
EVT:PERCEPTION_FAILURE,CAUSES,EVT:ALTITUDE_DEVIATION_UNCONTROLLED,13
EVT:PERCEPTION_FAILURE,CONTRIBUTES_TO,EVT:ALTITUDE_DEVIATION_UNCONTROLLED,1
EVT:PERCEPTION_FAILURE,UNDER_CONDITION,COND:weather,19
EVT:PERCEPTION_FAILURE,MASKED_BY_CONDITION,COND:weather,1
EVT:PERCEPTION_FAILURE,CONTRIBUTES_TO,COND:other,1
EVT:PERCEPTION_FAILURE,CAUSES,COND:other,1
EVT:PERCEPTION_FAILURE,CONCURRENT,EVT:LOSS_OF_CONTROL_INFLIGHT,2
EVT:PERCEPTION_FAILURE,CAUSES,EVT:LOSS_OF_CONTROL_INFLIGHT,6
EVT:PERCEPTION_FAILURE,CONTRIBUTES_TO,EVT:LOSS_OF_CONTROL_INFLIGHT,4
EVT:PERCEPTION_FAILURE,CAUSES,EVT:GROUND_COLLISION,14
EVT:PERCEPTION_FAILURE,CONTRIBUTES_TO,EVT:GROUND_COLLISION,1
EVT:PERCEPTION_FAILURE,CONTRIBUTES_TO,EVT:WIND_SHEAR_OR_GUST,1
EVT:PERCEPTION_FAILURE,CAUSES,EVT:FUEL_SYSTEM_ANOMALY,4
EVT:PERCEPTION_FAILURE,INDUCED_CONDITION,COND:spatial,2
EVT:PERCEPTION_FAILURE,CAUSES,COND:spatial,2
EVT:PERCEPTION_FAILURE,UNDER_CONDITION,COND:spatial,1
EVT:PERCEPTION_FAILURE,CAUSES,COND:resource,5
EVT:PERCEPTION_FAILURE,MASKED_BY_CONDITION,COND:resource,1
EVT:PERCEPTION_FAILURE,CONCURRENT,EVT:PERCEPTION_FAILURE,3
EVT:PERCEPTION_FAILURE,CAUSES,EVT:PERCEPTION_FAILURE,8
EVT:PERCEPTION_FAILURE,TRIGGERS,EVT:PERCEPTION_FAILURE,1
EVT:PERCEPTION_FAILURE,CONTRIBUTES_TO,EVT:PERCEPTION_FAILURE,2
EVT:PERCEPTION_FAILURE,UNDER_CONDITION,COND:equipment,1
EVT:PERCEPTION_FAILURE,CAUSES,EVT:TURBULENCE_ENCOUNTER,1
EVT:PERCEPTION_FAILURE,CONTRIBUTES_TO,EVT:TURBULENCE_ENCOUNTER,2
EVT:PERCEPTION_FAILURE,RESPONDS_TO,EVT:EMERGENCY_LANDING,3
EVT:PERCEPTION_FAILURE,UNDER_CONDITION,COND:latent,1
EVT:PERCEPTION_FAILURE,UNDER_CONDITION,COND:visual,1
EVT:PERCEPTION_FAILURE,CAUSES,EVT:INJURY_OR_FATALITY,1
EVT:PERCEPTION_FAILURE,CAUSES,EVT:CREW_COORDINATION_FAILURE,1
EVT:PERCEPTION_FAILURE,UNDER_CONDITION,COND:terrain,3
EVT:PERCEPTION_FAILURE,CONTRIBUTES_TO,EVT:ENGINE_FAILURE,3
EVT:PERCEPTION_FAILURE,CAUSES,COND:organizational,2
EVT:PERCEPTION_FAILURE,INHIBITS,COND:organizational,1
EVT:PERCEPTION_FAILURE,CAUSES,EVT:GROUND_PERSONNEL_ERROR,1
EVT:PERCEPTION_FAILURE,RESPONDS_TO,COND:unknown,1
EVT:PERCEPTION_FAILURE,ENABLES,COND:unknown,1
EVT:PERCEPTION_FAILURE,CAUSES,EVT:ORG_OR_REGULATORY_INADEQUATE,1
EVT:PERCEPTION_FAILURE,CAUSES,EVT:WATER_IMPACT,1
EVT:PERCEPTION_FAILURE,CAUSES,COND:aerodynamic,2
EVT:PERCEPTION_FAILURE,INHIBITS,COND:aerodynamic,1
EVT:PERCEPTION_FAILURE,INDUCED_CONDITION,COND:task,1
EVT:PERCEPTION_FAILURE,CAUSES,EVT:MAINTENANCE_INADEQUATE,1
EVT:PERCEPTION_FAILURE,ENABLES,COND:latent_defect,1
EVT:PERCEPTION_FAILURE,CAUSES,EVT:RUNWAY_CONDITION_HAZARD,1
EVT:PERCEPTION_FAILURE,CAUSES,EVT:BIRD_OR_WILDLIFE_STRIKE,1
EVT:PERCEPTION_FAILURE,UNDER_CONDITION,COND:equipment_failure,1
EVT:PERCEPTION_FAILURE,UNDER_CONDITION,COND:ergonomic,1
EVT:PERCEPTION_FAILURE,UNDER_CONDITION,COND:infrastructure,1
EVT:PERCEPTION_FAILURE,INDUCED_CONDITION,COND:human_factor,2
EVT:PERCEPTION_FAILURE,INDUCED_CONDITION,COND:physiological,1
EVT:PERCEPTION_FAILURE,INDUCED_CONDITION,COND:communication,1
EVT:RUNWAY_EXCURSION_OR_OVERRUN,CAUSES,EVT:GROUND_IMPACT,395
EVT:RUNWAY_EXCURSION_OR_OVERRUN,CONCURRENT,EVT:GROUND_IMPACT,3
EVT:RUNWAY_EXCURSION_OR_OVERRUN,CONTRIBUTES_TO,EVT:GROUND_IMPACT,1
EVT:RUNWAY_EXCURSION_OR_OVERRUN,PRECEDES,EVT:GROUND_IMPACT,1
EVT:RUNWAY_EXCURSION_OR_OVERRUN,TRIGGERS,EVT:GROUND_IMPACT,1
EVT:RUNWAY_EXCURSION_OR_OVERRUN,CAUSES,EVT:LOSS_OF_CONTROL_GROUND,39
EVT:RUNWAY_EXCURSION_OR_OVERRUN,CONCURRENT,EVT:LOSS_OF_CONTROL_GROUND,2
EVT:RUNWAY_EXCURSION_OR_OVERRUN,PRECEDES,EVT:LOSS_OF_CONTROL_GROUND,2
EVT:RUNWAY_EXCURSION_OR_OVERRUN,TRIGGERS,EVT:LOSS_OF_CONTROL_GROUND,2
EVT:RUNWAY_EXCURSION_OR_OVERRUN,CONTRIBUTES_TO,EVT:LOSS_OF_CONTROL_GROUND,2
EVT:RUNWAY_EXCURSION_OR_OVERRUN,CONTAINS,EVT:LOSS_OF_CONTROL_GROUND,1
EVT:RUNWAY_EXCURSION_OR_OVERRUN,IF_THEN,EVT:LOSS_OF_CONTROL_GROUND,1
EVT:RUNWAY_EXCURSION_OR_OVERRUN,CONTRIBUTES_TO,COND:environmental,1
EVT:RUNWAY_EXCURSION_OR_OVERRUN,UNDER_CONDITION,COND:environmental,75
EVT:RUNWAY_EXCURSION_OR_OVERRUN,ENABLES,COND:environmental,2
EVT:RUNWAY_EXCURSION_OR_OVERRUN,CAUSES,COND:environmental,3
EVT:RUNWAY_EXCURSION_OR_OVERRUN,UNDER_CONDITION,COND:mechanical,5
EVT:RUNWAY_EXCURSION_OR_OVERRUN,MASKED_BY_CONDITION,COND:mechanical,1
EVT:RUNWAY_EXCURSION_OR_OVERRUN,INDUCED_CONDITION,COND:mechanical,1
EVT:RUNWAY_EXCURSION_OR_OVERRUN,TRIGGERS,COND:mechanical,1
EVT:RUNWAY_EXCURSION_OR_OVERRUN,CAUSES,EVT:SUCCESSFUL_RECOVERY,3
EVT:RUNWAY_EXCURSION_OR_OVERRUN,TRIGGERS,EVT:SUCCESSFUL_RECOVERY,1
EVT:RUNWAY_EXCURSION_OR_OVERRUN,RESPONDS_TO,EVT:SUCCESSFUL_RECOVERY,1
EVT:RUNWAY_EXCURSION_OR_OVERRUN,UNDER_CONDITION,COND:surface,7
EVT:RUNWAY_EXCURSION_OR_OVERRUN,TRIGGERS,EVT:DECISION_INAPPROPRIATE,23
EVT:RUNWAY_EXCURSION_OR_OVERRUN,CAUSES,EVT:DECISION_INAPPROPRIATE,2
EVT:RUNWAY_EXCURSION_OR_OVERRUN,RESPONDS_TO,EVT:DECISION_INAPPROPRIATE,3
EVT:RUNWAY_EXCURSION_OR_OVERRUN,CAUSES,EVT:LANDING_GEAR_ANOMALY,40
EVT:RUNWAY_EXCURSION_OR_OVERRUN,TRIGGERS,EVT:LANDING_GEAR_ANOMALY,1
EVT:RUNWAY_EXCURSION_OR_OVERRUN,CONTRIBUTES_TO,EVT:LANDING_GEAR_ANOMALY,1
EVT:RUNWAY_EXCURSION_OR_OVERRUN,RESPONDS_TO,EVT:CONTROL_INPUT_IMPROPER,39
EVT:RUNWAY_EXCURSION_OR_OVERRUN,TRIGGERS,EVT:CONTROL_INPUT_IMPROPER,30
EVT:RUNWAY_EXCURSION_OR_OVERRUN,CAUSES,EVT:CONTROL_INPUT_IMPROPER,11
EVT:RUNWAY_EXCURSION_OR_OVERRUN,CONCURRENT,EVT:CONTROL_INPUT_IMPROPER,3
EVT:RUNWAY_EXCURSION_OR_OVERRUN,PRECEDES,EVT:CONTROL_INPUT_IMPROPER,2
EVT:RUNWAY_EXCURSION_OR_OVERRUN,CONTAINS,EVT:CONTROL_INPUT_IMPROPER,1
EVT:RUNWAY_EXCURSION_OR_OVERRUN,PRECEDES,EVT:PROCEDURE_NOT_FOLLOWED,2
EVT:RUNWAY_EXCURSION_OR_OVERRUN,TRIGGERS,EVT:PROCEDURE_NOT_FOLLOWED,13
EVT:RUNWAY_EXCURSION_OR_OVERRUN,CAUSES,EVT:PROCEDURE_NOT_FOLLOWED,2
EVT:RUNWAY_EXCURSION_OR_OVERRUN,RESPONDS_TO,EVT:PROCEDURE_NOT_FOLLOWED,4
EVT:RUNWAY_EXCURSION_OR_OVERRUN,CAUSES,EVT:RUNWAY_EXCURSION_OR_OVERRUN,55
EVT:RUNWAY_EXCURSION_OR_OVERRUN,PRECEDES,EVT:RUNWAY_EXCURSION_OR_OVERRUN,3
EVT:RUNWAY_EXCURSION_OR_OVERRUN,CONCURRENT,EVT:RUNWAY_EXCURSION_OR_OVERRUN,2
EVT:RUNWAY_EXCURSION_OR_OVERRUN,CONTRIBUTES_TO,EVT:RUNWAY_EXCURSION_OR_OVERRUN,1
EVT:RUNWAY_EXCURSION_OR_OVERRUN,CAUSES,EVT:STRUCTURAL_OVERLOAD,18
EVT:RUNWAY_EXCURSION_OR_OVERRUN,UNDER_CONDITION,COND:weather,23
EVT:RUNWAY_EXCURSION_OR_OVERRUN,TRIGGERS,EVT:CONTROL_SURFACE_ANOMALY,2
EVT:RUNWAY_EXCURSION_OR_OVERRUN,CAUSES,EVT:LOSS_OF_CONTROL_INFLIGHT,4
EVT:RUNWAY_EXCURSION_OR_OVERRUN,CONCURRENT,EVT:LOSS_OF_CONTROL_INFLIGHT,1
EVT:RUNWAY_EXCURSION_OR_OVERRUN,PRECEDES,EVT:TERRAIN_OR_OBSTACLE_PROXIMITY,1
EVT:RUNWAY_EXCURSION_OR_OVERRUN,CAUSES,EVT:TERRAIN_OR_OBSTACLE_PROXIMITY,7
EVT:RUNWAY_EXCURSION_OR_OVERRUN,CAUSES,EVT:INJURY_OR_FATALITY,6
EVT:RUNWAY_EXCURSION_OR_OVERRUN,CAUSES,EVT:ENGINE_FAILURE,1
EVT:RUNWAY_EXCURSION_OR_OVERRUN,UNDER_CONDITION,COND:terrain,22
EVT:RUNWAY_EXCURSION_OR_OVERRUN,UNDER_CONDITION,COND:latent,1
EVT:RUNWAY_EXCURSION_OR_OVERRUN,UNDER_CONDITION,COND:infrastructure,2
EVT:RUNWAY_EXCURSION_OR_OVERRUN,CAUSES,EVT:AIRFRAME_STRUCTURAL_FAILURE,13
EVT:RUNWAY_EXCURSION_OR_OVERRUN,CAUSES,EVT:GROUND_COLLISION,3
EVT:RUNWAY_EXCURSION_OR_OVERRUN,CAUSES,EVT:ALTITUDE_DEVIATION_UNCONTROLLED,3
EVT:RUNWAY_EXCURSION_OR_OVERRUN,UNDER_CONDITION,ENT:location,2
EVT:RUNWAY_EXCURSION_OR_OVERRUN,CONCURRENT,EVT:WIND_SHEAR_OR_GUST,3
EVT:RUNWAY_EXCURSION_OR_OVERRUN,CAUSES,EVT:WIND_SHEAR_OR_GUST,1
EVT:RUNWAY_EXCURSION_OR_OVERRUN,PRECEDES,EVT:WIND_SHEAR_OR_GUST,1
EVT:RUNWAY_EXCURSION_OR_OVERRUN,CAUSES,EVT:BRAKING_INEFFECTIVE,1
EVT:RUNWAY_EXCURSION_OR_OVERRUN,UNDER_CONDITION,COND:aerodynamic,2
EVT:RUNWAY_EXCURSION_OR_OVERRUN,INDUCED_CONDITION,COND:aerodynamic,3
EVT:RUNWAY_EXCURSION_OR_OVERRUN,CAUSES,COND:aerodynamic,1
EVT:RUNWAY_EXCURSION_OR_OVERRUN,CAUSES,EVT:GROUND_DAMAGE,2
EVT:RUNWAY_EXCURSION_OR_OVERRUN,UNDER_CONDITION,COND:location,1
EVT:RUNWAY_EXCURSION_OR_OVERRUN,CAUSES,EVT:INFLIGHT_FIRE_OR_SMOKE,5
EVT:RUNWAY_EXCURSION_OR_OVERRUN,IF_THEN,COND:terrain_obstacle,1
EVT:RUNWAY_EXCURSION_OR_OVERRUN,CAUSES,EVT:EMERGENCY_LANDING,2
EVT:RUNWAY_EXCURSION_OR_OVERRUN,UNDER_CONDITION,COND:runway,1
EVT:RUNWAY_EXCURSION_OR_OVERRUN,CAUSES,EVT:RUNWAY_CONDITION_HAZARD,2
EVT:RUNWAY_EXCURSION_OR_OVERRUN,PRECEDES,EVT:RUNWAY_CONDITION_HAZARD,1
EVT:RUNWAY_EXCURSION_OR_OVERRUN,TRIGGERS,EVT:BRAKE_ANOMALY,1
EVT:RUNWAY_EXCURSION_OR_OVERRUN,CAUSES,EVT:MIDAIR_COLLISION,3
EVT:RUNWAY_EXCURSION_OR_OVERRUN,CONTRIBUTES_TO,EVT:PERCEPTION_FAILURE,1
EVT:RUNWAY_EXCURSION_OR_OVERRUN,CAUSES,ENT:aircraft,1
EVT:RUNWAY_EXCURSION_OR_OVERRUN,AFFECTS,ENT:aircraft,1
EVT:RUNWAY_EXCURSION_OR_OVERRUN,TRIGGERS,EVT:CREW_COORDINATION_FAILURE,2
EVT:RUNWAY_EXCURSION_OR_OVERRUN,INDUCED_CONDITION,COND:physical,1
EVT:RUNWAY_EXCURSION_OR_OVERRUN,CAUSES,EVT:WATER_IMPACT,2
EVT:RUNWAY_EXCURSION_OR_OVERRUN,CAUSES,EVT:GROUND_LOOP,1
COND:aerodynamic,INHIBITS,EVT:PROCEDURE_NOT_FOLLOWED,1
COND:aerodynamic,TRIGGERS,EVT:PROCEDURE_NOT_FOLLOWED,3
COND:aerodynamic,UNDER_CONDITION,EVT:PROCEDURE_NOT_FOLLOWED,1
COND:aerodynamic,CAUSES,EVT:PROCEDURE_NOT_FOLLOWED,2
COND:aerodynamic,CAUSES,EVT:LOSS_OF_CONTROL_GROUND,15
COND:aerodynamic,RESPONDS_TO,EVT:CONTROL_INPUT_IMPROPER,5
COND:aerodynamic,UNDER_CONDITION,EVT:CONTROL_INPUT_IMPROPER,11
COND:aerodynamic,CAUSES,EVT:CONTROL_INPUT_IMPROPER,12
COND:aerodynamic,TRIGGERS,EVT:CONTROL_INPUT_IMPROPER,10
COND:aerodynamic,CONTRIBUTES_TO,EVT:CONTROL_INPUT_IMPROPER,2
COND:aerodynamic,INHIBITS,EVT:CONTROL_INPUT_IMPROPER,1
COND:aerodynamic,ENABLES,EVT:CONTROL_INPUT_IMPROPER,1
COND:aerodynamic,IF_THEN,EVT:CONTROL_INPUT_IMPROPER,1
COND:aerodynamic,CAUSES,EVT:DECISION_INAPPROPRIATE,7
COND:aerodynamic,TRIGGERS,EVT:DECISION_INAPPROPRIATE,6
COND:aerodynamic,UNDER_CONDITION,EVT:DECISION_INAPPROPRIATE,3
COND:aerodynamic,IF_THEN,EVT:DECISION_INAPPROPRIATE,1
COND:aerodynamic,CAUSES,EVT:STALL,56
COND:aerodynamic,CONTRIBUTES_TO,EVT:STALL,2
COND:aerodynamic,UNDER_CONDITION,EVT:STALL,4
COND:aerodynamic,CAUSES,EVT:LOSS_OF_CONTROL_INFLIGHT,49
COND:aerodynamic,CONTRIBUTES_TO,EVT:LOSS_OF_CONTROL_INFLIGHT,6
COND:aerodynamic,UNDER_CONDITION,EVT:LOSS_OF_CONTROL_INFLIGHT,8
COND:aerodynamic,ENABLES,EVT:LOSS_OF_CONTROL_INFLIGHT,2
COND:aerodynamic,CAUSES,EVT:RUNWAY_EXCURSION_OR_OVERRUN,15
COND:aerodynamic,CONTRIBUTES_TO,EVT:RUNWAY_EXCURSION_OR_OVERRUN,2
COND:aerodynamic,ENABLES,EVT:RUNWAY_EXCURSION_OR_OVERRUN,1
COND:aerodynamic,INDUCED_CONDITION,EVT:ALTITUDE_DEVIATION_UNCONTROLLED,1
COND:aerodynamic,CAUSES,EVT:ALTITUDE_DEVIATION_UNCONTROLLED,9
COND:aerodynamic,UNDER_CONDITION,EVT:ALTITUDE_DEVIATION_UNCONTROLLED,1
COND:aerodynamic,CAUSES,EVT:PERCEPTION_FAILURE,6
COND:aerodynamic,TRIGGERS,EVT:PERCEPTION_FAILURE,2
COND:aerodynamic,UNDER_CONDITION,EVT:PERCEPTION_FAILURE,1
COND:aerodynamic,CAUSES,EVT:GROUND_IMPACT,26
COND:aerodynamic,CAUSES,EVT:AIRFRAME_STRUCTURAL_FAILURE,1
COND:aerodynamic,CONTRIBUTES_TO,EVT:AIRFRAME_STRUCTURAL_FAILURE,1
COND:aerodynamic,CAUSES,EVT:TERRAIN_OR_OBSTACLE_PROXIMITY,4
COND:aerodynamic,CAUSES,COND:mechanical,2
COND:aerodynamic,UNDER_CONDITION,EVT:TURBULENCE_ENCOUNTER,2
COND:aerodynamic,CONCURRENT,EVT:WIND_SHEAR_OR_GUST,1
COND:aerodynamic,CAUSES,EVT:LANDING_GEAR_ANOMALY,2
COND:aerodynamic,IF_THEN,COND:flight_state,1
COND:aerodynamic,ENABLES,COND:environmental,2
COND:aerodynamic,CONCURRENT,COND:environmental,1
COND:aerodynamic,CONCURRENT,COND:aerodynamic,1
COND:aerodynamic,CAUSES,COND:aerodynamic,5
COND:aerodynamic,CAUSES,EVT:ENGINE_FAILURE,1
COND:aerodynamic,CONTRIBUTES_TO,EVT:ENGINE_FAILURE,1
COND:aerodynamic,CAUSES,EVT:STRUCTURAL_OVERLOAD,1
COND:aerodynamic,ENABLES,EVT:GROUND_LOOP,1
COND:aerodynamic,CAUSES,EVT:WATER_IMPACT,1
COND:aerodynamic,TRIGGERS,EVT:CREW_COORDINATION_FAILURE,1
ENT:aircraft,CAUSES,COND:environmental,3
ENT:aircraft,SUPERVISED_BY,COND:organizational,1
ENT:aircraft,CAUSES,COND:weather,2
ENT:aircraft,UNDER_CONDITION,COND:maintenance,1
EVT:LOW_VISIBILITY_OR_IMC,UNDER_CONDITION,COND:weather,115
EVT:LOW_VISIBILITY_OR_IMC,INDUCED_CONDITION,COND:weather,1
EVT:LOW_VISIBILITY_OR_IMC,TRIGGERS,EVT:DECISION_INAPPROPRIATE,12
EVT:LOW_VISIBILITY_OR_IMC,RESPONDS_TO,EVT:DECISION_INAPPROPRIATE,3
EVT:LOW_VISIBILITY_OR_IMC,CONCURRENT,EVT:DECISION_INAPPROPRIATE,1
EVT:LOW_VISIBILITY_OR_IMC,CAUSES,EVT:DECISION_INAPPROPRIATE,5
EVT:LOW_VISIBILITY_OR_IMC,CONTRIBUTES_TO,EVT:DECISION_INAPPROPRIATE,1
EVT:LOW_VISIBILITY_OR_IMC,CAUSES,EVT:PERCEPTION_FAILURE,10
EVT:LOW_VISIBILITY_OR_IMC,CONCURRENT,EVT:PERCEPTION_FAILURE,1
EVT:LOW_VISIBILITY_OR_IMC,TRIGGERS,EVT:PERCEPTION_FAILURE,1
EVT:LOW_VISIBILITY_OR_IMC,CONTRIBUTES_TO,EVT:PERCEPTION_FAILURE,1
EVT:LOW_VISIBILITY_OR_IMC,CAUSES,EVT:CONTROL_INPUT_IMPROPER,6
EVT:LOW_VISIBILITY_OR_IMC,CONTRIBUTES_TO,EVT:CONTROL_INPUT_IMPROPER,1
EVT:LOW_VISIBILITY_OR_IMC,TRIGGERS,EVT:CONTROL_INPUT_IMPROPER,1
EVT:LOW_VISIBILITY_OR_IMC,CAUSES,EVT:GROUND_IMPACT,11
EVT:LOW_VISIBILITY_OR_IMC,UNDER_CONDITION,COND:environmental,7
EVT:LOW_VISIBILITY_OR_IMC,INDUCED_CONDITION,COND:environmental,2
EVT:LOW_VISIBILITY_OR_IMC,CAUSES,COND:environmental,2
EVT:LOW_VISIBILITY_OR_IMC,CAUSES,EVT:SPATIAL_DISORIENTATION,19
EVT:LOW_VISIBILITY_OR_IMC,ENABLES,EVT:SPATIAL_DISORIENTATION,1
EVT:LOW_VISIBILITY_OR_IMC,TRIGGERS,EVT:SPATIAL_DISORIENTATION,1
EVT:LOW_VISIBILITY_OR_IMC,CONTRIBUTES_TO,EVT:SPATIAL_DISORIENTATION,1
EVT:LOW_VISIBILITY_OR_IMC,CAUSES,EVT:LOSS_OF_CONTROL_INFLIGHT,11
EVT:LOW_VISIBILITY_OR_IMC,CAUSES,COND:visual,1
EVT:LOW_VISIBILITY_OR_IMC,CAUSES,COND:communication,1
EVT:LOW_VISIBILITY_OR_IMC,CAUSES,EVT:PROCEDURE_NOT_FOLLOWED,2
EVT:LOW_VISIBILITY_OR_IMC,UNDER_CONDITION,COND:visibility,1
EVT:LOW_VISIBILITY_OR_IMC,UNDER_CONDITION,COND:aerodynamic,1
EVT:LOW_VISIBILITY_OR_IMC,CAUSES,EVT:ALTITUDE_DEVIATION_UNCONTROLLED,2
EVT:LOW_VISIBILITY_OR_IMC,CAUSES,EVT:TERRAIN_OR_OBSTACLE_PROXIMITY,1
EVT:LOW_VISIBILITY_OR_IMC,CONTRIBUTES_TO,EVT:PILOT_INCAPACITATION_OR_IMPAIRMENT,1
EVT:LOW_VISIBILITY_OR_IMC,INDUCED_CONDITION,COND:spatial,2
EVT:LOW_VISIBILITY_OR_IMC,CAUSES,COND:spatial,1
EVT:LOW_VISIBILITY_OR_IMC,CAUSES,EVT:WATER_IMPACT,1
EVT:LOW_VISIBILITY_OR_IMC,INDUCED_CONDITION,COND:human_factors,1
EVT:LOW_VISIBILITY_OR_IMC,CAUSES,COND:human_factors,1
EVT:LOW_VISIBILITY_OR_IMC,UNDER_CONDITION,COND:terrain,4
EVT:LOW_VISIBILITY_OR_IMC,CONTRIBUTES_TO,EVT:ENGINE_FAILURE,1
EVT:LOW_VISIBILITY_OR_IMC,CONCURRENT,EVT:INSTRUMENT_OR_AVIONICS_FAILURE,1
EVT:LOW_VISIBILITY_OR_IMC,RESPONDS_TO,EVT:PROCEDURE_FOLLOWED,1
EVT:CREW_COORDINATION_FAILURE,CAUSES,EVT:PERCEPTION_FAILURE,2
EVT:CREW_COORDINATION_FAILURE,TRIGGERS,EVT:PERCEPTION_FAILURE,1
EVT:CREW_COORDINATION_FAILURE,CONTRIBUTES_TO,EVT:PERCEPTION_FAILURE,1
EVT:CREW_COORDINATION_FAILURE,CAUSES,EVT:LOSS_OF_CONTROL_INFLIGHT,2
EVT:CREW_COORDINATION_FAILURE,INHIBITS,EVT:LOSS_OF_CONTROL_INFLIGHT,1
EVT:CREW_COORDINATION_FAILURE,INDUCED_CONDITION,COND:crew_resource_management,1
EVT:CREW_COORDINATION_FAILURE,CAUSES,EVT:CONTROL_INPUT_IMPROPER,2
EVT:CREW_COORDINATION_FAILURE,CONTRIBUTES_TO,EVT:CONTROL_INPUT_IMPROPER,4
EVT:CREW_COORDINATION_FAILURE,ENABLES,EVT:CONTROL_INPUT_IMPROPER,1
EVT:CREW_COORDINATION_FAILURE,RESPONDS_TO,EVT:CONTROL_INPUT_IMPROPER,3
EVT:CREW_COORDINATION_FAILURE,CONTRIBUTES_TO,EVT:STALL,2
EVT:CREW_COORDINATION_FAILURE,INDUCED_CONDITION,COND:mechanical,1
EVT:CREW_COORDINATION_FAILURE,CONTRIBUTES_TO,EVT:GROUND_IMPACT,6
EVT:CREW_COORDINATION_FAILURE,CONTRIBUTES_TO,EVT:PROCEDURE_NOT_FOLLOWED,3
EVT:CREW_COORDINATION_FAILURE,CAUSES,EVT:PROCEDURE_NOT_FOLLOWED,4
EVT:CREW_COORDINATION_FAILURE,RESPONDS_TO,EVT:PROCEDURE_NOT_FOLLOWED,1
EVT:CREW_COORDINATION_FAILURE,CONTRIBUTES_TO,EVT:DECISION_INAPPROPRIATE,2
EVT:CREW_COORDINATION_FAILURE,CAUSES,EVT:DECISION_INAPPROPRIATE,1
EVT:CREW_COORDINATION_FAILURE,CONTRIBUTES_TO,EVT:LOSS_OF_CONTROL_GROUND,4
EVT:CREW_COORDINATION_FAILURE,CAUSES,EVT:RUNWAY_EXCURSION_OR_OVERRUN,1
EVT:CREW_COORDINATION_FAILURE,CONTRIBUTES_TO,EVT:RUNWAY_EXCURSION_OR_OVERRUN,2
EVT:CREW_COORDINATION_FAILURE,CAUSES,EVT:ENGINE_FAILURE,1
EVT:CREW_COORDINATION_FAILURE,RESPONDS_TO,EVT:SUCCESSFUL_RECOVERY,2
EVT:CREW_COORDINATION_FAILURE,CONTRIBUTES_TO,EVT:MIDAIR_COLLISION,1
EVT:CREW_COORDINATION_FAILURE,INHIBITS,COND:aerodynamic,1
EVT:CREW_COORDINATION_FAILURE,CONTRIBUTES_TO,EVT:CREW_COORDINATION_FAILURE,1
EVT:CREW_COORDINATION_FAILURE,CONTRIBUTES_TO,EVT:TERRAIN_OR_OBSTACLE_PROXIMITY,1
EVT:CREW_COORDINATION_FAILURE,INDUCED_CONDITION,COND:organizational,1
EVT:CREW_COORDINATION_FAILURE,INHIBITS,EVT:LANDING_GEAR_ANOMALY,1
EVT:LOSS_OF_CONTROL_GROUND,CAUSES,EVT:GROUND_IMPACT,278
EVT:LOSS_OF_CONTROL_GROUND,CONCURRENT,EVT:GROUND_IMPACT,2
EVT:LOSS_OF_CONTROL_GROUND,CONTRIBUTES_TO,EVT:GROUND_IMPACT,1
EVT:LOSS_OF_CONTROL_GROUND,CAUSES,EVT:INJURY_OR_FATALITY,6
EVT:LOSS_OF_CONTROL_GROUND,UNDER_CONDITION,COND:environmental,34
EVT:LOSS_OF_CONTROL_GROUND,ENABLES,COND:environmental,2
EVT:LOSS_OF_CONTROL_GROUND,CAUSES,EVT:LANDING_GEAR_ANOMALY,29
EVT:LOSS_OF_CONTROL_GROUND,RESPONDS_TO,EVT:CONTROL_INPUT_IMPROPER,91
EVT:LOSS_OF_CONTROL_GROUND,TRIGGERS,EVT:CONTROL_INPUT_IMPROPER,20
EVT:LOSS_OF_CONTROL_GROUND,CAUSES,EVT:CONTROL_INPUT_IMPROPER,5
EVT:LOSS_OF_CONTROL_GROUND,UNDER_CONDITION,COND:weather,21
EVT:LOSS_OF_CONTROL_GROUND,TRIGGERS,EVT:DECISION_INAPPROPRIATE,13
EVT:LOSS_OF_CONTROL_GROUND,CAUSES,EVT:DECISION_INAPPROPRIATE,3
EVT:LOSS_OF_CONTROL_GROUND,RESPONDS_TO,EVT:DECISION_INAPPROPRIATE,10
EVT:LOSS_OF_CONTROL_GROUND,CAUSES,EVT:RUNWAY_EXCURSION_OR_OVERRUN,105
EVT:LOSS_OF_CONTROL_GROUND,CONTRIBUTES_TO,EVT:RUNWAY_EXCURSION_OR_OVERRUN,1
EVT:LOSS_OF_CONTROL_GROUND,CAUSES,EVT:LOSS_OF_CONTROL_GROUND,13
EVT:LOSS_OF_CONTROL_GROUND,CONTRIBUTES_TO,EVT:LOSS_OF_CONTROL_GROUND,1
EVT:LOSS_OF_CONTROL_GROUND,CAUSES,EVT:TERRAIN_OR_OBSTACLE_PROXIMITY,16
EVT:LOSS_OF_CONTROL_GROUND,INDUCED_CONDITION,COND:aerodynamic,6
EVT:LOSS_OF_CONTROL_GROUND,UNDER_CONDITION,COND:aerodynamic,1
EVT:LOSS_OF_CONTROL_GROUND,CONTRIBUTES_TO,COND:aerodynamic,1
EVT:LOSS_OF_CONTROL_GROUND,RESPONDS_TO,EVT:PROCEDURE_NOT_FOLLOWED,6
EVT:LOSS_OF_CONTROL_GROUND,TRIGGERS,EVT:PROCEDURE_NOT_FOLLOWED,1
EVT:LOSS_OF_CONTROL_GROUND,CONCURRENT,EVT:PROCEDURE_NOT_FOLLOWED,1
EVT:LOSS_OF_CONTROL_GROUND,UNDER_CONDITION,COND:location,1
EVT:LOSS_OF_CONTROL_GROUND,CAUSES,EVT:ALTITUDE_DEVIATION_UNCONTROLLED,2
EVT:LOSS_OF_CONTROL_GROUND,UNDER_CONDITION,COND:surface,6
EVT:LOSS_OF_CONTROL_GROUND,CAUSES,EVT:WATER_IMPACT,3
EVT:LOSS_OF_CONTROL_GROUND,INDUCED_CONDITION,COND:mechanical,3
EVT:LOSS_OF_CONTROL_GROUND,UNDER_CONDITION,COND:mechanical,7
EVT:LOSS_OF_CONTROL_GROUND,CAUSES,COND:mechanical,1
EVT:LOSS_OF_CONTROL_GROUND,CONCURRENT,COND:mechanical,1
EVT:LOSS_OF_CONTROL_GROUND,UNDER_CONDITION,COND:runway,1
EVT:LOSS_OF_CONTROL_GROUND,CAUSES,EVT:AIRFRAME_STRUCTURAL_FAILURE,13
EVT:LOSS_OF_CONTROL_GROUND,ENABLES,EVT:WIND_SHEAR_OR_GUST,2
EVT:LOSS_OF_CONTROL_GROUND,CONCURRENT,EVT:WIND_SHEAR_OR_GUST,2
EVT:LOSS_OF_CONTROL_GROUND,CAUSES,EVT:INFLIGHT_FIRE_OR_SMOKE,2
EVT:LOSS_OF_CONTROL_GROUND,RESPONDS_TO,EVT:SUCCESSFUL_RECOVERY,1
EVT:LOSS_OF_CONTROL_GROUND,CAUSES,EVT:GROUND_COLLISION,1
EVT:LOSS_OF_CONTROL_GROUND,UNDER_CONDITION,COND:terrain,1
EVT:LOSS_OF_CONTROL_GROUND,CAUSES,EVT:LOSS_OF_CONTROL_INFLIGHT,1
EVT:LOSS_OF_CONTROL_GROUND,CAUSES,EVT:STRUCTURAL_OVERLOAD,6
EVT:LOSS_OF_CONTROL_GROUND,CAUSES,EVT:INFLIGHT_BREAKUP,1
EVT:LOSS_OF_CONTROL_GROUND,MASKED_BY_CONDITION,COND:human_factor,1
EVT:LOSS_OF_CONTROL_GROUND,UNDER_CONDITION,COND:aircraft_state,1
EVT:LOSS_OF_CONTROL_GROUND,CAUSES,EVT:ENGINE_FAILURE,1
EVT:LOSS_OF_CONTROL_GROUND,TRIGGERS,EVT:CREW_COORDINATION_FAILURE,1
EVT:LOSS_OF_CONTROL_GROUND,TRIGGERS,EVT:RESPONDS_TO,1
EVT:LOSS_OF_CONTROL_GROUND,CAUSES,EVT:MIDAIR_COLLISION,1
EVT:LOSS_OF_CONTROL_GROUND,CAUSES,EVT:STALL,3
EVT:LOSS_OF_CONTROL_GROUND,CONCURRENT,EVT:PERCEPTION_FAILURE,1
EVT:LOSS_OF_CONTROL_GROUND,CAUSES,EVT:GROUND_RESONANCE,1
EVT:LOSS_OF_CONTROL_GROUND,CONCURRENT,EVT:BRAKE_FAILURE,1
EVT:LOSS_OF_CONTROL_GROUND,CAUSES,EVT:EMERGENCY_LANDING,1
EVT:LOSS_OF_CONTROL_GROUND,TRIGGERS,EVT:CONTROL_SURFACE_ANOMALY,1
EVT:INJURY_OR_FATALITY,TRIGGERS,EVT:EMERGENCY_LANDING,1
EVT:INJURY_OR_FATALITY,CAUSES,EVT:EMERGENCY_LANDING,1
EVT:INJURY_OR_FATALITY,TRIGGERS,EVT:PROCEDURE_NOT_FOLLOWED,1
EVT:INJURY_OR_FATALITY,CONTRIBUTES_TO,COND:organizational,1
EVT:INJURY_OR_FATALITY,TRIGGERS,EVT:DECISION_INAPPROPRIATE,1
EVT:INJURY_OR_FATALITY,UNDER_CONDITION,COND:human_factors,1
EVT:INJURY_OR_FATALITY,TRIGGERS,EVT:CREW_COORDINATION_FAILURE,1
EVT:INJURY_OR_FATALITY,CAUSES,EVT:INJURY_OR_FATALITY,1
EVT:TURBULENCE_ENCOUNTER,CAUSES,EVT:DECISION_INAPPROPRIATE,4
EVT:TURBULENCE_ENCOUNTER,RESPONDS_TO,EVT:DECISION_INAPPROPRIATE,3
EVT:TURBULENCE_ENCOUNTER,TRIGGERS,EVT:DECISION_INAPPROPRIATE,5
EVT:TURBULENCE_ENCOUNTER,CAUSES,EVT:GROUND_IMPACT,6
EVT:TURBULENCE_ENCOUNTER,CAUSES,EVT:INJURY_OR_FATALITY,7
EVT:TURBULENCE_ENCOUNTER,INDUCED_CONDITION,COND:aerodynamic,3
EVT:TURBULENCE_ENCOUNTER,CAUSES,COND:aerodynamic,3
EVT:TURBULENCE_ENCOUNTER,CONTRIBUTES_TO,COND:aerodynamic,1
EVT:TURBULENCE_ENCOUNTER,UNDER_CONDITION,COND:weather,38
EVT:TURBULENCE_ENCOUNTER,INDUCED_CONDITION,COND:weather,2
EVT:TURBULENCE_ENCOUNTER,CAUSES,EVT:LOSS_OF_CONTROL_INFLIGHT,18
EVT:TURBULENCE_ENCOUNTER,CONTRIBUTES_TO,EVT:LOSS_OF_CONTROL_INFLIGHT,2
EVT:TURBULENCE_ENCOUNTER,RESPONDS_TO,EVT:PROCEDURE_NOT_FOLLOWED,1
EVT:TURBULENCE_ENCOUNTER,UNDER_CONDITION,COND:environmental,2
EVT:TURBULENCE_ENCOUNTER,CAUSES,EVT:LOSS_OF_CONTROL_GROUND,2
EVT:TURBULENCE_ENCOUNTER,CONTRIBUTES_TO,EVT:TERRAIN_OR_OBSTACLE_PROXIMITY,1
EVT:TURBULENCE_ENCOUNTER,CAUSES,EVT:ENGINE_FAILURE,1
EVT:TURBULENCE_ENCOUNTER,CONTRIBUTES_TO,EVT:STALL,3
EVT:TURBULENCE_ENCOUNTER,CAUSES,EVT:STALL,5
EVT:TURBULENCE_ENCOUNTER,CAUSES,EVT:ALTITUDE_DEVIATION_UNCONTROLLED,9
EVT:TURBULENCE_ENCOUNTER,TRIGGERS,EVT:CONTROL_INPUT_IMPROPER,6
EVT:TURBULENCE_ENCOUNTER,CONTRIBUTES_TO,EVT:CONTROL_INPUT_IMPROPER,3
EVT:TURBULENCE_ENCOUNTER,RESPONDS_TO,EVT:CONTROL_INPUT_IMPROPER,1
EVT:TURBULENCE_ENCOUNTER,CAUSES,EVT:CONTROL_INPUT_IMPROPER,3
EVT:TURBULENCE_ENCOUNTER,CAUSES,EVT:STRUCTURAL_OVERLOAD,2
EVT:TURBULENCE_ENCOUNTER,CAUSES,EVT:INSTRUMENT_OR_AVIONICS_FAILURE,1
EVT:TURBULENCE_ENCOUNTER,CAUSES,EVT:INFLIGHT_BREAKUP,1
EVT:TURBULENCE_ENCOUNTER,CAUSES,EVT:TURBULENCE_ENCOUNTER,1
EVT:TURBULENCE_ENCOUNTER,CONTRIBUTES_TO,EVT:RUNWAY_EXCURSION_OR_OVERRUN,1
EVT:TURBULENCE_ENCOUNTER,CAUSES,EVT:AIRFRAME_STRUCTURAL_FAILURE,1
EVT:TURBULENCE_ENCOUNTER,CONCURRENT,EVT:AIRFRAME_STRUCTURAL_FAILURE,1
EVT:RUNWAY_CONDITION_HAZARD,UNDER_CONDITION,COND:environmental,20
EVT:RUNWAY_CONDITION_HAZARD,INDUCED_CONDITION,COND:environmental,2
EVT:RUNWAY_CONDITION_HAZARD,CAUSES,COND:environmental,1
EVT:RUNWAY_CONDITION_HAZARD,CAUSES,EVT:STRUCTURAL_OVERLOAD,1
EVT:RUNWAY_CONDITION_HAZARD,CAUSES,EVT:LOSS_OF_CONTROL_GROUND,30
EVT:RUNWAY_CONDITION_HAZARD,CONTRIBUTES_TO,EVT:LOSS_OF_CONTROL_GROUND,3
EVT:RUNWAY_CONDITION_HAZARD,TRIGGERS,EVT:LOSS_OF_CONTROL_GROUND,1
EVT:RUNWAY_CONDITION_HAZARD,CONTRIBUTES_TO,EVT:WIND_SHEAR_OR_GUST,1
EVT:RUNWAY_CONDITION_HAZARD,CAUSES,EVT:WIND_SHEAR_OR_GUST,5
EVT:RUNWAY_CONDITION_HAZARD,CONCURRENT,EVT:WIND_SHEAR_OR_GUST,1
EVT:RUNWAY_CONDITION_HAZARD,CAUSES,COND:aerodynamic,1
EVT:RUNWAY_CONDITION_HAZARD,CAUSES,EVT:RUNWAY_EXCURSION_OR_OVERRUN,14
EVT:RUNWAY_CONDITION_HAZARD,INDUCED_CONDITION,COND:structural,1
EVT:RUNWAY_CONDITION_HAZARD,CAUSES,EVT:INFLIGHT_FIRE_OR_SMOKE,1
EVT:RUNWAY_CONDITION_HAZARD,CAUSES,EVT:GROUND_IMPACT,5
EVT:RUNWAY_CONDITION_HAZARD,CONTRIBUTES_TO,EVT:CONTROL_INPUT_IMPROPER,1
EVT:RUNWAY_CONDITION_HAZARD,PRECEDES,EVT:CONTROL_INPUT_IMPROPER,1
EVT:RUNWAY_CONDITION_HAZARD,CAUSES,EVT:CONTROL_INPUT_IMPROPER,2
EVT:RUNWAY_CONDITION_HAZARD,RESPONDS_TO,EVT:CONTROL_INPUT_IMPROPER,1
EVT:RUNWAY_CONDITION_HAZARD,TRIGGERS,EVT:CONTROL_INPUT_IMPROPER,1
EVT:RUNWAY_CONDITION_HAZARD,UNDER_CONDITION,COND:weather,23
EVT:RUNWAY_CONDITION_HAZARD,CAUSES,EVT:AIRFRAME_STRUCTURAL_FAILURE,1
EVT:RUNWAY_CONDITION_HAZARD,UNDER_CONDITION,COND:terrain,2
EVT:RUNWAY_CONDITION_HAZARD,CAUSES,EVT:LOSS_OF_CONTROL_INFLIGHT,1
EVT:RUNWAY_CONDITION_HAZARD,CAUSES,EVT:LANDING_GEAR_ANOMALY,4
EVT:RUNWAY_CONDITION_HAZARD,TRIGGERS,EVT:LANDING_GEAR_ANOMALY,1
EVT:RUNWAY_CONDITION_HAZARD,TRIGGERS,EVT:DECISION_INAPPROPRIATE,2
EVT:RUNWAY_CONDITION_HAZARD,RESPONDS_TO,EVT:DECISION_INAPPROPRIATE,1
EVT:RUNWAY_CONDITION_HAZARD,CAUSES,EVT:DECISION_INAPPROPRIATE,3
EVT:RUNWAY_CONDITION_HAZARD,UNDER_CONDITION,COND:runway,1
EVT:RUNWAY_CONDITION_HAZARD,CONTRIBUTES_TO,EVT:ENGINE_FAILURE,1
EVT:RUNWAY_CONDITION_HAZARD,INHIBITS,EVT:PROCEDURE_NOT_FOLLOWED,1
EVT:RUNWAY_CONDITION_HAZARD,TRIGGERS,EVT:PROCEDURE_NOT_FOLLOWED,1
EVT:RUNWAY_CONDITION_HAZARD,CAUSES,EVT:PROCEDURE_NOT_FOLLOWED,1
EVT:RUNWAY_CONDITION_HAZARD,UNDER_CONDITION,COND:surface,2
EVT:RUNWAY_CONDITION_HAZARD,UNDER_CONDITION,COND:unknown,1
EVT:RUNWAY_CONDITION_HAZARD,ENABLES,COND:unknown,1
EVT:RUNWAY_CONDITION_HAZARD,CONTRIBUTES_TO,EVT:STALL,2
EVT:RUNWAY_CONDITION_HAZARD,TRIGGERS,EVT:STALL,1
EVT:RUNWAY_CONDITION_HAZARD,CO_OCCURS,EVT:TERRAIN_OR_OBSTACLE_PROXIMITY,1
EVT:RUNWAY_CONDITION_HAZARD,CAUSES,COND:mechanical,1
EVT:RUNWAY_CONDITION_HAZARD,UNDER_CONDITION,COND:mechanical,1
EVT:RUNWAY_CONDITION_HAZARD,CAUSES,EVT:ALTITUDE_DEVIATION_UNCONTROLLED,1
EVT:STRUCTURAL_OVERLOAD,INDUCED_CONDITION,COND:mechanical,3
EVT:STRUCTURAL_OVERLOAD,UNDER_CONDITION,COND:mechanical,1
EVT:STRUCTURAL_OVERLOAD,RESPONDS_TO,EVT:DECISION_INAPPROPRIATE,2
EVT:STRUCTURAL_OVERLOAD,CONTRIBUTES_TO,EVT:STALL,1
EVT:STRUCTURAL_OVERLOAD,CAUSES,EVT:INJURY_OR_FATALITY,15
EVT:STRUCTURAL_OVERLOAD,CAUSES,EVT:INFLIGHT_BREAKUP,9
EVT:STRUCTURAL_OVERLOAD,CAUSES,EVT:LANDING_GEAR_ANOMALY,1
EVT:STRUCTURAL_OVERLOAD,CAUSES,EVT:GROUND_IMPACT,33
EVT:STRUCTURAL_OVERLOAD,CONTRIBUTES_TO,EVT:GROUND_IMPACT,1
EVT:STRUCTURAL_OVERLOAD,CONCURRENT,EVT:GROUND_IMPACT,1
EVT:STRUCTURAL_OVERLOAD,CAUSES,EVT:LOSS_OF_CONTROL_GROUND,2
EVT:STRUCTURAL_OVERLOAD,INDUCED_CONDITION,COND:aircraft_state,1
EVT:STRUCTURAL_OVERLOAD,CAUSES,EVT:RUNWAY_EXCURSION_OR_OVERRUN,9
EVT:STRUCTURAL_OVERLOAD,CAUSES,EVT:INFLIGHT_FIRE_OR_SMOKE,1
EVT:STRUCTURAL_OVERLOAD,CAUSES,EVT:AIRFRAME_STRUCTURAL_FAILURE,10
EVT:STRUCTURAL_OVERLOAD,UNDER_CONDITION,COND:weather,1
EVT:STRUCTURAL_OVERLOAD,CAUSES,ENT:aircraft,4
EVT:STRUCTURAL_OVERLOAD,CAUSES,EVT:CONTROL_INPUT_IMPROPER,1
EVT:STRUCTURAL_OVERLOAD,INDUCED_CONDITION,COND:operational,1
EVT:STRUCTURAL_OVERLOAD,UNDER_CONDITION,COND:terrain,2
EVT:STRUCTURAL_OVERLOAD,CAUSES,EVT:WATER_IMPACT,1
EVT:STRUCTURAL_OVERLOAD,PRECEDES,EVT:EMERGENCY_LANDING,1
EVT:HYDRAULIC_FAILURE,UNDER_CONDITION,COND:mechanical,1
EVT:LOSS_OF_CONTROL_INFLIGHT,CAUSES,EVT:WATER_IMPACT,32
EVT:LOSS_OF_CONTROL_INFLIGHT,CAUSES,EVT:STRUCTURAL_OVERLOAD,11
EVT:LOSS_OF_CONTROL_INFLIGHT,CAUSES,EVT:STALL,18
EVT:LOSS_OF_CONTROL_INFLIGHT,CAUSES,EVT:GROUND_IMPACT,467
EVT:LOSS_OF_CONTROL_INFLIGHT,CONTRIBUTES_TO,EVT:GROUND_IMPACT,1
EVT:LOSS_OF_CONTROL_INFLIGHT,CONCURRENT,EVT:GROUND_IMPACT,1
EVT:LOSS_OF_CONTROL_INFLIGHT,CAUSES,EVT:DECISION_INAPPROPRIATE,2
EVT:LOSS_OF_CONTROL_INFLIGHT,RESPONDS_TO,EVT:DECISION_INAPPROPRIATE,13
EVT:LOSS_OF_CONTROL_INFLIGHT,TRIGGERS,EVT:DECISION_INAPPROPRIATE,9
EVT:LOSS_OF_CONTROL_INFLIGHT,CAUSES,EVT:AIRFRAME_STRUCTURAL_FAILURE,8
EVT:LOSS_OF_CONTROL_INFLIGHT,RESPONDS_TO,EVT:CONTROL_INPUT_IMPROPER,60
EVT:LOSS_OF_CONTROL_INFLIGHT,TRIGGERS,EVT:CONTROL_INPUT_IMPROPER,11
EVT:LOSS_OF_CONTROL_INFLIGHT,CAUSES,EVT:CONTROL_INPUT_IMPROPER,5
EVT:LOSS_OF_CONTROL_INFLIGHT,CONCURRENT,EVT:CONTROL_INPUT_IMPROPER,1
EVT:LOSS_OF_CONTROL_INFLIGHT,CAUSES,EVT:INJURY_OR_FATALITY,2
EVT:LOSS_OF_CONTROL_INFLIGHT,RESPONDS_TO,EVT:EMERGENCY_LANDING,2
EVT:LOSS_OF_CONTROL_INFLIGHT,CAUSES,EVT:EMERGENCY_LANDING,5
EVT:LOSS_OF_CONTROL_INFLIGHT,RESPONDS_TO,EVT:PROCEDURE_NOT_FOLLOWED,16
EVT:LOSS_OF_CONTROL_INFLIGHT,CAUSES,EVT:PROCEDURE_NOT_FOLLOWED,1
EVT:LOSS_OF_CONTROL_INFLIGHT,TRIGGERS,EVT:PROCEDURE_NOT_FOLLOWED,3
EVT:LOSS_OF_CONTROL_INFLIGHT,CAUSES,EVT:LOSS_OF_CONTROL_INFLIGHT,13
EVT:LOSS_OF_CONTROL_INFLIGHT,TRIGGERS,EVT:LOSS_OF_CONTROL_INFLIGHT,1
EVT:LOSS_OF_CONTROL_INFLIGHT,CAUSES,EVT:MIDAIR_COLLISION,5
EVT:LOSS_OF_CONTROL_INFLIGHT,CO_OCCURS,EVT:MIDAIR_COLLISION,1
EVT:LOSS_OF_CONTROL_INFLIGHT,RESPONDS_TO,ENT:person,1
EVT:LOSS_OF_CONTROL_INFLIGHT,CAUSES,EVT:ALTITUDE_DEVIATION_UNCONTROLLED,15
EVT:LOSS_OF_CONTROL_INFLIGHT,UNDER_CONDITION,COND:weather,8
EVT:LOSS_OF_CONTROL_INFLIGHT,UNDER_CONDITION,COND:unknown,1
EVT:LOSS_OF_CONTROL_INFLIGHT,INDUCED_CONDITION,COND:mechanical,10
EVT:LOSS_OF_CONTROL_INFLIGHT,UNDER_CONDITION,COND:mechanical,6
EVT:LOSS_OF_CONTROL_INFLIGHT,CAUSES,COND:mechanical,2
EVT:LOSS_OF_CONTROL_INFLIGHT,CAUSES,EVT:TERRAIN_OR_OBSTACLE_PROXIMITY,22
EVT:LOSS_OF_CONTROL_INFLIGHT,CONTRIBUTES_TO,EVT:TERRAIN_OR_OBSTACLE_PROXIMITY,1
EVT:LOSS_OF_CONTROL_INFLIGHT,INDUCED_CONDITION,COND:aerodynamic,18
EVT:LOSS_OF_CONTROL_INFLIGHT,UNDER_CONDITION,COND:aerodynamic,11
EVT:LOSS_OF_CONTROL_INFLIGHT,CAUSES,COND:aerodynamic,1
EVT:LOSS_OF_CONTROL_INFLIGHT,CAUSES,EVT:PILOT_INCAPACITATION_OR_IMPAIRMENT,2
EVT:LOSS_OF_CONTROL_INFLIGHT,CAUSES,EVT:INFLIGHT_BREAKUP,3
EVT:LOSS_OF_CONTROL_INFLIGHT,CAUSES,EVT:WIND_SHEAR_OR_GUST,1
EVT:LOSS_OF_CONTROL_INFLIGHT,CONCURRENT,EVT:WIND_SHEAR_OR_GUST,1
EVT:LOSS_OF_CONTROL_INFLIGHT,UNDER_CONDITION,COND:environmental,22
EVT:LOSS_OF_CONTROL_INFLIGHT,INDUCED_CONDITION,COND:environmental,1
EVT:LOSS_OF_CONTROL_INFLIGHT,ENABLES,COND:environmental,1
EVT:LOSS_OF_CONTROL_INFLIGHT,CAUSES,COND:environmental,1
EVT:LOSS_OF_CONTROL_INFLIGHT,INDUCED_CONDITION,COND:physiological,1
EVT:LOSS_OF_CONTROL_INFLIGHT,CONCURRENT,EVT:ENGINE_FAILURE,1
EVT:LOSS_OF_CONTROL_INFLIGHT,RESPONDS_TO,EVT:ENGINE_FAILURE,1
EVT:LOSS_OF_CONTROL_INFLIGHT,RESPONDS_TO,EVT:SUCCESSFUL_RECOVERY,6
EVT:LOSS_OF_CONTROL_INFLIGHT,CAUSES,EVT:SUCCESSFUL_RECOVERY,1
EVT:LOSS_OF_CONTROL_INFLIGHT,CAUSES,EVT:RUNWAY_EXCURSION_OR_OVERRUN,21
EVT:LOSS_OF_CONTROL_INFLIGHT,UNDER_CONDITION,COND:terrain,10
EVT:LOSS_OF_CONTROL_INFLIGHT,UNDER_CONDITION,COND:night,1
EVT:LOSS_OF_CONTROL_INFLIGHT,TRIGGERS,EVT:PERCEPTION_FAILURE,2
EVT:LOSS_OF_CONTROL_INFLIGHT,CAUSES,EVT:PERCEPTION_FAILURE,3
EVT:LOSS_OF_CONTROL_INFLIGHT,UNDER_CONDITION,COND:operational,3
EVT:LOSS_OF_CONTROL_INFLIGHT,CONCURRENT,EVT:CONTROL_SURFACE_ANOMALY,1
EVT:LOSS_OF_CONTROL_INFLIGHT,CAUSES,EVT:CONTROL_SURFACE_ANOMALY,2
EVT:LOSS_OF_CONTROL_INFLIGHT,CAUSES,EVT:SPATIAL_DISORIENTATION,2
EVT:LOSS_OF_CONTROL_INFLIGHT,CAUSES,EVT:GROUND_COLLISION,1
EVT:LOSS_OF_CONTROL_INFLIGHT,UNDER_CONDITION,COND:obstacle,1
EVT:LOSS_OF_CONTROL_INFLIGHT,UNDER_CONDITION,COND:terrain_or_obstacle,1
EVT:LOSS_OF_CONTROL_INFLIGHT,CAUSES,EVT:INFLIGHT_FIRE_OR_SMOKE,1
EVT:LOSS_OF_CONTROL_INFLIGHT,CONCURRENT,EVT:CREW_COORDINATION_FAILURE,2
EVT:LOSS_OF_CONTROL_INFLIGHT,TRIGGERS,EVT:CREW_COORDINATION_FAILURE,1
EVT:LOSS_OF_CONTROL_INFLIGHT,RESPONDS_TO,EVT:CREW_COORDINATION_FAILURE,1
EVT:LOSS_OF_CONTROL_INFLIGHT,UNDER_CONDITION,COND:latent_defect,1
EVT:LOSS_OF_CONTROL_INFLIGHT,UNDER_CONDITION,COND:aircraft_state,1
EVT:LOSS_OF_CONTROL_INFLIGHT,CAUSES,COND:configuration,1
EVT:LOSS_OF_CONTROL_INFLIGHT,CAUSES,EVT:LANDING_GEAR_ANOMALY,1
EVT:LOSS_OF_CONTROL_INFLIGHT,INDUCED_CONDITION,COND:spatial,1
EVT:LOSS_OF_CONTROL_INFLIGHT,UNDER_CONDITION,COND:spatial,1
EVT:LOSS_OF_CONTROL_INFLIGHT,CAUSES,EVT:LOSS_OF_CONTROL_GROUND,1
EVT:LOSS_OF_CONTROL_INFLIGHT,CAUSES,EVT:INSTRUMENT_OR_AVIONICS_FAILURE,1
EVT:WATER_IMPACT,CAUSES,EVT:INJURY_OR_FATALITY,41
EVT:WATER_IMPACT,CONCURRENT,EVT:STRUCTURAL_OVERLOAD,1
EVT:WATER_IMPACT,CAUSES,EVT:STRUCTURAL_OVERLOAD,1
EVT:WATER_IMPACT,UNDER_CONDITION,COND:environmental,6
EVT:WATER_IMPACT,CAUSES,EVT:GROUND_IMPACT,3
EVT:WATER_IMPACT,CAUSES,EVT:WATER_IMPACT,5
EVT:WATER_IMPACT,CAUSES,EVT:INFLIGHT_BREAKUP,1
EVT:WATER_IMPACT,CAUSES,EVT:INFLIGHT_FIRE_OR_SMOKE,1
EVT:WATER_IMPACT,CAUSES,EVT:SUCCESSFUL_RECOVERY,1
EVT:HARD_LANDING,CAUSES,EVT:GROUND_IMPACT,1
EVT:HARD_LANDING,PRECEDES,EVT:TAXIING,1
EVT:TAXIING,CONCURRENT,EVT:PERCEPTION_FAILURE,3
EVT:TAXIING,ENABLES,EVT:PERCEPTION_FAILURE,1
EVT:TAXIING,CONTRIBUTES_TO,EVT:PERCEPTION_FAILURE,1
EVT:TAXIING,TRIGGERS,EVT:PERCEPTION_FAILURE,1
EVT:TAXIING,UNDER_CONDITION,EVT:GROUND_IMPACT,1
EVT:TAXIING,TRIGGERS,EVT:CONTROL_INPUT_IMPROPER,1
EVT:TAXIING,PRECEDES,EVT:CONTROL_INPUT_IMPROPER,3
EVT:TAXIING,CAUSES,EVT:CONTROL_INPUT_IMPROPER,1
EVT:TAXIING,UNDER_CONDITION,COND:environmental,2
EVT:TAXIING,CAUSES,EVT:LOSS_OF_CONTROL_GROUND,1
EVT:TAXIING,PRECEDES,EVT:GROUND_COLLISION,1
EVT:TAXIING,CAUSES,EVT:GROUND_COLLISION,1
EVT:TAXIING,INDUCED_CONDITION,COND:situational_awareness,1
EVT:TAXIING,RESPONDS_TO,COND:situational_awareness,1
EVT:WIND_SHEAR_OR_GUST,CAUSES,EVT:RUNWAY_EXCURSION_OR_OVERRUN,12
EVT:WIND_SHEAR_OR_GUST,UNDER_CONDITION,COND:weather,73
EVT:WIND_SHEAR_OR_GUST,INDUCED_CONDITION,COND:weather,1
EVT:WIND_SHEAR_OR_GUST,CAUSES,COND:weather,1
EVT:WIND_SHEAR_OR_GUST,CAUSES,COND:environmental,3
EVT:WIND_SHEAR_OR_GUST,UNDER_CONDITION,COND:environmental,5
EVT:WIND_SHEAR_OR_GUST,INDUCED_CONDITION,COND:environmental,2
EVT:WIND_SHEAR_OR_GUST,CAUSES,EVT:GROUND_IMPACT,22
EVT:WIND_SHEAR_OR_GUST,CONTRIBUTES_TO,EVT:GROUND_IMPACT,1
EVT:WIND_SHEAR_OR_GUST,CAUSES,EVT:DECISION_INAPPROPRIATE,4
EVT:WIND_SHEAR_OR_GUST,RESPONDS_TO,EVT:DECISION_INAPPROPRIATE,3
EVT:WIND_SHEAR_OR_GUST,TRIGGERS,EVT:DECISION_INAPPROPRIATE,10
EVT:WIND_SHEAR_OR_GUST,CAUSES,EVT:STALL,11
EVT:WIND_SHEAR_OR_GUST,CONTRIBUTES_TO,EVT:STALL,4
EVT:WIND_SHEAR_OR_GUST,TRIGGERS,EVT:CONTROL_INPUT_IMPROPER,24
EVT:WIND_SHEAR_OR_GUST,CAUSES,EVT:CONTROL_INPUT_IMPROPER,17
EVT:WIND_SHEAR_OR_GUST,RESPONDS_TO,EVT:CONTROL_INPUT_IMPROPER,14
EVT:WIND_SHEAR_OR_GUST,CONTRIBUTES_TO,EVT:CONTROL_INPUT_IMPROPER,6
EVT:WIND_SHEAR_OR_GUST,CONCURRENT,EVT:CONTROL_INPUT_IMPROPER,1
EVT:WIND_SHEAR_OR_GUST,UNDER_CONDITION,EVT:CONTROL_INPUT_IMPROPER,1
EVT:WIND_SHEAR_OR_GUST,CAUSES,EVT:LOSS_OF_CONTROL_INFLIGHT,25
EVT:WIND_SHEAR_OR_GUST,TRIGGERS,EVT:LOSS_OF_CONTROL_INFLIGHT,1
EVT:WIND_SHEAR_OR_GUST,CONTRIBUTES_TO,EVT:LOSS_OF_CONTROL_INFLIGHT,1
EVT:WIND_SHEAR_OR_GUST,CAUSES,EVT:LOSS_OF_CONTROL_GROUND,41
EVT:WIND_SHEAR_OR_GUST,CONTRIBUTES_TO,EVT:LOSS_OF_CONTROL_GROUND,4
EVT:WIND_SHEAR_OR_GUST,TRIGGERS,EVT:LOSS_OF_CONTROL_GROUND,2
EVT:WIND_SHEAR_OR_GUST,CAUSES,COND:aerodynamic,4
EVT:WIND_SHEAR_OR_GUST,INDUCED_CONDITION,COND:aerodynamic,10
EVT:WIND_SHEAR_OR_GUST,CAUSES,EVT:ALTITUDE_DEVIATION_UNCONTROLLED,13
EVT:WIND_SHEAR_OR_GUST,CONTRIBUTES_TO,EVT:PERCEPTION_FAILURE,2
EVT:WIND_SHEAR_OR_GUST,TRIGGERS,EVT:PILOT_INCAPACITATION_OR_IMPAIRMENT,1
EVT:WIND_SHEAR_OR_GUST,RESPONDS_TO,EVT:PROCEDURE_NOT_FOLLOWED,1
EVT:WIND_SHEAR_OR_GUST,TRIGGERS,EVT:PROCEDURE_NOT_FOLLOWED,1
EVT:WIND_SHEAR_OR_GUST,CAUSES,EVT:PROCEDURE_NOT_FOLLOWED,1
EVT:WIND_SHEAR_OR_GUST,UNDER_CONDITION,COND:aircraft_configuration,1
EVT:WIND_SHEAR_OR_GUST,CONTRIBUTES_TO,EVT:TERRAIN_OR_OBSTACLE_PROXIMITY,1
EVT:WIND_SHEAR_OR_GUST,CAUSES,EVT:TERRAIN_OR_OBSTACLE_PROXIMITY,1
EVT:WIND_SHEAR_OR_GUST,TRIGGERS,EVT:TERRAIN_OR_OBSTACLE_PROXIMITY,1
EVT:WIND_SHEAR_OR_GUST,CAUSES,EVT:AIRFRAME_STRUCTURAL_FAILURE,1
EVT:WIND_SHEAR_OR_GUST,CO_OCCURS,COND:terrain,1
EVT:WIND_SHEAR_OR_GUST,CAUSES,EVT:WIND_SHEAR_OR_GUST,1
COND:infrastructure,CAUSES,EVT:PERCEPTION_FAILURE,1
COND:infrastructure,ENABLES,EVT:PERCEPTION_FAILURE,2
COND:infrastructure,CONTRIBUTES_TO,EVT:PERCEPTION_FAILURE,3
COND:infrastructure,UNDER_CONDITION,EVT:PERCEPTION_FAILURE,1
COND:infrastructure,INHIBITS,EVT:CONTROL_INPUT_IMPROPER,1
COND:infrastructure,ENABLES,EVT:CONTROL_INPUT_IMPROPER,1
COND:infrastructure,UNDER_CONDITION,EVT:CONTROL_INPUT_IMPROPER,1
COND:infrastructure,CAUSES,COND:weather,1
COND:infrastructure,CONTRIBUTES_TO,EVT:LOSS_OF_CONTROL_INFLIGHT,1
COND:infrastructure,CONTRIBUTES_TO,EVT:LOSS_OF_CONTROL_GROUND,2
COND:infrastructure,UNDER_CONDITION,EVT:RUNWAY_EXCURSION_OR_OVERRUN,2
COND:infrastructure,ENABLES,EVT:RUNWAY_EXCURSION_OR_OVERRUN,1
COND:infrastructure,ENABLES,EVT:GROUND_IMPACT,2
COND:infrastructure,CAUSES,EVT:RUNWAY_CONDITION_HAZARD,1
COND:infrastructure,UNDER_CONDITION,EVT:RUNWAY_CONDITION_HAZARD,1
COND:infrastructure,ENABLES,EVT:PROCEDURE_NOT_FOLLOWED,1
COND:infrastructure,UNDER_CONDITION,EVT:PROCEDURE_NOT_FOLLOWED,1
COND:infrastructure,MASKED_BY_CONDITION,COND:perceptual,1
COND:organizational,MASKED_BY_CONDITION,EVT:PERCEPTION_FAILURE,1
COND:organizational,CAUSES,EVT:PERCEPTION_FAILURE,4
COND:organizational,CONTRIBUTES_TO,EVT:PERCEPTION_FAILURE,11
COND:organizational,INHIBITS,EVT:PERCEPTION_FAILURE,1
COND:organizational,ENABLES,EVT:PERCEPTION_FAILURE,1
COND:organizational,ENABLES,EVT:PROCEDURE_NOT_FOLLOWED,10
COND:organizational,CAUSES,EVT:PROCEDURE_NOT_FOLLOWED,14
COND:organizational,CONTRIBUTES_TO,EVT:PROCEDURE_NOT_FOLLOWED,22
COND:organizational,INHIBITS,EVT:PROCEDURE_NOT_FOLLOWED,4
COND:organizational,INDUCED_CONDITION,EVT:PROCEDURE_NOT_FOLLOWED,1
COND:organizational,UNDER_CONDITION,EVT:PROCEDURE_NOT_FOLLOWED,3
COND:organizational,CAUSES,EVT:MAINTENANCE_INADEQUATE,8
COND:organizational,CONTRIBUTES_TO,EVT:MAINTENANCE_INADEQUATE,2
COND:organizational,ENABLES,EVT:MAINTENANCE_INADEQUATE,3
COND:organizational,CAUSES,EVT:RUNWAY_EXCURSION_OR_OVERRUN,1
COND:organizational,CONTRIBUTES_TO,EVT:RUNWAY_EXCURSION_OR_OVERRUN,1
COND:organizational,ENABLES,COND:mechanical,6
COND:organizational,CAUSES,COND:mechanical,26
COND:organizational,INHIBITS,COND:mechanical,1
COND:organizational,CONTRIBUTES_TO,COND:mechanical,4
COND:organizational,CONTRIBUTES_TO,EVT:ATC_OR_DISPATCH_INADEQUATE,1
COND:organizational,CAUSES,EVT:ATC_OR_DISPATCH_INADEQUATE,2
COND:organizational,ENABLES,EVT:ATC_OR_DISPATCH_INADEQUATE,1
COND:organizational,ENABLES,EVT:DECISION_INAPPROPRIATE,9
COND:organizational,CONTRIBUTES_TO,EVT:DECISION_INAPPROPRIATE,33
COND:organizational,CAUSES,EVT:DECISION_INAPPROPRIATE,10
COND:organizational,INHIBITS,EVT:DECISION_INAPPROPRIATE,2
COND:organizational,UNDER_CONDITION,EVT:DECISION_INAPPROPRIATE,2
COND:organizational,CAUSES,COND:environmental,4
COND:organizational,ENABLES,COND:environmental,2
COND:organizational,INHIBITS,ENT:person,3
COND:organizational,UNDER_CONDITION,ENT:person,5
COND:organizational,SUPERVISED_BY,ENT:person,1
COND:organizational,CAUSES,EVT:GROUND_COLLISION_OR_NEAR_MISS,1
COND:organizational,ENABLES,EVT:GROUND_IMPACT,1
COND:organizational,CONTRIBUTES_TO,EVT:GROUND_IMPACT,3
COND:organizational,UNDER_CONDITION,ENT:organization,1
COND:organizational,ENABLES,COND:physiological,3
COND:organizational,INHIBITS,EVT:CONTROL_INPUT_IMPROPER,1
COND:organizational,CONTRIBUTES_TO,EVT:CONTROL_INPUT_IMPROPER,16
COND:organizational,UNDER_CONDITION,EVT:CONTROL_INPUT_IMPROPER,2
COND:organizational,CAUSES,EVT:CONTROL_INPUT_IMPROPER,2
COND:organizational,CONTRIBUTES_TO,EVT:CREW_COORDINATION_FAILURE,1
COND:organizational,CAUSES,EVT:CREW_COORDINATION_FAILURE,1
COND:organizational,ENABLES,EVT:CREW_COORDINATION_FAILURE,1
COND:organizational,SUPERVISED_BY,ENT:aircraft,2
COND:organizational,UNDER_CONDITION,ENT:aircraft,3
COND:organizational,ENABLES,COND:organizational,2
COND:organizational,CAUSES,COND:organizational,2
COND:organizational,CONTRIBUTES_TO,EVT:SPATIAL_DISORIENTATION,4
COND:organizational,ENABLES,EVT:LOSS_OF_CONTROL_INFLIGHT,1
COND:organizational,CONTRIBUTES_TO,EVT:LOSS_OF_CONTROL_INFLIGHT,2
COND:organizational,CONTRIBUTES_TO,EVT:LANDING_GEAR_ANOMALY,1
COND:organizational,ENABLES,EVT:LANDING_GEAR_ANOMALY,1
COND:organizational,CONTRIBUTES_TO,EVT:DESIGN_DEFECT_LATENT,1
COND:organizational,CONTRIBUTES_TO,EVT:STALL,1
COND:organizational,CAUSES,EVT:STALL,1
COND:organizational,ENABLES,EVT:NOSE_GEAR_ANOMALY,1
COND:organizational,CONTRIBUTES_TO,EVT:ENGINE_FAILURE,2
COND:organizational,CAUSES,EVT:ENGINE_FAILURE,1
COND:organizational,ENABLES,EVT:TRAINING_OR_CURRENCY_GAP,1
COND:organizational,CONTRIBUTES_TO,EVT:LOSS_OF_CONTROL_GROUND,1
COND:organizational,INHIBITS,EVT:ALTITUDE_DEVIATION_UNCONTROLLED,1
COND:organizational,CAUSES,COND:information,1
COND:organizational,CONTRIBUTES_TO,COND:information,1
COND:organizational,CAUSES,EVT:BIRD_OR_WILDLIFE_STRIKE,1
COND:organizational,INHIBITS,EVT:WIND_SHEAR_OR_GUST,1
COND:organizational,CONTRIBUTES_TO,EVT:AIRFRAME_STRUCTURAL_FAILURE,1
COND:organizational,CONTRIBUTES_TO,EVT:LOW_VISIBILITY_OR_IMC,1
EVT:FUEL_SYSTEM_ANOMALY,RESPONDS_TO,EVT:DECISION_INAPPROPRIATE,10
EVT:FUEL_SYSTEM_ANOMALY,TRIGGERS,EVT:DECISION_INAPPROPRIATE,3
EVT:FUEL_SYSTEM_ANOMALY,CAUSES,EVT:DECISION_INAPPROPRIATE,4
EVT:FUEL_SYSTEM_ANOMALY,INDUCED_CONDITION,COND:fuel_state,3
EVT:FUEL_SYSTEM_ANOMALY,UNDER_CONDITION,COND:fuel_state,1
EVT:FUEL_SYSTEM_ANOMALY,CAUSES,EVT:EMERGENCY_LANDING,18
EVT:FUEL_SYSTEM_ANOMALY,TRIGGERS,EVT:EMERGENCY_LANDING,3
EVT:FUEL_SYSTEM_ANOMALY,RESPONDS_TO,EVT:EMERGENCY_LANDING,1
EVT:FUEL_SYSTEM_ANOMALY,CAUSES,EVT:ENGINE_FAILURE,34
EVT:FUEL_SYSTEM_ANOMALY,CONTRIBUTES_TO,EVT:FUEL_SYSTEM_ANOMALY,1
EVT:FUEL_SYSTEM_ANOMALY,CAUSES,EVT:FUEL_SYSTEM_ANOMALY,3
EVT:FUEL_SYSTEM_ANOMALY,CONCURRENT,EVT:FUEL_SYSTEM_ANOMALY,1
EVT:FUEL_SYSTEM_ANOMALY,TRIGGERS,EVT:FUEL_SYSTEM_ANOMALY,1
EVT:FUEL_SYSTEM_ANOMALY,CAUSES,EVT:GROUND_IMPACT,25
EVT:FUEL_SYSTEM_ANOMALY,CONTRIBUTES_TO,EVT:GROUND_IMPACT,2
EVT:FUEL_SYSTEM_ANOMALY,RESPONDS_TO,EVT:PROCEDURE_NOT_FOLLOWED,17
EVT:FUEL_SYSTEM_ANOMALY,TRIGGERS,EVT:PROCEDURE_NOT_FOLLOWED,3
EVT:FUEL_SYSTEM_ANOMALY,CAUSES,EVT:PROCEDURE_NOT_FOLLOWED,1
EVT:FUEL_SYSTEM_ANOMALY,INDUCED_CONDITION,COND:mechanical,16
EVT:FUEL_SYSTEM_ANOMALY,UNDER_CONDITION,COND:mechanical,9
EVT:FUEL_SYSTEM_ANOMALY,CAUSES,COND:mechanical,7
EVT:FUEL_SYSTEM_ANOMALY,RESPONDS_TO,EVT:CONTROL_INPUT_IMPROPER,3
EVT:FUEL_SYSTEM_ANOMALY,TRIGGERS,EVT:CONTROL_INPUT_IMPROPER,1
EVT:FUEL_SYSTEM_ANOMALY,CAUSES,EVT:STALL,3
EVT:FUEL_SYSTEM_ANOMALY,UNDER_CONDITION,COND:environmental,4
EVT:FUEL_SYSTEM_ANOMALY,INDUCED_CONDITION,COND:environmental,1
EVT:FUEL_SYSTEM_ANOMALY,CAUSES,COND:instrument,1
EVT:FUEL_SYSTEM_ANOMALY,CAUSES,EVT:WATER_IMPACT,3
EVT:FUEL_SYSTEM_ANOMALY,UNDER_CONDITION,COND:weather,2
EVT:FUEL_SYSTEM_ANOMALY,CAUSES,EVT:INFLIGHT_FIRE_OR_SMOKE,1
EVT:FUEL_SYSTEM_ANOMALY,CAUSES,EVT:ALTITUDE_DEVIATION_UNCONTROLLED,1
EVT:FUEL_SYSTEM_ANOMALY,INDUCED_CONDITION,COND:resource,1
EVT:FUEL_SYSTEM_ANOMALY,CAUSES,EVT:LOSS_OF_CONTROL_INFLIGHT,4
EVT:FUEL_SYSTEM_ANOMALY,CAUSES,EVT:TERRAIN_OR_OBSTACLE_PROXIMITY,1
EVT:FUEL_SYSTEM_ANOMALY,UNDER_CONDITION,COND:fuel,1
EVT:FUEL_SYSTEM_ANOMALY,CAUSES,EVT:CONTROL_SURFACE_ANOMALY,1
EVT:BIRD_OR_WILDLIFE_STRIKE,CAUSES,COND:mechanical,1
EVT:BIRD_OR_WILDLIFE_STRIKE,CAUSES,EVT:LANDING_GEAR_ANOMALY,1
EVT:BIRD_OR_WILDLIFE_STRIKE,RESPONDS_TO,EVT:CONTROL_INPUT_IMPROPER,1
EVT:BIRD_OR_WILDLIFE_STRIKE,CAUSES,EVT:RUNWAY_EXCURSION_OR_OVERRUN,1
EVT:BIRD_OR_WILDLIFE_STRIKE,CAUSES,EVT:PROCEDURE_NOT_FOLLOWED,1
EVT:BIRD_OR_WILDLIFE_STRIKE,CAUSES,EVT:INFLIGHT_FIRE_OR_SMOKE,1
EVT:BIRD_OR_WILDLIFE_STRIKE,UNDER_CONDITION,COND:environmental,1
EVT:BIRD_OR_WILDLIFE_STRIKE,CO_OCCURS,COND:environmental,1
EVT:BIRD_OR_WILDLIFE_STRIKE,CAUSES,EVT:PERCEPTION_FAILURE,1
EVT:BIRD_OR_WILDLIFE_STRIKE,CAUSES,EVT:LOSS_OF_CONTROL_GROUND,1
EVT:BIRD_OR_WILDLIFE_STRIKE,CAUSES,EVT:FUEL_SYSTEM_ANOMALY,1
EVT:BIRD_OR_WILDLIFE_STRIKE,CAUSES,EVT:ENGINE_FAILURE,1
EVT:BIRD_OR_WILDLIFE_STRIKE,CAUSES,EVT:CONTROL_SURFACE_ANOMALY,2
EVT:BIRD_OR_WILDLIFE_STRIKE,CAUSES,EVT:AIRFRAME_STRUCTURAL_FAILURE,1
EVT:BIRD_OR_WILDLIFE_STRIKE,UNDER_CONDITION,COND:infrastructure,1
COND:administrative,UNDER_CONDITION,EVT:PROCEDURE_NOT_FOLLOWED,1
COND:operational,CAUSES,EVT:CONTROL_INPUT_IMPROPER,5
COND:operational,UNDER_CONDITION,EVT:CONTROL_INPUT_IMPROPER,2
COND:operational,CONTRIBUTES_TO,EVT:CONTROL_INPUT_IMPROPER,5
COND:operational,ENABLES,EVT:CONTROL_INPUT_IMPROPER,1
COND:operational,CONTRIBUTES_TO,EVT:INJURY_OR_FATALITY,3
COND:operational,CAUSES,COND:mechanical,7
COND:operational,CONTRIBUTES_TO,COND:mechanical,1
COND:operational,CAUSES,EVT:FUEL_SYSTEM_ANOMALY,3
COND:operational,CONTRIBUTES_TO,EVT:FUEL_SYSTEM_ANOMALY,1
COND:operational,CAUSES,EVT:LOSS_OF_CONTROL_INFLIGHT,4
COND:operational,CONTRIBUTES_TO,EVT:ENGINE_FAILURE,2
COND:operational,CAUSES,EVT:ENGINE_FAILURE,6
COND:operational,CAUSES,EVT:DECISION_INAPPROPRIATE,5
COND:operational,ENABLES,EVT:DECISION_INAPPROPRIATE,2
COND:operational,CONTRIBUTES_TO,EVT:DECISION_INAPPROPRIATE,2
COND:operational,IF_THEN,EVT:DECISION_INAPPROPRIATE,1
COND:operational,CONTRIBUTES_TO,COND:structural,1
COND:operational,CAUSES,COND:operational,1
COND:operational,CONTRIBUTES_TO,COND:operational,1
COND:operational,ENABLES,EVT:PERCEPTION_FAILURE,1
COND:operational,CAUSES,EVT:PERCEPTION_FAILURE,1
COND:operational,CONTRIBUTES_TO,EVT:RUNWAY_EXCURSION_OR_OVERRUN,1
COND:operational,UNDER_CONDITION,EVT:RUNWAY_EXCURSION_OR_OVERRUN,1
COND:operational,CO_OCCURS,COND:environmental,1
COND:operational,CONTRIBUTES_TO,EVT:AIRFRAME_STRUCTURAL_FAILURE,1
COND:operational,CAUSES,EVT:AIRFRAME_STRUCTURAL_FAILURE,1
COND:operational,CONTRIBUTES_TO,EVT:STALL,1
COND:operational,CAUSES,EVT:STALL,3
COND:operational,CAUSES,EVT:GROUND_IMPACT,2
COND:operational,CONTRIBUTES_TO,EVT:GROUND_IMPACT,1
COND:operational,ENABLES,EVT:PROCEDURE_NOT_FOLLOWED,1
COND:operational,CONTRIBUTES_TO,EVT:PROCEDURE_NOT_FOLLOWED,3
COND:operational,UNDER_CONDITION,EVT:PROCEDURE_NOT_FOLLOWED,2
COND:operational,TRIGGERS,EVT:PROCEDURE_NOT_FOLLOWED,1
COND:operational,ENABLES,EVT:TRAINING_OR_CURRENCY_GAP,1
COND:operational,CONTRIBUTES_TO,EVT:MIDAIR_COLLISION,1
COND:operational,CAUSES,EVT:AERODYNAMIC_STATE_CHANGE,1
COND:operational,CONTRIBUTES_TO,EVT:LOSS_OF_CONTROL_GROUND,1
COND:operational,CAUSES,EVT:LANDING_GEAR_ANOMALY,1
COND:spatial,ENABLES,EVT:CONTROL_INPUT_IMPROPER,2
COND:spatial,CAUSES,EVT:CONTROL_INPUT_IMPROPER,8
COND:spatial,TRIGGERS,EVT:CONTROL_INPUT_IMPROPER,3
COND:spatial,CAUSES,EVT:GROUND_COLLISION,1
COND:spatial,ENABLES,EVT:GROUND_COLLISION,1
COND:spatial,CAUSES,EVT:PROCEDURE_NOT_FOLLOWED,4
COND:spatial,ENABLES,EVT:PROCEDURE_NOT_FOLLOWED,1
COND:spatial,CAUSES,EVT:DECISION_INAPPROPRIATE,2
COND:spatial,TRIGGERS,EVT:DECISION_INAPPROPRIATE,1
COND:spatial,CAUSES,EVT:GROUND_IMPACT,2
COND:spatial,UNDER_CONDITION,EVT:PERCEPTION_FAILURE,2
COND:spatial,CAUSES,EVT:LOSS_OF_CONTROL_INFLIGHT,1
COND:spatial,CAUSES,EVT:SPATIAL_DISORIENTATION,1
COND:spatial,INDUCED_CONDITION,EVT:SPATIAL_DISORIENTATION,1
COND:spatial,UNDER_CONDITION,EVT:SPATIAL_DISORIENTATION,1
COND:spatial,CAUSES,EVT:RUNWAY_EXCURSION_OR_OVERRUN,2
COND:spatial,ENABLES,EVT:MIDAIR_COLLISION,1
COND:spatial,CAUSES,COND:cognitive,1
COND:human,CAUSES,EVT:CONTROL_INPUT_IMPROPER,4
COND:human,UNDER_CONDITION,EVT:CONTROL_INPUT_IMPROPER,1
COND:human,CONTRIBUTES_TO,EVT:CONTROL_INPUT_IMPROPER,4
COND:human,ENABLES,EVT:CONTROL_SURFACE_ANOMALY,1
COND:human,CONTRIBUTES_TO,EVT:PERCEPTION_FAILURE,7
COND:human,CAUSES,EVT:PERCEPTION_FAILURE,1
COND:human,CAUSES,EVT:FUEL_SYSTEM_ANOMALY,1
COND:human,CONTRIBUTES_TO,EVT:DECISION_INAPPROPRIATE,5
COND:human,CAUSES,EVT:DECISION_INAPPROPRIATE,3
COND:human,CAUSES,EVT:PROCEDURE_NOT_FOLLOWED,3
COND:human,CONTRIBUTES_TO,EVT:PROCEDURE_NOT_FOLLOWED,6
COND:human,CAUSES,COND:mechanical,2
COND:human,CAUSES,EVT:LOSS_OF_CONTROL_INFLIGHT,1
COND:human,CONTRIBUTES_TO,EVT:LOSS_OF_CONTROL_INFLIGHT,1
COND:human,CONTRIBUTES_TO,EVT:SPATIAL_DISORIENTATION,1
COND:human,CONTRIBUTES_TO,EVT:STALL,1
COND:human,UNDER_CONDITION,ENT:person,1
COND:human,CAUSES,EVT:LANDING_GEAR_ANOMALY,1
COND:human,CONTRIBUTES_TO,EVT:INJURY_OR_FATALITY,1
COND:resource,CAUSES,EVT:ENGINE_FAILURE,21
COND:resource,UNDER_CONDITION,EVT:ENGINE_FAILURE,1
COND:resource,CAUSES,EVT:FUEL_SYSTEM_ANOMALY,5
COND:resource,UNDER_CONDITION,EVT:FUEL_SYSTEM_ANOMALY,2
COND:resource,CAUSES,EVT:PERCEPTION_FAILURE,1
COND:resource,UNDER_CONDITION,EVT:DECISION_INAPPROPRIATE,1
COND:resource,CAUSES,EVT:DECISION_INAPPROPRIATE,4
COND:resource,CONTRIBUTES_TO,EVT:PROCEDURE_NOT_FOLLOWED,1
COND:resource,CAUSES,EVT:RUNWAY_EXCURSION_OR_OVERRUN,1
COND:weight_and_balance,CAUSES,EVT:TERRAIN_OR_OBSTACLE_PROXIMITY,1
COND:weight_and_balance,CAUSES,COND:aerodynamic,1
COND:weight_and_balance,CONTRIBUTES_TO,EVT:CONTROL_INPUT_IMPROPER,1
COND:weight_and_balance,ENABLES,EVT:CONTROL_INPUT_IMPROPER,1
COND:weight_and_balance,UNDER_CONDITION,EVT:DECISION_INAPPROPRIATE,1
COND:weight_and_balance,CAUSES,EVT:LOSS_OF_CONTROL_GROUND,1
EVT:TERRAIN_OR_OBSTACLE_PROXIMITY,TRIGGERS,EVT:CONTROL_INPUT_IMPROPER,7
EVT:TERRAIN_OR_OBSTACLE_PROXIMITY,CONCURRENT,EVT:CONTROL_INPUT_IMPROPER,1
EVT:TERRAIN_OR_OBSTACLE_PROXIMITY,CAUSES,EVT:CONTROL_INPUT_IMPROPER,6
EVT:TERRAIN_OR_OBSTACLE_PROXIMITY,RESPONDS_TO,EVT:CONTROL_INPUT_IMPROPER,2
EVT:TERRAIN_OR_OBSTACLE_PROXIMITY,CAUSES,EVT:PROCEDURE_NOT_FOLLOWED,1
EVT:TERRAIN_OR_OBSTACLE_PROXIMITY,PRECEDES,EVT:PROCEDURE_NOT_FOLLOWED,1
EVT:TERRAIN_OR_OBSTACLE_PROXIMITY,CAUSES,EVT:RUNWAY_EXCURSION_OR_OVERRUN,4
EVT:TERRAIN_OR_OBSTACLE_PROXIMITY,UNDER_CONDITION,COND:weather,9
EVT:TERRAIN_OR_OBSTACLE_PROXIMITY,CAUSES,EVT:GROUND_IMPACT,207
EVT:TERRAIN_OR_OBSTACLE_PROXIMITY,CONTRIBUTES_TO,EVT:GROUND_IMPACT,1
EVT:TERRAIN_OR_OBSTACLE_PROXIMITY,CAUSES,EVT:LOSS_OF_CONTROL_INFLIGHT,21
EVT:TERRAIN_OR_OBSTACLE_PROXIMITY,TRIGGERS,EVT:DECISION_INAPPROPRIATE,2
EVT:TERRAIN_OR_OBSTACLE_PROXIMITY,CAUSES,EVT:INFLIGHT_FIRE_OR_SMOKE,9
EVT:TERRAIN_OR_OBSTACLE_PROXIMITY,CAUSES,EVT:AIRFRAME_STRUCTURAL_FAILURE,28
EVT:TERRAIN_OR_OBSTACLE_PROXIMITY,UNDER_CONDITION,COND:terrain,27
EVT:TERRAIN_OR_OBSTACLE_PROXIMITY,CAUSES,EVT:MIDAIR_COLLISION,3
EVT:TERRAIN_OR_OBSTACLE_PROXIMITY,ENABLES,EVT:MIDAIR_COLLISION,1
EVT:TERRAIN_OR_OBSTACLE_PROXIMITY,CO_OCCURS,EVT:MIDAIR_COLLISION,1
EVT:TERRAIN_OR_OBSTACLE_PROXIMITY,UNDER_CONDITION,COND:environmental,80
EVT:TERRAIN_OR_OBSTACLE_PROXIMITY,CAUSES,COND:environmental,1
EVT:TERRAIN_OR_OBSTACLE_PROXIMITY,CONCURRENT,EVT:TURBULENCE_ENCOUNTER,1
EVT:TERRAIN_OR_OBSTACLE_PROXIMITY,CAUSES,EVT:TURBULENCE_ENCOUNTER,1
EVT:TERRAIN_OR_OBSTACLE_PROXIMITY,PRECEDES,EVT:TURBULENCE_ENCOUNTER,1
EVT:TERRAIN_OR_OBSTACLE_PROXIMITY,CAUSES,EVT:STRUCTURAL_OVERLOAD,6
EVT:TERRAIN_OR_OBSTACLE_PROXIMITY,UNDER_CONDITION,COND:unknown,2
EVT:TERRAIN_OR_OBSTACLE_PROXIMITY,UNDER_CONDITION,COND:operational,1
EVT:TERRAIN_OR_OBSTACLE_PROXIMITY,CAUSES,EVT:LOSS_OF_CONTROL_GROUND,5
EVT:TERRAIN_OR_OBSTACLE_PROXIMITY,CAUSES,EVT:CONTROL_SURFACE_ANOMALY,6
EVT:TERRAIN_OR_OBSTACLE_PROXIMITY,CAUSES,EVT:TERRAIN_OR_OBSTACLE_PROXIMITY,18
EVT:TERRAIN_OR_OBSTACLE_PROXIMITY,CONCURRENT,EVT:TERRAIN_OR_OBSTACLE_PROXIMITY,1
EVT:TERRAIN_OR_OBSTACLE_PROXIMITY,CAUSES,EVT:EMERGENCY_LANDING,4
EVT:TERRAIN_OR_OBSTACLE_PROXIMITY,CAUSES,EVT:INJURY_OR_FATALITY,9
EVT:TERRAIN_OR_OBSTACLE_PROXIMITY,CAUSES,EVT:STALL,6
EVT:TERRAIN_OR_OBSTACLE_PROXIMITY,UNDER_CONDITION,COND:infrastructure,1
EVT:TERRAIN_OR_OBSTACLE_PROXIMITY,CAUSES,EVT:INFLIGHT_BREAKUP,2
EVT:TERRAIN_OR_OBSTACLE_PROXIMITY,CAUSES,EVT:GROUND_DAMAGE,1
EVT:TERRAIN_OR_OBSTACLE_PROXIMITY,CAUSES,EVT:ENGINE_FAILURE,4
EVT:TERRAIN_OR_OBSTACLE_PROXIMITY,INDUCED_CONDITION,COND:mechanical,1
EVT:TERRAIN_OR_OBSTACLE_PROXIMITY,CAUSES,COND:mechanical,1
EVT:TERRAIN_OR_OBSTACLE_PROXIMITY,CAUSES,EVT:WATER_IMPACT,3
EVT:TERRAIN_OR_OBSTACLE_PROXIMITY,UNDER_CONDITION,COND:information,1
EVT:TERRAIN_OR_OBSTACLE_PROXIMITY,ENABLES,COND:external_load,1
EVT:TERRAIN_OR_OBSTACLE_PROXIMITY,CAUSES,EVT:LANDING_GEAR_ANOMALY,2
EVT:TERRAIN_OR_OBSTACLE_PROXIMITY,UNDER_CONDITION,ENT:obstacle,1
EVT:TERRAIN_OR_OBSTACLE_PROXIMITY,CAUSES,EVT:PERCEPTION_FAILURE,1
EVT:TERRAIN_OR_OBSTACLE_PROXIMITY,TRIGGERS,EVT:PERCEPTION_FAILURE,1
EVT:TERRAIN_OR_OBSTACLE_PROXIMITY,UNDER_CONDITION,COND:terrain_obstacle,4
EVT:TERRAIN_OR_OBSTACLE_PROXIMITY,UNDER_CONDITION,COND:obstacle,1
EVT:TERRAIN_OR_OBSTACLE_PROXIMITY,CAUSES,EVT:ALTITUDE_DEVIATION_UNCONTROLLED,1
EVT:TERRAIN_OR_OBSTACLE_PROXIMITY,UNDER_CONDITION,COND:spatial,3
EVT:TERRAIN_OR_OBSTACLE_PROXIMITY,CAUSES,EVT:FUEL_SYSTEM_ANOMALY,1
EVT:TERRAIN_OR_OBSTACLE_PROXIMITY,CONCURRENT,COND:physiological,1
EVT:TERRAIN_OR_OBSTACLE_PROXIMITY,CAUSES,EVT:SUCCESSFUL_RECOVERY,1
EVT:TERRAIN_OR_OBSTACLE_PROXIMITY,UNDER_CONDITION,COND:weight,1
EVT:INSTRUMENT_OR_AVIONICS_FAILURE,TRIGGERS,EVT:PROCEDURE_NOT_FOLLOWED,1
EVT:INSTRUMENT_OR_AVIONICS_FAILURE,INHIBITS,EVT:PROCEDURE_NOT_FOLLOWED,2
EVT:INSTRUMENT_OR_AVIONICS_FAILURE,CAUSES,EVT:PROCEDURE_NOT_FOLLOWED,3
EVT:INSTRUMENT_OR_AVIONICS_FAILURE,RESPONDS_TO,EVT:PROCEDURE_NOT_FOLLOWED,4
EVT:INSTRUMENT_OR_AVIONICS_FAILURE,CONTRIBUTES_TO,EVT:PROCEDURE_NOT_FOLLOWED,2
EVT:INSTRUMENT_OR_AVIONICS_FAILURE,MASKED_BY_CONDITION,EVT:PROCEDURE_NOT_FOLLOWED,1
EVT:INSTRUMENT_OR_AVIONICS_FAILURE,UNDER_CONDITION,COND:navigation,1
EVT:INSTRUMENT_OR_AVIONICS_FAILURE,UNDER_CONDITION,COND:communication,1
EVT:INSTRUMENT_OR_AVIONICS_FAILURE,CAUSES,EVT:GROUND_IMPACT,1
EVT:INSTRUMENT_OR_AVIONICS_FAILURE,UNDER_CONDITION,COND:mechanical,23
EVT:INSTRUMENT_OR_AVIONICS_FAILURE,CAUSES,COND:mechanical,6
EVT:INSTRUMENT_OR_AVIONICS_FAILURE,INDUCED_CONDITION,COND:mechanical,5
EVT:INSTRUMENT_OR_AVIONICS_FAILURE,DETECTS,COND:mechanical,1
EVT:INSTRUMENT_OR_AVIONICS_FAILURE,UNDER_CONDITION,COND:equipment,1
EVT:INSTRUMENT_OR_AVIONICS_FAILURE,CAUSES,COND:environmental,2
EVT:INSTRUMENT_OR_AVIONICS_FAILURE,INDUCED_CONDITION,COND:environmental,3
EVT:INSTRUMENT_OR_AVIONICS_FAILURE,MASKED_BY_CONDITION,COND:environmental,1
EVT:INSTRUMENT_OR_AVIONICS_FAILURE,UNDER_CONDITION,COND:environmental,1
EVT:INSTRUMENT_OR_AVIONICS_FAILURE,CAUSES,EVT:PERCEPTION_FAILURE,8
EVT:INSTRUMENT_OR_AVIONICS_FAILURE,CONTRIBUTES_TO,EVT:PERCEPTION_FAILURE,1
EVT:INSTRUMENT_OR_AVIONICS_FAILURE,TRIGGERS,EVT:PERCEPTION_FAILURE,3
EVT:INSTRUMENT_OR_AVIONICS_FAILURE,INHIBITS,EVT:PERCEPTION_FAILURE,1
EVT:INSTRUMENT_OR_AVIONICS_FAILURE,MASKED_BY_CONDITION,EVT:PERCEPTION_FAILURE,1
EVT:INSTRUMENT_OR_AVIONICS_FAILURE,TRIGGERS,EVT:DECISION_INAPPROPRIATE,3
EVT:INSTRUMENT_OR_AVIONICS_FAILURE,CAUSES,EVT:DECISION_INAPPROPRIATE,1
EVT:INSTRUMENT_OR_AVIONICS_FAILURE,RESPONDS_TO,EVT:DECISION_INAPPROPRIATE,3
EVT:INSTRUMENT_OR_AVIONICS_FAILURE,CAUSES,EVT:SPATIAL_DISORIENTATION,3
EVT:INSTRUMENT_OR_AVIONICS_FAILURE,MASKED_BY_CONDITION,COND:weather,1
EVT:INSTRUMENT_OR_AVIONICS_FAILURE,UNDER_CONDITION,COND:weather,2
EVT:INSTRUMENT_OR_AVIONICS_FAILURE,CAUSES,EVT:INSTRUMENT_OR_AVIONICS_FAILURE,2
EVT:INSTRUMENT_OR_AVIONICS_FAILURE,CAUSES,EVT:ENGINE_FAILURE,2
EVT:INSTRUMENT_OR_AVIONICS_FAILURE,INDUCED_CONDITION,COND:instrument_failure,1
EVT:INSTRUMENT_OR_AVIONICS_FAILURE,CAUSES,COND:instrument,2
EVT:INSTRUMENT_OR_AVIONICS_FAILURE,CAUSES,EVT:LANDING_GEAR_ANOMALY,1
EVT:INSTRUMENT_OR_AVIONICS_FAILURE,ENABLES,EVT:SUCCESSFUL_RECOVERY,1
EVT:INSTRUMENT_OR_AVIONICS_FAILURE,MASKED_BY_CONDITION,EVT:CONTROL_INPUT_IMPROPER,1
EVT:INSTRUMENT_OR_AVIONICS_FAILURE,TRIGGERS,EVT:CONTROL_INPUT_IMPROPER,1
EVT:INSTRUMENT_OR_AVIONICS_FAILURE,RESPONDS_TO,EVT:CONTROL_INPUT_IMPROPER,1
EVT:INSTRUMENT_OR_AVIONICS_FAILURE,CONTRIBUTES_TO,EVT:CONTROL_INPUT_IMPROPER,1
EVT:INSTRUMENT_OR_AVIONICS_FAILURE,CAUSES,EVT:CONTROL_SURFACE_ANOMALY,1
EVT:INSTRUMENT_OR_AVIONICS_FAILURE,MASKED_BY_CONDITION,COND:knowledge,1
EVT:INSTRUMENT_OR_AVIONICS_FAILURE,MASKED_BY_CONDITION,COND:cognitive,1
EVT:INSTRUMENT_OR_AVIONICS_FAILURE,TRIGGERS,EVT:MAINTENANCE_INADEQUATE,1
EVT:ATC_OR_DISPATCH_INADEQUATE,MASKED_BY_CONDITION,EVT:PERCEPTION_FAILURE,1
EVT:ATC_OR_DISPATCH_INADEQUATE,CONTRIBUTES_TO,EVT:PERCEPTION_FAILURE,5
EVT:ATC_OR_DISPATCH_INADEQUATE,RESPONDS_TO,EVT:PERCEPTION_FAILURE,4
EVT:ATC_OR_DISPATCH_INADEQUATE,CAUSES,EVT:PERCEPTION_FAILURE,4
EVT:ATC_OR_DISPATCH_INADEQUATE,TRIGGERS,EVT:PERCEPTION_FAILURE,1
EVT:ATC_OR_DISPATCH_INADEQUATE,CAUSES,EVT:PROCEDURE_NOT_FOLLOWED,2
EVT:ATC_OR_DISPATCH_INADEQUATE,CONCURRENT,EVT:PROCEDURE_NOT_FOLLOWED,1
EVT:ATC_OR_DISPATCH_INADEQUATE,RESPONDS_TO,EVT:PROCEDURE_NOT_FOLLOWED,1
EVT:ATC_OR_DISPATCH_INADEQUATE,UNDER_CONDITION,COND:organizational,1
EVT:ATC_OR_DISPATCH_INADEQUATE,CAUSES,COND:organizational,1
EVT:ATC_OR_DISPATCH_INADEQUATE,CAUSES,COND:situational_awareness,2
EVT:ATC_OR_DISPATCH_INADEQUATE,INDUCED_CONDITION,COND:situational_awareness,1
EVT:ATC_OR_DISPATCH_INADEQUATE,CAUSES,EVT:MIDAIR_COLLISION,2
EVT:ATC_OR_DISPATCH_INADEQUATE,CONTRIBUTES_TO,EVT:MIDAIR_COLLISION,2
EVT:ATC_OR_DISPATCH_INADEQUATE,RESPONDS_TO,EVT:LOSS_OF_CONTROL_INFLIGHT,1
EVT:ATC_OR_DISPATCH_INADEQUATE,CONTRIBUTES_TO,EVT:SPATIAL_DISORIENTATION,1
EVT:ATC_OR_DISPATCH_INADEQUATE,CAUSES,COND:environmental,1
EVT:ATC_OR_DISPATCH_INADEQUATE,TRIGGERS,EVT:CONTROL_INPUT_IMPROPER,2
EVT:ATC_OR_DISPATCH_INADEQUATE,CAUSES,EVT:CONTROL_INPUT_IMPROPER,1
EVT:ATC_OR_DISPATCH_INADEQUATE,CAUSES,COND:cognitive,1
EVT:ATC_OR_DISPATCH_INADEQUATE,CAUSES,EVT:DECISION_INAPPROPRIATE,1
EVT:ATC_OR_DISPATCH_INADEQUATE,RESPONDS_TO,EVT:DECISION_INAPPROPRIATE,2
EVT:ATC_OR_DISPATCH_INADEQUATE,CONTRIBUTES_TO,EVT:DECISION_INAPPROPRIATE,2
EVT:ATC_OR_DISPATCH_INADEQUATE,CAUSES,EVT:GROUND_PERSONNEL_ERROR,1
EVT:ATC_OR_DISPATCH_INADEQUATE,CAUSES,COND:procedural,1
EVT:ATC_OR_DISPATCH_INADEQUATE,INDUCED_CONDITION,COND:procedural,1
EVT:ATC_OR_DISPATCH_INADEQUATE,TRIGGERS,EVT:RESPONDS_TO,1
EVT:SUCCESSFUL_RECOVERY,CAUSES,EVT:PERCEPTION_FAILURE,1
EVT:SUCCESSFUL_RECOVERY,CAUSES,EVT:INJURY_OR_FATALITY,1
EVT:SUCCESSFUL_RECOVERY,CAUSES,EVT:SUCCESSFUL_RECOVERY,1
EVT:SUCCESSFUL_RECOVERY,CAUSES,EVT:EMERGENCY_LANDING,3
EVT:SUCCESSFUL_RECOVERY,PRECEDES,EVT:GROUND_IMPACT,1
EVT:SUCCESSFUL_RECOVERY,CAUSES,EVT:GROUND_IMPACT,2
EVT:SUCCESSFUL_RECOVERY,CAUSES,EVT:TERRAIN_OR_OBSTACLE_PROXIMITY,1
EVT:SUCCESSFUL_RECOVERY,CAUSES,EVT:ALTITUDE_DEVIATION_UNCONTROLLED,1
EVT:SUCCESSFUL_RECOVERY,PRECEDES,EVT:PROCEDURE_NOT_FOLLOWED,1
EVT:SUCCESSFUL_RECOVERY,PRECEDES,EVT:CONTROL_INPUT_IMPROPER,1
EVT:MIDAIR_COLLISION,CAUSES,EVT:GROUND_IMPACT,27
EVT:MIDAIR_COLLISION,CAUSES,EVT:SUCCESSFUL_RECOVERY,5
EVT:MIDAIR_COLLISION,CAUSES,EVT:WATER_IMPACT,5
EVT:MIDAIR_COLLISION,RESPONDS_TO,EVT:CONTROL_INPUT_IMPROPER,2
EVT:MIDAIR_COLLISION,TRIGGERS,EVT:CONTROL_INPUT_IMPROPER,1
EVT:MIDAIR_COLLISION,CAUSES,EVT:LOSS_OF_CONTROL_INFLIGHT,4
EVT:MIDAIR_COLLISION,CAUSES,EVT:EMERGENCY_LANDING,1
EVT:MIDAIR_COLLISION,CAUSES,EVT:INJURY_OR_FATALITY,15
EVT:MIDAIR_COLLISION,UNDER_CONDITION,COND:weather,2
EVT:MIDAIR_COLLISION,CAUSES,EVT:AIRFRAME_STRUCTURAL_FAILURE,6
EVT:MIDAIR_COLLISION,AFFECTED,ENT:aircraft,1
EVT:MIDAIR_COLLISION,CAUSES,ENT:aircraft,1
EVT:MIDAIR_COLLISION,UNDER_CONDITION,COND:organizational,1
EVT:MIDAIR_COLLISION,CAUSES,EVT:INFLIGHT_BREAKUP,3
EVT:MIDAIR_COLLISION,UNDER_CONDITION,COND:environmental,1
EVT:MIDAIR_COLLISION,CAUSES,EVT:RUNWAY_EXCURSION_OR_OVERRUN,1
EVT:MIDAIR_COLLISION,CAUSES,COND:mechanical,1
EVT:MIDAIR_COLLISION,RESPONDS_TO,EVT:PROCEDURE_NOT_FOLLOWED,1
COND:perceptual,MASKED_BY_CONDITION,EVT:CONTROL_INPUT_IMPROPER,1
COND:perceptual,CAUSES,EVT:CONTROL_INPUT_IMPROPER,1
COND:perceptual,CONTRIBUTES_TO,EVT:CONTROL_INPUT_IMPROPER,1
COND:perceptual,CAUSES,EVT:PERCEPTION_FAILURE,4
COND:perceptual,CAUSES,EVT:PROCEDURE_NOT_FOLLOWED,4
COND:perceptual,CAUSES,EVT:DECISION_INAPPROPRIATE,1
COND:perceptual,CONTRIBUTES_TO,EVT:GROUND_IMPACT,1
COND:perceptual,CAUSES,EVT:TERRAIN_OR_OBSTACLE_PROXIMITY,1
COND:cognitive,CAUSES,EVT:CONTROL_INPUT_IMPROPER,6
COND:cognitive,CONTRIBUTES_TO,EVT:CONTROL_INPUT_IMPROPER,2
COND:cognitive,CAUSES,EVT:DECISION_INAPPROPRIATE,8
COND:cognitive,IF_THEN,EVT:DECISION_INAPPROPRIATE,1
COND:cognitive,CAUSES,EVT:PROCEDURE_NOT_FOLLOWED,9
COND:cognitive,CONTRIBUTES_TO,EVT:PROCEDURE_NOT_FOLLOWED,1
COND:cognitive,CAUSES,EVT:PERCEPTION_FAILURE,6
COND:cognitive,UNDER_CONDITION,EVT:PERCEPTION_FAILURE,2
COND:cognitive,CONTRIBUTES_TO,EVT:PERCEPTION_FAILURE,1
COND:cognitive,CAUSES,COND:procedural,1
COND:cognitive,CAUSES,COND:mechanical,5
COND:cognitive,CAUSES,EVT:LOSS_OF_CONTROL_INFLIGHT,1
COND:cognitive,CAUSES,EVT:TERRAIN_OR_OBSTACLE_PROXIMITY,1
COND:human_factors,CAUSES,EVT:DECISION_INAPPROPRIATE,4
COND:human_factors,CONTRIBUTES_TO,EVT:DECISION_INAPPROPRIATE,8
COND:human_factors,ENABLES,EVT:DECISION_INAPPROPRIATE,1
COND:human_factors,CONTRIBUTES_TO,EVT:INJURY_OR_FATALITY,1
COND:human_factors,CAUSES,EVT:CONTROL_INPUT_IMPROPER,12
COND:human_factors,CONTRIBUTES_TO,EVT:CONTROL_INPUT_IMPROPER,19
COND:human_factors,UNDER_CONDITION,EVT:CONTROL_INPUT_IMPROPER,1
COND:human_factors,CONTRIBUTES_TO,EVT:PROCEDURE_NOT_FOLLOWED,7
COND:human_factors,CAUSES,EVT:PROCEDURE_NOT_FOLLOWED,8
COND:human_factors,CAUSES,EVT:SPATIAL_DISORIENTATION,2
COND:human_factors,INDUCED_CONDITION,EVT:SPATIAL_DISORIENTATION,1
COND:human_factors,CONTRIBUTES_TO,EVT:SPATIAL_DISORIENTATION,1
COND:human_factors,CONTRIBUTES_TO,COND:human_factors,3
COND:human_factors,CAUSES,COND:human_factors,1
COND:human_factors,CONTRIBUTES_TO,COND:mechanical,1
COND:human_factors,CAUSES,COND:mechanical,3
COND:human_factors,CAUSES,EVT:LOSS_OF_CONTROL_GROUND,3
COND:human_factors,CONTRIBUTES_TO,EVT:LOSS_OF_CONTROL_GROUND,1
COND:human_factors,CONTRIBUTES_TO,EVT:RUNWAY_EXCURSION_OR_OVERRUN,2
COND:human_factors,CAUSES,EVT:RUNWAY_EXCURSION_OR_OVERRUN,1
COND:human_factors,CAUSES,EVT:PERCEPTION_FAILURE,6
COND:human_factors,CONTRIBUTES_TO,EVT:PERCEPTION_FAILURE,5
COND:human_factors,CONTRIBUTES_TO,EVT:LOSS_OF_CONTROL_INFLIGHT,3
COND:human_factors,CAUSES,EVT:LOSS_OF_CONTROL_INFLIGHT,1
COND:human_factors,UNDER_CONDITION,ENT:person,2
COND:human_factors,CONTRIBUTES_TO,EVT:STALL,1
EVT:CONTROL_SURFACE_ANOMALY,CAUSES,EVT:LOSS_OF_CONTROL_INFLIGHT,19
EVT:CONTROL_SURFACE_ANOMALY,CONTRIBUTES_TO,EVT:LOSS_OF_CONTROL_INFLIGHT,1
EVT:CONTROL_SURFACE_ANOMALY,CAUSES,EVT:LOSS_OF_CONTROL_GROUND,7
EVT:CONTROL_SURFACE_ANOMALY,RESPONDS_TO,EVT:CONTROL_INPUT_IMPROPER,9
EVT:CONTROL_SURFACE_ANOMALY,INHIBITS,EVT:CONTROL_INPUT_IMPROPER,1
EVT:CONTROL_SURFACE_ANOMALY,TRIGGERS,EVT:CONTROL_INPUT_IMPROPER,3
EVT:CONTROL_SURFACE_ANOMALY,CAUSES,EVT:GROUND_IMPACT,6
EVT:CONTROL_SURFACE_ANOMALY,CONTRIBUTES_TO,EVT:GROUND_IMPACT,4
EVT:CONTROL_SURFACE_ANOMALY,CAUSES,EVT:ENGINE_FAILURE,7
EVT:CONTROL_SURFACE_ANOMALY,RESPONDS_TO,EVT:DECISION_INAPPROPRIATE,4
EVT:CONTROL_SURFACE_ANOMALY,TRIGGERS,EVT:DECISION_INAPPROPRIATE,6
EVT:CONTROL_SURFACE_ANOMALY,CAUSES,EVT:DECISION_INAPPROPRIATE,2
EVT:CONTROL_SURFACE_ANOMALY,CONTRIBUTES_TO,EVT:DECISION_INAPPROPRIATE,1
EVT:CONTROL_SURFACE_ANOMALY,UNDER_CONDITION,COND:mechanical,15
EVT:CONTROL_SURFACE_ANOMALY,INDUCED_CONDITION,COND:mechanical,16
EVT:CONTROL_SURFACE_ANOMALY,CAUSES,COND:mechanical,1
EVT:CONTROL_SURFACE_ANOMALY,CAUSES,EVT:CONTROL_SURFACE_ANOMALY,2
EVT:CONTROL_SURFACE_ANOMALY,CAUSES,EVT:STALL,1
EVT:CONTROL_SURFACE_ANOMALY,RESPONDS_TO,EVT:PROCEDURE_NOT_FOLLOWED,5
EVT:CONTROL_SURFACE_ANOMALY,TRIGGERS,EVT:PROCEDURE_NOT_FOLLOWED,2
EVT:CONTROL_SURFACE_ANOMALY,CONTRIBUTES_TO,EVT:PROCEDURE_NOT_FOLLOWED,1
EVT:CONTROL_SURFACE_ANOMALY,CAUSES,EVT:PROCEDURE_NOT_FOLLOWED,1
EVT:CONTROL_SURFACE_ANOMALY,CAUSES,EVT:EMERGENCY_LANDING,3
EVT:CONTROL_SURFACE_ANOMALY,CAUSES,EVT:RUNWAY_EXCURSION_OR_OVERRUN,4
EVT:CONTROL_SURFACE_ANOMALY,CONTRIBUTES_TO,EVT:RUNWAY_EXCURSION_OR_OVERRUN,2
EVT:CONTROL_SURFACE_ANOMALY,TRIGGERS,EVT:PERCEPTION_FAILURE,2
EVT:CONTROL_SURFACE_ANOMALY,CAUSES,COND:aerodynamic,2
EVT:CONTROL_SURFACE_ANOMALY,INDUCED_CONDITION,COND:aerodynamic,2
EVT:CONTROL_SURFACE_ANOMALY,CONCURRENT,EVT:AIRFRAME_STRUCTURAL_FAILURE,1
EVT:CONTROL_SURFACE_ANOMALY,CAUSES,EVT:AIRFRAME_STRUCTURAL_FAILURE,4
EVT:CONTROL_SURFACE_ANOMALY,CAUSES,EVT:INFLIGHT_BREAKUP,1
EVT:CONTROL_SURFACE_ANOMALY,CAUSES,EVT:ALTITUDE_DEVIATION_UNCONTROLLED,1
EVT:CONTROL_SURFACE_ANOMALY,CAUSES,EVT:SUCCESSFUL_RECOVERY,2
EVT:CONTROL_SURFACE_ANOMALY,CAUSES,EVT:PILOT_INCAPACITATION_OR_IMPAIRMENT,1
EVT:CONTROL_SURFACE_ANOMALY,CAUSES,EVT:STRUCTURAL_OVERLOAD,1
EVT:CONTROL_SURFACE_ANOMALY,UNDER_CONDITION,COND:environmental,1
EVT:STALL,CAUSES,EVT:GROUND_IMPACT,252
EVT:STALL,CONTRIBUTES_TO,EVT:GROUND_IMPACT,2
EVT:STALL,CAUSES,EVT:LOSS_OF_CONTROL_INFLIGHT,62
EVT:STALL,CONTRIBUTES_TO,EVT:ENGINE_FAILURE,1
EVT:STALL,INDUCED_CONDITION,COND:aerodynamic,18
EVT:STALL,UNDER_CONDITION,COND:aerodynamic,9
EVT:STALL,TRIGGERS,EVT:AUTOMATION_ANOMALY,1
EVT:STALL,CAUSES,EVT:INJURY_OR_FATALITY,1
EVT:STALL,TRIGGERS,EVT:DECISION_INAPPROPRIATE,4
EVT:STALL,RESPONDS_TO,EVT:DECISION_INAPPROPRIATE,1
EVT:STALL,CAUSES,EVT:LOSS_OF_CONTROL_GROUND,8
EVT:STALL,CONTRIBUTES_TO,EVT:LOSS_OF_CONTROL_GROUND,1
EVT:STALL,CAUSES,EVT:CONTROL_INPUT_IMPROPER,5
EVT:STALL,TRIGGERS,EVT:CONTROL_INPUT_IMPROPER,4
EVT:STALL,RESPONDS_TO,EVT:CONTROL_INPUT_IMPROPER,26
EVT:STALL,CONCURRENT,EVT:CONTROL_INPUT_IMPROPER,1
EVT:STALL,CAUSES,EVT:TERRAIN_OR_OBSTACLE_PROXIMITY,9
EVT:STALL,UNDER_CONDITION,COND:weather,4
EVT:STALL,CONTRIBUTES_TO,COND:weather,1
EVT:STALL,INDUCED_CONDITION,COND:weather,1
EVT:STALL,UNDER_CONDITION,COND:environmental,9
EVT:STALL,CONCURRENT,EVT:WIND_SHEAR_OR_GUST,1
EVT:STALL,CAUSES,EVT:WATER_IMPACT,7
EVT:STALL,UNDER_CONDITION,COND:terrain,2
EVT:STALL,CAUSES,EVT:CONTROL_SURFACE_ANOMALY,1
EVT:STALL,CAUSES,EVT:RUNWAY_EXCURSION_OR_OVERRUN,2
EVT:STALL,TRIGGERS,EVT:CREW_COORDINATION_FAILURE,1
EVT:STALL,CAUSES,COND:aircraft_state,1
EVT:STALL,TRIGGERS,EVT:PERCEPTION_FAILURE,3
EVT:STALL,CAUSES,EVT:ALTITUDE_DEVIATION_UNCONTROLLED,1
EVT:STALL,INDUCED_CONDITION,COND:mechanical,2
EVT:STALL,RESPONDS_TO,EVT:PROCEDURE_NOT_FOLLOWED,2
EVT:STALL,MASKED_BY_CONDITION,COND:visual,1
EVT:STALL,CAUSES,EVT:STRUCTURAL_OVERLOAD,1
EVT:STALL,CAUSES,EVT:EMERGENCY_LANDING,1
EVT:STALL,INDUCED_CONDITION,COND:unknown,1
COND:weight,CONTRIBUTES_TO,EVT:GROUND_IMPACT,1
COND:weight,CAUSES,EVT:STALL,6
COND:weight,CONTRIBUTES_TO,EVT:STALL,4
COND:weight,CONTRIBUTES_TO,EVT:CONTROL_INPUT_IMPROPER,4
COND:weight,INHIBITS,EVT:CONTROL_INPUT_IMPROPER,1
COND:weight,CAUSES,COND:aerodynamic,2
COND:weight,CAUSES,COND:performance,3
COND:weight,CONTRIBUTES_TO,EVT:LOSS_OF_CONTROL_INFLIGHT,1
COND:weight,CAUSES,EVT:LOSS_OF_CONTROL_INFLIGHT,4
COND:weight,ENABLES,EVT:DECISION_INAPPROPRIATE,5
COND:weight,CONTRIBUTES_TO,EVT:DECISION_INAPPROPRIATE,2
COND:weight,CONTRIBUTES_TO,EVT:ENGINE_FAILURE,1
COND:weight,CONTRIBUTES_TO,EVT:LOSS_OF_CONTROL_GROUND,2
COND:weight,CAUSES,EVT:LOSS_OF_CONTROL_GROUND,2
COND:weight,CONTRIBUTES_TO,EVT:RUNWAY_CONDITION_HAZARD,1
COND:weight,ENABLES,EVT:PROCEDURE_NOT_FOLLOWED,1
COND:weight,CAUSES,EVT:ALTITUDE_DEVIATION_UNCONTROLLED,2
COND:weight,CAUSES,EVT:TERRAIN_OR_OBSTACLE_PROXIMITY,1
COND:health,CONTRIBUTES_TO,EVT:DECISION_INAPPROPRIATE,1
COND:terrain,UNDER_CONDITION,EVT:GROUND_IMPACT,10
COND:terrain,CAUSES,EVT:GROUND_IMPACT,9
COND:terrain,ENABLES,EVT:GROUND_IMPACT,10
COND:terrain,UNDER_CONDITION,EVT:LOSS_OF_CONTROL_INFLIGHT,5
COND:terrain,ENABLES,EVT:LOSS_OF_CONTROL_INFLIGHT,1
COND:terrain,CAUSES,EVT:STALL,2
COND:terrain,ENABLES,EVT:STALL,1
COND:terrain,CAUSES,EVT:LOSS_OF_CONTROL_GROUND,3
COND:terrain,UNDER_CONDITION,EVT:LOSS_OF_CONTROL_GROUND,2
COND:terrain,ENABLES,EVT:LOSS_OF_CONTROL_GROUND,1
COND:terrain,UNDER_CONDITION,EVT:CONTROL_INPUT_IMPROPER,9
COND:terrain,TRIGGERS,EVT:CONTROL_INPUT_IMPROPER,1
COND:terrain,CAUSES,EVT:CONTROL_INPUT_IMPROPER,1
COND:terrain,ENABLES,EVT:CONTROL_INPUT_IMPROPER,1
COND:terrain,UNDER_CONDITION,EVT:DECISION_INAPPROPRIATE,6
COND:terrain,ENABLES,EVT:DECISION_INAPPROPRIATE,2
COND:terrain,CONTRIBUTES_TO,EVT:DECISION_INAPPROPRIATE,1
COND:terrain,MASKED_BY_CONDITION,EVT:WIND_SHEAR_OR_GUST,1
COND:terrain,UNDER_CONDITION,EVT:WIND_SHEAR_OR_GUST,1
COND:terrain,UNDER_CONDITION,EVT:RUNWAY_EXCURSION_OR_OVERRUN,4
COND:terrain,CONTRIBUTES_TO,EVT:RUNWAY_EXCURSION_OR_OVERRUN,1
COND:terrain,CAUSES,COND:aerodynamic,3
COND:terrain,ENABLES,COND:aerodynamic,1
COND:terrain,CONTRIBUTES_TO,EVT:PROCEDURE_NOT_FOLLOWED,1
COND:terrain,UNDER_CONDITION,EVT:PROCEDURE_NOT_FOLLOWED,2
COND:terrain,UNDER_CONDITION,EVT:PERCEPTION_FAILURE,2
COND:terrain,ENABLES,EVT:PERCEPTION_FAILURE,1
COND:terrain,CONTRIBUTES_TO,EVT:PERCEPTION_FAILURE,1
COND:terrain,CAUSES,EVT:PERCEPTION_FAILURE,1
COND:terrain,MASKED_BY_CONDITION,EVT:PERCEPTION_FAILURE,1
COND:terrain,CAUSES,EVT:TURBULENCE_ENCOUNTER,1
COND:terrain,UNDER_CONDITION,EVT:TERRAIN_OR_OBSTACLE_PROXIMITY,2
COND:terrain,ENABLES,EVT:TERRAIN_OR_OBSTACLE_PROXIMITY,2
COND:terrain,CAUSES,EVT:TERRAIN_OR_OBSTACLE_PROXIMITY,1
COND:terrain,ENABLES,EVT:SPATIAL_DISORIENTATION,3
COND:terrain,CAUSES,COND:weather,2
COND:terrain,CAUSES,COND:performance,1
COND:terrain,UNDER_CONDITION,EVT:RUNWAY_CONDITION_HAZARD,1
COND:surface,CAUSES,EVT:STALL,1
COND:surface,CAUSES,EVT:LOSS_OF_CONTROL_GROUND,2
COND:surface,UNDER_CONDITION,EVT:LOSS_OF_CONTROL_GROUND,1
COND:surface,CONTRIBUTES_TO,EVT:LOSS_OF_CONTROL_GROUND,1
COND:surface,CAUSES,EVT:RUNWAY_EXCURSION_OR_OVERRUN,2
COND:surface,UNDER_CONDITION,EVT:RUNWAY_EXCURSION_OR_OVERRUN,1
COND:surface,CONTRIBUTES_TO,EVT:RUNWAY_EXCURSION_OR_OVERRUN,2
COND:surface,CAUSES,EVT:RUNWAY_CONDITION_HAZARD,2
COND:surface,CAUSES,EVT:GROUND_IMPACT,2
COND:surface,CONTRIBUTES_TO,EVT:CONTROL_INPUT_IMPROPER,1
COND:navigation,CONTRIBUTES_TO,COND:situational_awareness,1
COND:navigation,CAUSES,EVT:PERCEPTION_FAILURE,1
COND:navigation,CAUSES,EVT:SPATIAL_DISORIENTATION,1
COND:communication,CONTRIBUTES_TO,COND:situational_awareness,1
COND:communication,RESPONDS_TO,EVT:DECISION_INAPPROPRIATE,1
COND:communication,CONTRIBUTES_TO,EVT:DECISION_INAPPROPRIATE,1
COND:communication,INHIBITS,EVT:PERCEPTION_FAILURE,1
COND:communication,INHIBITS,EVT:PROCEDURE_NOT_FOLLOWED,1
COND:communication,INHIBITS,EVT:GROUND_IMPACT,1
COND:situational_awareness,CAUSES,COND:fuel,1
COND:situational_awareness,CAUSES,EVT:PERCEPTION_FAILURE,11
COND:situational_awareness,CAUSES,EVT:ATC_OR_DISPATCH_INADEQUATE,2
COND:situational_awareness,CAUSES,EVT:GROUND_IMPACT,1
COND:situational_awareness,CONTRIBUTES_TO,EVT:GROUND_IMPACT,1
COND:situational_awareness,CAUSES,EVT:CONTROL_INPUT_IMPROPER,2
COND:situational_awareness,IF_THEN,EVT:CONTROL_INPUT_IMPROPER,1
COND:situational_awareness,ENABLES,EVT:GROUND_COLLISION,1
COND:situational_awareness,CAUSES,EVT:GROUND_COLLISION,1
COND:situational_awareness,CAUSES,EVT:DECISION_INAPPROPRIATE,4
COND:situational_awareness,UNDER_CONDITION,EVT:WIND_SHEAR_OR_GUST,1
COND:situational_awareness,CAUSES,EVT:TERRAIN_OR_OBSTACLE_PROXIMITY,1
COND:situational_awareness,CONTRIBUTES_TO,EVT:PROCEDURE_NOT_FOLLOWED,1
COND:fuel,CAUSES,EVT:EMERGENCY_LANDING,1
COND:fuel,CAUSES,EVT:ENGINE_FAILURE,12
COND:fuel,CAUSES,EVT:FUEL_SYSTEM_ANOMALY,3
COND:fuel,UNDER_CONDITION,EVT:FUEL_SYSTEM_ANOMALY,1
COND:fuel,IF_THEN,EVT:DECISION_INAPPROPRIATE,1
COND:fuel,CAUSES,EVT:DECISION_INAPPROPRIATE,1
COND:fuel,CAUSES,COND:fuel,1
COND:fuel,CAUSES,COND:mechanical,1
COND:fuel,CONTRIBUTES_TO,EVT:SPATIAL_DISORIENTATION,1
EVT:SPATIAL_DISORIENTATION,UNDER_CONDITION,COND:situational_awareness,1
EVT:SPATIAL_DISORIENTATION,CAUSES,EVT:LOSS_OF_CONTROL_INFLIGHT,19
EVT:SPATIAL_DISORIENTATION,CONTRIBUTES_TO,EVT:ENGINE_FAILURE,1
EVT:SPATIAL_DISORIENTATION,CAUSES,EVT:GROUND_IMPACT,46
EVT:SPATIAL_DISORIENTATION,UNDER_CONDITION,COND:environmental,10
EVT:SPATIAL_DISORIENTATION,ENABLES,COND:environmental,1
EVT:SPATIAL_DISORIENTATION,CONCURRENT,COND:environmental,1
EVT:SPATIAL_DISORIENTATION,CAUSES,COND:environmental,1
EVT:SPATIAL_DISORIENTATION,CAUSES,EVT:TERRAIN_OR_OBSTACLE_PROXIMITY,7
EVT:SPATIAL_DISORIENTATION,CAUSES,EVT:DECISION_INAPPROPRIATE,7
EVT:SPATIAL_DISORIENTATION,CONTRIBUTES_TO,EVT:DECISION_INAPPROPRIATE,1
EVT:SPATIAL_DISORIENTATION,CAUSES,EVT:CONTROL_INPUT_IMPROPER,9
EVT:SPATIAL_DISORIENTATION,TRIGGERS,EVT:CONTROL_INPUT_IMPROPER,1
EVT:SPATIAL_DISORIENTATION,UNDER_CONDITION,COND:weather,5
EVT:SPATIAL_DISORIENTATION,CAUSES,EVT:INFLIGHT_BREAKUP,1
EVT:SPATIAL_DISORIENTATION,CAUSES,EVT:MIDAIR_COLLISION,1
EVT:SPATIAL_DISORIENTATION,CAUSES,EVT:ALTITUDE_DEVIATION_UNCONTROLLED,5
EVT:SPATIAL_DISORIENTATION,INDUCED_CONDITION,COND:human_factor,6
EVT:SPATIAL_DISORIENTATION,CAUSES,EVT:PROCEDURE_NOT_FOLLOWED,1
EVT:SPATIAL_DISORIENTATION,TRIGGERS,EVT:PROCEDURE_NOT_FOLLOWED,1
EVT:SPATIAL_DISORIENTATION,UNDER_CONDITION,COND:terrain,4
EVT:SPATIAL_DISORIENTATION,UNDER_CONDITION,COND:aerodynamic,1
EVT:SPATIAL_DISORIENTATION,CAUSES,EVT:STRUCTURAL_OVERLOAD,1
EVT:SPATIAL_DISORIENTATION,CAUSES,EVT:RUNWAY_EXCURSION_OR_OVERRUN,1
EVT:SPATIAL_DISORIENTATION,INDUCED_CONDITION,COND:spatial,2
EVT:SPATIAL_DISORIENTATION,INDUCED_CONDITION,COND:resource,1
EVT:SPATIAL_DISORIENTATION,CONCURRENT,EVT:PERCEPTION_FAILURE,1
EVT:SPATIAL_DISORIENTATION,CAUSES,EVT:PERCEPTION_FAILURE,2
EVT:SPATIAL_DISORIENTATION,INDUCED_CONDITION,COND:spatial_disorientation,1
EVT:SPATIAL_DISORIENTATION,INDUCED_CONDITION,COND:physiological,2
EVT:SPATIAL_DISORIENTATION,INDUCED_CONDITION,COND:mental_state,2
EVT:SPATIAL_DISORIENTATION,CAUSES,EVT:STALL,1
EVT:SPATIAL_DISORIENTATION,CAUSES,EVT:LOSS_OF_CONTROL_GROUND,1
EVT:SPATIAL_DISORIENTATION,CAUSES,EVT:EMERGENCY_LANDING,1
EVT:SPATIAL_DISORIENTATION,INDUCED_CONDITION,COND:human_performance,1
EVT:SPATIAL_DISORIENTATION,INDUCED_CONDITION,COND:cognitive,1
EVT:SPATIAL_DISORIENTATION,INDUCED_CONDITION,COND:human_factors,1
EVT:AIRFRAME_STRUCTURAL_FAILURE,INDUCED_CONDITION,COND:mechanical,9
EVT:AIRFRAME_STRUCTURAL_FAILURE,UNDER_CONDITION,COND:mechanical,3
EVT:AIRFRAME_STRUCTURAL_FAILURE,CAUSES,COND:mechanical,3
EVT:AIRFRAME_STRUCTURAL_FAILURE,CAUSES,EVT:ALTITUDE_DEVIATION_UNCONTROLLED,2
EVT:AIRFRAME_STRUCTURAL_FAILURE,CAUSES,EVT:EMERGENCY_LANDING,4
EVT:AIRFRAME_STRUCTURAL_FAILURE,CAUSES,EVT:AIRFRAME_STRUCTURAL_FAILURE,11
EVT:AIRFRAME_STRUCTURAL_FAILURE,INDUCED_CONDITION,COND:environmental,1
EVT:AIRFRAME_STRUCTURAL_FAILURE,CAUSES,EVT:LANDING_GEAR_ANOMALY,1
EVT:AIRFRAME_STRUCTURAL_FAILURE,CONTRIBUTES_TO,EVT:LANDING_GEAR_ANOMALY,1
EVT:AIRFRAME_STRUCTURAL_FAILURE,CONCURRENT,EVT:LANDING_GEAR_ANOMALY,1
EVT:AIRFRAME_STRUCTURAL_FAILURE,UNDER_CONDITION,ENT:component,1
EVT:AIRFRAME_STRUCTURAL_FAILURE,CAUSES,EVT:LOSS_OF_CONTROL_INFLIGHT,22
EVT:AIRFRAME_STRUCTURAL_FAILURE,CAUSES,EVT:CONTROL_SURFACE_ANOMALY,2
EVT:AIRFRAME_STRUCTURAL_FAILURE,TRIGGERS,EVT:PROCEDURE_NOT_FOLLOWED,2
EVT:AIRFRAME_STRUCTURAL_FAILURE,RESPONDS_TO,EVT:PROCEDURE_NOT_FOLLOWED,1
EVT:AIRFRAME_STRUCTURAL_FAILURE,CAUSES,EVT:GROUND_IMPACT,63
EVT:AIRFRAME_STRUCTURAL_FAILURE,CONTRIBUTES_TO,EVT:GROUND_IMPACT,3
EVT:AIRFRAME_STRUCTURAL_FAILURE,CONCURRENT,EVT:GROUND_IMPACT,1
EVT:AIRFRAME_STRUCTURAL_FAILURE,INDUCED_CONDITION,COND:structural,1
EVT:AIRFRAME_STRUCTURAL_FAILURE,CAUSES,EVT:INFLIGHT_FIRE_OR_SMOKE,4
EVT:AIRFRAME_STRUCTURAL_FAILURE,RESPONDS_TO,EVT:MAINTENANCE_INADEQUATE,1
EVT:AIRFRAME_STRUCTURAL_FAILURE,TRIGGERS,EVT:DECISION_INAPPROPRIATE,1
EVT:AIRFRAME_STRUCTURAL_FAILURE,CAUSES,EVT:INFLIGHT_BREAKUP,4
EVT:AIRFRAME_STRUCTURAL_FAILURE,CAUSES,EVT:INJURY_OR_FATALITY,4
EVT:AIRFRAME_STRUCTURAL_FAILURE,CONTRIBUTES_TO,EVT:WATER_IMPACT,1
EVT:AIRFRAME_STRUCTURAL_FAILURE,CAUSES,EVT:SUCCESSFUL_RECOVERY,2
EVT:AIRFRAME_STRUCTURAL_FAILURE,CONCURRENT,EVT:SUCCESSFUL_RECOVERY,1
EVT:AIRFRAME_STRUCTURAL_FAILURE,TRIGGERS,EVT:SUCCESSFUL_RECOVERY,1
EVT:AIRFRAME_STRUCTURAL_FAILURE,CAUSES,EVT:ENGINE_FAILURE,1
EVT:AIRFRAME_STRUCTURAL_FAILURE,CAUSES,EVT:RUNWAY_EXCURSION_OR_OVERRUN,3
EVT:AIRFRAME_STRUCTURAL_FAILURE,CAUSES,EVT:LOSS_OF_CONTROL_GROUND,2
EVT:AIRFRAME_STRUCTURAL_FAILURE,RESPONDS_TO,EVT:CONTROL_INPUT_IMPROPER,2
EVT:AIRFRAME_STRUCTURAL_FAILURE,UNDER_CONDITION,COND:structural_defect,1
EVT:AIRFRAME_STRUCTURAL_FAILURE,CAUSES,COND:aerodynamic,1
EVT:AIRFRAME_STRUCTURAL_FAILURE,CAUSES,EVT:PILOT_INCAPACITATION_OR_IMPAIRMENT,1
EVT:ALTITUDE_DEVIATION_UNCONTROLLED,UNDER_CONDITION,COND:environmental,20
EVT:ALTITUDE_DEVIATION_UNCONTROLLED,CAUSES,COND:environmental,1
EVT:ALTITUDE_DEVIATION_UNCONTROLLED,INDUCED_CONDITION,COND:environmental,1
EVT:ALTITUDE_DEVIATION_UNCONTROLLED,RESPONDS_TO,EVT:DECISION_INAPPROPRIATE,3
EVT:ALTITUDE_DEVIATION_UNCONTROLLED,CAUSES,EVT:DECISION_INAPPROPRIATE,5
EVT:ALTITUDE_DEVIATION_UNCONTROLLED,TRIGGERS,EVT:DECISION_INAPPROPRIATE,6
EVT:ALTITUDE_DEVIATION_UNCONTROLLED,RESPONDS_TO,EVT:PROCEDURE_NOT_FOLLOWED,5
EVT:ALTITUDE_DEVIATION_UNCONTROLLED,CAUSES,EVT:PROCEDURE_NOT_FOLLOWED,5
EVT:ALTITUDE_DEVIATION_UNCONTROLLED,CONCURRENT,EVT:PROCEDURE_NOT_FOLLOWED,1
EVT:ALTITUDE_DEVIATION_UNCONTROLLED,TRIGGERS,EVT:PROCEDURE_NOT_FOLLOWED,1
EVT:ALTITUDE_DEVIATION_UNCONTROLLED,CAUSES,EVT:GROUND_IMPACT,113
EVT:ALTITUDE_DEVIATION_UNCONTROLLED,TRIGGERS,EVT:GROUND_IMPACT,1
EVT:ALTITUDE_DEVIATION_UNCONTROLLED,CONCURRENT,EVT:GROUND_IMPACT,1
EVT:ALTITUDE_DEVIATION_UNCONTROLLED,UNDER_CONDITION,COND:weather,11
EVT:ALTITUDE_DEVIATION_UNCONTROLLED,CAUSES,EVT:TERRAIN_OR_OBSTACLE_PROXIMITY,17
EVT:ALTITUDE_DEVIATION_UNCONTROLLED,CAUSES,EVT:RUNWAY_EXCURSION_OR_OVERRUN,12
EVT:ALTITUDE_DEVIATION_UNCONTROLLED,CAUSES,EVT:RUNWAY_CONDITION_HAZARD,1
EVT:ALTITUDE_DEVIATION_UNCONTROLLED,RESPONDS_TO,EVT:CONTROL_INPUT_IMPROPER,8
EVT:ALTITUDE_DEVIATION_UNCONTROLLED,TRIGGERS,EVT:CONTROL_INPUT_IMPROPER,7
EVT:ALTITUDE_DEVIATION_UNCONTROLLED,CAUSES,EVT:CONTROL_INPUT_IMPROPER,9
EVT:ALTITUDE_DEVIATION_UNCONTROLLED,CONTRIBUTES_TO,EVT:CONTROL_INPUT_IMPROPER,2
EVT:ALTITUDE_DEVIATION_UNCONTROLLED,CAUSES,EVT:STALL,6
EVT:ALTITUDE_DEVIATION_UNCONTROLLED,CONTRIBUTES_TO,EVT:STALL,2
EVT:ALTITUDE_DEVIATION_UNCONTROLLED,CAUSES,EVT:ALTITUDE_DEVIATION_UNCONTROLLED,4
EVT:ALTITUDE_DEVIATION_UNCONTROLLED,UNDER_CONDITION,COND:terrain,7
EVT:ALTITUDE_DEVIATION_UNCONTROLLED,CONTRIBUTES_TO,EVT:MIDAIR_COLLISION,1
EVT:ALTITUDE_DEVIATION_UNCONTROLLED,CAUSES,EVT:MIDAIR_COLLISION,2
EVT:ALTITUDE_DEVIATION_UNCONTROLLED,CAUSES,EVT:LOSS_OF_CONTROL_INFLIGHT,5
EVT:ALTITUDE_DEVIATION_UNCONTROLLED,CONTRIBUTES_TO,EVT:LOSS_OF_CONTROL_INFLIGHT,1
EVT:ALTITUDE_DEVIATION_UNCONTROLLED,CONCURRENT,EVT:LOSS_OF_CONTROL_INFLIGHT,1
EVT:ALTITUDE_DEVIATION_UNCONTROLLED,INDUCED_CONDITION,COND:spatial,1
EVT:ALTITUDE_DEVIATION_UNCONTROLLED,CAUSES,COND:spatial,1
EVT:ALTITUDE_DEVIATION_UNCONTROLLED,CAUSES,COND:situational_awareness,1
EVT:ALTITUDE_DEVIATION_UNCONTROLLED,INDUCED_CONDITION,COND:mechanical,1
EVT:ALTITUDE_DEVIATION_UNCONTROLLED,UNDER_CONDITION,COND:position,1
EVT:ALTITUDE_DEVIATION_UNCONTROLLED,UNDER_CONDITION,COND:visual,1
EVT:ALTITUDE_DEVIATION_UNCONTROLLED,UNDER_CONDITION,COND:aerodynamic,3
EVT:ALTITUDE_DEVIATION_UNCONTROLLED,CAUSES,COND:aerodynamic,1
EVT:ALTITUDE_DEVIATION_UNCONTROLLED,INDUCED_CONDITION,COND:aerodynamic,6
EVT:ALTITUDE_DEVIATION_UNCONTROLLED,INDUCED_CONDITION,COND:procedural,1
EVT:ALTITUDE_DEVIATION_UNCONTROLLED,CAUSES,EVT:PERCEPTION_FAILURE,2
EVT:ALTITUDE_DEVIATION_UNCONTROLLED,TRIGGERS,EVT:PERCEPTION_FAILURE,1
EVT:ALTITUDE_DEVIATION_UNCONTROLLED,INDUCED_CONDITION,COND:operational,1
EVT:ALTITUDE_DEVIATION_UNCONTROLLED,CONCURRENT,EVT:ENGINE_FAILURE,2
EVT:ALTITUDE_DEVIATION_UNCONTROLLED,CAUSES,EVT:WATER_IMPACT,3
EVT:ALTITUDE_DEVIATION_UNCONTROLLED,CAUSES,EVT:LANDING_GEAR_ANOMALY,1
EVT:ALTITUDE_DEVIATION_UNCONTROLLED,CAUSES,EVT:SUCCESSFUL_RECOVERY,1
EVT:ALTITUDE_DEVIATION_UNCONTROLLED,INDUCED_CONDITION,COND:physiological,1
EVT:ALTITUDE_DEVIATION_UNCONTROLLED,CAUSES,EVT:LOSS_OF_CONTROL_GROUND,2
EVT:ALTITUDE_DEVIATION_UNCONTROLLED,CAUSES,EVT:INFLIGHT_BREAKUP,1
EVT:ALTITUDE_DEVIATION_UNCONTROLLED,INDUCED_CONDITION,COND:other,1
ENT:component,UNDER_CONDITION,COND:mechanical,2
ENT:component,SUPERVISED_BY,COND:mechanical,1
ENT:component,CAUSES,EVT:LANDING_GEAR_ANOMALY,1
COND:knowledge,CAUSES,EVT:PROCEDURE_NOT_FOLLOWED,5
COND:knowledge,CONTRIBUTES_TO,EVT:PROCEDURE_NOT_FOLLOWED,1
COND:knowledge,INHIBITS,EVT:PROCEDURE_NOT_FOLLOWED,1
COND:knowledge,CAUSES,EVT:DECISION_INAPPROPRIATE,9
COND:knowledge,CONTRIBUTES_TO,EVT:DECISION_INAPPROPRIATE,7
COND:knowledge,ENABLES,EVT:DECISION_INAPPROPRIATE,1
COND:knowledge,ENABLES,EVT:SPATIAL_DISORIENTATION,1
COND:knowledge,CONTRIBUTES_TO,EVT:SPATIAL_DISORIENTATION,1
COND:knowledge,CAUSES,EVT:RUNWAY_EXCURSION_OR_OVERRUN,1
COND:knowledge,CONTRIBUTES_TO,EVT:CONTROL_INPUT_IMPROPER,2
COND:knowledge,CAUSES,EVT:CONTROL_INPUT_IMPROPER,1
COND:knowledge,CAUSES,EVT:PERCEPTION_FAILURE,4
COND:knowledge,UNDER_CONDITION,EVT:PERCEPTION_FAILURE,1
COND:knowledge,CONTRIBUTES_TO,EVT:TAXIING_INCIDENT,1
COND:knowledge,CAUSES,EVT:TRAINING_OR_CURRENCY_GAP,1
COND:knowledge,CAUSES,EVT:ATC_OR_DISPATCH_INADEQUATE,1
COND:latent_defect,CAUSES,COND:knowledge,1
COND:latent_defect,CAUSES,EVT:LANDING_GEAR_ANOMALY,1
COND:latent_defect,CAUSES,EVT:DECISION_INAPPROPRIATE,1
COND:latent_defect,CAUSES,EVT:PROCEDURE_NOT_FOLLOWED,2
COND:latent_defect,CONTRIBUTES_TO,EVT:PROCEDURE_NOT_FOLLOWED,1
COND:latent_defect,CONTRIBUTES_TO,EVT:CONTROL_INPUT_IMPROPER,2
COND:latent_defect,CAUSES,COND:mechanical,8
COND:latent_defect,CONTRIBUTES_TO,COND:mechanical,2
COND:latent_defect,CONTRIBUTES_TO,EVT:PERCEPTION_FAILURE,2
COND:latent_defect,CAUSES,ENT:organization,1
COND:latent_defect,CAUSES,EVT:ENGINE_FAILURE,1
COND:latent_defect,CAUSES,EVT:FUEL_SYSTEM_ANOMALY,1
COND:latent_defect,CONTRIBUTES_TO,EVT:GROUND_IMPACT,1
COND:latent_defect,IF_THEN,EVT:LOSS_OF_CONTROL_INFLIGHT,1
COND:latent_defect,CAUSES,EVT:AIRFRAME_STRUCTURAL_FAILURE,1
COND:latent_defect,CAUSES,EVT:CONTROL_SURFACE_ANOMALY,1
COND:latent_defect,MASKED_BY_CONDITION,ENT:aircraft,1
COND:latent_defect,ENABLES,EVT:CREW_COORDINATION_FAILURE,1
COND:latent_defect,ENABLES,EVT:STRUCTURAL_OVERLOAD,1
COND:instrument,CAUSES,COND:cognitive,1
COND:instrument,CONTRIBUTES_TO,EVT:DECISION_INAPPROPRIATE,3
COND:instrument,CAUSES,EVT:DECISION_INAPPROPRIATE,2
COND:instrument,ENABLES,EVT:DECISION_INAPPROPRIATE,1
COND:instrument,UNDER_CONDITION,EVT:DECISION_INAPPROPRIATE,1
COND:instrument,CAUSES,EVT:PERCEPTION_FAILURE,2
COND:instrument,MASKED_BY_CONDITION,EVT:PERCEPTION_FAILURE,2
COND:instrument,CAUSES,EVT:SPATIAL_DISORIENTATION,1
COND:instrument,CONTRIBUTES_TO,EVT:LOSS_OF_CONTROL_INFLIGHT,1
COND:instrument,MASKED_BY_CONDITION,COND:mechanical,1
COND:maintenance,CAUSES,COND:mechanical,9
COND:maintenance,CONTRIBUTES_TO,COND:mechanical,4
COND:maintenance,INHIBITS,ENT:aircraft,1
COND:maintenance,UNDER_CONDITION,ENT:aircraft,1
COND:maintenance,CAUSES,COND:instrument,1
COND:maintenance,CAUSES,COND:regulatory,1
COND:maintenance,INHIBITS,EVT:STALL,1
COND:maintenance,INHIBITS,EVT:PROCEDURE_NOT_FOLLOWED,1
COND:maintenance,CONTRIBUTES_TO,EVT:ALTITUDE_DEVIATION_UNCONTROLLED,1
COND:maintenance,CONTRIBUTES_TO,EVT:LOSS_OF_CONTROL_INFLIGHT,1
EVT:GROUND_COLLISION,CAUSES,EVT:GROUND_COLLISION,3
EVT:GROUND_COLLISION,CAUSES,EVT:PROCEDURE_NOT_FOLLOWED,1
EVT:GROUND_COLLISION,UNDER_CONDITION,COND:environmental,2
EVT:GROUND_COLLISION,CONCURRENT,COND:environmental,1
EVT:GROUND_COLLISION,AFFECTS,ENT:aircraft,4
EVT:GROUND_COLLISION,CAUSES,EVT:GROUND_DAMAGE,7
EVT:GROUND_COLLISION,UNDER_CONDITION,COND:spatial,1
EVT:GROUND_COLLISION,MASKED_BY_CONDITION,COND:spatial,1
EVT:GROUND_COLLISION,CAUSES,EVT:LOSS_OF_CONTROL_GROUND,1
EVT:GROUND_COLLISION,RESPONDS_TO,EVT:CONTROL_INPUT_IMPROPER,1
EVT:GROUND_COLLISION,TRIGGERS,EVT:CONTROL_INPUT_IMPROPER,1
EVT:GROUND_COLLISION,CAUSES,EVT:AIRFRAME_STRUCTURAL_FAILURE,2
EVT:GROUND_COLLISION,CAUSES,EVT:STRUCTURAL_DAMAGE,1
EVT:GROUND_COLLISION,INDUCED_CONDITION,COND:physical,1
EVT:GROUND_COLLISION,CONCURRENT,EVT:TAXI_DEPARTURE,1
EVT:GROUND_COLLISION,CAUSES,EVT:LANDING_GEAR_ANOMALY,1
EVT:GROUND_COLLISION,CAUSES,EVT:DECISION_INAPPROPRIATE,1
EVT:GROUND_COLLISION,INDUCED_CONDITION,COND:mechanical,1
COND:ergonomic,CONTRIBUTES_TO,EVT:CONTROL_INPUT_IMPROPER,1
COND:ergonomic,CONTRIBUTES_TO,EVT:DECISION_INAPPROPRIATE,1
COND:ergonomic,CONTRIBUTES_TO,EVT:PROCEDURE_NOT_FOLLOWED,1
COND:physiological,CAUSES,EVT:PILOT_INCAPACITATION_OR_IMPAIRMENT,15
COND:physiological,UNDER_CONDITION,EVT:PILOT_INCAPACITATION_OR_IMPAIRMENT,4
COND:physiological,CONTRIBUTES_TO,EVT:PILOT_INCAPACITATION_OR_IMPAIRMENT,1
COND:physiological,INDUCED_CONDITION,EVT:PILOT_INCAPACITATION_OR_IMPAIRMENT,1
COND:physiological,CAUSES,EVT:PROCEDURE_NOT_FOLLOWED,2
COND:physiological,CONTRIBUTES_TO,EVT:PROCEDURE_NOT_FOLLOWED,4
COND:physiological,INHIBITS,EVT:PROCEDURE_NOT_FOLLOWED,1
COND:physiological,CAUSES,EVT:CONTROL_INPUT_IMPROPER,8
COND:physiological,CONTRIBUTES_TO,EVT:CONTROL_INPUT_IMPROPER,8
COND:physiological,CAUSES,EVT:DECISION_INAPPROPRIATE,5
COND:physiological,UNDER_CONDITION,EVT:DECISION_INAPPROPRIATE,1
COND:physiological,CONTRIBUTES_TO,EVT:DECISION_INAPPROPRIATE,10
COND:physiological,CAUSES,EVT:STALL,2
COND:physiological,CONTRIBUTES_TO,EVT:STALL,1
COND:physiological,UNDER_CONDITION,EVT:PERCEPTION_FAILURE,2
COND:physiological,CAUSES,EVT:PERCEPTION_FAILURE,3
COND:physiological,CAUSES,COND:physiological,1
COND:physiological,CONTRIBUTES_TO,COND:physiological,1
COND:physiological,CONTRIBUTES_TO,EVT:LOSS_OF_CONTROL_INFLIGHT,3
COND:physiological,CAUSES,EVT:LOSS_OF_CONTROL_INFLIGHT,3
COND:physiological,CONTRIBUTES_TO,EVT:ALTITUDE_DEVIATION_UNCONTROLLED,2
COND:physiological,CAUSES,EVT:ALTITUDE_DEVIATION_UNCONTROLLED,2
COND:physiological,UNDER_CONDITION,ENT:person,2
COND:physiological,INHIBITS,ENT:person,1
COND:physiological,MASKED_BY_CONDITION,ENT:person,1
COND:physiological,CONTRIBUTES_TO,EVT:SPATIAL_DISORIENTATION,4
COND:physiological,CAUSES,EVT:SPATIAL_DISORIENTATION,1
COND:physiological,CAUSES,EVT:TERRAIN_OR_OBSTACLE_PROXIMITY,1
COND:physiological,CAUSES,COND:fuel_state,1
COND:physiological,CAUSES,EVT:RUNWAY_EXCURSION_OR_OVERRUN,1
EVT:PILOT_INCAPACITATION_OR_IMPAIRMENT,CAUSES,EVT:GROUND_IMPACT,11
EVT:PILOT_INCAPACITATION_OR_IMPAIRMENT,CONTRIBUTES_TO,EVT:GROUND_IMPACT,3
EVT:PILOT_INCAPACITATION_OR_IMPAIRMENT,UNDER_CONDITION,COND:environmental,3
EVT:PILOT_INCAPACITATION_OR_IMPAIRMENT,UNDER_CONDITION,COND:medical,2
EVT:PILOT_INCAPACITATION_OR_IMPAIRMENT,INDUCED_CONDITION,COND:medical,1
EVT:PILOT_INCAPACITATION_OR_IMPAIRMENT,RESPONDS_TO,EVT:DECISION_INAPPROPRIATE,1
EVT:PILOT_INCAPACITATION_OR_IMPAIRMENT,TRIGGERS,EVT:DECISION_INAPPROPRIATE,1
EVT:PILOT_INCAPACITATION_OR_IMPAIRMENT,CAUSES,EVT:DECISION_INAPPROPRIATE,3
EVT:PILOT_INCAPACITATION_OR_IMPAIRMENT,INDUCED_CONDITION,COND:physiological,4
EVT:PILOT_INCAPACITATION_OR_IMPAIRMENT,UNDER_CONDITION,COND:physiological,4
EVT:PILOT_INCAPACITATION_OR_IMPAIRMENT,CONTRIBUTES_TO,EVT:CONTROL_INPUT_IMPROPER,2
EVT:PILOT_INCAPACITATION_OR_IMPAIRMENT,CAUSES,EVT:CONTROL_INPUT_IMPROPER,5
EVT:PILOT_INCAPACITATION_OR_IMPAIRMENT,CAUSES,EVT:STALL,3
EVT:PILOT_INCAPACITATION_OR_IMPAIRMENT,CAUSES,EVT:SPATIAL_DISORIENTATION,2
EVT:PILOT_INCAPACITATION_OR_IMPAIRMENT,CAUSES,EVT:FUEL_SYSTEM_ANOMALY,1
EVT:PILOT_INCAPACITATION_OR_IMPAIRMENT,CAUSES,EVT:PERCEPTION_FAILURE,2
EVT:PILOT_INCAPACITATION_OR_IMPAIRMENT,CONTRIBUTES_TO,EVT:PERCEPTION_FAILURE,1
EVT:PILOT_INCAPACITATION_OR_IMPAIRMENT,PRECEDES,EVT:PERCEPTION_FAILURE,1
EVT:PILOT_INCAPACITATION_OR_IMPAIRMENT,CAUSES,EVT:LOSS_OF_CONTROL_INFLIGHT,8
EVT:PILOT_INCAPACITATION_OR_IMPAIRMENT,CAUSES,EVT:MIDAIR_COLLISION,1
EVT:PILOT_INCAPACITATION_OR_IMPAIRMENT,CAUSES,EVT:PROCEDURE_NOT_FOLLOWED,1
EVT:PILOT_INCAPACITATION_OR_IMPAIRMENT,CAUSES,EVT:LOSS_OF_CONTROL_GROUND,3
EVT:PILOT_INCAPACITATION_OR_IMPAIRMENT,CAUSES,EVT:PILOT_INCAPACITATION_OR_IMPAIRMENT,1
EVT:PILOT_INCAPACITATION_OR_IMPAIRMENT,CAUSES,EVT:WATER_IMPACT,1
EVT:PILOT_INCAPACITATION_OR_IMPAIRMENT,UNDER_CONDITION,COND:mechanical,1
EVT:PILOT_INCAPACITATION_OR_IMPAIRMENT,CAUSES,EVT:ALTITUDE_DEVIATION_UNCONTROLLED,1
COND:training,CONTRIBUTES_TO,EVT:PROCEDURE_NOT_FOLLOWED,1
COND:training,CAUSES,EVT:PROCEDURE_NOT_FOLLOWED,2
COND:training,CONTRIBUTES_TO,EVT:CONTROL_INPUT_IMPROPER,6
COND:training,ENABLES,EVT:CONTROL_INPUT_IMPROPER,1
COND:training,CAUSES,EVT:CONTROL_INPUT_IMPROPER,2
COND:training,UNDER_CONDITION,EVT:DECISION_INAPPROPRIATE,1
COND:training,CONTRIBUTES_TO,EVT:DECISION_INAPPROPRIATE,2
COND:training,CONTRIBUTES_TO,EVT:PERCEPTION_FAILURE,2
COND:training,CONTRIBUTES_TO,EVT:LOSS_OF_CONTROL_INFLIGHT,1
COND:training,UNDER_CONDITION,EVT:TRAINING_OR_CURRENCY_GAP,1
COND:training,CONTRIBUTES_TO,EVT:SPATIAL_DISORIENTATION,1
COND:training,UNDER_CONDITION,ENT:person,1
COND:medical,TRIGGERS,EVT:PROCEDURE_NOT_FOLLOWED,1
COND:medical,CAUSES,EVT:PILOT_INCAPACITATION_OR_IMPAIRMENT,8
COND:medical,UNDER_CONDITION,EVT:PILOT_INCAPACITATION_OR_IMPAIRMENT,2
COND:medical,CAUSES,COND:medical,3
COND:medical,CONCURRENT,COND:medical,1
COND:medical,CONTRIBUTES_TO,COND:medical,1
COND:medical,CAUSES,EVT:SPATIAL_DISORIENTATION,2
COND:medical,CONTRIBUTES_TO,EVT:DECISION_INAPPROPRIATE,1
COND:medical,UNDER_CONDITION,EVT:LOSS_OF_CONTROL_INFLIGHT,1
COND:medical,CONTRIBUTES_TO,EVT:CONTROL_INPUT_IMPROPER,1
EVT:GROUND_PERSONNEL_ERROR,UNDER_CONDITION,COND:environmental,3
EVT:GROUND_PERSONNEL_ERROR,CAUSES,COND:environmental,6
EVT:GROUND_PERSONNEL_ERROR,INDUCED_CONDITION,COND:environmental,3
EVT:GROUND_PERSONNEL_ERROR,TRIGGERS,EVT:PROCEDURE_NOT_FOLLOWED,1
EVT:GROUND_PERSONNEL_ERROR,CAUSES,EVT:PROCEDURE_NOT_FOLLOWED,1
EVT:GROUND_PERSONNEL_ERROR,CAUSES,EVT:GROUND_IMPACT,4
EVT:GROUND_PERSONNEL_ERROR,CONCURRENT,EVT:GROUND_IMPACT,1
EVT:GROUND_PERSONNEL_ERROR,CAUSES,COND:other,1
EVT:GROUND_PERSONNEL_ERROR,CAUSES,COND:procedural,1
EVT:GROUND_PERSONNEL_ERROR,CAUSES,COND:mechanical,7
EVT:GROUND_PERSONNEL_ERROR,INDUCED_CONDITION,COND:mechanical,1
EVT:GROUND_PERSONNEL_ERROR,DETECTS,COND:mechanical,1
EVT:GROUND_PERSONNEL_ERROR,CAUSES,EVT:LOSS_OF_CONTROL_GROUND,2
EVT:GROUND_PERSONNEL_ERROR,CAUSES,COND:spatial,1
EVT:GROUND_PERSONNEL_ERROR,INDUCED_CONDITION,COND:spatial,1
EVT:GROUND_PERSONNEL_ERROR,CAUSES,EVT:GROUND_COLLISION,1
EVT:GROUND_PERSONNEL_ERROR,AFFECTED_BY,ENT:aircraft,1
EVT:GROUND_PERSONNEL_ERROR,PREVENTS,EVT:PERCEPTION_FAILURE,1
EVT:GROUND_PERSONNEL_ERROR,CONTRIBUTES_TO,EVT:PERCEPTION_FAILURE,2
EVT:GROUND_PERSONNEL_ERROR,CAUSES,EVT:CONTROL_INPUT_IMPROPER,2
EVT:GROUND_PERSONNEL_ERROR,CONTRIBUTES_TO,EVT:CONTROL_INPUT_IMPROPER,1
EVT:GROUND_PERSONNEL_ERROR,PRECEDES,EVT:CREW_COORDINATION_FAILURE,1
EVT:GROUND_PERSONNEL_ERROR,TRIGGERS,EVT:DECISION_INAPPROPRIATE,1
COND:mental_state,CAUSES,EVT:DECISION_INAPPROPRIATE,5
COND:mental_state,CAUSES,EVT:PROCEDURE_NOT_FOLLOWED,1
COND:mental_state,CAUSES,EVT:CONTROL_INPUT_IMPROPER,1
COND:mental_state,CAUSES,COND:situational_awareness,1
COND:aircraft_configuration,CONTRIBUTES_TO,EVT:DECISION_INAPPROPRIATE,1
COND:aircraft_configuration,CONTRIBUTES_TO,EVT:GROUND_IMPACT,2
COND:aircraft_configuration,ENABLES,EVT:CONTROL_INPUT_IMPROPER,3
COND:aircraft_configuration,CONTRIBUTES_TO,EVT:CONTROL_INPUT_IMPROPER,1
COND:aircraft_configuration,CONTRIBUTES_TO,EVT:WIND_SHEAR_OR_GUST,1
COND:aircraft_configuration,CONTRIBUTES_TO,EVT:STALL,1
COND:aircraft_configuration,CAUSES,EVT:LOSS_OF_CONTROL_INFLIGHT,1
COND:aircraft_configuration,CAUSES,EVT:LOSS_OF_CONTROL_GROUND,1
COND:aircraft_configuration,CONTRIBUTES_TO,EVT:RUNWAY_EXCURSION_OR_OVERRUN,1
COND:runway,CONTRIBUTES_TO,EVT:DECISION_INAPPROPRIATE,1
COND:runway,CAUSES,EVT:LOSS_OF_CONTROL_INFLIGHT,1
EVT:INFLIGHT_BREAKUP,CAUSES,EVT:INJURY_OR_FATALITY,9
EVT:INFLIGHT_BREAKUP,CAUSES,EVT:GROUND_IMPACT,15
EVT:INFLIGHT_BREAKUP,CONTRIBUTES_TO,EVT:GROUND_IMPACT,1
EVT:INFLIGHT_BREAKUP,CAUSES,EVT:LOSS_OF_CONTROL_INFLIGHT,1
EVT:INFLIGHT_BREAKUP,UNDER_CONDITION,ENT:aircraft,1
EVT:INFLIGHT_BREAKUP,CAUSES,EVT:SUCCESSFUL_RECOVERY,1
EVT:INFLIGHT_BREAKUP,CAUSES,EVT:INFLIGHT_FIRE_OR_SMOKE,1
EVT:GROUND_DAMAGE,INDUCED_CONDITION,COND:structural,1
EVT:GROUND_DAMAGE,TRIGGERS,EVT:PERCEPTION_FAILURE,1
EVT:THUNDERSTORM_OR_CONVECTIVE,CAUSES,EVT:STRUCTURAL_OVERLOAD,1
EVT:THUNDERSTORM_OR_CONVECTIVE,INDUCED_CONDITION,COND:weather,1
EVT:THUNDERSTORM_OR_CONVECTIVE,UNDER_CONDITION,COND:weather,11
EVT:THUNDERSTORM_OR_CONVECTIVE,CAUSES,EVT:INFLIGHT_BREAKUP,2
EVT:THUNDERSTORM_OR_CONVECTIVE,CONTRIBUTES_TO,EVT:DECISION_INAPPROPRIATE,2
EVT:THUNDERSTORM_OR_CONVECTIVE,CAUSES,EVT:DECISION_INAPPROPRIATE,2
EVT:THUNDERSTORM_OR_CONVECTIVE,CAUSES,EVT:AIRFRAME_STRUCTURAL_FAILURE,1
EVT:THUNDERSTORM_OR_CONVECTIVE,CAUSES,EVT:LOSS_OF_CONTROL_INFLIGHT,3
EVT:THUNDERSTORM_OR_CONVECTIVE,CAUSES,EVT:LOW_VISIBILITY_OR_IMC,1
EVT:THUNDERSTORM_OR_CONVECTIVE,CAUSES,EVT:TERRAIN_OR_OBSTACLE_PROXIMITY,1
EVT:THUNDERSTORM_OR_CONVECTIVE,TRIGGERS,EVT:CONTROL_INPUT_IMPROPER,2
COND:psychological,CAUSES,EVT:CONTROL_INPUT_IMPROPER,2
COND:psychological,CONTRIBUTES_TO,EVT:CONTROL_INPUT_IMPROPER,1
COND:psychological,CAUSES,EVT:PERCEPTION_FAILURE,1
COND:psychological,CONTRIBUTES_TO,EVT:PROCEDURE_NOT_FOLLOWED,1
COND:psychological,CAUSES,EVT:PROCEDURE_NOT_FOLLOWED,2
COND:psychological,CAUSES,EVT:DECISION_INAPPROPRIATE,1
EVT:TAKOFF,UNDER_CONDITION,COND:aerodynamic,1
COND:regulatory,CONTRIBUTES_TO,EVT:PROCEDURE_NOT_FOLLOWED,2
COND:regulatory,ENABLES,EVT:PROCEDURE_NOT_FOLLOWED,4
COND:regulatory,INHIBITS,ENT:person,2
COND:regulatory,UNDER_CONDITION,ENT:person,1
COND:regulatory,CONTRIBUTES_TO,COND:mechanical,1
COND:regulatory,CONTRIBUTES_TO,EVT:TERRAIN_OR_OBSTACLE_PROXIMITY,1
COND:regulatory,CAUSES,EVT:SPATIAL_DISORIENTATION,1
COND:regulatory,UNDER_CONDITION,ENT:aircraft,1
COND:regulatory,ENABLES,EVT:DECISION_INAPPROPRIATE,3
COND:regulatory,INHIBITS,EVT:DECISION_INAPPROPRIATE,1
COND:regulatory,CONTRIBUTES_TO,EVT:ALTITUDE_DEVIATION_UNCONTROLLED,1
COND:regulatory,ENABLES,EVT:ORG_OR_REGULATORY_INADEQUATE,1
COND:workload,CAUSES,EVT:PROCEDURE_NOT_FOLLOWED,2
EVT:INFLIGHT_FIRE_OR_SMOKE,CAUSES,EVT:PERCEPTION_FAILURE,1
EVT:INFLIGHT_FIRE_OR_SMOKE,TRIGGERS,EVT:PERCEPTION_FAILURE,1
EVT:INFLIGHT_FIRE_OR_SMOKE,CAUSES,EVT:INJURY_OR_FATALITY,24
EVT:INFLIGHT_FIRE_OR_SMOKE,CONTRIBUTES_TO,EVT:INJURY_OR_FATALITY,8
EVT:INFLIGHT_FIRE_OR_SMOKE,CAUSES,EVT:GROUND_IMPACT,12
EVT:INFLIGHT_FIRE_OR_SMOKE,CAUSES,EVT:LOSS_OF_CONTROL_INFLIGHT,1
EVT:INFLIGHT_FIRE_OR_SMOKE,CAUSES,COND:mechanical,1
EVT:INFLIGHT_FIRE_OR_SMOKE,INDUCED_CONDITION,COND:mechanical,9
EVT:INFLIGHT_FIRE_OR_SMOKE,UNDER_CONDITION,COND:mechanical,3
EVT:INFLIGHT_FIRE_OR_SMOKE,CONCURRENT,EVT:INFLIGHT_FIRE_OR_SMOKE,2
EVT:INFLIGHT_FIRE_OR_SMOKE,CAUSES,EVT:INFLIGHT_FIRE_OR_SMOKE,6
EVT:INFLIGHT_FIRE_OR_SMOKE,TRIGGERS,EVT:DECISION_INAPPROPRIATE,4
EVT:INFLIGHT_FIRE_OR_SMOKE,RESPONDS_TO,EVT:DECISION_INAPPROPRIATE,2
EVT:INFLIGHT_FIRE_OR_SMOKE,INDUCED_CONDITION,COND:environmental,5
EVT:INFLIGHT_FIRE_OR_SMOKE,ENABLES,COND:environmental,1
EVT:INFLIGHT_FIRE_OR_SMOKE,CAUSES,COND:environmental,1
EVT:INFLIGHT_FIRE_OR_SMOKE,TRIGGERS,EVT:SUCCESSFUL_RECOVERY,2
EVT:INFLIGHT_FIRE_OR_SMOKE,RESPONDS_TO,EVT:SUCCESSFUL_RECOVERY,2
EVT:INFLIGHT_FIRE_OR_SMOKE,CAUSES,EVT:SUCCESSFUL_RECOVERY,2
EVT:INFLIGHT_FIRE_OR_SMOKE,CONCURRENT,EVT:ENGINE_FAILURE,1
EVT:INFLIGHT_FIRE_OR_SMOKE,CAUSES,EVT:CONTROL_INPUT_IMPROPER,1
EVT:INFLIGHT_FIRE_OR_SMOKE,TRIGGERS,EVT:PROCEDURE_NOT_FOLLOWED,1
EVT:INFLIGHT_FIRE_OR_SMOKE,RESPONDS_TO,EVT:PROCEDURE_NOT_FOLLOWED,3
EVT:INFLIGHT_FIRE_OR_SMOKE,UNDER_CONDITION,ENT:component,1
EVT:INFLIGHT_FIRE_OR_SMOKE,INDUCED_CONDITION,COND:physiological,1
EVT:INFLIGHT_FIRE_OR_SMOKE,CAUSES,EVT:AIRFRAME_STRUCTURAL_FAILURE,1
EVT:INFLIGHT_FIRE_OR_SMOKE,CAUSES,EVT:ALTITUDE_DEVIATION_UNCONTROLLED,1
COND:pilot_qualification,CONTRIBUTES_TO,EVT:DECISION_INAPPROPRIATE,6
COND:pilot_qualification,CAUSES,EVT:DECISION_INAPPROPRIATE,1
COND:pilot_qualification,ENABLES,EVT:DECISION_INAPPROPRIATE,1
COND:pilot_qualification,CONTRIBUTES_TO,EVT:PERCEPTION_FAILURE,1
COND:pilot_qualification,ENABLES,EVT:PERCEPTION_FAILURE,1
COND:pilot_qualification,CONTRIBUTES_TO,EVT:LOW_VISIBILITY_OR_IMC,1
COND:pilot_qualification,CONTRIBUTES_TO,EVT:LOSS_OF_CONTROL_INFLIGHT,1
EVT:DESIGN_DEFECT_LATENT,ENABLES,COND:environmental,1
EVT:DESIGN_DEFECT_LATENT,CAUSES,COND:mechanical,3
EVT:DESIGN_DEFECT_LATENT,DETECTS,COND:mechanical,1
EVT:DESIGN_DEFECT_LATENT,INDUCED_CONDITION,COND:mechanical,1
EVT:ELECTRICAL_SYSTEM_FAILURE,UNDER_CONDITION,COND:mechanical,1
EVT:ELECTRICAL_SYSTEM_FAILURE,MASKED_BY_CONDITION,COND:mechanical,1
EVT:ELECTRICAL_SYSTEM_FAILURE,CAUSES,COND:mechanical,3
EVT:ELECTRICAL_SYSTEM_FAILURE,INDUCED_CONDITION,COND:mechanical,1
EVT:ELECTRICAL_SYSTEM_FAILURE,TRIGGERS,EVT:PROCEDURE_NOT_FOLLOWED,2
EVT:ELECTRICAL_SYSTEM_FAILURE,CAUSES,EVT:ENGINE_FAILURE,1
EVT:ELECTRICAL_SYSTEM_FAILURE,CONTRIBUTES_TO,EVT:LANDING_GEAR_ANOMALY,1
COND:human_factor,CONTRIBUTES_TO,EVT:PROCEDURE_NOT_FOLLOWED,4
COND:human_factor,ENABLES,EVT:PROCEDURE_NOT_FOLLOWED,1
COND:human_factor,CAUSES,EVT:PROCEDURE_NOT_FOLLOWED,1
COND:human_factor,CAUSES,EVT:DECISION_INAPPROPRIATE,9
COND:human_factor,INHIBITS,EVT:DECISION_INAPPROPRIATE,1
COND:human_factor,ENABLES,EVT:DECISION_INAPPROPRIATE,3
COND:human_factor,CONTRIBUTES_TO,EVT:DECISION_INAPPROPRIATE,12
COND:human_factor,UNDER_CONDITION,EVT:DECISION_INAPPROPRIATE,1
COND:human_factor,CONTRIBUTES_TO,EVT:PERCEPTION_FAILURE,6
COND:human_factor,UNDER_CONDITION,EVT:PERCEPTION_FAILURE,3
COND:human_factor,CAUSES,EVT:PERCEPTION_FAILURE,2
COND:human_factor,CAUSES,EVT:RUNWAY_EXCURSION_OR_OVERRUN,2
COND:human_factor,CONTRIBUTES_TO,EVT:RUNWAY_EXCURSION_OR_OVERRUN,1
COND:human_factor,CONTRIBUTES_TO,EVT:LOSS_OF_CONTROL_INFLIGHT,2
COND:human_factor,CAUSES,EVT:LOSS_OF_CONTROL_INFLIGHT,2
COND:human_factor,CONTRIBUTES_TO,EVT:ALTITUDE_DEVIATION_UNCONTROLLED,1
COND:human_factor,CAUSES,EVT:ALTITUDE_DEVIATION_UNCONTROLLED,1
COND:human_factor,CONTRIBUTES_TO,EVT:CONTROL_INPUT_IMPROPER,17
COND:human_factor,CAUSES,EVT:CONTROL_INPUT_IMPROPER,4
COND:human_factor,ENABLES,EVT:CONTROL_INPUT_IMPROPER,1
COND:human_factor,INHIBITS,EVT:CONTROL_INPUT_IMPROPER,1
COND:human_factor,CAUSES,EVT:TERRAIN_OR_OBSTACLE_PROXIMITY,1
COND:human_factor,CONTRIBUTES_TO,EVT:GROUND_PERSONNEL_ERROR,1
COND:human_factor,CAUSES,COND:mechanical,3
COND:human_factor,CAUSES,EVT:SPATIAL_DISORIENTATION,3
COND:human_factor,UNDER_CONDITION,EVT:SPATIAL_DISORIENTATION,1
COND:human_factor,CONTRIBUTES_TO,EVT:SPATIAL_DISORIENTATION,2
COND:human_factor,INHIBITS,EVT:WATER_IMPACT,1
COND:human_factor,ENABLES,EVT:LOSS_OF_CONTROL_GROUND,1
COND:human_factor,CAUSES,EVT:LOSS_OF_CONTROL_GROUND,1
COND:human_factor,CONTRIBUTES_TO,EVT:LOSS_OF_CONTROL_GROUND,4
COND:equipment,CAUSES,EVT:PERCEPTION_FAILURE,6
COND:equipment,INHIBITS,EVT:PERCEPTION_FAILURE,4
COND:equipment,CONTRIBUTES_TO,EVT:PERCEPTION_FAILURE,1
COND:equipment,ENABLES,EVT:PERCEPTION_FAILURE,2
COND:equipment,CONTRIBUTES_TO,EVT:PROCEDURE_NOT_FOLLOWED,1
COND:equipment,CAUSES,EVT:PROCEDURE_NOT_FOLLOWED,1
COND:equipment,CONTRIBUTES_TO,COND:mechanical,1
COND:equipment,CAUSES,EVT:CREW_COORDINATION_FAILURE,1
COND:equipment,INHIBITS,EVT:CREW_COORDINATION_FAILURE,1
COND:equipment,CONTRIBUTES_TO,EVT:SPATIAL_DISORIENTATION,2
COND:equipment,CONTRIBUTES_TO,EVT:LOSS_OF_CONTROL_INFLIGHT,1
COND:equipment,IF_THEN,COND:equipment,1
COND:equipment,ENABLES,EVT:DECISION_INAPPROPRIATE,1
COND:equipment,CONTRIBUTES_TO,EVT:DECISION_INAPPROPRIATE,1
COND:equipment,CONTRIBUTES_TO,EVT:LOSS_OF_CONTROL_GROUND,1
COND:equipment,CAUSES,COND:physiological,1
COND:equipment,CONTRIBUTES_TO,EVT:CONTROL_INPUT_IMPROPER,1
COND:fatigue,CONTRIBUTES_TO,EVT:PROCEDURE_NOT_FOLLOWED,4
COND:fatigue,CONTRIBUTES_TO,EVT:CONTROL_INPUT_IMPROPER,3
COND:fatigue,CAUSES,EVT:CONTROL_INPUT_IMPROPER,1
COND:fatigue,CONTRIBUTES_TO,EVT:PERCEPTION_FAILURE,2
COND:fatigue,CAUSES,EVT:PILOT_INCAPACITATION_OR_IMPAIRMENT,2
COND:fatigue,CAUSES,EVT:LOSS_OF_CONTROL_GROUND,1
COND:fatigue,CONTRIBUTES_TO,EVT:DECISION_INAPPROPRIATE,1
COND:fatigue,CAUSES,EVT:DECISION_INAPPROPRIATE,2
ENT:person,UNDER_CONDITION,COND:physiological,1
ENT:person,UNDER_CONDITION,COND:organizational,2
ENT:person,SUPERVISED_BY,COND:organizational,2
ENT:person,UNDER_CONDITION,COND:regulatory,1
ENT:person,UNDER_CONDITION,COND:medical,1
ENT:person,CAUSES,EVT:TERRAIN_OR_OBSTACLE_PROXIMITY,1
ENT:person,UNDER_CONDITION,COND:human_factor,1
ENT:person,SUPERVISED_BY,ENT:organization,1
ENT:person,SUPERVISED_BY,ENT:person,1
ENT:person,RESPONDS_TO,EVT:PROCEDURE_NOT_FOLLOWED,1
COND:other,CONTRIBUTES_TO,EVT:CONTROL_INPUT_IMPROPER,3
COND:other,CAUSES,EVT:CONTROL_INPUT_IMPROPER,1
COND:other,UNDER_CONDITION,EVT:CONTROL_INPUT_IMPROPER,1
COND:other,CAUSES,EVT:PROCEDURE_NOT_FOLLOWED,1
COND:other,CONTEXT,EVT:PROCEDURE_NOT_FOLLOWED,1
COND:other,CONTRIBUTES_TO,EVT:PROCEDURE_NOT_FOLLOWED,1
COND:other,CAUSES,COND:mechanical,1
COND:other,CAUSES,EVT:PERCEPTION_FAILURE,1
COND:other,CONTRIBUTES_TO,EVT:PERCEPTION_FAILURE,1
COND:other,UNDER_CONDITION,EVT:PERCEPTION_FAILURE,1
COND:other,CAUSES,EVT:PILOT_INCAPACITATION_OR_IMPAIRMENT,1
COND:other,CAUSES,EVT:GROUND_IMPACT,1
COND:other,UNDER_CONDITION,EVT:GROUND_IMPACT,1
COND:other,CAUSES,COND:fuel,1
COND:other,ENABLES,EVT:DECISION_INAPPROPRIATE,1
COND:other,UNDER_CONDITION,EVT:DECISION_INAPPROPRIATE,1
COND:other,UNDER_CONDITION,EVT:FUEL_SYSTEM_ANOMALY,1
COND:other,UNDER_CONDITION,EVT:RUNWAY_EXCURSION_OR_OVERRUN,1
COND:other,UNDER_CONDITION,ENT:aircraft,1
COND:other,CAUSES,EVT:LOSS_OF_CONTROL_INFLIGHT,1
COND:other,CAUSES,EVT:TERRAIN_OR_OBSTACLE_PROXIMITY,1
COND:crew_resource_management,CONTRIBUTES_TO,EVT:LOSS_OF_CONTROL_GROUND,1
COND:fuel_flow_interruption,CAUSES,EVT:ENGINE_FAILURE,1
EVT:AUTOMATION_ANOMALY,INDUCED_CONDITION,COND:mechanical,3
EVT:AUTOMATION_ANOMALY,UNDER_CONDITION,COND:mechanical,2
EVT:AUTOMATION_ANOMALY,RESPONDS_TO,EVT:SUCCESSFUL_RECOVERY,1
EVT:AUTOMATION_ANOMALY,CAUSES,EVT:STRUCTURAL_OVERLOAD,2
EVT:AUTOMATION_ANOMALY,RESPONDS_TO,EVT:CONTROL_INPUT_IMPROPER,1
EVT:AUTOMATION_ANOMALY,UNDER_CONDITION,COND:environmental,1
EVT:AUTOMATION_ANOMALY,CAUSES,EVT:AUTOMATION_ANOMALY,1
EVT:AUTOMATION_ANOMALY,CAUSES,EVT:GROUND_IMPACT,2
EVT:AUTOMATION_ANOMALY,CONTRIBUTES_TO,EVT:GROUND_IMPACT,1
EVT:AUTOMATION_ANOMALY,CONTRIBUTES_TO,EVT:RUNWAY_EXCURSION_OR_OVERRUN,1
EVT:AUTOMATION_ANOMALY,CONTRIBUTES_TO,EVT:PERCEPTION_FAILURE,1
EVT:AUTOMATION_ANOMALY,CAUSES,EVT:LOSS_OF_CONTROL_GROUND,1
EVT:AUTOMATION_ANOMALY,CAUSES,EVT:DECISION_INAPPROPRIATE,1
EVT:GROUND_COLLISION_OR_NEAR_MISS,RESPONDS_TO,EVT:PROCEDURE_NOT_FOLLOWED,1
COND:geometric,INHIBITS,EVT:CONTROL_INPUT_IMPROPER,1
COND:structural,TRIGGERS,EVT:CONTROL_INPUT_IMPROPER,1
COND:structural,CAUSES,EVT:AIRFRAME_STRUCTURAL_FAILURE,2
COND:structural,CONTRIBUTES_TO,EVT:AIRFRAME_STRUCTURAL_FAILURE,1
EVT:ORG_OR_REGULATORY_INADEQUATE,CAUSES,COND:information,2
EVT:ORG_OR_REGULATORY_INADEQUATE,CAUSES,COND:organizational,3
EVT:ORG_OR_REGULATORY_INADEQUATE,CAUSES,COND:procedural,1
EVT:ORG_OR_REGULATORY_INADEQUATE,CAUSES,COND:knowledge,1
EVT:ORG_OR_REGULATORY_INADEQUATE,CAUSES,COND:fatigue,1
EVT:ORG_OR_REGULATORY_INADEQUATE,CAUSES,COND:environmental,1
EVT:ORG_OR_REGULATORY_INADEQUATE,MITIGATES,COND:environmental,1
EVT:ORG_OR_REGULATORY_INADEQUATE,CAUSES,COND:infrastructure,1
EVT:ORG_OR_REGULATORY_INADEQUATE,CAUSES,COND:resource,1
EVT:ORG_OR_REGULATORY_INADEQUATE,CONTRIBUTES_TO,COND:weight,1
EVT:ORG_OR_REGULATORY_INADEQUATE,CONTRIBUTES_TO,EVT:LOSS_OF_CONTROL_INFLIGHT,1
EVT:ORG_OR_REGULATORY_INADEQUATE,CONTRIBUTES_TO,EVT:GROUND_IMPACT,1
EVT:ORG_OR_REGULATORY_INADEQUATE,ENABLES,COND:human_factors,1
COND:physical,CAUSES,EVT:CONTROL_INPUT_IMPROPER,2
COND:physical,INHIBITS,EVT:CONTROL_INPUT_IMPROPER,1
COND:physical,MASKED_BY_CONDITION,EVT:PERCEPTION_FAILURE,2
COND:physical,CONTRIBUTES_TO,EVT:LOSS_OF_CONTROL_GROUND,1
COND:physical,INHIBITS,EVT:LOSS_OF_CONTROL_GROUND,1
COND:physical,ENABLES,EVT:DECISION_INAPPROPRIATE,1
COND:physical,CAUSES,COND:physical,1
COND:physical,CONTRIBUTES_TO,EVT:GROUND_IMPACT,1
COND:physical,CAUSES,EVT:GROUND_IMPACT,2
COND:aircraft_state,UNDER_CONDITION,EVT:ALTITUDE_DEVIATION_UNCONTROLLED,1
COND:aircraft_state,CAUSES,COND:visibility,1
COND:aircraft_state,CAUSES,EVT:PROCEDURE_NOT_FOLLOWED,1
COND:aircraft_state,CAUSES,EVT:STALL,1
COND:aircraft_state,CAUSES,EVT:LOSS_OF_CONTROL_GROUND,1
COND:aircraft_state,CAUSES,EVT:GROUND_IMPACT,1
COND:aircraft_state,CAUSES,EVT:RUNWAY_EXCURSION_OR_OVERRUN,1
COND:aircraft_state,CAUSES,EVT:LOSS_OF_CONTROL_INFLIGHT,1
COND:aircraft_state,TRIGGERS,EVT:DECISION_INAPPROPRIATE,1
COND:visual,CAUSES,EVT:PERCEPTION_FAILURE,3
COND:visual,CONTRIBUTES_TO,EVT:PERCEPTION_FAILURE,2
COND:visual,MASKED_BY_CONDITION,EVT:PERCEPTION_FAILURE,1
COND:visual,UNDER_CONDITION,EVT:PERCEPTION_FAILURE,1
COND:visual,CAUSES,EVT:SPATIAL_DISORIENTATION,3
COND:visual,MASKED_BY_CONDITION,EVT:CONTROL_INPUT_IMPROPER,2
COND:visual,CONTRIBUTES_TO,EVT:CONTROL_INPUT_IMPROPER,1
COND:visual,CAUSES,EVT:TERRAIN_OR_OBSTACLE_PROXIMITY,1
COND:visual,ENABLES,COND:situational_awareness,1
COND:visual,CAUSES,EVT:DECISION_INAPPROPRIATE,1
EVT:BRAKE_ANOMALY,CAUSES,EVT:LOSS_OF_CONTROL_GROUND,2
EVT:BRAKE_ANOMALY,UNDER_CONDITION,COND:environmental,1
EVT:BRAKE_ANOMALY,CAUSES,EVT:GROUND_IMPACT,1
EVT:BRAKE_ANOMALY,CAUSES,EVT:INFLIGHT_FIRE_OR_SMOKE,1
EVT:BRAKE_ANOMALY,UNDER_CONDITION,COND:mechanical,1
EVT:BRAKE_SYSTEM_FAILURE,CAUSES,EVT:RUNWAY_EXCURSION_OR_OVERRUN,1
EVT:HYDRAULIC_SYSTEM_FAILURE,RESPONDS_TO,EVT:PROCEDURE_FOLLOWED,2
EVT:HYDRAULIC_SYSTEM_FAILURE,CAUSES,EVT:GROUND_IMPACT,1
EVT:HYDRAULIC_SYSTEM_FAILURE,RESPONDS_TO,EVT:PROCEDURE_NOT_FOLLOWED,1
EVT:HYDRAULIC_SYSTEM_FAILURE,CAUSES,COND:mechanical,3
EVT:HYDRAULIC_SYSTEM_FAILURE,UNDER_CONDITION,COND:mechanical,1
EVT:HYDRAULIC_SYSTEM_FAILURE,RESPONDS_TO,EVT:DECISION_INAPPROPRIATE,1
EVT:HYDRAULIC_SYSTEM_FAILURE,CAUSES,EVT:LANDING_GEAR_ANOMALY,1
EVT:HYDRAULIC_SYSTEM_FAILURE,CAUSES,COND:resource,1
EVT:PROCEDURE_FOLLOWED,CAUSES,EVT:PERCEPTION_FAILURE,1
COND:pilot,CONTRIBUTES_TO,EVT:CONTROL_INPUT_IMPROPER,6
COND:pilot,CAUSES,EVT:CONTROL_INPUT_IMPROPER,2
COND:pilot,CONTRIBUTES_TO,EVT:LOSS_OF_CONTROL_INFLIGHT,1
COND:pilot,CONTRIBUTES_TO,EVT:PERCEPTION_FAILURE,1
COND:pilot,UNDER_CONDITION,EVT:RUNWAY_EXCURSION_OR_OVERRUN,1
ENT:organization,SUPERVISED_BY,COND:latent_defect,1
ENT:organization,CAUSES,COND:mechanical,2
COND:attention,CAUSES,EVT:PROCEDURE_NOT_FOLLOWED,1
COND:attention,CAUSES,EVT:CONTROL_INPUT_IMPROPER,2
COND:attention,CAUSES,EVT:STALL,1
COND:attention,CAUSES,EVT:LOSS_OF_CONTROL_INFLIGHT,1
COND:unknown,CONTRIBUTES_TO,EVT:STALL,1
COND:unknown,CAUSES,EVT:STALL,1
COND:unknown,CAUSES,EVT:TERRAIN_OR_OBSTACLE_PROXIMITY,2
COND:unknown,CAUSES,EVT:LANDING_GEAR_ANOMALY,1
COND:unknown,CAUSES,EVT:RUNWAY_EXCURSION_OR_OVERRUN,2
COND:unknown,UNDER_CONDITION,EVT:RUNWAY_CONDITION_HAZARD,1
COND:unknown,CAUSES,EVT:LOSS_OF_CONTROL_GROUND,1
COND:unknown,CAUSES,EVT:CONTROL_INPUT_IMPROPER,1
COND:unknown,CAUSES,EVT:GROUND_IMPACT,1
COND:visibility,INHIBITS,EVT:DECISION_INAPPROPRIATE,1
COND:visibility,CONTRIBUTES_TO,EVT:PERCEPTION_FAILURE,1
COND:visibility,CAUSES,EVT:PERCEPTION_FAILURE,2
COND:visibility,CONTRIBUTES_TO,EVT:CONTROL_INPUT_IMPROPER,1
COND:visibility,ENABLES,EVT:RUNWAY_EXCURSION_OR_OVERRUN,1
COND:latent,CAUSES,EVT:MAINTENANCE_INADEQUATE,1
COND:latent,CAUSES,COND:mechanical,1
COND:latent,CONTRIBUTES_TO,EVT:CONTROL_INPUT_IMPROPER,2
COND:latent,INHIBITS,EVT:PERCEPTION_FAILURE,1
COND:latent,CAUSES,EVT:INSTRUMENT_OR_AVIONICS_FAILURE,1
COND:location,CONTRIBUTES_TO,EVT:GROUND_IMPACT,1
COND:location,UNDER_CONDITION,EVT:GROUND_IMPACT,1
COND:location,ENABLES,EVT:TERRAIN_OR_OBSTACLE_PROXIMITY,1
COND:configuration,CAUSES,EVT:ALTITUDE_DEVIATION_UNCONTROLLED,1
COND:configuration,CONTRIBUTES_TO,EVT:STALL,2
COND:configuration,CAUSES,EVT:STALL,1
COND:configuration,CAUSES,EVT:WATER_IMPACT,1
COND:configuration,CONTRIBUTES_TO,EVT:LOSS_OF_CONTROL_INFLIGHT,3
COND:configuration,CAUSES,EVT:LOSS_OF_CONTROL_INFLIGHT,4
COND:configuration,CONTRIBUTES_TO,EVT:CONTROL_INPUT_IMPROPER,2
COND:configuration,CAUSES,EVT:ENGINE_FAILURE,1
COND:configuration,CAUSES,COND:aerodynamic,1
COND:configuration,CAUSES,EVT:LOSS_OF_CONTROL_GROUND,1
COND:configuration,UNDER_CONDITION,EVT:PERCEPTION_FAILURE,1
COND:state,CAUSES,EVT:GROUND_IMPACT,1
EVT:BRAKING_SYSTEM_FAILURE,TRIGGERS,EVT:CONTROL_INPUT_IMPROPER,1
COND:design_defect,CAUSES,EVT:CONTROL_INPUT_IMPROPER,1
COND:design_defect,ENABLES,EVT:PILOT_INCAPACITATION_OR_IMPAIRMENT,1
COND:instrument_error,CAUSES,EVT:PERCEPTION_FAILURE,1
EVT:TAXI_DIFFICULTY,CONTRIBUTES_TO,EVT:PERCEPTION_FAILURE,1
EVT:ATC_INADEQUATE,CONTRIBUTES_TO,EVT:PERCEPTION_FAILURE,1
COND:performance,CAUSES,EVT:LOSS_OF_CONTROL_GROUND,1
COND:performance,ENABLES,EVT:CONTROL_INPUT_IMPROPER,1
COND:performance,UNDER_CONDITION,EVT:TURBULENCE_ENCOUNTER,1
COND:performance,UNDER_CONDITION,EVT:RUNWAY_CONDITION_HAZARD,1
COND:performance,CONTRIBUTES_TO,EVT:ALTITUDE_DEVIATION_UNCONTROLLED,1
COND:performance,CAUSES,EVT:ALTITUDE_DEVIATION_UNCONTROLLED,2
COND:performance,CAUSES,EVT:LOSS_OF_CONTROL_INFLIGHT,3
COND:performance,ENABLES,COND:aerodynamic,1
COND:performance,CONTRIBUTES_TO,EVT:DECISION_INAPPROPRIATE,1
COND:performance,CAUSES,EVT:STALL,1
COND:pilot_experience,CONTRIBUTES_TO,EVT:CONTROL_INPUT_IMPROPER,1
COND:mental_health,CAUSES,EVT:DECISION_INAPPROPRIATE,1
COND:pharmacological,CONTRIBUTES_TO,COND:mental_health,1
EVT:TAKEOFF,TRIGGERS,EVT:WIND_SHEAR_OR_GUST,1
EVT:TAKEOFF,CAUSES,EVT:LOW_VISIBILITY_OR_IMC,1
EVT:TAKEOFF,TRIGGERS,EVT:LOSS_OF_CONTROL_INFLIGHT,1
EVT:TAKEOFF,TRIGGERS,EVT:STALL,1
EVT:TAKEOFF,TRIGGERS,EVT:TURBULENCE_ENCOUNTER,1
EVT:TAKEOFF,INDUCED_CONDITION,COND:mechanical,1
EVT:TAKEOFF,PRECEDES,EVT:ENGINE_FAILURE,1
EVT:TAKEOFF,CAUSES,EVT:GROUND_IMPACT,1
EVT:TAKEOFF,UNDER_CONDITION,COND:environmental,1
EVT:TAKEOFF,UNDER_CONDITION,COND:weather,1
EVT:EXTERNAL_LOAD_SHIFT,CAUSES,EVT:TERRAIN_OR_OBSTACLE_PROXIMITY,1
EVT:TAXI,PRECEDES,EVT:PERCEPTION_FAILURE,1
EVT:TAXI,CAUSES,EVT:LOSS_OF_CONTROL_GROUND,2
EVT:TAXI,UNDER_CONDITION,COND:weather,1
EVT:TAXI,PRECEDES,EVT:TAKEOFF,1
COND:infrastructure_defect,CONTRIBUTES_TO,EVT:PROCEDURE_NOT_FOLLOWED,1
EVT:GROUND_INCURSION,INDUCED_CONDITION,COND:environmental,1
EVT:GROUND_EXCURSION_OR_OVERRUN,UNDER_CONDITION,COND:weather,1
EVT:GROUND_EXCURSION_OR_OVERRUN,CAUSES,EVT:GROUND_IMPACT,1
EVT:GROUND_EXCURSION_OR_OVERRUN,UNDER_CONDITION,COND:environmental,1
EVT:GROUND_EXCURSION_OR_OVERRUN,INDUCED_CONDITION,COND:situational_awareness,1
COND:design,CAUSES,COND:mechanical,2
COND:design,ENABLES,COND:mechanical,4
COND:design,ENABLES,EVT:CONTROL_INPUT_IMPROPER,4
COND:design,CONTRIBUTES_TO,EVT:CONTROL_INPUT_IMPROPER,3
COND:design,CAUSES,EVT:CONTROL_INPUT_IMPROPER,1
COND:design,CAUSES,EVT:PERCEPTION_FAILURE,1
COND:design,CONTRIBUTES_TO,EVT:PERCEPTION_FAILURE,1
COND:design,INHIBITS,EVT:PROCEDURE_NOT_FOLLOWED,1
COND:design,CONTRIBUTES_TO,EVT:CONTROL_SURFACE_ANOMALY,1
COND:design,CAUSES,EVT:INJURY_OR_FATALITY,1
EVT:RUNWAY_INCURSION,CONTRIBUTES_TO,EVT:GROUND_COLLISION,1
EVT:TAXIING_OR_TAKEOFF,CO_OCCURS,EVT:MIDAIR_COLLISION,1
EVT:APPROACH,CO_OCCURS,EVT:MIDAIR_COLLISION,1
COND:skill,CAUSES,EVT:CONTROL_INPUT_IMPROPER,1
COND:skill,CAUSES,EVT:PROCEDURE_NOT_FOLLOWED,1
COND:skill,ENABLES,EVT:DECISION_INAPPROPRIATE,1
EVT:BRAKE_FAILURE,TRIGGERS,EVT:CONTROL_INPUT_IMPROPER,1
EVT:BRAKE_FAILURE,RESPONDS_TO,EVT:CONTROL_INPUT_IMPROPER,1
EVT:BRAKE_FAILURE,CAUSES,EVT:RUNWAY_EXCURSION_OR_OVERRUN,3
EVT:BRAKE_FAILURE,TRIGGERS,EVT:DECISION_INAPPROPRIATE,1
EVT:BRAKE_FAILURE,CONTRIBUTES_TO,EVT:GROUND_IMPACT,1
COND:training_gap,CONTRIBUTES_TO,EVT:CONTROL_INPUT_IMPROPER,2
COND:training_gap,CONTRIBUTES_TO,EVT:PROCEDURE_NOT_FOLLOWED,1
EVT:TAXIWAY_INCURSION_OR_PROXIMITY,CAUSES,EVT:GROUND_IMPACT,1
COND:position,TRIGGERS,EVT:CONTROL_INPUT_IMPROPER,1
COND:aircraft_performance,CAUSES,EVT:LOSS_OF_CONTROL_INFLIGHT,2
COND:system_design,CONTRIBUTES_TO,EVT:PROCEDURE_NOT_FOLLOWED,1
COND:training_or_currency_gap,CONTRIBUTES_TO,EVT:CONTROL_INPUT_IMPROPER,3
COND:training_or_currency_gap,CONTRIBUTES_TO,EVT:DECISION_INAPPROPRIATE,1
COND:training_or_currency_gap,CONTRIBUTES_TO,EVT:PROCEDURE_NOT_FOLLOWED,1
EVT:BRAKING_INEFFECTIVE,TRIGGERS,EVT:DECISION_INAPPROPRIATE,1
EVT:BRAKING_INEFFECTIVE,CONTRIBUTES_TO,EVT:PROCEDURE_NOT_FOLLOWED,1
COND:crew_resource,CONTRIBUTES_TO,EVT:DECISION_INAPPROPRIATE,1
EVT:NOSE_GEAR_ANOMALY,CAUSES,EVT:NOSE_GEAR_ANOMALY,1
EVT:NOSE_GEAR_ANOMALY,CAUSES,EVT:AIRFRAME_STRUCTURAL_FAILURE,1
EVT:DESCENT_UNCONTROLLED,CAUSES,EVT:TERRAIN_OR_OBSTACLE_PROXIMITY,1
EVT:GROUND_LOOP,CAUSES,EVT:GROUND_IMPACT,5
EVT:GROUND_LOOP,CAUSES,EVT:AIRFRAME_STRUCTURAL_FAILURE,1
EVT:GROUND_LOOP,CAUSES,EVT:GROUND_LOOP,1
EVT:GROUND_LOOP,CAUSES,EVT:LANDING_GEAR_ANOMALY,1
EVT:GROUND_LOOP,INDUCED_CONDITION,COND:environmental,1
EVT:GROUND_LOOP,TRIGGERS,EVT:CONTROL_INPUT_IMPROPER,1
EVT:GROUND_LOOP,CAUSES,EVT:RUNWAY_EXCURSION_OR_OVERRUN,1
EVT:CONCURRENT,PRECEDES,EVT:LOSS_OF_CONTROL_INFLIGHT,1
COND:mental_model,CONTRIBUTES_TO,EVT:DECISION_INAPPROPRIATE,1
COND:mental_model,CAUSES,EVT:PROCEDURE_NOT_FOLLOWED,1
EVT:TRAINING_OR_CURRENCY_GAP,CONTRIBUTES_TO,EVT:DECISION_INAPPROPRIATE,1
EVT:TRAINING_OR_CURRENCY_GAP,CAUSES,COND:knowledge,1
EVT:TRAINING_OR_CURRENCY_GAP,CONTRIBUTES_TO,EVT:CONTROL_INPUT_IMPROPER,3
EVT:TRAINING_OR_CURRENCY_GAP,UNDER_CONDITION,COND:organizational,1
EVT:TRAINING_OR_CURRENCY_GAP,CONTRIBUTES_TO,EVT:LOSS_OF_CONTROL_INFLIGHT,1
EVT:TRAINING_OR_CURRENCY_GAP,CONTRIBUTES_TO,EVT:SPATIAL_DISORIENTATION,1
EVT:TRAINING_OR_CURRENCY_GAP,PRECEDES,EVT:PERCEPTION_FAILURE,1
EVT:TRAINING_OR_CURRENCY_GAP,CONTRIBUTES_TO,EVT:PERCEPTION_FAILURE,1
EVT:WAKE_TURBULENCE_ENCOUNTER,CAUSES,EVT:LOSS_OF_CONTROL_INFLIGHT,1
EVT:WAKE_TURBULENCE_ENCOUNTER,CAUSES,EVT:WAKE_TURBULENCE_ENCOUNTER,1
EVT:WAKE_TURBULENCE_ENCOUNTER,CAUSES,EVT:EMERGENCY_LANDING,1
EVT:WAKE_TURBULENCE_ENCOUNTER,UNDER_CONDITION,COND:environmental,1
EVT:GROUND_INCIDENT,UNDER_CONDITION,COND:environmental,1
EVT:GROUND_INCIDENT,CAUSES,EVT:LOSS_OF_CONTROL_GROUND,1
COND:planning_error,CAUSES,COND:fuel_state,1
COND:structural_defect,CAUSES,EVT:AIRFRAME_STRUCTURAL_FAILURE,2
COND:structural_defect,CAUSES,EVT:INFLIGHT_BREAKUP,1
COND:regulatory_noncompliance,CONTRIBUTES_TO,COND:structural_defect,1
COND:equipment_misuse,CONTRIBUTES_TO,EVT:INJURY_OR_FATALITY,1
COND:qualification,CONTRIBUTES_TO,EVT:DECISION_INAPPROPRIATE,1
COND:qualification,ENABLES,EVT:DECISION_INAPPROPRIATE,1
COND:knowledge_gap,CAUSES,EVT:DECISION_INAPPROPRIATE,1
COND:weight_state,CONTRIBUTES_TO,EVT:DECISION_INAPPROPRIATE,1
COND:human_performance,CAUSES,EVT:SPATIAL_DISORIENTATION,1
COND:human_performance,CONTRIBUTES_TO,EVT:PERCEPTION_FAILURE,1
COND:human_performance,CONTRIBUTES_TO,EVT:RUNWAY_EXCURSION_OR_OVERRUN,1
COND:human_performance,CONTRIBUTES_TO,EVT:DECISION_INAPPROPRIATE,1
COND:environmental_hazard,CAUSES,EVT:ENGINE_FAILURE,1
COND:instrument_failure,CAUSES,EVT:SPATIAL_DISORIENTATION,1
COND:operational_limitation,ENABLES,EVT:DECISION_INAPPROPRIATE,1
COND:alcohol_intoxication,CAUSES,EVT:LOSS_OF_CONTROL_INFLIGHT,1
COND:regulatory_non_compliance,CONTRIBUTES_TO,EVT:LOSS_OF_CONTROL_INFLIGHT,1
COND:regulatory_non_compliance,UNDER_CONDITION,ENT:aircraft,1
COND:task,CAUSES,EVT:ALTITUDE_DEVIATION_UNCONTROLLED,1
COND:aircraft_characteristic,ENABLES,EVT:LOSS_OF_CONTROL_GROUND,2
COND:flight_state,CAUSES,EVT:GROUND_IMPACT,1
COND:crew,CAUSES,EVT:PROCEDURE_NOT_FOLLOWED,1
EVT:TAXI_INCIDENT,CONTEXT,EVT:PERCEPTION_FAILURE,1
EVT:FLIGHT_CONTROL_ANOMALY,CAUSES,EVT:FLIGHT_CONTROL_ANOMALY,1
EVT:FLIGHT_CONTROL_ANOMALY,INDUCED_CONDITION,COND:mechanical,1
EVT:GROUND_TAXIING,CAUSES,EVT:PERCEPTION_FAILURE,1
EVT:GROUND_TAXIING,CONCURRENT,EVT:TERRAIN_OR_OBSTACLE_PROXIMITY,1
EVT:GROUND_TAXIING,PRECEDES,EVT:CONTROL_INPUT_IMPROPER,1
EVT:GROUND_TAXIING,UNDER_CONDITION,COND:environmental,1
EVT:TAXIING_INCIDENT,CAUSES,EVT:GROUND_DAMAGE,1
EVT:TAXIING_INCIDENT,UNDER_CONDITION,COND:weather,1
COND:perception,ENABLES,COND:terrain,1
COND:experience,CONTRIBUTES_TO,EVT:CONTROL_INPUT_IMPROPER,2
COND:equipment_failure,CAUSES,COND:communication_gap,2
COND:communication_gap,CONTRIBUTES_TO,EVT:PROCEDURE_NOT_FOLLOWED,2
COND:distraction,CAUSES,EVT:DECISION_INAPPROPRIATE,1
ENT:vehicle,CAUSES,EVT:CONTROL_INPUT_IMPROPER,1
EVT:DESCENT_BELOW_MINIMUMS,CONCURRENT,EVT:PROCEDURE_NOT_FOLLOWED,1
EVT:DESCENT_BELOW_MINIMUMS,CAUSES,EVT:GROUND_IMPACT,1
COND:situational,ENABLES,EVT:DECISION_INAPPROPRIATE,1
COND:currency,CONTRIBUTES_TO,EVT:DECISION_INAPPROPRIATE,1
EVT:HOVER,UNDER_CONDITION,COND:environmental,1
EVT:HOVER,CAUSES,EVT:GROUND_CONTACT,1
EVT:HOVER,PRECEDES,EVT:LANDING,1
EVT:RESPONDS_TO,CAUSES,EVT:SUCCESSFUL_RECOVERY,1
EVT:TOW_ROPE_BREAK,CAUSES,COND:mechanical,1
COND:instrument_failure_or_unreliability,ENABLES,EVT:CONTROL_INPUT_IMPROPER,1
COND:spatial_disorientation,CAUSES,EVT:ALTITUDE_DEVIATION_UNCONTROLLED,1
EVT:OTHER,CAUSES,COND:organizational,1
COND:instrumentation,CAUSES,EVT:PERCEPTION_FAILURE,1
EVT:AERODYNAMIC_STATE_CHANGE,CAUSES,EVT:GROUND_IMPACT,1
COND:weight_balance,CONTRIBUTES_TO,EVT:CONTROL_INPUT_IMPROPER,1
EVT:GROUND_OPERATIONS,CAUSES,EVT:CONTROL_INPUT_IMPROPER,1
COND:operational_procedure,CAUSES,EVT:DECISION_INAPPROPRIATE,1
COND:pilot_state,CAUSES,EVT:PROCEDURE_NOT_FOLLOWED,1
COND:pilot_state,CAUSES,EVT:LOSS_OF_CONTROL_INFLIGHT,1
COND:operational_status,CONTRIBUTES_TO,EVT:DECISION_INAPPROPRIATE,1
COND:aircraft,CAUSES,EVT:LOSS_OF_CONTROL_INFLIGHT,1
EVT:BRAKING_ANOMALY,CAUSES,EVT:LANDING_GEAR_ANOMALY,1
EVT:LANDING,PRECEDES,EVT:CONTROL_INPUT_IMPROPER,1
EVT:LANDING,TRIGGERS,EVT:CONTROL_INPUT_IMPROPER,1
COND:regulatory_compliance,CONTRIBUTES_TO,EVT:CONTROL_INPUT_IMPROPER,1
COND:traffic,CAUSES,EVT:PROCEDURE_NOT_FOLLOWED,2
EVT:GROUND_RESONANCE,CAUSES,EVT:GROUND_IMPACT,1
COND:system,CAUSES,EVT:INSTRUMENT_OR_AVIONICS_FAILURE,1
EVT:TAXIWAY_OR_RUNWAY_EXCURSION,CAUSES,EVT:GROUND_COLLISION,1
EVT:TAXIWAY_OR_RUNWAY_EXCURSION,AFFECTS,ENT:aircraft,1
COND:maintenance_inadequate,CAUSES,COND:latent_defect,1
COND:attentional_focus,CAUSES,EVT:PROCEDURE_NOT_FOLLOWED,1
COND:system_state,CAUSES,EVT:RUNWAY_EXCURSION_OR_OVERRUN,1
EVT:GROUND_CONTACT,CAUSES,COND:mechanical,1
EVT:APPROACH_TO_LAND,PRECEDES,EVT:HOVER,1
COND:ground_condition,UNDER_CONDITION,EVT:ICING_ENCOUNTER,1
COND:procedural_gap,ENABLES,EVT:PROCEDURE_NOT_FOLLOWED,1
COND:crew_coordination,ENABLES,EVT:CONTROL_INPUT_IMPROPER,1
EVT:TAKEOFF_IMPROPER,CAUSES,EVT:LOSS_OF_CONTROL_INFLIGHT,1
COND:auditory_warning,INHIBITS,EVT:PROCEDURE_NOT_FOLLOWED,1
EVT:GROUND_LOSS_OF_CONTROL,TRIGGERS,EVT:CONTROL_INPUT_IMPROPER,1
EVT:GROUND_LOSS_OF_CONTROL,CAUSES,EVT:RUNWAY_EXCURSION_OR_OVERRUN,1
EVT:GROUND_LOSS_OF_CONTROL,RESPONDS_TO,EVT:DECISION_INAPPROPRIATE,1
EVT:GO_AROUND,CAUSES,EVT:WAKE_TURBULENCE_ENCOUNTER,1
EVT:DELAY,CONTRIBUTES_TO,EVT:GO_AROUND,1
COND:energy_state,ENABLES,EVT:DECISION_INAPPROPRIATE,1
COND:pilot_skill,CONTRIBUTES_TO,EVT:RUNWAY_EXCURSION_OR_OVERRUN,1
EVT:COMMUNICATION_FAILURE,CONCURRENT,EVT:PROCEDURE_NOT_FOLLOWED,1
EVT:EXTERNAL_OBJECT_STRIKE,CAUSES,EVT:PERSONNEL_INJURY,1
EVT:EXTERNAL_OBJECT_STRIKE,UNDER_CONDITION,COND:physical,1
EVT:PERSONNEL_INJURY,CAUSES,EVT:GROUND_IMPACT,1
