src,edge_type,dst,count
EVT:LOSS_OF_CONTROL_INFLIGHT,CAUSES,EVT:AIRFRAME_STRUCTURAL_FAILURE,3
EVT:LOSS_OF_CONTROL_INFLIGHT,CAUSES,EVT:GROUND_IMPACT,253
EVT:LOSS_OF_CONTROL_INFLIGHT,CAUSES,EVT:RUNWAY_EXCURSION_OR_OVERRUN,11
EVT:LOSS_OF_CONTROL_INFLIGHT,INDUCED_CONDITION,COND:aerodynamic,12
EVT:LOSS_OF_CONTROL_INFLIGHT,UNDER_CONDITION,COND:aerodynamic,5
EVT:LOSS_OF_CONTROL_INFLIGHT,UNDER_CONDITION,COND:spatial,2
EVT:LOSS_OF_CONTROL_INFLIGHT,CAUSES,EVT:INFLIGHT_BREAKUP,3
EVT:LOSS_OF_CONTROL_INFLIGHT,TRIGGERS,EVT:CONTROL_INPUT_IMPROPER,10
EVT:LOSS_OF_CONTROL_INFLIGHT,RESPONDS_TO,EVT:CONTROL_INPUT_IMPROPER,32
EVT:LOSS_OF_CONTROL_INFLIGHT,CAUSES,EVT:CONTROL_INPUT_IMPROPER,2
EVT:LOSS_OF_CONTROL_INFLIGHT,CONCURRENT,EVT:CONTROL_INPUT_IMPROPER,1
EVT:LOSS_OF_CONTROL_INFLIGHT,CAUSES,EVT:WATER_IMPACT,20
EVT:LOSS_OF_CONTROL_INFLIGHT,UNDER_CONDITION,COND:human_factors,1
EVT:LOSS_OF_CONTROL_INFLIGHT,CAUSES,EVT:INJURY_OR_FATALITY,8
EVT:LOSS_OF_CONTROL_INFLIGHT,UNDER_CONDITION,COND:unknown,1
EVT:LOSS_OF_CONTROL_INFLIGHT,INDUCED_CONDITION,COND:situational_awareness,1
EVT:LOSS_OF_CONTROL_INFLIGHT,TRIGGERS,EVT:PROCEDURE_NOT_FOLLOWED,3
EVT:LOSS_OF_CONTROL_INFLIGHT,RESPONDS_TO,EVT:PROCEDURE_NOT_FOLLOWED,7
EVT:LOSS_OF_CONTROL_INFLIGHT,CAUSES,EVT:PROCEDURE_NOT_FOLLOWED,2
EVT:LOSS_OF_CONTROL_INFLIGHT,TRIGGERS,EVT:DECISION_INAPPROPRIATE,7
EVT:LOSS_OF_CONTROL_INFLIGHT,RESPONDS_TO,EVT:DECISION_INAPPROPRIATE,11
EVT:LOSS_OF_CONTROL_INFLIGHT,CAUSES,EVT:DECISION_INAPPROPRIATE,2
EVT:LOSS_OF_CONTROL_INFLIGHT,UNDER_CONDITION,COND:mechanical,10
EVT:LOSS_OF_CONTROL_INFLIGHT,INDUCED_CONDITION,COND:mechanical,1
EVT:LOSS_OF_CONTROL_INFLIGHT,CONCURRENT,COND:mechanical,1
EVT:LOSS_OF_CONTROL_INFLIGHT,UNDER_CONDITION,COND:environmental,15
EVT:LOSS_OF_CONTROL_INFLIGHT,ENABLES,COND:environmental,1
EVT:LOSS_OF_CONTROL_INFLIGHT,CAUSES,EVT:LOSS_OF_CONTROL_INFLIGHT,7
EVT:LOSS_OF_CONTROL_INFLIGHT,CAUSES,EVT:STRUCTURAL_OVERLOAD,6
EVT:LOSS_OF_CONTROL_INFLIGHT,RESPONDS_TO,EVT:SUCCESSFUL_RECOVERY,4
EVT:LOSS_OF_CONTROL_INFLIGHT,INHIBITS,EVT:SUCCESSFUL_RECOVERY,1
EVT:LOSS_OF_CONTROL_INFLIGHT,TRIGGERS,EVT:SUCCESSFUL_RECOVERY,2
EVT:LOSS_OF_CONTROL_INFLIGHT,CAUSES,EVT:TERRAIN_OR_OBSTACLE_PROXIMITY,8
EVT:LOSS_OF_CONTROL_INFLIGHT,UNDER_CONDITION,COND:weather,10
EVT:LOSS_OF_CONTROL_INFLIGHT,INDUCED_CONDITION,COND:weather,1
EVT:LOSS_OF_CONTROL_INFLIGHT,UNDER_CONDITION,COND:terrain,5
EVT:LOSS_OF_CONTROL_INFLIGHT,CAUSES,COND:terrain,1
EVT:LOSS_OF_CONTROL_INFLIGHT,CAUSES,EVT:STALL,8
EVT:LOSS_OF_CONTROL_INFLIGHT,CAUSES,EVT:EMERGENCY_LANDING,2
EVT:LOSS_OF_CONTROL_INFLIGHT,CONCURRENT,EVT:PERCEPTION_FAILURE,1
EVT:LOSS_OF_CONTROL_INFLIGHT,CAUSES,EVT:PERCEPTION_FAILURE,2
EVT:LOSS_OF_CONTROL_INFLIGHT,MASKED_BY_CONDITION,EVT:PERCEPTION_FAILURE,1
EVT:LOSS_OF_CONTROL_INFLIGHT,CAUSES,EVT:ALTITUDE_DEVIATION_UNCONTROLLED,4
EVT:LOSS_OF_CONTROL_INFLIGHT,CAUSES,EVT:INSTRUMENT_OR_AVIONICS_FAILURE,2
EVT:LOSS_OF_CONTROL_INFLIGHT,TRIGGERS,EVT:ATC_OR_DISPATCH_INADEQUATE,1
EVT:LOSS_OF_CONTROL_INFLIGHT,TRIGGERS,EVT:CREW_COORDINATION_FAILURE,1
EVT:LOSS_OF_CONTROL_INFLIGHT,INDUCED_CONDITION,COND:psychological,1
EVT:LOSS_OF_CONTROL_INFLIGHT,CAUSES,EVT:LOSS_OF_CONTROL_GROUND,1
EVT:LOSS_OF_CONTROL_INFLIGHT,CAUSES,COND:traffic_situation,1
EVT:LOSS_OF_CONTROL_INFLIGHT,CAUSES,EVT:MIDAIR_COLLISION,2
EVT:LOSS_OF_CONTROL_INFLIGHT,INDUCED_CONDITION,COND:physiological,1
EVT:LOSS_OF_CONTROL_INFLIGHT,TRIGGERS,EVT:ENGINE_FAILURE,1
EVT:LOSS_OF_CONTROL_INFLIGHT,INDUCED_CONDITION,COND:other,1
EVT:LOSS_OF_CONTROL_INFLIGHT,CONCURRENT,EVT:INFLIGHT_FIRE_OR_SMOKE,1
EVT:LOSS_OF_CONTROL_INFLIGHT,MASKED_BY_CONDITION,COND:perceptual,1
EVT:AIRFRAME_STRUCTURAL_FAILURE,CAUSES,EVT:AIRFRAME_STRUCTURAL_FAILURE,9
EVT:AIRFRAME_STRUCTURAL_FAILURE,CAUSES,EVT:GROUND_IMPACT,33
EVT:AIRFRAME_STRUCTURAL_FAILURE,CONTRIBUTES_TO,EVT:GROUND_IMPACT,1
EVT:AIRFRAME_STRUCTURAL_FAILURE,CAUSES,COND:mechanical,6
EVT:AIRFRAME_STRUCTURAL_FAILURE,INDUCED_CONDITION,COND:mechanical,6
EVT:AIRFRAME_STRUCTURAL_FAILURE,UNDER_CONDITION,COND:mechanical,9
EVT:AIRFRAME_STRUCTURAL_FAILURE,CAUSES,EVT:ENGINE_FAILURE,7
EVT:AIRFRAME_STRUCTURAL_FAILURE,CAUSES,EVT:CONTROL_SURFACE_ANOMALY,5
EVT:AIRFRAME_STRUCTURAL_FAILURE,CAUSES,EVT:LOSS_OF_CONTROL_INFLIGHT,6
EVT:AIRFRAME_STRUCTURAL_FAILURE,TRIGGERS,EVT:SUCCESSFUL_RECOVERY,1
EVT:AIRFRAME_STRUCTURAL_FAILURE,CONCURRENT,EVT:SUCCESSFUL_RECOVERY,2
EVT:AIRFRAME_STRUCTURAL_FAILURE,INHIBITS,EVT:SUCCESSFUL_RECOVERY,1
EVT:AIRFRAME_STRUCTURAL_FAILURE,ENABLES,EVT:SUCCESSFUL_RECOVERY,1
EVT:AIRFRAME_STRUCTURAL_FAILURE,CAUSES,EVT:INJURY_OR_FATALITY,7
EVT:AIRFRAME_STRUCTURAL_FAILURE,CAUSES,EVT:INFLIGHT_BREAKUP,3
EVT:AIRFRAME_STRUCTURAL_FAILURE,CAUSES,EVT:PERCEPTION_FAILURE,3
EVT:AIRFRAME_STRUCTURAL_FAILURE,TRIGGERS,EVT:PERCEPTION_FAILURE,1
EVT:AIRFRAME_STRUCTURAL_FAILURE,CAUSES,EVT:RUNWAY_EXCURSION_OR_OVERRUN,2
EVT:AIRFRAME_STRUCTURAL_FAILURE,CAUSES,EVT:INSTRUMENT_OR_AVIONICS_FAILURE,3
EVT:AIRFRAME_STRUCTURAL_FAILURE,AFFECTS,ENT:aircraft,1
EVT:AIRFRAME_STRUCTURAL_FAILURE,CAUSES,ENT:aircraft,1
EVT:AIRFRAME_STRUCTURAL_FAILURE,CAUSES,EVT:INFLIGHT_FIRE_OR_SMOKE,8
EVT:AIRFRAME_STRUCTURAL_FAILURE,INDUCED_CONDITION,COND:structural,1
EVT:AIRFRAME_STRUCTURAL_FAILURE,CAUSES,EVT:EMERGENCY_LANDING,8
EVT:AIRFRAME_STRUCTURAL_FAILURE,RESPONDS_TO,EVT:PROCEDURE_NOT_FOLLOWED,1
EVT:AIRFRAME_STRUCTURAL_FAILURE,TRIGGERS,EVT:PROCEDURE_NOT_FOLLOWED,2
EVT:AIRFRAME_STRUCTURAL_FAILURE,RESPONDS_TO,EVT:CONTROL_INPUT_IMPROPER,1
EVT:AIRFRAME_STRUCTURAL_FAILURE,AFFECTS,ENT:component,2
EVT:AIRFRAME_STRUCTURAL_FAILURE,CAUSES,ENT:component,1
EVT:AIRFRAME_STRUCTURAL_FAILURE,AFFECTED_BY,ENT:component,1
EVT:AIRFRAME_STRUCTURAL_FAILURE,CAUSES,EVT:UNKNOWN,1
EVT:AIRFRAME_STRUCTURAL_FAILURE,CAUSES,EVT:LANDING_GEAR_ANOMALY,1
EVT:AIRFRAME_STRUCTURAL_FAILURE,RESPONDS_TO,EVT:DECISION_INAPPROPRIATE,2
EVT:AIRFRAME_STRUCTURAL_FAILURE,CAUSES,EVT:DECISION_INAPPROPRIATE,1
EVT:AIRFRAME_STRUCTURAL_FAILURE,TRIGGERS,EVT:MAINTENANCE_INADEQUATE,1
EVT:AIRFRAME_STRUCTURAL_FAILURE,CAUSES,EVT:LOSS_OF_CONTROL_GROUND,1
EVT:AIRFRAME_STRUCTURAL_FAILURE,CAUSES,EVT:WATER_IMPACT,1
EVT:AIRFRAME_STRUCTURAL_FAILURE,CAUSES,EVT:BIRD_OR_WILDLIFE_STRIKE,2
COND:mechanical,CAUSES,EVT:AIRFRAME_STRUCTURAL_FAILURE,36
COND:mechanical,CONTRIBUTES_TO,EVT:AIRFRAME_STRUCTURAL_FAILURE,2
COND:mechanical,ENABLES,EVT:AIRFRAME_STRUCTURAL_FAILURE,1
COND:mechanical,UNDER_CONDITION,EVT:DECISION_INAPPROPRIATE,6
COND:mechanical,ENABLES,EVT:DECISION_INAPPROPRIATE,2
COND:mechanical,TRIGGERS,EVT:DECISION_INAPPROPRIATE,33
COND:mechanical,CAUSES,EVT:DECISION_INAPPROPRIATE,51
COND:mechanical,INHIBITS,EVT:DECISION_INAPPROPRIATE,1
COND:mechanical,RESPONDS_TO,EVT:DECISION_INAPPROPRIATE,4
COND:mechanical,CONTRIBUTES_TO,EVT:DECISION_INAPPROPRIATE,3
COND:mechanical,IF_THEN,EVT:DECISION_INAPPROPRIATE,1
COND:mechanical,CAUSES,COND:mechanical,131
COND:mechanical,CONTRIBUTES_TO,COND:mechanical,9
COND:mechanical,ENABLES,COND:mechanical,4
COND:mechanical,IF_THEN,COND:mechanical,1
COND:mechanical,CONCURRENT,COND:mechanical,1
COND:mechanical,MASKED_BY_CONDITION,COND:mechanical,1
COND:mechanical,CAUSES,EVT:ENGINE_FAILURE,363
COND:mechanical,UNDER_CONDITION,EVT:ENGINE_FAILURE,9
COND:mechanical,CONTRIBUTES_TO,EVT:ENGINE_FAILURE,13
COND:mechanical,ENABLES,EVT:ENGINE_FAILURE,2
COND:mechanical,INHIBITS,EVT:ENGINE_FAILURE,1
COND:mechanical,RESPONDS_TO,EVT:ENGINE_FAILURE,1
COND:mechanical,INDUCED_CONDITION,EVT:ENGINE_FAILURE,1
COND:mechanical,CAUSES,EVT:LOSS_OF_CONTROL_GROUND,40
COND:mechanical,INHIBITS,EVT:LOSS_OF_CONTROL_GROUND,2
COND:mechanical,ENABLES,EVT:LOSS_OF_CONTROL_GROUND,5
COND:mechanical,CONTRIBUTES_TO,EVT:LOSS_OF_CONTROL_GROUND,2
COND:mechanical,RESPONDS_TO,EVT:PROCEDURE_NOT_FOLLOWED,19
COND:mechanical,TRIGGERS,EVT:PROCEDURE_NOT_FOLLOWED,30
COND:mechanical,MASKED_BY_CONDITION,EVT:PROCEDURE_NOT_FOLLOWED,5
COND:mechanical,UNDER_CONDITION,EVT:PROCEDURE_NOT_FOLLOWED,3
COND:mechanical,CAUSES,EVT:PROCEDURE_NOT_FOLLOWED,20
COND:mechanical,INHIBITS,EVT:PROCEDURE_NOT_FOLLOWED,7
COND:mechanical,ENABLES,EVT:PROCEDURE_NOT_FOLLOWED,11
COND:mechanical,CONTRIBUTES_TO,EVT:PROCEDURE_NOT_FOLLOWED,2
COND:mechanical,CAUSES,COND:procedural,1
COND:mechanical,MASKED_BY_CONDITION,EVT:MAINTENANCE_INADEQUATE,1
COND:mechanical,CAUSES,EVT:MAINTENANCE_INADEQUATE,1
COND:mechanical,MASKED_BY_CONDITION,EVT:PERCEPTION_FAILURE,6
COND:mechanical,CAUSES,EVT:PERCEPTION_FAILURE,18
COND:mechanical,UNDER_CONDITION,EVT:PERCEPTION_FAILURE,7
COND:mechanical,ENABLES,EVT:PERCEPTION_FAILURE,5
COND:mechanical,TRIGGERS,EVT:PERCEPTION_FAILURE,4
COND:mechanical,INHIBITS,EVT:PERCEPTION_FAILURE,3
COND:mechanical,DETECTS,EVT:PERCEPTION_FAILURE,1
COND:mechanical,CONTRIBUTES_TO,EVT:PERCEPTION_FAILURE,1
COND:mechanical,CAUSES,EVT:RUNWAY_EXCURSION_OR_OVERRUN,50
COND:mechanical,CONTRIBUTES_TO,EVT:RUNWAY_EXCURSION_OR_OVERRUN,6
COND:mechanical,UNDER_CONDITION,EVT:RUNWAY_EXCURSION_OR_OVERRUN,2
COND:mechanical,CAUSES,EVT:CONTROL_SURFACE_ANOMALY,33
COND:mechanical,ENABLES,EVT:CONTROL_SURFACE_ANOMALY,3
COND:mechanical,TRIGGERS,EVT:CONTROL_SURFACE_ANOMALY,1
COND:mechanical,UNDER_CONDITION,EVT:CONTROL_SURFACE_ANOMALY,8
COND:mechanical,CAUSES,EVT:EMERGENCY_LANDING,4
COND:mechanical,CAUSES,EVT:AUTOMATION_ANOMALY,4
COND:mechanical,UNDER_CONDITION,EVT:AUTOMATION_ANOMALY,1
COND:mechanical,ENABLES,EVT:AUTOMATION_ANOMALY,1
COND:mechanical,CAUSES,EVT:LANDING_GEAR_ANOMALY,146
COND:mechanical,UNDER_CONDITION,EVT:LANDING_GEAR_ANOMALY,14
COND:mechanical,CONTRIBUTES_TO,EVT:LANDING_GEAR_ANOMALY,2
COND:mechanical,ENABLES,EVT:LANDING_GEAR_ANOMALY,1
COND:mechanical,INHIBITS,EVT:CONTROL_INPUT_IMPROPER,8
COND:mechanical,TRIGGERS,EVT:CONTROL_INPUT_IMPROPER,7
COND:mechanical,CONTRIBUTES_TO,EVT:CONTROL_INPUT_IMPROPER,11
COND:mechanical,ENABLES,EVT:CONTROL_INPUT_IMPROPER,6
COND:mechanical,CAUSES,EVT:CONTROL_INPUT_IMPROPER,24
COND:mechanical,RESPONDS_TO,EVT:CONTROL_INPUT_IMPROPER,9
COND:mechanical,UNDER_CONDITION,EVT:CONTROL_INPUT_IMPROPER,3
COND:mechanical,CONCURRENT,EVT:CONTROL_INPUT_IMPROPER,1
COND:mechanical,CAUSES,EVT:INFLIGHT_FIRE_OR_SMOKE,29
COND:mechanical,UNDER_CONDITION,EVT:INFLIGHT_FIRE_OR_SMOKE,1
COND:mechanical,ENABLES,EVT:INFLIGHT_FIRE_OR_SMOKE,1
COND:mechanical,CAUSES,EVT:INSTRUMENT_OR_AVIONICS_FAILURE,37
COND:mechanical,INDUCED_CONDITION,EVT:INSTRUMENT_OR_AVIONICS_FAILURE,1
COND:mechanical,CAUSES,EVT:LOSS_OF_CONTROL_INFLIGHT,40
COND:mechanical,CONTRIBUTES_TO,EVT:LOSS_OF_CONTROL_INFLIGHT,3
COND:mechanical,UNDER_CONDITION,EVT:LOSS_OF_CONTROL_INFLIGHT,1
COND:mechanical,CAUSES,EVT:HYDRAULIC_SYSTEM_FAILURE,3
COND:mechanical,UNDER_CONDITION,EVT:HYDRAULIC_SYSTEM_FAILURE,1
COND:mechanical,CAUSES,EVT:FUEL_SYSTEM_ANOMALY,32
COND:mechanical,UNDER_CONDITION,EVT:FUEL_SYSTEM_ANOMALY,2
COND:mechanical,CAUSES,COND:aerodynamic,9
COND:mechanical,INDUCED_CONDITION,COND:aerodynamic,1
COND:mechanical,CONTRIBUTES_TO,COND:aerodynamic,1
COND:mechanical,CAUSES,EVT:BRAKE_ANOMALY,3
COND:mechanical,CAUSES,COND:instrument,3
COND:mechanical,MASKED_BY_CONDITION,COND:instrument,1
COND:mechanical,CAUSES,EVT:ALTITUDE_DEVIATION_UNCONTROLLED,14
COND:mechanical,CONTRIBUTES_TO,EVT:LANDING,1
COND:mechanical,CAUSES,COND:information,9
COND:mechanical,UNDER_CONDITION,ENT:aircraft,3
COND:mechanical,CAUSES,EVT:GROUND_IMPACT,50
COND:mechanical,UNDER_CONDITION,EVT:GROUND_IMPACT,1
COND:mechanical,INHIBITS,EVT:GROUND_IMPACT,1
COND:mechanical,ENABLES,EVT:GROUND_IMPACT,4
COND:mechanical,CONTRIBUTES_TO,EVT:GROUND_IMPACT,2
COND:mechanical,CAUSES,EVT:RUNWAY_CONDITION_HAZARD,1
COND:mechanical,CAUSES,EVT:BRAKE_FAILURE,4
COND:mechanical,UNDER_CONDITION,EVT:BRAKE_FAILURE,1
COND:mechanical,CAUSES,EVT:GROUND_PERSONNEL_ERROR,3
COND:mechanical,CAUSES,EVT:STRUCTURAL_OVERLOAD,4
COND:mechanical,UNDER_CONDITION,EVT:STRUCTURAL_OVERLOAD,1
COND:mechanical,CAUSES,COND:human_factors,1
COND:mechanical,CONTRIBUTES_TO,COND:human_factors,1
COND:mechanical,ENABLES,EVT:ATC_OR_DISPATCH_INADEQUATE,1
COND:mechanical,CAUSES,EVT:TERRAIN_OR_OBSTACLE_PROXIMITY,1
COND:mechanical,CONTRIBUTES_TO,EVT:TERRAIN_OR_OBSTACLE_PROXIMITY,1
COND:mechanical,ENABLES,EVT:TERRAIN_OR_OBSTACLE_PROXIMITY,1
COND:mechanical,CAUSES,COND:maintenance,2
COND:mechanical,MASKED_BY_CONDITION,COND:situational_awareness,1
COND:mechanical,UNDER_CONDITION,ENT:component,4
COND:mechanical,INDUCED_CONDITION,ENT:component,1
COND:mechanical,ENABLES,EVT:UNCONTROLLED_MOVEMENT,1
COND:mechanical,CONTRIBUTES_TO,EVT:SPATIAL_DISORIENTATION,1
COND:mechanical,UNDER_CONDITION,EVT:ELECTRICAL_SYSTEM_FAILURE,1
COND:mechanical,CAUSES,EVT:ELECTRICAL_SYSTEM_FAILURE,1
COND:mechanical,INDUCED_CONDITION,COND:environmental,1
COND:mechanical,ENABLES,COND:environmental,3
COND:mechanical,CAUSES,COND:environmental,4
COND:mechanical,CAUSES,COND:mental,1
COND:mechanical,CONTRIBUTES_TO,EVT:WIND_SHEAR_OR_GUST,1
COND:mechanical,CAUSES,COND:cognitive,1
COND:mechanical,MASKED_BY_CONDITION,COND:latent_defect,1
COND:mechanical,UNDER_CONDITION,EVT:ICING_ENCOUNTER,1
COND:mechanical,CAUSES,COND:resource,1
COND:mechanical,ENABLES,COND:weather,1
COND:mechanical,RESPONDS_TO,EVT:PROCEDURE_FOLLOWED,1
COND:mechanical,ENABLES,EVT:ORG_OR_REGULATORY_INADEQUATE,1
COND:mechanical,INDUCED_CONDITION,COND:operational,1
COND:mechanical,CAUSES,COND:operational,2
COND:mechanical,CAUSES,EVT:INFLIGHT_BREAKUP,2
COND:mechanical,CAUSES,COND:performance,1
COND:mechanical,CAUSES,COND:fuel,1
COND:mechanical,CAUSES,EVT:STALL,4
COND:mechanical,CAUSES,COND:system,1
COND:mechanical,CONTRIBUTES_TO,EVT:WATER_IMPACT,1
COND:mechanical,CAUSES,EVT:WATER_IMPACT,2
COND:mechanical,ENABLES,EVT:BIRD_OR_WILDLIFE_STRIKE,1
COND:mechanical,CAUSES,EVT:TIRE_FAILURE,1
COND:mechanical,CAUSES,EVT:ENGINE_START,1
COND:mechanical,MITIGATES,EVT:SUCCESSFUL_RECOVERY,1
COND:mechanical,CAUSES,EVT:BRAKE_SYSTEM_FAILURE,1
COND:mechanical,CAUSES,EVT:BRAKE_SYSTEM_ANOMALY,1
COND:mechanical,CAUSES,COND:electrical,1
COND:mechanical,CAUSES,COND:latent,1
COND:mechanical,CAUSES,EVT:INJURY_OR_FATALITY,1
COND:mechanical,INHIBITS,EVT:INJURY_OR_FATALITY,1
COND:mechanical,CAUSES,COND:human,2
EVT:GROUND_IMPACT,CAUSES,EVT:INJURY_OR_FATALITY,410
EVT:GROUND_IMPACT,CAUSES,EVT:AIRFRAME_STRUCTURAL_FAILURE,90
EVT:GROUND_IMPACT,CAUSES,EVT:GROUND_IMPACT,168
EVT:GROUND_IMPACT,PRECEDES,EVT:GROUND_IMPACT,5
EVT:GROUND_IMPACT,CONCURRENT,EVT:GROUND_IMPACT,14
EVT:GROUND_IMPACT,CONTRIBUTES_TO,EVT:GROUND_IMPACT,1
EVT:GROUND_IMPACT,CAUSES,EVT:RUNWAY_EXCURSION_OR_OVERRUN,59
EVT:GROUND_IMPACT,CONCURRENT,EVT:RUNWAY_EXCURSION_OR_OVERRUN,2
EVT:GROUND_IMPACT,PRECEDES,EVT:RUNWAY_EXCURSION_OR_OVERRUN,2
EVT:GROUND_IMPACT,TRIGGERS,EVT:RUNWAY_EXCURSION_OR_OVERRUN,2
EVT:GROUND_IMPACT,CONTRIBUTES_TO,EVT:RUNWAY_EXCURSION_OR_OVERRUN,1
EVT:GROUND_IMPACT,CAUSES,EVT:RUNWAY_CONDITION_HAZARD,1
EVT:GROUND_IMPACT,UNDER_CONDITION,COND:environmental,53
EVT:GROUND_IMPACT,INDUCED_CONDITION,COND:environmental,1
EVT:GROUND_IMPACT,RESPONDS_TO,EVT:CONTROL_INPUT_IMPROPER,11
EVT:GROUND_IMPACT,CAUSES,EVT:CONTROL_INPUT_IMPROPER,2
EVT:GROUND_IMPACT,PRECEDES,EVT:CONTROL_INPUT_IMPROPER,3
EVT:GROUND_IMPACT,TRIGGERS,EVT:CONTROL_INPUT_IMPROPER,10
EVT:GROUND_IMPACT,CAUSES,EVT:INFLIGHT_FIRE_OR_SMOKE,71
EVT:GROUND_IMPACT,CONCURRENT,EVT:INFLIGHT_FIRE_OR_SMOKE,2
EVT:GROUND_IMPACT,INDUCED_CONDITION,COND:mechanical,12
EVT:GROUND_IMPACT,UNDER_CONDITION,COND:mechanical,1
EVT:GROUND_IMPACT,CAUSES,COND:mechanical,10
EVT:GROUND_IMPACT,TRIGGERS,COND:mechanical,2
EVT:GROUND_IMPACT,ENABLES,COND:mechanical,1
EVT:GROUND_IMPACT,MASKED_BY_CONDITION,COND:mechanical,1
EVT:GROUND_IMPACT,CAUSES,EVT:WATER_IMPACT,5
EVT:GROUND_IMPACT,CAUSES,EVT:LANDING_GEAR_ANOMALY,32
EVT:GROUND_IMPACT,TRIGGERS,EVT:LANDING_GEAR_ANOMALY,17
EVT:GROUND_IMPACT,CONTRIBUTES_TO,EVT:LANDING_GEAR_ANOMALY,1
EVT:GROUND_IMPACT,CONCURRENT,EVT:SUCCESSFUL_RECOVERY,7
EVT:GROUND_IMPACT,CAUSES,EVT:SUCCESSFUL_RECOVERY,10
EVT:GROUND_IMPACT,TRIGGERS,EVT:SUCCESSFUL_RECOVERY,5
EVT:GROUND_IMPACT,RESPONDS_TO,EVT:SUCCESSFUL_RECOVERY,3
EVT:GROUND_IMPACT,MITIGATES,EVT:SUCCESSFUL_RECOVERY,1
EVT:GROUND_IMPACT,PRECEDES,EVT:SUCCESSFUL_RECOVERY,2
EVT:GROUND_IMPACT,CONTRIBUTES_TO,EVT:SUCCESSFUL_RECOVERY,1
EVT:GROUND_IMPACT,CAUSES,EVT:BOUNCE,1
EVT:GROUND_IMPACT,CAUSES,EVT:STRUCTURAL_OVERLOAD,73
EVT:GROUND_IMPACT,TRIGGERS,EVT:STRUCTURAL_OVERLOAD,1
EVT:GROUND_IMPACT,RESPONDS_TO,EVT:PROCEDURE_NOT_FOLLOWED,6
EVT:GROUND_IMPACT,CAUSES,EVT:PROCEDURE_NOT_FOLLOWED,2
EVT:GROUND_IMPACT,TRIGGERS,EVT:PROCEDURE_NOT_FOLLOWED,5
EVT:GROUND_IMPACT,CONCURRENT,EVT:PROCEDURE_NOT_FOLLOWED,2
EVT:GROUND_IMPACT,PRECEDES,EVT:PROCEDURE_NOT_FOLLOWED,1
EVT:GROUND_IMPACT,CAUSES,EVT:ENGINE_FAILURE,9
EVT:GROUND_IMPACT,CAUSES,EVT:LOSS_OF_CONTROL_GROUND,21
EVT:GROUND_IMPACT,PRECEDES,EVT:LOSS_OF_CONTROL_GROUND,1
EVT:GROUND_IMPACT,CONTRIBUTES_TO,EVT:LOSS_OF_CONTROL_GROUND,1
EVT:GROUND_IMPACT,TRIGGERS,EVT:LOSS_OF_CONTROL_GROUND,2
EVT:GROUND_IMPACT,UNDER_CONDITION,COND:weather,8
EVT:GROUND_IMPACT,INDUCED_CONDITION,COND:weather,1
EVT:GROUND_IMPACT,TRIGGERS,EVT:PERCEPTION_FAILURE,4
EVT:GROUND_IMPACT,CAUSES,EVT:PERCEPTION_FAILURE,2
EVT:GROUND_IMPACT,PRECEDES,EVT:PERCEPTION_FAILURE,1
EVT:GROUND_IMPACT,UNDER_CONDITION,COND:equipment,1
EVT:GROUND_IMPACT,AFFECTS,ENT:aircraft,5
EVT:GROUND_IMPACT,CAUSES,ENT:aircraft,12
EVT:GROUND_IMPACT,AFFECTED,ENT:aircraft,1
EVT:GROUND_IMPACT,AFFECTED_BY,ENT:aircraft,1
EVT:GROUND_IMPACT,CAUSES,EVT:INFLIGHT_BREAKUP,9
EVT:GROUND_IMPACT,CONCURRENT,EVT:INFLIGHT_BREAKUP,1
EVT:GROUND_IMPACT,CAUSES,EVT:LOSS_OF_CONTROL_INFLIGHT,4
EVT:GROUND_IMPACT,TRIGGERS,EVT:CREW_COORDINATION_FAILURE,1
EVT:GROUND_IMPACT,CAUSES,EVT:MAINTENANCE_INADEQUATE,1
EVT:GROUND_IMPACT,UNDER_CONDITION,COND:spatial,1
EVT:GROUND_IMPACT,CAUSES,EVT:FUEL_SYSTEM_ANOMALY,3
EVT:GROUND_IMPACT,RESPONDS_TO,EVT:DECISION_INAPPROPRIATE,2
EVT:GROUND_IMPACT,TRIGGERS,EVT:DECISION_INAPPROPRIATE,1
EVT:GROUND_IMPACT,CAUSES,EVT:DECISION_INAPPROPRIATE,1
EVT:GROUND_IMPACT,UNDER_CONDITION,COND:terrain,12
EVT:GROUND_IMPACT,CAUSES,EVT:EMERGENCY_LANDING,3
EVT:GROUND_IMPACT,TRIGGERS,EVT:EMERGENCY_LANDING,1
EVT:GROUND_IMPACT,CAUSES,EVT:MIDAIR_COLLISION,2
EVT:GROUND_IMPACT,CAUSES,COND:aircraft_damage,1
EVT:GROUND_IMPACT,CAUSES,EVT:CONTROL_SURFACE_ANOMALY,2
EVT:GROUND_IMPACT,TRIGGERS,EVT:CONTROL_SURFACE_ANOMALY,1
EVT:GROUND_IMPACT,TRIGGERS,EVT:ORG_OR_REGULATORY_INADEQUATE,1
EVT:GROUND_IMPACT,CAUSES,EVT:TERRAIN_OR_OBSTACLE_PROXIMITY,1
EVT:GROUND_IMPACT,CONCURRENT,EVT:TERRAIN_OR_OBSTACLE_PROXIMITY,1
EVT:GROUND_IMPACT,CAUSES,EVT:OFF_AIRPORT_LANDING,1
EVT:GROUND_IMPACT,CAUSES,EVT:STALL,1
EVT:GROUND_IMPACT,CAUSES,EVT:PILOT_INCAPACITATION_OR_IMPAIRMENT,2
EVT:GROUND_IMPACT,INDUCED_CONDITION,COND:physical,1
EVT:GROUND_IMPACT,UNDER_CONDITION,COND:physical,1
EVT:GROUND_IMPACT,INDUCED_CONDITION,COND:aerodynamic,2
EVT:GROUND_IMPACT,CAUSES,COND:aerodynamic,2
EVT:GROUND_IMPACT,ENABLES,EVT:WIND_SHEAR_OR_GUST,2
EVT:GROUND_IMPACT,UNDER_CONDITION,COND:infrastructure,2
EVT:GROUND_IMPACT,CAUSES,COND:structural,3
EVT:GROUND_IMPACT,UNDER_CONDITION,COND:cognitive,1
EVT:GROUND_IMPACT,UNDER_CONDITION,COND:surface,1
EVT:GROUND_IMPACT,CAUSES,EVT:GROUND_EXCURSION_OR_OVERRUN,1
EVT:GROUND_IMPACT,UNDER_CONDITION,COND:operational,1
EVT:GROUND_IMPACT,UNDER_CONDITION,COND:ground,1
EVT:GROUND_IMPACT,CAUSES,EVT:BIRD_OR_WILDLIFE_STRIKE,1
EVT:GROUND_IMPACT,CAUSES,EVT:INSTRUMENT_OR_AVIONICS_FAILURE,1
EVT:INJURY_OR_FATALITY,CAUSES,EVT:DECISION_INAPPROPRIATE,1
EVT:INJURY_OR_FATALITY,TRIGGERS,EVT:DECISION_INAPPROPRIATE,1
EVT:INJURY_OR_FATALITY,CAUSES,EVT:EMERGENCY_LANDING,2
EVT:PERCEPTION_FAILURE,CAUSES,EVT:DECISION_INAPPROPRIATE,30
EVT:PERCEPTION_FAILURE,RESPONDS_TO,EVT:DECISION_INAPPROPRIATE,8
EVT:PERCEPTION_FAILURE,TRIGGERS,EVT:DECISION_INAPPROPRIATE,3
EVT:PERCEPTION_FAILURE,CONCURRENT,EVT:DECISION_INAPPROPRIATE,1
EVT:PERCEPTION_FAILURE,CONTRIBUTES_TO,EVT:DECISION_INAPPROPRIATE,4
EVT:PERCEPTION_FAILURE,CAUSES,EVT:PROCEDURE_NOT_FOLLOWED,39
EVT:PERCEPTION_FAILURE,RESPONDS_TO,EVT:PROCEDURE_NOT_FOLLOWED,14
EVT:PERCEPTION_FAILURE,CONCURRENT,EVT:PROCEDURE_NOT_FOLLOWED,1
EVT:PERCEPTION_FAILURE,TRIGGERS,EVT:PROCEDURE_NOT_FOLLOWED,2
EVT:PERCEPTION_FAILURE,CONTRIBUTES_TO,EVT:PROCEDURE_NOT_FOLLOWED,12
EVT:PERCEPTION_FAILURE,PRECEDES,EVT:PROCEDURE_NOT_FOLLOWED,1
EVT:PERCEPTION_FAILURE,CONTRIBUTES_TO,EVT:GROUND_IMPACT,11
EVT:PERCEPTION_FAILURE,CAUSES,EVT:GROUND_IMPACT,40
EVT:PERCEPTION_FAILURE,INHIBITS,EVT:GROUND_IMPACT,1
EVT:PERCEPTION_FAILURE,CONTRIBUTES_TO,EVT:LOSS_OF_CONTROL_INFLIGHT,5
EVT:PERCEPTION_FAILURE,CAUSES,EVT:LOSS_OF_CONTROL_INFLIGHT,8
EVT:PERCEPTION_FAILURE,ENABLES,COND:mechanical,4
EVT:PERCEPTION_FAILURE,INHIBITS,COND:mechanical,2
EVT:PERCEPTION_FAILURE,CAUSES,COND:mechanical,9
EVT:PERCEPTION_FAILURE,UNDER_CONDITION,COND:mechanical,8
EVT:PERCEPTION_FAILURE,PREVENTS,COND:mechanical,1
EVT:PERCEPTION_FAILURE,DETECTS,COND:mechanical,2
EVT:PERCEPTION_FAILURE,INDUCED_CONDITION,COND:mechanical,2
EVT:PERCEPTION_FAILURE,MASKED_BY_CONDITION,COND:mechanical,11
EVT:PERCEPTION_FAILURE,CONTRIBUTES_TO,COND:mechanical,2
EVT:PERCEPTION_FAILURE,INDUCED_CONDITION,COND:cognitive,6
EVT:PERCEPTION_FAILURE,UNDER_CONDITION,COND:cognitive,2
EVT:PERCEPTION_FAILURE,CAUSES,COND:cognitive,1
EVT:PERCEPTION_FAILURE,CAUSES,EVT:SPATIAL_DISORIENTATION,3
EVT:PERCEPTION_FAILURE,CONTRIBUTES_TO,EVT:SPATIAL_DISORIENTATION,1
EVT:PERCEPTION_FAILURE,CAUSES,COND:situational_awareness,3
EVT:PERCEPTION_FAILURE,INDUCED_CONDITION,COND:situational_awareness,2
EVT:PERCEPTION_FAILURE,UNDER_CONDITION,COND:situational_awareness,2
EVT:PERCEPTION_FAILURE,CAUSES,EVT:CONTROL_INPUT_IMPROPER,44
EVT:PERCEPTION_FAILURE,CONTRIBUTES_TO,EVT:CONTROL_INPUT_IMPROPER,4
EVT:PERCEPTION_FAILURE,RESPONDS_TO,EVT:CONTROL_INPUT_IMPROPER,11
EVT:PERCEPTION_FAILURE,TRIGGERS,EVT:CONTROL_INPUT_IMPROPER,6
EVT:PERCEPTION_FAILURE,CONCURRENT,EVT:CONTROL_INPUT_IMPROPER,1
EVT:PERCEPTION_FAILURE,CAUSES,COND:environmental,2
EVT:PERCEPTION_FAILURE,INHIBITS,COND:environmental,1
EVT:PERCEPTION_FAILURE,UNDER_CONDITION,COND:environmental,13
EVT:PERCEPTION_FAILURE,INDUCED_CONDITION,COND:environmental,3
EVT:PERCEPTION_FAILURE,MASKED_BY_CONDITION,COND:environmental,4
EVT:PERCEPTION_FAILURE,ENABLES,COND:environmental,1
EVT:PERCEPTION_FAILURE,CAUSES,EVT:RUNWAY_EXCURSION_OR_OVERRUN,17
EVT:PERCEPTION_FAILURE,CONTRIBUTES_TO,EVT:RUNWAY_EXCURSION_OR_OVERRUN,5
EVT:PERCEPTION_FAILURE,INDUCED_CONDITION,COND:human_factors,3
EVT:PERCEPTION_FAILURE,CONTRIBUTES_TO,COND:human_factors,2
EVT:PERCEPTION_FAILURE,CAUSES,COND:human_factors,1
EVT:PERCEPTION_FAILURE,UNDER_CONDITION,COND:human_factors,2
EVT:PERCEPTION_FAILURE,DETECTS,COND:human_factors,1
EVT:PERCEPTION_FAILURE,MASKED_BY_CONDITION,COND:weather,2
EVT:PERCEPTION_FAILURE,UNDER_CONDITION,COND:weather,5
EVT:PERCEPTION_FAILURE,CAUSES,COND:spatial,1
EVT:PERCEPTION_FAILURE,UNDER_CONDITION,COND:spatial,2
EVT:PERCEPTION_FAILURE,INDUCED_CONDITION,COND:spatial,2
EVT:PERCEPTION_FAILURE,UNDER_CONDITION,COND:psychological,2
EVT:PERCEPTION_FAILURE,UNDER_CONDITION,COND:attention,1
EVT:PERCEPTION_FAILURE,CAUSES,EVT:RUNWAY_CONDITION_HAZARD,1
EVT:PERCEPTION_FAILURE,CAUSES,EVT:TERRAIN_OR_OBSTACLE_PROXIMITY,20
EVT:PERCEPTION_FAILURE,CONTRIBUTES_TO,EVT:LOSS_OF_CONTROL_GROUND,1
EVT:PERCEPTION_FAILURE,CAUSES,EVT:LOSS_OF_CONTROL_GROUND,2
EVT:PERCEPTION_FAILURE,CAUSES,EVT:MIDAIR_COLLISION,7
EVT:PERCEPTION_FAILURE,INDUCED_CONDITION,COND:human_factor,2
EVT:PERCEPTION_FAILURE,UNDER_CONDITION,COND:human_factor,1
EVT:PERCEPTION_FAILURE,INDUCED_CONDITION,COND:information,2
EVT:PERCEPTION_FAILURE,CAUSES,COND:information,1
EVT:PERCEPTION_FAILURE,CAUSES,EVT:STALL,1
EVT:PERCEPTION_FAILURE,CONTRIBUTES_TO,EVT:STALL,1
EVT:PERCEPTION_FAILURE,UNDER_CONDITION,COND:proximity,1
EVT:PERCEPTION_FAILURE,CAUSES,EVT:GROUND_COLLISION,8
EVT:PERCEPTION_FAILURE,CONTRIBUTES_TO,EVT:GROUND_COLLISION,3
EVT:PERCEPTION_FAILURE,INDUCED_CONDITION,COND:aerodynamic,1
EVT:PERCEPTION_FAILURE,CAUSES,COND:aerodynamic,3
EVT:PERCEPTION_FAILURE,UNDER_CONDITION,COND:aerodynamic,1
EVT:PERCEPTION_FAILURE,CAUSES,COND:organizational,2
EVT:PERCEPTION_FAILURE,UNDER_CONDITION,COND:organizational,2
EVT:PERCEPTION_FAILURE,UNDER_CONDITION,COND:configuration,1
EVT:PERCEPTION_FAILURE,UNDER_CONDITION,COND:instrument,1
EVT:PERCEPTION_FAILURE,UNDER_CONDITION,COND:security_threat,1
EVT:PERCEPTION_FAILURE,CAUSES,COND:procedural,1
EVT:PERCEPTION_FAILURE,UNDER_CONDITION,COND:procedural,1
EVT:PERCEPTION_FAILURE,CONTRIBUTES_TO,EVT:PERCEPTION_FAILURE,2
EVT:PERCEPTION_FAILURE,CAUSES,EVT:PERCEPTION_FAILURE,6
EVT:PERCEPTION_FAILURE,TRIGGERS,EVT:PERCEPTION_FAILURE,1
EVT:PERCEPTION_FAILURE,RESPONDS_TO,EVT:PERCEPTION_FAILURE,1
EVT:PERCEPTION_FAILURE,PRECEDES,EVT:PERCEPTION_FAILURE,1
EVT:PERCEPTION_FAILURE,CAUSES,EVT:ALTITUDE_DEVIATION_UNCONTROLLED,4
EVT:PERCEPTION_FAILURE,CONCURRENT,EVT:ALTITUDE_DEVIATION_UNCONTROLLED,1
EVT:PERCEPTION_FAILURE,CONTRIBUTES_TO,EVT:ALTITUDE_DEVIATION_UNCONTROLLED,1
EVT:PERCEPTION_FAILURE,CAUSES,EVT:LANDING_GEAR_ANOMALY,3
EVT:PERCEPTION_FAILURE,CONTRIBUTES_TO,EVT:LANDING_GEAR_ANOMALY,1
EVT:PERCEPTION_FAILURE,CONCURRENT,EVT:LANDING_GEAR_ANOMALY,1
EVT:PERCEPTION_FAILURE,INDUCED_CONDITION,COND:human,2
EVT:PERCEPTION_FAILURE,CAUSES,COND:human,1
EVT:PERCEPTION_FAILURE,MASKED_BY_CONDITION,COND:human,1
EVT:PERCEPTION_FAILURE,UNDER_CONDITION,COND:human,1
EVT:PERCEPTION_FAILURE,INDUCED_CONDITION,COND:perceptual,3
EVT:PERCEPTION_FAILURE,ENABLES,COND:latent_defect,1
EVT:PERCEPTION_FAILURE,UNDER_CONDITION,COND:unknown,1
EVT:PERCEPTION_FAILURE,UNDER_CONDITION,COND:human_performance,1
EVT:PERCEPTION_FAILURE,UNDER_CONDITION,COND:equipment,2
EVT:PERCEPTION_FAILURE,PRECEDES,EVT:MAINTENANCE_INADEQUATE,1
EVT:PERCEPTION_FAILURE,INDUCED_CONDITION,COND:visual,1
EVT:PERCEPTION_FAILURE,MASKED_BY_CONDITION,COND:other,1
EVT:PERCEPTION_FAILURE,UNDER_CONDITION,COND:other,2
EVT:PERCEPTION_FAILURE,INHIBITS,EVT:ENGINE_FAILURE,1
EVT:PERCEPTION_FAILURE,CONTRIBUTES_TO,EVT:ORG_OR_REGULATORY_INADEQUATE,1
EVT:PERCEPTION_FAILURE,CAUSES,COND:communication,1
EVT:PERCEPTION_FAILURE,INDUCED_CONDITION,COND:knowledge,3
EVT:PERCEPTION_FAILURE,CAUSES,EVT:EMERGENCY_LANDING,3
EVT:PERCEPTION_FAILURE,UNDER_CONDITION,ENT:location,1
EVT:PERCEPTION_FAILURE,CAUSES,EVT:GROUND_EXCURSION_OR_OVERRUN,1
EVT:PERCEPTION_FAILURE,INDUCED_CONDITION,COND:fuel,1
EVT:PERCEPTION_FAILURE,CAUSES,COND:fuel,1
EVT:PERCEPTION_FAILURE,CAUSES,EVT:WATER_IMPACT,2
EVT:PERCEPTION_FAILURE,CAUSES,EVT:AUTOMATION_ANOMALY,1
EVT:PERCEPTION_FAILURE,CAUSES,COND:resource,2
EVT:PERCEPTION_FAILURE,INDUCED_CONDITION,COND:situational,1
EVT:PERCEPTION_FAILURE,INDUCED_CONDITION,COND:fatigue,1
EVT:PERCEPTION_FAILURE,UNDER_CONDITION,COND:terrain_obstacle,1
EVT:PERCEPTION_FAILURE,UNDER_CONDITION,EVT:INFLIGHT_FIRE_OR_SMOKE,1
EVT:PERCEPTION_FAILURE,RESPONDS_TO,EVT:SUCCESSFUL_RECOVERY,1
EVT:DECISION_INAPPROPRIATE,CAUSES,EVT:CONTROL_INPUT_IMPROPER,84
EVT:DECISION_INAPPROPRIATE,CONTRIBUTES_TO,EVT:CONTROL_INPUT_IMPROPER,17
EVT:DECISION_INAPPROPRIATE,TRIGGERS,EVT:CONTROL_INPUT_IMPROPER,7
EVT:DECISION_INAPPROPRIATE,PRECEDES,EVT:CONTROL_INPUT_IMPROPER,2
EVT:DECISION_INAPPROPRIATE,CONCURRENT,EVT:CONTROL_INPUT_IMPROPER,2
EVT:DECISION_INAPPROPRIATE,RESPONDS_TO,EVT:CONTROL_INPUT_IMPROPER,2
EVT:DECISION_INAPPROPRIATE,CAUSES,EVT:LOW_VISIBILITY_OR_IMC,9
EVT:DECISION_INAPPROPRIATE,RESPONDS_TO,EVT:LOW_VISIBILITY_OR_IMC,1
EVT:DECISION_INAPPROPRIATE,TRIGGERS,EVT:LOW_VISIBILITY_OR_IMC,1
EVT:DECISION_INAPPROPRIATE,CONTRIBUTES_TO,EVT:LOW_VISIBILITY_OR_IMC,1
EVT:DECISION_INAPPROPRIATE,UNDER_CONDITION,COND:weather,26
EVT:DECISION_INAPPROPRIATE,RESPONDS_TO,COND:weather,1
EVT:DECISION_INAPPROPRIATE,INDUCED_CONDITION,COND:weather,1
EVT:DECISION_INAPPROPRIATE,IGNORED,COND:weather,1
EVT:DECISION_INAPPROPRIATE,ENABLES,COND:weather,1
EVT:DECISION_INAPPROPRIATE,CAUSES,EVT:GROUND_IMPACT,171
EVT:DECISION_INAPPROPRIATE,CONTRIBUTES_TO,EVT:GROUND_IMPACT,15
EVT:DECISION_INAPPROPRIATE,PREVENTS,EVT:GROUND_IMPACT,1
EVT:DECISION_INAPPROPRIATE,CONCURRENT,EVT:GROUND_IMPACT,1
EVT:DECISION_INAPPROPRIATE,CONCURRENT,EVT:PROCEDURE_NOT_FOLLOWED,10
EVT:DECISION_INAPPROPRIATE,CAUSES,EVT:PROCEDURE_NOT_FOLLOWED,50
EVT:DECISION_INAPPROPRIATE,PRECEDES,EVT:PROCEDURE_NOT_FOLLOWED,3
EVT:DECISION_INAPPROPRIATE,CONTRIBUTES_TO,EVT:PROCEDURE_NOT_FOLLOWED,5
EVT:DECISION_INAPPROPRIATE,RESPONDS_TO,EVT:PROCEDURE_NOT_FOLLOWED,7
EVT:DECISION_INAPPROPRIATE,TRIGGERS,EVT:PROCEDURE_NOT_FOLLOWED,1
EVT:DECISION_INAPPROPRIATE,ENABLES,EVT:PROCEDURE_NOT_FOLLOWED,1
EVT:DECISION_INAPPROPRIATE,CONTRIBUTES_TO,EVT:TURBULENCE_ENCOUNTER,1
EVT:DECISION_INAPPROPRIATE,PRECEDES,EVT:TURBULENCE_ENCOUNTER,1
EVT:DECISION_INAPPROPRIATE,CONCURRENT,EVT:TURBULENCE_ENCOUNTER,1
EVT:DECISION_INAPPROPRIATE,CONTRIBUTES_TO,EVT:ENGINE_FAILURE,13
EVT:DECISION_INAPPROPRIATE,CAUSES,EVT:ENGINE_FAILURE,15
EVT:DECISION_INAPPROPRIATE,CONCURRENT,EVT:ENGINE_FAILURE,3
EVT:DECISION_INAPPROPRIATE,RESPONDS_TO,EVT:ENGINE_FAILURE,1
EVT:DECISION_INAPPROPRIATE,PRECEDES,EVT:ENGINE_FAILURE,1
EVT:DECISION_INAPPROPRIATE,CAUSES,EVT:LANDING_GEAR_ANOMALY,7
EVT:DECISION_INAPPROPRIATE,ENABLES,EVT:LANDING_GEAR_ANOMALY,1
EVT:DECISION_INAPPROPRIATE,CONTRIBUTES_TO,EVT:LANDING_GEAR_ANOMALY,3
EVT:DECISION_INAPPROPRIATE,CONCURRENT,EVT:LANDING_GEAR_ANOMALY,1
EVT:DECISION_INAPPROPRIATE,CAUSES,COND:aerodynamic,14
EVT:DECISION_INAPPROPRIATE,INDUCED_CONDITION,COND:aerodynamic,6
EVT:DECISION_INAPPROPRIATE,ENABLES,COND:aerodynamic,1
EVT:DECISION_INAPPROPRIATE,CONTRIBUTES_TO,COND:aerodynamic,1
EVT:DECISION_INAPPROPRIATE,UNDER_CONDITION,COND:aerodynamic,1
EVT:DECISION_INAPPROPRIATE,CAUSES,EVT:RUNWAY_EXCURSION_OR_OVERRUN,49
EVT:DECISION_INAPPROPRIATE,CONTRIBUTES_TO,EVT:RUNWAY_EXCURSION_OR_OVERRUN,8
EVT:DECISION_INAPPROPRIATE,RESPONDS_TO,COND:environmental,2
EVT:DECISION_INAPPROPRIATE,UNDER_CONDITION,COND:environmental,35
EVT:DECISION_INAPPROPRIATE,CONTEXT,COND:environmental,1
EVT:DECISION_INAPPROPRIATE,CO_OCCURS,COND:environmental,1
EVT:DECISION_INAPPROPRIATE,INDUCED_CONDITION,COND:environmental,6
EVT:DECISION_INAPPROPRIATE,CAUSES,COND:environmental,5
EVT:DECISION_INAPPROPRIATE,ENABLES,COND:environmental,2
EVT:DECISION_INAPPROPRIATE,CONTRIBUTES_TO,COND:environmental,1
EVT:DECISION_INAPPROPRIATE,CAUSES,EVT:PERCEPTION_FAILURE,7
EVT:DECISION_INAPPROPRIATE,CONTRIBUTES_TO,EVT:PERCEPTION_FAILURE,9
EVT:DECISION_INAPPROPRIATE,CAUSES,EVT:LOSS_OF_CONTROL_GROUND,14
EVT:DECISION_INAPPROPRIATE,CONTRIBUTES_TO,EVT:LOSS_OF_CONTROL_GROUND,3
EVT:DECISION_INAPPROPRIATE,CONTRIBUTES_TO,EVT:DECISION_INAPPROPRIATE,4
EVT:DECISION_INAPPROPRIATE,CAUSES,EVT:DECISION_INAPPROPRIATE,12
EVT:DECISION_INAPPROPRIATE,RESPONDS_TO,EVT:DECISION_INAPPROPRIATE,2
EVT:DECISION_INAPPROPRIATE,PRECEDES,EVT:DECISION_INAPPROPRIATE,2
EVT:DECISION_INAPPROPRIATE,CONCURRENT,EVT:DECISION_INAPPROPRIATE,4
EVT:DECISION_INAPPROPRIATE,CAUSES,EVT:EMERGENCY_LANDING,34
EVT:DECISION_INAPPROPRIATE,CONTRIBUTES_TO,EVT:EMERGENCY_LANDING,1
EVT:DECISION_INAPPROPRIATE,ENABLES,EVT:EMERGENCY_LANDING,1
EVT:DECISION_INAPPROPRIATE,CAUSES,EVT:SUCCESSFUL_RECOVERY,18
EVT:DECISION_INAPPROPRIATE,INDUCED_CONDITION,COND:cognitive,3
EVT:DECISION_INAPPROPRIATE,INDUCED_CONDITION,COND:configuration,1
EVT:DECISION_INAPPROPRIATE,CAUSES,COND:configuration,1
EVT:DECISION_INAPPROPRIATE,CAUSES,EVT:STALL,11
EVT:DECISION_INAPPROPRIATE,CONTRIBUTES_TO,EVT:STALL,5
EVT:DECISION_INAPPROPRIATE,CAUSES,COND:operational,3
EVT:DECISION_INAPPROPRIATE,UNDER_CONDITION,COND:operational,1
EVT:DECISION_INAPPROPRIATE,INDUCED_CONDITION,COND:operational,1
EVT:DECISION_INAPPROPRIATE,UNDER_CONDITION,COND:other,1
EVT:DECISION_INAPPROPRIATE,INDUCED_CONDITION,COND:other,1
EVT:DECISION_INAPPROPRIATE,CAUSES,COND:organizational,3
EVT:DECISION_INAPPROPRIATE,INDUCED_CONDITION,COND:organizational,1
EVT:DECISION_INAPPROPRIATE,UNDER_CONDITION,COND:mechanical,4
EVT:DECISION_INAPPROPRIATE,CAUSES,COND:mechanical,30
EVT:DECISION_INAPPROPRIATE,INDUCED_CONDITION,COND:mechanical,8
EVT:DECISION_INAPPROPRIATE,CONTRIBUTES_TO,COND:mechanical,2
EVT:DECISION_INAPPROPRIATE,ENABLES,COND:mechanical,2
EVT:DECISION_INAPPROPRIATE,CAUSES,COND:aerodynamic_state,1
EVT:DECISION_INAPPROPRIATE,UNDER_CONDITION,COND:training,1
EVT:DECISION_INAPPROPRIATE,INHIBITS,COND:training,1
EVT:DECISION_INAPPROPRIATE,CAUSES,EVT:TERRAIN_OR_OBSTACLE_PROXIMITY,17
EVT:DECISION_INAPPROPRIATE,CAUSES,EVT:MIDAIR_COLLISION,1
EVT:DECISION_INAPPROPRIATE,CAUSES,COND:fuel_state,5
EVT:DECISION_INAPPROPRIATE,CONTRIBUTES_TO,COND:fuel_state,1
EVT:DECISION_INAPPROPRIATE,INDUCED_CONDITION,COND:fuel_state,1
EVT:DECISION_INAPPROPRIATE,CAUSES,EVT:LOSS_OF_CONTROL_INFLIGHT,23
EVT:DECISION_INAPPROPRIATE,CONTRIBUTES_TO,EVT:LOSS_OF_CONTROL_INFLIGHT,10
EVT:DECISION_INAPPROPRIATE,CAUSES,EVT:RUNWAY_CONDITION_HAZARD,2
EVT:DECISION_INAPPROPRIATE,CONTRIBUTES_TO,EVT:RUNWAY_CONDITION_HAZARD,1
EVT:DECISION_INAPPROPRIATE,CAUSES,EVT:WATER_IMPACT,14
EVT:DECISION_INAPPROPRIATE,CAUSES,EVT:ALTITUDE_DEVIATION_UNCONTROLLED,11
EVT:DECISION_INAPPROPRIATE,CAUSES,EVT:FUEL_SYSTEM_ANOMALY,3
EVT:DECISION_INAPPROPRIATE,CONTRIBUTES_TO,EVT:FUEL_SYSTEM_ANOMALY,1
EVT:DECISION_INAPPROPRIATE,CAUSES,EVT:WIND_SHEAR_OR_GUST,4
EVT:DECISION_INAPPROPRIATE,CONTRIBUTES_TO,EVT:WIND_SHEAR_OR_GUST,2
EVT:DECISION_INAPPROPRIATE,ENABLES,EVT:WIND_SHEAR_OR_GUST,1
EVT:DECISION_INAPPROPRIATE,INDUCED_CONDITION,COND:human_factors,4
EVT:DECISION_INAPPROPRIATE,UNDER_CONDITION,COND:weight_and_balance,1
EVT:DECISION_INAPPROPRIATE,TRIGGERS,EVT:CONTROL_SURFACE_ANOMALY,1
EVT:DECISION_INAPPROPRIATE,CONTRIBUTES_TO,EVT:CONTROL_SURFACE_ANOMALY,1
EVT:DECISION_INAPPROPRIATE,CONCURRENT,EVT:CONTROL_SURFACE_ANOMALY,1
EVT:DECISION_INAPPROPRIATE,CAUSES,EVT:SPATIAL_DISORIENTATION,2
EVT:DECISION_INAPPROPRIATE,INDUCED_CONDITION,COND:spatial,1
EVT:DECISION_INAPPROPRIATE,UNDER_CONDITION,COND:spatial,1
EVT:DECISION_INAPPROPRIATE,UNDER_CONDITION,COND:surface,1
EVT:DECISION_INAPPROPRIATE,UNDER_CONDITION,COND:unknown,1
EVT:DECISION_INAPPROPRIATE,RESPONDS_TO,COND:unknown,1
EVT:DECISION_INAPPROPRIATE,CAUSES,EVT:AIRFRAME_STRUCTURAL_FAILURE,3
EVT:DECISION_INAPPROPRIATE,ENABLES,EVT:AIRFRAME_STRUCTURAL_FAILURE,1
EVT:DECISION_INAPPROPRIATE,CAUSES,COND:resource,3
EVT:DECISION_INAPPROPRIATE,INDUCED_CONDITION,COND:resource,2
EVT:DECISION_INAPPROPRIATE,CAUSES,EVT:STRUCTURAL_OVERLOAD,1
EVT:DECISION_INAPPROPRIATE,INDUCED_CONDITION,COND:security_threat,1
EVT:DECISION_INAPPROPRIATE,UNDER_CONDITION,COND:spatial_reference,1
EVT:DECISION_INAPPROPRIATE,UNDER_CONDITION,COND:terrain,10
EVT:DECISION_INAPPROPRIATE,ENABLES,COND:weight,1
EVT:DECISION_INAPPROPRIATE,UNDER_CONDITION,COND:weight,1
EVT:DECISION_INAPPROPRIATE,CAUSES,COND:weight,2
EVT:DECISION_INAPPROPRIATE,UNDER_CONDITION,COND:procedural,1
EVT:DECISION_INAPPROPRIATE,CAUSES,COND:procedural,1
EVT:DECISION_INAPPROPRIATE,CAUSES,COND:fuel,2
EVT:DECISION_INAPPROPRIATE,INDUCED_CONDITION,COND:fuel,1
EVT:DECISION_INAPPROPRIATE,INDUCED_CONDITION,COND:information,1
EVT:DECISION_INAPPROPRIATE,UNDER_CONDITION,COND:information,1
EVT:DECISION_INAPPROPRIATE,CAUSES,EVT:ICING_ENCOUNTER,3
EVT:DECISION_INAPPROPRIATE,TRIGGERS,EVT:GROUND_PERSONNEL_ERROR,2
EVT:DECISION_INAPPROPRIATE,ENABLES,EVT:GROUND_PERSONNEL_ERROR,1
EVT:DECISION_INAPPROPRIATE,RESPONDS_TO,EVT:ATC_OR_DISPATCH_INADEQUATE,2
EVT:DECISION_INAPPROPRIATE,CONTRIBUTES_TO,EVT:INFLIGHT_FIRE_OR_SMOKE,3
EVT:DECISION_INAPPROPRIATE,CONTRIBUTES_TO,COND:instrument,1
EVT:DECISION_INAPPROPRIATE,MASKED_BY_CONDITION,COND:latent_hazard,1
EVT:DECISION_INAPPROPRIATE,CO_OCCURS,ENT:location,1
EVT:DECISION_INAPPROPRIATE,CAUSES,EVT:GROUND_LOS,1
EVT:DECISION_INAPPROPRIATE,CAUSES,EVT:LANDING,1
EVT:DECISION_INAPPROPRIATE,INHIBITS,COND:aircraft_limitation,1
EVT:DECISION_INAPPROPRIATE,CONTRIBUTES_TO,COND:physiological,2
EVT:DECISION_INAPPROPRIATE,CONTRIBUTES_TO,COND:situational_awareness,1
EVT:DECISION_INAPPROPRIATE,CAUSES,EVT:INSTRUMENT_OR_AVIONICS_FAILURE,1
EVT:DECISION_INAPPROPRIATE,CONTRIBUTES_TO,EVT:INSTRUMENT_OR_AVIONICS_FAILURE,1
EVT:DECISION_INAPPROPRIATE,UNDER_CONDITION,COND:human_factor,1
EVT:DECISION_INAPPROPRIATE,UNDER_CONDITION,COND:pilot_qualification,1
EVT:DECISION_INAPPROPRIATE,CONTRIBUTES_TO,EVT:BIRD_OR_WILDLIFE_STRIKE,1
EVT:DECISION_INAPPROPRIATE,CAUSES,EVT:BIRD_OR_WILDLIFE_STRIKE,1
EVT:DECISION_INAPPROPRIATE,UNDER_CONDITION,COND:location,1
EVT:DECISION_INAPPROPRIATE,UNDER_CONDITION,COND:infrastructure,1
EVT:DECISION_INAPPROPRIATE,INHIBITS,COND:regulatory,1
EVT:DECISION_INAPPROPRIATE,CONCURRENT,COND:regulatory,1
EVT:DECISION_INAPPROPRIATE,UNDER_CONDITION,COND:information_conflict,1
EVT:DECISION_INAPPROPRIATE,UNDER_CONDITION,COND:obstacle,1
EVT:DECISION_INAPPROPRIATE,CAUSES,COND:performance,1
EVT:CONTROL_INPUT_IMPROPER,CAUSES,COND:environmental,8
EVT:CONTROL_INPUT_IMPROPER,UNDER_CONDITION,COND:environmental,53
EVT:CONTROL_INPUT_IMPROPER,RESPONDS_TO,COND:environmental,3
EVT:CONTROL_INPUT_IMPROPER,INDUCED_CONDITION,COND:environmental,6
EVT:CONTROL_INPUT_IMPROPER,CAUSES,EVT:RUNWAY_EXCURSION_OR_OVERRUN,116
EVT:CONTROL_INPUT_IMPROPER,CONTRIBUTES_TO,EVT:RUNWAY_EXCURSION_OR_OVERRUN,25
EVT:CONTROL_INPUT_IMPROPER,PREVENTS,EVT:RUNWAY_EXCURSION_OR_OVERRUN,2
EVT:CONTROL_INPUT_IMPROPER,INHIBITS,EVT:RUNWAY_EXCURSION_OR_OVERRUN,1
EVT:CONTROL_INPUT_IMPROPER,RESPONDS_TO,EVT:RUNWAY_EXCURSION_OR_OVERRUN,3
EVT:CONTROL_INPUT_IMPROPER,MITIGATES,EVT:RUNWAY_EXCURSION_OR_OVERRUN,1
EVT:CONTROL_INPUT_IMPROPER,CAUSES,EVT:GROUND_IMPACT,263
EVT:CONTROL_INPUT_IMPROPER,CONTRIBUTES_TO,EVT:GROUND_IMPACT,25
EVT:CONTROL_INPUT_IMPROPER,MITIGATES,EVT:GROUND_IMPACT,2
EVT:CONTROL_INPUT_IMPROPER,CONCURRENT,EVT:GROUND_IMPACT,2
EVT:CONTROL_INPUT_IMPROPER,TRIGGERS,EVT:GROUND_IMPACT,1
EVT:CONTROL_INPUT_IMPROPER,RESPONDS_TO,EVT:GROUND_IMPACT,1
EVT:CONTROL_INPUT_IMPROPER,UNDER_CONDITION,COND:weather,31
EVT:CONTROL_INPUT_IMPROPER,INDUCED_CONDITION,COND:weather,1
EVT:CONTROL_INPUT_IMPROPER,RESPONDS_TO,COND:weather,1
EVT:CONTROL_INPUT_IMPROPER,CAUSES,EVT:LOSS_OF_CONTROL_INFLIGHT,76
EVT:CONTROL_INPUT_IMPROPER,CONTRIBUTES_TO,EVT:LOSS_OF_CONTROL_INFLIGHT,16
EVT:CONTROL_INPUT_IMPROPER,RESPONDS_TO,EVT:LOSS_OF_CONTROL_INFLIGHT,5
EVT:CONTROL_INPUT_IMPROPER,MITIGATES,EVT:LOSS_OF_CONTROL_INFLIGHT,1
EVT:CONTROL_INPUT_IMPROPER,TRIGGERS,EVT:LOSS_OF_CONTROL_INFLIGHT,2
EVT:CONTROL_INPUT_IMPROPER,CAUSES,EVT:SUCCESSFUL_RECOVERY,13
EVT:CONTROL_INPUT_IMPROPER,MITIGATES,EVT:SUCCESSFUL_RECOVERY,1
EVT:CONTROL_INPUT_IMPROPER,CONTRIBUTES_TO,EVT:SUCCESSFUL_RECOVERY,1
EVT:CONTROL_INPUT_IMPROPER,INDUCED_CONDITION,COND:location,1
EVT:CONTROL_INPUT_IMPROPER,UNDER_CONDITION,COND:location,1
EVT:CONTROL_INPUT_IMPROPER,TRIGGERS,EVT:ENGINE_FAILURE,6
EVT:CONTROL_INPUT_IMPROPER,CAUSES,EVT:ENGINE_FAILURE,13
EVT:CONTROL_INPUT_IMPROPER,CONTRIBUTES_TO,EVT:ENGINE_FAILURE,10
EVT:CONTROL_INPUT_IMPROPER,INHIBITS,EVT:ENGINE_FAILURE,2
EVT:CONTROL_INPUT_IMPROPER,RESPONDS_TO,EVT:ENGINE_FAILURE,1
EVT:CONTROL_INPUT_IMPROPER,MITIGATES,EVT:ENGINE_FAILURE,1
EVT:CONTROL_INPUT_IMPROPER,CAUSES,EVT:ALTITUDE_DEVIATION_UNCONTROLLED,27
EVT:CONTROL_INPUT_IMPROPER,CONTRIBUTES_TO,EVT:ALTITUDE_DEVIATION_UNCONTROLLED,2
EVT:CONTROL_INPUT_IMPROPER,INHIBITS,EVT:ALTITUDE_DEVIATION_UNCONTROLLED,1
EVT:CONTROL_INPUT_IMPROPER,CAUSES,COND:aerodynamic,29
EVT:CONTROL_INPUT_IMPROPER,UNDER_CONDITION,COND:aerodynamic,6
EVT:CONTROL_INPUT_IMPROPER,INDUCED_CONDITION,COND:aerodynamic,46
EVT:CONTROL_INPUT_IMPROPER,CONTRIBUTES_TO,COND:aerodynamic,1
EVT:CONTROL_INPUT_IMPROPER,PREVENTS,COND:aerodynamic,1
EVT:CONTROL_INPUT_IMPROPER,RESPONDS_TO,COND:aerodynamic,1
EVT:CONTROL_INPUT_IMPROPER,CAUSES,EVT:TERRAIN_OR_OBSTACLE_PROXIMITY,32
EVT:CONTROL_INPUT_IMPROPER,CONTRIBUTES_TO,EVT:TERRAIN_OR_OBSTACLE_PROXIMITY,2
EVT:CONTROL_INPUT_IMPROPER,UNDER_CONDITION,COND:terrain,10
EVT:CONTROL_INPUT_IMPROPER,CAUSES,EVT:LANDING_GEAR_ANOMALY,36
EVT:CONTROL_INPUT_IMPROPER,TRIGGERS,EVT:LANDING_GEAR_ANOMALY,6
EVT:CONTROL_INPUT_IMPROPER,CONTRIBUTES_TO,EVT:LANDING_GEAR_ANOMALY,3
EVT:CONTROL_INPUT_IMPROPER,RESPONDS_TO,EVT:LANDING_GEAR_ANOMALY,1
EVT:CONTROL_INPUT_IMPROPER,CAUSES,EVT:CREW_COORDINATION_FAILURE,1
EVT:CONTROL_INPUT_IMPROPER,TRIGGERS,EVT:CREW_COORDINATION_FAILURE,6
EVT:CONTROL_INPUT_IMPROPER,CONCURRENT,EVT:CREW_COORDINATION_FAILURE,1
EVT:CONTROL_INPUT_IMPROPER,CONTRIBUTES_TO,EVT:CREW_COORDINATION_FAILURE,1
EVT:CONTROL_INPUT_IMPROPER,CAUSES,EVT:LOSS_OF_CONTROL_GROUND,120
EVT:CONTROL_INPUT_IMPROPER,CONTRIBUTES_TO,EVT:LOSS_OF_CONTROL_GROUND,17
EVT:CONTROL_INPUT_IMPROPER,RESPONDS_TO,EVT:LOSS_OF_CONTROL_GROUND,3
EVT:CONTROL_INPUT_IMPROPER,TRIGGERS,EVT:LOSS_OF_CONTROL_GROUND,3
EVT:CONTROL_INPUT_IMPROPER,PREVENTS,EVT:LOSS_OF_CONTROL_GROUND,2
EVT:CONTROL_INPUT_IMPROPER,INHIBITS,EVT:LOSS_OF_CONTROL_GROUND,1
EVT:CONTROL_INPUT_IMPROPER,INDUCED_CONDITION,COND:mechanical,14
EVT:CONTROL_INPUT_IMPROPER,UNDER_CONDITION,COND:mechanical,11
EVT:CONTROL_INPUT_IMPROPER,RESPONDS_TO,COND:mechanical,2
EVT:CONTROL_INPUT_IMPROPER,CAUSES,COND:mechanical,19
EVT:CONTROL_INPUT_IMPROPER,CONTRIBUTES_TO,COND:mechanical,2
EVT:CONTROL_INPUT_IMPROPER,PREVENTS,COND:mechanical,2
EVT:CONTROL_INPUT_IMPROPER,INHIBITS,COND:mechanical,2
EVT:CONTROL_INPUT_IMPROPER,TRIGGERS,COND:mechanical,4
EVT:CONTROL_INPUT_IMPROPER,MITIGATES,COND:mechanical,1
EVT:CONTROL_INPUT_IMPROPER,CONCURRENT,COND:mechanical,1
EVT:CONTROL_INPUT_IMPROPER,CAUSES,EVT:MIDAIR_COLLISION,9
EVT:CONTROL_INPUT_IMPROPER,CAUSES,EVT:STALL,51
EVT:CONTROL_INPUT_IMPROPER,CONTRIBUTES_TO,EVT:STALL,6
EVT:CONTROL_INPUT_IMPROPER,TRIGGERS,EVT:PROCEDURE_NOT_FOLLOWED,7
EVT:CONTROL_INPUT_IMPROPER,CAUSES,EVT:PROCEDURE_NOT_FOLLOWED,17
EVT:CONTROL_INPUT_IMPROPER,CONCURRENT,EVT:PROCEDURE_NOT_FOLLOWED,8
EVT:CONTROL_INPUT_IMPROPER,RESPONDS_TO,EVT:PROCEDURE_NOT_FOLLOWED,5
EVT:CONTROL_INPUT_IMPROPER,CONTRIBUTES_TO,EVT:PROCEDURE_NOT_FOLLOWED,3
EVT:CONTROL_INPUT_IMPROPER,PRECEDES,EVT:PROCEDURE_NOT_FOLLOWED,5
EVT:CONTROL_INPUT_IMPROPER,CAUSES,EVT:INSTRUMENT_OR_AVIONICS_FAILURE,5
EVT:CONTROL_INPUT_IMPROPER,CONTRIBUTES_TO,EVT:INSTRUMENT_OR_AVIONICS_FAILURE,1
EVT:CONTROL_INPUT_IMPROPER,TRIGGERS,EVT:INSTRUMENT_OR_AVIONICS_FAILURE,1
EVT:CONTROL_INPUT_IMPROPER,TRIGGERS,EVT:ABORTED_TAKEOFF,1
EVT:CONTROL_INPUT_IMPROPER,TRIGGERS,EVT:CONTROL_INPUT_IMPROPER,10
EVT:CONTROL_INPUT_IMPROPER,RESPONDS_TO,EVT:CONTROL_INPUT_IMPROPER,6
EVT:CONTROL_INPUT_IMPROPER,CAUSES,EVT:CONTROL_INPUT_IMPROPER,23
EVT:CONTROL_INPUT_IMPROPER,CONCURRENT,EVT:CONTROL_INPUT_IMPROPER,13
EVT:CONTROL_INPUT_IMPROPER,CONTRIBUTES_TO,EVT:CONTROL_INPUT_IMPROPER,4
EVT:CONTROL_INPUT_IMPROPER,PRECEDES,EVT:CONTROL_INPUT_IMPROPER,7
EVT:CONTROL_INPUT_IMPROPER,CONTRIBUTES_TO,COND:physical,1
EVT:CONTROL_INPUT_IMPROPER,UNDER_CONDITION,COND:physical,1
EVT:CONTROL_INPUT_IMPROPER,TRIGGERS,EVT:DECISION_INAPPROPRIATE,9
EVT:CONTROL_INPUT_IMPROPER,CAUSES,EVT:DECISION_INAPPROPRIATE,15
EVT:CONTROL_INPUT_IMPROPER,CONCURRENT,EVT:DECISION_INAPPROPRIATE,2
EVT:CONTROL_INPUT_IMPROPER,RESPONDS_TO,EVT:DECISION_INAPPROPRIATE,2
EVT:CONTROL_INPUT_IMPROPER,CONTRIBUTES_TO,EVT:DECISION_INAPPROPRIATE,2
EVT:CONTROL_INPUT_IMPROPER,RESPONDS_TO,EVT:BRAKE_ANOMALY,1
EVT:CONTROL_INPUT_IMPROPER,PREVENTS,EVT:CONTROL_SURFACE_ANOMALY,1
EVT:CONTROL_INPUT_IMPROPER,TRIGGERS,EVT:CONTROL_SURFACE_ANOMALY,1
EVT:CONTROL_INPUT_IMPROPER,CAUSES,EVT:CONTROL_SURFACE_ANOMALY,4
EVT:CONTROL_INPUT_IMPROPER,CONTRIBUTES_TO,EVT:CONTROL_SURFACE_ANOMALY,1
EVT:CONTROL_INPUT_IMPROPER,CAUSES,EVT:STRUCTURAL_OVERLOAD,8
EVT:CONTROL_INPUT_IMPROPER,CONTRIBUTES_TO,EVT:STRUCTURAL_OVERLOAD,1
EVT:CONTROL_INPUT_IMPROPER,INHIBITS,EVT:STRUCTURAL_OVERLOAD,1
EVT:CONTROL_INPUT_IMPROPER,CAUSES,EVT:EMERGENCY_LANDING,5
EVT:CONTROL_INPUT_IMPROPER,PRECEDES,EVT:EMERGENCY_LANDING,1
EVT:CONTROL_INPUT_IMPROPER,INDUCED_CONDITION,COND:spatial,3
EVT:CONTROL_INPUT_IMPROPER,CAUSES,COND:spatial,3
EVT:CONTROL_INPUT_IMPROPER,CAUSES,EVT:TIRE_FAILURE,1
EVT:CONTROL_INPUT_IMPROPER,CAUSES,EVT:INFLIGHT_FIRE_OR_SMOKE,1
EVT:CONTROL_INPUT_IMPROPER,CAUSES,EVT:AIRFRAME_STRUCTURAL_FAILURE,4
EVT:CONTROL_INPUT_IMPROPER,UNDER_CONDITION,COND:obstacle,1
EVT:CONTROL_INPUT_IMPROPER,CAUSES,EVT:PERCEPTION_FAILURE,11
EVT:CONTROL_INPUT_IMPROPER,CONTRIBUTES_TO,EVT:PERCEPTION_FAILURE,4
EVT:CONTROL_INPUT_IMPROPER,TRIGGERS,EVT:PERCEPTION_FAILURE,3
EVT:CONTROL_INPUT_IMPROPER,CONCURRENT,EVT:PERCEPTION_FAILURE,1
EVT:CONTROL_INPUT_IMPROPER,RESPONDS_TO,EVT:PERCEPTION_FAILURE,1
EVT:CONTROL_INPUT_IMPROPER,UNDER_CONDITION,COND:knowledge,1
EVT:CONTROL_INPUT_IMPROPER,CAUSES,EVT:FUEL_SYSTEM_ANOMALY,1
EVT:CONTROL_INPUT_IMPROPER,CAUSES,EVT:GROUND_COLLISION,4
EVT:CONTROL_INPUT_IMPROPER,CAUSES,EVT:AUTOMATION_ANOMALY,2
EVT:CONTROL_INPUT_IMPROPER,UNDER_CONDITION,COND:weight,1
EVT:CONTROL_INPUT_IMPROPER,CONCURRENT,EVT:WIND_SHEAR_OR_GUST,3
EVT:CONTROL_INPUT_IMPROPER,ENABLES,EVT:WIND_SHEAR_OR_GUST,1
EVT:CONTROL_INPUT_IMPROPER,CAUSES,EVT:WIND_SHEAR_OR_GUST,1
EVT:CONTROL_INPUT_IMPROPER,TRIGGERS,EVT:BRAKE_FAILURE,2
EVT:CONTROL_INPUT_IMPROPER,CAUSES,EVT:BRAKE_FAILURE,1
EVT:CONTROL_INPUT_IMPROPER,INDUCED_CONDITION,COND:instrument,1
EVT:CONTROL_INPUT_IMPROPER,CAUSES,EVT:RUNWAY_CONDITION_HAZARD,2
EVT:CONTROL_INPUT_IMPROPER,TRIGGERS,EVT:RUNWAY_CONDITION_HAZARD,1
EVT:CONTROL_INPUT_IMPROPER,CAUSES,COND:information,1
EVT:CONTROL_INPUT_IMPROPER,UNDER_CONDITION,COND:aircraft_state,1
EVT:CONTROL_INPUT_IMPROPER,INDUCED_CONDITION,COND:aircraft_state,2
EVT:CONTROL_INPUT_IMPROPER,CAUSES,COND:aircraft_state,1
EVT:CONTROL_INPUT_IMPROPER,CAUSES,EVT:WATER_IMPACT,3
EVT:CONTROL_INPUT_IMPROPER,CONTRIBUTES_TO,EVT:WATER_IMPACT,3
EVT:CONTROL_INPUT_IMPROPER,CAUSES,EVT:TURBULENCE_ENCOUNTER,2
EVT:CONTROL_INPUT_IMPROPER,CAUSES,COND:position,1
EVT:CONTROL_INPUT_IMPROPER,CONCURRENT,COND:operational,1
EVT:CONTROL_INPUT_IMPROPER,INDUCED_CONDITION,COND:operational,1
EVT:CONTROL_INPUT_IMPROPER,UNDER_CONDITION,COND:organizational,1
EVT:CONTROL_INPUT_IMPROPER,CAUSES,EVT:GROUND_LOS,1
EVT:CONTROL_INPUT_IMPROPER,INDUCED_CONDITION,COND:configuration,1
EVT:CONTROL_INPUT_IMPROPER,UNDER_CONDITION,COND:runway,2
EVT:CONTROL_INPUT_IMPROPER,INDUCED_CONDITION,COND:other,1
EVT:CONTROL_INPUT_IMPROPER,INDUCED_CONDITION,COND:procedural,1
EVT:CONTROL_INPUT_IMPROPER,CAUSES,COND:traffic_situation,1
EVT:CONTROL_INPUT_IMPROPER,CAUSES,EVT:INJURY_OR_FATALITY,2
EVT:CONTROL_INPUT_IMPROPER,UNDER_CONDITION,COND:human_factors,1
EVT:CONTROL_INPUT_IMPROPER,INDUCED_CONDITION,COND:human_factors,1
EVT:CONTROL_INPUT_IMPROPER,UNDER_CONDITION,COND:human_factor,1
EVT:CONTROL_INPUT_IMPROPER,UNDER_CONDITION,COND:human,1
EVT:CONTROL_INPUT_IMPROPER,CONTRIBUTES_TO,EVT:BIRD_OR_WILDLIFE_STRIKE,1
EVT:CONTROL_INPUT_IMPROPER,CONCURRENT,EVT:BIRD_OR_WILDLIFE_STRIKE,1
EVT:CONTROL_INPUT_IMPROPER,TRIGGERS,EVT:BRAKE_SYSTEM_FAILURE,1
EVT:CONTROL_INPUT_IMPROPER,AFFECTED_BY,ENT:component,1
EVT:CONTROL_INPUT_IMPROPER,CAUSES,EVT:LOW_VISIBILITY_OR_IMC,1
EVT:CONTROL_INPUT_IMPROPER,CAUSES,EVT:SPATIAL_DISORIENTATION,1
EVT:CONTROL_INPUT_IMPROPER,UNDER_CONDITION,COND:situational_awareness,1
EVT:CONTROL_INPUT_IMPROPER,INDUCED_CONDITION,COND:situational_awareness,1
EVT:CONTROL_INPUT_IMPROPER,CAUSES,EVT:JET_BLAST_ENCOUNTER,1
EVT:CONTROL_INPUT_IMPROPER,UNDER_CONDITION,ENT:aircraft,1
EVT:CONTROL_INPUT_IMPROPER,INDUCED_CONDITION,COND:aircraft_configuration,1
COND:environmental,UNDER_CONDITION,EVT:RUNWAY_EXCURSION_OR_OVERRUN,12
COND:environmental,ENABLES,EVT:RUNWAY_EXCURSION_OR_OVERRUN,3
COND:environmental,CAUSES,EVT:RUNWAY_EXCURSION_OR_OVERRUN,19
COND:environmental,CONTRIBUTES_TO,EVT:RUNWAY_EXCURSION_OR_OVERRUN,5
COND:environmental,CAUSES,COND:cognitive,1
COND:environmental,CAUSES,EVT:GROUND_IMPACT,23
COND:environmental,CONTRIBUTES_TO,EVT:GROUND_IMPACT,10
COND:environmental,ENABLES,EVT:GROUND_IMPACT,9
COND:environmental,UNDER_CONDITION,EVT:GROUND_IMPACT,12
COND:environmental,MITIGATES,EVT:GROUND_IMPACT,1
COND:environmental,ENABLES,EVT:ENGINE_FAILURE,1
COND:environmental,CAUSES,EVT:ENGINE_FAILURE,4
COND:environmental,CONTRIBUTES_TO,EVT:ENGINE_FAILURE,3
COND:environmental,CONTRIBUTES_TO,EVT:PERCEPTION_FAILURE,16
COND:environmental,CAUSES,EVT:PERCEPTION_FAILURE,30
COND:environmental,MASKED_BY_CONDITION,EVT:PERCEPTION_FAILURE,9
COND:environmental,ENABLES,EVT:PERCEPTION_FAILURE,2
COND:environmental,UNDER_CONDITION,EVT:PERCEPTION_FAILURE,24
COND:environmental,INHIBITS,EVT:PERCEPTION_FAILURE,6
COND:environmental,CAUSES,EVT:EMERGENCY_LANDING,2
COND:environmental,UNDER_CONDITION,EVT:EMERGENCY_LANDING,1
COND:environmental,CONTRIBUTES_TO,EVT:EMERGENCY_LANDING,1
COND:environmental,UNDER_CONDITION,EVT:PROCEDURE_NOT_FOLLOWED,8
COND:environmental,CONTRIBUTES_TO,EVT:PROCEDURE_NOT_FOLLOWED,5
COND:environmental,CAUSES,EVT:PROCEDURE_NOT_FOLLOWED,11
COND:environmental,TRIGGERS,EVT:PROCEDURE_NOT_FOLLOWED,2
COND:environmental,RESPONDS_TO,EVT:PROCEDURE_NOT_FOLLOWED,1
COND:environmental,ENABLES,EVT:PROCEDURE_NOT_FOLLOWED,2
COND:environmental,ENABLES,EVT:DECISION_INAPPROPRIATE,7
COND:environmental,CAUSES,EVT:DECISION_INAPPROPRIATE,18
COND:environmental,RESPONDS_TO,EVT:DECISION_INAPPROPRIATE,1
COND:environmental,TRIGGERS,EVT:DECISION_INAPPROPRIATE,5
COND:environmental,UNDER_CONDITION,EVT:DECISION_INAPPROPRIATE,10
COND:environmental,CONTRIBUTES_TO,EVT:DECISION_INAPPROPRIATE,5
COND:environmental,INHIBITS,EVT:DECISION_INAPPROPRIATE,2
COND:environmental,CAUSES,EVT:WIND_SHEAR_OR_GUST,3
COND:environmental,UNDER_CONDITION,EVT:WIND_SHEAR_OR_GUST,1
COND:environmental,CAUSES,COND:mechanical,12
COND:environmental,ENABLES,COND:mechanical,1
COND:environmental,CONTRIBUTES_TO,COND:mechanical,3
COND:environmental,MASKED_BY_CONDITION,COND:mechanical,1
COND:environmental,CONCURRENT,COND:mechanical,1
COND:environmental,TRIGGERS,EVT:CONTROL_INPUT_IMPROPER,6
COND:environmental,CONTRIBUTES_TO,EVT:CONTROL_INPUT_IMPROPER,18
COND:environmental,UNDER_CONDITION,EVT:CONTROL_INPUT_IMPROPER,4
COND:environmental,CAUSES,EVT:CONTROL_INPUT_IMPROPER,11
COND:environmental,RESPONDS_TO,EVT:CONTROL_INPUT_IMPROPER,1
COND:environmental,ENABLES,EVT:CONTROL_INPUT_IMPROPER,1
COND:environmental,MASKED_BY_CONDITION,EVT:CONTROL_INPUT_IMPROPER,1
COND:environmental,UNDER_CONDITION,EVT:TERRAIN_OR_OBSTACLE_PROXIMITY,9
COND:environmental,CAUSES,EVT:TERRAIN_OR_OBSTACLE_PROXIMITY,5
COND:environmental,ENABLES,EVT:TERRAIN_OR_OBSTACLE_PROXIMITY,4
COND:environmental,CAUSES,EVT:STRUCTURAL_OVERLOAD,2
COND:environmental,CAUSES,EVT:SUCCESSFUL_RECOVERY,1
COND:environmental,UNDER_CONDITION,EVT:JET_BLAST_ENCOUNTER,1
COND:environmental,CAUSES,EVT:LOSS_OF_CONTROL_GROUND,7
COND:environmental,CONTRIBUTES_TO,EVT:LOSS_OF_CONTROL_GROUND,14
COND:environmental,UNDER_CONDITION,EVT:LOSS_OF_CONTROL_GROUND,5
COND:environmental,ENABLES,EVT:LOSS_OF_CONTROL_GROUND,1
COND:environmental,UNDER_CONDITION,EVT:GROUND_COLLISION,1
COND:environmental,ENABLES,COND:environmental,3
COND:environmental,CAUSES,COND:environmental,5
COND:environmental,UNDER_CONDITION,EVT:BIRD_OR_WILDLIFE_STRIKE,4
COND:environmental,CAUSES,EVT:BIRD_OR_WILDLIFE_STRIKE,4
COND:environmental,ENABLES,EVT:BIRD_OR_WILDLIFE_STRIKE,2
COND:environmental,CAUSES,EVT:STALL,2
COND:environmental,CONTRIBUTES_TO,EVT:STALL,2
COND:environmental,CAUSES,EVT:LOSS_OF_CONTROL_INFLIGHT,9
COND:environmental,UNDER_CONDITION,EVT:LOSS_OF_CONTROL_INFLIGHT,2
COND:environmental,CONTRIBUTES_TO,EVT:LOSS_OF_CONTROL_INFLIGHT,3
COND:environmental,CAUSES,COND:spatial,2
COND:environmental,UNDER_CONDITION,EVT:ALTITUDE_DEVIATION_UNCONTROLLED,3
COND:environmental,CONTRIBUTES_TO,EVT:ALTITUDE_DEVIATION_UNCONTROLLED,2
COND:environmental,CAUSES,EVT:ALTITUDE_DEVIATION_UNCONTROLLED,1
COND:environmental,CONTRIBUTES_TO,COND:human_factors,2
COND:environmental,CAUSES,COND:human_factors,1
COND:environmental,CAUSES,COND:physiological,3
COND:environmental,CONTRIBUTES_TO,COND:physiological,1
COND:environmental,UNDER_CONDITION,EVT:ICING_ENCOUNTER,1
COND:environmental,UNDER_CONDITION,EVT:TAXIING,1
COND:environmental,UNDER_CONDITION,EVT:TURBULENCE_ENCOUNTER,1
COND:environmental,CAUSES,EVT:LANDING_GEAR_ANOMALY,3
COND:environmental,CAUSES,EVT:INFLIGHT_FIRE_OR_SMOKE,1
COND:environmental,CONTRIBUTES_TO,COND:perceptual,1
COND:environmental,CAUSES,COND:perceptual,1
COND:environmental,UNDER_CONDITION,EVT:RUNWAY_CONDITION_HAZARD,6
COND:environmental,CAUSES,EVT:RUNWAY_CONDITION_HAZARD,1
COND:environmental,CONTRIBUTES_TO,COND:operational,1
COND:environmental,CAUSES,EVT:LOW_VISIBILITY_OR_IMC,2
COND:environmental,CAUSES,COND:human,1
COND:environmental,CAUSES,COND:fuel_state,1
COND:environmental,CAUSES,COND:organizational,1
COND:environmental,CONTRIBUTES_TO,EVT:GROUND_INJURY,1
COND:environmental,ENABLES,EVT:GROUND_PERSONNEL_ERROR,2
COND:environmental,CAUSES,EVT:INSTRUMENT_OR_AVIONICS_FAILURE,1
COND:environmental,CAUSES,COND:situational_awareness,1
COND:environmental,CAUSES,EVT:SPATIAL_DISORIENTATION,4
COND:environmental,CONTRIBUTES_TO,EVT:ABORTED_TAKEOFF,1
COND:environmental,CAUSES,EVT:INFLIGHT_BREAKUP,1
COND:environmental,CONTRIBUTES_TO,COND:human_factor,1
COND:environmental,CAUSES,EVT:AIRFRAME_STRUCTURAL_FAILURE,1
COND:environmental,CONTRIBUTES_TO,COND:aerodynamic,1
COND:environmental,CONCURRENT,COND:aerodynamic,1
COND:environmental,ENABLES,EVT:GROUND_INCIDENT,1
EVT:RUNWAY_EXCURSION_OR_OVERRUN,CAUSES,EVT:STRUCTURAL_OVERLOAD,16
EVT:RUNWAY_EXCURSION_OR_OVERRUN,CONTRIBUTES_TO,EVT:STRUCTURAL_OVERLOAD,1
EVT:RUNWAY_EXCURSION_OR_OVERRUN,RESPONDS_TO,EVT:CONTROL_INPUT_IMPROPER,26
EVT:RUNWAY_EXCURSION_OR_OVERRUN,CAUSES,EVT:CONTROL_INPUT_IMPROPER,5
EVT:RUNWAY_EXCURSION_OR_OVERRUN,PRECEDES,EVT:CONTROL_INPUT_IMPROPER,6
EVT:RUNWAY_EXCURSION_OR_OVERRUN,TRIGGERS,EVT:CONTROL_INPUT_IMPROPER,17
EVT:RUNWAY_EXCURSION_OR_OVERRUN,CONCURRENT,EVT:CONTROL_INPUT_IMPROPER,3
EVT:RUNWAY_EXCURSION_OR_OVERRUN,UNDER_CONDITION,EVT:CONTROL_INPUT_IMPROPER,1
EVT:RUNWAY_EXCURSION_OR_OVERRUN,CONTRIBUTES_TO,EVT:CONTROL_INPUT_IMPROPER,1
EVT:RUNWAY_EXCURSION_OR_OVERRUN,CAUSES,EVT:GROUND_IMPACT,242
EVT:RUNWAY_EXCURSION_OR_OVERRUN,CONCURRENT,EVT:GROUND_IMPACT,4
EVT:RUNWAY_EXCURSION_OR_OVERRUN,PRECEDES,EVT:GROUND_IMPACT,1
EVT:RUNWAY_EXCURSION_OR_OVERRUN,CONTRIBUTES_TO,EVT:GROUND_IMPACT,2
EVT:RUNWAY_EXCURSION_OR_OVERRUN,TRIGGERS,EVT:GROUND_IMPACT,1
EVT:RUNWAY_EXCURSION_OR_OVERRUN,TRIGGERS,EVT:LOSS_OF_CONTROL_GROUND,4
EVT:RUNWAY_EXCURSION_OR_OVERRUN,CAUSES,EVT:LOSS_OF_CONTROL_GROUND,21
EVT:RUNWAY_EXCURSION_OR_OVERRUN,CONTRIBUTES_TO,EVT:LOSS_OF_CONTROL_GROUND,2
EVT:RUNWAY_EXCURSION_OR_OVERRUN,UNDER_CONDITION,COND:environmental,45
EVT:RUNWAY_EXCURSION_OR_OVERRUN,ENABLES,COND:environmental,2
EVT:RUNWAY_EXCURSION_OR_OVERRUN,CAUSES,EVT:LANDING_GEAR_ANOMALY,33
EVT:RUNWAY_EXCURSION_OR_OVERRUN,CONCURRENT,EVT:LANDING_GEAR_ANOMALY,1
EVT:RUNWAY_EXCURSION_OR_OVERRUN,TRIGGERS,EVT:LANDING_GEAR_ANOMALY,4
EVT:RUNWAY_EXCURSION_OR_OVERRUN,CONCURRENT,EVT:BIRD_OR_WILDLIFE_STRIKE,1
EVT:RUNWAY_EXCURSION_OR_OVERRUN,PRECEDES,EVT:BIRD_OR_WILDLIFE_STRIKE,1
EVT:RUNWAY_EXCURSION_OR_OVERRUN,CAUSES,EVT:RUNWAY_EXCURSION_OR_OVERRUN,30
EVT:RUNWAY_EXCURSION_OR_OVERRUN,UNDER_CONDITION,COND:surface,11
EVT:RUNWAY_EXCURSION_OR_OVERRUN,RESPONDS_TO,EVT:DECISION_INAPPROPRIATE,5
EVT:RUNWAY_EXCURSION_OR_OVERRUN,TRIGGERS,EVT:DECISION_INAPPROPRIATE,10
EVT:RUNWAY_EXCURSION_OR_OVERRUN,CAUSES,EVT:DECISION_INAPPROPRIATE,3
EVT:RUNWAY_EXCURSION_OR_OVERRUN,CAUSES,EVT:AIRFRAME_STRUCTURAL_FAILURE,16
EVT:RUNWAY_EXCURSION_OR_OVERRUN,CAUSES,EVT:FUEL_SYSTEM_ANOMALY,1
EVT:RUNWAY_EXCURSION_OR_OVERRUN,CAUSES,EVT:PROCEDURE_NOT_FOLLOWED,2
EVT:RUNWAY_EXCURSION_OR_OVERRUN,TRIGGERS,EVT:PROCEDURE_NOT_FOLLOWED,3
EVT:RUNWAY_EXCURSION_OR_OVERRUN,RESPONDS_TO,EVT:PROCEDURE_NOT_FOLLOWED,7
EVT:RUNWAY_EXCURSION_OR_OVERRUN,UNDER_CONDITION,COND:ground_condition,1
EVT:RUNWAY_EXCURSION_OR_OVERRUN,UNDER_CONDITION,COND:mechanical,9
EVT:RUNWAY_EXCURSION_OR_OVERRUN,CAUSES,COND:mechanical,7
EVT:RUNWAY_EXCURSION_OR_OVERRUN,INDUCED_CONDITION,COND:mechanical,3
EVT:RUNWAY_EXCURSION_OR_OVERRUN,CAUSES,EVT:SUCCESSFUL_RECOVERY,7
EVT:RUNWAY_EXCURSION_OR_OVERRUN,RESPONDS_TO,EVT:SUCCESSFUL_RECOVERY,2
EVT:RUNWAY_EXCURSION_OR_OVERRUN,TRIGGERS,EVT:SUCCESSFUL_RECOVERY,1
EVT:RUNWAY_EXCURSION_OR_OVERRUN,UNDER_CONDITION,COND:terrain,3
EVT:RUNWAY_EXCURSION_OR_OVERRUN,UNDER_CONDITION,COND:weather,19
EVT:RUNWAY_EXCURSION_OR_OVERRUN,CAUSES,EVT:INJURY_OR_FATALITY,6
EVT:RUNWAY_EXCURSION_OR_OVERRUN,CAUSES,EVT:GROUND_CONTROL_LOSS,1
EVT:RUNWAY_EXCURSION_OR_OVERRUN,CAUSES,EVT:INFLIGHT_FIRE_OR_SMOKE,2
EVT:RUNWAY_EXCURSION_OR_OVERRUN,CAUSES,EVT:AUTOMATION_ANOMALY,1
EVT:RUNWAY_EXCURSION_OR_OVERRUN,CAUSES,EVT:WATER_IMPACT,1
EVT:RUNWAY_EXCURSION_OR_OVERRUN,PRECEDES,EVT:WIND_SHEAR_OR_GUST,2
EVT:RUNWAY_EXCURSION_OR_OVERRUN,CONCURRENT,EVT:WIND_SHEAR_OR_GUST,1
EVT:RUNWAY_EXCURSION_OR_OVERRUN,UNDER_CONDITION,COND:location,2
EVT:RUNWAY_EXCURSION_OR_OVERRUN,MASKED_BY_CONDITION,EVT:PERCEPTION_FAILURE,1
EVT:RUNWAY_EXCURSION_OR_OVERRUN,AFFECTS,ENT:aircraft,1
EVT:RUNWAY_EXCURSION_OR_OVERRUN,INDUCED_CONDITION,COND:aerodynamic,4
EVT:RUNWAY_EXCURSION_OR_OVERRUN,CAUSES,COND:aerodynamic,1
EVT:RUNWAY_EXCURSION_OR_OVERRUN,CONCURRENT,EVT:ENGINE_FAILURE,1
EVT:RUNWAY_EXCURSION_OR_OVERRUN,UNDER_CONDITION,COND:ground,1
EVT:RUNWAY_EXCURSION_OR_OVERRUN,CAUSES,EVT:RUNWAY_CONDITION_HAZARD,1
EVT:RUNWAY_EXCURSION_OR_OVERRUN,TRIGGERS,EVT:LOSS_OF_CONTROL_INFLIGHT,1
EVT:RUNWAY_EXCURSION_OR_OVERRUN,CAUSES,EVT:GROUND_DAMAGE,1
EVT:RUNWAY_EXCURSION_OR_OVERRUN,UNDER_CONDITION,COND:other,1
EVT:RUNWAY_EXCURSION_OR_OVERRUN,UNDER_CONDITION,COND:infrastructure,1
EVT:STRUCTURAL_OVERLOAD,CAUSES,EVT:INFLIGHT_FIRE_OR_SMOKE,1
EVT:STRUCTURAL_OVERLOAD,CAUSES,EVT:INJURY_OR_FATALITY,11
EVT:STRUCTURAL_OVERLOAD,CAUSES,ENT:aircraft,3
EVT:STRUCTURAL_OVERLOAD,CAUSES,EVT:RUNWAY_EXCURSION_OR_OVERRUN,6
EVT:STRUCTURAL_OVERLOAD,CAUSES,EVT:SUCCESSFUL_RECOVERY,1
EVT:STRUCTURAL_OVERLOAD,CAUSES,EVT:GROUND_IMPACT,20
EVT:STRUCTURAL_OVERLOAD,CAUSES,EVT:AIRFRAME_STRUCTURAL_FAILURE,6
EVT:STRUCTURAL_OVERLOAD,CAUSES,EVT:PILOT_INCAPACITATION_OR_IMPAIRMENT,1
EVT:STRUCTURAL_OVERLOAD,TRIGGERS,EVT:DECISION_INAPPROPRIATE,1
EVT:STRUCTURAL_OVERLOAD,RESPONDS_TO,EVT:CONTROL_INPUT_IMPROPER,2
EVT:STRUCTURAL_OVERLOAD,CAUSES,EVT:WATER_IMPACT,2
EVT:STRUCTURAL_OVERLOAD,CAUSES,EVT:INFLIGHT_BREAKUP,3
EVT:STRUCTURAL_OVERLOAD,INDUCED_CONDITION,COND:mechanical,3
EVT:STRUCTURAL_OVERLOAD,UNDER_CONDITION,COND:mechanical,1
EVT:STRUCTURAL_OVERLOAD,CAUSES,EVT:LOSS_OF_CONTROL_GROUND,1
EVT:STRUCTURAL_OVERLOAD,CAUSES,EVT:LOSS_OF_CONTROL_INFLIGHT,1
EVT:STRUCTURAL_OVERLOAD,CAUSES,EVT:CONTROL_SURFACE_ANOMALY,1
COND:weather,UNDER_CONDITION,EVT:DECISION_INAPPROPRIATE,15
COND:weather,CONTRIBUTES_TO,EVT:DECISION_INAPPROPRIATE,5
COND:weather,MASKED_BY_CONDITION,EVT:DECISION_INAPPROPRIATE,2
COND:weather,CAUSES,EVT:DECISION_INAPPROPRIATE,12
COND:weather,INHIBITS,EVT:DECISION_INAPPROPRIATE,1
COND:weather,ENABLES,EVT:DECISION_INAPPROPRIATE,3
COND:weather,TRIGGERS,EVT:DECISION_INAPPROPRIATE,1
COND:weather,CONTRIBUTES_TO,EVT:STALL,3
COND:weather,CAUSES,EVT:STALL,2
COND:weather,UNDER_CONDITION,EVT:TURBULENCE_ENCOUNTER,17
COND:weather,CAUSES,EVT:TURBULENCE_ENCOUNTER,7
COND:weather,UNDER_CONDITION,EVT:CONTROL_INPUT_IMPROPER,26
COND:weather,CAUSES,EVT:CONTROL_INPUT_IMPROPER,12
COND:weather,CONTRIBUTES_TO,EVT:CONTROL_INPUT_IMPROPER,17
COND:weather,TRIGGERS,EVT:CONTROL_INPUT_IMPROPER,2
COND:weather,CONCURRENT,COND:unknown,1
COND:weather,UNDER_CONDITION,EVT:WIND_SHEAR_OR_GUST,51
COND:weather,CAUSES,EVT:WIND_SHEAR_OR_GUST,25
COND:weather,UNDER_CONDITION,EVT:RUNWAY_EXCURSION_OR_OVERRUN,7
COND:weather,CONTRIBUTES_TO,EVT:RUNWAY_EXCURSION_OR_OVERRUN,12
COND:weather,CAUSES,EVT:RUNWAY_EXCURSION_OR_OVERRUN,12
COND:weather,ENABLES,EVT:RUNWAY_EXCURSION_OR_OVERRUN,1
COND:weather,CAUSES,EVT:SPATIAL_DISORIENTATION,6
COND:weather,CAUSES,COND:aerodynamic,7
COND:weather,CONTRIBUTES_TO,COND:aerodynamic,4
COND:weather,ENABLES,COND:aerodynamic,1
COND:weather,UNDER_CONDITION,EVT:LOW_VISIBILITY_OR_IMC,7
COND:weather,CAUSES,EVT:LOW_VISIBILITY_OR_IMC,1
COND:weather,CAUSES,EVT:INSTRUMENT_OR_AVIONICS_FAILURE,1
COND:weather,ENABLES,COND:situational_awareness,1
COND:weather,CAUSES,COND:situational_awareness,1
COND:weather,MASKED_BY_CONDITION,COND:situational_awareness,1
COND:weather,UNDER_CONDITION,EVT:RUNWAY_CONDITION_HAZARD,12
COND:weather,CONTRIBUTES_TO,EVT:RUNWAY_CONDITION_HAZARD,1
COND:weather,ENABLES,EVT:RUNWAY_CONDITION_HAZARD,1
COND:weather,CAUSES,EVT:GROUND_PERSONNEL_ERROR,1
COND:weather,ENABLES,EVT:GROUND_PERSONNEL_ERROR,1
COND:weather,CONTRIBUTES_TO,COND:operational,1
COND:weather,CAUSES,COND:operational,1
COND:weather,CAUSES,COND:mechanical,17
COND:weather,ENABLES,COND:mechanical,2
COND:weather,UNDER_CONDITION,COND:mechanical,1
COND:weather,CONTRIBUTES_TO,COND:mechanical,2
COND:weather,CAUSES,COND:spatial,5
COND:weather,CAUSES,EVT:PERCEPTION_FAILURE,7
COND:weather,UNDER_CONDITION,EVT:PERCEPTION_FAILURE,7
COND:weather,CONTRIBUTES_TO,EVT:PERCEPTION_FAILURE,3
COND:weather,MASKED_BY_CONDITION,EVT:PERCEPTION_FAILURE,1
COND:weather,CAUSES,EVT:LOSS_OF_CONTROL_GROUND,12
COND:weather,CONTRIBUTES_TO,EVT:LOSS_OF_CONTROL_GROUND,3
COND:weather,UNDER_CONDITION,EVT:LOSS_OF_CONTROL_GROUND,1
COND:weather,UNDER_CONDITION,EVT:ICING_ENCOUNTER,5
COND:weather,CAUSES,EVT:ICING_ENCOUNTER,2
COND:weather,INDUCED_CONDITION,EVT:ICING_ENCOUNTER,1
COND:weather,CONTRIBUTES_TO,EVT:GROUND_IMPACT,2
COND:weather,CAUSES,EVT:GROUND_IMPACT,3
COND:weather,UNDER_CONDITION,EVT:GROUND_IMPACT,1
COND:weather,CONTRIBUTES_TO,EVT:PROCEDURE_NOT_FOLLOWED,3
COND:weather,UNDER_CONDITION,EVT:PROCEDURE_NOT_FOLLOWED,6
COND:weather,CAUSES,EVT:PROCEDURE_NOT_FOLLOWED,4
COND:weather,CONTRIBUTES_TO,EVT:LOSS_OF_CONTROL_INFLIGHT,7
COND:weather,CAUSES,EVT:LOSS_OF_CONTROL_INFLIGHT,13
COND:weather,UNDER_CONDITION,EVT:LOSS_OF_CONTROL_INFLIGHT,6
COND:weather,CONTRIBUTES_TO,EVT:ENGINE_FAILURE,2
COND:weather,CAUSES,EVT:ENGINE_FAILURE,4
COND:weather,ENABLES,EVT:ENGINE_FAILURE,1
COND:weather,CAUSES,EVT:INJURY_OR_FATALITY,2
COND:weather,CAUSES,COND:physical,1
COND:weather,CAUSES,COND:runway,1
COND:weather,CAUSES,EVT:ALTITUDE_DEVIATION_UNCONTROLLED,5
COND:weather,CONTRIBUTES_TO,EVT:ALTITUDE_DEVIATION_UNCONTROLLED,1
COND:weather,UNDER_CONDITION,EVT:ALTITUDE_DEVIATION_UNCONTROLLED,2
COND:weather,CAUSES,COND:environmental,5
COND:weather,CAUSES,COND:visual,3
COND:weather,INHIBITS,EVT:SUCCESSFUL_RECOVERY,1
COND:weather,CAUSES,COND:runway_condition,1
COND:weather,CONTRIBUTES_TO,EVT:INFLIGHT_FIRE_OR_SMOKE,1
COND:weather,CAUSES,EVT:TERRAIN_OR_OBSTACLE_PROXIMITY,2
COND:weather,UNDER_CONDITION,EVT:TERRAIN_OR_OBSTACLE_PROXIMITY,1
COND:weather,CONTRIBUTES_TO,EVT:BRAKE_FAILURE,1
COND:weather,CONTRIBUTES_TO,EVT:LANDING_GEAR_ANOMALY,2
COND:weather,UNDER_CONDITION,EVT:DESCENT_BELOW_MINIMA,1
COND:weather,CONTRIBUTES_TO,EVT:AIRFRAME_STRUCTURAL_FAILURE,1
COND:weather,CONTRIBUTES_TO,COND:cognitive,1
COND:weather,CONTRIBUTES_TO,EVT:BRAKE_ANOMALY,1
COND:weather,CONTRIBUTES_TO,EVT:WATER_IMPACT,1
EVT:ENGINE_FAILURE,RESPONDS_TO,EVT:DECISION_INAPPROPRIATE,68
EVT:ENGINE_FAILURE,TRIGGERS,EVT:DECISION_INAPPROPRIATE,58
EVT:ENGINE_FAILURE,CAUSES,EVT:DECISION_INAPPROPRIATE,27
EVT:ENGINE_FAILURE,CONTRIBUTES_TO,EVT:DECISION_INAPPROPRIATE,1
EVT:ENGINE_FAILURE,CONCURRENT,EVT:DECISION_INAPPROPRIATE,1
EVT:ENGINE_FAILURE,CAUSES,EVT:STALL,9
EVT:ENGINE_FAILURE,CONTRIBUTES_TO,EVT:STALL,1
EVT:ENGINE_FAILURE,INDUCED_CONDITION,COND:mechanical,109
EVT:ENGINE_FAILURE,UNDER_CONDITION,COND:mechanical,72
EVT:ENGINE_FAILURE,CAUSES,COND:mechanical,17
EVT:ENGINE_FAILURE,CAUSES,EVT:EMERGENCY_LANDING,59
EVT:ENGINE_FAILURE,RESPONDS_TO,EVT:EMERGENCY_LANDING,5
EVT:ENGINE_FAILURE,TRIGGERS,EVT:EMERGENCY_LANDING,1
EVT:ENGINE_FAILURE,RESPONDS_TO,EVT:CONTROL_INPUT_IMPROPER,46
EVT:ENGINE_FAILURE,TRIGGERS,EVT:CONTROL_INPUT_IMPROPER,19
EVT:ENGINE_FAILURE,CONTRIBUTES_TO,EVT:CONTROL_INPUT_IMPROPER,1
EVT:ENGINE_FAILURE,CAUSES,EVT:CONTROL_INPUT_IMPROPER,3
EVT:ENGINE_FAILURE,CONCURRENT,EVT:CONTROL_INPUT_IMPROPER,1
EVT:ENGINE_FAILURE,CAUSES,EVT:ENGINE_FAILURE,40
EVT:ENGINE_FAILURE,CONCURRENT,EVT:ENGINE_FAILURE,3
EVT:ENGINE_FAILURE,PRECEDES,EVT:ENGINE_FAILURE,1
EVT:ENGINE_FAILURE,RESPONDS_TO,EVT:PROCEDURE_NOT_FOLLOWED,127
EVT:ENGINE_FAILURE,TRIGGERS,EVT:PROCEDURE_NOT_FOLLOWED,27
EVT:ENGINE_FAILURE,CAUSES,EVT:PROCEDURE_NOT_FOLLOWED,1
EVT:ENGINE_FAILURE,CONTRIBUTES_TO,EVT:PROCEDURE_NOT_FOLLOWED,1
EVT:ENGINE_FAILURE,CAUSES,EVT:GROUND_IMPACT,127
EVT:ENGINE_FAILURE,CONTRIBUTES_TO,EVT:GROUND_IMPACT,9
EVT:ENGINE_FAILURE,UNDER_CONDITION,COND:environmental,34
EVT:ENGINE_FAILURE,INDUCED_CONDITION,COND:environmental,6
EVT:ENGINE_FAILURE,ENABLES,COND:environmental,2
EVT:ENGINE_FAILURE,CONCURRENT,COND:environmental,1
EVT:ENGINE_FAILURE,CAUSES,COND:environmental,2
EVT:ENGINE_FAILURE,CAUSES,EVT:INFLIGHT_FIRE_OR_SMOKE,7
EVT:ENGINE_FAILURE,CONCURRENT,EVT:INFLIGHT_FIRE_OR_SMOKE,1
EVT:ENGINE_FAILURE,CAUSES,EVT:PERCEPTION_FAILURE,3
EVT:ENGINE_FAILURE,TRIGGERS,EVT:PERCEPTION_FAILURE,8
EVT:ENGINE_FAILURE,RESPONDS_TO,EVT:PERCEPTION_FAILURE,2
EVT:ENGINE_FAILURE,CAUSES,EVT:RUNWAY_EXCURSION_OR_OVERRUN,11
EVT:ENGINE_FAILURE,CAUSES,EVT:LOSS_OF_CONTROL_GROUND,5
EVT:ENGINE_FAILURE,CONTRIBUTES_TO,EVT:LOSS_OF_CONTROL_GROUND,1
EVT:ENGINE_FAILURE,CAUSES,COND:operational,1
EVT:ENGINE_FAILURE,UNDER_CONDITION,COND:operational,2
EVT:ENGINE_FAILURE,INDUCED_CONDITION,COND:operational,1
EVT:ENGINE_FAILURE,CAUSES,EVT:LOSS_OF_CONTROL_INFLIGHT,30
EVT:ENGINE_FAILURE,CONTRIBUTES_TO,EVT:LOSS_OF_CONTROL_INFLIGHT,2
EVT:ENGINE_FAILURE,AFFECTS,ENT:component,1
EVT:ENGINE_FAILURE,UNDER_CONDITION,ENT:component,1
EVT:ENGINE_FAILURE,INDUCED_CONDITION,COND:cognitive,1
EVT:ENGINE_FAILURE,TRIGGERS,EVT:FUEL_SYSTEM_ANOMALY,1
EVT:ENGINE_FAILURE,CAUSES,EVT:FUEL_SYSTEM_ANOMALY,1
EVT:ENGINE_FAILURE,RESPONDS_TO,EVT:CREW_COORDINATION_FAILURE,2
EVT:ENGINE_FAILURE,TRIGGERS,EVT:CREW_COORDINATION_FAILURE,3
EVT:ENGINE_FAILURE,CAUSES,EVT:TERRAIN_OR_OBSTACLE_PROXIMITY,5
EVT:ENGINE_FAILURE,PRECEDES,EVT:TERRAIN_OR_OBSTACLE_PROXIMITY,1
EVT:ENGINE_FAILURE,INDUCED_CONDITION,COND:unknown,1
EVT:ENGINE_FAILURE,CAUSES,EVT:ALTITUDE_DEVIATION_UNCONTROLLED,11
EVT:ENGINE_FAILURE,CAUSES,EVT:WATER_IMPACT,16
EVT:ENGINE_FAILURE,UNDER_CONDITION,COND:weather,5
EVT:ENGINE_FAILURE,CAUSES,EVT:SUCCESSFUL_RECOVERY,4
EVT:ENGINE_FAILURE,RESPONDS_TO,EVT:SUCCESSFUL_RECOVERY,2
EVT:ENGINE_FAILURE,CONCURRENT,EVT:SUCCESSFUL_RECOVERY,1
EVT:ENGINE_FAILURE,CONTRIBUTES_TO,EVT:LANDING_GEAR_ANOMALY,1
EVT:ENGINE_FAILURE,CONCURRENT,EVT:LANDING_GEAR_ANOMALY,1
EVT:ENGINE_FAILURE,CAUSES,EVT:LANDING_GEAR_ANOMALY,1
EVT:ENGINE_FAILURE,TRIGGERS,EVT:PROCEDURE_FOLLOWED,1
EVT:ENGINE_FAILURE,RESPONDS_TO,EVT:PROCEDURE_FOLLOWED,2
EVT:ENGINE_FAILURE,CONTRIBUTES_TO,EVT:PILOT_INCAPACITATION_OR_IMPAIRMENT,1
EVT:ENGINE_FAILURE,CAUSES,EVT:INFLIGHT_BREAKUP,1
EVT:ENGINE_FAILURE,CAUSES,EVT:OFF_AIRPORT_LANDING,1
EVT:ENGINE_FAILURE,TRIGGERS,EVT:INSTRUMENT_OR_AVIONICS_FAILURE,1
EVT:ENGINE_FAILURE,CAUSES,EVT:INSTRUMENT_OR_AVIONICS_FAILURE,1
EVT:ENGINE_FAILURE,CAUSES,EVT:AIRFRAME_STRUCTURAL_FAILURE,2
EVT:ENGINE_FAILURE,AFFECTS,ENT:aircraft,1
EVT:ENGINE_FAILURE,CAUSES,EVT:GROUND_INJURY,1
EVT:ENGINE_FAILURE,CAUSES,COND:aerodynamic,2
EVT:ENGINE_FAILURE,INDUCED_CONDITION,COND:fuel,1
EVT:ENGINE_FAILURE,UNDER_CONDITION,COND:fuel_state,1
EVT:ENGINE_FAILURE,CAUSES,EVT:CONTROL_SURFACE_ANOMALY,1
EVT:ENGINE_FAILURE,CONTRIBUTES_TO,EVT:SPATIAL_DISORIENTATION,1
EVT:ENGINE_FAILURE,INDUCED_CONDITION,COND:state,1
EVT:STALL,CAUSES,EVT:GROUND_IMPACT,89
EVT:STALL,CAUSES,EVT:LOSS_OF_CONTROL_INFLIGHT,24
EVT:STALL,CONTRIBUTES_TO,EVT:LOSS_OF_CONTROL_INFLIGHT,1
EVT:STALL,CAUSES,EVT:TERRAIN_OR_OBSTACLE_PROXIMITY,7
EVT:STALL,CAUSES,EVT:RUNWAY_EXCURSION_OR_OVERRUN,4
EVT:STALL,CAUSES,EVT:CONTROL_INPUT_IMPROPER,3
EVT:STALL,RESPONDS_TO,EVT:CONTROL_INPUT_IMPROPER,9
EVT:STALL,TRIGGERS,EVT:CONTROL_INPUT_IMPROPER,2
EVT:STALL,CAUSES,EVT:LANDING_GEAR_ANOMALY,1
EVT:STALL,PRECEDES,EVT:PROCEDURE_NOT_FOLLOWED,1
EVT:STALL,RESPONDS_TO,EVT:PROCEDURE_NOT_FOLLOWED,2
EVT:STALL,TRIGGERS,EVT:PROCEDURE_NOT_FOLLOWED,3
EVT:STALL,CAUSES,EVT:ENGINE_FAILURE,1
EVT:STALL,TRIGGERS,EVT:DECISION_INAPPROPRIATE,2
EVT:STALL,RESPONDS_TO,EVT:DECISION_INAPPROPRIATE,3
EVT:STALL,INDUCED_CONDITION,COND:aerodynamic,7
EVT:STALL,UNDER_CONDITION,COND:aerodynamic,3
EVT:STALL,UNDER_CONDITION,COND:environmental,3
EVT:STALL,CAUSES,EVT:EMERGENCY_LANDING,1
EVT:STALL,UNDER_CONDITION,COND:weather,1
EVT:STALL,RESPONDS_TO,EVT:SUCCESSFUL_RECOVERY,1
EVT:STALL,CAUSES,EVT:ALTITUDE_DEVIATION_UNCONTROLLED,1
EVT:STALL,TRIGGERS,EVT:PERCEPTION_FAILURE,1
EVT:LOSS_OF_CONTROL_GROUND,CAUSES,EVT:RUNWAY_EXCURSION_OR_OVERRUN,85
EVT:LOSS_OF_CONTROL_GROUND,RESPONDS_TO,EVT:CONTROL_INPUT_IMPROPER,59
EVT:LOSS_OF_CONTROL_GROUND,TRIGGERS,EVT:CONTROL_INPUT_IMPROPER,6
EVT:LOSS_OF_CONTROL_GROUND,CAUSES,EVT:CONTROL_INPUT_IMPROPER,2
EVT:LOSS_OF_CONTROL_GROUND,CONTRIBUTES_TO,EVT:CONTROL_INPUT_IMPROPER,1
EVT:LOSS_OF_CONTROL_GROUND,UNDER_CONDITION,COND:mechanical,9
EVT:LOSS_OF_CONTROL_GROUND,INDUCED_CONDITION,COND:mechanical,1
EVT:LOSS_OF_CONTROL_GROUND,CAUSES,EVT:GROUND_IMPACT,152
EVT:LOSS_OF_CONTROL_GROUND,CONTRIBUTES_TO,EVT:GROUND_IMPACT,3
EVT:LOSS_OF_CONTROL_GROUND,CONCURRENT,EVT:GROUND_IMPACT,1
EVT:LOSS_OF_CONTROL_GROUND,PRECEDES,EVT:GROUND_IMPACT,1
EVT:LOSS_OF_CONTROL_GROUND,CAUSES,EVT:AIRFRAME_STRUCTURAL_FAILURE,5
EVT:LOSS_OF_CONTROL_GROUND,CONCURRENT,EVT:AIRFRAME_STRUCTURAL_FAILURE,1
EVT:LOSS_OF_CONTROL_GROUND,UNDER_CONDITION,COND:weather,8
EVT:LOSS_OF_CONTROL_GROUND,UNDER_CONDITION,COND:environmental,13
EVT:LOSS_OF_CONTROL_GROUND,INDUCED_CONDITION,COND:environmental,1
EVT:LOSS_OF_CONTROL_GROUND,CO_OCCURS,COND:environmental,1
EVT:LOSS_OF_CONTROL_GROUND,INDUCED_CONDITION,COND:physical,1
EVT:LOSS_OF_CONTROL_GROUND,UNDER_CONDITION,COND:physical,1
EVT:LOSS_OF_CONTROL_GROUND,TRIGGERS,EVT:CONTROL_SURFACE_ANOMALY,1
EVT:LOSS_OF_CONTROL_GROUND,INDUCED_CONDITION,COND:aerodynamic,8
EVT:LOSS_OF_CONTROL_GROUND,UNDER_CONDITION,COND:aerodynamic,2
EVT:LOSS_OF_CONTROL_GROUND,CAUSES,EVT:LANDING_GEAR_ANOMALY,14
EVT:LOSS_OF_CONTROL_GROUND,TRIGGERS,EVT:LANDING_GEAR_ANOMALY,1
EVT:LOSS_OF_CONTROL_GROUND,CAUSES,EVT:LOSS_OF_CONTROL_GROUND,8
EVT:LOSS_OF_CONTROL_GROUND,RESPONDS_TO,EVT:DECISION_INAPPROPRIATE,4
EVT:LOSS_OF_CONTROL_GROUND,CONCURRENT,EVT:DECISION_INAPPROPRIATE,1
EVT:LOSS_OF_CONTROL_GROUND,TRIGGERS,EVT:DECISION_INAPPROPRIATE,7
EVT:LOSS_OF_CONTROL_GROUND,CAUSES,EVT:TERRAIN_OR_OBSTACLE_PROXIMITY,2
EVT:LOSS_OF_CONTROL_GROUND,INDUCED_CONDITION,COND:human,1
EVT:LOSS_OF_CONTROL_GROUND,CAUSES,EVT:INJURY_OR_FATALITY,6
EVT:LOSS_OF_CONTROL_GROUND,CAUSES,EVT:STRUCTURAL_OVERLOAD,4
EVT:LOSS_OF_CONTROL_GROUND,RESPONDS_TO,EVT:CREW_COORDINATION_FAILURE,1
EVT:LOSS_OF_CONTROL_GROUND,TRIGGERS,EVT:CREW_COORDINATION_FAILURE,2
EVT:LOSS_OF_CONTROL_GROUND,RESPONDS_TO,EVT:PROCEDURE_NOT_FOLLOWED,7
EVT:LOSS_OF_CONTROL_GROUND,CONCURRENT,EVT:PROCEDURE_NOT_FOLLOWED,1
EVT:LOSS_OF_CONTROL_GROUND,TRIGGERS,EVT:PROCEDURE_NOT_FOLLOWED,1
EVT:LOSS_OF_CONTROL_GROUND,CAUSES,EVT:PROCEDURE_NOT_FOLLOWED,1
EVT:LOSS_OF_CONTROL_GROUND,CAUSES,EVT:STALL,2
EVT:LOSS_OF_CONTROL_GROUND,UNDER_CONDITION,COND:terrain,1
EVT:LOSS_OF_CONTROL_GROUND,CAUSES,EVT:WATER_IMPACT,1
EVT:LOSS_OF_CONTROL_GROUND,INDUCED_CONDITION,COND:aircraft_state,1
EVT:LOSS_OF_CONTROL_GROUND,INDUCED_CONDITION,COND:other,1
EVT:LOSS_OF_CONTROL_GROUND,CAUSES,ENT:aircraft,1
EVT:LOSS_OF_CONTROL_GROUND,RESPONDS_TO,EVT:SUCCESSFUL_RECOVERY,1
EVT:LOSS_OF_CONTROL_GROUND,PREVENTS,EVT:SUCCESSFUL_RECOVERY,1
EVT:LOSS_OF_CONTROL_GROUND,INDUCED_CONDITION,COND:operational,1
EVT:LOSS_OF_CONTROL_GROUND,UNDER_CONDITION,COND:procedural,1
COND:cognitive,UNDER_CONDITION,EVT:PERCEPTION_FAILURE,1
COND:cognitive,CAUSES,EVT:PERCEPTION_FAILURE,8
COND:cognitive,CONTRIBUTES_TO,EVT:PERCEPTION_FAILURE,2
COND:cognitive,CAUSES,EVT:GROUND_IMPACT,1
COND:cognitive,CONTRIBUTES_TO,EVT:GROUND_IMPACT,1
COND:cognitive,CAUSES,EVT:PROCEDURE_NOT_FOLLOWED,6
COND:cognitive,INHIBITS,EVT:PROCEDURE_NOT_FOLLOWED,1
COND:cognitive,CAUSES,EVT:CONTROL_INPUT_IMPROPER,5
COND:cognitive,IF_THEN,EVT:CONTROL_INPUT_IMPROPER,1
COND:cognitive,CAUSES,EVT:DECISION_INAPPROPRIATE,2
COND:cognitive,ENABLES,EVT:DECISION_INAPPROPRIATE,1
COND:cognitive,CAUSES,EVT:LANDING_GEAR_ANOMALY,1
EVT:PROCEDURE_NOT_FOLLOWED,CAUSES,EVT:GROUND_IMPACT,93
EVT:PROCEDURE_NOT_FOLLOWED,CONTRIBUTES_TO,EVT:GROUND_IMPACT,17
EVT:PROCEDURE_NOT_FOLLOWED,INHIBITS,EVT:GROUND_IMPACT,4
EVT:PROCEDURE_NOT_FOLLOWED,PRECEDES,EVT:GROUND_IMPACT,1
EVT:PROCEDURE_NOT_FOLLOWED,PREVENTS,EVT:GROUND_IMPACT,1
EVT:PROCEDURE_NOT_FOLLOWED,CONCURRENT,EVT:GROUND_IMPACT,1
EVT:PROCEDURE_NOT_FOLLOWED,CONTRIBUTES_TO,EVT:PERCEPTION_FAILURE,11
EVT:PROCEDURE_NOT_FOLLOWED,CONTEXT,EVT:PERCEPTION_FAILURE,1
EVT:PROCEDURE_NOT_FOLLOWED,CAUSES,EVT:PERCEPTION_FAILURE,22
EVT:PROCEDURE_NOT_FOLLOWED,CONCURRENT,EVT:PERCEPTION_FAILURE,3
EVT:PROCEDURE_NOT_FOLLOWED,TRIGGERS,EVT:PERCEPTION_FAILURE,1
EVT:PROCEDURE_NOT_FOLLOWED,PREVENTS,EVT:PERCEPTION_FAILURE,1
EVT:PROCEDURE_NOT_FOLLOWED,RESPONDS_TO,EVT:PERCEPTION_FAILURE,2
EVT:PROCEDURE_NOT_FOLLOWED,PRECEDES,EVT:PERCEPTION_FAILURE,2
EVT:PROCEDURE_NOT_FOLLOWED,CAUSES,EVT:EMERGENCY_LANDING,29
EVT:PROCEDURE_NOT_FOLLOWED,PRECEDES,EVT:EMERGENCY_LANDING,1
EVT:PROCEDURE_NOT_FOLLOWED,MITIGATES,EVT:EMERGENCY_LANDING,1
EVT:PROCEDURE_NOT_FOLLOWED,CONTRIBUTES_TO,EVT:EMERGENCY_LANDING,1
EVT:PROCEDURE_NOT_FOLLOWED,CAUSES,COND:procedural,8
EVT:PROCEDURE_NOT_FOLLOWED,INDUCED_CONDITION,COND:procedural,8
EVT:PROCEDURE_NOT_FOLLOWED,UNDER_CONDITION,COND:procedural,3
EVT:PROCEDURE_NOT_FOLLOWED,INHIBITS,COND:procedural,1
EVT:PROCEDURE_NOT_FOLLOWED,CAUSES,EVT:LANDING_GEAR_ANOMALY,21
EVT:PROCEDURE_NOT_FOLLOWED,RESPONDS_TO,EVT:LANDING_GEAR_ANOMALY,3
EVT:PROCEDURE_NOT_FOLLOWED,CONCURRENT,EVT:LANDING_GEAR_ANOMALY,1
EVT:PROCEDURE_NOT_FOLLOWED,CONTRIBUTES_TO,EVT:LANDING_GEAR_ANOMALY,10
EVT:PROCEDURE_NOT_FOLLOWED,MASKED_BY_CONDITION,EVT:LANDING_GEAR_ANOMALY,1
EVT:PROCEDURE_NOT_FOLLOWED,TRIGGERS,EVT:LANDING_GEAR_ANOMALY,4
EVT:PROCEDURE_NOT_FOLLOWED,ENABLES,EVT:LANDING_GEAR_ANOMALY,1
EVT:PROCEDURE_NOT_FOLLOWED,CAUSES,EVT:STALL,6
EVT:PROCEDURE_NOT_FOLLOWED,INHIBITS,EVT:STALL,1
EVT:PROCEDURE_NOT_FOLLOWED,PRECEDES,EVT:STALL,1
EVT:PROCEDURE_NOT_FOLLOWED,CONTRIBUTES_TO,EVT:STALL,3
EVT:PROCEDURE_NOT_FOLLOWED,CONCURRENT,EVT:DECISION_INAPPROPRIATE,5
EVT:PROCEDURE_NOT_FOLLOWED,CAUSES,EVT:DECISION_INAPPROPRIATE,25
EVT:PROCEDURE_NOT_FOLLOWED,TRIGGERS,EVT:DECISION_INAPPROPRIATE,5
EVT:PROCEDURE_NOT_FOLLOWED,CONTRIBUTES_TO,EVT:DECISION_INAPPROPRIATE,6
EVT:PROCEDURE_NOT_FOLLOWED,RESPONDS_TO,EVT:DECISION_INAPPROPRIATE,8
EVT:PROCEDURE_NOT_FOLLOWED,PRECEDES,EVT:DECISION_INAPPROPRIATE,3
EVT:PROCEDURE_NOT_FOLLOWED,PREVENTS,COND:mechanical,23
EVT:PROCEDURE_NOT_FOLLOWED,UNDER_CONDITION,COND:mechanical,18
EVT:PROCEDURE_NOT_FOLLOWED,INDUCED_CONDITION,COND:mechanical,47
EVT:PROCEDURE_NOT_FOLLOWED,INHIBITS,COND:mechanical,6
EVT:PROCEDURE_NOT_FOLLOWED,CAUSES,COND:mechanical,119
EVT:PROCEDURE_NOT_FOLLOWED,MASKED_BY_CONDITION,COND:mechanical,2
EVT:PROCEDURE_NOT_FOLLOWED,ENABLES,COND:mechanical,4
EVT:PROCEDURE_NOT_FOLLOWED,RESPONDS_TO,COND:mechanical,2
EVT:PROCEDURE_NOT_FOLLOWED,TRIGGERS,COND:mechanical,3
EVT:PROCEDURE_NOT_FOLLOWED,CONTRIBUTES_TO,COND:mechanical,5
EVT:PROCEDURE_NOT_FOLLOWED,DETECTS,COND:mechanical,1
EVT:PROCEDURE_NOT_FOLLOWED,MITIGATES,COND:mechanical,1
EVT:PROCEDURE_NOT_FOLLOWED,PREVENTS,COND:environmental,2
EVT:PROCEDURE_NOT_FOLLOWED,UNDER_CONDITION,COND:environmental,27
EVT:PROCEDURE_NOT_FOLLOWED,INDUCED_CONDITION,COND:environmental,5
EVT:PROCEDURE_NOT_FOLLOWED,CAUSES,COND:environmental,4
EVT:PROCEDURE_NOT_FOLLOWED,MITIGATES,COND:environmental,2
EVT:PROCEDURE_NOT_FOLLOWED,ENABLES,COND:environmental,1
EVT:PROCEDURE_NOT_FOLLOWED,RESPONDS_TO,COND:environmental,1
EVT:PROCEDURE_NOT_FOLLOWED,CONTRIBUTES_TO,COND:environmental,1
EVT:PROCEDURE_NOT_FOLLOWED,RESPONDS_TO,EVT:PROCEDURE_NOT_FOLLOWED,10
EVT:PROCEDURE_NOT_FOLLOWED,TRIGGERS,EVT:PROCEDURE_NOT_FOLLOWED,8
EVT:PROCEDURE_NOT_FOLLOWED,PRECEDES,EVT:PROCEDURE_NOT_FOLLOWED,10
EVT:PROCEDURE_NOT_FOLLOWED,CONTRIBUTES_TO,EVT:PROCEDURE_NOT_FOLLOWED,11
EVT:PROCEDURE_NOT_FOLLOWED,CONCURRENT,EVT:PROCEDURE_NOT_FOLLOWED,15
EVT:PROCEDURE_NOT_FOLLOWED,CAUSES,EVT:PROCEDURE_NOT_FOLLOWED,15
EVT:PROCEDURE_NOT_FOLLOWED,CONTEXT,EVT:PROCEDURE_NOT_FOLLOWED,1
EVT:PROCEDURE_NOT_FOLLOWED,CAUSES,EVT:SUCCESSFUL_RECOVERY,22
EVT:PROCEDURE_NOT_FOLLOWED,RESPONDS_TO,EVT:SUCCESSFUL_RECOVERY,2
EVT:PROCEDURE_NOT_FOLLOWED,CONTRIBUTES_TO,EVT:SUCCESSFUL_RECOVERY,2
EVT:PROCEDURE_NOT_FOLLOWED,ENABLES,EVT:SUCCESSFUL_RECOVERY,1
EVT:PROCEDURE_NOT_FOLLOWED,CAUSES,EVT:WATER_IMPACT,8
EVT:PROCEDURE_NOT_FOLLOWED,CAUSES,EVT:MIDAIR_COLLISION,4
EVT:PROCEDURE_NOT_FOLLOWED,ENABLES,EVT:MIDAIR_COLLISION,1
EVT:PROCEDURE_NOT_FOLLOWED,CONTRIBUTES_TO,EVT:MIDAIR_COLLISION,2
EVT:PROCEDURE_NOT_FOLLOWED,CAUSES,EVT:INFLIGHT_FIRE_OR_SMOKE,5
EVT:PROCEDURE_NOT_FOLLOWED,CONTRIBUTES_TO,EVT:INFLIGHT_FIRE_OR_SMOKE,3
EVT:PROCEDURE_NOT_FOLLOWED,TRIGGERS,EVT:INFLIGHT_FIRE_OR_SMOKE,1
EVT:PROCEDURE_NOT_FOLLOWED,UNDER_CONDITION,COND:aerodynamic,2
EVT:PROCEDURE_NOT_FOLLOWED,CAUSES,COND:aerodynamic,10
EVT:PROCEDURE_NOT_FOLLOWED,INDUCED_CONDITION,COND:aerodynamic,9
EVT:PROCEDURE_NOT_FOLLOWED,CONTRIBUTES_TO,COND:aerodynamic,2
EVT:PROCEDURE_NOT_FOLLOWED,CONTRIBUTES_TO,COND:situational_awareness,1
EVT:PROCEDURE_NOT_FOLLOWED,CAUSES,COND:situational_awareness,3
EVT:PROCEDURE_NOT_FOLLOWED,UNDER_CONDITION,COND:situational_awareness,1
EVT:PROCEDURE_NOT_FOLLOWED,INHIBITS,EVT:ENGINE_FAILURE,3
EVT:PROCEDURE_NOT_FOLLOWED,CONCURRENT,EVT:ENGINE_FAILURE,1
EVT:PROCEDURE_NOT_FOLLOWED,CONTRIBUTES_TO,EVT:ENGINE_FAILURE,10
EVT:PROCEDURE_NOT_FOLLOWED,RESPONDS_TO,EVT:ENGINE_FAILURE,5
EVT:PROCEDURE_NOT_FOLLOWED,CAUSES,EVT:ENGINE_FAILURE,29
EVT:PROCEDURE_NOT_FOLLOWED,TRIGGERS,EVT:ENGINE_FAILURE,1
EVT:PROCEDURE_NOT_FOLLOWED,MITIGATES,EVT:ENGINE_FAILURE,1
EVT:PROCEDURE_NOT_FOLLOWED,PREVENTS,EVT:ENGINE_FAILURE,3
EVT:PROCEDURE_NOT_FOLLOWED,RESPONDS_TO,EVT:INSTRUMENT_OR_AVIONICS_FAILURE,1
EVT:PROCEDURE_NOT_FOLLOWED,CAUSES,EVT:INSTRUMENT_OR_AVIONICS_FAILURE,1
EVT:PROCEDURE_NOT_FOLLOWED,TRIGGERS,EVT:INSTRUMENT_OR_AVIONICS_FAILURE,1
EVT:PROCEDURE_NOT_FOLLOWED,CONCURRENT,EVT:INSTRUMENT_OR_AVIONICS_FAILURE,1
EVT:PROCEDURE_NOT_FOLLOWED,CAUSES,EVT:ALTITUDE_DEVIATION_UNCONTROLLED,13
EVT:PROCEDURE_NOT_FOLLOWED,CONTRIBUTES_TO,EVT:ALTITUDE_DEVIATION_UNCONTROLLED,2
EVT:PROCEDURE_NOT_FOLLOWED,CONTEXT,EVT:ALTITUDE_DEVIATION_UNCONTROLLED,1
EVT:PROCEDURE_NOT_FOLLOWED,UNDER_CONDITION,COND:weather,13
EVT:PROCEDURE_NOT_FOLLOWED,ENABLES,COND:weather,1
EVT:PROCEDURE_NOT_FOLLOWED,CAUSES,EVT:CONTROL_SURFACE_ANOMALY,4
EVT:PROCEDURE_NOT_FOLLOWED,TRIGGERS,EVT:CONTROL_SURFACE_ANOMALY,2
EVT:PROCEDURE_NOT_FOLLOWED,INDUCED_CONDITION,COND:human_factors,3
EVT:PROCEDURE_NOT_FOLLOWED,CAUSES,COND:fuel_state,2
EVT:PROCEDURE_NOT_FOLLOWED,CONTRIBUTES_TO,COND:fuel_state,1
EVT:PROCEDURE_NOT_FOLLOWED,INDUCED_CONDITION,COND:fuel_state,1
EVT:PROCEDURE_NOT_FOLLOWED,CAUSES,EVT:LOSS_OF_CONTROL_INFLIGHT,16
EVT:PROCEDURE_NOT_FOLLOWED,CONTRIBUTES_TO,EVT:LOSS_OF_CONTROL_INFLIGHT,10
EVT:PROCEDURE_NOT_FOLLOWED,MITIGATES,EVT:LOSS_OF_CONTROL_INFLIGHT,1
EVT:PROCEDURE_NOT_FOLLOWED,RESPONDS_TO,EVT:LOSS_OF_CONTROL_INFLIGHT,1
EVT:PROCEDURE_NOT_FOLLOWED,CAUSES,EVT:TERRAIN_OR_OBSTACLE_PROXIMITY,8
EVT:PROCEDURE_NOT_FOLLOWED,CONTRIBUTES_TO,EVT:TERRAIN_OR_OBSTACLE_PROXIMITY,3
EVT:PROCEDURE_NOT_FOLLOWED,CAUSES,EVT:RUNWAY_EXCURSION_OR_OVERRUN,47
EVT:PROCEDURE_NOT_FOLLOWED,PRECEDES,EVT:RUNWAY_EXCURSION_OR_OVERRUN,1
EVT:PROCEDURE_NOT_FOLLOWED,CONTRIBUTES_TO,EVT:RUNWAY_EXCURSION_OR_OVERRUN,10
EVT:PROCEDURE_NOT_FOLLOWED,CONCURRENT,EVT:RUNWAY_EXCURSION_OR_OVERRUN,1
EVT:PROCEDURE_NOT_FOLLOWED,INDUCED_CONDITION,COND:cognitive,3
EVT:PROCEDURE_NOT_FOLLOWED,CAUSES,EVT:INFLIGHT_BREAKUP,1
EVT:PROCEDURE_NOT_FOLLOWED,RESPONDS_TO,EVT:CONTROL_INPUT_IMPROPER,4
EVT:PROCEDURE_NOT_FOLLOWED,CONTRIBUTES_TO,EVT:CONTROL_INPUT_IMPROPER,6
EVT:PROCEDURE_NOT_FOLLOWED,CAUSES,EVT:CONTROL_INPUT_IMPROPER,30
EVT:PROCEDURE_NOT_FOLLOWED,PRECEDES,EVT:CONTROL_INPUT_IMPROPER,7
EVT:PROCEDURE_NOT_FOLLOWED,TRIGGERS,EVT:CONTROL_INPUT_IMPROPER,3
EVT:PROCEDURE_NOT_FOLLOWED,CONCURRENT,EVT:CONTROL_INPUT_IMPROPER,9
EVT:PROCEDURE_NOT_FOLLOWED,ENABLES,EVT:CONTROL_INPUT_IMPROPER,1
EVT:PROCEDURE_NOT_FOLLOWED,INDUCED_CONDITION,COND:operational,1
EVT:PROCEDURE_NOT_FOLLOWED,CAUSES,COND:operational,3
EVT:PROCEDURE_NOT_FOLLOWED,UNDER_CONDITION,COND:operational,1
EVT:PROCEDURE_NOT_FOLLOWED,CONTRIBUTES_TO,COND:operational,1
EVT:PROCEDURE_NOT_FOLLOWED,CAUSES,EVT:LOSS_OF_CONTROL_GROUND,9
EVT:PROCEDURE_NOT_FOLLOWED,CONTRIBUTES_TO,EVT:LOSS_OF_CONTROL_GROUND,3
EVT:PROCEDURE_NOT_FOLLOWED,TRIGGERS,EVT:LOSS_OF_CONTROL_GROUND,1
EVT:PROCEDURE_NOT_FOLLOWED,RESPONDS_TO,EVT:LOSS_OF_CONTROL_GROUND,1
EVT:PROCEDURE_NOT_FOLLOWED,CAUSES,COND:organizational,4
EVT:PROCEDURE_NOT_FOLLOWED,INDUCED_CONDITION,COND:organizational,2
EVT:PROCEDURE_NOT_FOLLOWED,CONTRIBUTES_TO,COND:organizational,1
EVT:PROCEDURE_NOT_FOLLOWED,CONCURRENT,COND:organizational,1
EVT:PROCEDURE_NOT_FOLLOWED,CAUSES,EVT:GROUND_PERSONNEL_ERROR,3
EVT:PROCEDURE_NOT_FOLLOWED,INHIBITS,EVT:INJURY_OR_FATALITY,1
EVT:PROCEDURE_NOT_FOLLOWED,CONTRIBUTES_TO,EVT:INJURY_OR_FATALITY,5
EVT:PROCEDURE_NOT_FOLLOWED,CAUSES,EVT:INJURY_OR_FATALITY,1
EVT:PROCEDURE_NOT_FOLLOWED,CAUSES,EVT:ICING_ENCOUNTER,1
EVT:PROCEDURE_NOT_FOLLOWED,CAUSES,EVT:SPATIAL_DISORIENTATION,1
EVT:PROCEDURE_NOT_FOLLOWED,CAUSES,COND:fuel,1
EVT:PROCEDURE_NOT_FOLLOWED,CAUSES,EVT:LOW_VISIBILITY_OR_IMC,2
EVT:PROCEDURE_NOT_FOLLOWED,CAUSES,EVT:FUEL_SYSTEM_ANOMALY,2
EVT:PROCEDURE_NOT_FOLLOWED,CONTRIBUTES_TO,EVT:FUEL_SYSTEM_ANOMALY,1
EVT:PROCEDURE_NOT_FOLLOWED,ENABLES,COND:latent_defect,1
EVT:PROCEDURE_NOT_FOLLOWED,CAUSES,COND:latent_defect,1
EVT:PROCEDURE_NOT_FOLLOWED,INDUCED_CONDITION,COND:spatial,2
EVT:PROCEDURE_NOT_FOLLOWED,INHIBITS,COND:spatial,1
EVT:PROCEDURE_NOT_FOLLOWED,CAUSES,COND:spatial,1
EVT:PROCEDURE_NOT_FOLLOWED,UNDER_CONDITION,COND:regulatory,2
EVT:PROCEDURE_NOT_FOLLOWED,CAUSES,COND:regulatory,1
EVT:PROCEDURE_NOT_FOLLOWED,INDUCED_CONDITION,COND:human_factor,1
EVT:PROCEDURE_NOT_FOLLOWED,UNDER_CONDITION,COND:human_factor,1
EVT:PROCEDURE_NOT_FOLLOWED,TRIGGERS,EVT:COMMUNICATION_FAILURE,1
EVT:PROCEDURE_NOT_FOLLOWED,UNDER_CONDITION,ENT:aircraft,1
EVT:PROCEDURE_NOT_FOLLOWED,CAUSES,COND:human,1
EVT:PROCEDURE_NOT_FOLLOWED,INDUCED_CONDITION,COND:human,1
EVT:PROCEDURE_NOT_FOLLOWED,MASKED_BY_CONDITION,COND:information,1
EVT:PROCEDURE_NOT_FOLLOWED,UNDER_CONDITION,COND:information,1
EVT:PROCEDURE_NOT_FOLLOWED,CAUSES,EVT:CREW_COORDINATION_FAILURE,1
EVT:PROCEDURE_NOT_FOLLOWED,CONTRIBUTES_TO,EVT:TURBULENCE_ENCOUNTER,1
EVT:PROCEDURE_NOT_FOLLOWED,INDUCED_CONDITION,COND:workload,1
EVT:PROCEDURE_NOT_FOLLOWED,CAUSES,COND:system_state,1
EVT:PROCEDURE_NOT_FOLLOWED,CAUSES,COND:resource,1
EVT:PROCEDURE_NOT_FOLLOWED,CAUSES,COND:physiological,1
EVT:PROCEDURE_NOT_FOLLOWED,INDUCED_CONDITION,COND:physiological,1
EVT:PROCEDURE_NOT_FOLLOWED,CAUSES,EVT:HYDRAULIC_SYSTEM_FAILURE,1
EVT:PROCEDURE_NOT_FOLLOWED,INDUCED_CONDITION,COND:weight,1
EVT:PROCEDURE_NOT_FOLLOWED,CAUSES,COND:weight,1
EVT:PROCEDURE_NOT_FOLLOWED,MASKED_BY_CONDITION,EVT:AIRFRAME_STRUCTURAL_FAILURE,1
EVT:PROCEDURE_NOT_FOLLOWED,CAUSES,EVT:AIRFRAME_STRUCTURAL_FAILURE,1
EVT:PROCEDURE_NOT_FOLLOWED,UNDER_CONDITION,ENT:location,1
EVT:PROCEDURE_NOT_FOLLOWED,CONTRIBUTES_TO,EVT:ORG_OR_REGULATORY_INADEQUATE,1
EVT:PROCEDURE_NOT_FOLLOWED,UNDER_CONDITION,COND:unknown,1
EVT:PROCEDURE_NOT_FOLLOWED,CAUSES,EVT:GROUND_INJURY,1
EVT:PROCEDURE_NOT_FOLLOWED,PRECEDES,EVT:BIRD_OR_WILDLIFE_STRIKE,1
EVT:PROCEDURE_NOT_FOLLOWED,CAUSES,EVT:BIRD_OR_WILDLIFE_STRIKE,1
EVT:PROCEDURE_NOT_FOLLOWED,CONTRIBUTES_TO,EVT:BIRD_OR_WILDLIFE_STRIKE,1
EVT:PROCEDURE_NOT_FOLLOWED,CONCURRENT,EVT:BIRD_OR_WILDLIFE_STRIKE,1
EVT:PROCEDURE_NOT_FOLLOWED,UNDER_CONDITION,COND:equipment,1
EVT:PROCEDURE_NOT_FOLLOWED,CAUSES,COND:equipment,1
EVT:PROCEDURE_NOT_FOLLOWED,INDUCED_CONDITION,COND:configuration,3
EVT:PROCEDURE_NOT_FOLLOWED,CAUSES,EVT:RUNWAY_CONDITION_HAZARD,1
EVT:PROCEDURE_NOT_FOLLOWED,RESPONDS_TO,EVT:ATC_OR_DISPATCH_INADEQUATE,1
EVT:PROCEDURE_NOT_FOLLOWED,CAUSES,EVT:TIRE_FAILURE,1
EVT:PROCEDURE_NOT_FOLLOWED,CAUSES,EVT:WIND_SHEAR_OR_GUST,1
EVT:PROCEDURE_NOT_FOLLOWED,RESPONDS_TO,ENT:person,1
EVT:PROCEDURE_NOT_FOLLOWED,UNDER_CONDITION,ENT:person,1
EVT:PROCEDURE_NOT_FOLLOWED,UNDER_CONDITION,COND:infrastructure,1
EVT:PROCEDURE_NOT_FOLLOWED,CAUSES,COND:instrument,1
EVT:PROCEDURE_NOT_FOLLOWED,CAUSES,EVT:AUTOMATION_ANOMALY,1
EVT:RUNWAY_CONDITION_HAZARD,CAUSES,EVT:LANDING_GEAR_ANOMALY,2
EVT:RUNWAY_CONDITION_HAZARD,TRIGGERS,EVT:LANDING_GEAR_ANOMALY,1
EVT:RUNWAY_CONDITION_HAZARD,CONTRIBUTES_TO,EVT:LANDING_GEAR_ANOMALY,1
EVT:RUNWAY_CONDITION_HAZARD,UNDER_CONDITION,COND:environmental,7
EVT:RUNWAY_CONDITION_HAZARD,INDUCED_CONDITION,COND:environmental,1
EVT:RUNWAY_CONDITION_HAZARD,CAUSES,COND:environmental,2
EVT:RUNWAY_CONDITION_HAZARD,CONTRIBUTES_TO,COND:mechanical,1
EVT:RUNWAY_CONDITION_HAZARD,UNDER_CONDITION,COND:mechanical,1
EVT:RUNWAY_CONDITION_HAZARD,TRIGGERS,COND:mechanical,1
EVT:RUNWAY_CONDITION_HAZARD,CAUSES,EVT:CONTROL_INPUT_IMPROPER,4
EVT:RUNWAY_CONDITION_HAZARD,TRIGGERS,EVT:CONTROL_INPUT_IMPROPER,4
EVT:RUNWAY_CONDITION_HAZARD,CONTRIBUTES_TO,EVT:CONTROL_INPUT_IMPROPER,1
EVT:RUNWAY_CONDITION_HAZARD,CAUSES,EVT:LOSS_OF_CONTROL_GROUND,8
EVT:RUNWAY_CONDITION_HAZARD,CONTRIBUTES_TO,EVT:LOSS_OF_CONTROL_GROUND,3
EVT:RUNWAY_CONDITION_HAZARD,PRECEDES,EVT:LOSS_OF_CONTROL_GROUND,1
EVT:RUNWAY_CONDITION_HAZARD,ENABLES,EVT:WIND_SHEAR_OR_GUST,1
EVT:RUNWAY_CONDITION_HAZARD,CONCURRENT,EVT:WIND_SHEAR_OR_GUST,1
EVT:RUNWAY_CONDITION_HAZARD,UNDER_CONDITION,COND:surface,1
EVT:RUNWAY_CONDITION_HAZARD,TRIGGERS,EVT:DECISION_INAPPROPRIATE,1
EVT:RUNWAY_CONDITION_HAZARD,UNDER_CONDITION,COND:weather,8
EVT:RUNWAY_CONDITION_HAZARD,CAUSES,EVT:LOSS_OF_CONTROL_INFLIGHT,1
EVT:RUNWAY_CONDITION_HAZARD,CAUSES,EVT:GROUND_IMPACT,1
EVT:RUNWAY_CONDITION_HAZARD,CAUSES,EVT:PERCEPTION_FAILURE,1
EVT:RUNWAY_CONDITION_HAZARD,TRIGGERS,EVT:CONTROL_SURFACE_ANOMALY,1
EVT:RUNWAY_CONDITION_HAZARD,CONTRIBUTES_TO,EVT:RUNWAY_EXCURSION_OR_OVERRUN,1
EVT:LANDING_GEAR_ANOMALY,CAUSES,EVT:GROUND_IMPACT,127
EVT:LANDING_GEAR_ANOMALY,CONTRIBUTES_TO,EVT:GROUND_IMPACT,10
EVT:LANDING_GEAR_ANOMALY,CONCURRENT,EVT:GROUND_IMPACT,1
EVT:LANDING_GEAR_ANOMALY,CAUSES,EVT:RUNWAY_EXCURSION_OR_OVERRUN,57
EVT:LANDING_GEAR_ANOMALY,CONTRIBUTES_TO,EVT:RUNWAY_EXCURSION_OR_OVERRUN,3
EVT:LANDING_GEAR_ANOMALY,INDUCED_CONDITION,COND:mechanical,66
EVT:LANDING_GEAR_ANOMALY,UNDER_CONDITION,COND:mechanical,40
EVT:LANDING_GEAR_ANOMALY,CAUSES,COND:mechanical,13
EVT:LANDING_GEAR_ANOMALY,RESPONDS_TO,EVT:PROCEDURE_NOT_FOLLOWED,25
EVT:LANDING_GEAR_ANOMALY,CAUSES,EVT:PROCEDURE_NOT_FOLLOWED,3
EVT:LANDING_GEAR_ANOMALY,TRIGGERS,EVT:PROCEDURE_NOT_FOLLOWED,6
EVT:LANDING_GEAR_ANOMALY,CAUSES,EVT:LANDING_GEAR_ANOMALY,14
EVT:LANDING_GEAR_ANOMALY,CONCURRENT,EVT:LANDING_GEAR_ANOMALY,1
EVT:LANDING_GEAR_ANOMALY,RESPONDS_TO,EVT:DECISION_INAPPROPRIATE,9
EVT:LANDING_GEAR_ANOMALY,TRIGGERS,EVT:DECISION_INAPPROPRIATE,5
EVT:LANDING_GEAR_ANOMALY,CAUSES,EVT:DECISION_INAPPROPRIATE,4
EVT:LANDING_GEAR_ANOMALY,CAUSES,EVT:AIRFRAME_STRUCTURAL_FAILURE,8
EVT:LANDING_GEAR_ANOMALY,CONTRIBUTES_TO,EVT:AIRFRAME_STRUCTURAL_FAILURE,1
EVT:LANDING_GEAR_ANOMALY,RESPONDS_TO,EVT:CONTROL_INPUT_IMPROPER,11
EVT:LANDING_GEAR_ANOMALY,CAUSES,EVT:CONTROL_INPUT_IMPROPER,1
EVT:LANDING_GEAR_ANOMALY,CAUSES,EVT:EMERGENCY_LANDING,7
EVT:LANDING_GEAR_ANOMALY,CAUSES,EVT:FUEL_SYSTEM_ANOMALY,2
EVT:LANDING_GEAR_ANOMALY,CAUSES,EVT:LOSS_OF_CONTROL_GROUND,18
EVT:LANDING_GEAR_ANOMALY,CONTRIBUTES_TO,EVT:LOSS_OF_CONTROL_GROUND,2
EVT:LANDING_GEAR_ANOMALY,TRIGGERS,EVT:PERCEPTION_FAILURE,3
EVT:LANDING_GEAR_ANOMALY,MASKED_BY_CONDITION,EVT:PERCEPTION_FAILURE,1
EVT:LANDING_GEAR_ANOMALY,RESPONDS_TO,EVT:PERCEPTION_FAILURE,1
EVT:LANDING_GEAR_ANOMALY,UNDER_CONDITION,ENT:component,3
EVT:LANDING_GEAR_ANOMALY,CAUSES,EVT:GROUND_DAMAGE,2
EVT:LANDING_GEAR_ANOMALY,TRIGGERS,EVT:PROCEDURE_FOLLOWED,1
EVT:LANDING_GEAR_ANOMALY,AFFECTS,ENT:aircraft,2
EVT:LANDING_GEAR_ANOMALY,CAUSES,EVT:STRUCTURAL_OVERLOAD,5
EVT:LANDING_GEAR_ANOMALY,CAUSES,COND:psychological,1
EVT:LANDING_GEAR_ANOMALY,INDUCED_CONDITION,COND:operational,1
EVT:LANDING_GEAR_ANOMALY,UNDER_CONDITION,COND:weather,1
EVT:LANDING_GEAR_ANOMALY,CAUSES,COND:information,2
EVT:LANDING_GEAR_ANOMALY,INDUCED_CONDITION,COND:design,1
EVT:LANDING_GEAR_ANOMALY,CAUSES,EVT:SUCCESSFUL_RECOVERY,3
EVT:LANDING_GEAR_ANOMALY,CONTRIBUTES_TO,EVT:SUCCESSFUL_RECOVERY,2
EVT:LANDING_GEAR_ANOMALY,CAUSES,EVT:LOSS_OF_CONTROL_INFLIGHT,3
EVT:LANDING_GEAR_ANOMALY,INDUCED_CONDITION,COND:instrument,2
EVT:LANDING_GEAR_ANOMALY,CAUSES,COND:instrument,1
EVT:LANDING_GEAR_ANOMALY,CAUSES,EVT:ENGINE_FAILURE,2
EVT:LANDING_GEAR_ANOMALY,CONCURRENT,EVT:ENGINE_FAILURE,1
EVT:LANDING_GEAR_ANOMALY,CAUSES,EVT:ALTITUDE_DEVIATION_UNCONTROLLED,1
EVT:LANDING_GEAR_ANOMALY,CAUSES,EVT:PILOT_INCAPACITATION_OR_IMPAIRMENT,1
EVT:LANDING_GEAR_ANOMALY,CAUSES,EVT:INSTRUMENT_OR_AVIONICS_FAILURE,1
EVT:LANDING_GEAR_ANOMALY,TRIGGERS,EVT:INSTRUMENT_OR_AVIONICS_FAILURE,1
EVT:LANDING_GEAR_ANOMALY,CAUSES,EVT:STALL,1
EVT:LANDING_GEAR_ANOMALY,CAUSES,EVT:INJURY_OR_FATALITY,1
EVT:LANDING_GEAR_ANOMALY,CAUSES,EVT:INFLIGHT_FIRE_OR_SMOKE,1
EVT:LANDING_GEAR_ANOMALY,INDUCED_CONDITION,COND:aerodynamic,1
EVT:EMERGENCY_LANDING,CAUSES,EVT:GROUND_IMPACT,56
EVT:EMERGENCY_LANDING,TRIGGERS,EVT:GROUND_IMPACT,1
EVT:EMERGENCY_LANDING,PRECEDES,EVT:PROCEDURE_NOT_FOLLOWED,2
EVT:EMERGENCY_LANDING,CAUSES,EVT:PROCEDURE_NOT_FOLLOWED,1
EVT:EMERGENCY_LANDING,CONCURRENT,EVT:PROCEDURE_NOT_FOLLOWED,2
EVT:EMERGENCY_LANDING,CAUSES,EVT:RUNWAY_EXCURSION_OR_OVERRUN,10
EVT:EMERGENCY_LANDING,CAUSES,EVT:LANDING_GEAR_ANOMALY,2
EVT:EMERGENCY_LANDING,PRECEDES,EVT:LANDING_GEAR_ANOMALY,1
EVT:EMERGENCY_LANDING,CAUSES,EVT:SUCCESSFUL_RECOVERY,1
EVT:EMERGENCY_LANDING,UNDER_CONDITION,COND:mechanical,1
EVT:EMERGENCY_LANDING,CAUSES,EVT:INJURY_OR_FATALITY,3
EVT:EMERGENCY_LANDING,CAUSES,EVT:TERRAIN_OR_OBSTACLE_PROXIMITY,2
EVT:EMERGENCY_LANDING,CONTRIBUTES_TO,EVT:TERRAIN_OR_OBSTACLE_PROXIMITY,1
EVT:EMERGENCY_LANDING,CAUSES,EVT:EMERGENCY_LANDING,1
EVT:EMERGENCY_LANDING,UNDER_CONDITION,COND:environmental,8
EVT:EMERGENCY_LANDING,CAUSES,EVT:LOSS_OF_CONTROL_INFLIGHT,1
EVT:EMERGENCY_LANDING,CAUSES,COND:procedural,1
EVT:EMERGENCY_LANDING,CAUSES,EVT:WATER_IMPACT,1
EVT:EMERGENCY_LANDING,TRIGGERS,EVT:CONTROL_INPUT_IMPROPER,1
EVT:EMERGENCY_LANDING,PRECEDES,EVT:MAINTENANCE_INADEQUATE,1
EVT:EMERGENCY_LANDING,TRIGGERS,EVT:INFLIGHT_FIRE_OR_SMOKE,1
EVT:EMERGENCY_LANDING,PRECEDES,EVT:STALL,1
EVT:LOW_VISIBILITY_OR_IMC,UNDER_CONDITION,COND:environmental,4
EVT:LOW_VISIBILITY_OR_IMC,CAUSES,EVT:SPATIAL_DISORIENTATION,3
EVT:LOW_VISIBILITY_OR_IMC,UNDER_CONDITION,COND:weather,34
EVT:LOW_VISIBILITY_OR_IMC,INDUCED_CONDITION,COND:weather,2
EVT:LOW_VISIBILITY_OR_IMC,CAUSES,COND:weather,1
EVT:LOW_VISIBILITY_OR_IMC,CAUSES,EVT:PERCEPTION_FAILURE,2
EVT:LOW_VISIBILITY_OR_IMC,CAUSES,EVT:GROUND_IMPACT,4
EVT:LOW_VISIBILITY_OR_IMC,CAUSES,EVT:RUNWAY_EXCURSION_OR_OVERRUN,1
EVT:LOW_VISIBILITY_OR_IMC,INDUCED_CONDITION,COND:spatial_reference,1
EVT:LOW_VISIBILITY_OR_IMC,UNDER_CONDITION,COND:spatial,1
EVT:LOW_VISIBILITY_OR_IMC,INDUCED_CONDITION,COND:spatial,3
EVT:LOW_VISIBILITY_OR_IMC,CAUSES,EVT:LOSS_OF_CONTROL_INFLIGHT,1
EVT:LOW_VISIBILITY_OR_IMC,CAUSES,EVT:PROCEDURE_NOT_FOLLOWED,1
EVT:LOW_VISIBILITY_OR_IMC,UNDER_CONDITION,COND:visual,1
EVT:LOW_VISIBILITY_OR_IMC,CAUSES,EVT:TERRAIN_OR_OBSTACLE_PROXIMITY,1
EVT:LOW_VISIBILITY_OR_IMC,CONTRIBUTES_TO,EVT:TERRAIN_OR_OBSTACLE_PROXIMITY,1
EVT:LOW_VISIBILITY_OR_IMC,CAUSES,EVT:DECISION_INAPPROPRIATE,2
EVT:SPATIAL_DISORIENTATION,CAUSES,EVT:PERCEPTION_FAILURE,1
EVT:SPATIAL_DISORIENTATION,CAUSES,EVT:GROUND_IMPACT,10
EVT:SPATIAL_DISORIENTATION,CAUSES,EVT:LOSS_OF_CONTROL_INFLIGHT,3
EVT:SPATIAL_DISORIENTATION,INDUCED_CONDITION,COND:physiological,1
EVT:SPATIAL_DISORIENTATION,RESPONDS_TO,EVT:SUCCESSFUL_RECOVERY,1
EVT:SPATIAL_DISORIENTATION,TRIGGERS,EVT:CONTROL_INPUT_IMPROPER,1
EVT:SPATIAL_DISORIENTATION,CAUSES,EVT:CONTROL_INPUT_IMPROPER,3
EVT:SPATIAL_DISORIENTATION,CAUSES,EVT:TERRAIN_OR_OBSTACLE_PROXIMITY,1
EVT:SPATIAL_DISORIENTATION,INDUCED_CONDITION,COND:human_factor,1
EVT:SPATIAL_DISORIENTATION,CAUSES,EVT:ALTITUDE_DEVIATION_UNCONTROLLED,1
EVT:SPATIAL_DISORIENTATION,UNDER_CONDITION,COND:weather,1
EVT:SPATIAL_DISORIENTATION,INDUCED_CONDITION,COND:human_factors,1
EVT:SPATIAL_DISORIENTATION,CAUSES,EVT:WATER_IMPACT,1
EVT:SPATIAL_DISORIENTATION,CAUSES,COND:cognitive,1
EVT:SPATIAL_DISORIENTATION,CAUSES,EVT:RUNWAY_EXCURSION_OR_OVERRUN,1
EVT:SPATIAL_DISORIENTATION,CAUSES,EVT:PROCEDURE_NOT_FOLLOWED,1
EVT:SPATIAL_DISORIENTATION,UNDER_CONDITION,COND:mental_state,1
EVT:INSTRUMENT_OR_AVIONICS_FAILURE,UNDER_CONDITION,COND:mechanical,26
EVT:INSTRUMENT_OR_AVIONICS_FAILURE,INDUCED_CONDITION,COND:mechanical,13
EVT:INSTRUMENT_OR_AVIONICS_FAILURE,CAUSES,COND:mechanical,3
EVT:INSTRUMENT_OR_AVIONICS_FAILURE,MASKED_BY_CONDITION,COND:mechanical,1
EVT:INSTRUMENT_OR_AVIONICS_FAILURE,CONTRIBUTES_TO,EVT:PROCEDURE_NOT_FOLLOWED,4
EVT:INSTRUMENT_OR_AVIONICS_FAILURE,TRIGGERS,EVT:PROCEDURE_NOT_FOLLOWED,6
EVT:INSTRUMENT_OR_AVIONICS_FAILURE,RESPONDS_TO,EVT:PROCEDURE_NOT_FOLLOWED,10
EVT:INSTRUMENT_OR_AVIONICS_FAILURE,CONCURRENT,EVT:PROCEDURE_NOT_FOLLOWED,1
EVT:INSTRUMENT_OR_AVIONICS_FAILURE,CAUSES,EVT:PROCEDURE_NOT_FOLLOWED,1
EVT:INSTRUMENT_OR_AVIONICS_FAILURE,MASKED_BY_CONDITION,EVT:PROCEDURE_NOT_FOLLOWED,2
EVT:INSTRUMENT_OR_AVIONICS_FAILURE,UNDER_CONDITION,COND:weather,1
EVT:INSTRUMENT_OR_AVIONICS_FAILURE,INDUCED_CONDITION,COND:environmental,3
EVT:INSTRUMENT_OR_AVIONICS_FAILURE,UNDER_CONDITION,COND:environmental,2
EVT:INSTRUMENT_OR_AVIONICS_FAILURE,CAUSES,COND:environmental,1
EVT:INSTRUMENT_OR_AVIONICS_FAILURE,TRIGGERS,EVT:DECISION_INAPPROPRIATE,9
EVT:INSTRUMENT_OR_AVIONICS_FAILURE,RESPONDS_TO,EVT:DECISION_INAPPROPRIATE,6
EVT:INSTRUMENT_OR_AVIONICS_FAILURE,CONCURRENT,EVT:DECISION_INAPPROPRIATE,1
EVT:INSTRUMENT_OR_AVIONICS_FAILURE,CAUSES,EVT:DECISION_INAPPROPRIATE,3
EVT:INSTRUMENT_OR_AVIONICS_FAILURE,CAUSES,EVT:INSTRUMENT_OR_AVIONICS_FAILURE,7
EVT:INSTRUMENT_OR_AVIONICS_FAILURE,CAUSES,EVT:LOSS_OF_CONTROL_INFLIGHT,2
EVT:INSTRUMENT_OR_AVIONICS_FAILURE,UNDER_CONDITION,COND:technical,1
EVT:INSTRUMENT_OR_AVIONICS_FAILURE,CAUSES,EVT:PERCEPTION_FAILURE,11
EVT:INSTRUMENT_OR_AVIONICS_FAILURE,TRIGGERS,EVT:PERCEPTION_FAILURE,2
EVT:INSTRUMENT_OR_AVIONICS_FAILURE,INHIBITS,EVT:PERCEPTION_FAILURE,1
EVT:INSTRUMENT_OR_AVIONICS_FAILURE,CONTRIBUTES_TO,EVT:PERCEPTION_FAILURE,1
EVT:INSTRUMENT_OR_AVIONICS_FAILURE,RESPONDS_TO,EVT:CONTROL_INPUT_IMPROPER,4
EVT:INSTRUMENT_OR_AVIONICS_FAILURE,TRIGGERS,EVT:CONTROL_INPUT_IMPROPER,2
EVT:INSTRUMENT_OR_AVIONICS_FAILURE,CAUSES,EVT:CONTROL_INPUT_IMPROPER,1
EVT:INSTRUMENT_OR_AVIONICS_FAILURE,CAUSES,COND:information,1
EVT:INSTRUMENT_OR_AVIONICS_FAILURE,CAUSES,EVT:EMERGENCY_LANDING,1
EVT:INSTRUMENT_OR_AVIONICS_FAILURE,CAUSES,EVT:LANDING_GEAR_ANOMALY,2
EVT:INSTRUMENT_OR_AVIONICS_FAILURE,CAUSES,COND:procedural,1
EVT:INSTRUMENT_OR_AVIONICS_FAILURE,CAUSES,EVT:GROUND_IMPACT,1
EVT:INSTRUMENT_OR_AVIONICS_FAILURE,PREVENTS,EVT:GROUND_IMPACT,1
EVT:INSTRUMENT_OR_AVIONICS_FAILURE,CAUSES,EVT:AUTOMATION_ANOMALY,1
EVT:INSTRUMENT_OR_AVIONICS_FAILURE,MASKED_BY_CONDITION,COND:human,1
EVT:INSTRUMENT_OR_AVIONICS_FAILURE,UNDER_CONDITION,COND:system,1
EVT:INSTRUMENT_OR_AVIONICS_FAILURE,CAUSES,EVT:STRUCTURAL_OVERLOAD,1
EVT:INSTRUMENT_OR_AVIONICS_FAILURE,INDUCED_CONDITION,COND:instrument,1
EVT:INSTRUMENT_OR_AVIONICS_FAILURE,PRECEDES,EVT:AIRFRAME_STRUCTURAL_FAILURE,1
EVT:INSTRUMENT_OR_AVIONICS_FAILURE,CAUSES,EVT:ENGINE_FAILURE,1
EVT:INSTRUMENT_OR_AVIONICS_FAILURE,INDUCED_CONDITION,COND:situational_awareness,1
EVT:INSTRUMENT_OR_AVIONICS_FAILURE,DETECTS,ENT:person,1
EVT:INSTRUMENT_OR_AVIONICS_FAILURE,CAUSES,EVT:INFLIGHT_FIRE_OR_SMOKE,1
EVT:INSTRUMENT_OR_AVIONICS_FAILURE,INDUCED_CONDITION,COND:software,1
COND:procedural,CAUSES,EVT:INSTRUMENT_OR_AVIONICS_FAILURE,1
COND:procedural,TRIGGERS,EVT:INSTRUMENT_OR_AVIONICS_FAILURE,1
COND:procedural,CAUSES,COND:mechanical,2
COND:procedural,CONTRIBUTES_TO,COND:mechanical,1
COND:procedural,CAUSES,EVT:PROCEDURE_NOT_FOLLOWED,1
COND:procedural,CONTRIBUTES_TO,EVT:PROCEDURE_NOT_FOLLOWED,2
COND:procedural,ENABLES,EVT:PROCEDURE_NOT_FOLLOWED,1
COND:procedural,INHIBITS,EVT:PROCEDURE_NOT_FOLLOWED,2
COND:procedural,CAUSES,EVT:LOSS_OF_CONTROL_INFLIGHT,1
COND:procedural,ENABLES,EVT:LOSS_OF_CONTROL_INFLIGHT,1
COND:procedural,CONTRIBUTES_TO,EVT:LOSS_OF_CONTROL_INFLIGHT,1
COND:procedural,CONTRIBUTES_TO,EVT:CONTROL_INPUT_IMPROPER,2
COND:procedural,CAUSES,EVT:CONTROL_INPUT_IMPROPER,2
COND:procedural,ENABLES,EVT:CONTROL_INPUT_IMPROPER,1
COND:procedural,ENABLES,COND:aerodynamic,1
COND:procedural,CAUSES,EVT:PERCEPTION_FAILURE,2
COND:procedural,CONTRIBUTES_TO,EVT:PERCEPTION_FAILURE,1
COND:procedural,CAUSES,EVT:ATC_OR_DISPATCH_INADEQUATE,1
COND:procedural,CONTRIBUTES_TO,EVT:TERRAIN_OR_OBSTACLE_PROXIMITY,1
COND:procedural,ENABLES,EVT:TERRAIN_OR_OBSTACLE_PROXIMITY,1
COND:procedural,CAUSES,EVT:RUNWAY_EXCURSION_OR_OVERRUN,1
COND:procedural,CONTRIBUTES_TO,EVT:GROUND_PERSONNEL_ERROR,1
COND:procedural,UNDER_CONDITION,EVT:LANDING_GEAR_ANOMALY,1
COND:procedural,CAUSES,EVT:LANDING_GEAR_ANOMALY,1
COND:procedural,CONTRIBUTES_TO,EVT:WATER_IMPACT,1
COND:procedural,CONTRIBUTES_TO,EVT:ENGINE_FAILURE,1
COND:procedural,ENABLES,COND:operational,1
COND:latent_defect,CAUSES,EVT:ENGINE_FAILURE,1
COND:latent_defect,CAUSES,COND:mechanical,7
COND:latent_defect,CONTRIBUTES_TO,COND:mechanical,1
COND:latent_defect,CAUSES,EVT:LANDING_GEAR_ANOMALY,1
COND:latent_defect,MASKED_BY_CONDITION,EVT:PROCEDURE_NOT_FOLLOWED,1
COND:latent_defect,CONTRIBUTES_TO,EVT:CONTROL_INPUT_IMPROPER,1
COND:latent_defect,ENABLES,EVT:CONTROL_SURFACE_ANOMALY,1
COND:latent_defect,CAUSES,EVT:LOSS_OF_CONTROL_INFLIGHT,1
EVT:TURBULENCE_ENCOUNTER,RESPONDS_TO,EVT:DECISION_INAPPROPRIATE,4
EVT:TURBULENCE_ENCOUNTER,TRIGGERS,EVT:DECISION_INAPPROPRIATE,2
EVT:TURBULENCE_ENCOUNTER,TRIGGERS,EVT:CONTROL_INPUT_IMPROPER,2
EVT:TURBULENCE_ENCOUNTER,RESPONDS_TO,EVT:CONTROL_INPUT_IMPROPER,1
EVT:TURBULENCE_ENCOUNTER,CONTRIBUTES_TO,EVT:CONTROL_INPUT_IMPROPER,1
EVT:TURBULENCE_ENCOUNTER,INHIBITS,COND:organizational,1
EVT:TURBULENCE_ENCOUNTER,UNDER_CONDITION,COND:weather,14
EVT:TURBULENCE_ENCOUNTER,INDUCED_CONDITION,COND:weather,1
EVT:TURBULENCE_ENCOUNTER,CAUSES,EVT:ALTITUDE_DEVIATION_UNCONTROLLED,6
EVT:TURBULENCE_ENCOUNTER,CAUSES,EVT:ENGINE_FAILURE,1
EVT:TURBULENCE_ENCOUNTER,CONTRIBUTES_TO,EVT:ENGINE_FAILURE,1
EVT:TURBULENCE_ENCOUNTER,TRIGGERS,EVT:PROCEDURE_NOT_FOLLOWED,2
EVT:TURBULENCE_ENCOUNTER,CAUSES,EVT:PROCEDURE_NOT_FOLLOWED,1
EVT:TURBULENCE_ENCOUNTER,CAUSES,EVT:LOSS_OF_CONTROL_INFLIGHT,7
EVT:TURBULENCE_ENCOUNTER,CAUSES,EVT:AUTOMATION_ANOMALY,2
EVT:TURBULENCE_ENCOUNTER,CAUSES,EVT:INJURY_OR_FATALITY,8
EVT:TURBULENCE_ENCOUNTER,MASKED_BY_CONDITION,COND:perception,1
EVT:TURBULENCE_ENCOUNTER,CONTRIBUTES_TO,COND:aerodynamic,1
EVT:TURBULENCE_ENCOUNTER,CAUSES,COND:aerodynamic,1
EVT:TURBULENCE_ENCOUNTER,CAUSES,EVT:LOSS_OF_CONTROL_GROUND,2
EVT:TURBULENCE_ENCOUNTER,UNDER_CONDITION,COND:environmental,1
EVT:TURBULENCE_ENCOUNTER,CAUSES,COND:environmental,1
EVT:TURBULENCE_ENCOUNTER,INDUCED_CONDITION,COND:environmental,1
EVT:TURBULENCE_ENCOUNTER,INDUCED_CONDITION,COND:unknown,1
EVT:TURBULENCE_ENCOUNTER,CAUSES,EVT:CONTROL_SURFACE_ANOMALY,1
EVT:TURBULENCE_ENCOUNTER,CAUSES,EVT:STRUCTURAL_OVERLOAD,1
EVT:TURBULENCE_ENCOUNTER,CAUSES,EVT:STALL,1
EVT:TURBULENCE_ENCOUNTER,CAUSES,COND:cognitive,1
EVT:TURBULENCE_ENCOUNTER,CAUSES,COND:instrument,1
EVT:TURBULENCE_ENCOUNTER,CAUSES,EVT:INSTRUMENT_OR_AVIONICS_FAILURE,1
EVT:SUCCESSFUL_RECOVERY,MITIGATES,EVT:INJURY_OR_FATALITY,2
EVT:SUCCESSFUL_RECOVERY,CAUSES,EVT:INJURY_OR_FATALITY,2
EVT:SUCCESSFUL_RECOVERY,CAUSES,EVT:DECISION_INAPPROPRIATE,1
EVT:SUCCESSFUL_RECOVERY,TRIGGERS,EVT:DECISION_INAPPROPRIATE,1
EVT:SUCCESSFUL_RECOVERY,TRIGGERS,EVT:BIRD_OR_WILDLIFE_STRIKE,1
EVT:SUCCESSFUL_RECOVERY,CAUSES,EVT:RUNWAY_EXCURSION_OR_OVERRUN,1
EVT:SUCCESSFUL_RECOVERY,MITIGATES,EVT:GROUND_IMPACT,2
EVT:SUCCESSFUL_RECOVERY,CAUSES,EVT:GROUND_IMPACT,2
EVT:SUCCESSFUL_RECOVERY,CAUSES,EVT:ENGINE_FAILURE,1
EVT:SUCCESSFUL_RECOVERY,CAUSES,EVT:EMERGENCY_LANDING,1
EVT:SUCCESSFUL_RECOVERY,CAUSES,EVT:SUCCESSFUL_RECOVERY,1
COND:organizational,ENABLES,COND:mechanical,5
COND:organizational,CAUSES,COND:mechanical,25
COND:organizational,CONTRIBUTES_TO,COND:mechanical,7
COND:organizational,ENABLES,COND:environmental,3
COND:organizational,CAUSES,COND:environmental,2
COND:organizational,ENABLES,EVT:DECISION_INAPPROPRIATE,2
COND:organizational,CONTRIBUTES_TO,EVT:DECISION_INAPPROPRIATE,9
COND:organizational,CAUSES,EVT:DECISION_INAPPROPRIATE,7
COND:organizational,ENABLES,EVT:MAINTENANCE_INADEQUATE,3
COND:organizational,CONTRIBUTES_TO,EVT:MAINTENANCE_INADEQUATE,1
COND:organizational,CAUSES,EVT:MAINTENANCE_INADEQUATE,6
COND:organizational,INHIBITS,ENT:person,4
COND:organizational,UNDER_CONDITION,ENT:person,1
COND:organizational,CONTRIBUTES_TO,EVT:GROUND_PERSONNEL_ERROR,1
COND:organizational,CAUSES,EVT:GROUND_PERSONNEL_ERROR,1
COND:organizational,ENABLES,EVT:GROUND_PERSONNEL_ERROR,1
COND:organizational,CONTRIBUTES_TO,EVT:CREW_COORDINATION_FAILURE,3
COND:organizational,ENABLES,EVT:CREW_COORDINATION_FAILURE,2
COND:organizational,CONTRIBUTES_TO,EVT:INSTRUMENT_OR_AVIONICS_FAILURE,1
COND:organizational,CAUSES,EVT:PERCEPTION_FAILURE,4
COND:organizational,CONTRIBUTES_TO,EVT:PERCEPTION_FAILURE,9
COND:organizational,ENABLES,EVT:PERCEPTION_FAILURE,1
COND:organizational,INHIBITS,EVT:PERCEPTION_FAILURE,1
COND:organizational,CONTRIBUTES_TO,EVT:FUEL_SYSTEM_ANOMALY,1
COND:organizational,CONTRIBUTES_TO,EVT:PROCEDURE_NOT_FOLLOWED,21
COND:organizational,INHIBITS,EVT:PROCEDURE_NOT_FOLLOWED,3
COND:organizational,CAUSES,EVT:PROCEDURE_NOT_FOLLOWED,9
COND:organizational,ENABLES,EVT:PROCEDURE_NOT_FOLLOWED,4
COND:organizational,CONTRIBUTES_TO,EVT:RUNWAY_CONDITION_HAZARD,2
COND:organizational,ENABLES,EVT:ORG_OR_REGULATORY_INADEQUATE,1
COND:organizational,CAUSES,EVT:ORG_OR_REGULATORY_INADEQUATE,1
COND:organizational,CONTRIBUTES_TO,EVT:LOSS_OF_CONTROL_INFLIGHT,2
COND:organizational,CONTRIBUTES_TO,EVT:GROUND_IMPACT,1
COND:organizational,CONTRIBUTES_TO,EVT:TERRAIN_OR_OBSTACLE_PROXIMITY,3
COND:organizational,CAUSES,COND:organizational,1
COND:organizational,CONTRIBUTES_TO,EVT:TURBULENCE_ENCOUNTER,1
COND:organizational,CONTRIBUTES_TO,EVT:RUNWAY_EXCURSION_OR_OVERRUN,2
COND:organizational,INHIBITS,ENT:aircraft,1
COND:organizational,ENABLES,ENT:aircraft,1
COND:organizational,UNDER_CONDITION,ENT:aircraft,1
COND:organizational,CONTRIBUTES_TO,EVT:STALL,1
COND:organizational,CONTRIBUTES_TO,EVT:PILOT_INCAPACITATION_OR_IMPAIRMENT,1
COND:organizational,ENABLES,EVT:PILOT_INCAPACITATION_OR_IMPAIRMENT,1
COND:organizational,CONTRIBUTES_TO,EVT:SPATIAL_DISORIENTATION,1
COND:organizational,CONTRIBUTES_TO,EVT:CONTROL_INPUT_IMPROPER,4
COND:organizational,ENABLES,EVT:CONTROL_INPUT_IMPROPER,2
COND:organizational,CAUSES,EVT:CONTROL_INPUT_IMPROPER,1
COND:organizational,CAUSES,COND:human_factors,1
COND:organizational,CAUSES,COND:maintenance,1
COND:organizational,CAUSES,COND:psychological,1
COND:organizational,CAUSES,EVT:LANDING_GEAR_ANOMALY,1
EVT:MAINTENANCE_INADEQUATE,DETECTS,COND:mechanical,6
EVT:MAINTENANCE_INADEQUATE,CAUSES,COND:mechanical,60
EVT:MAINTENANCE_INADEQUATE,MASKED_BY_CONDITION,COND:mechanical,2
EVT:MAINTENANCE_INADEQUATE,ENABLES,COND:mechanical,6
EVT:MAINTENANCE_INADEQUATE,INHIBITS,COND:mechanical,1
EVT:MAINTENANCE_INADEQUATE,INDUCED_CONDITION,COND:mechanical,12
EVT:MAINTENANCE_INADEQUATE,CONTRIBUTES_TO,COND:mechanical,1
EVT:MAINTENANCE_INADEQUATE,MITIGATES,COND:mechanical,1
EVT:MAINTENANCE_INADEQUATE,RESPONDS_TO,COND:mechanical,1
EVT:MAINTENANCE_INADEQUATE,CAUSES,COND:organizational,7
EVT:MAINTENANCE_INADEQUATE,INDUCED_CONDITION,COND:organizational,1
EVT:MAINTENANCE_INADEQUATE,MITIGATES,COND:maintenance,1
EVT:MAINTENANCE_INADEQUATE,CAUSES,COND:maintenance,2
EVT:MAINTENANCE_INADEQUATE,CAUSES,COND:latent_defect,5
EVT:MAINTENANCE_INADEQUATE,PRECEDES,EVT:AUTOMATION_ANOMALY,1
EVT:MAINTENANCE_INADEQUATE,UNDER_CONDITION,COND:regulatory,1
EVT:MAINTENANCE_INADEQUATE,CONTRIBUTES_TO,EVT:ENGINE_FAILURE,1
EVT:MAINTENANCE_INADEQUATE,CAUSES,COND:environmental,1
EVT:MAINTENANCE_INADEQUATE,CONTRIBUTES_TO,EVT:INSTRUMENT_OR_AVIONICS_FAILURE,1
EVT:MAINTENANCE_INADEQUATE,CONTRIBUTES_TO,EVT:TRAINING_OR_CURRENCY_GAP,1
EVT:MAINTENANCE_INADEQUATE,CAUSES,COND:aerodynamic,1
EVT:MAINTENANCE_INADEQUATE,CONTRIBUTES_TO,ENT:aircraft,1
EVT:ATC_OR_DISPATCH_INADEQUATE,TRIGGERS,EVT:DECISION_INAPPROPRIATE,1
EVT:ATC_OR_DISPATCH_INADEQUATE,RESPONDS_TO,EVT:DECISION_INAPPROPRIATE,1
EVT:ATC_OR_DISPATCH_INADEQUATE,CAUSES,EVT:DECISION_INAPPROPRIATE,1
EVT:ATC_OR_DISPATCH_INADEQUATE,CONTRIBUTES_TO,COND:human_factors,1
EVT:ATC_OR_DISPATCH_INADEQUATE,PREVENTS,EVT:PERCEPTION_FAILURE,1
EVT:ATC_OR_DISPATCH_INADEQUATE,CAUSES,EVT:PERCEPTION_FAILURE,1
EVT:ATC_OR_DISPATCH_INADEQUATE,CONTRIBUTES_TO,EVT:PERCEPTION_FAILURE,1
EVT:ATC_OR_DISPATCH_INADEQUATE,TRIGGERS,EVT:PERCEPTION_FAILURE,1
EVT:ATC_OR_DISPATCH_INADEQUATE,RESPONDS_TO,EVT:PROCEDURE_NOT_FOLLOWED,1
EVT:ATC_OR_DISPATCH_INADEQUATE,CONTRIBUTES_TO,EVT:PROCEDURE_NOT_FOLLOWED,1
EVT:ATC_OR_DISPATCH_INADEQUATE,CAUSES,EVT:PROCEDURE_NOT_FOLLOWED,1
EVT:ATC_OR_DISPATCH_INADEQUATE,CAUSES,COND:information,1
EVT:ATC_OR_DISPATCH_INADEQUATE,CAUSES,EVT:ATC_OR_DISPATCH_INADEQUATE,2
EVT:ATC_OR_DISPATCH_INADEQUATE,UNDER_CONDITION,COND:operational,1
EVT:ATC_OR_DISPATCH_INADEQUATE,INDUCED_CONDITION,COND:operational,1
EVT:ATC_OR_DISPATCH_INADEQUATE,CAUSES,COND:operational,1
EVT:ATC_OR_DISPATCH_INADEQUATE,CAUSES,EVT:MIDAIR_COLLISION,1
EVT:ATC_OR_DISPATCH_INADEQUATE,CAUSES,EVT:GROUND_IMPACT,1
EVT:ATC_OR_DISPATCH_INADEQUATE,CAUSES,COND:environmental,1
EVT:ATC_OR_DISPATCH_INADEQUATE,CONTRIBUTES_TO,COND:situational_awareness,1
EVT:ATC_OR_DISPATCH_INADEQUATE,CONTRIBUTES_TO,EVT:CONTROL_INPUT_IMPROPER,1
EVT:ATC_OR_DISPATCH_INADEQUATE,CONTRIBUTES_TO,COND:fuel,1
EVT:ATC_OR_DISPATCH_INADEQUATE,MITIGATES,EVT:RUNWAY_EXCURSION_OR_OVERRUN,1
EVT:ATC_OR_DISPATCH_INADEQUATE,CONTRIBUTES_TO,EVT:WIND_SHEAR_OR_GUST,1
EVT:WIND_SHEAR_OR_GUST,INDUCED_CONDITION,COND:aerodynamic,8
EVT:WIND_SHEAR_OR_GUST,CAUSES,COND:aerodynamic,3
EVT:WIND_SHEAR_OR_GUST,UNDER_CONDITION,COND:weather,41
EVT:WIND_SHEAR_OR_GUST,INDUCED_CONDITION,COND:weather,5
EVT:WIND_SHEAR_OR_GUST,CAUSES,COND:weather,1
EVT:WIND_SHEAR_OR_GUST,CONCURRENT,EVT:WIND_SHEAR_OR_GUST,1
EVT:WIND_SHEAR_OR_GUST,CAUSES,EVT:WIND_SHEAR_OR_GUST,1
EVT:WIND_SHEAR_OR_GUST,CONTRIBUTES_TO,EVT:WIND_SHEAR_OR_GUST,1
EVT:WIND_SHEAR_OR_GUST,TRIGGERS,EVT:CONTROL_INPUT_IMPROPER,15
EVT:WIND_SHEAR_OR_GUST,RESPONDS_TO,EVT:CONTROL_INPUT_IMPROPER,5
EVT:WIND_SHEAR_OR_GUST,CAUSES,EVT:CONTROL_INPUT_IMPROPER,7
EVT:WIND_SHEAR_OR_GUST,CONTRIBUTES_TO,EVT:CONTROL_INPUT_IMPROPER,4
EVT:WIND_SHEAR_OR_GUST,CONTRIBUTES_TO,EVT:RUNWAY_EXCURSION_OR_OVERRUN,3
EVT:WIND_SHEAR_OR_GUST,CAUSES,EVT:RUNWAY_EXCURSION_OR_OVERRUN,9
EVT:WIND_SHEAR_OR_GUST,CAUSES,EVT:LOSS_OF_CONTROL_GROUND,24
EVT:WIND_SHEAR_OR_GUST,CONTRIBUTES_TO,EVT:LOSS_OF_CONTROL_GROUND,3
EVT:WIND_SHEAR_OR_GUST,UNDER_CONDITION,COND:environmental,1
EVT:WIND_SHEAR_OR_GUST,INDUCED_CONDITION,COND:environmental,2
EVT:WIND_SHEAR_OR_GUST,TRIGGERS,EVT:DECISION_INAPPROPRIATE,5
EVT:WIND_SHEAR_OR_GUST,CAUSES,EVT:DECISION_INAPPROPRIATE,3
EVT:WIND_SHEAR_OR_GUST,CAUSES,EVT:LOSS_OF_CONTROL_INFLIGHT,11
EVT:WIND_SHEAR_OR_GUST,CONTRIBUTES_TO,EVT:LOSS_OF_CONTROL_INFLIGHT,1
EVT:WIND_SHEAR_OR_GUST,CAUSES,EVT:PERCEPTION_FAILURE,1
EVT:WIND_SHEAR_OR_GUST,TRIGGERS,EVT:PERCEPTION_FAILURE,1
EVT:WIND_SHEAR_OR_GUST,CAUSES,EVT:ALTITUDE_DEVIATION_UNCONTROLLED,4
EVT:WIND_SHEAR_OR_GUST,CAUSES,EVT:GROUND_IMPACT,10
EVT:WIND_SHEAR_OR_GUST,CAUSES,EVT:STALL,1
EVT:WIND_SHEAR_OR_GUST,UNDER_CONDITION,COND:aircraft_configuration,1
EVT:WIND_SHEAR_OR_GUST,INDUCED_CONDITION,COND:visibility,1
COND:aerodynamic,CAUSES,EVT:LOSS_OF_CONTROL_INFLIGHT,26
COND:aerodynamic,CONTRIBUTES_TO,EVT:LOSS_OF_CONTROL_INFLIGHT,1
COND:aerodynamic,UNDER_CONDITION,EVT:LOSS_OF_CONTROL_INFLIGHT,3
COND:aerodynamic,CAUSES,EVT:CONTROL_INPUT_IMPROPER,10
COND:aerodynamic,CONTRIBUTES_TO,EVT:CONTROL_INPUT_IMPROPER,1
COND:aerodynamic,TRIGGERS,EVT:CONTROL_INPUT_IMPROPER,7
COND:aerodynamic,UNDER_CONDITION,EVT:CONTROL_INPUT_IMPROPER,6
COND:aerodynamic,ENABLES,EVT:CONTROL_INPUT_IMPROPER,3
COND:aerodynamic,RESPONDS_TO,EVT:CONTROL_INPUT_IMPROPER,1
COND:aerodynamic,IF_THEN,EVT:CONTROL_INPUT_IMPROPER,1
COND:aerodynamic,CAUSES,EVT:STALL,38
COND:aerodynamic,UNDER_CONDITION,EVT:STALL,2
COND:aerodynamic,CONTRIBUTES_TO,EVT:STALL,1
COND:aerodynamic,ENABLES,EVT:STALL,1
COND:aerodynamic,CONTRIBUTES_TO,EVT:LOSS_OF_CONTROL_GROUND,1
COND:aerodynamic,CAUSES,EVT:LOSS_OF_CONTROL_GROUND,5
COND:aerodynamic,CAUSES,EVT:DECISION_INAPPROPRIATE,3
COND:aerodynamic,INHIBITS,EVT:DECISION_INAPPROPRIATE,1
COND:aerodynamic,CONTRIBUTES_TO,EVT:DECISION_INAPPROPRIATE,1
COND:aerodynamic,TRIGGERS,EVT:DECISION_INAPPROPRIATE,5
COND:aerodynamic,UNDER_CONDITION,EVT:DECISION_INAPPROPRIATE,2
COND:aerodynamic,IF_THEN,EVT:DECISION_INAPPROPRIATE,4
COND:aerodynamic,CAUSES,EVT:RUNWAY_EXCURSION_OR_OVERRUN,10
COND:aerodynamic,CAUSES,EVT:ALTITUDE_DEVIATION_UNCONTROLLED,8
COND:aerodynamic,UNDER_CONDITION,EVT:ALTITUDE_DEVIATION_UNCONTROLLED,1
COND:aerodynamic,CAUSES,EVT:GROUND_IMPACT,22
COND:aerodynamic,CAUSES,EVT:LANDING_GEAR_ANOMALY,5
COND:aerodynamic,CAUSES,EVT:ENGINE_FAILURE,2
COND:aerodynamic,TRIGGERS,EVT:PROCEDURE_NOT_FOLLOWED,2
COND:aerodynamic,CAUSES,EVT:PROCEDURE_NOT_FOLLOWED,1
COND:aerodynamic,CONTRIBUTES_TO,EVT:PROCEDURE_NOT_FOLLOWED,1
COND:aerodynamic,MASKED_BY_CONDITION,EVT:PERCEPTION_FAILURE,1
COND:aerodynamic,UNDER_CONDITION,EVT:PERCEPTION_FAILURE,1
COND:aerodynamic,CAUSES,COND:aerodynamic,2
COND:aerodynamic,CAUSES,EVT:STRUCTURAL_OVERLOAD,2
COND:aerodynamic,CO_OCCURS,COND:environmental,1
COND:aerodynamic,TRIGGERS,EVT:CREW_COORDINATION_FAILURE,1
COND:aerodynamic,UNDER_CONDITION,EVT:WIND_SHEAR_OR_GUST,1
COND:aerodynamic,CONCURRENT,EVT:WIND_SHEAR_OR_GUST,1
COND:aerodynamic,CAUSES,EVT:GROUND_LOOP,1
COND:aerodynamic,CAUSES,COND:spatial,1
COND:location,CAUSES,EVT:LOSS_OF_CONTROL_GROUND,1
COND:location,CAUSES,COND:equipment,1
COND:location,CAUSES,EVT:LANDING_GEAR_ANOMALY,1
EVT:TERRAIN_OR_OBSTACLE_PROXIMITY,CAUSES,EVT:GROUND_IMPACT,92
EVT:TERRAIN_OR_OBSTACLE_PROXIMITY,CONTRIBUTES_TO,EVT:GROUND_IMPACT,3
EVT:TERRAIN_OR_OBSTACLE_PROXIMITY,PRECEDES,EVT:BIRD_OR_WILDLIFE_STRIKE,1
EVT:TERRAIN_OR_OBSTACLE_PROXIMITY,CAUSES,EVT:BIRD_OR_WILDLIFE_STRIKE,1
EVT:TERRAIN_OR_OBSTACLE_PROXIMITY,UNDER_CONDITION,COND:environmental,40
EVT:TERRAIN_OR_OBSTACLE_PROXIMITY,INDUCED_CONDITION,COND:environmental,1
EVT:TERRAIN_OR_OBSTACLE_PROXIMITY,CAUSES,EVT:TERRAIN_OR_OBSTACLE_PROXIMITY,4
EVT:TERRAIN_OR_OBSTACLE_PROXIMITY,CONCURRENT,EVT:TERRAIN_OR_OBSTACLE_PROXIMITY,1
EVT:TERRAIN_OR_OBSTACLE_PROXIMITY,CAUSES,EVT:DECISION_INAPPROPRIATE,1
EVT:TERRAIN_OR_OBSTACLE_PROXIMITY,TRIGGERS,EVT:DECISION_INAPPROPRIATE,1
EVT:TERRAIN_OR_OBSTACLE_PROXIMITY,RESPONDS_TO,EVT:DECISION_INAPPROPRIATE,1
EVT:TERRAIN_OR_OBSTACLE_PROXIMITY,CAUSES,EVT:LOSS_OF_CONTROL_INFLIGHT,14
EVT:TERRAIN_OR_OBSTACLE_PROXIMITY,CONCURRENT,EVT:LOSS_OF_CONTROL_INFLIGHT,1
EVT:TERRAIN_OR_OBSTACLE_PROXIMITY,PRECEDES,EVT:LOSS_OF_CONTROL_INFLIGHT,1
EVT:TERRAIN_OR_OBSTACLE_PROXIMITY,UNDER_CONDITION,COND:terrain,7
EVT:TERRAIN_OR_OBSTACLE_PROXIMITY,CAUSES,EVT:AIRFRAME_STRUCTURAL_FAILURE,7
EVT:TERRAIN_OR_OBSTACLE_PROXIMITY,CAUSES,EVT:SUCCESSFUL_RECOVERY,2
EVT:TERRAIN_OR_OBSTACLE_PROXIMITY,CAUSES,EVT:INFLIGHT_FIRE_OR_SMOKE,5
EVT:TERRAIN_OR_OBSTACLE_PROXIMITY,CAUSES,EVT:LANDING_GEAR_ANOMALY,2
EVT:TERRAIN_OR_OBSTACLE_PROXIMITY,CAUSES,EVT:LOSS_OF_CONTROL_GROUND,1
EVT:TERRAIN_OR_OBSTACLE_PROXIMITY,CAUSES,EVT:STRUCTURAL_OVERLOAD,4
EVT:TERRAIN_OR_OBSTACLE_PROXIMITY,CONTRIBUTES_TO,EVT:STRUCTURAL_OVERLOAD,1
EVT:TERRAIN_OR_OBSTACLE_PROXIMITY,CAUSES,EVT:PERCEPTION_FAILURE,1
EVT:TERRAIN_OR_OBSTACLE_PROXIMITY,CAUSES,EVT:INFLIGHT_BREAKUP,2
EVT:TERRAIN_OR_OBSTACLE_PROXIMITY,AFFECTED_BY,ENT:aircraft,1
EVT:TERRAIN_OR_OBSTACLE_PROXIMITY,UNDER_CONDITION,COND:operational,1
EVT:TERRAIN_OR_OBSTACLE_PROXIMITY,CAUSES,EVT:ENGINE_FAILURE,2
EVT:TERRAIN_OR_OBSTACLE_PROXIMITY,INDUCED_CONDITION,COND:human_factors,1
EVT:TERRAIN_OR_OBSTACLE_PROXIMITY,UNDER_CONDITION,COND:physical,1
EVT:TERRAIN_OR_OBSTACLE_PROXIMITY,CAUSES,EVT:ALTITUDE_DEVIATION_UNCONTROLLED,1
EVT:TERRAIN_OR_OBSTACLE_PROXIMITY,TRIGGERS,EVT:CONTROL_INPUT_IMPROPER,1
EVT:TERRAIN_OR_OBSTACLE_PROXIMITY,CAUSES,EVT:CONTROL_INPUT_IMPROPER,1
EVT:TERRAIN_OR_OBSTACLE_PROXIMITY,CAUSES,EVT:RUNWAY_EXCURSION_OR_OVERRUN,2
EVT:TERRAIN_OR_OBSTACLE_PROXIMITY,CONTRIBUTES_TO,EVT:RUNWAY_EXCURSION_OR_OVERRUN,1
EVT:TERRAIN_OR_OBSTACLE_PROXIMITY,CAUSES,COND:mechanical,1
EVT:TERRAIN_OR_OBSTACLE_PROXIMITY,TRIGGERS,EVT:AUTOMATION_ANOMALY,1
EVT:TERRAIN_OR_OBSTACLE_PROXIMITY,CAUSES,EVT:MIDAIR_COLLISION,1
EVT:TERRAIN_OR_OBSTACLE_PROXIMITY,UNDER_CONDITION,COND:weather,3
EVT:TERRAIN_OR_OBSTACLE_PROXIMITY,CONCURRENT,COND:weather,1
EVT:TERRAIN_OR_OBSTACLE_PROXIMITY,CAUSES,EVT:PILOT_INCAPACITATION_OR_IMPAIRMENT,1
EVT:TERRAIN_OR_OBSTACLE_PROXIMITY,CONTRIBUTES_TO,EVT:STALL,1
EVT:TERRAIN_OR_OBSTACLE_PROXIMITY,CAUSES,EVT:STALL,1
EVT:TERRAIN_OR_OBSTACLE_PROXIMITY,CAUSES,EVT:WATER_IMPACT,2
EVT:TERRAIN_OR_OBSTACLE_PROXIMITY,UNDER_CONDITION,ENT:location,1
EVT:TERRAIN_OR_OBSTACLE_PROXIMITY,UNDER_CONDITION,COND:aerodynamic,1
EVT:TERRAIN_OR_OBSTACLE_PROXIMITY,CAUSES,EVT:INJURY_OR_FATALITY,1
EVT:TERRAIN_OR_OBSTACLE_PROXIMITY,UNDER_CONDITION,COND:other,1
EVT:TERRAIN_OR_OBSTACLE_PROXIMITY,CAUSES,COND:structural_damage,1
EVT:TERRAIN_OR_OBSTACLE_PROXIMITY,RESPONDS_TO,EVT:PROCEDURE_NOT_FOLLOWED,1
EVT:TERRAIN_OR_OBSTACLE_PROXIMITY,CAUSES,EVT:CONTROL_SURFACE_ANOMALY,2
EVT:GROUND_PERSONNEL_ERROR,CAUSES,COND:mechanical,6
EVT:GROUND_PERSONNEL_ERROR,UNDER_CONDITION,COND:mechanical,2
EVT:GROUND_PERSONNEL_ERROR,INDUCED_CONDITION,COND:mechanical,3
EVT:GROUND_PERSONNEL_ERROR,CAUSES,COND:situational_awareness,1
EVT:GROUND_PERSONNEL_ERROR,UNDER_CONDITION,COND:environmental,4
EVT:GROUND_PERSONNEL_ERROR,CAUSES,COND:environmental,11
EVT:GROUND_PERSONNEL_ERROR,INDUCED_CONDITION,COND:environmental,2
EVT:GROUND_PERSONNEL_ERROR,CAUSES,EVT:LOSS_OF_CONTROL_GROUND,1
EVT:GROUND_PERSONNEL_ERROR,UNDER_CONDITION,COND:organizational,1
EVT:GROUND_PERSONNEL_ERROR,INDUCED_CONDITION,COND:organizational,1
EVT:GROUND_PERSONNEL_ERROR,CAUSES,COND:organizational,1
EVT:GROUND_PERSONNEL_ERROR,CAUSES,COND:cognitive,1
EVT:GROUND_PERSONNEL_ERROR,CAUSES,COND:physiological,1
EVT:GROUND_PERSONNEL_ERROR,CAUSES,EVT:GROUND_IMPACT,9
EVT:GROUND_PERSONNEL_ERROR,INHIBITS,EVT:GROUND_IMPACT,1
EVT:GROUND_PERSONNEL_ERROR,CONTRIBUTES_TO,EVT:GROUND_IMPACT,4
EVT:GROUND_PERSONNEL_ERROR,CAUSES,EVT:GROUND_COLLISION,1
EVT:GROUND_PERSONNEL_ERROR,CONTRIBUTES_TO,EVT:GROUND_COLLISION,2
EVT:GROUND_PERSONNEL_ERROR,TRIGGERS,EVT:CREW_COORDINATION_FAILURE,1
EVT:GROUND_PERSONNEL_ERROR,MASKED_BY_CONDITION,COND:weather,1
EVT:GROUND_PERSONNEL_ERROR,UNDER_CONDITION,COND:weather,1
EVT:GROUND_PERSONNEL_ERROR,RESPONDS_TO,EVT:PERCEPTION_FAILURE,1
EVT:GROUND_PERSONNEL_ERROR,PRECEDES,EVT:PERCEPTION_FAILURE,1
EVT:GROUND_PERSONNEL_ERROR,RESPONDS_TO,EVT:CONTROL_INPUT_IMPROPER,1
EVT:GROUND_PERSONNEL_ERROR,INDUCED_CONDITION,COND:procedural,1
EVT:GROUND_PERSONNEL_ERROR,CAUSES,ENT:object,1
EVT:GROUND_PERSONNEL_ERROR,CAUSES,EVT:RUNWAY_EXCURSION_OR_OVERRUN,1
EVT:GROUND_PERSONNEL_ERROR,AFFECTS,ENT:equipment,1
EVT:GROUND_PERSONNEL_ERROR,CAUSES,ENT:component,1
EVT:GROUND_PERSONNEL_ERROR,CAUSES,COND:human_performance,1
EVT:GROUND_PERSONNEL_ERROR,CAUSES,COND:information,1
EVT:GROUND_PERSONNEL_ERROR,INDUCED_CONDITION,COND:fuel,1
EVT:GROUND_PERSONNEL_ERROR,RESPONDS_TO,EVT:DECISION_INAPPROPRIATE,1
EVT:GROUND_PERSONNEL_ERROR,CONTRIBUTES_TO,EVT:EMERGENCY_LANDING,1
EVT:GROUND_PERSONNEL_ERROR,CAUSES,EVT:CONTROL_SURFACE_ANOMALY,1
EVT:GROUND_PERSONNEL_ERROR,CAUSES,EVT:GROUND_DAMAGE,1
EVT:CONTROL_SURFACE_ANOMALY,CAUSES,COND:mechanical,4
EVT:CONTROL_SURFACE_ANOMALY,UNDER_CONDITION,COND:mechanical,13
EVT:CONTROL_SURFACE_ANOMALY,INDUCED_CONDITION,COND:mechanical,23
EVT:CONTROL_SURFACE_ANOMALY,CAUSES,EVT:GROUND_IMPACT,11
EVT:CONTROL_SURFACE_ANOMALY,INDUCED_CONDITION,COND:environmental,1
EVT:CONTROL_SURFACE_ANOMALY,CONTRIBUTES_TO,COND:environmental,1
EVT:CONTROL_SURFACE_ANOMALY,UNDER_CONDITION,COND:environmental,1
EVT:CONTROL_SURFACE_ANOMALY,RESPONDS_TO,EVT:CONTROL_INPUT_IMPROPER,10
EVT:CONTROL_SURFACE_ANOMALY,CAUSES,EVT:CONTROL_INPUT_IMPROPER,2
EVT:CONTROL_SURFACE_ANOMALY,TRIGGERS,EVT:CONTROL_INPUT_IMPROPER,2
EVT:CONTROL_SURFACE_ANOMALY,CAUSES,EVT:DECISION_INAPPROPRIATE,1
EVT:CONTROL_SURFACE_ANOMALY,CONTRIBUTES_TO,EVT:DECISION_INAPPROPRIATE,1
EVT:CONTROL_SURFACE_ANOMALY,RESPONDS_TO,EVT:DECISION_INAPPROPRIATE,1
EVT:CONTROL_SURFACE_ANOMALY,TRIGGERS,EVT:DECISION_INAPPROPRIATE,2
EVT:CONTROL_SURFACE_ANOMALY,CAUSES,EVT:LOSS_OF_CONTROL_INFLIGHT,12
EVT:CONTROL_SURFACE_ANOMALY,CAUSES,EVT:ENGINE_FAILURE,3
EVT:CONTROL_SURFACE_ANOMALY,INDUCED_CONDITION,COND:aerodynamic,1
EVT:CONTROL_SURFACE_ANOMALY,CAUSES,EVT:PROCEDURE_NOT_FOLLOWED,1
EVT:CONTROL_SURFACE_ANOMALY,RESPONDS_TO,EVT:PROCEDURE_NOT_FOLLOWED,5
EVT:CONTROL_SURFACE_ANOMALY,CAUSES,EVT:STRUCTURAL_OVERLOAD,2
EVT:CONTROL_SURFACE_ANOMALY,CAUSES,EVT:LOSS_OF_CONTROL_GROUND,4
EVT:CONTROL_SURFACE_ANOMALY,CAUSES,EVT:EMERGENCY_LANDING,2
EVT:CONTROL_SURFACE_ANOMALY,CAUSES,EVT:INJURY_OR_FATALITY,1
EVT:CONTROL_SURFACE_ANOMALY,CAUSES,EVT:PERCEPTION_FAILURE,2
EVT:CONTROL_SURFACE_ANOMALY,TRIGGERS,EVT:PERCEPTION_FAILURE,1
EVT:CONTROL_SURFACE_ANOMALY,CAUSES,EVT:RUNWAY_EXCURSION_OR_OVERRUN,3
EVT:CONTROL_SURFACE_ANOMALY,CAUSES,EVT:MAINTENANCE_INADEQUATE,1
EVT:CONTROL_SURFACE_ANOMALY,RESPONDS_TO,EVT:SUCCESSFUL_RECOVERY,1
EVT:CONTROL_SURFACE_ANOMALY,CAUSES,EVT:TERRAIN_OR_OBSTACLE_PROXIMITY,1
EVT:CONTROL_SURFACE_ANOMALY,AFFECTS,ENT:component,1
EVT:CONTROL_SURFACE_ANOMALY,TRIGGERS,EVT:INSTRUMENT_OR_AVIONICS_FAILURE,1
EVT:CONTROL_SURFACE_ANOMALY,CAUSES,EVT:INSTRUMENT_OR_AVIONICS_FAILURE,1
EVT:CONTROL_SURFACE_ANOMALY,CAUSES,EVT:PILOT_INCAPACITATION_OR_IMPAIRMENT,1
EVT:CONTROL_SURFACE_ANOMALY,CAUSES,EVT:AIRFRAME_STRUCTURAL_FAILURE,1
EVT:AUTOMATION_ANOMALY,CAUSES,COND:mechanical,1
EVT:AUTOMATION_ANOMALY,INDUCED_CONDITION,COND:mechanical,2
EVT:AUTOMATION_ANOMALY,UNDER_CONDITION,COND:mechanical,1
EVT:AUTOMATION_ANOMALY,CAUSES,EVT:LOSS_OF_CONTROL_GROUND,1
EVT:AUTOMATION_ANOMALY,TRIGGERS,EVT:PROCEDURE_NOT_FOLLOWED,3
EVT:AUTOMATION_ANOMALY,RESPONDS_TO,EVT:PROCEDURE_NOT_FOLLOWED,2
EVT:AUTOMATION_ANOMALY,RESPONDS_TO,EVT:CONTROL_INPUT_IMPROPER,2
EVT:AUTOMATION_ANOMALY,TRIGGERS,EVT:CONTROL_INPUT_IMPROPER,1
EVT:AUTOMATION_ANOMALY,CAUSES,EVT:CONTROL_SURFACE_ANOMALY,1
EVT:AUTOMATION_ANOMALY,CAUSES,EVT:ALTITUDE_DEVIATION_UNCONTROLLED,1
EVT:AUTOMATION_ANOMALY,CAUSES,COND:unknown,1
EVT:AUTOMATION_ANOMALY,CAUSES,EVT:AUTOMATION_ANOMALY,1
EVT:AUTOMATION_ANOMALY,CAUSES,EVT:LOSS_OF_CONTROL_INFLIGHT,3
EVT:AUTOMATION_ANOMALY,TRIGGERS,EVT:LOSS_OF_CONTROL_INFLIGHT,1
EVT:AUTOMATION_ANOMALY,CAUSES,EVT:GROUND_IMPACT,3
EVT:AUTOMATION_ANOMALY,INDUCED_CONDITION,COND:situational,1
EVT:AUTOMATION_ANOMALY,CAUSES,COND:aerodynamic,1
EVT:AUTOMATION_ANOMALY,UNDER_CONDITION,COND:system,1
EVT:AUTOMATION_ANOMALY,AFFECTS,ENT:component,1
EVT:AUTOMATION_ANOMALY,INDUCED_CONDITION,COND:environmental,1
COND:unknown,IF_THEN,EVT:LOSS_OF_CONTROL_INFLIGHT,1
COND:unknown,CAUSES,EVT:LOSS_OF_CONTROL_INFLIGHT,3
COND:unknown,CAUSES,EVT:GROUND_IMPACT,3
COND:unknown,CAUSES,EVT:AUTOMATION_ANOMALY,1
COND:unknown,ENABLES,EVT:CONTROL_INPUT_IMPROPER,1
COND:unknown,UNDER_CONDITION,EVT:BIRD_OR_WILDLIFE_STRIKE,1
COND:unknown,CAUSES,EVT:WATER_IMPACT,1
COND:unknown,CAUSES,EVT:PROCEDURE_NOT_FOLLOWED,1
COND:unknown,CAUSES,EVT:INFLIGHT_FIRE_OR_SMOKE,1
EVT:BIRD_OR_WILDLIFE_STRIKE,TRIGGERS,EVT:PERCEPTION_FAILURE,3
EVT:BIRD_OR_WILDLIFE_STRIKE,CAUSES,EVT:EMERGENCY_LANDING,4
EVT:BIRD_OR_WILDLIFE_STRIKE,CONTRIBUTES_TO,EVT:EMERGENCY_LANDING,1
EVT:BIRD_OR_WILDLIFE_STRIKE,UNDER_CONDITION,COND:weather,4
EVT:BIRD_OR_WILDLIFE_STRIKE,TRIGGERS,EVT:CONTROL_INPUT_IMPROPER,15
EVT:BIRD_OR_WILDLIFE_STRIKE,RESPONDS_TO,EVT:CONTROL_INPUT_IMPROPER,2
EVT:BIRD_OR_WILDLIFE_STRIKE,CAUSES,EVT:BIRD_OR_WILDLIFE_STRIKE,1
EVT:BIRD_OR_WILDLIFE_STRIKE,PRECEDES,EVT:BIRD_OR_WILDLIFE_STRIKE,1
EVT:BIRD_OR_WILDLIFE_STRIKE,CAUSES,EVT:ENGINE_FAILURE,2
EVT:BIRD_OR_WILDLIFE_STRIKE,INDUCED_CONDITION,COND:mechanical,1
EVT:BIRD_OR_WILDLIFE_STRIKE,CAUSES,COND:mechanical,5
EVT:BIRD_OR_WILDLIFE_STRIKE,CONTRIBUTES_TO,COND:mechanical,1
EVT:BIRD_OR_WILDLIFE_STRIKE,CAUSES,EVT:AIRFRAME_STRUCTURAL_FAILURE,14
EVT:BIRD_OR_WILDLIFE_STRIKE,CAUSES,COND:physical_damage,1
EVT:BIRD_OR_WILDLIFE_STRIKE,CAUSES,EVT:SUCCESSFUL_RECOVERY,1
EVT:BIRD_OR_WILDLIFE_STRIKE,TRIGGERS,EVT:PROCEDURE_NOT_FOLLOWED,4
EVT:BIRD_OR_WILDLIFE_STRIKE,CAUSES,EVT:PROCEDURE_NOT_FOLLOWED,1
EVT:BIRD_OR_WILDLIFE_STRIKE,TRIGGERS,EVT:DECISION_INAPPROPRIATE,3
EVT:BIRD_OR_WILDLIFE_STRIKE,CAUSES,EVT:DECISION_INAPPROPRIATE,1
EVT:BIRD_OR_WILDLIFE_STRIKE,CAUSES,EVT:GROUND_IMPACT,7
EVT:BIRD_OR_WILDLIFE_STRIKE,CAUSES,EVT:INSTRUMENT_OR_AVIONICS_FAILURE,1
EVT:BIRD_OR_WILDLIFE_STRIKE,UNDER_CONDITION,COND:environmental,7
EVT:BIRD_OR_WILDLIFE_STRIKE,INDUCED_CONDITION,COND:environmental,1
EVT:BIRD_OR_WILDLIFE_STRIKE,CAUSES,EVT:LOSS_OF_CONTROL_INFLIGHT,2
EVT:BIRD_OR_WILDLIFE_STRIKE,CAUSES,EVT:STALL,1
EVT:BIRD_OR_WILDLIFE_STRIKE,CAUSES,EVT:INJURY_OR_FATALITY,3
EVT:BIRD_OR_WILDLIFE_STRIKE,CAUSES,EVT:LANDING_GEAR_ANOMALY,2
EVT:BIRD_OR_WILDLIFE_STRIKE,CAUSES,EVT:CONTROL_SURFACE_ANOMALY,2
EVT:BIRD_OR_WILDLIFE_STRIKE,CAUSES,EVT:AUTOMATION_ANOMALY,1
EVT:BIRD_OR_WILDLIFE_STRIKE,CAUSES,EVT:RUNWAY_EXCURSION_OR_OVERRUN,1
EVT:BIRD_OR_WILDLIFE_STRIKE,CAUSES,EVT:INFLIGHT_BREAKUP,1
EVT:ALTITUDE_DEVIATION_UNCONTROLLED,CAUSES,EVT:LOSS_OF_CONTROL_INFLIGHT,5
EVT:ALTITUDE_DEVIATION_UNCONTROLLED,CONCURRENT,EVT:LOSS_OF_CONTROL_INFLIGHT,1
EVT:ALTITUDE_DEVIATION_UNCONTROLLED,CAUSES,EVT:RUNWAY_EXCURSION_OR_OVERRUN,6
EVT:ALTITUDE_DEVIATION_UNCONTROLLED,CAUSES,COND:other,1
EVT:ALTITUDE_DEVIATION_UNCONTROLLED,CAUSES,EVT:GROUND_IMPACT,50
EVT:ALTITUDE_DEVIATION_UNCONTROLLED,CAUSES,EVT:EMERGENCY_LANDING,2
EVT:ALTITUDE_DEVIATION_UNCONTROLLED,CAUSES,EVT:STALL,5
EVT:ALTITUDE_DEVIATION_UNCONTROLLED,CAUSES,EVT:CONTROL_INPUT_IMPROPER,4
EVT:ALTITUDE_DEVIATION_UNCONTROLLED,TRIGGERS,EVT:CONTROL_INPUT_IMPROPER,5
EVT:ALTITUDE_DEVIATION_UNCONTROLLED,RESPONDS_TO,EVT:CONTROL_INPUT_IMPROPER,13
EVT:ALTITUDE_DEVIATION_UNCONTROLLED,CONTRIBUTES_TO,EVT:CONTROL_INPUT_IMPROPER,1
EVT:ALTITUDE_DEVIATION_UNCONTROLLED,CAUSES,EVT:LOSS_OF_CONTROL_GROUND,1
EVT:ALTITUDE_DEVIATION_UNCONTROLLED,UNDER_CONDITION,COND:weather,6
EVT:ALTITUDE_DEVIATION_UNCONTROLLED,UNDER_CONDITION,COND:environmental,8
EVT:ALTITUDE_DEVIATION_UNCONTROLLED,INDUCED_CONDITION,COND:environmental,1
EVT:ALTITUDE_DEVIATION_UNCONTROLLED,ENABLES,COND:environmental,1
EVT:ALTITUDE_DEVIATION_UNCONTROLLED,CAUSES,COND:environmental,1
EVT:ALTITUDE_DEVIATION_UNCONTROLLED,INDUCED_CONDITION,COND:aerodynamic,8
EVT:ALTITUDE_DEVIATION_UNCONTROLLED,UNDER_CONDITION,COND:aerodynamic,1
EVT:ALTITUDE_DEVIATION_UNCONTROLLED,CAUSES,EVT:WATER_IMPACT,1
EVT:ALTITUDE_DEVIATION_UNCONTROLLED,UNDER_CONDITION,COND:spatial,1
EVT:ALTITUDE_DEVIATION_UNCONTROLLED,INDUCED_CONDITION,COND:spatial,2
EVT:ALTITUDE_DEVIATION_UNCONTROLLED,CAUSES,EVT:LANDING_GEAR_ANOMALY,1
EVT:ALTITUDE_DEVIATION_UNCONTROLLED,CAUSES,EVT:TERRAIN_OR_OBSTACLE_PROXIMITY,8
EVT:ALTITUDE_DEVIATION_UNCONTROLLED,CAUSES,EVT:STRUCTURAL_OVERLOAD,1
EVT:ALTITUDE_DEVIATION_UNCONTROLLED,UNDER_CONDITION,COND:terrain,2
EVT:ALTITUDE_DEVIATION_UNCONTROLLED,CAUSES,EVT:INFLIGHT_BREAKUP,1
EVT:ALTITUDE_DEVIATION_UNCONTROLLED,CAUSES,EVT:INJURY_OR_FATALITY,1
EVT:ALTITUDE_DEVIATION_UNCONTROLLED,RESPONDS_TO,EVT:DECISION_INAPPROPRIATE,1
EVT:ALTITUDE_DEVIATION_UNCONTROLLED,TRIGGERS,EVT:DECISION_INAPPROPRIATE,4
EVT:ALTITUDE_DEVIATION_UNCONTROLLED,CAUSES,EVT:DECISION_INAPPROPRIATE,3
EVT:ALTITUDE_DEVIATION_UNCONTROLLED,TRIGGERS,EVT:PROCEDURE_NOT_FOLLOWED,1
EVT:ALTITUDE_DEVIATION_UNCONTROLLED,RESPONDS_TO,EVT:PROCEDURE_NOT_FOLLOWED,2
EVT:ALTITUDE_DEVIATION_UNCONTROLLED,CAUSES,EVT:PERCEPTION_FAILURE,1
EVT:ALTITUDE_DEVIATION_UNCONTROLLED,CAUSES,EVT:LOW_VISIBILITY_OR_IMC,1
EVT:ALTITUDE_DEVIATION_UNCONTROLLED,PRECEDES,EVT:TCAS_CLEAR_OF_CONFLICT,1
EVT:WATER_IMPACT,UNDER_CONDITION,COND:environmental,7
EVT:WATER_IMPACT,CAUSES,COND:environmental,1
EVT:WATER_IMPACT,CAUSES,EVT:INJURY_OR_FATALITY,23
EVT:WATER_IMPACT,CAUSES,EVT:SUCCESSFUL_RECOVERY,2
EVT:WATER_IMPACT,TRIGGERS,EVT:SUCCESSFUL_RECOVERY,2
EVT:WATER_IMPACT,CAUSES,EVT:AIRFRAME_STRUCTURAL_FAILURE,3
EVT:WATER_IMPACT,UNDER_CONDITION,COND:mechanical,1
EVT:WATER_IMPACT,TRIGGERS,EVT:PROCEDURE_FOLLOWED,1
EVT:WATER_IMPACT,PRECEDES,EVT:PROCEDURE_NOT_FOLLOWED,1
EVT:WATER_IMPACT,CAUSES,EVT:GROUND_IMPACT,2
EVT:WATER_IMPACT,CAUSES,EVT:LOSS_OF_CONTROL_GROUND,1
EVT:WATER_IMPACT,CAUSES,EVT:STRUCTURAL_OVERLOAD,2
EVT:WATER_IMPACT,CAUSES,EVT:WATER_IMPACT,3
EVT:WATER_IMPACT,CAUSES,EVT:INFLIGHT_BREAKUP,1
EVT:WATER_IMPACT,CAUSES,EVT:ENGINE_FAILURE,1
EVT:WATER_IMPACT,CO_OCCURS,ENT:location,1
EVT:WATER_IMPACT,CAUSES,EVT:FLIGHT_CONTROL_FAILURE,1
EVT:WATER_IMPACT,UNDER_CONDITION,COND:terrain,1
EVT:INFLIGHT_FIRE_OR_SMOKE,CONTRIBUTES_TO,EVT:INJURY_OR_FATALITY,11
EVT:INFLIGHT_FIRE_OR_SMOKE,CAUSES,EVT:INJURY_OR_FATALITY,14
EVT:INFLIGHT_FIRE_OR_SMOKE,CAUSES,COND:mechanical,1
EVT:INFLIGHT_FIRE_OR_SMOKE,UNDER_CONDITION,COND:mechanical,7
EVT:INFLIGHT_FIRE_OR_SMOKE,INDUCED_CONDITION,COND:mechanical,6
EVT:INFLIGHT_FIRE_OR_SMOKE,RESPONDS_TO,EVT:PROCEDURE_NOT_FOLLOWED,16
EVT:INFLIGHT_FIRE_OR_SMOKE,TRIGGERS,EVT:PROCEDURE_NOT_FOLLOWED,3
EVT:INFLIGHT_FIRE_OR_SMOKE,CAUSES,EVT:SUCCESSFUL_RECOVERY,3
EVT:INFLIGHT_FIRE_OR_SMOKE,TRIGGERS,EVT:SUCCESSFUL_RECOVERY,4
EVT:INFLIGHT_FIRE_OR_SMOKE,RESPONDS_TO,EVT:SUCCESSFUL_RECOVERY,1
EVT:INFLIGHT_FIRE_OR_SMOKE,CAUSES,EVT:GROUND_IMPACT,10
EVT:INFLIGHT_FIRE_OR_SMOKE,CAUSES,EVT:EMERGENCY_LANDING,5
EVT:INFLIGHT_FIRE_OR_SMOKE,INDUCED_CONDITION,COND:environmental,8
EVT:INFLIGHT_FIRE_OR_SMOKE,CAUSES,COND:environmental,4
EVT:INFLIGHT_FIRE_OR_SMOKE,TRIGGERS,EVT:DECISION_INAPPROPRIATE,5
EVT:INFLIGHT_FIRE_OR_SMOKE,RESPONDS_TO,EVT:DECISION_INAPPROPRIATE,1
EVT:INFLIGHT_FIRE_OR_SMOKE,CAUSES,EVT:INFLIGHT_FIRE_OR_SMOKE,7
EVT:INFLIGHT_FIRE_OR_SMOKE,CAUSES,EVT:LOSS_OF_CONTROL_INFLIGHT,2
EVT:INFLIGHT_FIRE_OR_SMOKE,TRIGGERS,EVT:PERCEPTION_FAILURE,2
EVT:INFLIGHT_FIRE_OR_SMOKE,CAUSES,EVT:ENGINE_FAILURE,2
EVT:INFLIGHT_FIRE_OR_SMOKE,CAUSES,EVT:TERRAIN_OR_OBSTACLE_PROXIMITY,1
EVT:INFLIGHT_FIRE_OR_SMOKE,CAUSES,EVT:RUNWAY_EXCURSION_OR_OVERRUN,1
EVT:INFLIGHT_FIRE_OR_SMOKE,INDUCED_CONDITION,COND:other,1
EVT:INFLIGHT_FIRE_OR_SMOKE,RESPONDS_TO,EVT:GROUND_PERSONNEL_ERROR,1
EVT:MIDAIR_COLLISION,CAUSES,EVT:AIRFRAME_STRUCTURAL_FAILURE,2
EVT:MIDAIR_COLLISION,CAUSES,EVT:GROUND_IMPACT,11
EVT:MIDAIR_COLLISION,CAUSES,EVT:EMERGENCY_LANDING,1
EVT:MIDAIR_COLLISION,CAUSES,EVT:INJURY_OR_FATALITY,3
EVT:MIDAIR_COLLISION,CAUSES,EVT:LOSS_OF_CONTROL_INFLIGHT,2
EVT:MIDAIR_COLLISION,CONCURRENT,EVT:MIDAIR_COLLISION,1
EVT:MIDAIR_COLLISION,CAUSES,EVT:INFLIGHT_BREAKUP,1
EVT:MIDAIR_COLLISION,TRIGGERS,EVT:PROCEDURE_NOT_FOLLOWED,1
EVT:MIDAIR_COLLISION,CAUSES,EVT:WATER_IMPACT,1
COND:terrain,CONTRIBUTES_TO,EVT:INJURY_OR_FATALITY,1
COND:terrain,UNDER_CONDITION,EVT:TERRAIN_OR_OBSTACLE_PROXIMITY,1
COND:terrain,ENABLES,EVT:TERRAIN_OR_OBSTACLE_PROXIMITY,1
COND:terrain,INHIBITS,EVT:DECISION_INAPPROPRIATE,1
COND:terrain,ENABLES,EVT:DECISION_INAPPROPRIATE,1
COND:terrain,CAUSES,EVT:STALL,1
COND:terrain,CONTRIBUTES_TO,EVT:STALL,1
COND:terrain,UNDER_CONDITION,EVT:CONTROL_INPUT_IMPROPER,2
COND:terrain,ENABLES,EVT:CONTROL_INPUT_IMPROPER,1
COND:terrain,UNDER_CONDITION,EVT:GROUND_IMPACT,3
COND:terrain,CONTRIBUTES_TO,EVT:GROUND_IMPACT,1
COND:terrain,CAUSES,EVT:GROUND_IMPACT,2
COND:terrain,CAUSES,EVT:AIRFRAME_STRUCTURAL_FAILURE,2
COND:terrain,UNDER_CONDITION,EVT:LOSS_OF_CONTROL_INFLIGHT,2
COND:terrain,CAUSES,EVT:LOSS_OF_CONTROL_INFLIGHT,1
COND:terrain,CONTRIBUTES_TO,EVT:RUNWAY_EXCURSION_OR_OVERRUN,2
COND:terrain,MASKED_BY_CONDITION,EVT:PERCEPTION_FAILURE,1
COND:terrain,UNDER_CONDITION,EVT:DESCENT_BELOW_MINIMA,1
COND:terrain,CAUSES,EVT:LOSS_OF_CONTROL_GROUND,1
COND:terrain,CAUSES,COND:aerodynamic,1
COND:terrain,CAUSES,COND:weather,1
EVT:CREW_COORDINATION_FAILURE,CAUSES,EVT:CONTROL_INPUT_IMPROPER,2
EVT:CREW_COORDINATION_FAILURE,CONTRIBUTES_TO,EVT:CONTROL_INPUT_IMPROPER,4
EVT:CREW_COORDINATION_FAILURE,RESPONDS_TO,EVT:CONTROL_INPUT_IMPROPER,2
EVT:CREW_COORDINATION_FAILURE,CONCURRENT,EVT:CONTROL_INPUT_IMPROPER,1
EVT:CREW_COORDINATION_FAILURE,CONTRIBUTES_TO,EVT:DECISION_INAPPROPRIATE,1
EVT:CREW_COORDINATION_FAILURE,RESPONDS_TO,EVT:DECISION_INAPPROPRIATE,1
EVT:CREW_COORDINATION_FAILURE,UNDER_CONDITION,COND:human_factors,1
EVT:CREW_COORDINATION_FAILURE,CONTRIBUTES_TO,EVT:PROCEDURE_NOT_FOLLOWED,3
EVT:CREW_COORDINATION_FAILURE,CAUSES,EVT:PROCEDURE_NOT_FOLLOWED,2
EVT:CREW_COORDINATION_FAILURE,RESPONDS_TO,EVT:PROCEDURE_NOT_FOLLOWED,1
EVT:CREW_COORDINATION_FAILURE,CONTRIBUTES_TO,EVT:GROUND_IMPACT,3
EVT:CREW_COORDINATION_FAILURE,MITIGATES,EVT:GROUND_IMPACT,2
EVT:CREW_COORDINATION_FAILURE,CAUSES,EVT:GROUND_IMPACT,2
EVT:CREW_COORDINATION_FAILURE,INHIBITS,EVT:GROUND_IMPACT,2
EVT:CREW_COORDINATION_FAILURE,RESPONDS_TO,EVT:LOSS_OF_CONTROL_INFLIGHT,1
EVT:CREW_COORDINATION_FAILURE,CAUSES,EVT:LOSS_OF_CONTROL_INFLIGHT,1
EVT:CREW_COORDINATION_FAILURE,RESPONDS_TO,EVT:PERCEPTION_FAILURE,1
EVT:CREW_COORDINATION_FAILURE,CONTRIBUTES_TO,EVT:PERCEPTION_FAILURE,1
EVT:CREW_COORDINATION_FAILURE,CAUSES,EVT:PERCEPTION_FAILURE,1
EVT:CREW_COORDINATION_FAILURE,CONTRIBUTES_TO,EVT:SUCCESSFUL_RECOVERY,1
EVT:CREW_COORDINATION_FAILURE,CONTRIBUTES_TO,EVT:RUNWAY_EXCURSION_OR_OVERRUN,3
EVT:CREW_COORDINATION_FAILURE,CONCURRENT,EVT:RUNWAY_EXCURSION_OR_OVERRUN,1
EVT:CREW_COORDINATION_FAILURE,CONTRIBUTES_TO,EVT:STALL,2
EVT:CREW_COORDINATION_FAILURE,PREVENTS,EVT:STALL,1
EVT:CREW_COORDINATION_FAILURE,UNDER_CONDITION,COND:cognitive,1
EVT:CREW_COORDINATION_FAILURE,INDUCED_CONDITION,COND:human_factor,1
EVT:CREW_COORDINATION_FAILURE,INDUCED_CONDITION,COND:organizational,1
EVT:CREW_COORDINATION_FAILURE,CONTRIBUTES_TO,EVT:LOSS_OF_CONTROL_GROUND,1
EVT:CREW_COORDINATION_FAILURE,INHIBITS,EVT:CREW_COORDINATION_FAILURE,1
EVT:CREW_COORDINATION_FAILURE,INDUCED_CONDITION,COND:psychological,1
EVT:CREW_COORDINATION_FAILURE,MITIGATES,EVT:LANDING_GEAR_ANOMALY,1
COND:ergonomic,CAUSES,COND:mechanical,1
COND:design,CAUSES,COND:mechanical,5
COND:design,ENABLES,EVT:PROCEDURE_NOT_FOLLOWED,1
COND:design,INHIBITS,EVT:PROCEDURE_NOT_FOLLOWED,1
COND:design,CONTRIBUTES_TO,EVT:DECISION_INAPPROPRIATE,1
COND:design,ENABLES,EVT:CONTROL_INPUT_IMPROPER,1
COND:design,CONTRIBUTES_TO,EVT:PERCEPTION_FAILURE,1
COND:design,CAUSES,EVT:PERCEPTION_FAILURE,1
COND:information,CAUSES,EVT:PROCEDURE_NOT_FOLLOWED,3
COND:information,TRIGGERS,EVT:PROCEDURE_NOT_FOLLOWED,1
COND:information,RESPONDS_TO,EVT:PROCEDURE_NOT_FOLLOWED,1
COND:information,ENABLES,EVT:PROCEDURE_NOT_FOLLOWED,1
COND:information,CONTRIBUTES_TO,EVT:PROCEDURE_NOT_FOLLOWED,1
COND:information,CONTRIBUTES_TO,EVT:DECISION_INAPPROPRIATE,2
COND:information,CAUSES,EVT:DECISION_INAPPROPRIATE,2
COND:information,CAUSES,EVT:PERCEPTION_FAILURE,5
COND:information,CAUSES,EVT:CONTROL_INPUT_IMPROPER,1
COND:information,CONTRIBUTES_TO,EVT:CONTROL_INPUT_IMPROPER,1
COND:information,MASKED_BY_CONDITION,COND:weather,1
COND:information,CAUSES,COND:perception,1
COND:information,CONTRIBUTES_TO,EVT:RUNWAY_EXCURSION_OR_OVERRUN,1
COND:information,CAUSES,EVT:RUNWAY_EXCURSION_OR_OVERRUN,1
COND:information,CONTRIBUTES_TO,EVT:INSTRUMENT_OR_AVIONICS_FAILURE,1
COND:information,UNDER_CONDITION,EVT:LANDING_GEAR_ANOMALY,1
COND:information,CAUSES,COND:mechanical,2
COND:information,MASKED_BY_CONDITION,EVT:RUNWAY_CONDITION_HAZARD,1
COND:information,CONTRIBUTES_TO,EVT:TERRAIN_OR_OBSTACLE_PROXIMITY,1
COND:information,CAUSES,COND:weight,1
COND:information,CAUSES,EVT:ATC_OR_DISPATCH_INADEQUATE,1
COND:spatial,CAUSES,EVT:TERRAIN_OR_OBSTACLE_PROXIMITY,5
COND:spatial,CAUSES,EVT:GROUND_IMPACT,3
COND:spatial,RESPONDS_TO,EVT:DECISION_INAPPROPRIATE,1
COND:spatial,ENABLES,EVT:DECISION_INAPPROPRIATE,2
COND:spatial,CAUSES,EVT:DECISION_INAPPROPRIATE,1
COND:spatial,UNDER_CONDITION,EVT:PERCEPTION_FAILURE,1
COND:spatial,CAUSES,EVT:PERCEPTION_FAILURE,2
COND:spatial,CONTRIBUTES_TO,EVT:PERCEPTION_FAILURE,1
COND:spatial,CAUSES,EVT:CONTROL_INPUT_IMPROPER,4
COND:spatial,ENABLES,EVT:CONTROL_INPUT_IMPROPER,1
COND:spatial,CAUSES,EVT:GROUND_COLLISION,2
COND:spatial,ENABLES,EVT:GROUND_COLLISION,2
COND:spatial,CAUSES,EVT:SPATIAL_DISORIENTATION,2
COND:spatial,CAUSES,COND:perceptual,1
COND:spatial,CAUSES,EVT:PROCEDURE_NOT_FOLLOWED,1
COND:spatial,UNDER_CONDITION,EVT:GROUND_EXCURSION,1
COND:equipment,ENABLES,EVT:PERCEPTION_FAILURE,1
COND:equipment,CAUSES,EVT:PERCEPTION_FAILURE,2
COND:equipment,CONTRIBUTES_TO,EVT:PERCEPTION_FAILURE,2
COND:equipment,INHIBITS,EVT:PERCEPTION_FAILURE,2
COND:equipment,UNDER_CONDITION,EVT:PERCEPTION_FAILURE,1
COND:equipment,CONTRIBUTES_TO,EVT:RUNWAY_EXCURSION_OR_OVERRUN,2
COND:equipment,CAUSES,COND:environmental,1
COND:equipment,CONTRIBUTES_TO,COND:environmental,1
COND:equipment,ENABLES,EVT:CONTROL_INPUT_IMPROPER,3
COND:equipment,CAUSES,EVT:CREW_COORDINATION_FAILURE,1
COND:equipment,INHIBITS,EVT:PROCEDURE_NOT_FOLLOWED,3
COND:equipment,CAUSES,EVT:DECISION_INAPPROPRIATE,2
COND:equipment,INHIBITS,EVT:GROUND_IMPACT,2
COND:equipment,CONTRIBUTES_TO,EVT:TURBULENCE_ENCOUNTER,1
COND:equipment,CAUSES,COND:training,1
COND:equipment,CAUSES,EVT:SPATIAL_DISORIENTATION,1
COND:equipment,CAUSES,COND:equipment,1
COND:physiological,CAUSES,EVT:PILOT_INCAPACITATION_OR_IMPAIRMENT,2
COND:physiological,INDUCED_CONDITION,EVT:PILOT_INCAPACITATION_OR_IMPAIRMENT,1
COND:physiological,CAUSES,EVT:PERCEPTION_FAILURE,1
COND:physiological,CONTRIBUTES_TO,EVT:PERCEPTION_FAILURE,2
COND:physiological,CONTRIBUTES_TO,EVT:CONTROL_INPUT_IMPROPER,1
COND:physiological,CAUSES,EVT:CONTROL_INPUT_IMPROPER,1
COND:physiological,CONTRIBUTES_TO,EVT:LOSS_OF_CONTROL_INFLIGHT,1
COND:physiological,CONTRIBUTES_TO,EVT:DECISION_INAPPROPRIATE,1
COND:physiological,CAUSES,EVT:DECISION_INAPPROPRIATE,2
COND:physiological,CONTRIBUTES_TO,EVT:SPATIAL_DISORIENTATION,1
EVT:INFLIGHT_BREAKUP,CAUSES,EVT:INJURY_OR_FATALITY,5
EVT:INFLIGHT_BREAKUP,CAUSES,EVT:GROUND_IMPACT,11
EVT:INFLIGHT_BREAKUP,CONTRIBUTES_TO,EVT:GROUND_IMPACT,1
EVT:INFLIGHT_BREAKUP,CAUSES,EVT:LOSS_OF_CONTROL_INFLIGHT,3
EVT:INFLIGHT_BREAKUP,CAUSES,EVT:WATER_IMPACT,1
EVT:INFLIGHT_BREAKUP,RESPONDS_TO,EVT:PROCEDURE_NOT_FOLLOWED,1
COND:situational_awareness,CAUSES,EVT:DECISION_INAPPROPRIATE,4
COND:situational_awareness,TRIGGERS,EVT:DECISION_INAPPROPRIATE,1
COND:situational_awareness,ENABLES,EVT:MIDAIR_COLLISION,1
COND:situational_awareness,CAUSES,EVT:PERCEPTION_FAILURE,2
COND:situational_awareness,UNDER_CONDITION,EVT:PERCEPTION_FAILURE,1
COND:situational_awareness,CONTRIBUTES_TO,EVT:CONTROL_INPUT_IMPROPER,2
COND:situational_awareness,CAUSES,EVT:CONTROL_INPUT_IMPROPER,1
COND:situational_awareness,UNDER_CONDITION,EVT:GROUND_COLLISION,1
COND:situational_awareness,CONTRIBUTES_TO,EVT:GROUND_COLLISION,1
COND:situational_awareness,CAUSES,EVT:PROCEDURE_NOT_FOLLOWED,1
COND:situational_awareness,CONTRIBUTES_TO,EVT:PROCEDURE_NOT_FOLLOWED,1
COND:situational_awareness,TRIGGERS,EVT:CREW_COORDINATION_FAILURE,1
COND:instrument,CAUSES,COND:situational_awareness,1
COND:instrument,CAUSES,EVT:PERCEPTION_FAILURE,3
COND:instrument,CONTRIBUTES_TO,EVT:PERCEPTION_FAILURE,1
COND:instrument,UNDER_CONDITION,EVT:PERCEPTION_FAILURE,1
COND:instrument,CAUSES,EVT:CONTROL_INPUT_IMPROPER,2
COND:instrument,CONTRIBUTES_TO,EVT:CONTROL_INPUT_IMPROPER,1
COND:instrument,CAUSES,EVT:STALL,1
COND:instrument,RESPONDS_TO,EVT:PROCEDURE_NOT_FOLLOWED,1
COND:instrument,ENABLES,EVT:PROCEDURE_NOT_FOLLOWED,1
COND:instrument,CAUSES,EVT:INSTRUMENT_OR_AVIONICS_FAILURE,2
COND:instrument,UNDER_CONDITION,EVT:INSTRUMENT_OR_AVIONICS_FAILURE,1
COND:instrument,MASKED_BY_CONDITION,EVT:DECISION_INAPPROPRIATE,1
COND:instrument,MASKED_BY_CONDITION,COND:mechanical,1
ENT:person,UNDER_CONDITION,COND:attentional,1
ENT:person,RESPONDS_TO,EVT:PERCEPTION_FAILURE,1
ENT:person,CAUSES,COND:mechanical,1
ENT:person,RESPONDS_TO,EVT:PROCEDURE_NOT_FOLLOWED,2
ENT:person,PERFORMED_BY,EVT:PROCEDURE_NOT_FOLLOWED,1
ENT:person,PERFORMED_BY,EVT:CREW_COORDINATION_FAILURE,1
ENT:person,CAUSES,EVT:LOSS_OF_CONTROL_INFLIGHT,1
ENT:person,CAUSES,EVT:CONTROL_INPUT_IMPROPER,1
ENT:person,CONTRIBUTES_TO,EVT:DECISION_INAPPROPRIATE,1
ENT:person,RESPONDS_TO,EVT:DECISION_INAPPROPRIATE,1
COND:maintenance,CAUSES,COND:mechanical,14
COND:maintenance,CONTRIBUTES_TO,COND:mechanical,3
COND:maintenance,ENABLES,COND:mechanical,1
COND:maintenance,CAUSES,EVT:LANDING_GEAR_ANOMALY,2
COND:maintenance,CONTRIBUTES_TO,EVT:LANDING_GEAR_ANOMALY,1
COND:maintenance,CAUSES,EVT:ENGINE_FAILURE,1
COND:maintenance,CONTRIBUTES_TO,EVT:CONTROL_INPUT_IMPROPER,1
COND:maintenance,CONTRIBUTES_TO,EVT:GROUND_IMPACT,1
COND:maintenance,UNDER_CONDITION,EVT:DECISION_INAPPROPRIATE,1
COND:maintenance,ENABLES,COND:structural,1
EVT:ABORTED_TAKEOFF,CAUSES,EVT:GROUND_IMPACT,1
EVT:ABORTED_TAKEOFF,INDUCED_CONDITION,COND:mechanical,1
EVT:ABORTED_TAKEOFF,CAUSES,EVT:INFLIGHT_FIRE_OR_SMOKE,1
EVT:BOUNCE,CAUSES,EVT:LANDING_GEAR_ANOMALY,1
COND:physical,CAUSES,EVT:DECISION_INAPPROPRIATE,1
COND:physical,ENABLES,EVT:LOSS_OF_CONTROL_GROUND,1
COND:physical,CONTRIBUTES_TO,EVT:LOSS_OF_CONTROL_GROUND,1
COND:physical,CAUSES,EVT:RUNWAY_EXCURSION_OR_OVERRUN,2
COND:physical,CONTRIBUTES_TO,EVT:PROCEDURE_NOT_FOLLOWED,1
COND:physical,CONTRIBUTES_TO,EVT:CONTROL_INPUT_IMPROPER,1
COND:physical,CAUSES,EVT:ALTITUDE_DEVIATION_UNCONTROLLED,1
EVT:HYDRAULIC_SYSTEM_FAILURE,CAUSES,EVT:LANDING_GEAR_ANOMALY,1
EVT:HYDRAULIC_SYSTEM_FAILURE,INDUCED_CONDITION,COND:mechanical,1
EVT:HYDRAULIC_SYSTEM_FAILURE,CAUSES,COND:mechanical,5
EVT:HYDRAULIC_SYSTEM_FAILURE,MASKED_BY_CONDITION,COND:mechanical,1
EVT:HYDRAULIC_SYSTEM_FAILURE,RESPONDS_TO,EVT:PROCEDURE_FOLLOWED,1
EVT:HYDRAULIC_SYSTEM_FAILURE,TRIGGERS,EVT:PROCEDURE_FOLLOWED,1
EVT:HYDRAULIC_SYSTEM_FAILURE,CONTRIBUTES_TO,EVT:GROUND_COLLISION,1
EVT:HYDRAULIC_SYSTEM_FAILURE,CONTRIBUTES_TO,EVT:EMERGENCY_LANDING,1
COND:configuration,ENABLES,COND:aerodynamic,1
COND:configuration,CAUSES,COND:aerodynamic,1
COND:configuration,CAUSES,EVT:RUNWAY_EXCURSION_OR_OVERRUN,2
COND:configuration,CONTRIBUTES_TO,EVT:RUNWAY_EXCURSION_OR_OVERRUN,1
COND:configuration,CAUSES,EVT:LOSS_OF_CONTROL_INFLIGHT,1
COND:configuration,CAUSES,EVT:LOSS_OF_CONTROL_GROUND,1
COND:configuration,CAUSES,EVT:STALL,1
COND:configuration,MASKED_BY_CONDITION,EVT:PERCEPTION_FAILURE,1
EVT:FUEL_SYSTEM_ANOMALY,CONTRIBUTES_TO,EVT:PERCEPTION_FAILURE,1
EVT:FUEL_SYSTEM_ANOMALY,CAUSES,EVT:PERCEPTION_FAILURE,1
EVT:FUEL_SYSTEM_ANOMALY,CAUSES,EVT:ENGINE_FAILURE,18
EVT:FUEL_SYSTEM_ANOMALY,INDUCED_CONDITION,COND:mechanical,8
EVT:FUEL_SYSTEM_ANOMALY,UNDER_CONDITION,COND:mechanical,11
EVT:FUEL_SYSTEM_ANOMALY,CAUSES,COND:mechanical,2
EVT:FUEL_SYSTEM_ANOMALY,CAUSES,EVT:INSTRUMENT_OR_AVIONICS_FAILURE,1
EVT:FUEL_SYSTEM_ANOMALY,CONTRIBUTES_TO,EVT:DECISION_INAPPROPRIATE,1
EVT:FUEL_SYSTEM_ANOMALY,TRIGGERS,EVT:DECISION_INAPPROPRIATE,2
EVT:FUEL_SYSTEM_ANOMALY,RESPONDS_TO,EVT:DECISION_INAPPROPRIATE,2
EVT:FUEL_SYSTEM_ANOMALY,CAUSES,EVT:INFLIGHT_FIRE_OR_SMOKE,1
EVT:FUEL_SYSTEM_ANOMALY,CAUSES,EVT:GROUND_IMPACT,7
EVT:FUEL_SYSTEM_ANOMALY,CONTRIBUTES_TO,EVT:GROUND_IMPACT,1
EVT:FUEL_SYSTEM_ANOMALY,CAUSES,EVT:WATER_IMPACT,1
EVT:FUEL_SYSTEM_ANOMALY,TRIGGERS,EVT:EMERGENCY_LANDING,1
EVT:FUEL_SYSTEM_ANOMALY,CAUSES,EVT:EMERGENCY_LANDING,1
EVT:FUEL_SYSTEM_ANOMALY,CAUSES,EVT:RUNWAY_EXCURSION_OR_OVERRUN,1
EVT:FUEL_SYSTEM_ANOMALY,RESPONDS_TO,EVT:PROCEDURE_NOT_FOLLOWED,3
EVT:FUEL_SYSTEM_ANOMALY,TRIGGERS,EVT:PROCEDURE_NOT_FOLLOWED,2
EVT:FUEL_SYSTEM_ANOMALY,RESPONDS_TO,EVT:CONTROL_INPUT_IMPROPER,2
EVT:FUEL_SYSTEM_ANOMALY,CAUSES,EVT:LOSS_OF_CONTROL_INFLIGHT,1
EVT:FUEL_SYSTEM_ANOMALY,CAUSES,COND:operational,1
EVT:FUEL_SYSTEM_ANOMALY,INDUCED_CONDITION,COND:environmental,1
EVT:TRAINING_OR_CURRENCY_GAP,UNDER_CONDITION,COND:regulatory,1
EVT:TRAINING_OR_CURRENCY_GAP,CAUSES,COND:training_gap,2
EVT:TRAINING_OR_CURRENCY_GAP,CAUSES,EVT:LOSS_OF_CONTROL_INFLIGHT,1
EVT:TRAINING_OR_CURRENCY_GAP,INDUCED_CONDITION,COND:human_factor,1
EVT:TRAINING_OR_CURRENCY_GAP,CAUSES,EVT:LOSS_OF_CONTROL_GROUND,1
EVT:TRAINING_OR_CURRENCY_GAP,ENABLES,EVT:PROCEDURE_NOT_FOLLOWED,1
EVT:TRAINING_OR_CURRENCY_GAP,UNDER_CONDITION,COND:human_performance,1
EVT:TRAINING_OR_CURRENCY_GAP,CAUSES,EVT:CONTROL_INPUT_IMPROPER,1
EVT:TRAINING_OR_CURRENCY_GAP,CAUSES,COND:latent_defect,1
EVT:TRAINING_OR_CURRENCY_GAP,UNDER_CONDITION,COND:other,1
COND:regulatory,CONTRIBUTES_TO,EVT:CONTROL_INPUT_IMPROPER,1
COND:regulatory,INHIBITS,EVT:PILOT_INCAPACITATION_OR_IMPAIRMENT,1
COND:regulatory,ENABLES,EVT:PROCEDURE_NOT_FOLLOWED,2
COND:regulatory,ENABLES,EVT:LOSS_OF_CONTROL_INFLIGHT,1
COND:regulatory,ENABLES,EVT:DECISION_INAPPROPRIATE,1
COND:regulatory,ENABLES,ENT:aircraft,1
COND:regulatory,ENABLES,ENT:person,1
COND:operational,CAUSES,EVT:CONTROL_INPUT_IMPROPER,3
COND:operational,CAUSES,COND:mechanical,2
COND:operational,CONTRIBUTES_TO,COND:mechanical,1
COND:operational,CAUSES,EVT:GROUND_IMPACT,2
COND:operational,CONTRIBUTES_TO,EVT:GROUND_IMPACT,1
COND:operational,ENABLES,EVT:TRAINING_OR_CURRENCY_GAP,2
COND:operational,ENABLES,EVT:PILOT_INCAPACITATION_OR_IMPAIRMENT,1
COND:operational,CAUSES,EVT:PERCEPTION_FAILURE,1
COND:operational,UNDER_CONDITION,EVT:PERCEPTION_FAILURE,1
COND:operational,CAUSES,EVT:STRUCTURAL_OVERLOAD,1
COND:operational,CAUSES,EVT:DECISION_INAPPROPRIATE,2
COND:operational,ENABLES,EVT:DECISION_INAPPROPRIATE,2
COND:operational,CONTRIBUTES_TO,EVT:DECISION_INAPPROPRIATE,3
COND:operational,UNDER_CONDITION,EVT:DECISION_INAPPROPRIATE,1
COND:operational,ENABLES,EVT:PROCEDURE_NOT_FOLLOWED,1
COND:operational,UNDER_CONDITION,EVT:PROCEDURE_NOT_FOLLOWED,1
COND:operational,TRIGGERS,EVT:PROCEDURE_NOT_FOLLOWED,2
COND:operational,CAUSES,EVT:PROCEDURE_NOT_FOLLOWED,1
COND:operational,CAUSES,EVT:ATC_OR_DISPATCH_INADEQUATE,1
COND:operational,CONTRIBUTES_TO,EVT:RUNWAY_EXCURSION_OR_OVERRUN,1
COND:operational,CAUSES,EVT:RUNWAY_EXCURSION_OR_OVERRUN,1
COND:operational,CAUSES,EVT:RUNWAY_CONDITION_HAZARD,1
COND:operational,CAUSES,EVT:LOSS_OF_CONTROL_INFLIGHT,1
COND:operational,CONTRIBUTES_TO,EVT:LOSS_OF_CONTROL_INFLIGHT,1
COND:operational,CONTRIBUTES_TO,COND:operational,1
COND:operational,CAUSES,COND:operational,1
COND:operational,CONTRIBUTES_TO,EVT:STALL,1
COND:operational,CONTRIBUTES_TO,EVT:ENGINE_FAILURE,1
COND:operational,ENABLES,EVT:TURBULENCE_ENCOUNTER,1
COND:other,CAUSES,EVT:ALTITUDE_DEVIATION_UNCONTROLLED,1
COND:other,TRIGGERS,EVT:CONTROL_INPUT_IMPROPER,1
COND:other,ENABLES,EVT:CONTROL_INPUT_IMPROPER,1
COND:other,UNDER_CONDITION,EVT:CONTROL_INPUT_IMPROPER,1
COND:other,CAUSES,EVT:CONTROL_INPUT_IMPROPER,1
COND:other,CONTRIBUTES_TO,EVT:PROCEDURE_NOT_FOLLOWED,1
COND:other,CAUSES,EVT:ENGINE_FAILURE,1
COND:other,CAUSES,EVT:PERCEPTION_FAILURE,2
COND:other,INHIBITS,EVT:PERCEPTION_FAILURE,1
COND:other,CONTRIBUTES_TO,EVT:PERCEPTION_FAILURE,1
COND:other,CAUSES,EVT:DECISION_INAPPROPRIATE,2
COND:other,ENABLES,EVT:DECISION_INAPPROPRIATE,1
COND:other,CAUSES,EVT:TCAS_RA_ISSUED,1
COND:other,CAUSES,COND:other,1
COND:other,ENABLES,COND:other,1
COND:other,CONTRIBUTES_TO,EVT:LOSS_OF_CONTROL_INFLIGHT,1
COND:other,CONTRIBUTES_TO,EVT:INJURY_OR_FATALITY,1
COND:other,CONTRIBUTES_TO,EVT:GROUND_LOOP,1
COND:other,CAUSES,EVT:AIRFRAME_STRUCTURAL_FAILURE,1
EVT:PILOT_INCAPACITATION_OR_IMPAIRMENT,UNDER_CONDITION,COND:medical,7
EVT:PILOT_INCAPACITATION_OR_IMPAIRMENT,INDUCED_CONDITION,COND:medical,1
EVT:PILOT_INCAPACITATION_OR_IMPAIRMENT,CAUSES,EVT:PROCEDURE_NOT_FOLLOWED,2
EVT:PILOT_INCAPACITATION_OR_IMPAIRMENT,PRECEDES,EVT:PROCEDURE_NOT_FOLLOWED,1
EVT:PILOT_INCAPACITATION_OR_IMPAIRMENT,UNDER_CONDITION,COND:operational,1
EVT:PILOT_INCAPACITATION_OR_IMPAIRMENT,CAUSES,EVT:DECISION_INAPPROPRIATE,1
EVT:PILOT_INCAPACITATION_OR_IMPAIRMENT,RESPONDS_TO,EVT:DECISION_INAPPROPRIATE,3
EVT:PILOT_INCAPACITATION_OR_IMPAIRMENT,UNDER_CONDITION,COND:physiological,2
EVT:PILOT_INCAPACITATION_OR_IMPAIRMENT,CONTRIBUTES_TO,EVT:LOW_VISIBILITY_OR_IMC,1
EVT:PILOT_INCAPACITATION_OR_IMPAIRMENT,INDUCED_CONDITION,COND:mechanical,1
EVT:PILOT_INCAPACITATION_OR_IMPAIRMENT,RESPONDS_TO,EVT:CONTROL_INPUT_IMPROPER,2
EVT:PILOT_INCAPACITATION_OR_IMPAIRMENT,CAUSES,EVT:CONTROL_INPUT_IMPROPER,3
EVT:PILOT_INCAPACITATION_OR_IMPAIRMENT,CAUSES,EVT:CREW_COORDINATION_FAILURE,1
EVT:PILOT_INCAPACITATION_OR_IMPAIRMENT,INDUCED_CONDITION,COND:human_factor,1
EVT:PILOT_INCAPACITATION_OR_IMPAIRMENT,CAUSES,EVT:GROUND_IMPACT,3
EVT:PILOT_INCAPACITATION_OR_IMPAIRMENT,CONTRIBUTES_TO,EVT:GROUND_IMPACT,1
EVT:PILOT_INCAPACITATION_OR_IMPAIRMENT,INHIBITS,EVT:GROUND_IMPACT,1
EVT:PILOT_INCAPACITATION_OR_IMPAIRMENT,CAUSES,EVT:GROUND_PERSONNEL_ERROR,1
EVT:PILOT_INCAPACITATION_OR_IMPAIRMENT,CAUSES,EVT:SUCCESSFUL_RECOVERY,1
EVT:PILOT_INCAPACITATION_OR_IMPAIRMENT,CAUSES,EVT:LOSS_OF_CONTROL_INFLIGHT,1
EVT:PILOT_INCAPACITATION_OR_IMPAIRMENT,CAUSES,EVT:MIDAIR_COLLISION,1
EVT:PILOT_INCAPACITATION_OR_IMPAIRMENT,UNDER_CONDITION,COND:weather,1
EVT:PILOT_INCAPACITATION_OR_IMPAIRMENT,UNDER_CONDITION,COND:human_factors,1
EVT:PILOT_INCAPACITATION_OR_IMPAIRMENT,INDUCED_CONDITION,COND:human_factors,1
EVT:PILOT_INCAPACITATION_OR_IMPAIRMENT,CAUSES,EVT:INJURY_OR_FATALITY,2
EVT:PILOT_INCAPACITATION_OR_IMPAIRMENT,CAUSES,EVT:RUNWAY_EXCURSION_OR_OVERRUN,2
EVT:PILOT_INCAPACITATION_OR_IMPAIRMENT,CAUSES,EVT:PILOT_INCAPACITATION_OR_IMPAIRMENT,1
COND:medical,CAUSES,EVT:PERCEPTION_FAILURE,2
COND:medical,CAUSES,EVT:PILOT_INCAPACITATION_OR_IMPAIRMENT,8
COND:medical,CAUSES,EVT:DECISION_INAPPROPRIATE,1
COND:medical,ENABLES,EVT:ORG_OR_REGULATORY_INADEQUATE,1
COND:surface,CONTRIBUTES_TO,EVT:CONTROL_INPUT_IMPROPER,1
COND:surface,CONTRIBUTES_TO,EVT:LOSS_OF_CONTROL_GROUND,2
COND:surface,UNDER_CONDITION,EVT:LOSS_OF_CONTROL_GROUND,1
COND:surface,CONTRIBUTES_TO,EVT:DECISION_INAPPROPRIATE,1
COND:surface,CAUSES,EVT:GROUND_INCIDENT,1
COND:surface,CONTRIBUTES_TO,EVT:RUNWAY_EXCURSION_OR_OVERRUN,1
COND:surface,CAUSES,EVT:STRUCTURAL_OVERLOAD,1
COND:human_factors,CAUSES,EVT:PROCEDURE_NOT_FOLLOWED,19
COND:human_factors,CONTRIBUTES_TO,EVT:PROCEDURE_NOT_FOLLOWED,7
COND:human_factors,CAUSES,EVT:FUEL_SYSTEM_ANOMALY,1
COND:human_factors,CAUSES,EVT:PERCEPTION_FAILURE,7
COND:human_factors,CONTRIBUTES_TO,EVT:PERCEPTION_FAILURE,5
COND:human_factors,UNDER_CONDITION,EVT:PERCEPTION_FAILURE,1
COND:human_factors,CAUSES,EVT:CONTROL_INPUT_IMPROPER,9
COND:human_factors,CONTRIBUTES_TO,EVT:CONTROL_INPUT_IMPROPER,9
COND:human_factors,UNDER_CONDITION,EVT:CONTROL_INPUT_IMPROPER,3
COND:human_factors,CAUSES,COND:human_factors,3
COND:human_factors,CONTRIBUTES_TO,COND:human_factors,1
COND:human_factors,CAUSES,EVT:ALTITUDE_DEVIATION_UNCONTROLLED,1
COND:human_factors,CAUSES,EVT:DECISION_INAPPROPRIATE,4
COND:human_factors,UNDER_CONDITION,EVT:DECISION_INAPPROPRIATE,1
COND:human_factors,CONTRIBUTES_TO,EVT:DECISION_INAPPROPRIATE,3
COND:human_factors,CONTRIBUTES_TO,EVT:SPATIAL_DISORIENTATION,1
COND:human_factors,CAUSES,EVT:TERRAIN_OR_OBSTACLE_PROXIMITY,1
COND:human_factors,CAUSES,EVT:GROUND_PERSONNEL_ERROR,1
COND:human_factors,CONTRIBUTES_TO,EVT:LOSS_OF_CONTROL_INFLIGHT,2
COND:human_factors,CONTRIBUTES_TO,EVT:LOSS_OF_CONTROL_GROUND,1
COND:human_factors,CAUSES,EVT:LOSS_OF_CONTROL_GROUND,1
COND:human_factors,CONTRIBUTES_TO,EVT:RUNWAY_EXCURSION_OR_OVERRUN,1
COND:human_factors,CAUSES,EVT:GROUND_IMPACT,1
COND:human_factors,CAUSES,EVT:INJURY_OR_FATALITY,1
COND:human_factors,CONTRIBUTES_TO,EVT:INJURY_OR_FATALITY,1
EVT:BRAKE_ANOMALY,CAUSES,EVT:RUNWAY_EXCURSION_OR_OVERRUN,4
EVT:BRAKE_ANOMALY,RESPONDS_TO,EVT:CONTROL_INPUT_IMPROPER,1
EVT:BRAKE_ANOMALY,INDUCED_CONDITION,COND:mechanical,1
EVT:BRAKE_ANOMALY,CONCURRENT,EVT:INFLIGHT_FIRE_OR_SMOKE,1
COND:fuel_state,CAUSES,EVT:ENGINE_FAILURE,10
COND:fuel_state,CAUSES,COND:fuel_state,1
COND:fuel_state,CAUSES,EVT:FUEL_SYSTEM_ANOMALY,2
COND:aircraft_configuration,CONTRIBUTES_TO,COND:fuel_state,1
COND:aircraft_configuration,ENABLES,EVT:LOSS_OF_CONTROL_GROUND,2
COND:aircraft_configuration,CAUSES,EVT:LOSS_OF_CONTROL_INFLIGHT,1
COND:aircraft_configuration,CAUSES,COND:aircraft_configuration,1
COND:aircraft_configuration,INHIBITS,EVT:PROCEDURE_NOT_FOLLOWED,1
ENT:aircraft,CAUSES,COND:weather,3
COND:training_or_currency_gap,CAUSES,EVT:CONTROL_INPUT_IMPROPER,1
COND:training_or_currency_gap,CONTRIBUTES_TO,EVT:CONTROL_INPUT_IMPROPER,1
COND:training_or_currency_gap,CAUSES,EVT:DECISION_INAPPROPRIATE,1
EVT:LANDING,CAUSES,EVT:LANDING_GEAR_ANOMALY,1
EVT:LANDING,UNDER_CONDITION,COND:environmental,1
EVT:LANDING,CONCURRENT,EVT:RUNWAY_CONDITION_HAZARD,1
EVT:LANDING,UNDER_CONDITION,COND:weather,1
EVT:LANDING,CAUSES,EVT:PROCEDURE_NOT_FOLLOWED,1
COND:infrastructure,CONTRIBUTES_TO,EVT:PERCEPTION_FAILURE,1
COND:infrastructure,UNDER_CONDITION,EVT:PERCEPTION_FAILURE,2
COND:infrastructure,UNDER_CONDITION,EVT:RUNWAY_EXCURSION_OR_OVERRUN,2
COND:infrastructure,CONTRIBUTES_TO,EVT:RUNWAY_EXCURSION_OR_OVERRUN,1
COND:infrastructure,CAUSES,EVT:RUNWAY_EXCURSION_OR_OVERRUN,1
COND:infrastructure,ENABLES,EVT:TERRAIN_OR_OBSTACLE_PROXIMITY,1
COND:infrastructure,CAUSES,COND:knowledge,1
COND:infrastructure,CONTRIBUTES_TO,EVT:DECISION_INAPPROPRIATE,1
COND:infrastructure,TRIGGERS,EVT:DECISION_INAPPROPRIATE,1
COND:infrastructure,UNDER_CONDITION,EVT:RUNWAY_CONDITION_HAZARD,1
COND:infrastructure,CAUSES,COND:visual,1
COND:infrastructure,CAUSES,EVT:CONTROL_INPUT_IMPROPER,1
COND:infrastructure,CAUSES,EVT:LOSS_OF_CONTROL_GROUND,1
COND:human_factor,CONTRIBUTES_TO,EVT:DECISION_INAPPROPRIATE,3
COND:human_factor,CAUSES,EVT:DECISION_INAPPROPRIATE,1
COND:human_factor,CONTRIBUTES_TO,EVT:CONTROL_INPUT_IMPROPER,9
COND:human_factor,UNDER_CONDITION,EVT:CONTROL_INPUT_IMPROPER,1
COND:human_factor,CAUSES,EVT:CONTROL_INPUT_IMPROPER,5
COND:human_factor,CONTRIBUTES_TO,EVT:GROUND_PERSONNEL_ERROR,1
COND:human_factor,INHIBITS,COND:environmental,1
COND:human_factor,CAUSES,EVT:LOSS_OF_CONTROL_INFLIGHT,1
COND:human_factor,CONTRIBUTES_TO,EVT:LOSS_OF_CONTROL_INFLIGHT,1
COND:human_factor,CONTRIBUTES_TO,EVT:ALTITUDE_DEVIATION_UNCONTROLLED,1
COND:human_factor,CAUSES,COND:mechanical,2
COND:human_factor,CONTRIBUTES_TO,EVT:PROCEDURE_NOT_FOLLOWED,6
COND:human_factor,MASKED_BY_CONDITION,EVT:PROCEDURE_NOT_FOLLOWED,1
COND:human_factor,CAUSES,EVT:PROCEDURE_NOT_FOLLOWED,1
COND:human_factor,CONTRIBUTES_TO,EVT:INJURY_OR_FATALITY,1
COND:human_factor,CONTRIBUTES_TO,EVT:GROUND_INJURY,1
COND:human_factor,CONTRIBUTES_TO,EVT:TERRAIN_OR_OBSTACLE_PROXIMITY,1
COND:human_factor,CAUSES,EVT:NAVIGATION_ERROR,1
COND:human_factor,CONTRIBUTES_TO,EVT:PERCEPTION_FAILURE,2
COND:human_factor,CAUSES,EVT:PERCEPTION_FAILURE,1
COND:human_factor,CAUSES,EVT:STALL,1
COND:psychological,CAUSES,EVT:PERCEPTION_FAILURE,5
COND:psychological,CONTRIBUTES_TO,EVT:PERCEPTION_FAILURE,1
COND:psychological,CONTRIBUTES_TO,EVT:DECISION_INAPPROPRIATE,2
COND:psychological,CAUSES,EVT:DECISION_INAPPROPRIATE,2
COND:psychological,CAUSES,EVT:CONTROL_INPUT_IMPROPER,2
COND:psychological,CONTRIBUTES_TO,EVT:CONTROL_INPUT_IMPROPER,1
COND:training_gap,CONTRIBUTES_TO,EVT:DECISION_INAPPROPRIATE,1
COND:training_gap,CONTRIBUTES_TO,EVT:CONTROL_INPUT_IMPROPER,2
COND:aerodynamic_state,CAUSES,EVT:CONTROL_INPUT_IMPROPER,1
COND:training,CAUSES,EVT:DECISION_INAPPROPRIATE,1
COND:training,CONTRIBUTES_TO,EVT:DECISION_INAPPROPRIATE,1
COND:training,CONTRIBUTES_TO,EVT:CONTROL_INPUT_IMPROPER,2
COND:training,CONTRIBUTES_TO,EVT:PERCEPTION_FAILURE,1
COND:training,CAUSES,EVT:PERCEPTION_FAILURE,1
COND:training,CONTRIBUTES_TO,EVT:PROCEDURE_NOT_FOLLOWED,1
COND:attention,CAUSES,EVT:TERRAIN_OR_OBSTACLE_PROXIMITY,1
COND:attention,MASKED_BY_CONDITION,EVT:CONTROL_INPUT_IMPROPER,1
COND:attentional,CAUSES,EVT:PERCEPTION_FAILURE,1
COND:pilot_qualification,CONTRIBUTES_TO,EVT:DECISION_INAPPROPRIATE,2
COND:pilot_qualification,CONTRIBUTES_TO,EVT:PERCEPTION_FAILURE,1
COND:pilot_qualification,CONTRIBUTES_TO,EVT:LOSS_OF_CONTROL_INFLIGHT,1
COND:pilot_qualification,CONTRIBUTES_TO,EVT:ALTITUDE_DEVIATION_UNCONTROLLED,1
EVT:TIRE_FAILURE,INDUCED_CONDITION,COND:mechanical,1
EVT:TIRE_FAILURE,UNDER_CONDITION,COND:mechanical,1
EVT:TIRE_FAILURE,CAUSES,COND:system,1
EVT:TIRE_FAILURE,CAUSES,EVT:STRUCTURAL_DAMAGE,1
EVT:PROCEDURE_FOLLOWED,CAUSES,EVT:INJURY_OR_FATALITY,1
EVT:PROCEDURE_FOLLOWED,MITIGATES,EVT:WATER_IMPACT,1
EVT:PROCEDURE_FOLLOWED,RESPONDS_TO,EVT:ATC_OR_DISPATCH_INADEQUATE,1
EVT:PROCEDURE_FOLLOWED,CAUSES,EVT:SUCCESSFUL_RECOVERY,3
EVT:PROCEDURE_FOLLOWED,CAUSES,EVT:ALTITUDE_DEVIATION_UNCONTROLLED,1
COND:fatigue,CONTRIBUTES_TO,EVT:DECISION_INAPPROPRIATE,3
COND:fatigue,CONTRIBUTES_TO,EVT:PERCEPTION_FAILURE,1
COND:fatigue,CONTRIBUTES_TO,EVT:PROCEDURE_NOT_FOLLOWED,1
COND:fatigue,UNDER_CONDITION,ENT:person,2
COND:fatigue,CONTRIBUTES_TO,EVT:CONTROL_INPUT_IMPROPER,4
COND:human_performance,CAUSES,EVT:CONTROL_INPUT_IMPROPER,1
COND:human_performance,CAUSES,EVT:LOSS_OF_CONTROL_INFLIGHT,1
COND:human_performance,CONTRIBUTES_TO,EVT:LOSS_OF_CONTROL_INFLIGHT,1
COND:structural,CAUSES,EVT:AIRFRAME_STRUCTURAL_FAILURE,3
COND:structural,CONTRIBUTES_TO,EVT:AIRFRAME_STRUCTURAL_FAILURE,1
COND:structural,UNDER_CONDITION,EVT:AIRFRAME_STRUCTURAL_FAILURE,1
COND:structural,CONTRIBUTES_TO,COND:structural,1
COND:structural,CAUSES,EVT:LANDING_GEAR_ANOMALY,1
COND:structural,INHIBITS,EVT:DECISION_INAPPROPRIATE,1
EVT:JET_BLAST_ENCOUNTER,CAUSES,EVT:LOSS_OF_CONTROL_GROUND,1
EVT:JET_BLAST_ENCOUNTER,UNDER_CONDITION,COND:environmental,1
COND:obstacle,CAUSES,EVT:DECISION_INAPPROPRIATE,1
EVT:ORG_OR_REGULATORY_INADEQUATE,ENABLES,COND:organizational,1
EVT:ORG_OR_REGULATORY_INADEQUATE,CAUSES,COND:organizational,8
EVT:ORG_OR_REGULATORY_INADEQUATE,UNDER_CONDITION,COND:organizational,1
EVT:ORG_OR_REGULATORY_INADEQUATE,CONTRIBUTES_TO,EVT:STALL,1
EVT:ORG_OR_REGULATORY_INADEQUATE,CAUSES,COND:information,3
EVT:ORG_OR_REGULATORY_INADEQUATE,CONTRIBUTES_TO,EVT:GROUND_IMPACT,2
EVT:ORG_OR_REGULATORY_INADEQUATE,CAUSES,COND:mechanical,1
EVT:ORG_OR_REGULATORY_INADEQUATE,CONTRIBUTES_TO,EVT:PERCEPTION_FAILURE,1
EVT:ORG_OR_REGULATORY_INADEQUATE,CONTRIBUTES_TO,EVT:MAINTENANCE_INADEQUATE,1
EVT:ORG_OR_REGULATORY_INADEQUATE,CAUSES,COND:other,1
EVT:ORG_OR_REGULATORY_INADEQUATE,CAUSES,ENT:obstruction,1
EVT:ORG_OR_REGULATORY_INADEQUATE,CAUSES,COND:operational,1
COND:weight,CONTRIBUTES_TO,EVT:LOSS_OF_CONTROL_INFLIGHT,1
COND:weight,CAUSES,EVT:LOSS_OF_CONTROL_INFLIGHT,2
COND:weight,CONTRIBUTES_TO,EVT:CONTROL_INPUT_IMPROPER,2
COND:weight,CAUSES,EVT:CONTROL_INPUT_IMPROPER,2
COND:weight,CAUSES,EVT:STALL,1
COND:weight,CAUSES,EVT:ALTITUDE_DEVIATION_UNCONTROLLED,1
COND:weight,CAUSES,COND:aerodynamic,1
COND:weight,CAUSES,EVT:GROUND_IMPACT,1
COND:weight,CAUSES,EVT:ENGINE_FAILURE,1
ENT:component,UNDER_CONDITION,COND:mechanical,3
ENT:component,HAS_CONDITION,COND:mechanical,1
ENT:component,SUPERVISED_BY,COND:mechanical,1
ENT:component,INDUCED_CONDITION,COND:mechanical,3
ENT:component,CAUSES,COND:mechanical,2
ENT:component,ENABLES,COND:mechanical,1
ENT:component,AFFECTED_BY,EVT:LANDING_GEAR_ANOMALY,1
ENT:component,CAUSES,EVT:LANDING_GEAR_ANOMALY,1
ENT:component,SUPERVISED_BY,EVT:ENGINE_FAILURE,1
ENT:component,CAUSES,EVT:ENGINE_FAILURE,2
ENT:component,SUPERVISED_BY,ENT:component,4
ENT:component,CAUSES,EVT:LOSS_OF_CONTROL_INFLIGHT,1
COND:latent,CAUSES,EVT:GROUND_COLLISION,1
COND:latent,UNDER_CONDITION,EVT:CONTROL_INPUT_IMPROPER,1
COND:latent,CAUSES,EVT:RUNWAY_EXCURSION_OR_OVERRUN,1
COND:latent,CAUSES,COND:mechanical,1
EVT:GROUND_COLLISION,CAUSES,EVT:GROUND_COLLISION,6
EVT:GROUND_COLLISION,CONTRIBUTES_TO,EVT:GROUND_COLLISION,1
EVT:GROUND_COLLISION,CAUSES,EVT:INJURY_OR_FATALITY,3
EVT:GROUND_COLLISION,TRIGGERS,COND:spatial,1
EVT:GROUND_COLLISION,TRIGGERS,EVT:ATC_OR_DISPATCH_INADEQUATE,1
EVT:GROUND_COLLISION,CAUSES,EVT:GROUND_DAMAGE,2
EVT:GROUND_COLLISION,CAUSES,EVT:STRUCTURAL_DAMAGE,1
EVT:GROUND_COLLISION,CAUSES,EVT:AIRFRAME_STRUCTURAL_FAILURE,1
EVT:GROUND_COLLISION,CAUSES,EVT:PERCEPTION_FAILURE,1
EVT:GROUND_COLLISION,AFFECTS,ENT:aircraft,1
EVT:GROUND_COLLISION,AFFECTED_BY,ENT:aircraft,1
EVT:GROUND_COLLISION,UNDER_CONDITION,ENT:location,1
EVT:GROUND_COLLISION,UNDER_CONDITION,COND:environmental,1
EVT:GROUND_COLLISION,CAUSES,EVT:ENGINE_DAMAGE,1
EVT:GROUND_COLLISION,CAUSES,EVT:AIRFRAME_DAMAGE,1
EVT:GROUND_COLLISION,CAUSES,EVT:GROUND_IMPACT,1
EVT:TAXIING,PRECEDES,EVT:GROUND_COLLISION,1
EVT:TAXIING,CAUSES,EVT:GROUND_COLLISION,1
EVT:TAXIING,CONCURRENT,EVT:INSTRUMENT_OR_AVIONICS_FAILURE,1
EVT:TAXIING,UNDER_CONDITION,COND:environmental,2
EVT:TAXIING,TRIGGERS,EVT:PERCEPTION_FAILURE,1
EVT:TAXIING,UNDER_CONDITION,EVT:TURBULENCE_ENCOUNTER,1
EVT:TAXIING,TRIGGERS,EVT:LANDING_GEAR_ANOMALY,1
EVT:TAXIING,PRECEDES,EVT:GROUND_INCIDENT,1
EVT:TAXIING,UNDER_CONDITION,COND:spatial,1
COND:technology,CONTRIBUTES_TO,EVT:PERCEPTION_FAILURE,1
COND:visual_observation,CONTRIBUTES_TO,EVT:PERCEPTION_FAILURE,1
COND:knowledge,CAUSES,EVT:CONTROL_INPUT_IMPROPER,3
COND:knowledge,CONTRIBUTES_TO,EVT:CONTROL_INPUT_IMPROPER,2
COND:knowledge,CAUSES,EVT:PERCEPTION_FAILURE,1
COND:knowledge,CAUSES,EVT:DECISION_INAPPROPRIATE,3
COND:knowledge,CONTRIBUTES_TO,EVT:LOSS_OF_CONTROL_GROUND,1
COND:knowledge,MASKED_BY_CONDITION,EVT:ELECTRICAL_SYSTEM_FAILURE,1
COND:knowledge,CAUSES,EVT:RUNWAY_CONDITION_HAZARD,1
COND:knowledge,CONTRIBUTES_TO,EVT:RUNWAY_EXCURSION_OR_OVERRUN,1
COND:knowledge,CAUSES,EVT:RUNWAY_EXCURSION_OR_OVERRUN,1
EVT:ICING_ENCOUNTER,CAUSES,EVT:AIRFRAME_STRUCTURAL_FAILURE,2
EVT:ICING_ENCOUNTER,UNDER_CONDITION,COND:weather,12
EVT:ICING_ENCOUNTER,INDUCED_CONDITION,COND:weather,1
EVT:ICING_ENCOUNTER,CO_OCCURS,COND:weather,1
EVT:ICING_ENCOUNTER,CAUSES,COND:mechanical,2
EVT:ICING_ENCOUNTER,INDUCED_CONDITION,COND:mechanical,2
EVT:ICING_ENCOUNTER,CAUSES,EVT:ENGINE_FAILURE,5
EVT:ICING_ENCOUNTER,CAUSES,EVT:CONTROL_INPUT_IMPROPER,1
EVT:ICING_ENCOUNTER,CONTRIBUTES_TO,EVT:CONTROL_INPUT_IMPROPER,1
EVT:ICING_ENCOUNTER,INDUCED_CONDITION,COND:aircraft_state,1
EVT:ICING_ENCOUNTER,RESPONDS_TO,EVT:DECISION_INAPPROPRIATE,2
EVT:ICING_ENCOUNTER,INDUCED_CONDITION,COND:environmental,1
EVT:ICING_ENCOUNTER,CAUSES,EVT:PERCEPTION_FAILURE,1
EVT:ICING_ENCOUNTER,CAUSES,EVT:STALL,2
EVT:ICING_ENCOUNTER,CAUSES,COND:physiological,1
COND:documentation,CONTRIBUTES_TO,EVT:PROCEDURE_NOT_FOLLOWED,1
EVT:BRAKE_FAILURE,CAUSES,EVT:LOSS_OF_CONTROL_GROUND,2
EVT:BRAKE_FAILURE,UNDER_CONDITION,COND:mechanical,2
EVT:BRAKE_FAILURE,INDUCED_CONDITION,COND:mechanical,1
EVT:BRAKE_FAILURE,CAUSES,EVT:GROUND_COLLISION,1
EVT:BRAKE_FAILURE,CAUSES,EVT:RUNWAY_EXCURSION_OR_OVERRUN,3
EVT:BRAKE_FAILURE,RESPONDS_TO,EVT:CONTROL_INPUT_IMPROPER,1
EVT:BRAKE_FAILURE,INDUCED_CONDITION,COND:environmental,1
EVT:BRAKE_FAILURE,CAUSES,EVT:GROUND_LOOP,1
COND:pilot,CONTRIBUTES_TO,EVT:DECISION_INAPPROPRIATE,4
COND:pilot,CONTRIBUTES_TO,EVT:CONTROL_INPUT_IMPROPER,1
COND:pilot,CAUSES,EVT:LOSS_OF_CONTROL_INFLIGHT,1
COND:pilot_skill,CAUSES,EVT:CONTROL_INPUT_IMPROPER,1
COND:skill,CAUSES,EVT:PROCEDURE_NOT_FOLLOWED,1
COND:skill,CAUSES,EVT:CONTROL_INPUT_IMPROPER,2
COND:training_or_currency,CONTRIBUTES_TO,EVT:CONTROL_INPUT_IMPROPER,1
COND:ground_condition,CAUSES,EVT:GROUND_IMPACT,1
COND:aircraft_state,CONTRIBUTES_TO,COND:maintenance,1
COND:aircraft_state,CONTRIBUTES_TO,COND:aerodynamic,1
COND:aircraft_state,CAUSES,COND:aircraft_state,1
COND:aircraft_state,CAUSES,EVT:LOSS_OF_CONTROL_INFLIGHT,1
COND:aircraft_state,TRIGGERS,EVT:CONTROL_INPUT_IMPROPER,1
COND:aircraft_state,CAUSES,EVT:LOSS_OF_CONTROL_GROUND,2
COND:aircraft_state,INHIBITS,EVT:LOSS_OF_CONTROL_GROUND,1
COND:aircraft_state,CAUSES,EVT:RUNWAY_EXCURSION_OR_OVERRUN,1
COND:weight_and_balance,CAUSES,EVT:LOSS_OF_CONTROL_INFLIGHT,2
COND:weight_and_balance,CONTRIBUTES_TO,EVT:CONTROL_INPUT_IMPROPER,1
COND:weight_and_balance,CAUSES,EVT:LOSS_OF_CONTROL_GROUND,1
COND:weight_and_balance,UNDER_CONDITION,EVT:DECISION_INAPPROPRIATE,1
COND:weight_and_balance,CAUSES,COND:aerodynamic,1
COND:perception,CAUSES,EVT:PROCEDURE_NOT_FOLLOWED,1
COND:proximity,CAUSES,EVT:CONTROL_INPUT_IMPROPER,1
COND:traffic,MASKED_BY_CONDITION,EVT:PERCEPTION_FAILURE,1
COND:traffic,CAUSES,EVT:TCAS_TRAFFIC_ALERT,1
EVT:GROUND_DAMAGE,CAUSES,EVT:PROCEDURE_FOLLOWED,1
EVT:GROUND_MANEUVER,PRECEDES,EVT:PERCEPTION_FAILURE,1
COND:human,CAUSES,EVT:DECISION_INAPPROPRIATE,3
COND:human,CONTRIBUTES_TO,EVT:DECISION_INAPPROPRIATE,4
COND:human,CONTRIBUTES_TO,EVT:GROUND_IMPACT,1
COND:human,CONTRIBUTES_TO,EVT:CONTROL_INPUT_IMPROPER,3
COND:human,CAUSES,COND:mechanical,1
COND:human,CAUSES,EVT:PROCEDURE_NOT_FOLLOWED,5
COND:human,CONTRIBUTES_TO,EVT:PROCEDURE_NOT_FOLLOWED,3
COND:human,CONTRIBUTES_TO,EVT:LANDING_GEAR_ANOMALY,1
COND:human,CAUSES,EVT:PERCEPTION_FAILURE,2
EVT:TAXI,ENABLES,EVT:BIRD_OR_WILDLIFE_STRIKE,1
EVT:TAXI,TRIGGERS,EVT:LANDING_GEAR_ANOMALY,1
EVT:TAXI,CONCURRENT,EVT:PERCEPTION_FAILURE,1
EVT:TAXI,UNDER_CONDITION,COND:environmental,1
EVT:TAXI,PRECEDES,EVT:INFLIGHT_FIRE_OR_SMOKE,1
EVT:TAXI,UNDER_CONDITION,COND:aircraft_configuration,1
EVT:TAXI,UNDER_CONDITION,COND:mechanical,1
EVT:UNKNOWN,CONCURRENT,EVT:WATER_IMPACT,1
COND:position,CAUSES,EVT:CONTROL_INPUT_IMPROPER,1
EVT:HYDRAULIC_SYSTEM_ANOMALY,CAUSES,COND:mechanical,1
EVT:HOLDING_SHORT,CAUSES,EVT:GROUND_COLLISION,1
COND:resource,CAUSES,EVT:ENGINE_FAILURE,6
COND:resource,CAUSES,EVT:FUEL_SYSTEM_ANOMALY,2
COND:resource,INDUCED_CONDITION,EVT:FUEL_SYSTEM_ANOMALY,1
COND:resource,UNDER_CONDITION,EVT:DECISION_INAPPROPRIATE,1
COND:pilot_state,CONTRIBUTES_TO,EVT:CONTROL_INPUT_IMPROPER,1
COND:pilot_state,CONTRIBUTES_TO,EVT:PROCEDURE_NOT_FOLLOWED,1
COND:pilot_state,CAUSES,EVT:LOSS_OF_CONTROL_INFLIGHT,1
COND:security_threat,CAUSES,EVT:DECISION_INAPPROPRIATE,1
COND:spatial_reference,CAUSES,EVT:DECISION_INAPPROPRIATE,1
COND:spatial_reference,CAUSES,EVT:SPATIAL_DISORIENTATION,1
COND:aircraft_damage,CAUSES,EVT:RUNWAY_EXCURSION_OR_OVERRUN,1
EVT:TAKEOFF,TRIGGERS,EVT:ENGINE_FAILURE,1
EVT:TAKEOFF,CAUSES,EVT:LOSS_OF_CONTROL_INFLIGHT,1
EVT:TAKEOFF,PRECEDES,EVT:LOSS_OF_CONTROL_INFLIGHT,2
EVT:TAKEOFF,PRECEDES,EVT:GROUND_IMPACT,1
COND:fuel,CAUSES,EVT:ENGINE_FAILURE,7
COND:fuel,UNDER_CONDITION,EVT:PROCEDURE_NOT_FOLLOWED,1
COND:fuel,UNDER_CONDITION,EVT:PERCEPTION_FAILURE,1
COND:fuel,CAUSES,EVT:FUEL_SYSTEM_ANOMALY,1
COND:runway,CAUSES,EVT:LOSS_OF_CONTROL_GROUND,1
EVT:GROUND_CONTROL_LOSS,RESPONDS_TO,EVT:CONTROL_INPUT_IMPROPER,1
COND:equipment_defect,CONTRIBUTES_TO,EVT:PERCEPTION_FAILURE,1
COND:equipment_defect,CONTRIBUTES_TO,EVT:GROUND_PERSONNEL_ERROR,1
COND:traffic_situation,CONTRIBUTES_TO,EVT:PERCEPTION_FAILURE,1
COND:traffic_situation,CAUSES,EVT:MIDAIR_COLLISION,1
EVT:GROUND_POSITION,ENABLES,EVT:GROUND_COLLISION,1
EVT:GROUND_INCIDENT,RESPONDS_TO,EVT:CONTROL_INPUT_IMPROPER,1
EVT:GROUND_INCIDENT,UNDER_CONDITION,COND:environmental,2
EVT:GROUND_INCIDENT,CAUSES,EVT:GROUND_IMPACT,1
EVT:GROUND_INCIDENT,TRIGGERS,COND:mechanical,1
EVT:GROUND_INCIDENT,CAUSES,EVT:LOSS_OF_CONTROL_GROUND,1
COND:perceptual,INHIBITS,EVT:PROCEDURE_NOT_FOLLOWED,1
COND:perceptual,CONTRIBUTES_TO,EVT:CONTROL_INPUT_IMPROPER,1
COND:perceptual,CAUSES,EVT:CONTROL_INPUT_IMPROPER,1
COND:perceptual,CAUSES,EVT:GROUND_EXCURSION,1
COND:perceptual,MASKED_BY_CONDITION,COND:mechanical,1
COND:perceptual,ENABLES,EVT:BIRD_OR_WILDLIFE_STRIKE,1
COND:perceptual,CAUSES,EVT:GROUND_IMPACT,1
COND:behavioral,CONTRIBUTES_TO,EVT:CONTROL_INPUT_IMPROPER,1
EVT:COMMUNICATION_FAILURE,CAUSES,EVT:DECISION_INAPPROPRIATE,1
EVT:UNCONTROLLED_MOVEMENT,TRIGGERS,EVT:CONTROL_INPUT_IMPROPER,1
COND:aircraft_performance,CONTRIBUTES_TO,EVT:CONTROL_INPUT_IMPROPER,1
COND:automation,CAUSES,EVT:LOSS_OF_CONTROL_INFLIGHT,1
EVT:ELECTRICAL_SYSTEM_FAILURE,CAUSES,COND:mechanical,1
EVT:ELECTRICAL_SYSTEM_FAILURE,CAUSES,EVT:INSTRUMENT_OR_AVIONICS_FAILURE,1
COND:latent_hazard,CAUSES,EVT:RUNWAY_CONDITION_HAZARD,1
ENT:organization,SUPERVISED_BY,COND:organizational,2
ENT:organization,SUPERVISED_BY,EVT:MAINTENANCE_INADEQUATE,1
EVT:WAKE_TURBULENCE_ENCOUNTER,UNDER_CONDITION,COND:weather,1
EVT:THUNDERSTORM_OR_CONVECTIVE,UNDER_CONDITION,COND:weather,2
EVT:THUNDERSTORM_OR_CONVECTIVE,CAUSES,COND:weather,1
EVT:THUNDERSTORM_OR_CONVECTIVE,CAUSES,EVT:LOSS_OF_CONTROL_INFLIGHT,1
EVT:THUNDERSTORM_OR_CONVECTIVE,CAUSES,EVT:CONTROL_INPUT_IMPROPER,1
EVT:GROUND_LOS,TRIGGERS,EVT:CONTROL_INPUT_IMPROPER,1
EVT:GROUND_LOS,TRIGGERS,EVT:PROCEDURE_NOT_FOLLOWED,1
EVT:TAXI_OR_TAKEOFF,CAUSES,EVT:DECISION_INAPPROPRIATE,1
EVT:GROUND_EXCURSION_OR_OVERRUN,PRECEDES,EVT:CONTROL_INPUT_IMPROPER,1
EVT:GROUND_EXCURSION_OR_OVERRUN,RESPONDS_TO,EVT:CONTROL_INPUT_IMPROPER,1
EVT:GROUND_EXCURSION_OR_OVERRUN,PRECEDES,EVT:GROUND_EXCURSION_OR_OVERRUN,1
EVT:GROUND_EXCURSION_OR_OVERRUN,CONTRIBUTES_TO,EVT:GROUND_IMPACT,1
EVT:HYDRAULIC_LEAK,TRIGGERS,EVT:PERCEPTION_FAILURE,1
COND:mental,CAUSES,EVT:PROCEDURE_NOT_FOLLOWED,1
COND:visual,INHIBITS,EVT:CONTROL_INPUT_IMPROPER,1
COND:visual,CAUSES,EVT:PERCEPTION_FAILURE,2
COND:visual,UNDER_CONDITION,EVT:PERCEPTION_FAILURE,1
COND:visual,CONTRIBUTES_TO,EVT:PERCEPTION_FAILURE,1
COND:visual,CAUSES,EVT:ALTITUDE_DEVIATION_UNCONTROLLED,1
COND:workload,CAUSES,EVT:PROCEDURE_NOT_FOLLOWED,1
COND:system_state,INHIBITS,EVT:PROCEDURE_NOT_FOLLOWED,1
COND:system_state,CAUSES,EVT:GROUND_IMPACT,1
ENT:equipment,PERFORMED_BY,EVT:GROUND_PERSONNEL_ERROR,1
ENT:equipment,PERFORMED_BY,EVT:GROUND_IMPACT,1
ENT:equipment,ENABLES,EVT:CONTROL_INPUT_IMPROPER,1
ENT:object,UNDER_CONDITION,EVT:GROUND_COLLISION,1
COND:weight_balance,CAUSES,EVT:CONTROL_INPUT_IMPROPER,1
COND:experience,CONTRIBUTES_TO,EVT:CONTROL_INPUT_IMPROPER,1
COND:facility_state,INHIBITS,EVT:DECISION_INAPPROPRIATE,1
COND:equipment_malfunction,INHIBITS,ENT:person,1
EVT:GROUND_EXCURSION,CAUSES,EVT:GROUND_COLLISION,1
COND:ground_effect,ENABLES,EVT:LOSS_OF_CONTROL_GROUND,1
COND:runway_condition,UNDER_CONDITION,EVT:CONTROL_INPUT_IMPROPER,1
COND:fuel_flow_anomaly,RESPONDS_TO,EVT:PROCEDURE_NOT_FOLLOWED,1
COND:system,MASKED_BY_CONDITION,EVT:PERCEPTION_FAILURE,1
COND:system,ENABLES,EVT:PROCEDURE_NOT_FOLLOWED,1
COND:system,CAUSES,EVT:DECISION_INAPPROPRIATE,1
COND:system,CAUSES,EVT:GROUND_IMPACT,1
EVT:HYDRAULIC_FAILURE,UNDER_CONDITION,COND:mechanical,1
EVT:HYDRAULIC_FAILURE,CAUSES,EVT:EMERGENCY_LANDING,1
COND:mental_state,CAUSES,EVT:PROCEDURE_NOT_FOLLOWED,1
COND:mental_state,CAUSES,EVT:PERCEPTION_FAILURE,1
COND:mental_state,CAUSES,EVT:SPATIAL_DISORIENTATION,1
EVT:COMMUNICATION_INADEQUATE,CAUSES,EVT:PERCEPTION_FAILURE,1
EVT:GROUND_INJURY,CAUSES,EVT:INJURY_OR_FATALITY,1
EVT:GROUND_INJURY,RESPONDS_TO,EVT:PROCEDURE_NOT_FOLLOWED,1
COND:flight_plan,CONTRIBUTES_TO,EVT:ALTITUDE_DEVIATION_UNCONTROLLED,1
COND:communication,CAUSES,EVT:CONTROL_INPUT_IMPROPER,1
COND:communication,CONTRIBUTES_TO,EVT:GROUND_PERSONNEL_ERROR,1
COND:communication,CAUSES,EVT:PERCEPTION_FAILURE,1
COND:instrumentation,MASKED_BY_CONDITION,EVT:PERCEPTION_FAILURE,1
COND:information_gap,CONTRIBUTES_TO,EVT:DECISION_INAPPROPRIATE,1
COND:performance,CAUSES,EVT:ENGINE_FAILURE,1
COND:performance,UNDER_CONDITION,EVT:LOSS_OF_CONTROL_INFLIGHT,1
COND:visibility,UNDER_CONDITION,EVT:DECISION_INAPPROPRIATE,1
COND:visibility,CAUSES,EVT:DECISION_INAPPROPRIATE,1
COND:visibility,CAUSES,EVT:PERCEPTION_FAILURE,1
COND:visibility,INHIBITS,EVT:GROUND_IMPACT,1
EVT:HOVER,PRECEDES,EVT:LOSS_OF_CONTROL_INFLIGHT,1
EVT:TAXIWAY_INCURSION,CAUSES,EVT:GROUND_COLLISION,1
EVT:TAXIWAY_INCURSION,UNDER_CONDITION,ENT:location,1
EVT:DESCENT_BELOW_MINIMA,CAUSES,EVT:CONTROL_INPUT_IMPROPER,1
EVT:DESIGN_DEFECT_LATENT,INDUCED_CONDITION,COND:mechanical,2
COND:wildlife,CAUSES,EVT:BIRD_OR_WILDLIFE_STRIKE,1
EVT:TCAS_TRAFFIC_ALERT,TRIGGERS,EVT:TCAS_RESOLUTION_ADVISORY,1
EVT:TCAS_RESOLUTION_ADVISORY,RESPONDS_TO,EVT:PROCEDURE_FOLLOWED,1
EVT:TCAS_RESOLUTION_ADVISORY,CONCURRENT,EVT:TCAS_RESOLUTION_ADVISORY,1
EVT:BRAKE_SYSTEM_FAILURE,INDUCED_CONDITION,COND:mechanical,1
EVT:BRAKE_SYSTEM_FAILURE,CAUSES,EVT:CONTROL_SURFACE_ANOMALY,1
EVT:BRAKE_SYSTEM_FAILURE,CAUSES,EVT:RUNWAY_EXCURSION_OR_OVERRUN,1
EVT:NAVIGATION_ERROR,CAUSES,EVT:TAXIING_INCIDENT,1
EVT:TAXIING_INCIDENT,CAUSES,EVT:GROUND_DAMAGE,1
EVT:TAXIING_INCIDENT,UNDER_CONDITION,COND:environmental,1
EVT:GROUND_LOOP,CAUSES,EVT:GROUND_IMPACT,3
EVT:GROUND_LOOP,RESPONDS_TO,EVT:CONTROL_INPUT_IMPROPER,1
EVT:TCAS_RA_ISSUED,RESPONDS_TO,EVT:CONTROL_INPUT_IMPROPER,1
COND:situational,ENABLES,EVT:PROCEDURE_NOT_FOLLOWED,1
COND:situational,ENABLES,EVT:GROUND_IMPACT,1
COND:knowledge_gap,CAUSES,EVT:DECISION_INAPPROPRIATE,1
COND:knowledge_gap,ENABLES,EVT:CONTROL_INPUT_IMPROPER,1
COND:positioning,ENABLES,EVT:GROUND_IMPACT,1
COND:procedural_gap,CONTRIBUTES_TO,COND:positioning,1
ENT:obstruction,INDUCED_CONDITION,COND:environmental,1
COND:structural_damage,CAUSES,EVT:ENGINE_FAILURE,1
COND:maintenance_inadequate,CONTRIBUTES_TO,COND:structural_damage,1
COND:information_conflict,CAUSES,EVT:DECISION_INAPPROPRIATE,1
COND:aircraft_characteristic,ENABLES,EVT:CONTROL_INPUT_IMPROPER,1
COND:aircraft_characteristic,CONTRIBUTES_TO,EVT:TERRAIN_OR_OBSTACLE_PROXIMITY,1
EVT:ENGINE_START,CAUSES,COND:mechanical,1
EVT:ENGINE_START,INDUCED_CONDITION,COND:mechanical,1
EVT:ENGINE_START,CONCURRENT,EVT:ENGINE_START,1
COND:state,CAUSES,EVT:ENGINE_FAILURE,1
EVT:BRAKE_SYSTEM_ANOMALY,CONTRIBUTES_TO,EVT:RUNWAY_EXCURSION_OR_OVERRUN,1
COND:electrical,CAUSES,EVT:INSTRUMENT_OR_AVIONICS_FAILURE,1
COND:biological,CAUSES,EVT:BIRD_OR_WILDLIFE_STRIKE,1
COND:software,CAUSES,EVT:PROCEDURE_NOT_FOLLOWED,1
