src,edge_type,dst,count
EVT:CONTROL_INPUT_IMPROPER,CAUSES,EVT:LOSS_OF_CONTROL_GROUND,54
EVT:CONTROL_INPUT_IMPROPER,CONTRIBUTES_TO,EVT:LOSS_OF_CONTROL_GROUND,10
EVT:CONTROL_INPUT_IMPROPER,RESPONDS_TO,EVT:LOSS_OF_CONTROL_GROUND,1
EVT:CONTROL_INPUT_IMPROPER,PRECEDES,EVT:CONTROL_INPUT_IMPROPER,4
EVT:CONTROL_INPUT_IMPROPER,CONTRIBUTES_TO,EVT:CONTROL_INPUT_IMPROPER,4
EVT:CONTROL_INPUT_IMPROPER,CAUSES,EVT:CONTROL_INPUT_IMPROPER,7
EVT:CONTROL_INPUT_IMPROPER,RESPONDS_TO,EVT:CONTROL_INPUT_IMPROPER,2
EVT:CONTROL_INPUT_IMPROPER,CONCURRENT,EVT:CONTROL_INPUT_IMPROPER,4
EVT:CONTROL_INPUT_IMPROPER,TRIGGERS,EVT:CONTROL_INPUT_IMPROPER,1
EVT:CONTROL_INPUT_IMPROPER,CAUSES,EVT:SUCCESSFUL_RECOVERY,8
EVT:CONTROL_INPUT_IMPROPER,RESPONDS_TO,EVT:SUCCESSFUL_RECOVERY,2
EVT:CONTROL_INPUT_IMPROPER,CAUSES,EVT:TERRAIN_OR_OBSTACLE_PROXIMITY,36
EVT:CONTROL_INPUT_IMPROPER,CONTRIBUTES_TO,EVT:TERRAIN_OR_OBSTACLE_PROXIMITY,2
EVT:CONTROL_INPUT_IMPROPER,UNDER_CONDITION,COND:terrain,8
EVT:CONTROL_INPUT_IMPROPER,INDUCED_CONDITION,COND:terrain,1
EVT:CONTROL_INPUT_IMPROPER,RESPONDS_TO,COND:terrain,1
EVT:CONTROL_INPUT_IMPROPER,UNDER_CONDITION,COND:weather,24
EVT:CONTROL_INPUT_IMPROPER,RESPONDS_TO,COND:weather,4
EVT:CONTROL_INPUT_IMPROPER,CAUSES,EVT:GROUND_IMPACT,181
EVT:CONTROL_INPUT_IMPROPER,CONTRIBUTES_TO,EVT:GROUND_IMPACT,24
EVT:CONTROL_INPUT_IMPROPER,PREVENTS,EVT:GROUND_IMPACT,2
EVT:CONTROL_INPUT_IMPROPER,CAUSES,EVT:PROCEDURE_NOT_FOLLOWED,5
EVT:CONTROL_INPUT_IMPROPER,CONCURRENT,EVT:PROCEDURE_NOT_FOLLOWED,7
EVT:CONTROL_INPUT_IMPROPER,TRIGGERS,EVT:PROCEDURE_NOT_FOLLOWED,3
EVT:CONTROL_INPUT_IMPROPER,PRECEDES,EVT:PROCEDURE_NOT_FOLLOWED,1
EVT:CONTROL_INPUT_IMPROPER,CONTRIBUTES_TO,EVT:PROCEDURE_NOT_FOLLOWED,2
EVT:CONTROL_INPUT_IMPROPER,CAUSES,EVT:RUNWAY_EXCURSION_OR_OVERRUN,58
EVT:CONTROL_INPUT_IMPROPER,CONTRIBUTES_TO,EVT:RUNWAY_EXCURSION_OR_OVERRUN,9
EVT:CONTROL_INPUT_IMPROPER,CAUSES,EVT:LOSS_OF_CONTROL_INFLIGHT,27
EVT:CONTROL_INPUT_IMPROPER,TRIGGERS,EVT:LOSS_OF_CONTROL_INFLIGHT,1
EVT:CONTROL_INPUT_IMPROPER,CONTRIBUTES_TO,EVT:LOSS_OF_CONTROL_INFLIGHT,8
EVT:CONTROL_INPUT_IMPROPER,RESPONDS_TO,EVT:LOSS_OF_CONTROL_INFLIGHT,2
EVT:CONTROL_INPUT_IMPROPER,CONCURRENT,EVT:TURBULENCE_ENCOUNTER,2
EVT:CONTROL_INPUT_IMPROPER,PRECEDES,EVT:TURBULENCE_ENCOUNTER,1
EVT:CONTROL_INPUT_IMPROPER,INDUCED_CONDITION,COND:human,1
EVT:CONTROL_INPUT_IMPROPER,INDUCED_CONDITION,COND:aerodynamic,13
EVT:CONTROL_INPUT_IMPROPER,CAUSES,COND:aerodynamic,7
EVT:CONTROL_INPUT_IMPROPER,UNDER_CONDITION,COND:aerodynamic,2
EVT:CONTROL_INPUT_IMPROPER,TRIGGERS,EVT:ENGINE_FAILURE,6
EVT:CONTROL_INPUT_IMPROPER,CAUSES,EVT:ENGINE_FAILURE,3
EVT:CONTROL_INPUT_IMPROPER,INHIBITS,EVT:ENGINE_FAILURE,1
EVT:CONTROL_INPUT_IMPROPER,TRIGGERS,EVT:CONTROL_SURFACE_ANOMALY,3
EVT:CONTROL_INPUT_IMPROPER,CONTRIBUTES_TO,EVT:CONTROL_SURFACE_ANOMALY,1
EVT:CONTROL_INPUT_IMPROPER,RESPONDS_TO,EVT:CONTROL_SURFACE_ANOMALY,1
EVT:CONTROL_INPUT_IMPROPER,INDUCED_CONDITION,COND:human_factors,1
EVT:CONTROL_INPUT_IMPROPER,UNDER_CONDITION,COND:human_factors,1
EVT:CONTROL_INPUT_IMPROPER,CAUSES,EVT:LANDING_GEAR_ANOMALY,7
EVT:CONTROL_INPUT_IMPROPER,CONTRIBUTES_TO,EVT:LANDING_GEAR_ANOMALY,1
EVT:CONTROL_INPUT_IMPROPER,UNDER_CONDITION,COND:mechanical,3
EVT:CONTROL_INPUT_IMPROPER,INDUCED_CONDITION,COND:mechanical,4
EVT:CONTROL_INPUT_IMPROPER,CAUSES,COND:mechanical,6
EVT:CONTROL_INPUT_IMPROPER,CONTRIBUTES_TO,COND:mechanical,1
EVT:CONTROL_INPUT_IMPROPER,ENABLES,COND:mechanical,1
EVT:CONTROL_INPUT_IMPROPER,CONCURRENT,EVT:WIND_SHEAR_OR_GUST,2
EVT:CONTROL_INPUT_IMPROPER,CONTRIBUTES_TO,EVT:WIND_SHEAR_OR_GUST,4
EVT:CONTROL_INPUT_IMPROPER,RESPONDS_TO,EVT:WIND_SHEAR_OR_GUST,1
EVT:CONTROL_INPUT_IMPROPER,CAUSES,EVT:WIND_SHEAR_OR_GUST,2
EVT:CONTROL_INPUT_IMPROPER,CAUSES,EVT:PERCEPTION_FAILURE,4
EVT:CONTROL_INPUT_IMPROPER,CONTRIBUTES_TO,EVT:PERCEPTION_FAILURE,3
EVT:CONTROL_INPUT_IMPROPER,TRIGGERS,EVT:PERCEPTION_FAILURE,1
EVT:CONTROL_INPUT_IMPROPER,CAUSES,EVT:STALL,24
EVT:CONTROL_INPUT_IMPROPER,CONTRIBUTES_TO,EVT:STALL,5
EVT:CONTROL_INPUT_IMPROPER,CAUSES,EVT:RUNWAY_CONDITION_HAZARD,1
EVT:CONTROL_INPUT_IMPROPER,CONTRIBUTES_TO,EVT:MIDAIR_COLLISION,2
EVT:CONTROL_INPUT_IMPROPER,CAUSES,EVT:ALTITUDE_DEVIATION_UNCONTROLLED,13
EVT:CONTROL_INPUT_IMPROPER,INHIBITS,EVT:ALTITUDE_DEVIATION_UNCONTROLLED,1
EVT:CONTROL_INPUT_IMPROPER,CONTRIBUTES_TO,EVT:ALTITUDE_DEVIATION_UNCONTROLLED,1
EVT:CONTROL_INPUT_IMPROPER,CAUSES,EVT:GROUND_COLLISION,2
EVT:CONTROL_INPUT_IMPROPER,CONTRIBUTES_TO,EVT:GROUND_COLLISION,2
EVT:CONTROL_INPUT_IMPROPER,CONTRIBUTES_TO,COND:environmental,2
EVT:CONTROL_INPUT_IMPROPER,UNDER_CONDITION,COND:environmental,28
EVT:CONTROL_INPUT_IMPROPER,INDUCED_CONDITION,COND:environmental,1
EVT:CONTROL_INPUT_IMPROPER,CAUSES,COND:environmental,1
EVT:CONTROL_INPUT_IMPROPER,UNDER_CONDITION,COND:aircraft_configuration,1
EVT:CONTROL_INPUT_IMPROPER,INDUCED_CONDITION,COND:aircraft_configuration,1
EVT:CONTROL_INPUT_IMPROPER,TRIGGERS,EVT:CREW_COORDINATION_FAILURE,1
EVT:CONTROL_INPUT_IMPROPER,CAUSES,EVT:CREW_COORDINATION_FAILURE,1
EVT:CONTROL_INPUT_IMPROPER,CAUSES,EVT:EMERGENCY_LANDING,2
EVT:CONTROL_INPUT_IMPROPER,CAUSES,EVT:DECISION_INAPPROPRIATE,4
EVT:CONTROL_INPUT_IMPROPER,TRIGGERS,EVT:DECISION_INAPPROPRIATE,2
EVT:CONTROL_INPUT_IMPROPER,RESPONDS_TO,EVT:BIRD_OR_WILDLIFE_STRIKE,1
EVT:CONTROL_INPUT_IMPROPER,CAUSES,EVT:BIRD_OR_WILDLIFE_STRIKE,5
EVT:CONTROL_INPUT_IMPROPER,CONCURRENT,EVT:BIRD_OR_WILDLIFE_STRIKE,6
EVT:CONTROL_INPUT_IMPROPER,CONTRIBUTES_TO,EVT:BIRD_OR_WILDLIFE_STRIKE,4
EVT:CONTROL_INPUT_IMPROPER,CONTRIBUTES_TO,EVT:WATER_IMPACT,1
EVT:CONTROL_INPUT_IMPROPER,CAUSES,EVT:WATER_IMPACT,1
EVT:CONTROL_INPUT_IMPROPER,UNDER_CONDITION,COND:attentional,1
EVT:CONTROL_INPUT_IMPROPER,CAUSES,EVT:GROUND_PERSONNEL_ERROR,1
EVT:CONTROL_INPUT_IMPROPER,UNDER_CONDITION,COND:infrastructure,1
EVT:CONTROL_INPUT_IMPROPER,CAUSES,EVT:INJURY_OR_FATALITY,5
EVT:CONTROL_INPUT_IMPROPER,CONTRIBUTES_TO,EVT:INJURY_OR_FATALITY,1
EVT:CONTROL_INPUT_IMPROPER,UNDER_CONDITION,COND:operational,1
EVT:CONTROL_INPUT_IMPROPER,INDUCED_CONDITION,COND:physical,1
EVT:CONTROL_INPUT_IMPROPER,INHIBITS,COND:aircraft_state,1
EVT:CONTROL_INPUT_IMPROPER,UNDER_CONDITION,COND:terrain_obstacle,1
EVT:CONTROL_INPUT_IMPROPER,CAUSES,EVT:STRUCTURAL_OVERLOAD,1
EVT:CONTROL_INPUT_IMPROPER,CAUSES,EVT:LOW_VISIBILITY_OR_IMC,1
EVT:CONTROL_INPUT_IMPROPER,TRIGGERS,EVT:INFLIGHT_FIRE_OR_SMOKE,1
EVT:CONTROL_INPUT_IMPROPER,CAUSES,EVT:FUEL_SYSTEM_ANOMALY,1
EVT:CONTROL_INPUT_IMPROPER,CAUSES,EVT:BRAKE_ANOMALY,1
EVT:CONTROL_INPUT_IMPROPER,CONCURRENT,EVT:INSTRUMENT_OR_AVIONICS_FAILURE,1
EVT:CONTROL_INPUT_IMPROPER,UNDER_CONDITION,COND:weight_and_balance,1
EVT:CONTROL_INPUT_IMPROPER,CAUSES,EVT:ABRUPT_MANEUVER,1
EVT:LOSS_OF_CONTROL_GROUND,CAUSES,EVT:RUNWAY_EXCURSION_OR_OVERRUN,33
EVT:LOSS_OF_CONTROL_GROUND,CAUSES,EVT:GROUND_IMPACT,93
EVT:LOSS_OF_CONTROL_GROUND,CONTRIBUTES_TO,EVT:GROUND_IMPACT,2
EVT:LOSS_OF_CONTROL_GROUND,CONCURRENT,EVT:GROUND_IMPACT,1
EVT:LOSS_OF_CONTROL_GROUND,UNDER_CONDITION,COND:weather,9
EVT:LOSS_OF_CONTROL_GROUND,TRIGGERS,EVT:DECISION_INAPPROPRIATE,4
EVT:LOSS_OF_CONTROL_GROUND,RESPONDS_TO,EVT:DECISION_INAPPROPRIATE,2
EVT:LOSS_OF_CONTROL_GROUND,RESPONDS_TO,EVT:CONTROL_INPUT_IMPROPER,24
EVT:LOSS_OF_CONTROL_GROUND,TRIGGERS,EVT:CONTROL_INPUT_IMPROPER,7
EVT:LOSS_OF_CONTROL_GROUND,CAUSES,EVT:CONTROL_INPUT_IMPROPER,1
EVT:LOSS_OF_CONTROL_GROUND,CAUSES,ENT:aircraft,1
EVT:LOSS_OF_CONTROL_GROUND,INHIBITS,COND:mechanical,1
EVT:LOSS_OF_CONTROL_GROUND,CONTRIBUTES_TO,COND:mechanical,1
EVT:LOSS_OF_CONTROL_GROUND,UNDER_CONDITION,COND:environmental,3
EVT:LOSS_OF_CONTROL_GROUND,CONTRIBUTES_TO,COND:environmental,1
EVT:LOSS_OF_CONTROL_GROUND,INDUCED_CONDITION,COND:environmental,1
EVT:LOSS_OF_CONTROL_GROUND,UNDER_CONDITION,COND:surface,1
EVT:LOSS_OF_CONTROL_GROUND,CAUSES,EVT:LOSS_OF_CONTROL_GROUND,2
EVT:LOSS_OF_CONTROL_GROUND,CAUSES,EVT:INJURY_OR_FATALITY,11
EVT:LOSS_OF_CONTROL_GROUND,RESPONDS_TO,EVT:PROCEDURE_NOT_FOLLOWED,3
EVT:LOSS_OF_CONTROL_GROUND,CAUSES,EVT:STRUCTURAL_OVERLOAD,2
EVT:LOSS_OF_CONTROL_GROUND,CAUSES,EVT:TERRAIN_OR_OBSTACLE_PROXIMITY,3
EVT:LOSS_OF_CONTROL_GROUND,UNDER_CONDITION,COND:infrastructure,1
EVT:LOSS_OF_CONTROL_GROUND,CAUSES,EVT:STALL,1
EVT:LOSS_OF_CONTROL_GROUND,CONCURRENT,COND:operational,1
EVT:LOSS_OF_CONTROL_GROUND,UNDER_CONDITION,COND:operational,1
EVT:LOSS_OF_CONTROL_GROUND,CONCURRENT,EVT:WIND_SHEAR_OR_GUST,1
EVT:LOSS_OF_CONTROL_GROUND,CAUSES,EVT:ALTITUDE_DEVIATION_UNCONTROLLED,1
EVT:LOSS_OF_CONTROL_GROUND,CAUSES,EVT:LANDING_GEAR_ANOMALY,6
EVT:LOSS_OF_CONTROL_GROUND,CAUSES,EVT:AIRFRAME_STRUCTURAL_FAILURE,3
EVT:LOSS_OF_CONTROL_GROUND,UNDER_CONDITION,COND:terrain,1
EVT:LOSS_OF_CONTROL_GROUND,CAUSES,COND:terrain,1
EVT:LOSS_OF_CONTROL_GROUND,TRIGGERS,EVT:CREW_COORDINATION_FAILURE,1
EVT:LOSS_OF_CONTROL_GROUND,UNDER_CONDITION,COND:location,1
COND:weather,UNDER_CONDITION,EVT:LOSS_OF_CONTROL_GROUND,6
COND:weather,CONTRIBUTES_TO,EVT:LOSS_OF_CONTROL_GROUND,5
COND:weather,CAUSES,EVT:LOSS_OF_CONTROL_GROUND,11
COND:weather,CAUSES,EVT:WIND_SHEAR_OR_GUST,35
COND:weather,UNDER_CONDITION,EVT:WIND_SHEAR_OR_GUST,64
COND:weather,CAUSES,EVT:LOSS_OF_CONTROL_INFLIGHT,14
COND:weather,CONTRIBUTES_TO,EVT:LOSS_OF_CONTROL_INFLIGHT,3
COND:weather,UNDER_CONDITION,EVT:LOSS_OF_CONTROL_INFLIGHT,3
COND:weather,CAUSES,COND:mechanical,114
COND:weather,INDUCED_CONDITION,COND:mechanical,1
COND:weather,ENABLES,COND:mechanical,43
COND:weather,CONTRIBUTES_TO,COND:mechanical,1
COND:weather,UNDER_CONDITION,COND:mechanical,2
COND:weather,CAUSES,EVT:PERCEPTION_FAILURE,11
COND:weather,MASKED_BY_CONDITION,EVT:PERCEPTION_FAILURE,2
COND:weather,CONTRIBUTES_TO,EVT:PERCEPTION_FAILURE,3
COND:weather,UNDER_CONDITION,EVT:PERCEPTION_FAILURE,3
COND:weather,ENABLES,EVT:PERCEPTION_FAILURE,1
COND:weather,UNDER_CONDITION,EVT:CONTROL_INPUT_IMPROPER,19
COND:weather,CONTRIBUTES_TO,EVT:CONTROL_INPUT_IMPROPER,20
COND:weather,CAUSES,EVT:CONTROL_INPUT_IMPROPER,6
COND:weather,CAUSES,COND:visual,1
COND:weather,UNDER_CONDITION,EVT:TURBULENCE_ENCOUNTER,54
COND:weather,CAUSES,EVT:TURBULENCE_ENCOUNTER,63
COND:weather,INDUCED_CONDITION,EVT:TURBULENCE_ENCOUNTER,1
COND:weather,ENABLES,EVT:TURBULENCE_ENCOUNTER,3
COND:weather,CONCURRENT,EVT:TURBULENCE_ENCOUNTER,1
COND:weather,CONTRIBUTES_TO,EVT:TURBULENCE_ENCOUNTER,1
COND:weather,MASKED_BY_CONDITION,EVT:TURBULENCE_ENCOUNTER,1
COND:weather,CONTRIBUTES_TO,EVT:RUNWAY_EXCURSION_OR_OVERRUN,3
COND:weather,CAUSES,EVT:RUNWAY_EXCURSION_OR_OVERRUN,6
COND:weather,UNDER_CONDITION,EVT:RUNWAY_EXCURSION_OR_OVERRUN,3
COND:weather,UNDER_CONDITION,EVT:LOW_VISIBILITY_OR_IMC,10
COND:weather,ENABLES,EVT:LOW_VISIBILITY_OR_IMC,1
COND:weather,CAUSES,EVT:LOW_VISIBILITY_OR_IMC,1
COND:weather,UNDER_CONDITION,EVT:RUNWAY_CONDITION_HAZARD,11
COND:weather,CAUSES,EVT:RUNWAY_CONDITION_HAZARD,1
COND:weather,CONTRIBUTES_TO,EVT:GROUND_IMPACT,4
COND:weather,UNDER_CONDITION,EVT:GROUND_IMPACT,2
COND:weather,CAUSES,EVT:GROUND_IMPACT,6
COND:weather,MASKED_BY_CONDITION,EVT:GROUND_IMPACT,1
COND:weather,UNDER_CONDITION,EVT:DECISION_INAPPROPRIATE,12
COND:weather,CONTRIBUTES_TO,EVT:DECISION_INAPPROPRIATE,3
COND:weather,CAUSES,EVT:DECISION_INAPPROPRIATE,17
COND:weather,INHIBITS,EVT:DECISION_INAPPROPRIATE,3
COND:weather,ENABLES,EVT:DECISION_INAPPROPRIATE,3
COND:weather,MASKED_BY_CONDITION,EVT:DECISION_INAPPROPRIATE,1
COND:weather,UNDER_CONDITION,EVT:PROCEDURE_NOT_FOLLOWED,12
COND:weather,ENABLES,EVT:PROCEDURE_NOT_FOLLOWED,1
COND:weather,CAUSES,EVT:PROCEDURE_NOT_FOLLOWED,1
COND:weather,CAUSES,EVT:STALL,4
COND:weather,CONTRIBUTES_TO,EVT:STALL,2
COND:weather,UNDER_CONDITION,EVT:THUNDERSTORM_OR_CONVECTIVE,3
COND:weather,CAUSES,EVT:THUNDERSTORM_OR_CONVECTIVE,1
COND:weather,CAUSES,EVT:ALTITUDE_DEVIATION_UNCONTROLLED,5
COND:weather,CAUSES,COND:weather,17
COND:weather,CO_OCCURS,COND:weather,2
COND:weather,IF_THEN,COND:weather,2
COND:weather,ENABLES,COND:weather,1
COND:weather,MASKED_BY_CONDITION,COND:weather,1
COND:weather,CAUSES,COND:aerodynamic,6
COND:weather,CONTRIBUTES_TO,COND:aerodynamic,1
COND:weather,CAUSES,COND:pilot_state,1
COND:weather,CONTRIBUTES_TO,EVT:TERRAIN_OR_OBSTACLE_PROXIMITY,1
COND:weather,CAUSES,EVT:ENGINE_FAILURE,31
COND:weather,UNDER_CONDITION,EVT:ENGINE_FAILURE,3
COND:weather,ENABLES,EVT:ENGINE_FAILURE,2
COND:weather,CONTRIBUTES_TO,COND:infrastructure,1
COND:weather,CAUSES,EVT:ICING_ENCOUNTER,4
COND:weather,UNDER_CONDITION,EVT:ICING_ENCOUNTER,14
COND:weather,CAUSES,COND:environmental,3
COND:weather,ENABLES,COND:environmental,1
COND:weather,CAUSES,COND:perceptual,1
COND:weather,CAUSES,COND:other,1
COND:weather,CAUSES,EVT:INJURY_OR_FATALITY,4
COND:weather,CAUSES,EVT:INSTRUMENT_OR_AVIONICS_FAILURE,1
COND:weather,CAUSES,COND:performance,4
COND:weather,MASKED_BY_CONDITION,COND:human_factors,1
COND:weather,CAUSES,EVT:BIRD_OR_WILDLIFE_STRIKE,2
COND:weather,CAUSES,EVT:STRUCTURAL_OVERLOAD,1
COND:weather,IF_THEN,COND:operational_limit,1
COND:weather,CAUSES,COND:operational_limit,1
COND:weather,CAUSES,EVT:GROUND_PERSONNEL_ERROR,1
COND:weather,CAUSES,COND:human,2
COND:weather,ENABLES,EVT:ATC_OR_DISPATCH_INADEQUATE,1
COND:weather,UNDER_CONDITION,EVT:ATC_OR_DISPATCH_INADEQUATE,1
COND:weather,CAUSES,EVT:LOSS_OF_LIFT,1
COND:weather,ENABLES,EVT:FUEL_SYSTEM_ANOMALY,1
COND:weather,ENABLES,COND:biological,1
COND:weather,CAUSES,COND:operational,1
EVT:RUNWAY_EXCURSION_OR_OVERRUN,CAUSES,EVT:GROUND_IMPACT,98
EVT:RUNWAY_EXCURSION_OR_OVERRUN,CONCURRENT,EVT:GROUND_IMPACT,1
EVT:RUNWAY_EXCURSION_OR_OVERRUN,CONTRIBUTES_TO,EVT:GROUND_IMPACT,1
EVT:RUNWAY_EXCURSION_OR_OVERRUN,UNDER_CONDITION,COND:environmental,21
EVT:RUNWAY_EXCURSION_OR_OVERRUN,TRIGGERS,EVT:DECISION_INAPPROPRIATE,6
EVT:RUNWAY_EXCURSION_OR_OVERRUN,CAUSES,EVT:STRUCTURAL_OVERLOAD,8
EVT:RUNWAY_EXCURSION_OR_OVERRUN,UNDER_CONDITION,COND:terrain,2
EVT:RUNWAY_EXCURSION_OR_OVERRUN,ENABLES,COND:terrain,1
EVT:RUNWAY_EXCURSION_OR_OVERRUN,CAUSES,EVT:LANDING_GEAR_ANOMALY,10
EVT:RUNWAY_EXCURSION_OR_OVERRUN,PRECEDES,EVT:LOSS_OF_CONTROL_GROUND,1
EVT:RUNWAY_EXCURSION_OR_OVERRUN,CAUSES,EVT:LOSS_OF_CONTROL_GROUND,9
EVT:RUNWAY_EXCURSION_OR_OVERRUN,CONTRIBUTES_TO,EVT:LOSS_OF_CONTROL_GROUND,1
EVT:RUNWAY_EXCURSION_OR_OVERRUN,CAUSES,EVT:RUNWAY_EXCURSION_OR_OVERRUN,10
EVT:RUNWAY_EXCURSION_OR_OVERRUN,RESPONDS_TO,EVT:RUNWAY_EXCURSION_OR_OVERRUN,1
EVT:RUNWAY_EXCURSION_OR_OVERRUN,PRECEDES,EVT:RUNWAY_EXCURSION_OR_OVERRUN,1
EVT:RUNWAY_EXCURSION_OR_OVERRUN,CONTRIBUTES_TO,EVT:RUNWAY_EXCURSION_OR_OVERRUN,1
EVT:RUNWAY_EXCURSION_OR_OVERRUN,INDUCED_CONDITION,COND:aerodynamic,2
EVT:RUNWAY_EXCURSION_OR_OVERRUN,UNDER_CONDITION,COND:weather,12
EVT:RUNWAY_EXCURSION_OR_OVERRUN,CAUSES,EVT:CONTROL_INPUT_IMPROPER,1
EVT:RUNWAY_EXCURSION_OR_OVERRUN,TRIGGERS,EVT:CONTROL_INPUT_IMPROPER,7
EVT:RUNWAY_EXCURSION_OR_OVERRUN,RESPONDS_TO,EVT:CONTROL_INPUT_IMPROPER,2
EVT:RUNWAY_EXCURSION_OR_OVERRUN,CAUSES,EVT:AIRFRAME_STRUCTURAL_FAILURE,5
EVT:RUNWAY_EXCURSION_OR_OVERRUN,UNDER_CONDITION,COND:surface,3
EVT:RUNWAY_EXCURSION_OR_OVERRUN,TRIGGERS,EVT:PROCEDURE_NOT_FOLLOWED,1
EVT:RUNWAY_EXCURSION_OR_OVERRUN,CAUSES,EVT:INFLIGHT_FIRE_OR_SMOKE,2
EVT:RUNWAY_EXCURSION_OR_OVERRUN,CAUSES,EVT:WATER_IMPACT,1
EVT:RUNWAY_EXCURSION_OR_OVERRUN,UNDER_CONDITION,COND:infrastructure,2
EVT:RUNWAY_EXCURSION_OR_OVERRUN,ENABLES,EVT:BIRD_OR_WILDLIFE_STRIKE,1
EVT:RUNWAY_EXCURSION_OR_OVERRUN,CONCURRENT,EVT:BIRD_OR_WILDLIFE_STRIKE,1
EVT:RUNWAY_EXCURSION_OR_OVERRUN,PRECEDES,EVT:PERCEPTION_FAILURE,1
EVT:RUNWAY_EXCURSION_OR_OVERRUN,CAUSES,EVT:TERRAIN_OR_OBSTACLE_PROXIMITY,1
EVT:RUNWAY_EXCURSION_OR_OVERRUN,CAUSES,EVT:INJURY_OR_FATALITY,2
EVT:RUNWAY_EXCURSION_OR_OVERRUN,UNDER_CONDITION,COND:location,1
EVT:RUNWAY_EXCURSION_OR_OVERRUN,CONCURRENT,EVT:WIND_SHEAR_OR_GUST,2
EVT:RUNWAY_EXCURSION_OR_OVERRUN,INHIBITS,COND:mechanical,1
EVT:RUNWAY_EXCURSION_OR_OVERRUN,UNDER_CONDITION,COND:mechanical,1
EVT:RUNWAY_EXCURSION_OR_OVERRUN,UNDER_CONDITION,COND:infrastructure_defect,2
EVT:RUNWAY_EXCURSION_OR_OVERRUN,TRIGGERS,EVT:SUCCESSFUL_RECOVERY,1
EVT:RUNWAY_EXCURSION_OR_OVERRUN,CAUSES,COND:situational_awareness,1
EVT:GROUND_IMPACT,CAUSES,EVT:INJURY_OR_FATALITY,181
EVT:GROUND_IMPACT,CONTRIBUTES_TO,EVT:INJURY_OR_FATALITY,1
EVT:GROUND_IMPACT,UNDER_CONDITION,COND:environmental,26
EVT:GROUND_IMPACT,INDUCED_CONDITION,COND:environmental,1
EVT:GROUND_IMPACT,MASKED_BY_CONDITION,COND:environmental,1
EVT:GROUND_IMPACT,CAUSES,EVT:AIRFRAME_STRUCTURAL_FAILURE,45
EVT:GROUND_IMPACT,CAUSES,EVT:INFLIGHT_FIRE_OR_SMOKE,22
EVT:GROUND_IMPACT,UNDER_CONDITION,COND:terrain,14
EVT:GROUND_IMPACT,CAUSES,COND:terrain,1
EVT:GROUND_IMPACT,CAUSES,EVT:GROUND_IMPACT,87
EVT:GROUND_IMPACT,CONCURRENT,EVT:GROUND_IMPACT,8
EVT:GROUND_IMPACT,CAUSES,EVT:LANDING_GEAR_ANOMALY,12
EVT:GROUND_IMPACT,CAUSES,EVT:RUNWAY_EXCURSION_OR_OVERRUN,15
EVT:GROUND_IMPACT,RESPONDS_TO,EVT:CONTROL_INPUT_IMPROPER,7
EVT:GROUND_IMPACT,PRECEDES,EVT:CONTROL_INPUT_IMPROPER,3
EVT:GROUND_IMPACT,TRIGGERS,EVT:CONTROL_INPUT_IMPROPER,8
EVT:GROUND_IMPACT,CAUSES,EVT:MIDAIR_COLLISION,1
EVT:GROUND_IMPACT,CAUSES,EVT:STRUCTURAL_OVERLOAD,34
EVT:GROUND_IMPACT,CAUSES,EVT:LOSS_OF_CONTROL_GROUND,13
EVT:GROUND_IMPACT,TRIGGERS,EVT:LOSS_OF_CONTROL_GROUND,1
EVT:GROUND_IMPACT,RESPONDS_TO,EVT:PROCEDURE_NOT_FOLLOWED,3
EVT:GROUND_IMPACT,AFFECTED_BY,ENT:aircraft,1
EVT:GROUND_IMPACT,CAUSES,ENT:aircraft,2
EVT:GROUND_IMPACT,AFFECTS,ENT:aircraft,4
EVT:GROUND_IMPACT,AFFECTED_BY,ENT:vehicle,1
EVT:GROUND_IMPACT,CONCURRENT,EVT:SUCCESSFUL_RECOVERY,3
EVT:GROUND_IMPACT,CAUSES,EVT:SUCCESSFUL_RECOVERY,2
EVT:GROUND_IMPACT,TRIGGERS,EVT:SUCCESSFUL_RECOVERY,1
EVT:GROUND_IMPACT,RESPONDS_TO,EVT:SUCCESSFUL_RECOVERY,1
EVT:GROUND_IMPACT,CAUSES,COND:mechanical,3
EVT:GROUND_IMPACT,UNDER_CONDITION,COND:mechanical,2
EVT:GROUND_IMPACT,CAUSES,EVT:WATER_IMPACT,2
EVT:GROUND_IMPACT,CAUSES,EVT:INFLIGHT_BREAKUP,4
EVT:GROUND_IMPACT,CONCURRENT,EVT:TURBULENCE_ENCOUNTER,1
EVT:GROUND_IMPACT,CAUSES,COND:structural,1
EVT:GROUND_IMPACT,UNDER_CONDITION,COND:weather,3
EVT:GROUND_IMPACT,CAUSES,ENT:location,1
EVT:GROUND_IMPACT,CAUSES,EVT:EMERGENCY_LANDING,2
EVT:GROUND_IMPACT,PRECEDES,EVT:EMERGENCY_LANDING,1
EVT:GROUND_IMPACT,TRIGGERS,EVT:EMERGENCY_LANDING,1
EVT:GROUND_IMPACT,CAUSES,EVT:ALTITUDE_DEVIATION_UNCONTROLLED,1
EVT:GROUND_IMPACT,UNDER_CONDITION,ENT:object,2
EVT:GROUND_IMPACT,CAUSES,ENT:object,1
EVT:GROUND_IMPACT,CAUSES,EVT:RUNWAY_CONDITION_HAZARD,1
EVT:GROUND_IMPACT,TRIGGERS,EVT:CREW_COORDINATION_FAILURE,1
EVT:GROUND_IMPACT,CAUSES,EVT:DYNAMIC_ROLLOVER,1
EVT:GROUND_IMPACT,CONCURRENT,EVT:BIRD_OR_WILDLIFE_STRIKE,1
EVT:GROUND_IMPACT,UNDER_CONDITION,COND:surface,1
EVT:GROUND_IMPACT,UNDER_CONDITION,COND:aircraft_configuration,1
EVT:GROUND_IMPACT,INDUCED_CONDITION,COND:physiological,1
EVT:GROUND_IMPACT,CAUSES,EVT:STALL,2
EVT:GROUND_IMPACT,CAUSES,EVT:TERRAIN_OR_OBSTACLE_PROXIMITY,1
EVT:GROUND_IMPACT,CAUSES,EVT:LOSS_OF_CONTROL_INFLIGHT,1
EVT:GROUND_IMPACT,UNDER_CONDITION,COND:organizational,1
EVT:TURBULENCE_ENCOUNTER,UNDER_CONDITION,COND:weather,161
EVT:TURBULENCE_ENCOUNTER,INDUCED_CONDITION,COND:weather,2
EVT:TURBULENCE_ENCOUNTER,CO_OCCURS,COND:weather,1
EVT:TURBULENCE_ENCOUNTER,MASKED_BY_CONDITION,COND:weather,1
EVT:TURBULENCE_ENCOUNTER,CAUSES,EVT:INJURY_OR_FATALITY,140
EVT:TURBULENCE_ENCOUNTER,TRIGGERS,EVT:INJURY_OR_FATALITY,3
EVT:TURBULENCE_ENCOUNTER,CONTRIBUTES_TO,EVT:INJURY_OR_FATALITY,2
EVT:TURBULENCE_ENCOUNTER,CONTRIBUTES_TO,EVT:LOSS_OF_CONTROL_GROUND,1
EVT:TURBULENCE_ENCOUNTER,CAUSES,EVT:LOSS_OF_CONTROL_GROUND,13
EVT:TURBULENCE_ENCOUNTER,CAUSES,EVT:STALL,1
EVT:TURBULENCE_ENCOUNTER,CAUSES,COND:environmental,1
EVT:TURBULENCE_ENCOUNTER,UNDER_CONDITION,COND:environmental,1
EVT:TURBULENCE_ENCOUNTER,INDUCED_CONDITION,COND:environmental,1
EVT:TURBULENCE_ENCOUNTER,CAUSES,COND:aerodynamic,1
EVT:TURBULENCE_ENCOUNTER,INDUCED_CONDITION,COND:aerodynamic,1
EVT:TURBULENCE_ENCOUNTER,CAUSES,EVT:STRUCTURAL_OVERLOAD,5
EVT:TURBULENCE_ENCOUNTER,RESPONDS_TO,EVT:SUCCESSFUL_RECOVERY,2
EVT:TURBULENCE_ENCOUNTER,CONCURRENT,EVT:SUCCESSFUL_RECOVERY,2
EVT:TURBULENCE_ENCOUNTER,CAUSES,EVT:SUCCESSFUL_RECOVERY,4
EVT:TURBULENCE_ENCOUNTER,RESPONDS_TO,EVT:CONTROL_INPUT_IMPROPER,6
EVT:TURBULENCE_ENCOUNTER,CAUSES,EVT:CONTROL_INPUT_IMPROPER,5
EVT:TURBULENCE_ENCOUNTER,TRIGGERS,EVT:CONTROL_INPUT_IMPROPER,3
EVT:TURBULENCE_ENCOUNTER,CAUSES,EVT:AUTOMATION_ANOMALY,10
EVT:TURBULENCE_ENCOUNTER,CONCURRENT,EVT:AUTOMATION_ANOMALY,1
EVT:TURBULENCE_ENCOUNTER,RESPONDS_TO,EVT:PROCEDURE_NOT_FOLLOWED,3
EVT:TURBULENCE_ENCOUNTER,PRECEDES,EVT:PROCEDURE_NOT_FOLLOWED,1
EVT:TURBULENCE_ENCOUNTER,TRIGGERS,EVT:PROCEDURE_NOT_FOLLOWED,7
EVT:TURBULENCE_ENCOUNTER,CAUSES,EVT:PROCEDURE_NOT_FOLLOWED,1
EVT:TURBULENCE_ENCOUNTER,CAUSES,EVT:LOSS_OF_CONTROL_INFLIGHT,24
EVT:TURBULENCE_ENCOUNTER,CONTRIBUTES_TO,EVT:LOSS_OF_CONTROL_INFLIGHT,1
EVT:TURBULENCE_ENCOUNTER,CAUSES,EVT:GROUND_IMPACT,8
EVT:TURBULENCE_ENCOUNTER,CONTRIBUTES_TO,EVT:GROUND_IMPACT,1
EVT:TURBULENCE_ENCOUNTER,UNDER_CONDITION,COND:terrain,2
EVT:TURBULENCE_ENCOUNTER,MASKED_BY_CONDITION,COND:information,2
EVT:TURBULENCE_ENCOUNTER,CAUSES,EVT:ALTITUDE_DEVIATION_UNCONTROLLED,16
EVT:TURBULENCE_ENCOUNTER,CONCURRENT,EVT:CREW_COORDINATION_FAILURE,1
EVT:TURBULENCE_ENCOUNTER,TRIGGERS,EVT:DECISION_INAPPROPRIATE,2
EVT:TURBULENCE_ENCOUNTER,RESPONDS_TO,EVT:DECISION_INAPPROPRIATE,2
EVT:TURBULENCE_ENCOUNTER,CAUSES,EVT:DECISION_INAPPROPRIATE,2
EVT:TURBULENCE_ENCOUNTER,CONCURRENT,EVT:WIND_SHEAR_OR_GUST,1
EVT:TURBULENCE_ENCOUNTER,CAUSES,EVT:PERCEPTION_FAILURE,2
EVT:TURBULENCE_ENCOUNTER,TRIGGERS,EVT:PERCEPTION_FAILURE,1
EVT:TURBULENCE_ENCOUNTER,INDUCED_CONDITION,COND:operational,1
EVT:TURBULENCE_ENCOUNTER,UNDER_CONDITION,COND:operational,3
EVT:TURBULENCE_ENCOUNTER,TRIGGERS,COND:operational,2
EVT:TURBULENCE_ENCOUNTER,IF_THEN,COND:operational,1
EVT:TURBULENCE_ENCOUNTER,CAUSES,EVT:INSTRUMENT_OR_AVIONICS_FAILURE,1
EVT:TURBULENCE_ENCOUNTER,CONTRIBUTES_TO,EVT:ENGINE_FAILURE,1
EVT:TURBULENCE_ENCOUNTER,CAUSES,EVT:AIRFRAME_STRUCTURAL_FAILURE,4
EVT:TURBULENCE_ENCOUNTER,CAUSES,ENT:aircraft,1
EVT:TURBULENCE_ENCOUNTER,TRIGGERS,EVT:PROCEDURE_FOLLOWED,1
EVT:TURBULENCE_ENCOUNTER,EXPOSES,COND:occupant_state,1
EVT:TURBULENCE_ENCOUNTER,CAUSES,EVT:FUEL_SYSTEM_ANOMALY,1
EVT:TURBULENCE_ENCOUNTER,TRIGGERS,EVT:TRAFFIC_CONFLICT,1
EVT:TURBULENCE_ENCOUNTER,CAUSES,EVT:LOSS_OF_BALANCE,1
EVT:TURBULENCE_ENCOUNTER,TRIGGERS,COND:organizational,1
EVT:TURBULENCE_ENCOUNTER,TRIGGERS,COND:human_factor,1
EVT:TURBULENCE_ENCOUNTER,CAUSES,EVT:TURBULENCE_ENCOUNTER,2
EVT:TURBULENCE_ENCOUNTER,MASKED_BY_CONDITION,COND:other,1
EVT:TURBULENCE_ENCOUNTER,MASKED_BY_CONDITION,COND:situational_awareness,1
EVT:TURBULENCE_ENCOUNTER,INDUCED_CONDITION,COND:mechanical,1
EVT:PROCEDURE_NOT_FOLLOWED,INDUCED_CONDITION,COND:human_factor,4
EVT:PROCEDURE_NOT_FOLLOWED,UNDER_CONDITION,COND:human_factor,2
EVT:PROCEDURE_NOT_FOLLOWED,CONTRIBUTES_TO,COND:human_factor,1
EVT:PROCEDURE_NOT_FOLLOWED,ENABLES,EVT:GROUND_PERSONNEL_ERROR,2
EVT:PROCEDURE_NOT_FOLLOWED,CONTRIBUTES_TO,EVT:GROUND_PERSONNEL_ERROR,1
EVT:PROCEDURE_NOT_FOLLOWED,CAUSES,COND:mechanical,91
EVT:PROCEDURE_NOT_FOLLOWED,INDUCED_CONDITION,COND:mechanical,17
EVT:PROCEDURE_NOT_FOLLOWED,ENABLES,COND:mechanical,4
EVT:PROCEDURE_NOT_FOLLOWED,CONTRIBUTES_TO,COND:mechanical,5
EVT:PROCEDURE_NOT_FOLLOWED,MITIGATES,COND:mechanical,7
EVT:PROCEDURE_NOT_FOLLOWED,INHIBITS,COND:mechanical,5
EVT:PROCEDURE_NOT_FOLLOWED,UNDER_CONDITION,COND:mechanical,3
EVT:PROCEDURE_NOT_FOLLOWED,PREVENTS,COND:mechanical,2
EVT:PROCEDURE_NOT_FOLLOWED,RESPONDS_TO,COND:mechanical,1
EVT:PROCEDURE_NOT_FOLLOWED,CAUSES,EVT:DECISION_INAPPROPRIATE,7
EVT:PROCEDURE_NOT_FOLLOWED,CONTRIBUTES_TO,EVT:DECISION_INAPPROPRIATE,3
EVT:PROCEDURE_NOT_FOLLOWED,PRECEDES,EVT:DECISION_INAPPROPRIATE,1
EVT:PROCEDURE_NOT_FOLLOWED,RESPONDS_TO,EVT:DECISION_INAPPROPRIATE,2
EVT:PROCEDURE_NOT_FOLLOWED,CONCURRENT,EVT:DECISION_INAPPROPRIATE,2
EVT:PROCEDURE_NOT_FOLLOWED,CAUSES,EVT:GROUND_IMPACT,47
EVT:PROCEDURE_NOT_FOLLOWED,CONTRIBUTES_TO,EVT:GROUND_IMPACT,5
EVT:PROCEDURE_NOT_FOLLOWED,ENABLES,EVT:GROUND_IMPACT,1
EVT:PROCEDURE_NOT_FOLLOWED,UNDER_CONDITION,COND:organizational,1
EVT:PROCEDURE_NOT_FOLLOWED,INDUCED_CONDITION,COND:organizational,3
EVT:PROCEDURE_NOT_FOLLOWED,INHIBITS,COND:organizational,1
EVT:PROCEDURE_NOT_FOLLOWED,CAUSES,COND:organizational,1
EVT:PROCEDURE_NOT_FOLLOWED,CAUSES,EVT:STALL,10
EVT:PROCEDURE_NOT_FOLLOWED,CONTRIBUTES_TO,EVT:STALL,1
EVT:PROCEDURE_NOT_FOLLOWED,CAUSES,EVT:RUNWAY_EXCURSION_OR_OVERRUN,7
EVT:PROCEDURE_NOT_FOLLOWED,CONTRIBUTES_TO,EVT:RUNWAY_EXCURSION_OR_OVERRUN,1
EVT:PROCEDURE_NOT_FOLLOWED,INDUCED_CONDITION,COND:aerodynamic,1
EVT:PROCEDURE_NOT_FOLLOWED,CAUSES,COND:aerodynamic,2
EVT:PROCEDURE_NOT_FOLLOWED,CAUSES,EVT:CONTROL_INPUT_IMPROPER,8
EVT:PROCEDURE_NOT_FOLLOWED,CONTRIBUTES_TO,EVT:CONTROL_INPUT_IMPROPER,5
EVT:PROCEDURE_NOT_FOLLOWED,PRECEDES,EVT:CONTROL_INPUT_IMPROPER,1
EVT:PROCEDURE_NOT_FOLLOWED,TRIGGERS,EVT:CONTROL_INPUT_IMPROPER,2
EVT:PROCEDURE_NOT_FOLLOWED,CONCURRENT,EVT:CONTROL_INPUT_IMPROPER,1
EVT:PROCEDURE_NOT_FOLLOWED,UNDER_CONDITION,COND:environmental,9
EVT:PROCEDURE_NOT_FOLLOWED,INDUCED_CONDITION,COND:environmental,1
EVT:PROCEDURE_NOT_FOLLOWED,INHIBITS,COND:environmental,1
EVT:PROCEDURE_NOT_FOLLOWED,CAUSES,COND:environmental,1
EVT:PROCEDURE_NOT_FOLLOWED,CAUSES,EVT:LOSS_OF_CONTROL_GROUND,3
EVT:PROCEDURE_NOT_FOLLOWED,CONTRIBUTES_TO,EVT:LOSS_OF_CONTROL_GROUND,2
EVT:PROCEDURE_NOT_FOLLOWED,ENABLES,EVT:LOSS_OF_CONTROL_GROUND,1
EVT:PROCEDURE_NOT_FOLLOWED,UNDER_CONDITION,COND:weather,43
EVT:PROCEDURE_NOT_FOLLOWED,MITIGATES,COND:weather,1
EVT:PROCEDURE_NOT_FOLLOWED,RESPONDS_TO,COND:weather,1
EVT:PROCEDURE_NOT_FOLLOWED,CONTRIBUTES_TO,EVT:WIND_SHEAR_OR_GUST,2
EVT:PROCEDURE_NOT_FOLLOWED,ENABLES,EVT:WIND_SHEAR_OR_GUST,1
EVT:PROCEDURE_NOT_FOLLOWED,CAUSES,EVT:TERRAIN_OR_OBSTACLE_PROXIMITY,2
EVT:PROCEDURE_NOT_FOLLOWED,CONTRIBUTES_TO,EVT:TERRAIN_OR_OBSTACLE_PROXIMITY,2
EVT:PROCEDURE_NOT_FOLLOWED,CAUSES,EVT:ENGINE_FAILURE,36
EVT:PROCEDURE_NOT_FOLLOWED,CONTRIBUTES_TO,EVT:ENGINE_FAILURE,8
EVT:PROCEDURE_NOT_FOLLOWED,PREVENTS,EVT:ENGINE_FAILURE,10
EVT:PROCEDURE_NOT_FOLLOWED,TRIGGERS,EVT:ENGINE_FAILURE,1
EVT:PROCEDURE_NOT_FOLLOWED,RESPONDS_TO,EVT:ENGINE_FAILURE,4
EVT:PROCEDURE_NOT_FOLLOWED,INHIBITS,EVT:ENGINE_FAILURE,6
EVT:PROCEDURE_NOT_FOLLOWED,MITIGATES,EVT:ENGINE_FAILURE,4
EVT:PROCEDURE_NOT_FOLLOWED,CONCURRENT,EVT:ENGINE_FAILURE,1
EVT:PROCEDURE_NOT_FOLLOWED,CAUSES,EVT:INJURY_OR_FATALITY,8
EVT:PROCEDURE_NOT_FOLLOWED,CONTRIBUTES_TO,EVT:INJURY_OR_FATALITY,25
EVT:PROCEDURE_NOT_FOLLOWED,MITIGATES,EVT:INJURY_OR_FATALITY,1
EVT:PROCEDURE_NOT_FOLLOWED,CAUSES,EVT:WATER_IMPACT,1
EVT:PROCEDURE_NOT_FOLLOWED,CONTRIBUTES_TO,EVT:WATER_IMPACT,1
EVT:PROCEDURE_NOT_FOLLOWED,CAUSES,EVT:ALTITUDE_DEVIATION_UNCONTROLLED,3
EVT:PROCEDURE_NOT_FOLLOWED,MITIGATES,EVT:ALTITUDE_DEVIATION_UNCONTROLLED,1
EVT:PROCEDURE_NOT_FOLLOWED,RESPONDS_TO,EVT:EMERGENCY_LANDING,1
EVT:PROCEDURE_NOT_FOLLOWED,CONTRIBUTES_TO,EVT:EMERGENCY_LANDING,2
EVT:PROCEDURE_NOT_FOLLOWED,CAUSES,EVT:EMERGENCY_LANDING,7
EVT:PROCEDURE_NOT_FOLLOWED,PRECEDES,EVT:EMERGENCY_LANDING,1
EVT:PROCEDURE_NOT_FOLLOWED,CAUSES,EVT:PERCEPTION_FAILURE,3
EVT:PROCEDURE_NOT_FOLLOWED,CONCURRENT,EVT:PERCEPTION_FAILURE,3
EVT:PROCEDURE_NOT_FOLLOWED,CONTRIBUTES_TO,EVT:PERCEPTION_FAILURE,2
EVT:PROCEDURE_NOT_FOLLOWED,CAUSES,EVT:ICING_ENCOUNTER,5
EVT:PROCEDURE_NOT_FOLLOWED,CONTRIBUTES_TO,EVT:ICING_ENCOUNTER,1
EVT:PROCEDURE_NOT_FOLLOWED,CONCURRENT,EVT:TURBULENCE_ENCOUNTER,2
EVT:PROCEDURE_NOT_FOLLOWED,RESPONDS_TO,EVT:TURBULENCE_ENCOUNTER,3
EVT:PROCEDURE_NOT_FOLLOWED,CAUSES,EVT:TURBULENCE_ENCOUNTER,2
EVT:PROCEDURE_NOT_FOLLOWED,PRECEDES,EVT:TURBULENCE_ENCOUNTER,3
EVT:PROCEDURE_NOT_FOLLOWED,CONTRIBUTES_TO,EVT:TURBULENCE_ENCOUNTER,1
EVT:PROCEDURE_NOT_FOLLOWED,CAUSES,EVT:LOSS_OF_CONTROL_INFLIGHT,4
EVT:PROCEDURE_NOT_FOLLOWED,CONTRIBUTES_TO,EVT:LOSS_OF_CONTROL_INFLIGHT,2
EVT:PROCEDURE_NOT_FOLLOWED,TRIGGERS,EVT:LOSS_OF_CONTROL_INFLIGHT,1
EVT:PROCEDURE_NOT_FOLLOWED,CAUSES,EVT:RUNWAY_INCURSION,1
EVT:PROCEDURE_NOT_FOLLOWED,CAUSES,COND:knowledge,1
EVT:PROCEDURE_NOT_FOLLOWED,UNDER_CONDITION,COND:knowledge,1
EVT:PROCEDURE_NOT_FOLLOWED,CAUSES,COND:weight,1
EVT:PROCEDURE_NOT_FOLLOWED,INHIBITS,COND:procedural,1
EVT:PROCEDURE_NOT_FOLLOWED,INDUCED_CONDITION,COND:procedural,2
EVT:PROCEDURE_NOT_FOLLOWED,CAUSES,COND:procedural,1
EVT:PROCEDURE_NOT_FOLLOWED,UNDER_CONDITION,COND:human_performance,1
EVT:PROCEDURE_NOT_FOLLOWED,INDUCED_CONDITION,COND:human_performance,1
EVT:PROCEDURE_NOT_FOLLOWED,INDUCED_CONDITION,COND:physiological,1
EVT:PROCEDURE_NOT_FOLLOWED,CAUSES,COND:resource,1
EVT:PROCEDURE_NOT_FOLLOWED,RESPONDS_TO,EVT:SUCCESSFUL_RECOVERY,1
EVT:PROCEDURE_NOT_FOLLOWED,CAUSES,EVT:SUCCESSFUL_RECOVERY,1
EVT:PROCEDURE_NOT_FOLLOWED,INDUCED_CONDITION,COND:operational,10
EVT:PROCEDURE_NOT_FOLLOWED,CONTRIBUTES_TO,COND:operational,1
EVT:PROCEDURE_NOT_FOLLOWED,UNDER_CONDITION,COND:operational,1
EVT:PROCEDURE_NOT_FOLLOWED,CAUSES,COND:operational,3
EVT:PROCEDURE_NOT_FOLLOWED,RESPONDS_TO,COND:operational,2
EVT:PROCEDURE_NOT_FOLLOWED,ENABLES,COND:operational,1
EVT:PROCEDURE_NOT_FOLLOWED,CAUSES,EVT:GROUND_COLLISION,1
EVT:PROCEDURE_NOT_FOLLOWED,CONTRIBUTES_TO,EVT:GROUND_COLLISION,1
EVT:PROCEDURE_NOT_FOLLOWED,UNDER_CONDITION,ENT:location,1
EVT:PROCEDURE_NOT_FOLLOWED,CAUSES,COND:physical,1
EVT:PROCEDURE_NOT_FOLLOWED,PRECEDES,EVT:PROCEDURE_NOT_FOLLOWED,7
EVT:PROCEDURE_NOT_FOLLOWED,CONTRIBUTES_TO,EVT:PROCEDURE_NOT_FOLLOWED,2
EVT:PROCEDURE_NOT_FOLLOWED,TRIGGERS,EVT:PROCEDURE_NOT_FOLLOWED,3
EVT:PROCEDURE_NOT_FOLLOWED,CAUSES,EVT:PROCEDURE_NOT_FOLLOWED,2
EVT:PROCEDURE_NOT_FOLLOWED,CONTRIBUTES_TO,EVT:SPATIAL_DISORIENTATION,1
EVT:PROCEDURE_NOT_FOLLOWED,UNDER_CONDITION,COND:terrain,2
EVT:PROCEDURE_NOT_FOLLOWED,RESPONDS_TO,COND:terrain,1
EVT:PROCEDURE_NOT_FOLLOWED,INDUCED_CONDITION,COND:behavioral,1
EVT:PROCEDURE_NOT_FOLLOWED,RESPONDS_TO,EVT:ATC_OR_DISPATCH_INADEQUATE,1
EVT:PROCEDURE_NOT_FOLLOWED,CONCURRENT,EVT:RUNWAY_CONDITION_HAZARD,1
EVT:PROCEDURE_NOT_FOLLOWED,CAUSES,EVT:RUNWAY_CONDITION_HAZARD,1
EVT:PROCEDURE_NOT_FOLLOWED,INDUCED_CONDITION,COND:configuration,1
EVT:PROCEDURE_NOT_FOLLOWED,CONCURRENT,EVT:BIRD_OR_WILDLIFE_STRIKE,1
EVT:PROCEDURE_NOT_FOLLOWED,CAUSES,EVT:BIRD_OR_WILDLIFE_STRIKE,3
EVT:PROCEDURE_NOT_FOLLOWED,PREVENTS,COND:information,1
EVT:PROCEDURE_NOT_FOLLOWED,UNDER_CONDITION,COND:regulatory,1
EVT:PROCEDURE_NOT_FOLLOWED,CAUSES,EVT:FUEL_SYSTEM_ANOMALY,2
EVT:PROCEDURE_NOT_FOLLOWED,INDUCED_CONDITION,COND:human_factors,1
EVT:PROCEDURE_NOT_FOLLOWED,CAUSES,EVT:CONTROL_SURFACE_ANOMALY,1
EVT:PROCEDURE_NOT_FOLLOWED,CAUSES,EVT:MIDAIR_COLLISION,1
EVT:PROCEDURE_NOT_FOLLOWED,INDUCED_CONDITION,COND:aircraft_configuration,1
EVT:PROCEDURE_NOT_FOLLOWED,CONTRIBUTES_TO,EVT:CREW_COORDINATION_FAILURE,1
COND:human_factor,CONTRIBUTES_TO,EVT:INJURY_OR_FATALITY,16
COND:human_factor,CAUSES,EVT:INJURY_OR_FATALITY,2
COND:human_factor,INHIBITS,EVT:CONTROL_INPUT_IMPROPER,1
COND:human_factor,CONTRIBUTES_TO,EVT:CONTROL_INPUT_IMPROPER,4
COND:human_factor,CAUSES,EVT:CONTROL_INPUT_IMPROPER,1
COND:human_factor,CONTRIBUTES_TO,EVT:DECISION_INAPPROPRIATE,3
COND:human_factor,CAUSES,EVT:DECISION_INAPPROPRIATE,3
COND:human_factor,CONTRIBUTES_TO,EVT:SPATIAL_DISORIENTATION,1
COND:human_factor,UNDER_CONDITION,EVT:GROUND_PERSONNEL_ERROR,1
COND:human_factor,CAUSES,EVT:PERCEPTION_FAILURE,1
COND:human_factor,CO_OCCURS,EVT:TURBULENCE_ENCOUNTER,1
COND:human_factor,CONTRIBUTES_TO,EVT:TURBULENCE_ENCOUNTER,1
COND:human_factor,CONTRIBUTES_TO,EVT:PROCEDURE_NOT_FOLLOWED,1
EVT:INJURY_OR_FATALITY,CAUSES,EVT:DECISION_INAPPROPRIATE,2
EVT:INJURY_OR_FATALITY,TRIGGERS,EVT:DECISION_INAPPROPRIATE,2
EVT:INJURY_OR_FATALITY,CAUSES,EVT:INJURY_OR_FATALITY,4
EVT:INJURY_OR_FATALITY,CAUSES,EVT:AIRFRAME_STRUCTURAL_FAILURE,1
EVT:INJURY_OR_FATALITY,TRIGGERS,EVT:SUCCESSFUL_RECOVERY,1
EVT:INJURY_OR_FATALITY,CONCURRENT,EVT:SUCCESSFUL_RECOVERY,1
EVT:INJURY_OR_FATALITY,PRECEDES,EVT:SUCCESSFUL_RECOVERY,1
EVT:INJURY_OR_FATALITY,CAUSES,EVT:EMERGENCY_LANDING,10
EVT:INJURY_OR_FATALITY,CONTRIBUTES_TO,EVT:EMERGENCY_LANDING,1
EVT:INJURY_OR_FATALITY,TRIGGERS,EVT:PROCEDURE_NOT_FOLLOWED,6
EVT:INJURY_OR_FATALITY,CAUSES,EVT:PROCEDURE_NOT_FOLLOWED,1
EVT:INJURY_OR_FATALITY,CAUSES,EVT:LOSS_OF_CONTROL_INFLIGHT,1
EVT:INJURY_OR_FATALITY,UNDER_CONDITION,COND:operational,3
EVT:INJURY_OR_FATALITY,UNDER_CONDITION,COND:occupant_state,1
EVT:INJURY_OR_FATALITY,CAUSES,EVT:ALTITUDE_DEVIATION_UNCONTROLLED,1
COND:environmental,CONTRIBUTES_TO,EVT:PERCEPTION_FAILURE,14
COND:environmental,UNDER_CONDITION,EVT:PERCEPTION_FAILURE,15
COND:environmental,MASKED_BY_CONDITION,EVT:PERCEPTION_FAILURE,10
COND:environmental,CAUSES,EVT:PERCEPTION_FAILURE,19
COND:environmental,INHIBITS,EVT:PERCEPTION_FAILURE,2
COND:environmental,ENABLES,EVT:PERCEPTION_FAILURE,2
COND:environmental,CONTRIBUTES_TO,EVT:GROUND_IMPACT,16
COND:environmental,ENABLES,EVT:GROUND_IMPACT,5
COND:environmental,CAUSES,EVT:GROUND_IMPACT,11
COND:environmental,UNDER_CONDITION,EVT:GROUND_IMPACT,4
COND:environmental,INHIBITS,EVT:GROUND_IMPACT,1
COND:environmental,CONTRIBUTES_TO,EVT:CONTROL_INPUT_IMPROPER,13
COND:environmental,UNDER_CONDITION,EVT:CONTROL_INPUT_IMPROPER,10
COND:environmental,CAUSES,EVT:CONTROL_INPUT_IMPROPER,5
COND:environmental,INHIBITS,EVT:CONTROL_INPUT_IMPROPER,2
COND:environmental,TRIGGERS,EVT:CONTROL_INPUT_IMPROPER,2
COND:environmental,UNDER_CONDITION,EVT:RUNWAY_CONDITION_HAZARD,11
COND:environmental,ENABLES,EVT:RUNWAY_CONDITION_HAZARD,1
COND:environmental,CAUSES,EVT:RUNWAY_CONDITION_HAZARD,1
COND:environmental,ENABLES,EVT:GROUND_PERSONNEL_ERROR,1
COND:environmental,UNDER_CONDITION,EVT:GROUND_PERSONNEL_ERROR,1
COND:environmental,CONTRIBUTES_TO,EVT:GROUND_PERSONNEL_ERROR,1
COND:environmental,UNDER_CONDITION,EVT:TERRAIN_OR_OBSTACLE_PROXIMITY,9
COND:environmental,CONTRIBUTES_TO,EVT:TERRAIN_OR_OBSTACLE_PROXIMITY,1
COND:environmental,ENABLES,EVT:TERRAIN_OR_OBSTACLE_PROXIMITY,7
COND:environmental,CAUSES,EVT:TERRAIN_OR_OBSTACLE_PROXIMITY,4
COND:environmental,UNDER_CONDITION,EVT:TURBULENCE_ENCOUNTER,2
COND:environmental,ENABLES,EVT:TURBULENCE_ENCOUNTER,2
COND:environmental,CAUSES,EVT:TURBULENCE_ENCOUNTER,1
COND:environmental,UNDER_CONDITION,EVT:LOW_VISIBILITY_OR_IMC,8
COND:environmental,CAUSES,EVT:LOW_VISIBILITY_OR_IMC,2
COND:environmental,CONTRIBUTES_TO,EVT:LOW_VISIBILITY_OR_IMC,1
COND:environmental,MASKED_BY_CONDITION,COND:weather,2
COND:environmental,CAUSES,COND:weather,2
COND:environmental,CONTRIBUTES_TO,COND:weather,1
COND:environmental,UNDER_CONDITION,EVT:LOSS_OF_CONTROL_INFLIGHT,1
COND:environmental,CONTRIBUTES_TO,EVT:LOSS_OF_CONTROL_INFLIGHT,4
COND:environmental,CAUSES,EVT:LOSS_OF_CONTROL_INFLIGHT,4
COND:environmental,CAUSES,COND:physiological,2
COND:environmental,ENABLES,COND:physiological,1
COND:environmental,CAUSES,EVT:BIRD_OR_WILDLIFE_STRIKE,7
COND:environmental,UNDER_CONDITION,EVT:BIRD_OR_WILDLIFE_STRIKE,17
COND:environmental,ENABLES,EVT:BIRD_OR_WILDLIFE_STRIKE,17
COND:environmental,CONTRIBUTES_TO,EVT:BIRD_OR_WILDLIFE_STRIKE,2
COND:environmental,INHIBITS,EVT:BIRD_OR_WILDLIFE_STRIKE,1
COND:environmental,ENABLES,EVT:RUNWAY_EXCURSION_OR_OVERRUN,2
COND:environmental,CAUSES,EVT:RUNWAY_EXCURSION_OR_OVERRUN,6
COND:environmental,CONTRIBUTES_TO,EVT:RUNWAY_EXCURSION_OR_OVERRUN,5
COND:environmental,UNDER_CONDITION,EVT:RUNWAY_EXCURSION_OR_OVERRUN,3
COND:environmental,CAUSES,EVT:DECISION_INAPPROPRIATE,13
COND:environmental,INHIBITS,EVT:DECISION_INAPPROPRIATE,2
COND:environmental,CONTRIBUTES_TO,EVT:DECISION_INAPPROPRIATE,6
COND:environmental,UNDER_CONDITION,EVT:DECISION_INAPPROPRIATE,2
COND:environmental,ENABLES,EVT:DECISION_INAPPROPRIATE,1
COND:environmental,CONTRIBUTES_TO,EVT:ALTITUDE_DEVIATION_UNCONTROLLED,2
COND:environmental,CAUSES,EVT:ALTITUDE_DEVIATION_UNCONTROLLED,3
COND:environmental,CAUSES,EVT:LANDING_GEAR_ANOMALY,3
COND:environmental,ENABLES,EVT:LANDING_GEAR_ANOMALY,1
COND:environmental,CONTRIBUTES_TO,EVT:PROCEDURE_NOT_FOLLOWED,2
COND:environmental,UNDER_CONDITION,EVT:PROCEDURE_NOT_FOLLOWED,4
COND:environmental,CAUSES,EVT:PROCEDURE_NOT_FOLLOWED,2
COND:environmental,INHIBITS,EVT:PROCEDURE_NOT_FOLLOWED,1
COND:environmental,ENABLES,COND:mechanical,1
COND:environmental,CAUSES,COND:mechanical,3
COND:environmental,CONTRIBUTES_TO,EVT:STALL,3
COND:environmental,CAUSES,COND:environmental,3
COND:environmental,CONCURRENT,COND:environmental,1
COND:environmental,ENABLES,COND:environmental,1
COND:environmental,CONTRIBUTES_TO,COND:environmental,1
COND:environmental,CONTRIBUTES_TO,EVT:WATER_IMPACT,2
COND:environmental,CAUSES,EVT:WIND_SHEAR_OR_GUST,3
COND:environmental,UNDER_CONDITION,EVT:WIND_SHEAR_OR_GUST,3
COND:environmental,CONTRIBUTES_TO,EVT:LOSS_OF_CONTROL_GROUND,3
COND:environmental,ENABLES,EVT:LOSS_OF_CONTROL_GROUND,1
COND:environmental,UNDER_CONDITION,EVT:LOSS_OF_CONTROL_GROUND,2
COND:environmental,CAUSES,EVT:LOSS_OF_CONTROL_GROUND,5
COND:environmental,CAUSES,COND:perceptual,2
COND:environmental,MASKED_BY_CONDITION,COND:perceptual,2
COND:environmental,CAUSES,EVT:GROUND_DAMAGE,1
COND:environmental,CAUSES,COND:visibility,1
COND:environmental,CAUSES,EVT:GROUND_COLLISION,1
COND:environmental,CAUSES,EVT:SPATIAL_DISORIENTATION,1
COND:environmental,CO_OCCURS,COND:infrastructure,1
COND:environmental,CONTRIBUTES_TO,COND:visual,1
COND:environmental,CAUSES,COND:aerodynamic,4
COND:environmental,CAUSES,COND:aircraft_state,1
COND:environmental,CAUSES,EVT:ENGINE_FAILURE,1
COND:environmental,CAUSES,COND:cognitive,1
COND:environmental,TRIGGERS,EVT:TCAS_RA,1
EVT:PERCEPTION_FAILURE,CAUSES,EVT:GROUND_PERSONNEL_ERROR,2
EVT:PERCEPTION_FAILURE,CAUSES,EVT:RUNWAY_EXCURSION_OR_OVERRUN,2
EVT:PERCEPTION_FAILURE,CONTRIBUTES_TO,EVT:RUNWAY_EXCURSION_OR_OVERRUN,2
EVT:PERCEPTION_FAILURE,UNDER_CONDITION,COND:weather,6
EVT:PERCEPTION_FAILURE,MASKED_BY_CONDITION,COND:weather,3
EVT:PERCEPTION_FAILURE,INDUCED_CONDITION,COND:weather,2
EVT:PERCEPTION_FAILURE,CAUSES,EVT:CONTROL_INPUT_IMPROPER,21
EVT:PERCEPTION_FAILURE,CONTRIBUTES_TO,EVT:CONTROL_INPUT_IMPROPER,5
EVT:PERCEPTION_FAILURE,CONCURRENT,EVT:CONTROL_INPUT_IMPROPER,1
EVT:PERCEPTION_FAILURE,RESPONDS_TO,EVT:CONTROL_INPUT_IMPROPER,9
EVT:PERCEPTION_FAILURE,TRIGGERS,EVT:CONTROL_INPUT_IMPROPER,5
EVT:PERCEPTION_FAILURE,UNDER_CONDITION,COND:visual_reference,1
EVT:PERCEPTION_FAILURE,CAUSES,EVT:TERRAIN_OR_OBSTACLE_PROXIMITY,28
EVT:PERCEPTION_FAILURE,CONTRIBUTES_TO,EVT:TERRAIN_OR_OBSTACLE_PROXIMITY,2
EVT:PERCEPTION_FAILURE,CAUSES,EVT:GROUND_IMPACT,41
EVT:PERCEPTION_FAILURE,CONTRIBUTES_TO,EVT:GROUND_IMPACT,6
EVT:PERCEPTION_FAILURE,CAUSES,EVT:LOSS_OF_CONTROL_GROUND,2
EVT:PERCEPTION_FAILURE,INDUCED_CONDITION,COND:mechanical,1
EVT:PERCEPTION_FAILURE,ENABLES,COND:mechanical,3
EVT:PERCEPTION_FAILURE,CAUSES,COND:mechanical,4
EVT:PERCEPTION_FAILURE,INHIBITS,COND:mechanical,1
EVT:PERCEPTION_FAILURE,MASKED_BY_CONDITION,COND:mechanical,2
EVT:PERCEPTION_FAILURE,CAUSES,EVT:LOSS_OF_CONTROL_INFLIGHT,2
EVT:PERCEPTION_FAILURE,CONTRIBUTES_TO,EVT:LOSS_OF_CONTROL_INFLIGHT,2
EVT:PERCEPTION_FAILURE,CAUSES,EVT:ALTITUDE_DEVIATION_UNCONTROLLED,4
EVT:PERCEPTION_FAILURE,UNDER_CONDITION,COND:instrument_failure,1
EVT:PERCEPTION_FAILURE,UNDER_CONDITION,COND:other,1
EVT:PERCEPTION_FAILURE,CAUSES,EVT:DECISION_INAPPROPRIATE,25
EVT:PERCEPTION_FAILURE,CONTRIBUTES_TO,EVT:DECISION_INAPPROPRIATE,3
EVT:PERCEPTION_FAILURE,TRIGGERS,EVT:DECISION_INAPPROPRIATE,2
EVT:PERCEPTION_FAILURE,RESPONDS_TO,EVT:DECISION_INAPPROPRIATE,2
EVT:PERCEPTION_FAILURE,INDUCED_CONDITION,COND:aerodynamic,1
EVT:PERCEPTION_FAILURE,CAUSES,COND:aerodynamic,2
EVT:PERCEPTION_FAILURE,UNDER_CONDITION,COND:aerodynamic,1
EVT:PERCEPTION_FAILURE,UNDER_CONDITION,COND:environmental,18
EVT:PERCEPTION_FAILURE,INDUCED_CONDITION,COND:environmental,1
EVT:PERCEPTION_FAILURE,MASKED_BY_CONDITION,COND:environmental,3
EVT:PERCEPTION_FAILURE,RESPONDS_TO,COND:environmental,1
EVT:PERCEPTION_FAILURE,UNDER_CONDITION,COND:terrain,2
EVT:PERCEPTION_FAILURE,INDUCED_CONDITION,COND:physiological,3
EVT:PERCEPTION_FAILURE,CAUSES,EVT:GROUND_COLLISION,5
EVT:PERCEPTION_FAILURE,CONTRIBUTES_TO,EVT:GROUND_COLLISION,1
EVT:PERCEPTION_FAILURE,MASKED_BY_CONDITION,COND:cognitive,1
EVT:PERCEPTION_FAILURE,INDUCED_CONDITION,COND:cognitive,3
EVT:PERCEPTION_FAILURE,CAUSES,COND:cognitive,1
EVT:PERCEPTION_FAILURE,CAUSES,EVT:PROCEDURE_NOT_FOLLOWED,9
EVT:PERCEPTION_FAILURE,CONTRIBUTES_TO,EVT:PROCEDURE_NOT_FOLLOWED,4
EVT:PERCEPTION_FAILURE,RESPONDS_TO,EVT:PROCEDURE_NOT_FOLLOWED,1
EVT:PERCEPTION_FAILURE,TRIGGERS,EVT:PROCEDURE_NOT_FOLLOWED,1
EVT:PERCEPTION_FAILURE,CONTRIBUTES_TO,EVT:GROUND_DAMAGE,1
EVT:PERCEPTION_FAILURE,INDUCED_CONDITION,COND:perceptual,1
EVT:PERCEPTION_FAILURE,UNDER_CONDITION,COND:perceptual,1
EVT:PERCEPTION_FAILURE,CAUSES,EVT:BIRD_OR_WILDLIFE_STRIKE,5
EVT:PERCEPTION_FAILURE,CONTRIBUTES_TO,EVT:BIRD_OR_WILDLIFE_STRIKE,3
EVT:PERCEPTION_FAILURE,CAUSES,EVT:MIDAIR_COLLISION,2
EVT:PERCEPTION_FAILURE,UNDER_CONDITION,COND:visibility,1
EVT:PERCEPTION_FAILURE,UNDER_CONDITION,COND:infrastructure,1
EVT:PERCEPTION_FAILURE,UNDER_CONDITION,COND:organizational,1
EVT:PERCEPTION_FAILURE,CONTRIBUTES_TO,EVT:SPATIAL_DISORIENTATION,1
EVT:PERCEPTION_FAILURE,CAUSES,EVT:SPATIAL_DISORIENTATION,2
EVT:PERCEPTION_FAILURE,UNDER_CONDITION,COND:medical,1
EVT:PERCEPTION_FAILURE,CAUSES,EVT:TAXIING_INCIDENT,1
EVT:PERCEPTION_FAILURE,CAUSES,COND:situational_awareness,1
EVT:PERCEPTION_FAILURE,INDUCED_CONDITION,COND:spatial_reference,1
EVT:PERCEPTION_FAILURE,CAUSES,EVT:PERCEPTION_FAILURE,2
EVT:PERCEPTION_FAILURE,CONCURRENT,EVT:PERCEPTION_FAILURE,1
EVT:PERCEPTION_FAILURE,CONTRIBUTES_TO,EVT:PERCEPTION_FAILURE,2
EVT:PERCEPTION_FAILURE,CAUSES,EVT:EMERGENCY_LANDING,2
EVT:PERCEPTION_FAILURE,INDUCED_CONDITION,COND:attention,1
EVT:PERCEPTION_FAILURE,CONTRIBUTES_TO,EVT:AIRFRAME_STRUCTURAL_FAILURE,1
EVT:PERCEPTION_FAILURE,CONTRIBUTES_TO,EVT:TURBULENCE_ENCOUNTER,4
EVT:PERCEPTION_FAILURE,CAUSES,EVT:TURBULENCE_ENCOUNTER,1
EVT:PERCEPTION_FAILURE,CAUSES,EVT:WATER_IMPACT,1
EVT:PERCEPTION_FAILURE,INDUCED_CONDITION,COND:spatial,1
EVT:PERCEPTION_FAILURE,CONTRIBUTES_TO,EVT:STALL,1
EVT:PERCEPTION_FAILURE,CAUSES,EVT:STALL,2
EVT:PERCEPTION_FAILURE,CAUSES,EVT:ENGINE_FAILURE,1
EVT:PERCEPTION_FAILURE,CAUSES,EVT:SUCCESSFUL_RECOVERY,1
EVT:PERCEPTION_FAILURE,CAUSES,COND:information,1
EVT:PERCEPTION_FAILURE,CAUSES,EVT:RUNWAY_CONDITION_HAZARD,1
EVT:PERCEPTION_FAILURE,INDUCED_CONDITION,COND:human_factor,1
EVT:PERCEPTION_FAILURE,INDUCED_CONDITION,COND:human_factors,1
EVT:PERCEPTION_FAILURE,RESPONDS_TO,ENT:location,1
EVT:PERCEPTION_FAILURE,CONTRIBUTES_TO,EVT:MAINTENANCE_INADEQUATE,1
EVT:PERCEPTION_FAILURE,RESPONDS_TO,EVT:INSTRUMENT_OR_AVIONICS_FAILURE,1
EVT:PERCEPTION_FAILURE,MASKED_BY_CONDITION,COND:physical,1
EVT:PERCEPTION_FAILURE,CONTRIBUTES_TO,EVT:INJURY_OR_FATALITY,1
COND:latent_defect,CONTRIBUTES_TO,EVT:PERCEPTION_FAILURE,1
COND:latent_defect,CAUSES,COND:information,1
COND:latent_defect,CAUSES,COND:physiological,1
COND:latent_defect,CAUSES,EVT:GROUND_PERSONNEL_ERROR,1
EVT:GROUND_PERSONNEL_ERROR,CAUSES,EVT:GROUND_IMPACT,11
EVT:GROUND_PERSONNEL_ERROR,ENABLES,EVT:GROUND_IMPACT,1
EVT:GROUND_PERSONNEL_ERROR,CAUSES,EVT:GROUND_PERSONNEL_ERROR,2
EVT:GROUND_PERSONNEL_ERROR,CAUSES,EVT:INJURY_OR_FATALITY,3
EVT:GROUND_PERSONNEL_ERROR,CONTRIBUTES_TO,EVT:INJURY_OR_FATALITY,1
EVT:GROUND_PERSONNEL_ERROR,UNDER_CONDITION,COND:environmental,4
EVT:GROUND_PERSONNEL_ERROR,INDUCED_CONDITION,COND:environmental,2
EVT:GROUND_PERSONNEL_ERROR,CAUSES,COND:environmental,1
EVT:GROUND_PERSONNEL_ERROR,CAUSES,COND:infrastructure,2
EVT:GROUND_PERSONNEL_ERROR,TRIGGERS,EVT:CONTROL_INPUT_IMPROPER,5
EVT:GROUND_PERSONNEL_ERROR,CAUSES,COND:mechanical,5
EVT:GROUND_PERSONNEL_ERROR,INDUCED_CONDITION,COND:mechanical,2
EVT:GROUND_PERSONNEL_ERROR,CONCURRENT,EVT:RUNWAY_EXCURSION_OR_OVERRUN,1
EVT:GROUND_PERSONNEL_ERROR,CAUSES,EVT:PERCEPTION_FAILURE,1
EVT:GROUND_PERSONNEL_ERROR,TRIGGERS,EVT:PERCEPTION_FAILURE,2
EVT:GROUND_PERSONNEL_ERROR,INDUCED_CONDITION,COND:physical,1
EVT:GROUND_PERSONNEL_ERROR,CAUSES,EVT:CONTROL_SURFACE_ANOMALY,1
EVT:GROUND_PERSONNEL_ERROR,CAUSES,EVT:AIRFRAME_STRUCTURAL_FAILURE,1
EVT:GROUND_PERSONNEL_ERROR,CAUSES,EVT:MIDAIR_COLLISION,1
EVT:GROUND_PERSONNEL_ERROR,CAUSES,EVT:BIRD_OR_WILDLIFE_STRIKE,2
EVT:WIND_SHEAR_OR_GUST,CAUSES,EVT:LOSS_OF_CONTROL_INFLIGHT,27
EVT:WIND_SHEAR_OR_GUST,CONTRIBUTES_TO,EVT:LOSS_OF_CONTROL_INFLIGHT,3
EVT:WIND_SHEAR_OR_GUST,CAUSES,EVT:CONTROL_INPUT_IMPROPER,12
EVT:WIND_SHEAR_OR_GUST,CONTRIBUTES_TO,EVT:CONTROL_INPUT_IMPROPER,7
EVT:WIND_SHEAR_OR_GUST,TRIGGERS,EVT:CONTROL_INPUT_IMPROPER,14
EVT:WIND_SHEAR_OR_GUST,RESPONDS_TO,EVT:CONTROL_INPUT_IMPROPER,8
EVT:WIND_SHEAR_OR_GUST,CAUSES,EVT:LOSS_OF_CONTROL_GROUND,25
EVT:WIND_SHEAR_OR_GUST,CONTRIBUTES_TO,EVT:LOSS_OF_CONTROL_GROUND,2
EVT:WIND_SHEAR_OR_GUST,TRIGGERS,EVT:LOSS_OF_CONTROL_GROUND,1
EVT:WIND_SHEAR_OR_GUST,UNDER_CONDITION,COND:weather,67
EVT:WIND_SHEAR_OR_GUST,INDUCED_CONDITION,COND:weather,4
EVT:WIND_SHEAR_OR_GUST,CAUSES,EVT:GROUND_IMPACT,13
EVT:WIND_SHEAR_OR_GUST,CAUSES,EVT:ALTITUDE_DEVIATION_UNCONTROLLED,6
EVT:WIND_SHEAR_OR_GUST,CAUSES,EVT:RUNWAY_EXCURSION_OR_OVERRUN,6
EVT:WIND_SHEAR_OR_GUST,CONTRIBUTES_TO,EVT:RUNWAY_EXCURSION_OR_OVERRUN,3
EVT:WIND_SHEAR_OR_GUST,CAUSES,COND:performance,2
EVT:WIND_SHEAR_OR_GUST,CAUSES,EVT:STRUCTURAL_OVERLOAD,4
EVT:WIND_SHEAR_OR_GUST,UNDER_CONDITION,COND:terrain,2
EVT:WIND_SHEAR_OR_GUST,CAUSES,COND:terrain,1
EVT:WIND_SHEAR_OR_GUST,INDUCED_CONDITION,COND:terrain,1
EVT:WIND_SHEAR_OR_GUST,UNDER_CONDITION,COND:environmental,1
EVT:WIND_SHEAR_OR_GUST,INDUCED_CONDITION,COND:environmental,1
EVT:WIND_SHEAR_OR_GUST,CAUSES,COND:environmental,1
EVT:WIND_SHEAR_OR_GUST,TRIGGERS,EVT:DECISION_INAPPROPRIATE,3
EVT:WIND_SHEAR_OR_GUST,CAUSES,EVT:DECISION_INAPPROPRIATE,2
EVT:WIND_SHEAR_OR_GUST,CONTRIBUTES_TO,EVT:DECISION_INAPPROPRIATE,1
EVT:WIND_SHEAR_OR_GUST,RESPONDS_TO,EVT:DECISION_INAPPROPRIATE,1
EVT:WIND_SHEAR_OR_GUST,CAUSES,EVT:TERRAIN_OR_OBSTACLE_PROXIMITY,1
EVT:WIND_SHEAR_OR_GUST,CONTRIBUTES_TO,EVT:TERRAIN_OR_OBSTACLE_PROXIMITY,1
EVT:WIND_SHEAR_OR_GUST,CAUSES,EVT:STALL,6
EVT:WIND_SHEAR_OR_GUST,UNDER_CONDITION,COND:aerodynamic,1
EVT:WIND_SHEAR_OR_GUST,INDUCED_CONDITION,COND:aerodynamic,1
EVT:WIND_SHEAR_OR_GUST,CAUSES,COND:aerodynamic,3
EVT:WIND_SHEAR_OR_GUST,UNDER_CONDITION,ENT:aircraft,1
EVT:WIND_SHEAR_OR_GUST,TRIGGERS,EVT:PROCEDURE_NOT_FOLLOWED,2
EVT:WIND_SHEAR_OR_GUST,INDUCED_CONDITION,COND:mechanical,1
EVT:WIND_SHEAR_OR_GUST,CAUSES,EVT:PERCEPTION_FAILURE,1
EVT:WIND_SHEAR_OR_GUST,CAUSES,EVT:AIRFRAME_STRUCTURAL_FAILURE,1
EVT:WIND_SHEAR_OR_GUST,CONCURRENT,EVT:WIND_SHEAR_OR_GUST,1
EVT:LOSS_OF_CONTROL_INFLIGHT,CAUSES,EVT:RUNWAY_EXCURSION_OR_OVERRUN,2
EVT:LOSS_OF_CONTROL_INFLIGHT,RESPONDS_TO,EVT:CONTROL_INPUT_IMPROPER,35
EVT:LOSS_OF_CONTROL_INFLIGHT,TRIGGERS,EVT:CONTROL_INPUT_IMPROPER,2
EVT:LOSS_OF_CONTROL_INFLIGHT,CAUSES,EVT:CONTROL_INPUT_IMPROPER,2
EVT:LOSS_OF_CONTROL_INFLIGHT,CAUSES,COND:structural,1
EVT:LOSS_OF_CONTROL_INFLIGHT,CAUSES,EVT:GROUND_IMPACT,120
EVT:LOSS_OF_CONTROL_INFLIGHT,CONTRIBUTES_TO,EVT:GROUND_IMPACT,1
EVT:LOSS_OF_CONTROL_INFLIGHT,CAUSES,EVT:WIND_SHEAR_OR_GUST,1
EVT:LOSS_OF_CONTROL_INFLIGHT,RESPONDS_TO,EVT:PROCEDURE_NOT_FOLLOWED,9
EVT:LOSS_OF_CONTROL_INFLIGHT,TRIGGERS,EVT:PROCEDURE_NOT_FOLLOWED,1
EVT:LOSS_OF_CONTROL_INFLIGHT,RESPONDS_TO,EVT:SUCCESSFUL_RECOVERY,7
EVT:LOSS_OF_CONTROL_INFLIGHT,CAUSES,EVT:STRUCTURAL_OVERLOAD,6
EVT:LOSS_OF_CONTROL_INFLIGHT,CAUSES,EVT:WATER_IMPACT,9
EVT:LOSS_OF_CONTROL_INFLIGHT,UNDER_CONDITION,COND:aerodynamic,2
EVT:LOSS_OF_CONTROL_INFLIGHT,INDUCED_CONDITION,COND:aerodynamic,4
EVT:LOSS_OF_CONTROL_INFLIGHT,RESPONDS_TO,EVT:DECISION_INAPPROPRIATE,6
EVT:LOSS_OF_CONTROL_INFLIGHT,TRIGGERS,EVT:DECISION_INAPPROPRIATE,5
EVT:LOSS_OF_CONTROL_INFLIGHT,CAUSES,EVT:STALL,2
EVT:LOSS_OF_CONTROL_INFLIGHT,CONTRIBUTES_TO,EVT:STALL,1
EVT:LOSS_OF_CONTROL_INFLIGHT,CAUSES,EVT:INJURY_OR_FATALITY,4
EVT:LOSS_OF_CONTROL_INFLIGHT,UNDER_CONDITION,COND:operational,2
EVT:LOSS_OF_CONTROL_INFLIGHT,UNDER_CONDITION,COND:weather,5
EVT:LOSS_OF_CONTROL_INFLIGHT,INDUCED_CONDITION,COND:weather,1
EVT:LOSS_OF_CONTROL_INFLIGHT,RESPONDS_TO,EVT:CREW_COORDINATION_FAILURE,1
EVT:LOSS_OF_CONTROL_INFLIGHT,CAUSES,EVT:AIRFRAME_STRUCTURAL_FAILURE,3
EVT:LOSS_OF_CONTROL_INFLIGHT,UNDER_CONDITION,COND:terrain,6
EVT:LOSS_OF_CONTROL_INFLIGHT,CAUSES,EVT:LOSS_OF_CONTROL_INFLIGHT,4
EVT:LOSS_OF_CONTROL_INFLIGHT,TRIGGERS,EVT:LOSS_OF_CONTROL_INFLIGHT,2
EVT:LOSS_OF_CONTROL_INFLIGHT,CONCURRENT,EVT:LOSS_OF_CONTROL_INFLIGHT,1
EVT:LOSS_OF_CONTROL_INFLIGHT,INDUCED_CONDITION,COND:mechanical,1
EVT:LOSS_OF_CONTROL_INFLIGHT,CAUSES,EVT:BIRD_OR_WILDLIFE_STRIKE,1
EVT:LOSS_OF_CONTROL_INFLIGHT,UNDER_CONDITION,COND:environmental,4
EVT:LOSS_OF_CONTROL_INFLIGHT,INDUCED_CONDITION,COND:environmental,1
EVT:LOSS_OF_CONTROL_INFLIGHT,CAUSES,EVT:EMERGENCY_LANDING,3
EVT:LOSS_OF_CONTROL_INFLIGHT,RESPONDS_TO,EVT:EMERGENCY_LANDING,2
EVT:LOSS_OF_CONTROL_INFLIGHT,INDUCED_CONDITION,COND:performance,1
EVT:LOSS_OF_CONTROL_INFLIGHT,CAUSES,EVT:AUTOMATION_ANOMALY,1
EVT:LOSS_OF_CONTROL_INFLIGHT,CAUSES,EVT:INSTRUMENT_OR_AVIONICS_FAILURE,1
EVT:LOSS_OF_CONTROL_INFLIGHT,CAUSES,EVT:TERRAIN_OR_OBSTACLE_PROXIMITY,7
EVT:LOSS_OF_CONTROL_INFLIGHT,CAUSES,ENT:aircraft,1
EVT:LOSS_OF_CONTROL_INFLIGHT,CAUSES,EVT:ALTITUDE_DEVIATION_UNCONTROLLED,3
EVT:LOSS_OF_CONTROL_INFLIGHT,CAUSES,EVT:ENGINE_FAILURE,1
EVT:LOSS_OF_CONTROL_INFLIGHT,UNDER_CONDITION,COND:location,1
EVT:LOSS_OF_CONTROL_INFLIGHT,CAUSES,EVT:INFLIGHT_BREAKUP,2
EVT:SUCCESSFUL_RECOVERY,CONTRIBUTES_TO,EVT:GROUND_IMPACT,1
EVT:SUCCESSFUL_RECOVERY,CAUSES,EVT:GROUND_IMPACT,1
EVT:SUCCESSFUL_RECOVERY,PRECEDES,EVT:PROCEDURE_NOT_FOLLOWED,1
EVT:SUCCESSFUL_RECOVERY,CAUSES,ENT:person,1
EVT:SUCCESSFUL_RECOVERY,PRECEDES,EVT:EMERGENCY_LANDING,1
EVT:SUCCESSFUL_RECOVERY,CAUSES,EVT:EMERGENCY_LANDING,1
EVT:SUCCESSFUL_RECOVERY,CAUSES,EVT:STRUCTURAL_OVERLOAD,1
COND:structural,UNDER_CONDITION,EVT:INFLIGHT_BREAKUP,1
COND:structural,CAUSES,EVT:INJURY_OR_FATALITY,1
COND:structural,UNDER_CONDITION,EVT:DECISION_INAPPROPRIATE,1
EVT:TERRAIN_OR_OBSTACLE_PROXIMITY,CAUSES,EVT:GROUND_IMPACT,69
EVT:TERRAIN_OR_OBSTACLE_PROXIMITY,UNDER_CONDITION,COND:environmental,33
EVT:TERRAIN_OR_OBSTACLE_PROXIMITY,CAUSES,COND:environmental,1
EVT:TERRAIN_OR_OBSTACLE_PROXIMITY,RESPONDS_TO,COND:environmental,1
EVT:TERRAIN_OR_OBSTACLE_PROXIMITY,CAUSES,EVT:TERRAIN_OR_OBSTACLE_PROXIMITY,5
EVT:TERRAIN_OR_OBSTACLE_PROXIMITY,CAUSES,EVT:LOSS_OF_CONTROL_INFLIGHT,18
EVT:TERRAIN_OR_OBSTACLE_PROXIMITY,CONTRIBUTES_TO,EVT:LOSS_OF_CONTROL_INFLIGHT,2
EVT:TERRAIN_OR_OBSTACLE_PROXIMITY,UNDER_CONDITION,COND:terrain,4
EVT:TERRAIN_OR_OBSTACLE_PROXIMITY,CONCURRENT,EVT:PERCEPTION_FAILURE,1
EVT:TERRAIN_OR_OBSTACLE_PROXIMITY,CAUSES,EVT:PERCEPTION_FAILURE,2
EVT:TERRAIN_OR_OBSTACLE_PROXIMITY,CAUSES,EVT:AIRFRAME_STRUCTURAL_FAILURE,9
EVT:TERRAIN_OR_OBSTACLE_PROXIMITY,TRIGGERS,EVT:DECISION_INAPPROPRIATE,1
EVT:TERRAIN_OR_OBSTACLE_PROXIMITY,CAUSES,COND:mechanical,1
EVT:TERRAIN_OR_OBSTACLE_PROXIMITY,AFFECTS,ENT:object,1
EVT:TERRAIN_OR_OBSTACLE_PROXIMITY,CAUSES,EVT:CONTROL_SURFACE_ANOMALY,1
EVT:TERRAIN_OR_OBSTACLE_PROXIMITY,CAUSES,EVT:INFLIGHT_FIRE_OR_SMOKE,1
EVT:TERRAIN_OR_OBSTACLE_PROXIMITY,CAUSES,EVT:LANDING_GEAR_ANOMALY,1
EVT:TERRAIN_OR_OBSTACLE_PROXIMITY,CAUSES,EVT:STRUCTURAL_OVERLOAD,2
EVT:TERRAIN_OR_OBSTACLE_PROXIMITY,CAUSES,EVT:WATER_IMPACT,2
EVT:TERRAIN_OR_OBSTACLE_PROXIMITY,CAUSES,EVT:EMERGENCY_LANDING,3
EVT:TERRAIN_OR_OBSTACLE_PROXIMITY,TRIGGERS,EVT:EMERGENCY_LANDING,1
EVT:TERRAIN_OR_OBSTACLE_PROXIMITY,UNDER_CONDITION,ENT:location,2
EVT:TERRAIN_OR_OBSTACLE_PROXIMITY,CAUSES,ENT:location,1
EVT:TERRAIN_OR_OBSTACLE_PROXIMITY,AFFECTED_BY,ENT:location,1
EVT:TERRAIN_OR_OBSTACLE_PROXIMITY,AFFECTS,ENT:location,1
EVT:TERRAIN_OR_OBSTACLE_PROXIMITY,CAUSES,EVT:INJURY_OR_FATALITY,1
EVT:TERRAIN_OR_OBSTACLE_PROXIMITY,CAUSES,EVT:ALTITUDE_DEVIATION_UNCONTROLLED,1
EVT:TERRAIN_OR_OBSTACLE_PROXIMITY,CAUSES,EVT:INFLIGHT_BREAKUP,1
EVT:TERRAIN_OR_OBSTACLE_PROXIMITY,PRECEDES,EVT:WIND_SHEAR_OR_GUST,1
EVT:TERRAIN_OR_OBSTACLE_PROXIMITY,CAUSES,EVT:LOSS_OF_CONTROL_GROUND,4
EVT:TERRAIN_OR_OBSTACLE_PROXIMITY,ENABLES,EVT:LOSS_OF_CONTROL_GROUND,1
EVT:TERRAIN_OR_OBSTACLE_PROXIMITY,TRIGGERS,EVT:PROCEDURE_NOT_FOLLOWED,1
EVT:TERRAIN_OR_OBSTACLE_PROXIMITY,RESPONDS_TO,EVT:PROCEDURE_NOT_FOLLOWED,1
EVT:TERRAIN_OR_OBSTACLE_PROXIMITY,RESPONDS_TO,EVT:SUCCESSFUL_RECOVERY,1
EVT:TERRAIN_OR_OBSTACLE_PROXIMITY,CAUSES,EVT:SUCCESSFUL_RECOVERY,1
EVT:TERRAIN_OR_OBSTACLE_PROXIMITY,TRIGGERS,EVT:CONTROL_INPUT_IMPROPER,2
EVT:TERRAIN_OR_OBSTACLE_PROXIMITY,RESPONDS_TO,EVT:CONTROL_INPUT_IMPROPER,2
EVT:TERRAIN_OR_OBSTACLE_PROXIMITY,CAUSES,EVT:CONTROL_INPUT_IMPROPER,2
EVT:TERRAIN_OR_OBSTACLE_PROXIMITY,UNDER_CONDITION,COND:weather,2
EVT:TERRAIN_OR_OBSTACLE_PROXIMITY,UNDER_CONDITION,COND:visual,1
EVT:TERRAIN_OR_OBSTACLE_PROXIMITY,CONCURRENT,EVT:TURBULENCE_ENCOUNTER,1
EVT:TERRAIN_OR_OBSTACLE_PROXIMITY,UNDER_CONDITION,COND:spatial,1
EVT:TERRAIN_OR_OBSTACLE_PROXIMITY,UNDER_CONDITION,COND:situational_awareness,1
COND:terrain,CAUSES,EVT:PERCEPTION_FAILURE,1
COND:terrain,UNDER_CONDITION,EVT:CONTROL_INPUT_IMPROPER,3
COND:terrain,TRIGGERS,EVT:CONTROL_INPUT_IMPROPER,1
COND:terrain,CAUSES,EVT:CONTROL_INPUT_IMPROPER,1
COND:terrain,ENABLES,EVT:CONTROL_INPUT_IMPROPER,1
COND:terrain,UNDER_CONDITION,EVT:RUNWAY_CONDITION_HAZARD,1
COND:terrain,ENABLES,EVT:GROUND_IMPACT,5
COND:terrain,CONTRIBUTES_TO,EVT:GROUND_IMPACT,4
COND:terrain,CAUSES,EVT:GROUND_IMPACT,3
COND:terrain,UNDER_CONDITION,EVT:GROUND_IMPACT,3
COND:terrain,UNDER_CONDITION,EVT:TERRAIN_OR_OBSTACLE_PROXIMITY,4
COND:terrain,CAUSES,EVT:LOSS_OF_CONTROL_GROUND,2
COND:terrain,CAUSES,EVT:DECISION_INAPPROPRIATE,4
COND:terrain,ENABLES,EVT:DECISION_INAPPROPRIATE,2
COND:terrain,CAUSES,COND:weather,1
COND:terrain,ENABLES,COND:weather,1
COND:terrain,CAUSES,COND:performance,1
COND:terrain,ENABLES,EVT:LOSS_OF_CONTROL_INFLIGHT,1
COND:terrain,UNDER_CONDITION,EVT:LOSS_OF_CONTROL_INFLIGHT,2
COND:terrain,CAUSES,EVT:RUNWAY_EXCURSION_OR_OVERRUN,1
COND:terrain,UNDER_CONDITION,EVT:RUNWAY_EXCURSION_OR_OVERRUN,1
COND:terrain,CAUSES,EVT:PROCEDURE_NOT_FOLLOWED,1
COND:terrain,CONTRIBUTES_TO,EVT:STALL,1
COND:mechanical,ENABLES,COND:mechanical,6
COND:mechanical,CAUSES,COND:mechanical,20
COND:mechanical,CONTRIBUTES_TO,COND:mechanical,3
COND:mechanical,CAUSES,EVT:CONTROL_INPUT_IMPROPER,8
COND:mechanical,INHIBITS,EVT:CONTROL_INPUT_IMPROPER,3
COND:mechanical,UNDER_CONDITION,EVT:CONTROL_INPUT_IMPROPER,1
COND:mechanical,ENABLES,EVT:CONTROL_INPUT_IMPROPER,1
COND:mechanical,TRIGGERS,EVT:CONTROL_INPUT_IMPROPER,1
COND:mechanical,CONTRIBUTES_TO,EVT:CONTROL_INPUT_IMPROPER,1
COND:mechanical,UNDER_CONDITION,EVT:CONTROL_SURFACE_ANOMALY,5
COND:mechanical,CAUSES,EVT:CONTROL_SURFACE_ANOMALY,8
COND:mechanical,ENABLES,EVT:CONTROL_SURFACE_ANOMALY,2
COND:mechanical,CONTRIBUTES_TO,EVT:GROUND_IMPACT,1
COND:mechanical,ENABLES,EVT:GROUND_IMPACT,2
COND:mechanical,CAUSES,EVT:GROUND_IMPACT,3
COND:mechanical,CAUSES,EVT:ENGINE_FAILURE,228
COND:mechanical,UNDER_CONDITION,EVT:ENGINE_FAILURE,3
COND:mechanical,CONTRIBUTES_TO,EVT:ENGINE_FAILURE,5
COND:mechanical,ENABLES,EVT:ENGINE_FAILURE,2
COND:mechanical,INDUCED_CONDITION,EVT:ENGINE_FAILURE,1
COND:mechanical,INHIBITS,EVT:ENGINE_FAILURE,1
COND:mechanical,CAUSES,EVT:LANDING_GEAR_ANOMALY,10
COND:mechanical,UNDER_CONDITION,EVT:LOSS_OF_CONTROL_INFLIGHT,2
COND:mechanical,CAUSES,EVT:LOSS_OF_CONTROL_INFLIGHT,4
COND:mechanical,CONTRIBUTES_TO,EVT:LOSS_OF_CONTROL_INFLIGHT,3
COND:mechanical,CONTRIBUTES_TO,EVT:DECISION_INAPPROPRIATE,1
COND:mechanical,CAUSES,EVT:DECISION_INAPPROPRIATE,3
COND:mechanical,ENABLES,EVT:DECISION_INAPPROPRIATE,1
COND:mechanical,CAUSES,EVT:WATER_IMPACT,2
COND:mechanical,CAUSES,EVT:LOSS_OF_CONTROL_GROUND,5
COND:mechanical,CAUSES,EVT:PERCEPTION_FAILURE,7
COND:mechanical,ENABLES,EVT:PERCEPTION_FAILURE,1
COND:mechanical,MASKED_BY_CONDITION,EVT:PERCEPTION_FAILURE,2
COND:mechanical,CONTRIBUTES_TO,EVT:PERCEPTION_FAILURE,1
COND:mechanical,INHIBITS,EVT:PERCEPTION_FAILURE,1
COND:mechanical,CAUSES,EVT:INFLIGHT_FIRE_OR_SMOKE,4
COND:mechanical,CAUSES,EVT:FUEL_SYSTEM_ANOMALY,7
COND:mechanical,ENABLES,EVT:FUEL_SYSTEM_ANOMALY,2
COND:mechanical,INHIBITS,EVT:PROCEDURE_NOT_FOLLOWED,3
COND:mechanical,CONTRIBUTES_TO,EVT:PROCEDURE_NOT_FOLLOWED,1
COND:mechanical,ENABLES,EVT:PROCEDURE_NOT_FOLLOWED,1
COND:mechanical,UNDER_CONDITION,EVT:PROCEDURE_NOT_FOLLOWED,1
COND:mechanical,MASKED_BY_CONDITION,EVT:PROCEDURE_NOT_FOLLOWED,1
COND:mechanical,CAUSES,COND:cognitive,1
COND:mechanical,CAUSES,EVT:EMERGENCY_LANDING,2
COND:mechanical,CONTRIBUTES_TO,EVT:RUNWAY_EXCURSION_OR_OVERRUN,1
COND:mechanical,CAUSES,EVT:RUNWAY_EXCURSION_OR_OVERRUN,2
COND:mechanical,CAUSES,EVT:AIRFRAME_STRUCTURAL_FAILURE,2
COND:mechanical,UNDER_CONDITION,EVT:AIRFRAME_STRUCTURAL_FAILURE,1
COND:mechanical,CONTRIBUTES_TO,EVT:STALL,2
COND:mechanical,CAUSES,EVT:STALL,4
COND:mechanical,CAUSES,EVT:INSTRUMENT_OR_AVIONICS_FAILURE,5
COND:mechanical,CAUSES,EVT:ICING_ENCOUNTER,2
COND:mechanical,UNDER_CONDITION,EVT:ICING_ENCOUNTER,1
COND:mechanical,CONTRIBUTES_TO,EVT:ICING_ENCOUNTER,1
COND:mechanical,ENABLES,EVT:ICING_ENCOUNTER,2
COND:mechanical,CAUSES,EVT:ORG_OR_REGULATORY_INADEQUATE,1
COND:mechanical,CAUSES,EVT:STRUCTURAL_OVERLOAD,1
COND:mechanical,CONCURRENT,EVT:SUCCESSFUL_RECOVERY,1
COND:mechanical,CAUSES,EVT:GROUND_PERSONNEL_ERROR,3
COND:mechanical,CONTRIBUTES_TO,EVT:GROUND_PERSONNEL_ERROR,1
COND:mechanical,CAUSES,COND:aerodynamic,1
COND:mechanical,ENABLES,COND:weather,1
COND:mechanical,CAUSES,COND:environmental,1
COND:mechanical,INHIBITS,EVT:WIND_SHEAR_OR_GUST,1
COND:mechanical,CAUSES,COND:instrument,1
COND:mechanical,CAUSES,EVT:BRAKE_ANOMALY,1
COND:mechanical,CAUSES,EVT:BRAKE_SYSTEM_FAILURE,1
COND:mechanical,CAUSES,EVT:TURBULENCE_ENCOUNTER,1
EVT:TAXIING,PRECEDES,EVT:CONTROL_INPUT_IMPROPER,1
EVT:TAXIING,UNDER_CONDITION,COND:environmental,2
EVT:TAXIING,CAUSES,EVT:RUNWAY_CONDITION_HAZARD,1
EVT:TAXIING,UNDER_CONDITION,COND:spatial,1
EVT:TAXIING,ENABLES,EVT:GROUND_COLLISION,1
EVT:TAXIING,PRECEDES,EVT:GROUND_COLLISION,1
EVT:CREW_COORDINATION_FAILURE,CONTRIBUTES_TO,EVT:GROUND_IMPACT,3
EVT:CREW_COORDINATION_FAILURE,CAUSES,EVT:GROUND_IMPACT,1
EVT:CREW_COORDINATION_FAILURE,CONTRIBUTES_TO,EVT:DECISION_INAPPROPRIATE,2
EVT:CREW_COORDINATION_FAILURE,CAUSES,EVT:DECISION_INAPPROPRIATE,1
EVT:CREW_COORDINATION_FAILURE,INDUCED_CONDITION,COND:human_factor,1
EVT:CREW_COORDINATION_FAILURE,CAUSES,EVT:CONTROL_INPUT_IMPROPER,1
EVT:CREW_COORDINATION_FAILURE,CONTRIBUTES_TO,EVT:CONTROL_INPUT_IMPROPER,3
EVT:CREW_COORDINATION_FAILURE,RESPONDS_TO,EVT:CONTROL_INPUT_IMPROPER,1
EVT:CREW_COORDINATION_FAILURE,CONTRIBUTES_TO,EVT:PERCEPTION_FAILURE,1
EVT:CREW_COORDINATION_FAILURE,CAUSES,EVT:PERCEPTION_FAILURE,1
EVT:CREW_COORDINATION_FAILURE,RESPONDS_TO,EVT:PERCEPTION_FAILURE,1
EVT:CREW_COORDINATION_FAILURE,UNDER_CONDITION,COND:organizational,2
EVT:CREW_COORDINATION_FAILURE,CONTRIBUTES_TO,COND:organizational,1
EVT:CREW_COORDINATION_FAILURE,CAUSES,EVT:SUCCESSFUL_RECOVERY,1
EVT:CREW_COORDINATION_FAILURE,CONTRIBUTES_TO,EVT:INJURY_OR_FATALITY,1
EVT:DECISION_INAPPROPRIATE,CAUSES,EVT:LOW_VISIBILITY_OR_IMC,19
EVT:DECISION_INAPPROPRIATE,CONTRIBUTES_TO,EVT:LOW_VISIBILITY_OR_IMC,1
EVT:DECISION_INAPPROPRIATE,UNDER_CONDITION,COND:pilot_qualification,1
EVT:DECISION_INAPPROPRIATE,CAUSES,EVT:CONTROL_INPUT_IMPROPER,48
EVT:DECISION_INAPPROPRIATE,CONTRIBUTES_TO,EVT:CONTROL_INPUT_IMPROPER,9
EVT:DECISION_INAPPROPRIATE,TRIGGERS,EVT:CONTROL_INPUT_IMPROPER,2
EVT:DECISION_INAPPROPRIATE,CONCURRENT,EVT:CONTROL_INPUT_IMPROPER,1
EVT:DECISION_INAPPROPRIATE,RESPONDS_TO,EVT:CONTROL_INPUT_IMPROPER,1
EVT:DECISION_INAPPROPRIATE,PRECEDES,EVT:CONTROL_INPUT_IMPROPER,2
EVT:DECISION_INAPPROPRIATE,CAUSES,EVT:PROCEDURE_NOT_FOLLOWED,21
EVT:DECISION_INAPPROPRIATE,CONCURRENT,EVT:PROCEDURE_NOT_FOLLOWED,3
EVT:DECISION_INAPPROPRIATE,CONTRIBUTES_TO,EVT:PROCEDURE_NOT_FOLLOWED,3
EVT:DECISION_INAPPROPRIATE,TRIGGERS,EVT:PROCEDURE_NOT_FOLLOWED,3
EVT:DECISION_INAPPROPRIATE,PRECEDES,EVT:PROCEDURE_NOT_FOLLOWED,2
EVT:DECISION_INAPPROPRIATE,CAUSES,EVT:DECISION_INAPPROPRIATE,13
EVT:DECISION_INAPPROPRIATE,CONTRIBUTES_TO,EVT:DECISION_INAPPROPRIATE,5
EVT:DECISION_INAPPROPRIATE,PRECEDES,EVT:DECISION_INAPPROPRIATE,2
EVT:DECISION_INAPPROPRIATE,CAUSES,EVT:ICING_ENCOUNTER,7
EVT:DECISION_INAPPROPRIATE,CAUSES,EVT:RUNWAY_EXCURSION_OR_OVERRUN,29
EVT:DECISION_INAPPROPRIATE,CONTRIBUTES_TO,EVT:RUNWAY_EXCURSION_OR_OVERRUN,4
EVT:DECISION_INAPPROPRIATE,CAUSES,EVT:EMERGENCY_LANDING,17
EVT:DECISION_INAPPROPRIATE,CAUSES,EVT:RUNWAY_CONDITION_HAZARD,4
EVT:DECISION_INAPPROPRIATE,INDUCED_CONDITION,COND:operational,6
EVT:DECISION_INAPPROPRIATE,CAUSES,COND:operational,7
EVT:DECISION_INAPPROPRIATE,UNDER_CONDITION,COND:operational,1
EVT:DECISION_INAPPROPRIATE,CAUSES,EVT:ALTITUDE_DEVIATION_UNCONTROLLED,12
EVT:DECISION_INAPPROPRIATE,TRIGGERS,EVT:LANDING_GEAR_ANOMALY,1
EVT:DECISION_INAPPROPRIATE,CAUSES,EVT:LANDING_GEAR_ANOMALY,2
EVT:DECISION_INAPPROPRIATE,UNDER_CONDITION,COND:weather,47
EVT:DECISION_INAPPROPRIATE,INDUCED_CONDITION,COND:weather,1
EVT:DECISION_INAPPROPRIATE,RESPONDS_TO,COND:weather,3
EVT:DECISION_INAPPROPRIATE,ENABLES,COND:weather,2
EVT:DECISION_INAPPROPRIATE,CAUSES,COND:weather,1
EVT:DECISION_INAPPROPRIATE,CAUSES,EVT:ENGINE_FAILURE,4
EVT:DECISION_INAPPROPRIATE,CONCURRENT,EVT:ENGINE_FAILURE,1
EVT:DECISION_INAPPROPRIATE,CONTRIBUTES_TO,EVT:ENGINE_FAILURE,2
EVT:DECISION_INAPPROPRIATE,TRIGGERS,EVT:ENGINE_FAILURE,1
EVT:DECISION_INAPPROPRIATE,INHIBITS,EVT:ENGINE_FAILURE,1
EVT:DECISION_INAPPROPRIATE,CAUSES,EVT:TURBULENCE_ENCOUNTER,14
EVT:DECISION_INAPPROPRIATE,CONTRIBUTES_TO,EVT:TURBULENCE_ENCOUNTER,4
EVT:DECISION_INAPPROPRIATE,ENABLES,EVT:TURBULENCE_ENCOUNTER,2
EVT:DECISION_INAPPROPRIATE,RESPONDS_TO,EVT:TURBULENCE_ENCOUNTER,2
EVT:DECISION_INAPPROPRIATE,CONCURRENT,EVT:TURBULENCE_ENCOUNTER,1
EVT:DECISION_INAPPROPRIATE,CAUSES,EVT:TERRAIN_OR_OBSTACLE_PROXIMITY,15
EVT:DECISION_INAPPROPRIATE,CONCURRENT,EVT:TERRAIN_OR_OBSTACLE_PROXIMITY,1
EVT:DECISION_INAPPROPRIATE,CONTRIBUTES_TO,EVT:TERRAIN_OR_OBSTACLE_PROXIMITY,2
EVT:DECISION_INAPPROPRIATE,CONTRIBUTES_TO,COND:organizational,2
EVT:DECISION_INAPPROPRIATE,UNDER_CONDITION,COND:organizational,1
EVT:DECISION_INAPPROPRIATE,CAUSES,COND:organizational,6
EVT:DECISION_INAPPROPRIATE,INDUCED_CONDITION,COND:organizational,3
EVT:DECISION_INAPPROPRIATE,CAUSES,EVT:LOSS_OF_CONTROL_INFLIGHT,18
EVT:DECISION_INAPPROPRIATE,CONTRIBUTES_TO,EVT:LOSS_OF_CONTROL_INFLIGHT,3
EVT:DECISION_INAPPROPRIATE,CAUSES,EVT:PERCEPTION_FAILURE,13
EVT:DECISION_INAPPROPRIATE,CONTRIBUTES_TO,EVT:PERCEPTION_FAILURE,3
EVT:DECISION_INAPPROPRIATE,UNDER_CONDITION,COND:location,2
EVT:DECISION_INAPPROPRIATE,CONTRIBUTES_TO,EVT:GROUND_IMPACT,7
EVT:DECISION_INAPPROPRIATE,CAUSES,EVT:GROUND_IMPACT,99
EVT:DECISION_INAPPROPRIATE,INDUCED_CONDITION,COND:environmental,3
EVT:DECISION_INAPPROPRIATE,UNDER_CONDITION,COND:environmental,26
EVT:DECISION_INAPPROPRIATE,CAUSES,COND:environmental,4
EVT:DECISION_INAPPROPRIATE,ENABLES,COND:environmental,2
EVT:DECISION_INAPPROPRIATE,RESPONDS_TO,COND:environmental,2
EVT:DECISION_INAPPROPRIATE,CAUSES,EVT:STALL,5
EVT:DECISION_INAPPROPRIATE,CONTRIBUTES_TO,EVT:STALL,3
EVT:DECISION_INAPPROPRIATE,UNDER_CONDITION,COND:visual_reference,1
EVT:DECISION_INAPPROPRIATE,CAUSES,EVT:WIND_SHEAR_OR_GUST,10
EVT:DECISION_INAPPROPRIATE,CONCURRENT,EVT:WIND_SHEAR_OR_GUST,1
EVT:DECISION_INAPPROPRIATE,CONTRIBUTES_TO,EVT:WIND_SHEAR_OR_GUST,6
EVT:DECISION_INAPPROPRIATE,UNDER_CONDITION,COND:aircraft_configuration,1
EVT:DECISION_INAPPROPRIATE,CAUSES,EVT:LOSS_OF_CONTROL_GROUND,10
EVT:DECISION_INAPPROPRIATE,CONTRIBUTES_TO,EVT:LOSS_OF_CONTROL_GROUND,2
EVT:DECISION_INAPPROPRIATE,CAUSES,EVT:WATER_IMPACT,6
EVT:DECISION_INAPPROPRIATE,CAUSES,EVT:THUNDERSTORM_OR_CONVECTIVE,6
EVT:DECISION_INAPPROPRIATE,CONTRIBUTES_TO,EVT:THUNDERSTORM_OR_CONVECTIVE,2
EVT:DECISION_INAPPROPRIATE,CAUSES,COND:spatial,3
EVT:DECISION_INAPPROPRIATE,UNDER_CONDITION,COND:terrain_obstacle,1
EVT:DECISION_INAPPROPRIATE,UNDER_CONDITION,COND:mechanical,3
EVT:DECISION_INAPPROPRIATE,CAUSES,COND:mechanical,13
EVT:DECISION_INAPPROPRIATE,INDUCED_CONDITION,COND:mechanical,2
EVT:DECISION_INAPPROPRIATE,INHIBITS,COND:mechanical,3
EVT:DECISION_INAPPROPRIATE,ENABLES,COND:mechanical,2
EVT:DECISION_INAPPROPRIATE,UNDER_CONDITION,COND:terrain,8
EVT:DECISION_INAPPROPRIATE,RESPONDS_TO,COND:terrain,1
EVT:DECISION_INAPPROPRIATE,CAUSES,COND:terrain,1
EVT:DECISION_INAPPROPRIATE,UNDER_CONDITION,COND:information,4
EVT:DECISION_INAPPROPRIATE,CAUSES,COND:weight,2
EVT:DECISION_INAPPROPRIATE,CO_OCCURS,COND:regulatory,1
EVT:DECISION_INAPPROPRIATE,ENABLES,COND:regulatory,1
EVT:DECISION_INAPPROPRIATE,CAUSES,EVT:SUCCESSFUL_RECOVERY,12
EVT:DECISION_INAPPROPRIATE,CAUSES,EVT:STRUCTURAL_OVERLOAD,1
EVT:DECISION_INAPPROPRIATE,UNDER_CONDITION,COND:training,1
EVT:DECISION_INAPPROPRIATE,ENABLES,COND:training,1
EVT:DECISION_INAPPROPRIATE,UNDER_CONDITION,COND:physiological,1
EVT:DECISION_INAPPROPRIATE,INDUCED_CONDITION,COND:aerodynamic,1
EVT:DECISION_INAPPROPRIATE,CAUSES,COND:aerodynamic,2
EVT:DECISION_INAPPROPRIATE,UNDER_CONDITION,COND:latent,1
EVT:DECISION_INAPPROPRIATE,CAUSES,EVT:SPATIAL_DISORIENTATION,2
EVT:DECISION_INAPPROPRIATE,CAUSES,COND:fuel_state,1
EVT:DECISION_INAPPROPRIATE,CAUSES,EVT:BIRD_OR_WILDLIFE_STRIKE,1
EVT:DECISION_INAPPROPRIATE,CAUSES,COND:performance,2
EVT:DECISION_INAPPROPRIATE,CONTRIBUTES_TO,EVT:GROUND_INCIDENT,1
EVT:DECISION_INAPPROPRIATE,CONTRIBUTES_TO,EVT:INJURY_OR_FATALITY,2
EVT:DECISION_INAPPROPRIATE,CONTRIBUTES_TO,EVT:GROUND_PERSONNEL_ERROR,1
EVT:DECISION_INAPPROPRIATE,RESPONDS_TO,EVT:ATC_OR_DISPATCH_INADEQUATE,2
EVT:DECISION_INAPPROPRIATE,INDUCED_CONDITION,COND:human_factors,1
EVT:DECISION_INAPPROPRIATE,CAUSES,EVT:LANDING,1
EVT:DECISION_INAPPROPRIATE,INDUCED_CONDITION,COND:human_factor,1
EVT:DECISION_INAPPROPRIATE,INHIBITS,COND:procedural,2
EVT:DECISION_INAPPROPRIATE,INDUCED_CONDITION,COND:equipment,1
EVT:DECISION_INAPPROPRIATE,UNDER_CONDITION,COND:human,1
EVT:DECISION_INAPPROPRIATE,CAUSES,COND:knowledge,1
EVT:DECISION_INAPPROPRIATE,CAUSES,EVT:AUTOMATION_ANOMALY,1
EVT:LOW_VISIBILITY_OR_IMC,CAUSES,EVT:LOSS_OF_CONTROL_INFLIGHT,3
EVT:LOW_VISIBILITY_OR_IMC,UNDER_CONDITION,COND:weather,29
EVT:LOW_VISIBILITY_OR_IMC,INDUCED_CONDITION,COND:weather,4
EVT:LOW_VISIBILITY_OR_IMC,CO_OCCURS,COND:weather,1
EVT:LOW_VISIBILITY_OR_IMC,CONTRIBUTES_TO,EVT:CONTROL_INPUT_IMPROPER,3
EVT:LOW_VISIBILITY_OR_IMC,CAUSES,EVT:CONTROL_INPUT_IMPROPER,1
EVT:LOW_VISIBILITY_OR_IMC,CONTRIBUTES_TO,EVT:PERCEPTION_FAILURE,1
EVT:LOW_VISIBILITY_OR_IMC,CAUSES,EVT:PERCEPTION_FAILURE,3
EVT:LOW_VISIBILITY_OR_IMC,INDUCED_CONDITION,COND:visual,1
EVT:LOW_VISIBILITY_OR_IMC,UNDER_CONDITION,COND:environmental,2
EVT:LOW_VISIBILITY_OR_IMC,INDUCED_CONDITION,COND:environmental,1
EVT:LOW_VISIBILITY_OR_IMC,CO_OCCURS,COND:environmental,1
EVT:LOW_VISIBILITY_OR_IMC,CAUSES,EVT:TERRAIN_OR_OBSTACLE_PROXIMITY,2
EVT:LOW_VISIBILITY_OR_IMC,CAUSES,EVT:SPATIAL_DISORIENTATION,9
EVT:LOW_VISIBILITY_OR_IMC,TRIGGERS,EVT:DECISION_INAPPROPRIATE,4
EVT:LOW_VISIBILITY_OR_IMC,CAUSES,EVT:DECISION_INAPPROPRIATE,4
EVT:LOW_VISIBILITY_OR_IMC,INDUCED_CONDITION,COND:physiological,2
EVT:LOW_VISIBILITY_OR_IMC,CONTRIBUTES_TO,EVT:BIRD_OR_WILDLIFE_STRIKE,1
EVT:LOW_VISIBILITY_OR_IMC,CAUSES,EVT:BIRD_OR_WILDLIFE_STRIKE,1
EVT:LOW_VISIBILITY_OR_IMC,CAUSES,EVT:ALTITUDE_DEVIATION_UNCONTROLLED,1
EVT:LOW_VISIBILITY_OR_IMC,CAUSES,COND:aerodynamic,1
EVT:LOW_VISIBILITY_OR_IMC,CAUSES,EVT:TURBULENCE_ENCOUNTER,1
COND:pilot_qualification,CONTRIBUTES_TO,EVT:DECISION_INAPPROPRIATE,6
COND:pilot_qualification,ENABLES,EVT:DECISION_INAPPROPRIATE,1
COND:pilot_qualification,CONTRIBUTES_TO,EVT:SPATIAL_DISORIENTATION,1
EVT:CONTROL_SURFACE_ANOMALY,INDUCED_CONDITION,COND:mechanical,2
EVT:CONTROL_SURFACE_ANOMALY,UNDER_CONDITION,COND:mechanical,1
EVT:CONTROL_SURFACE_ANOMALY,CAUSES,COND:mechanical,1
EVT:CONTROL_SURFACE_ANOMALY,RESPONDS_TO,EVT:PROCEDURE_NOT_FOLLOWED,1
EVT:CONTROL_SURFACE_ANOMALY,INHIBITS,EVT:PROCEDURE_NOT_FOLLOWED,1
EVT:CONTROL_SURFACE_ANOMALY,CAUSES,EVT:LOSS_OF_CONTROL_GROUND,2
EVT:CONTROL_SURFACE_ANOMALY,CONTRIBUTES_TO,EVT:CONTROL_INPUT_IMPROPER,1
EVT:CONTROL_SURFACE_ANOMALY,CAUSES,EVT:CONTROL_INPUT_IMPROPER,1
EVT:CONTROL_SURFACE_ANOMALY,RESPONDS_TO,EVT:CONTROL_INPUT_IMPROPER,1
EVT:CONTROL_SURFACE_ANOMALY,RESPONDS_TO,EVT:DECISION_INAPPROPRIATE,2
EVT:CONTROL_SURFACE_ANOMALY,CAUSES,EVT:LOSS_OF_CONTROL_INFLIGHT,5
EVT:CONTROL_SURFACE_ANOMALY,CAUSES,EVT:AIRFRAME_STRUCTURAL_FAILURE,1
EVT:CONTROL_SURFACE_ANOMALY,CAUSES,EVT:GROUND_IMPACT,1
EVT:CONTROL_SURFACE_ANOMALY,CONTRIBUTES_TO,EVT:RUNWAY_EXCURSION_OR_OVERRUN,1
EVT:CONTROL_SURFACE_ANOMALY,CAUSES,EVT:PERCEPTION_FAILURE,1
EVT:CONTROL_SURFACE_ANOMALY,CAUSES,EVT:BIRD_OR_WILDLIFE_STRIKE,2
EVT:CONTROL_SURFACE_ANOMALY,CAUSES,COND:aerodynamic,1
EVT:ENGINE_FAILURE,RESPONDS_TO,EVT:CONTROL_INPUT_IMPROPER,24
EVT:ENGINE_FAILURE,TRIGGERS,EVT:CONTROL_INPUT_IMPROPER,3
EVT:ENGINE_FAILURE,CAUSES,EVT:CONTROL_INPUT_IMPROPER,2
EVT:ENGINE_FAILURE,CAUSES,EVT:ALTITUDE_DEVIATION_UNCONTROLLED,8
EVT:ENGINE_FAILURE,CAUSES,EVT:ENGINE_FAILURE,27
EVT:ENGINE_FAILURE,CONCURRENT,EVT:ENGINE_FAILURE,1
EVT:ENGINE_FAILURE,CONTRIBUTES_TO,EVT:ENGINE_FAILURE,1
EVT:ENGINE_FAILURE,CAUSES,EVT:EMERGENCY_LANDING,58
EVT:ENGINE_FAILURE,RESPONDS_TO,EVT:EMERGENCY_LANDING,3
EVT:ENGINE_FAILURE,TRIGGERS,EVT:EMERGENCY_LANDING,7
EVT:ENGINE_FAILURE,CAUSES,EVT:GROUND_IMPACT,73
EVT:ENGINE_FAILURE,CONTRIBUTES_TO,EVT:GROUND_IMPACT,4
EVT:ENGINE_FAILURE,TRIGGERS,EVT:PROCEDURE_NOT_FOLLOWED,17
EVT:ENGINE_FAILURE,RESPONDS_TO,EVT:PROCEDURE_NOT_FOLLOWED,82
EVT:ENGINE_FAILURE,CAUSES,EVT:PROCEDURE_NOT_FOLLOWED,2
EVT:ENGINE_FAILURE,CAUSES,EVT:RUNWAY_EXCURSION_OR_OVERRUN,4
EVT:ENGINE_FAILURE,CAUSES,EVT:STALL,9
EVT:ENGINE_FAILURE,CONTRIBUTES_TO,EVT:STALL,1
EVT:ENGINE_FAILURE,RESPONDS_TO,EVT:DECISION_INAPPROPRIATE,36
EVT:ENGINE_FAILURE,TRIGGERS,EVT:DECISION_INAPPROPRIATE,26
EVT:ENGINE_FAILURE,CAUSES,EVT:DECISION_INAPPROPRIATE,24
EVT:ENGINE_FAILURE,CONTRIBUTES_TO,EVT:DECISION_INAPPROPRIATE,1
EVT:ENGINE_FAILURE,UNDER_CONDITION,COND:weather,36
EVT:ENGINE_FAILURE,CAUSES,EVT:LOSS_OF_CONTROL_INFLIGHT,7
EVT:ENGINE_FAILURE,INDUCED_CONDITION,COND:mechanical,18
EVT:ENGINE_FAILURE,UNDER_CONDITION,COND:mechanical,13
EVT:ENGINE_FAILURE,CAUSES,COND:mechanical,1
EVT:ENGINE_FAILURE,CONTRIBUTES_TO,EVT:PERCEPTION_FAILURE,3
EVT:ENGINE_FAILURE,CAUSES,EVT:PERCEPTION_FAILURE,1
EVT:ENGINE_FAILURE,RESPONDS_TO,EVT:PERCEPTION_FAILURE,1
EVT:ENGINE_FAILURE,TRIGGERS,EVT:PERCEPTION_FAILURE,2
EVT:ENGINE_FAILURE,UNDER_CONDITION,COND:environmental,4
EVT:ENGINE_FAILURE,CAUSES,EVT:WATER_IMPACT,7
EVT:ENGINE_FAILURE,CAUSES,EVT:AIRFRAME_STRUCTURAL_FAILURE,1
EVT:ENGINE_FAILURE,CAUSES,EVT:TERRAIN_OR_OBSTACLE_PROXIMITY,2
EVT:ENGINE_FAILURE,CAUSES,EVT:SPATIAL_DISORIENTATION,1
EVT:ATC_OR_DISPATCH_INADEQUATE,CAUSES,EVT:GROUND_IMPACT,1
EVT:ATC_OR_DISPATCH_INADEQUATE,RESPONDS_TO,COND:situational_awareness,1
EVT:ATC_OR_DISPATCH_INADEQUATE,CONTRIBUTES_TO,EVT:PROCEDURE_NOT_FOLLOWED,1
EVT:ATC_OR_DISPATCH_INADEQUATE,RESPONDS_TO,EVT:PROCEDURE_NOT_FOLLOWED,1
EVT:ATC_OR_DISPATCH_INADEQUATE,CONTRIBUTES_TO,EVT:CONTROL_INPUT_IMPROPER,1
EVT:ATC_OR_DISPATCH_INADEQUATE,CONTRIBUTES_TO,EVT:MIDAIR_COLLISION,1
EVT:ATC_OR_DISPATCH_INADEQUATE,CONTRIBUTES_TO,EVT:DECISION_INAPPROPRIATE,2
EVT:ATC_OR_DISPATCH_INADEQUATE,TRIGGERS,EVT:DECISION_INAPPROPRIATE,1
EVT:ATC_OR_DISPATCH_INADEQUATE,RESPONDS_TO,EVT:DECISION_INAPPROPRIATE,1
EVT:ATC_OR_DISPATCH_INADEQUATE,CONTRIBUTES_TO,EVT:THUNDERSTORM_OR_CONVECTIVE,1
EVT:ATC_OR_DISPATCH_INADEQUATE,INDUCED_CONDITION,COND:organizational,1
EVT:ATC_OR_DISPATCH_INADEQUATE,CONTRIBUTES_TO,EVT:TURBULENCE_ENCOUNTER,2
EVT:ATC_OR_DISPATCH_INADEQUATE,ENABLES,EVT:GROUND_PERSONNEL_ERROR,1
EVT:ATC_OR_DISPATCH_INADEQUATE,INDUCED_CONDITION,COND:operational,1
EVT:ATC_OR_DISPATCH_INADEQUATE,CAUSES,COND:information,1
COND:organizational,CONTRIBUTES_TO,EVT:TERRAIN_OR_OBSTACLE_PROXIMITY,1
COND:organizational,CAUSES,COND:mechanical,5
COND:organizational,ENABLES,COND:mechanical,1
COND:organizational,CONTRIBUTES_TO,COND:mechanical,2
COND:organizational,SUPERVISED_BY,ENT:organization,1
COND:organizational,CONTRIBUTES_TO,EVT:BIRD_OR_WILDLIFE_STRIKE,1
COND:organizational,ENABLES,EVT:BIRD_OR_WILDLIFE_STRIKE,1
COND:organizational,CONTRIBUTES_TO,EVT:DECISION_INAPPROPRIATE,8
COND:organizational,INHIBITS,EVT:DECISION_INAPPROPRIATE,1
COND:organizational,CAUSES,EVT:DECISION_INAPPROPRIATE,3
COND:organizational,ENABLES,EVT:DECISION_INAPPROPRIATE,1
COND:organizational,CONTRIBUTES_TO,EVT:CONTROL_INPUT_IMPROPER,1
COND:organizational,CONTRIBUTES_TO,EVT:MIDAIR_COLLISION,1
COND:organizational,ENABLES,EVT:LOSS_OF_CONTROL_GROUND,1
COND:organizational,CONTRIBUTES_TO,EVT:RESPONDS_TO,1
COND:organizational,CAUSES,COND:environmental,5
COND:organizational,ENABLES,COND:environmental,7
COND:organizational,CONTRIBUTES_TO,COND:environmental,2
COND:organizational,CAUSES,EVT:PERCEPTION_FAILURE,2
COND:organizational,CONTRIBUTES_TO,EVT:PERCEPTION_FAILURE,4
COND:organizational,INHIBITS,EVT:PERCEPTION_FAILURE,1
COND:organizational,ENABLES,EVT:PERCEPTION_FAILURE,1
COND:organizational,CAUSES,EVT:PROCEDURE_NOT_FOLLOWED,2
COND:organizational,ENABLES,EVT:PROCEDURE_NOT_FOLLOWED,3
COND:organizational,CONTRIBUTES_TO,EVT:PROCEDURE_NOT_FOLLOWED,4
COND:organizational,CONTRIBUTES_TO,EVT:RUNWAY_EXCURSION_OR_OVERRUN,1
COND:organizational,ENABLES,EVT:GROUND_PERSONNEL_ERROR,2
COND:organizational,CONTRIBUTES_TO,EVT:GROUND_PERSONNEL_ERROR,1
COND:organizational,CONTRIBUTES_TO,EVT:PILOT_INCAPACITATION_OR_IMPAIRMENT,1
COND:organizational,CONTRIBUTES_TO,EVT:TURBULENCE_ENCOUNTER,5
COND:organizational,CONTRIBUTES_TO,EVT:INJURY_OR_FATALITY,13
COND:organizational,MASKED_BY_CONDITION,COND:weather,1
COND:organizational,CONTRIBUTES_TO,COND:weather,1
COND:organizational,CAUSES,EVT:LOW_VISIBILITY_OR_IMC,1
COND:organizational,CONTRIBUTES_TO,EVT:ICING_ENCOUNTER,1
COND:organizational,CAUSES,COND:organizational,1
COND:situational_awareness,ENABLES,EVT:GROUND_IMPACT,1
COND:situational_awareness,ENABLES,EVT:PERCEPTION_FAILURE,1
COND:situational_awareness,CAUSES,EVT:PERCEPTION_FAILURE,2
COND:situational_awareness,CONTRIBUTES_TO,EVT:PERCEPTION_FAILURE,1
COND:situational_awareness,CAUSES,EVT:DECISION_INAPPROPRIATE,1
COND:situational_awareness,CAUSES,EVT:CONTROL_INPUT_IMPROPER,1
COND:situational_awareness,CAUSES,EVT:PROCEDURE_NOT_FOLLOWED,1
EVT:STALL,CAUSES,EVT:TERRAIN_OR_OBSTACLE_PROXIMITY,3
EVT:STALL,CAUSES,EVT:GROUND_IMPACT,50
EVT:STALL,UNDER_CONDITION,COND:terrain,1
EVT:STALL,CAUSES,EVT:SPATIAL_DISORIENTATION,1
EVT:STALL,CAUSES,EVT:LOSS_OF_CONTROL_INFLIGHT,7
EVT:STALL,TRIGGERS,EVT:CONTROL_INPUT_IMPROPER,2
EVT:STALL,CAUSES,EVT:CONTROL_INPUT_IMPROPER,1
EVT:STALL,CONTRIBUTES_TO,EVT:CONTROL_INPUT_IMPROPER,1
EVT:STALL,UNDER_CONDITION,COND:aerodynamic,2
EVT:STALL,INDUCED_CONDITION,COND:aerodynamic,2
EVT:STALL,TRIGGERS,EVT:DECISION_INAPPROPRIATE,3
EVT:STALL,CONTRIBUTES_TO,EVT:ALTITUDE_DEVIATION_UNCONTROLLED,1
EVT:STALL,CAUSES,EVT:ALTITUDE_DEVIATION_UNCONTROLLED,1
EVT:STALL,RESPONDS_TO,EVT:PROCEDURE_NOT_FOLLOWED,1
EVT:STALL,CAUSES,EVT:RUNWAY_EXCURSION_OR_OVERRUN,1
EVT:STALL,UNDER_CONDITION,COND:spatial,1
EVT:STALL,CAUSES,EVT:WATER_IMPACT,3
EVT:STALL,CAUSES,EVT:STRUCTURAL_OVERLOAD,1
COND:aircraft_configuration,CONTRIBUTES_TO,EVT:DECISION_INAPPROPRIATE,1
COND:aircraft_configuration,CONTRIBUTES_TO,EVT:GROUND_IMPACT,1
COND:aircraft_configuration,CAUSES,EVT:LOSS_OF_CONTROL_INFLIGHT,1
COND:aircraft_configuration,CAUSES,EVT:PROCEDURE_NOT_FOLLOWED,1
EVT:ICING_ENCOUNTER,CAUSES,EVT:LOSS_OF_CONTROL_INFLIGHT,5
EVT:ICING_ENCOUNTER,UNDER_CONDITION,COND:weather,43
EVT:ICING_ENCOUNTER,CAUSES,COND:weather,1
EVT:ICING_ENCOUNTER,INDUCED_CONDITION,COND:weather,1
EVT:ICING_ENCOUNTER,TRIGGERS,EVT:PROCEDURE_NOT_FOLLOWED,1
EVT:ICING_ENCOUNTER,RESPONDS_TO,EVT:PROCEDURE_NOT_FOLLOWED,1
EVT:ICING_ENCOUNTER,INDUCED_CONDITION,COND:mechanical,23
EVT:ICING_ENCOUNTER,CAUSES,COND:mechanical,7
EVT:ICING_ENCOUNTER,UNDER_CONDITION,COND:mechanical,4
EVT:ICING_ENCOUNTER,CAUSES,COND:aerodynamic,1
EVT:ICING_ENCOUNTER,INDUCED_CONDITION,COND:aerodynamic,1
EVT:ICING_ENCOUNTER,CAUSES,EVT:ENGINE_FAILURE,5
EVT:ICING_ENCOUNTER,CAUSES,EVT:INFLIGHT_FIRE_OR_SMOKE,1
EVT:ICING_ENCOUNTER,CAUSES,COND:human,1
EVT:ICING_ENCOUNTER,CAUSES,EVT:ICING_ENCOUNTER,1
EVT:ICING_ENCOUNTER,CAUSES,EVT:ALTITUDE_DEVIATION_UNCONTROLLED,1
EVT:ICING_ENCOUNTER,CAUSES,EVT:AIRFRAME_STRUCTURAL_FAILURE,1
EVT:ICING_ENCOUNTER,CAUSES,EVT:INSTRUMENT_OR_AVIONICS_FAILURE,1
EVT:ICING_ENCOUNTER,RESPONDS_TO,EVT:DECISION_INAPPROPRIATE,1
EVT:STRUCTURAL_OVERLOAD,CAUSES,EVT:GROUND_IMPACT,10
EVT:STRUCTURAL_OVERLOAD,CAUSES,EVT:AIRFRAME_STRUCTURAL_FAILURE,7
EVT:STRUCTURAL_OVERLOAD,RESPONDS_TO,EVT:CONTROL_INPUT_IMPROPER,1
EVT:STRUCTURAL_OVERLOAD,INDUCED_CONDITION,COND:mechanical,1
EVT:STRUCTURAL_OVERLOAD,CAUSES,EVT:INJURY_OR_FATALITY,3
EVT:STRUCTURAL_OVERLOAD,UNDER_CONDITION,COND:terrain,1
EVT:STRUCTURAL_OVERLOAD,CAUSES,EVT:RUNWAY_EXCURSION_OR_OVERRUN,2
EVT:STRUCTURAL_OVERLOAD,INDUCED_CONDITION,COND:aerodynamic,1
EVT:STRUCTURAL_OVERLOAD,TRIGGERS,EVT:DECISION_INAPPROPRIATE,1
EVT:STRUCTURAL_OVERLOAD,RESPONDS_TO,EVT:SUCCESSFUL_RECOVERY,1
EVT:STRUCTURAL_OVERLOAD,TRIGGERS,EVT:EMERGENCY_LANDING,1
EVT:STRUCTURAL_OVERLOAD,TRIGGERS,EVT:PERCEPTION_FAILURE,1
EVT:STRUCTURAL_OVERLOAD,CAUSES,EVT:LOSS_OF_CONTROL_INFLIGHT,1
EVT:AIRFRAME_STRUCTURAL_FAILURE,CAUSES,EVT:LOSS_OF_CONTROL_INFLIGHT,9
EVT:AIRFRAME_STRUCTURAL_FAILURE,CAUSES,EVT:ALTITUDE_DEVIATION_UNCONTROLLED,2
EVT:AIRFRAME_STRUCTURAL_FAILURE,INDUCED_CONDITION,COND:mechanical,4
EVT:AIRFRAME_STRUCTURAL_FAILURE,MASKED_BY_CONDITION,COND:mechanical,1
EVT:AIRFRAME_STRUCTURAL_FAILURE,CAUSES,EVT:SUCCESSFUL_RECOVERY,3
EVT:AIRFRAME_STRUCTURAL_FAILURE,CONCURRENT,EVT:SUCCESSFUL_RECOVERY,1
EVT:AIRFRAME_STRUCTURAL_FAILURE,CAUSES,EVT:GROUND_IMPACT,8
EVT:AIRFRAME_STRUCTURAL_FAILURE,CONTRIBUTES_TO,EVT:INJURY_OR_FATALITY,1
EVT:AIRFRAME_STRUCTURAL_FAILURE,CAUSES,EVT:INJURY_OR_FATALITY,1
EVT:AIRFRAME_STRUCTURAL_FAILURE,CAUSES,EVT:INFLIGHT_FIRE_OR_SMOKE,1
EVT:AIRFRAME_STRUCTURAL_FAILURE,CAUSES,EVT:AIRFRAME_STRUCTURAL_FAILURE,4
EVT:AIRFRAME_STRUCTURAL_FAILURE,CAUSES,EVT:INSTRUMENT_OR_AVIONICS_FAILURE,1
EVT:AIRFRAME_STRUCTURAL_FAILURE,CAUSES,EVT:LOSS_OF_CONTROL_GROUND,2
EVT:AIRFRAME_STRUCTURAL_FAILURE,CAUSES,EVT:ENGINE_FAILURE,3
EVT:AIRFRAME_STRUCTURAL_FAILURE,CAUSES,EVT:EMERGENCY_LANDING,7
EVT:AIRFRAME_STRUCTURAL_FAILURE,TRIGGERS,EVT:DECISION_INAPPROPRIATE,2
EVT:AIRFRAME_STRUCTURAL_FAILURE,RESPONDS_TO,EVT:DECISION_INAPPROPRIATE,1
EVT:AIRFRAME_STRUCTURAL_FAILURE,CAUSES,EVT:DECISION_INAPPROPRIATE,1
EVT:AIRFRAME_STRUCTURAL_FAILURE,UNDER_CONDITION,COND:infrastructure_defect,1
EVT:AIRFRAME_STRUCTURAL_FAILURE,INDUCED_CONDITION,COND:structural,1
EVT:AIRFRAME_STRUCTURAL_FAILURE,TRIGGERS,EVT:PERCEPTION_FAILURE,2
EVT:AIRFRAME_STRUCTURAL_FAILURE,CONCURRENT,EVT:STRUCTURAL_OVERLOAD,1
EVT:AIRFRAME_STRUCTURAL_FAILURE,CAUSES,EVT:RUNWAY_EXCURSION_OR_OVERRUN,2
EVT:AIRFRAME_STRUCTURAL_FAILURE,CONTRIBUTES_TO,EVT:RUNWAY_EXCURSION_OR_OVERRUN,1
EVT:AIRFRAME_STRUCTURAL_FAILURE,TRIGGERS,EVT:CONTROL_INPUT_IMPROPER,1
EVT:AIRFRAME_STRUCTURAL_FAILURE,CAUSES,EVT:CONTROL_INPUT_IMPROPER,1
EVT:AIRFRAME_STRUCTURAL_FAILURE,CAUSES,EVT:FUEL_SYSTEM_ANOMALY,2
EVT:AIRFRAME_STRUCTURAL_FAILURE,CAUSES,EVT:WATER_IMPACT,1
EVT:AIRFRAME_STRUCTURAL_FAILURE,TRIGGERS,EVT:PROCEDURE_NOT_FOLLOWED,1
EVT:AIRFRAME_STRUCTURAL_FAILURE,CAUSES,EVT:LOSS_OF_PRESSURIZATION,1
EVT:AIRFRAME_STRUCTURAL_FAILURE,CAUSES,EVT:INFLIGHT_BREAKUP,1
COND:aerodynamic,CONTRIBUTES_TO,EVT:CONTROL_INPUT_IMPROPER,1
COND:aerodynamic,CAUSES,EVT:CONTROL_INPUT_IMPROPER,2
COND:aerodynamic,TRIGGERS,EVT:CONTROL_INPUT_IMPROPER,1
COND:aerodynamic,UNDER_CONDITION,EVT:CONTROL_INPUT_IMPROPER,2
COND:aerodynamic,CONTRIBUTES_TO,EVT:LOSS_OF_CONTROL_GROUND,1
COND:aerodynamic,CAUSES,EVT:LOSS_OF_CONTROL_GROUND,3
COND:aerodynamic,CONTRIBUTES_TO,EVT:GROUND_IMPACT,2
COND:aerodynamic,CAUSES,EVT:GROUND_IMPACT,4
COND:aerodynamic,CAUSES,EVT:STALL,8
COND:aerodynamic,CONTRIBUTES_TO,EVT:STALL,1
COND:aerodynamic,UNDER_CONDITION,EVT:STALL,3
COND:aerodynamic,CAUSES,EVT:LOSS_OF_CONTROL_INFLIGHT,12
COND:aerodynamic,ENABLES,EVT:LOSS_OF_CONTROL_INFLIGHT,1
COND:aerodynamic,CAUSES,EVT:ALTITUDE_DEVIATION_UNCONTROLLED,4
COND:aerodynamic,TRIGGERS,EVT:DECISION_INAPPROPRIATE,2
COND:aerodynamic,CAUSES,EVT:DECISION_INAPPROPRIATE,2
COND:aerodynamic,UNDER_CONDITION,EVT:DECISION_INAPPROPRIATE,1
COND:aerodynamic,ENABLES,EVT:DECISION_INAPPROPRIATE,1
COND:aerodynamic,ENABLES,EVT:PROCEDURE_NOT_FOLLOWED,1
COND:aerodynamic,CAUSES,EVT:PROCEDURE_NOT_FOLLOWED,1
COND:aerodynamic,UNDER_CONDITION,EVT:TURBULENCE_ENCOUNTER,2
COND:aerodynamic,CAUSES,EVT:RUNWAY_EXCURSION_OR_OVERRUN,1
COND:aerodynamic,CAUSES,COND:aerodynamic,2
COND:aerodynamic,CAUSES,COND:mechanical,1
EVT:RUNWAY_CONDITION_HAZARD,CONTRIBUTES_TO,EVT:PERCEPTION_FAILURE,1
EVT:RUNWAY_CONDITION_HAZARD,UNDER_CONDITION,COND:environmental,12
EVT:RUNWAY_CONDITION_HAZARD,CAUSES,EVT:LOSS_OF_CONTROL_GROUND,15
EVT:RUNWAY_CONDITION_HAZARD,CONTRIBUTES_TO,EVT:LOSS_OF_CONTROL_GROUND,1
EVT:RUNWAY_CONDITION_HAZARD,CONTRIBUTES_TO,EVT:LANDING_GEAR_ANOMALY,1
EVT:RUNWAY_CONDITION_HAZARD,CAUSES,EVT:LANDING_GEAR_ANOMALY,2
EVT:RUNWAY_CONDITION_HAZARD,UNDER_CONDITION,EVT:LANDING_GEAR_ANOMALY,1
EVT:RUNWAY_CONDITION_HAZARD,UNDER_CONDITION,COND:weather,9
EVT:RUNWAY_CONDITION_HAZARD,INDUCED_CONDITION,COND:weather,1
EVT:RUNWAY_CONDITION_HAZARD,CONTRIBUTES_TO,EVT:CONTROL_INPUT_IMPROPER,2
EVT:RUNWAY_CONDITION_HAZARD,TRIGGERS,EVT:CONTROL_INPUT_IMPROPER,2
EVT:RUNWAY_CONDITION_HAZARD,CAUSES,EVT:CONTROL_INPUT_IMPROPER,1
EVT:RUNWAY_CONDITION_HAZARD,RESPONDS_TO,EVT:CONTROL_INPUT_IMPROPER,1
EVT:RUNWAY_CONDITION_HAZARD,CAUSES,EVT:RUNWAY_EXCURSION_OR_OVERRUN,2
EVT:RUNWAY_CONDITION_HAZARD,UNDER_CONDITION,COND:mechanical,1
EVT:RUNWAY_CONDITION_HAZARD,CAUSES,COND:mechanical,1
EVT:RUNWAY_CONDITION_HAZARD,RESPONDS_TO,EVT:DECISION_INAPPROPRIATE,1
EVT:RUNWAY_CONDITION_HAZARD,CAUSES,EVT:DECISION_INAPPROPRIATE,1
EVT:RUNWAY_CONDITION_HAZARD,CONCURRENT,EVT:WIND_SHEAR_OR_GUST,1
EVT:RUNWAY_CONDITION_HAZARD,CAUSES,EVT:RUNWAY_CONDITION_HAZARD,1
EVT:RUNWAY_CONDITION_HAZARD,CAUSES,EVT:GROUND_IMPACT,4
EVT:RUNWAY_CONDITION_HAZARD,TRIGGERS,EVT:PROCEDURE_NOT_FOLLOWED,1
EVT:RUNWAY_CONDITION_HAZARD,CONTRIBUTES_TO,EVT:STALL,1
EVT:RUNWAY_CONDITION_HAZARD,UNDER_CONDITION,COND:terrain,1
EVT:RUNWAY_CONDITION_HAZARD,CAUSES,EVT:LOSS_OF_CONTROL_INFLIGHT,1
EVT:LANDING_GEAR_ANOMALY,CAUSES,EVT:EMERGENCY_LANDING,1
EVT:LANDING_GEAR_ANOMALY,CONTRIBUTES_TO,EVT:EMERGENCY_LANDING,1
EVT:LANDING_GEAR_ANOMALY,CAUSES,EVT:GROUND_IMPACT,31
EVT:LANDING_GEAR_ANOMALY,CONTRIBUTES_TO,EVT:GROUND_IMPACT,1
EVT:LANDING_GEAR_ANOMALY,INDUCED_CONDITION,COND:mechanical,7
EVT:LANDING_GEAR_ANOMALY,UNDER_CONDITION,COND:mechanical,4
EVT:LANDING_GEAR_ANOMALY,CAUSES,EVT:LOSS_OF_CONTROL_INFLIGHT,1
EVT:LANDING_GEAR_ANOMALY,CAUSES,EVT:AIRFRAME_STRUCTURAL_FAILURE,3
EVT:LANDING_GEAR_ANOMALY,CAUSES,EVT:LOSS_OF_CONTROL_GROUND,5
EVT:LANDING_GEAR_ANOMALY,CAUSES,EVT:LANDING_GEAR_ANOMALY,1
EVT:LANDING_GEAR_ANOMALY,CONCURRENT,EVT:LANDING_GEAR_ANOMALY,1
EVT:LANDING_GEAR_ANOMALY,CAUSES,EVT:CONTROL_INPUT_IMPROPER,1
EVT:LANDING_GEAR_ANOMALY,CONTRIBUTES_TO,EVT:INJURY_OR_FATALITY,1
EVT:LANDING_GEAR_ANOMALY,TRIGGERS,EVT:DECISION_INAPPROPRIATE,1
EVT:LANDING_GEAR_ANOMALY,RESPONDS_TO,EVT:DECISION_INAPPROPRIATE,1
EVT:LANDING_GEAR_ANOMALY,INDUCED_CONDITION,COND:information,1
EVT:LANDING_GEAR_ANOMALY,CAUSES,EVT:RUNWAY_EXCURSION_OR_OVERRUN,3
EVT:LANDING_GEAR_ANOMALY,RESPONDS_TO,EVT:PROCEDURE_NOT_FOLLOWED,2
EVT:EMERGENCY_LANDING,CAUSES,EVT:GROUND_IMPACT,78
EVT:EMERGENCY_LANDING,UNDER_CONDITION,COND:environmental,3
EVT:EMERGENCY_LANDING,CAUSES,EVT:LANDING_GEAR_ANOMALY,4
EVT:EMERGENCY_LANDING,PRECEDES,EVT:CONTROL_INPUT_IMPROPER,2
EVT:EMERGENCY_LANDING,CONCURRENT,EVT:CONTROL_INPUT_IMPROPER,3
EVT:EMERGENCY_LANDING,CAUSES,EVT:STRUCTURAL_OVERLOAD,2
EVT:EMERGENCY_LANDING,CAUSES,EVT:AIRFRAME_STRUCTURAL_FAILURE,4
EVT:EMERGENCY_LANDING,UNDER_CONDITION,COND:weather,1
EVT:EMERGENCY_LANDING,CAUSES,EVT:WATER_IMPACT,1
EVT:EMERGENCY_LANDING,CAUSES,EVT:RUNWAY_EXCURSION_OR_OVERRUN,2
EVT:EMERGENCY_LANDING,UNDER_CONDITION,COND:location,1
COND:human,CAUSES,EVT:LOSS_OF_CONTROL_GROUND,1
COND:human,CONTRIBUTES_TO,EVT:CONTROL_INPUT_IMPROPER,1
COND:human,CAUSES,EVT:DECISION_INAPPROPRIATE,3
COND:human,CONTRIBUTES_TO,EVT:PERCEPTION_FAILURE,2
COND:human,UNDER_CONDITION,EVT:PERCEPTION_FAILURE,1
COND:human,CAUSES,EVT:PERCEPTION_FAILURE,1
COND:human,CAUSES,COND:human,1
COND:human,CAUSES,EVT:LOSS_OF_CONTROL_INFLIGHT,1
EVT:INFLIGHT_FIRE_OR_SMOKE,TRIGGERS,EVT:SUCCESSFUL_RECOVERY,2
EVT:INFLIGHT_FIRE_OR_SMOKE,CONTRIBUTES_TO,EVT:INJURY_OR_FATALITY,4
EVT:INFLIGHT_FIRE_OR_SMOKE,CAUSES,EVT:INJURY_OR_FATALITY,4
EVT:INFLIGHT_FIRE_OR_SMOKE,CAUSES,EVT:GROUND_IMPACT,2
EVT:INFLIGHT_FIRE_OR_SMOKE,CAUSES,EVT:DECISION_INAPPROPRIATE,1
EVT:INFLIGHT_FIRE_OR_SMOKE,TRIGGERS,EVT:PROCEDURE_NOT_FOLLOWED,1
EVT:INFLIGHT_FIRE_OR_SMOKE,UNDER_CONDITION,COND:mechanical,2
EVT:INFLIGHT_FIRE_OR_SMOKE,INDUCED_CONDITION,COND:mechanical,1
EVT:INFLIGHT_FIRE_OR_SMOKE,CAUSES,EVT:INFLIGHT_BREAKUP,1
EVT:INFLIGHT_FIRE_OR_SMOKE,CAUSES,EVT:ENGINE_FAILURE,1
COND:infrastructure,ENABLES,COND:weather,1
COND:infrastructure,CAUSES,EVT:GROUND_IMPACT,2
COND:infrastructure,CAUSES,EVT:RUNWAY_CONDITION_HAZARD,1
COND:infrastructure,CONCURRENT,COND:environmental,1
COND:infrastructure,CAUSES,COND:environmental,1
COND:infrastructure,CONTRIBUTES_TO,EVT:CONTROL_INPUT_IMPROPER,1
COND:infrastructure,CONTRIBUTES_TO,EVT:DECISION_INAPPROPRIATE,1
COND:infrastructure,ENABLES,EVT:BIRD_OR_WILDLIFE_STRIKE,2
COND:visual,CAUSES,EVT:DECISION_INAPPROPRIATE,1
COND:visual,CONTRIBUTES_TO,EVT:CONTROL_INPUT_IMPROPER,1
COND:visual,CAUSES,EVT:PERCEPTION_FAILURE,1
COND:visual,ENABLES,EVT:PERCEPTION_FAILURE,1
COND:operational,CONTRIBUTES_TO,EVT:RUNWAY_EXCURSION_OR_OVERRUN,1
COND:operational,ENABLES,EVT:INJURY_OR_FATALITY,3
COND:operational,CONTRIBUTES_TO,EVT:INJURY_OR_FATALITY,35
COND:operational,CAUSES,EVT:INJURY_OR_FATALITY,1
COND:operational,CONTRIBUTES_TO,EVT:GROUND_IMPACT,1
COND:operational,CAUSES,EVT:GROUND_IMPACT,1
COND:operational,ENABLES,COND:operational,2
COND:operational,INHIBITS,COND:operational,1
COND:operational,CONTRIBUTES_TO,EVT:CONTROL_INPUT_IMPROPER,2
COND:operational,UNDER_CONDITION,EVT:CONTROL_INPUT_IMPROPER,1
COND:operational,CONTRIBUTES_TO,EVT:TURBULENCE_ENCOUNTER,1
COND:operational,CAUSES,EVT:TURBULENCE_ENCOUNTER,2
COND:operational,UNDER_CONDITION,EVT:TURBULENCE_ENCOUNTER,1
COND:operational,CONTRIBUTES_TO,EVT:LOSS_OF_CONTROL_GROUND,1
COND:operational,ENABLES,EVT:LOSS_OF_CONTROL_GROUND,1
COND:operational,CAUSES,EVT:PERCEPTION_FAILURE,1
COND:operational,CONTRIBUTES_TO,EVT:LOSS_OF_CONTROL_INFLIGHT,3
COND:operational,ENABLES,EVT:LOSS_OF_CONTROL_INFLIGHT,1
COND:operational,UNDER_CONDITION,COND:weather,1
COND:operational,ENABLES,EVT:PROCEDURE_NOT_FOLLOWED,1
COND:operational,CAUSES,EVT:ALTITUDE_DEVIATION_UNCONTROLLED,1
COND:operational,CONTRIBUTES_TO,EVT:BIRD_OR_WILDLIFE_STRIKE,1
COND:operational,CAUSES,EVT:BIRD_OR_WILDLIFE_STRIKE,1
EVT:ALTITUDE_DEVIATION_UNCONTROLLED,CAUSES,EVT:GROUND_IMPACT,35
EVT:ALTITUDE_DEVIATION_UNCONTROLLED,CONTRIBUTES_TO,EVT:GROUND_IMPACT,3
EVT:ALTITUDE_DEVIATION_UNCONTROLLED,CAUSES,EVT:TERRAIN_OR_OBSTACLE_PROXIMITY,1
EVT:ALTITUDE_DEVIATION_UNCONTROLLED,CONTRIBUTES_TO,EVT:CONTROL_INPUT_IMPROPER,1
EVT:ALTITUDE_DEVIATION_UNCONTROLLED,CAUSES,EVT:CONTROL_INPUT_IMPROPER,2
EVT:ALTITUDE_DEVIATION_UNCONTROLLED,TRIGGERS,EVT:CONTROL_INPUT_IMPROPER,7
EVT:ALTITUDE_DEVIATION_UNCONTROLLED,RESPONDS_TO,EVT:CONTROL_INPUT_IMPROPER,14
EVT:ALTITUDE_DEVIATION_UNCONTROLLED,UNDER_CONDITION,COND:weather,2
EVT:ALTITUDE_DEVIATION_UNCONTROLLED,CAUSES,EVT:ALTITUDE_DEVIATION_UNCONTROLLED,2
EVT:ALTITUDE_DEVIATION_UNCONTROLLED,UNDER_CONDITION,COND:environmental,3
EVT:ALTITUDE_DEVIATION_UNCONTROLLED,INDUCED_CONDITION,COND:environmental,1
EVT:ALTITUDE_DEVIATION_UNCONTROLLED,TRIGGERS,EVT:PERCEPTION_FAILURE,2
EVT:ALTITUDE_DEVIATION_UNCONTROLLED,CONTRIBUTES_TO,EVT:PERCEPTION_FAILURE,1
EVT:ALTITUDE_DEVIATION_UNCONTROLLED,INDUCED_CONDITION,COND:spatial,2
EVT:ALTITUDE_DEVIATION_UNCONTROLLED,TRIGGERS,EVT:DECISION_INAPPROPRIATE,4
EVT:ALTITUDE_DEVIATION_UNCONTROLLED,RESPONDS_TO,EVT:DECISION_INAPPROPRIATE,3
EVT:ALTITUDE_DEVIATION_UNCONTROLLED,CAUSES,EVT:EMERGENCY_LANDING,5
EVT:ALTITUDE_DEVIATION_UNCONTROLLED,INDUCED_CONDITION,COND:aerodynamic,3
EVT:ALTITUDE_DEVIATION_UNCONTROLLED,UNDER_CONDITION,COND:aerodynamic,1
EVT:ALTITUDE_DEVIATION_UNCONTROLLED,CONCURRENT,EVT:SUCCESSFUL_RECOVERY,1
EVT:ALTITUDE_DEVIATION_UNCONTROLLED,RESPONDS_TO,EVT:SUCCESSFUL_RECOVERY,2
EVT:ALTITUDE_DEVIATION_UNCONTROLLED,UNDER_CONDITION,COND:terrain,3
EVT:ALTITUDE_DEVIATION_UNCONTROLLED,CAUSES,EVT:INJURY_OR_FATALITY,3
EVT:ALTITUDE_DEVIATION_UNCONTROLLED,CAUSES,EVT:LOSS_OF_CONTROL_GROUND,1
EVT:ALTITUDE_DEVIATION_UNCONTROLLED,CAUSES,EVT:WATER_IMPACT,1
EVT:ALTITUDE_DEVIATION_UNCONTROLLED,UNDER_CONDITION,COND:human_factors,1
EVT:ALTITUDE_DEVIATION_UNCONTROLLED,CAUSES,EVT:LOSS_OF_CONTROL_INFLIGHT,1
EVT:ALTITUDE_DEVIATION_UNCONTROLLED,CAUSES,EVT:RUNWAY_EXCURSION_OR_OVERRUN,1
EVT:ALTITUDE_DEVIATION_UNCONTROLLED,ENABLES,EVT:BIRD_OR_WILDLIFE_STRIKE,1
EVT:ALTITUDE_DEVIATION_UNCONTROLLED,TRIGGERS,EVT:PROCEDURE_NOT_FOLLOWED,2
ENT:person,UNDER_CONDITION,EVT:INJURY_OR_FATALITY,1
ENT:person,CAUSES,COND:operational,1
ENT:person,UNDER_CONDITION,COND:operational,1
ENT:person,RESPONDS_TO,EVT:RUNWAY_EXCURSION_OR_OVERRUN,2
ENT:person,CAUSES,EVT:PROCEDURE_NOT_FOLLOWED,1
ENT:person,PERFORMED_BY,EVT:CONTROL_INPUT_IMPROPER,1
ENT:person,RESPONDS_TO,EVT:CONTROL_INPUT_IMPROPER,1
COND:procedural,CONTRIBUTES_TO,EVT:INJURY_OR_FATALITY,4
COND:procedural,ENABLES,EVT:INJURY_OR_FATALITY,1
COND:procedural,INHIBITS,EVT:PROCEDURE_NOT_FOLLOWED,2
COND:procedural,ENABLES,EVT:PROCEDURE_NOT_FOLLOWED,2
COND:procedural,ENABLES,EVT:PERCEPTION_FAILURE,1
COND:procedural,CAUSES,EVT:PERCEPTION_FAILURE,1
COND:procedural,CONTRIBUTES_TO,EVT:DECISION_INAPPROPRIATE,1
COND:procedural,CAUSES,EVT:ICING_ENCOUNTER,1
EVT:BIRD_OR_WILDLIFE_STRIKE,CAUSES,EVT:AIRFRAME_STRUCTURAL_FAILURE,49
EVT:BIRD_OR_WILDLIFE_STRIKE,CAUSES,EVT:SUCCESSFUL_RECOVERY,3
EVT:BIRD_OR_WILDLIFE_STRIKE,CONCURRENT,EVT:SUCCESSFUL_RECOVERY,1
EVT:BIRD_OR_WILDLIFE_STRIKE,RESPONDS_TO,EVT:SUCCESSFUL_RECOVERY,1
EVT:BIRD_OR_WILDLIFE_STRIKE,TRIGGERS,EVT:SUCCESSFUL_RECOVERY,1
EVT:BIRD_OR_WILDLIFE_STRIKE,CONTRIBUTES_TO,EVT:SUCCESSFUL_RECOVERY,1
EVT:BIRD_OR_WILDLIFE_STRIKE,CAUSES,EVT:LOSS_OF_CONTROL_INFLIGHT,11
EVT:BIRD_OR_WILDLIFE_STRIKE,TRIGGERS,EVT:PROCEDURE_FOLLOWED,1
EVT:BIRD_OR_WILDLIFE_STRIKE,UNDER_CONDITION,COND:environmental,23
EVT:BIRD_OR_WILDLIFE_STRIKE,CAUSES,COND:environmental,1
EVT:BIRD_OR_WILDLIFE_STRIKE,INDUCED_CONDITION,COND:environmental,1
EVT:BIRD_OR_WILDLIFE_STRIKE,TRIGGERS,EVT:CONTROL_INPUT_IMPROPER,19
EVT:BIRD_OR_WILDLIFE_STRIKE,RESPONDS_TO,EVT:CONTROL_INPUT_IMPROPER,4
EVT:BIRD_OR_WILDLIFE_STRIKE,CAUSES,EVT:CONTROL_INPUT_IMPROPER,1
EVT:BIRD_OR_WILDLIFE_STRIKE,CAUSES,EVT:GROUND_IMPACT,17
EVT:BIRD_OR_WILDLIFE_STRIKE,CONTRIBUTES_TO,EVT:GROUND_IMPACT,4
EVT:BIRD_OR_WILDLIFE_STRIKE,CAUSES,COND:mechanical,12
EVT:BIRD_OR_WILDLIFE_STRIKE,CAUSES,EVT:ENGINE_FAILURE,5
EVT:BIRD_OR_WILDLIFE_STRIKE,AFFECTED_BY,ENT:component,1
EVT:BIRD_OR_WILDLIFE_STRIKE,CAUSES,COND:structural,3
EVT:BIRD_OR_WILDLIFE_STRIKE,CAUSES,EVT:INFLIGHT_BREAKUP,1
EVT:BIRD_OR_WILDLIFE_STRIKE,CAUSES,EVT:EMERGENCY_LANDING,9
EVT:BIRD_OR_WILDLIFE_STRIKE,CAUSES,EVT:INJURY_OR_FATALITY,1
EVT:BIRD_OR_WILDLIFE_STRIKE,TRIGGERS,EVT:DECISION_INAPPROPRIATE,10
EVT:BIRD_OR_WILDLIFE_STRIKE,CAUSES,EVT:DECISION_INAPPROPRIATE,3
EVT:BIRD_OR_WILDLIFE_STRIKE,UNDER_CONDITION,COND:operational,2
EVT:BIRD_OR_WILDLIFE_STRIKE,CAUSES,EVT:INSTRUMENT_OR_AVIONICS_FAILURE,4
EVT:BIRD_OR_WILDLIFE_STRIKE,CAUSES,ENT:aircraft,2
EVT:BIRD_OR_WILDLIFE_STRIKE,AFFECTED_BY,ENT:aircraft,1
EVT:BIRD_OR_WILDLIFE_STRIKE,UNDER_CONDITION,ENT:aircraft,1
EVT:BIRD_OR_WILDLIFE_STRIKE,CAUSES,EVT:BIRD_OR_WILDLIFE_STRIKE,7
EVT:BIRD_OR_WILDLIFE_STRIKE,CAUSES,EVT:PERCEPTION_FAILURE,1
EVT:BIRD_OR_WILDLIFE_STRIKE,TRIGGERS,EVT:PERCEPTION_FAILURE,4
EVT:BIRD_OR_WILDLIFE_STRIKE,CAUSES,EVT:LANDING_GEAR_ANOMALY,10
EVT:BIRD_OR_WILDLIFE_STRIKE,TRIGGERS,EVT:PROCEDURE_NOT_FOLLOWED,5
EVT:BIRD_OR_WILDLIFE_STRIKE,CAUSES,EVT:AUTOMATION_ANOMALY,1
EVT:BIRD_OR_WILDLIFE_STRIKE,CAUSES,EVT:RUNWAY_EXCURSION_OR_OVERRUN,2
EVT:BIRD_OR_WILDLIFE_STRIKE,UNDER_CONDITION,COND:weather,1
EVT:BIRD_OR_WILDLIFE_STRIKE,CAUSES,EVT:FUEL_SYSTEM_ANOMALY,1
EVT:BIRD_OR_WILDLIFE_STRIKE,CAUSES,EVT:STRUCTURAL_OVERLOAD,5
EVT:BIRD_OR_WILDLIFE_STRIKE,CAUSES,EVT:CONTROL_SURFACE_ANOMALY,3
EVT:BIRD_OR_WILDLIFE_STRIKE,CAUSES,EVT:INFLIGHT_FIRE_OR_SMOKE,1
EVT:BIRD_OR_WILDLIFE_STRIKE,CAUSES,EVT:PILOT_INCAPACITATION_OR_IMPAIRMENT,1
EVT:BIRD_OR_WILDLIFE_STRIKE,CAUSES,EVT:ALTITUDE_DEVIATION_UNCONTROLLED,1
EVT:BIRD_OR_WILDLIFE_STRIKE,CAUSES,EVT:MIDAIR_COLLISION,1
COND:latent,CAUSES,EVT:TURBULENCE_ENCOUNTER,1
COND:latent,CONTRIBUTES_TO,EVT:PERCEPTION_FAILURE,1
COND:latent,CAUSES,EVT:PERCEPTION_FAILURE,1
COND:latent,CAUSES,EVT:DECISION_INAPPROPRIATE,1
COND:latent,CAUSES,EVT:MAINTENANCE_INADEQUATE,1
COND:human_factors,CONTRIBUTES_TO,EVT:CONTROL_INPUT_IMPROPER,5
COND:human_factors,CAUSES,EVT:CONTROL_INPUT_IMPROPER,2
COND:human_factors,CONTRIBUTES_TO,EVT:PERCEPTION_FAILURE,2
COND:human_factors,CAUSES,EVT:PERCEPTION_FAILURE,1
COND:human_factors,CONTRIBUTES_TO,EVT:DECISION_INAPPROPRIATE,5
COND:human_factors,CAUSES,EVT:DECISION_INAPPROPRIATE,2
COND:human_factors,CAUSES,EVT:GROUND_PERSONNEL_ERROR,2
COND:human_factors,UNDER_CONDITION,EVT:PROCEDURE_NOT_FOLLOWED,1
COND:human_factors,CAUSES,EVT:PROCEDURE_NOT_FOLLOWED,1
COND:human_factors,INHIBITS,EVT:TERRAIN_OR_OBSTACLE_PROXIMITY,1
COND:human_factors,CAUSES,EVT:INJURY_OR_FATALITY,1
COND:human_factors,CONTRIBUTES_TO,EVT:SPATIAL_DISORIENTATION,1
EVT:ORG_OR_REGULATORY_INADEQUATE,CAUSES,COND:weather,1
EVT:ORG_OR_REGULATORY_INADEQUATE,CAUSES,COND:operational,1
EVT:ORG_OR_REGULATORY_INADEQUATE,CAUSES,COND:environmental,2
EVT:ORG_OR_REGULATORY_INADEQUATE,CAUSES,COND:training,1
EVT:ORG_OR_REGULATORY_INADEQUATE,CONTRIBUTES_TO,EVT:PILOT_INCAPACITATION_OR_IMPAIRMENT,1
EVT:ORG_OR_REGULATORY_INADEQUATE,CAUSES,COND:organizational,3
EVT:ORG_OR_REGULATORY_INADEQUATE,CAUSES,COND:information,1
COND:information,CAUSES,COND:information,1
COND:information,CONTRIBUTES_TO,EVT:CONTROL_INPUT_IMPROPER,4
COND:information,CONTRIBUTES_TO,EVT:BIRD_OR_WILDLIFE_STRIKE,1
COND:information,CAUSES,EVT:DECISION_INAPPROPRIATE,8
COND:information,CONTRIBUTES_TO,EVT:DECISION_INAPPROPRIATE,5
COND:information,UNDER_CONDITION,EVT:DECISION_INAPPROPRIATE,1
COND:information,MASKED_BY_CONDITION,EVT:DECISION_INAPPROPRIATE,2
COND:information,INHIBITS,EVT:DECISION_INAPPROPRIATE,1
COND:information,INHIBITS,EVT:TURBULENCE_ENCOUNTER,1
COND:information,CONTRIBUTES_TO,EVT:TURBULENCE_ENCOUNTER,1
COND:information,MASKED_BY_CONDITION,EVT:PERCEPTION_FAILURE,1
COND:information,CAUSES,EVT:PERCEPTION_FAILURE,1
COND:information,TRIGGERS,EVT:PROCEDURE_NOT_FOLLOWED,1
COND:information,CONTRIBUTES_TO,COND:perceptual,1
COND:information,MASKED_BY_CONDITION,EVT:THUNDERSTORM_OR_CONVECTIVE,1
COND:location,CONTRIBUTES_TO,EVT:DECISION_INAPPROPRIATE,1
ENT:aircraft,CAUSES,EVT:TURBULENCE_ENCOUNTER,1
ENT:aircraft,CAUSES,COND:weather,2
ENT:aircraft,CAUSES,COND:environmental,1
COND:physiological,CAUSES,EVT:CONTROL_INPUT_IMPROPER,2
COND:physiological,CONTRIBUTES_TO,EVT:CONTROL_INPUT_IMPROPER,1
COND:physiological,CAUSES,EVT:PILOT_INCAPACITATION_OR_IMPAIRMENT,1
COND:physiological,UNDER_CONDITION,EVT:PILOT_INCAPACITATION_OR_IMPAIRMENT,1
COND:physiological,CONTRIBUTES_TO,EVT:SPATIAL_DISORIENTATION,3
COND:physiological,UNDER_CONDITION,EVT:SPATIAL_DISORIENTATION,3
COND:physiological,CAUSES,EVT:SPATIAL_DISORIENTATION,1
COND:physiological,CONTRIBUTES_TO,EVT:PROCEDURE_NOT_FOLLOWED,1
COND:physiological,UNDER_CONDITION,EVT:PERCEPTION_FAILURE,1
COND:physiological,CONTRIBUTES_TO,EVT:PERCEPTION_FAILURE,4
COND:physiological,CONTRIBUTES_TO,EVT:INJURY_OR_FATALITY,1
COND:physiological,CAUSES,EVT:LOSS_OF_CONTROL_INFLIGHT,1
EVT:WATER_IMPACT,CONCURRENT,EVT:STRUCTURAL_OVERLOAD,1
EVT:WATER_IMPACT,RESPONDS_TO,EVT:CONTROL_INPUT_IMPROPER,1
EVT:WATER_IMPACT,CAUSES,EVT:AIRFRAME_STRUCTURAL_FAILURE,3
EVT:WATER_IMPACT,CAUSES,EVT:INJURY_OR_FATALITY,16
EVT:WATER_IMPACT,TRIGGERS,EVT:SUCCESSFUL_RECOVERY,1
EVT:WATER_IMPACT,CAUSES,EVT:WATER_IMPACT,1
EVT:WATER_IMPACT,UNDER_CONDITION,COND:environmental,1
EVT:WATER_IMPACT,CAUSES,EVT:GROUND_IMPACT,2
EVT:PROCEDURE_FOLLOWED,CAUSES,EVT:EMERGENCY_LANDING,1
EVT:PROCEDURE_FOLLOWED,RESPONDS_TO,COND:human_state,1
EVT:PROCEDURE_FOLLOWED,CONTRIBUTES_TO,EVT:SUCCESSFUL_RECOVERY,1
EVT:PROCEDURE_FOLLOWED,INHIBITS,EVT:PROCEDURE_NOT_FOLLOWED,1
EVT:MIDAIR_COLLISION,CAUSES,EVT:GROUND_IMPACT,2
EVT:MIDAIR_COLLISION,CAUSES,EVT:SUCCESSFUL_RECOVERY,1
COND:perceptual,CAUSES,EVT:PERCEPTION_FAILURE,3
COND:perceptual,INDUCED_CONDITION,EVT:PERCEPTION_FAILURE,1
COND:perceptual,CAUSES,EVT:TERRAIN_OR_OBSTACLE_PROXIMITY,1
COND:perceptual,CONTRIBUTES_TO,EVT:PROCEDURE_NOT_FOLLOWED,1
COND:perceptual,CONTRIBUTES_TO,COND:perceptual,1
COND:perceptual,CONTRIBUTES_TO,EVT:CONTROL_INPUT_IMPROPER,1
COND:training,ENABLES,EVT:PROCEDURE_NOT_FOLLOWED,1
COND:training,CONTRIBUTES_TO,EVT:SPATIAL_DISORIENTATION,2
COND:surface,ENABLES,EVT:LOSS_OF_CONTROL_GROUND,2
COND:surface,UNDER_CONDITION,EVT:CONTROL_INPUT_IMPROPER,1
COND:surface,UNDER_CONDITION,EVT:RUNWAY_EXCURSION_OR_OVERRUN,1
EVT:THUNDERSTORM_OR_CONVECTIVE,CAUSES,EVT:TURBULENCE_ENCOUNTER,2
EVT:THUNDERSTORM_OR_CONVECTIVE,UNDER_CONDITION,COND:weather,7
EVT:THUNDERSTORM_OR_CONVECTIVE,INDUCED_CONDITION,COND:weather,4
EVT:THUNDERSTORM_OR_CONVECTIVE,CAUSES,COND:weather,1
EVT:THUNDERSTORM_OR_CONVECTIVE,CAUSES,EVT:STRUCTURAL_OVERLOAD,2
EVT:THUNDERSTORM_OR_CONVECTIVE,CAUSES,EVT:INFLIGHT_FIRE_OR_SMOKE,1
EVT:THUNDERSTORM_OR_CONVECTIVE,CAUSES,EVT:THUNDERSTORM_OR_CONVECTIVE,1
EVT:THUNDERSTORM_OR_CONVECTIVE,CAUSES,EVT:AIRFRAME_STRUCTURAL_FAILURE,2
EVT:THUNDERSTORM_OR_CONVECTIVE,MITIGATES,EVT:SUCCESSFUL_RECOVERY,1
EVT:THUNDERSTORM_OR_CONVECTIVE,CAUSES,EVT:BIRD_OR_WILDLIFE_STRIKE,1
EVT:THUNDERSTORM_OR_CONVECTIVE,CAUSES,EVT:LOSS_OF_CONTROL_INFLIGHT,2
EVT:THUNDERSTORM_OR_CONVECTIVE,CAUSES,EVT:GROUND_IMPACT,1
EVT:SPATIAL_DISORIENTATION,CAUSES,EVT:GROUND_IMPACT,7
EVT:SPATIAL_DISORIENTATION,CONTRIBUTES_TO,EVT:GROUND_IMPACT,1
EVT:SPATIAL_DISORIENTATION,CAUSES,EVT:LOSS_OF_CONTROL_INFLIGHT,4
EVT:SPATIAL_DISORIENTATION,UNDER_CONDITION,COND:weather,2
EVT:SPATIAL_DISORIENTATION,CONTRIBUTES_TO,COND:mechanical,1
EVT:SPATIAL_DISORIENTATION,CAUSES,EVT:DECISION_INAPPROPRIATE,1
EVT:SPATIAL_DISORIENTATION,INDUCED_CONDITION,COND:human_factors,1
EVT:SPATIAL_DISORIENTATION,CAUSES,EVT:CONTROL_INPUT_IMPROPER,5
EVT:SPATIAL_DISORIENTATION,CAUSES,EVT:WATER_IMPACT,2
EVT:SPATIAL_DISORIENTATION,CAUSES,EVT:PERCEPTION_FAILURE,1
EVT:SPATIAL_DISORIENTATION,CAUSES,EVT:ALTITUDE_DEVIATION_UNCONTROLLED,1
EVT:SPATIAL_DISORIENTATION,CAUSES,EVT:TERRAIN_OR_OBSTACLE_PROXIMITY,1
EVT:SPATIAL_DISORIENTATION,UNDER_CONDITION,COND:environmental,1
EVT:MAINTENANCE_INADEQUATE,CAUSES,COND:mechanical,9
EVT:MAINTENANCE_INADEQUATE,INDUCED_CONDITION,COND:mechanical,1
EVT:MAINTENANCE_INADEQUATE,CAUSES,COND:procedural,1
EVT:MAINTENANCE_INADEQUATE,INDUCED_CONDITION,COND:organizational,1
EVT:MAINTENANCE_INADEQUATE,CAUSES,COND:infrastructure_defect,1
EVT:MAINTENANCE_INADEQUATE,ENABLES,EVT:MAINTENANCE_INADEQUATE,1
EVT:MAINTENANCE_INADEQUATE,CAUSES,COND:latent,1
COND:aircraft_state,CONTRIBUTES_TO,EVT:STRUCTURAL_OVERLOAD,1
COND:aircraft_state,CONTRIBUTES_TO,EVT:STALL,1
COND:aircraft_state,TRIGGERS,EVT:PROCEDURE_NOT_FOLLOWED,1
COND:aircraft_state,CAUSES,EVT:GROUND_IMPACT,1
ENT:object,INDUCED_CONDITION,COND:human_performance,1
ENT:object,CAUSES,EVT:BIRD_OR_WILDLIFE_STRIKE,1
COND:other,CAUSES,EVT:CONTROL_INPUT_IMPROPER,2
EVT:GROUND_COLLISION,CAUSES,EVT:LOSS_OF_CONTROL_INFLIGHT,1
EVT:GROUND_COLLISION,CAUSES,EVT:GROUND_COLLISION,1
EVT:GROUND_COLLISION,CAUSES,EVT:STRUCTURAL_DAMAGE,1
EVT:GROUND_COLLISION,AFFECTS,ENT:aircraft,1
EVT:GROUND_COLLISION,CAUSES,EVT:PERCEPTION_FAILURE,1
COND:performance,UNDER_CONDITION,EVT:LOSS_OF_CONTROL_INFLIGHT,2
COND:performance,CAUSES,EVT:LOSS_OF_CONTROL_INFLIGHT,1
COND:performance,CAUSES,EVT:DECISION_INAPPROPRIATE,1
COND:performance,CAUSES,EVT:STALL,2
EVT:FUEL_SYSTEM_ANOMALY,RESPONDS_TO,EVT:PROCEDURE_NOT_FOLLOWED,2
EVT:FUEL_SYSTEM_ANOMALY,CAUSES,EVT:DECISION_INAPPROPRIATE,1
EVT:FUEL_SYSTEM_ANOMALY,CAUSES,EVT:ENGINE_FAILURE,6
EVT:FUEL_SYSTEM_ANOMALY,TRIGGERS,EVT:SUCCESSFUL_RECOVERY,1
EVT:FUEL_SYSTEM_ANOMALY,CAUSES,EVT:GROUND_IMPACT,1
EVT:FUEL_SYSTEM_ANOMALY,CAUSES,EVT:INFLIGHT_FIRE_OR_SMOKE,1
EVT:FUEL_SYSTEM_ANOMALY,CAUSES,EVT:BIRD_OR_WILDLIFE_STRIKE,1
EVT:FUEL_SYSTEM_ANOMALY,INDUCED_CONDITION,COND:mechanical,1
EVT:FUEL_SYSTEM_ANOMALY,CAUSES,EVT:WATER_IMPACT,1
EVT:FUEL_SYSTEM_ANOMALY,CAUSES,EVT:AIRFRAME_STRUCTURAL_FAILURE,1
EVT:PILOT_INCAPACITATION_OR_IMPAIRMENT,CAUSES,EVT:DECISION_INAPPROPRIATE,1
EVT:PILOT_INCAPACITATION_OR_IMPAIRMENT,INDUCED_CONDITION,COND:medical,1
EVT:PILOT_INCAPACITATION_OR_IMPAIRMENT,CAUSES,EVT:PERCEPTION_FAILURE,1
EVT:PILOT_INCAPACITATION_OR_IMPAIRMENT,CAUSES,EVT:CONTROL_INPUT_IMPROPER,1
EVT:PILOT_INCAPACITATION_OR_IMPAIRMENT,UNDER_CONDITION,COND:physiological,1
EVT:PILOT_INCAPACITATION_OR_IMPAIRMENT,CONTRIBUTES_TO,EVT:LOSS_OF_CONTROL_INFLIGHT,1
COND:regulatory,CAUSES,EVT:ORG_OR_REGULATORY_INADEQUATE,1
COND:regulatory,INHIBITS,ENT:person,2
COND:regulatory,CAUSES,EVT:AIRFRAME_STRUCTURAL_FAILURE,1
COND:regulatory,CONTRIBUTES_TO,EVT:CONTROL_INPUT_IMPROPER,1
COND:regulatory,INHIBITS,EVT:PROCEDURE_NOT_FOLLOWED,1
COND:regulatory,ENABLES,EVT:PROCEDURE_NOT_FOLLOWED,2
COND:regulatory,ENABLES,EVT:BIRD_OR_WILDLIFE_STRIKE,1
ENT:component,CAUSES,COND:mechanical,2
ENT:component,CAUSES,ENT:component,1
EVT:AUTOMATION_ANOMALY,RESPONDS_TO,EVT:CONTROL_INPUT_IMPROPER,2
EVT:AUTOMATION_ANOMALY,TRIGGERS,EVT:CONTROL_INPUT_IMPROPER,1
EVT:AUTOMATION_ANOMALY,CONTRIBUTES_TO,EVT:ALTITUDE_DEVIATION_UNCONTROLLED,1
EVT:AUTOMATION_ANOMALY,CAUSES,EVT:GROUND_IMPACT,1
EVT:RESPONDS_TO,CONTRIBUTES_TO,EVT:GROUND_IMPACT,1
COND:fatigue,CONTRIBUTES_TO,EVT:PERCEPTION_FAILURE,2
COND:fatigue,CONTRIBUTES_TO,EVT:DECISION_INAPPROPRIATE,1
COND:knowledge,CAUSES,EVT:DECISION_INAPPROPRIATE,2
COND:knowledge,CONTRIBUTES_TO,EVT:DECISION_INAPPROPRIATE,1
COND:knowledge,CONTRIBUTES_TO,EVT:ENGINE_FAILURE,1
COND:knowledge,CAUSES,EVT:PERCEPTION_FAILURE,1
COND:knowledge,INHIBITS,EVT:PERCEPTION_FAILURE,1
COND:knowledge,CAUSES,EVT:PROCEDURE_NOT_FOLLOWED,3
COND:knowledge,CONTRIBUTES_TO,EVT:CONTROL_INPUT_IMPROPER,2
COND:knowledge,ENABLES,COND:environmental,1
COND:pilot_state,CAUSES,EVT:CONTROL_INPUT_IMPROPER,1
COND:aircraft_characteristics,ENABLES,EVT:RUNWAY_EXCURSION_OR_OVERRUN,1
COND:spatial,CAUSES,EVT:PERCEPTION_FAILURE,2
COND:spatial,UNDER_CONDITION,EVT:PERCEPTION_FAILURE,1
COND:spatial,CAUSES,EVT:GROUND_IMPACT,2
COND:spatial,ENABLES,EVT:RUNWAY_CONDITION_HAZARD,1
COND:spatial,CAUSES,COND:cognitive,1
COND:terrain_obstacle,CAUSES,EVT:TERRAIN_OR_OBSTACLE_PROXIMITY,1
COND:traffic,CAUSES,EVT:PERCEPTION_FAILURE,1
COND:traffic,INHIBITS,EVT:ATC_OR_DISPATCH_INADEQUATE,1
COND:weight,CONTRIBUTES_TO,EVT:LOSS_OF_CONTROL_INFLIGHT,1
COND:weight,CAUSES,EVT:LOSS_OF_CONTROL_INFLIGHT,4
COND:weight,CONTRIBUTES_TO,EVT:CONTROL_INPUT_IMPROPER,1
COND:weight,CAUSES,EVT:CONTROL_INPUT_IMPROPER,1
COND:weight,UNDER_CONDITION,EVT:CONTROL_INPUT_IMPROPER,1
COND:weight,CAUSES,COND:performance,2
EVT:COMMUNICATION_FAILURE,INDUCED_CONDITION,COND:situational_awareness,1
EVT:INSTRUMENT_OR_AVIONICS_FAILURE,INDUCED_CONDITION,COND:mechanical,4
EVT:INSTRUMENT_OR_AVIONICS_FAILURE,RESPONDS_TO,EVT:SUCCESSFUL_RECOVERY,1
EVT:INSTRUMENT_OR_AVIONICS_FAILURE,CAUSES,EVT:INSTRUMENT_OR_AVIONICS_FAILURE,2
EVT:INSTRUMENT_OR_AVIONICS_FAILURE,RESPONDS_TO,EVT:DECISION_INAPPROPRIATE,1
EVT:INSTRUMENT_OR_AVIONICS_FAILURE,CAUSES,EVT:DECISION_INAPPROPRIATE,1
EVT:INSTRUMENT_OR_AVIONICS_FAILURE,CAUSES,EVT:STALL,1
EVT:INSTRUMENT_OR_AVIONICS_FAILURE,TRIGGERS,EVT:PROCEDURE_NOT_FOLLOWED,1
EVT:INSTRUMENT_OR_AVIONICS_FAILURE,CAUSES,EVT:EMERGENCY_LANDING,2
EVT:INSTRUMENT_OR_AVIONICS_FAILURE,CAUSES,EVT:PERCEPTION_FAILURE,1
EVT:INSTRUMENT_OR_AVIONICS_FAILURE,CONTRIBUTES_TO,EVT:PERCEPTION_FAILURE,1
EVT:INSTRUMENT_OR_AVIONICS_FAILURE,RESPONDS_TO,EVT:CONTROL_INPUT_IMPROPER,1
EVT:INSTRUMENT_OR_AVIONICS_FAILURE,CAUSES,EVT:CONTROL_INPUT_IMPROPER,1
EVT:INSTRUMENT_OR_AVIONICS_FAILURE,CONTRIBUTES_TO,EVT:GROUND_IMPACT,1
EVT:INSTRUMENT_OR_AVIONICS_FAILURE,INDUCED_CONDITION,COND:information,1
EVT:INSTRUMENT_OR_AVIONICS_FAILURE,CAUSES,COND:communication,1
COND:cognitive,CAUSES,EVT:DECISION_INAPPROPRIATE,2
COND:cognitive,CAUSES,EVT:CONTROL_INPUT_IMPROPER,3
COND:cognitive,CONTRIBUTES_TO,EVT:CONTROL_INPUT_IMPROPER,1
COND:cognitive,CAUSES,EVT:PERCEPTION_FAILURE,3
COND:cognitive,CAUSES,EVT:GROUND_PERSONNEL_ERROR,1
COND:cognitive,CAUSES,EVT:PROCEDURE_NOT_FOLLOWED,1
EVT:INFLIGHT_BREAKUP,CAUSES,EVT:GROUND_IMPACT,4
EVT:INFLIGHT_BREAKUP,TRIGGERS,EVT:PROCEDURE_NOT_FOLLOWED,1
EVT:INFLIGHT_BREAKUP,TRIGGERS,EVT:EMERGENCY_LANDING,1
COND:equipment,CONTRIBUTES_TO,EVT:GROUND_PERSONNEL_ERROR,1
COND:equipment,CONTRIBUTES_TO,COND:human,1
COND:equipment,ENABLES,EVT:PERCEPTION_FAILURE,1
COND:equipment,INHIBITS,EVT:TERRAIN_OR_OBSTACLE_PROXIMITY,1
COND:equipment,INHIBITS,EVT:TURBULENCE_ENCOUNTER,1
COND:equipment,MASKED_BY_CONDITION,EVT:TURBULENCE_ENCOUNTER,1
COND:equipment,ENABLES,EVT:DECISION_INAPPROPRIATE,1
EVT:GROUND_INCIDENT,CAUSES,EVT:GROUND_DAMAGE,1
EVT:GROUND_INCIDENT,PRECEDES,EVT:TERRAIN_OR_OBSTACLE_PROXIMITY,1
EVT:TAXI,TRIGGERS,EVT:LOSS_OF_CONTROL_GROUND,1
COND:visibility,CAUSES,EVT:LANDING_GEAR_ANOMALY,1
COND:visibility,CONTRIBUTES_TO,EVT:CONTROL_INPUT_IMPROPER,1
COND:visibility,UNDER_CONDITION,EVT:PERCEPTION_FAILURE,1
COND:medical,CONTRIBUTES_TO,EVT:DECISION_INAPPROPRIATE,1
COND:medical,CAUSES,EVT:PERCEPTION_FAILURE,1
COND:medical,CONTRIBUTES_TO,EVT:PERCEPTION_FAILURE,1
COND:medical,CAUSES,EVT:PILOT_INCAPACITATION_OR_IMPAIRMENT,1
COND:medical,CONTRIBUTES_TO,EVT:PILOT_INCAPACITATION_OR_IMPAIRMENT,1
COND:design,CONTRIBUTES_TO,EVT:INSTRUMENT_OR_AVIONICS_FAILURE,1
COND:design,ENABLES,EVT:ENGINE_FAILURE,1
COND:design,CONTRIBUTES_TO,EVT:BIRD_OR_WILDLIFE_STRIKE,1
COND:navigation_equipment_failure,CAUSES,EVT:DECISION_INAPPROPRIATE,1
COND:fuel_state,CAUSES,EVT:ENGINE_FAILURE,1
COND:aircraft_characteristic,UNDER_CONDITION,EVT:CONTROL_INPUT_IMPROPER,1
COND:skill,CONTRIBUTES_TO,EVT:CONTROL_INPUT_IMPROPER,1
COND:skill,CONTRIBUTES_TO,EVT:DECISION_INAPPROPRIATE,1
COND:mental_state,CONTRIBUTES_TO,EVT:CONTROL_INPUT_IMPROPER,1
EVT:RUNWAY_INCURSION,CAUSES,EVT:TERRAIN_OR_OBSTACLE_PROXIMITY,1
EVT:RUNWAY_INCURSION,UNDER_CONDITION,COND:environmental,1
EVT:RUNWAY_INCURSION,TRIGGERS,EVT:DECISION_INAPPROPRIATE,1
EVT:TAXIING_INCIDENT,CAUSES,EVT:GROUND_COLLISION,1
COND:human_performance,CAUSES,EVT:PERCEPTION_FAILURE,1
COND:human_performance,CAUSES,EVT:GROUND_IMPACT,1
COND:human_performance,CONTRIBUTES_TO,EVT:GROUND_IMPACT,1
COND:human_performance,CONTRIBUTES_TO,EVT:DECISION_INAPPROPRIATE,1
COND:attention,CAUSES,EVT:PERCEPTION_FAILURE,1
COND:attention,CAUSES,EVT:TERRAIN_OR_OBSTACLE_PROXIMITY,1
COND:resource,UNDER_CONDITION,EVT:FUEL_SYSTEM_ANOMALY,1
EVT:DESIGN_DEFECT_LATENT,CAUSES,COND:environmental,1
COND:physical,ENABLES,EVT:PERCEPTION_FAILURE,1
COND:physical,INHIBITS,EVT:PERCEPTION_FAILURE,1
COND:physical,ENABLES,EVT:GROUND_COLLISION,1
COND:physical,CAUSES,EVT:LOSS_OF_CONTROL_GROUND,1
COND:physical,INHIBITS,EVT:GROUND_PERSONNEL_ERROR,1
COND:physical,CAUSES,EVT:CONTROL_SURFACE_ANOMALY,1
COND:physical,CONTRIBUTES_TO,EVT:DECISION_INAPPROPRIATE,1
COND:infrastructure_defect,CAUSES,COND:structural_integrity,1
COND:infrastructure_defect,CAUSES,COND:environmental,1
COND:infrastructure_defect,CAUSES,EVT:RUNWAY_EXCURSION_OR_OVERRUN,2
COND:structural_integrity,CAUSES,EVT:RUNWAY_EXCURSION_OR_OVERRUN,1
COND:equipment_limitation,CAUSES,EVT:DECISION_INAPPROPRIATE,1
COND:equipment_limitation,MASKED_BY_CONDITION,COND:weather,1
EVT:APPROACH,PRECEDES,EVT:TERRAIN_OR_OBSTACLE_PROXIMITY,1
EVT:APPROACH,UNDER_CONDITION,COND:human_factor,1
COND:mental_model,CAUSES,EVT:PERCEPTION_FAILURE,1
COND:behavioral,ENABLES,EVT:INJURY_OR_FATALITY,1
EVT:TAXI_OR_TAKEOFF,UNDER_CONDITION,EVT:WIND_SHEAR_OR_GUST,1
COND:configuration,CAUSES,EVT:LOSS_OF_CONTROL_INFLIGHT,1
COND:operational_limit,CAUSES,EVT:LOSS_OF_CONTROL_INFLIGHT,1
EVT:LANDING,PRECEDES,EVT:WIND_SHEAR_OR_GUST,1
EVT:LANDING,PRECEDES,EVT:GROUND_IMPACT,1
EVT:DYNAMIC_ROLLOVER,CAUSES,EVT:STRUCTURAL_DAMAGE,1
COND:latent_organizational,CAUSES,COND:infrastructure_defect,1
COND:occupant_state,CONTRIBUTES_TO,EVT:INJURY_OR_FATALITY,1
COND:geometric,ENABLES,EVT:CONTROL_INPUT_IMPROPER,1
EVT:LOSS_OF_LIFT,TRIGGERS,EVT:DECISION_INAPPROPRIATE,1
EVT:GROUND_TAXIING,CAUSES,EVT:CONTROL_INPUT_IMPROPER,1
EVT:TRAFFIC_CONFLICT,RESPONDS_TO,EVT:CONTROL_INPUT_IMPROPER,1
COND:instrument,MASKED_BY_CONDITION,EVT:PERCEPTION_FAILURE,1
COND:instrument,CONTRIBUTES_TO,EVT:PERCEPTION_FAILURE,1
COND:unknown,CAUSES,COND:environmental,1
EVT:LOSS_OF_BALANCE,CAUSES,EVT:INJURY_OR_FATALITY,1
COND:human_state,ENABLES,EVT:LOSS_OF_BALANCE,1
COND:biological,UNDER_CONDITION,EVT:BIRD_OR_WILDLIFE_STRIKE,1
EVT:COMMUNICATION_INADEQUATE,CONTRIBUTES_TO,EVT:INJURY_OR_FATALITY,1
EVT:BRAKE_ANOMALY,CAUSES,EVT:RUNWAY_EXCURSION_OR_OVERRUN,1
EVT:LOSS_OF_PRESSURIZATION,TRIGGERS,EVT:PROCEDURE_FOLLOWED,1
COND:topography,CAUSES,COND:weather,1
COND:communication,CAUSES,COND:human_factor,1
COND:pharmacological,CONTRIBUTES_TO,EVT:PERCEPTION_FAILURE,1
EVT:BRAKE_SYSTEM_FAILURE,CAUSES,EVT:BRAKE_SYSTEM_FAILURE,1
EVT:BRAKE_SYSTEM_FAILURE,CAUSES,EVT:TAXIWAY_EXCURSION,1
EVT:TAXIWAY_EXCURSION,CAUSES,EVT:GROUND_COLLISION,1
COND:operational_state,ENABLES,EVT:INJURY_OR_FATALITY,1
EVT:TCAS_RA,RESPONDS_TO,EVT:CONTROL_INPUT_IMPROPER,1
EVT:ABRUPT_MANEUVER,CAUSES,EVT:INJURY_OR_FATALITY,1
EVT:ABRUPT_MANEUVER,UNDER_CONDITION,COND:human_factor,1
