src,edge_type,dst,count
EVT:CONTROL_INPUT_IMPROPER,CAUSES,EVT:LOSS_OF_CONTROL_GROUND,964
EVT:CONTROL_INPUT_IMPROPER,RESPONDS_TO,EVT:LOSS_OF_CONTROL_GROUND,24
EVT:CONTROL_INPUT_IMPROPER,CONTRIBUTES_TO,EVT:LOSS_OF_CONTROL_GROUND,111
EVT:CONTROL_INPUT_IMPROPER,PREVENTS,EVT:LOSS_OF_CONTROL_GROUND,11
EVT:CONTROL_INPUT_IMPROPER,TRIGGERS,EVT:LOSS_OF_CONTROL_GROUND,6
EVT:CONTROL_INPUT_IMPROPER,INHIBITS,EVT:LOSS_OF_CONTROL_GROUND,4
EVT:CONTROL_INPUT_IMPROPER,CAUSES,EVT:RUNWAY_EXCURSION_OR_OVERRUN,689
EVT:CONTROL_INPUT_IMPROPER,CONTRIBUTES_TO,EVT:RUNWAY_EXCURSION_OR_OVERRUN,68
EVT:CONTROL_INPUT_IMPROPER,RESPONDS_TO,EVT:RUNWAY_EXCURSION_OR_OVERRUN,7
EVT:CONTROL_INPUT_IMPROPER,MITIGATES,EVT:RUNWAY_EXCURSION_OR_OVERRUN,4
EVT:CONTROL_INPUT_IMPROPER,PREVENTS,EVT:RUNWAY_EXCURSION_OR_OVERRUN,5
EVT:CONTROL_INPUT_IMPROPER,TRIGGERS,EVT:RUNWAY_EXCURSION_OR_OVERRUN,1
EVT:CONTROL_INPUT_IMPROPER,INHIBITS,EVT:RUNWAY_EXCURSION_OR_OVERRUN,1
EVT:CONTROL_INPUT_IMPROPER,UNDER_CONDITION,COND:weather,120
EVT:CONTROL_INPUT_IMPROPER,RESPONDS_TO,COND:weather,4
EVT:CONTROL_INPUT_IMPROPER,CONCURRENT,COND:weather,1
EVT:CONTROL_INPUT_IMPROPER,CONTRIBUTES_TO,COND:weather,1
EVT:CONTROL_INPUT_IMPROPER,CONTRIBUTES_TO,EVT:GROUND_IMPACT,75
EVT:CONTROL_INPUT_IMPROPER,CAUSES,EVT:GROUND_IMPACT,418
EVT:CONTROL_INPUT_IMPROPER,INHIBITS,EVT:GROUND_IMPACT,2
EVT:CONTROL_INPUT_IMPROPER,PREVENTS,EVT:GROUND_IMPACT,3
EVT:CONTROL_INPUT_IMPROPER,CONCURRENT,EVT:GROUND_IMPACT,2
EVT:CONTROL_INPUT_IMPROPER,UNDER_CONDITION,COND:environmental,83
EVT:CONTROL_INPUT_IMPROPER,INDUCED_CONDITION,COND:environmental,5
EVT:CONTROL_INPUT_IMPROPER,ENABLES,COND:environmental,1
EVT:CONTROL_INPUT_IMPROPER,CAUSES,COND:environmental,1
EVT:CONTROL_INPUT_IMPROPER,CONTRIBUTES_TO,COND:environmental,1
EVT:CONTROL_INPUT_IMPROPER,UNDER_CONDITION,COND:mechanical,18
EVT:CONTROL_INPUT_IMPROPER,CAUSES,COND:mechanical,6
EVT:CONTROL_INPUT_IMPROPER,TRIGGERS,COND:mechanical,8
EVT:CONTROL_INPUT_IMPROPER,MASKED_BY_CONDITION,COND:mechanical,1
EVT:CONTROL_INPUT_IMPROPER,INHIBITS,COND:mechanical,1
EVT:CONTROL_INPUT_IMPROPER,INDUCED_CONDITION,COND:mechanical,12
EVT:CONTROL_INPUT_IMPROPER,RESPONDS_TO,COND:mechanical,4
EVT:CONTROL_INPUT_IMPROPER,CONCURRENT,COND:mechanical,1
EVT:CONTROL_INPUT_IMPROPER,CONTRIBUTES_TO,EVT:LANDING_GEAR_ANOMALY,4
EVT:CONTROL_INPUT_IMPROPER,CAUSES,EVT:LANDING_GEAR_ANOMALY,46
EVT:CONTROL_INPUT_IMPROPER,TRIGGERS,EVT:LANDING_GEAR_ANOMALY,8
EVT:CONTROL_INPUT_IMPROPER,INDUCED_CONDITION,COND:aerodynamic,24
EVT:CONTROL_INPUT_IMPROPER,UNDER_CONDITION,COND:aerodynamic,5
EVT:CONTROL_INPUT_IMPROPER,CAUSES,COND:aerodynamic,3
EVT:CONTROL_INPUT_IMPROPER,RESPONDS_TO,COND:aerodynamic,1
EVT:CONTROL_INPUT_IMPROPER,CAUSES,EVT:TURBULENCE_ENCOUNTER,1
EVT:CONTROL_INPUT_IMPROPER,CAUSES,EVT:ALTITUDE_DEVIATION_UNCONTROLLED,17
EVT:CONTROL_INPUT_IMPROPER,CONCURRENT,EVT:ALTITUDE_DEVIATION_UNCONTROLLED,1
EVT:CONTROL_INPUT_IMPROPER,CONTRIBUTES_TO,EVT:ALTITUDE_DEVIATION_UNCONTROLLED,2
EVT:CONTROL_INPUT_IMPROPER,CAUSES,EVT:CONTROL_INPUT_IMPROPER,106
EVT:CONTROL_INPUT_IMPROPER,PRECEDES,EVT:CONTROL_INPUT_IMPROPER,17
EVT:CONTROL_INPUT_IMPROPER,RESPONDS_TO,EVT:CONTROL_INPUT_IMPROPER,14
EVT:CONTROL_INPUT_IMPROPER,TRIGGERS,EVT:CONTROL_INPUT_IMPROPER,40
EVT:CONTROL_INPUT_IMPROPER,CONTRIBUTES_TO,EVT:CONTROL_INPUT_IMPROPER,13
EVT:CONTROL_INPUT_IMPROPER,CONCURRENT,EVT:CONTROL_INPUT_IMPROPER,21
EVT:CONTROL_INPUT_IMPROPER,ENABLES,EVT:CONTROL_INPUT_IMPROPER,1
EVT:CONTROL_INPUT_IMPROPER,CONTINUES_AS,EVT:CONTROL_INPUT_IMPROPER,1
EVT:CONTROL_INPUT_IMPROPER,CAUSES,EVT:TERRAIN_OR_OBSTACLE_PROXIMITY,13
EVT:CONTROL_INPUT_IMPROPER,CONTRIBUTES_TO,EVT:TERRAIN_OR_OBSTACLE_PROXIMITY,1
EVT:CONTROL_INPUT_IMPROPER,UNDER_CONDITION,COND:terrain,6
EVT:CONTROL_INPUT_IMPROPER,ENABLES,COND:terrain,1
EVT:CONTROL_INPUT_IMPROPER,TRIGGERS,EVT:PROCEDURE_NOT_FOLLOWED,9
EVT:CONTROL_INPUT_IMPROPER,CONCURRENT,EVT:PROCEDURE_NOT_FOLLOWED,7
EVT:CONTROL_INPUT_IMPROPER,CAUSES,EVT:PROCEDURE_NOT_FOLLOWED,13
EVT:CONTROL_INPUT_IMPROPER,RESPONDS_TO,EVT:PROCEDURE_NOT_FOLLOWED,2
EVT:CONTROL_INPUT_IMPROPER,PRECEDES,EVT:PROCEDURE_NOT_FOLLOWED,1
EVT:CONTROL_INPUT_IMPROPER,CONTRIBUTES_TO,EVT:PROCEDURE_NOT_FOLLOWED,1
EVT:CONTROL_INPUT_IMPROPER,CAUSES,EVT:STALL,28
EVT:CONTROL_INPUT_IMPROPER,CONTRIBUTES_TO,EVT:STALL,1
EVT:CONTROL_INPUT_IMPROPER,CAUSES,EVT:STRUCTURAL_OVERLOAD,24
EVT:CONTROL_INPUT_IMPROPER,CONTRIBUTES_TO,EVT:STRUCTURAL_OVERLOAD,2
EVT:CONTROL_INPUT_IMPROPER,TRIGGERS,EVT:CREW_COORDINATION_FAILURE,6
EVT:CONTROL_INPUT_IMPROPER,RESPONDS_TO,EVT:CREW_COORDINATION_FAILURE,3
EVT:CONTROL_INPUT_IMPROPER,PRECEDES,EVT:CREW_COORDINATION_FAILURE,1
EVT:CONTROL_INPUT_IMPROPER,CAUSES,EVT:LOSS_OF_CONTROL_INFLIGHT,42
EVT:CONTROL_INPUT_IMPROPER,CONTRIBUTES_TO,EVT:LOSS_OF_CONTROL_INFLIGHT,1
EVT:CONTROL_INPUT_IMPROPER,TRIGGERS,EVT:LOSS_OF_CONTROL_INFLIGHT,1
EVT:CONTROL_INPUT_IMPROPER,PREVENTS,EVT:LOSS_OF_CONTROL_INFLIGHT,1
EVT:CONTROL_INPUT_IMPROPER,TRIGGERS,EVT:WIND_SHEAR_OR_GUST,2
EVT:CONTROL_INPUT_IMPROPER,ENABLES,EVT:WIND_SHEAR_OR_GUST,2
EVT:CONTROL_INPUT_IMPROPER,CONTRIBUTES_TO,EVT:WIND_SHEAR_OR_GUST,6
EVT:CONTROL_INPUT_IMPROPER,CONCURRENT,EVT:WIND_SHEAR_OR_GUST,7
EVT:CONTROL_INPUT_IMPROPER,CAUSES,EVT:WIND_SHEAR_OR_GUST,4
EVT:CONTROL_INPUT_IMPROPER,CAUSES,EVT:RUNWAY_CONDITION_HAZARD,3
EVT:CONTROL_INPUT_IMPROPER,CONTRIBUTES_TO,EVT:RUNWAY_CONDITION_HAZARD,2
EVT:CONTROL_INPUT_IMPROPER,TRIGGERS,EVT:DECISION_INAPPROPRIATE,23
EVT:CONTROL_INPUT_IMPROPER,CAUSES,EVT:DECISION_INAPPROPRIATE,6
EVT:CONTROL_INPUT_IMPROPER,CONCURRENT,EVT:DECISION_INAPPROPRIATE,9
EVT:CONTROL_INPUT_IMPROPER,RESPONDS_TO,EVT:DECISION_INAPPROPRIATE,7
EVT:CONTROL_INPUT_IMPROPER,CONTRIBUTES_TO,EVT:DECISION_INAPPROPRIATE,1
EVT:CONTROL_INPUT_IMPROPER,CONTRIBUTES_TO,EVT:AIRFRAME_STRUCTURAL_FAILURE,2
EVT:CONTROL_INPUT_IMPROPER,CAUSES,EVT:AIRFRAME_STRUCTURAL_FAILURE,8
EVT:CONTROL_INPUT_IMPROPER,UNDER_CONDITION,COND:surface,8
EVT:CONTROL_INPUT_IMPROPER,TRIGGERS,EVT:CONTROL_SURFACE_ANOMALY,7
EVT:CONTROL_INPUT_IMPROPER,CAUSES,EVT:CONTROL_SURFACE_ANOMALY,5
EVT:CONTROL_INPUT_IMPROPER,RESPONDS_TO,EVT:CONTROL_SURFACE_ANOMALY,1
EVT:CONTROL_INPUT_IMPROPER,UNDER_CONDITION,COND:operational,1
EVT:CONTROL_INPUT_IMPROPER,INDUCED_CONDITION,COND:operational,2
EVT:CONTROL_INPUT_IMPROPER,AFFECTED_BY,ENT:aircraft,1
EVT:CONTROL_INPUT_IMPROPER,RESPONDS_TO,ENT:aircraft,1
EVT:CONTROL_INPUT_IMPROPER,TRIGGERS,EVT:PERCEPTION_FAILURE,1
EVT:CONTROL_INPUT_IMPROPER,CAUSES,EVT:PERCEPTION_FAILURE,5
EVT:CONTROL_INPUT_IMPROPER,CONTRIBUTES_TO,EVT:PERCEPTION_FAILURE,1
EVT:CONTROL_INPUT_IMPROPER,CAUSES,EVT:WATER_IMPACT,3
EVT:CONTROL_INPUT_IMPROPER,CONTRIBUTES_TO,EVT:WATER_IMPACT,1
EVT:CONTROL_INPUT_IMPROPER,UNDER_CONDITION,COND:configuration,1
EVT:CONTROL_INPUT_IMPROPER,CONTRIBUTES_TO,EVT:GROUND_RESONANCE,1
EVT:CONTROL_INPUT_IMPROPER,CAUSES,EVT:GROUND_RESONANCE,1
EVT:CONTROL_INPUT_IMPROPER,UNDER_CONDITION,COND:location,1
EVT:CONTROL_INPUT_IMPROPER,UNDER_CONDITION,COND:human_factor,2
EVT:CONTROL_INPUT_IMPROPER,TRIGGERS,COND:human_factor,1
EVT:CONTROL_INPUT_IMPROPER,INDUCED_CONDITION,COND:human_factor,2
EVT:CONTROL_INPUT_IMPROPER,CAUSES,EVT:ENGINE_FAILURE,8
EVT:CONTROL_INPUT_IMPROPER,TRIGGERS,EVT:ENGINE_FAILURE,2
EVT:CONTROL_INPUT_IMPROPER,CAUSES,EVT:GROUND_INCIDENT,2
EVT:CONTROL_INPUT_IMPROPER,INDUCED_CONDITION,COND:attention,1
EVT:CONTROL_INPUT_IMPROPER,CAUSES,EVT:GROUND_LOOP,5
EVT:CONTROL_INPUT_IMPROPER,CONTRIBUTES_TO,EVT:GROUND_LOOP,2
EVT:CONTROL_INPUT_IMPROPER,UNDER_CONDITION,COND:visual,1
EVT:CONTROL_INPUT_IMPROPER,TRIGGERS,EVT:BRAKE_ANOMALY,1
EVT:CONTROL_INPUT_IMPROPER,UNDER_CONDITION,COND:human_factors,2
EVT:CONTROL_INPUT_IMPROPER,INDUCED_CONDITION,COND:human_factors,2
EVT:CONTROL_INPUT_IMPROPER,RESPONDS_TO,EVT:INSTRUMENT_OR_AVIONICS_FAILURE,1
EVT:CONTROL_INPUT_IMPROPER,UNDER_CONDITION,COND:pilot,1
EVT:CONTROL_INPUT_IMPROPER,UNDER_CONDITION,COND:aircraft_configuration,4
EVT:CONTROL_INPUT_IMPROPER,RESPONDS_TO,EVT:BRAKE_FAILURE,1
EVT:CONTROL_INPUT_IMPROPER,TRIGGERS,EVT:BRAKE_FAILURE,1
EVT:CONTROL_INPUT_IMPROPER,UNDER_CONDITION,COND:infrastructure,1
EVT:CONTROL_INPUT_IMPROPER,RESPONDS_TO,ENT:person,1
EVT:CONTROL_INPUT_IMPROPER,CONTRIBUTES_TO,EVT:INFLIGHT_FIRE_OR_SMOKE,1
EVT:CONTROL_INPUT_IMPROPER,CONCURRENT,EVT:GROUND_COLLISION,1
EVT:CONTROL_INPUT_IMPROPER,UNDER_CONDITION,COND:human,2
EVT:CONTROL_INPUT_IMPROPER,TRIGGERS,COND:ground_effect,1
EVT:CONTROL_INPUT_IMPROPER,CAUSES,EVT:GROUND_LOS_OF_CONTROL,1
EVT:CONTROL_INPUT_IMPROPER,CONTRIBUTES_TO,EVT:GROUND_LOS_OF_CONTROL,1
EVT:CONTROL_INPUT_IMPROPER,UNDER_CONDITION,COND:ergonomic,1
EVT:CONTROL_INPUT_IMPROPER,TRIGGERS,EVT:SPATIAL_DISORIENTATION,1
EVT:CONTROL_INPUT_IMPROPER,INDUCED_CONDITION,COND:human_performance,1
EVT:CONTROL_INPUT_IMPROPER,RESPONDS_TO,COND:aircraft_state,1
EVT:CONTROL_INPUT_IMPROPER,INDUCED_CONDITION,COND:aircraft_state,1
EVT:CONTROL_INPUT_IMPROPER,CAUSES,EVT:INFLIGHT_BREAKUP,2
EVT:CONTROL_INPUT_IMPROPER,CAUSES,EVT:EMERGENCY_LANDING,1
EVT:CONTROL_INPUT_IMPROPER,ENABLES,EVT:EMERGENCY_LANDING,1
EVT:CONTROL_INPUT_IMPROPER,CAUSES,COND:physical,1
EVT:CONTROL_INPUT_IMPROPER,CAUSES,EVT:LANDING,1
EVT:CONTROL_INPUT_IMPROPER,UNDER_CONDITION,COND:aircraft_characteristics,1
EVT:CONTROL_INPUT_IMPROPER,UNDER_CONDITION,COND:pilot_qualification,1
EVT:CONTROL_INPUT_IMPROPER,UNDER_CONDITION,COND:situational_awareness,1
EVT:CONTROL_INPUT_IMPROPER,CAUSES,EVT:AUTOMATION_ANOMALY,1
EVT:LOSS_OF_CONTROL_GROUND,CAUSES,EVT:GROUND_IMPACT,891
EVT:LOSS_OF_CONTROL_GROUND,CONTRIBUTES_TO,EVT:GROUND_IMPACT,21
EVT:LOSS_OF_CONTROL_GROUND,CONCURRENT,EVT:GROUND_IMPACT,2
EVT:LOSS_OF_CONTROL_GROUND,CAUSES,EVT:RUNWAY_EXCURSION_OR_OVERRUN,574
EVT:LOSS_OF_CONTROL_GROUND,CONTRIBUTES_TO,EVT:RUNWAY_EXCURSION_OR_OVERRUN,6
EVT:LOSS_OF_CONTROL_GROUND,CONCURRENT,EVT:RUNWAY_EXCURSION_OR_OVERRUN,1
EVT:LOSS_OF_CONTROL_GROUND,UNDER_CONDITION,COND:mechanical,34
EVT:LOSS_OF_CONTROL_GROUND,CONTRIBUTES_TO,COND:mechanical,1
EVT:LOSS_OF_CONTROL_GROUND,CAUSES,COND:mechanical,2
EVT:LOSS_OF_CONTROL_GROUND,INHIBITS,COND:mechanical,2
EVT:LOSS_OF_CONTROL_GROUND,INDUCED_CONDITION,COND:mechanical,3
EVT:LOSS_OF_CONTROL_GROUND,IF_THEN,COND:mechanical,1
EVT:LOSS_OF_CONTROL_GROUND,UNDER_CONDITION,COND:weather,108
EVT:LOSS_OF_CONTROL_GROUND,INDUCED_CONDITION,COND:weather,1
EVT:LOSS_OF_CONTROL_GROUND,RESPONDS_TO,EVT:CONTROL_INPUT_IMPROPER,392
EVT:LOSS_OF_CONTROL_GROUND,TRIGGERS,EVT:CONTROL_INPUT_IMPROPER,88
EVT:LOSS_OF_CONTROL_GROUND,CONCURRENT,EVT:CONTROL_INPUT_IMPROPER,6
EVT:LOSS_OF_CONTROL_GROUND,CAUSES,EVT:CONTROL_INPUT_IMPROPER,10
EVT:LOSS_OF_CONTROL_GROUND,CONTRIBUTES_TO,EVT:CONTROL_INPUT_IMPROPER,1
EVT:LOSS_OF_CONTROL_GROUND,UNDER_CONDITION,COND:environmental,113
EVT:LOSS_OF_CONTROL_GROUND,ENABLES,COND:environmental,5
EVT:LOSS_OF_CONTROL_GROUND,CAUSES,COND:environmental,3
EVT:LOSS_OF_CONTROL_GROUND,IF_THEN,COND:environmental,1
EVT:LOSS_OF_CONTROL_GROUND,CAUSES,EVT:LANDING_GEAR_ANOMALY,105
EVT:LOSS_OF_CONTROL_GROUND,TRIGGERS,EVT:LANDING_GEAR_ANOMALY,1
EVT:LOSS_OF_CONTROL_GROUND,CONTRIBUTES_TO,EVT:LANDING_GEAR_ANOMALY,3
EVT:LOSS_OF_CONTROL_GROUND,CAUSES,EVT:DECISION_INAPPROPRIATE,3
EVT:LOSS_OF_CONTROL_GROUND,RESPONDS_TO,EVT:DECISION_INAPPROPRIATE,23
EVT:LOSS_OF_CONTROL_GROUND,TRIGGERS,EVT:DECISION_INAPPROPRIATE,41
EVT:LOSS_OF_CONTROL_GROUND,CONCURRENT,EVT:DECISION_INAPPROPRIATE,2
EVT:LOSS_OF_CONTROL_GROUND,UNDER_CONDITION,COND:terrain,11
EVT:LOSS_OF_CONTROL_GROUND,CONTRIBUTES_TO,COND:terrain,1
EVT:LOSS_OF_CONTROL_GROUND,UNDER_CONDITION,COND:runway_condition,1
EVT:LOSS_OF_CONTROL_GROUND,CAUSES,EVT:STALL,2
EVT:LOSS_OF_CONTROL_GROUND,CAUSES,EVT:STRUCTURAL_OVERLOAD,28
EVT:LOSS_OF_CONTROL_GROUND,CONTRIBUTES_TO,EVT:STRUCTURAL_OVERLOAD,1
EVT:LOSS_OF_CONTROL_GROUND,CAUSES,EVT:AIRFRAME_STRUCTURAL_FAILURE,34
EVT:LOSS_OF_CONTROL_GROUND,INDUCED_CONDITION,COND:aerodynamic,8
EVT:LOSS_OF_CONTROL_GROUND,UNDER_CONDITION,COND:aerodynamic,5
EVT:LOSS_OF_CONTROL_GROUND,CAUSES,EVT:LOSS_OF_CONTROL_GROUND,40
EVT:LOSS_OF_CONTROL_GROUND,CONTRIBUTES_TO,EVT:LOSS_OF_CONTROL_GROUND,2
EVT:LOSS_OF_CONTROL_GROUND,CONCURRENT,EVT:LOSS_OF_CONTROL_GROUND,1
EVT:LOSS_OF_CONTROL_GROUND,UNDER_CONDITION,COND:surface,11
EVT:LOSS_OF_CONTROL_GROUND,INDUCED_CONDITION,COND:surface,1
EVT:LOSS_OF_CONTROL_GROUND,CONTRIBUTES_TO,COND:surface,1
EVT:LOSS_OF_CONTROL_GROUND,UNDER_CONDITION,COND:aircraft_configuration,2
EVT:LOSS_OF_CONTROL_GROUND,UNDER_CONDITION,ENT:location,1
EVT:LOSS_OF_CONTROL_GROUND,RESPONDS_TO,EVT:SUCCESSFUL_RECOVERY,2
EVT:LOSS_OF_CONTROL_GROUND,CAUSES,EVT:WATER_IMPACT,4
EVT:LOSS_OF_CONTROL_GROUND,UNDER_CONDITION,ENT:person,1
EVT:LOSS_OF_CONTROL_GROUND,RESPONDS_TO,ENT:person,1
EVT:LOSS_OF_CONTROL_GROUND,CAUSES,EVT:TERRAIN_OR_OBSTACLE_PROXIMITY,13
EVT:LOSS_OF_CONTROL_GROUND,TRIGGERS,EVT:RESPONDS_TO,2
EVT:LOSS_OF_CONTROL_GROUND,CONCURRENT,EVT:PROCEDURE_NOT_FOLLOWED,2
EVT:LOSS_OF_CONTROL_GROUND,TRIGGERS,EVT:PROCEDURE_NOT_FOLLOWED,4
EVT:LOSS_OF_CONTROL_GROUND,RESPONDS_TO,EVT:PROCEDURE_NOT_FOLLOWED,17
EVT:LOSS_OF_CONTROL_GROUND,PRECEDES,EVT:CREW_COORDINATION_FAILURE,1
EVT:LOSS_OF_CONTROL_GROUND,RESPONDS_TO,EVT:CREW_COORDINATION_FAILURE,3
EVT:LOSS_OF_CONTROL_GROUND,CONTRIBUTES_TO,EVT:CREW_COORDINATION_FAILURE,1
EVT:LOSS_OF_CONTROL_GROUND,TRIGGERS,EVT:CREW_COORDINATION_FAILURE,4
EVT:LOSS_OF_CONTROL_GROUND,CAUSES,EVT:ALTITUDE_DEVIATION_UNCONTROLLED,2
EVT:LOSS_OF_CONTROL_GROUND,CAUSES,EVT:INFLIGHT_FIRE_OR_SMOKE,1
EVT:LOSS_OF_CONTROL_GROUND,CAUSES,EVT:INJURY_OR_FATALITY,8
EVT:LOSS_OF_CONTROL_GROUND,UNDER_CONDITION,COND:aircraft_characteristic,4
EVT:LOSS_OF_CONTROL_GROUND,CAUSES,EVT:RUNWAY_CONDITION_HAZARD,2
EVT:LOSS_OF_CONTROL_GROUND,CAUSES,EVT:WIND_SHEAR_OR_GUST,1
EVT:LOSS_OF_CONTROL_GROUND,CONCURRENT,EVT:WIND_SHEAR_OR_GUST,1
EVT:LOSS_OF_CONTROL_GROUND,ENABLES,EVT:WIND_SHEAR_OR_GUST,2
EVT:LOSS_OF_CONTROL_GROUND,UNDER_CONDITION,COND:human,2
EVT:LOSS_OF_CONTROL_GROUND,TRIGGERS,EVT:PERCEPTION_FAILURE,3
EVT:LOSS_OF_CONTROL_GROUND,CAUSES,EVT:PERCEPTION_FAILURE,1
EVT:LOSS_OF_CONTROL_GROUND,UNDER_CONDITION,COND:fatigue,1
EVT:LOSS_OF_CONTROL_GROUND,UNDER_CONDITION,COND:aircraft_state,1
EVT:LOSS_OF_CONTROL_GROUND,UNDER_CONDITION,COND:infrastructure,2
EVT:LOSS_OF_CONTROL_GROUND,ENABLES,COND:infrastructure,1
EVT:LOSS_OF_CONTROL_GROUND,UNDER_CONDITION,COND:aircraft_characteristics,1
EVT:LOSS_OF_CONTROL_GROUND,CAUSES,EVT:GROUND_LOOP,3
EVT:LOSS_OF_CONTROL_GROUND,UNDER_CONDITION,COND:other,1
EVT:LOSS_OF_CONTROL_GROUND,ENABLES,COND:location,1
EVT:LOSS_OF_CONTROL_GROUND,UNDER_CONDITION,COND:location,1
EVT:LOSS_OF_CONTROL_GROUND,CAUSES,EVT:CONTROL_SURFACE_ANOMALY,1
EVT:LOSS_OF_CONTROL_GROUND,CAUSES,EVT:GROUND_COLLISION,1
EVT:LOSS_OF_CONTROL_GROUND,UNDER_CONDITION,COND:operational,1
EVT:LOSS_OF_CONTROL_GROUND,AFFECTED_BY,ENT:aircraft,1
EVT:GROUND_IMPACT,CAUSES,EVT:GROUND_IMPACT,268
EVT:GROUND_IMPACT,CONCURRENT,EVT:GROUND_IMPACT,19
EVT:GROUND_IMPACT,CONTRIBUTES_TO,EVT:GROUND_IMPACT,7
EVT:GROUND_IMPACT,PRECEDES,EVT:GROUND_IMPACT,3
EVT:GROUND_IMPACT,TRIGGERS,EVT:GROUND_IMPACT,1
EVT:GROUND_IMPACT,CAUSES,EVT:RUNWAY_EXCURSION_OR_OVERRUN,36
EVT:GROUND_IMPACT,PRECEDES,EVT:RUNWAY_EXCURSION_OR_OVERRUN,3
EVT:GROUND_IMPACT,TRIGGERS,EVT:RUNWAY_EXCURSION_OR_OVERRUN,6
EVT:GROUND_IMPACT,CONCURRENT,EVT:RUNWAY_EXCURSION_OR_OVERRUN,1
EVT:GROUND_IMPACT,CAUSES,EVT:INFLIGHT_FIRE_OR_SMOKE,21
EVT:GROUND_IMPACT,TRIGGERS,EVT:INFLIGHT_FIRE_OR_SMOKE,1
EVT:GROUND_IMPACT,CAUSES,EVT:STRUCTURAL_OVERLOAD,132
EVT:GROUND_IMPACT,CONTRIBUTES_TO,EVT:STRUCTURAL_OVERLOAD,1
EVT:GROUND_IMPACT,CAUSES,EVT:LOSS_OF_CONTROL_GROUND,48
EVT:GROUND_IMPACT,TRIGGERS,EVT:LOSS_OF_CONTROL_GROUND,24
EVT:GROUND_IMPACT,CONTRIBUTES_TO,EVT:LOSS_OF_CONTROL_GROUND,1
EVT:GROUND_IMPACT,PRECEDES,EVT:LOSS_OF_CONTROL_GROUND,5
EVT:GROUND_IMPACT,CONCURRENT,EVT:LOSS_OF_CONTROL_GROUND,1
EVT:GROUND_IMPACT,CAUSES,EVT:INJURY_OR_FATALITY,132
EVT:GROUND_IMPACT,CONCURRENT,EVT:INJURY_OR_FATALITY,1
EVT:GROUND_IMPACT,TRIGGERS,EVT:CREW_COORDINATION_FAILURE,1
EVT:GROUND_IMPACT,UNDER_CONDITION,COND:environmental,121
EVT:GROUND_IMPACT,ENABLES,COND:environmental,1
EVT:GROUND_IMPACT,CAUSES,COND:environmental,3
EVT:GROUND_IMPACT,CONCURRENT,COND:environmental,1
EVT:GROUND_IMPACT,AFFECTS,COND:environmental,1
EVT:GROUND_IMPACT,CAUSES,EVT:AIRFRAME_STRUCTURAL_FAILURE,89
EVT:GROUND_IMPACT,CONCURRENT,EVT:AIRFRAME_STRUCTURAL_FAILURE,1
EVT:GROUND_IMPACT,UNDER_CONDITION,COND:terrain,42
EVT:GROUND_IMPACT,CAUSES,COND:terrain,2
EVT:GROUND_IMPACT,TRIGGERS,EVT:CONTROL_INPUT_IMPROPER,24
EVT:GROUND_IMPACT,PRECEDES,EVT:CONTROL_INPUT_IMPROPER,16
EVT:GROUND_IMPACT,UNDER_CONDITION,EVT:CONTROL_INPUT_IMPROPER,1
EVT:GROUND_IMPACT,RESPONDS_TO,EVT:CONTROL_INPUT_IMPROPER,8
EVT:GROUND_IMPACT,CAUSES,EVT:CONTROL_INPUT_IMPROPER,5
EVT:GROUND_IMPACT,CONTRIBUTES_TO,EVT:CONTROL_INPUT_IMPROPER,1
EVT:GROUND_IMPACT,CAUSES,EVT:LANDING_GEAR_ANOMALY,63
EVT:GROUND_IMPACT,TRIGGERS,EVT:LANDING_GEAR_ANOMALY,3
EVT:GROUND_IMPACT,CONCURRENT,EVT:LANDING_GEAR_ANOMALY,1
EVT:GROUND_IMPACT,CAUSES,ENT:aircraft,13
EVT:GROUND_IMPACT,AFFECTS,ENT:aircraft,5
EVT:GROUND_IMPACT,CAUSES,EVT:STRUCTURAL_DAMAGE,1
EVT:GROUND_IMPACT,TRIGGERS,EVT:DECISION_INAPPROPRIATE,5
EVT:GROUND_IMPACT,RESPONDS_TO,EVT:DECISION_INAPPROPRIATE,1
EVT:GROUND_IMPACT,CAUSES,EVT:DECISION_INAPPROPRIATE,2
EVT:GROUND_IMPACT,CAUSES,COND:mechanical,7
EVT:GROUND_IMPACT,PREVENTS,COND:mechanical,1
EVT:GROUND_IMPACT,INDUCED_CONDITION,COND:mechanical,2
EVT:GROUND_IMPACT,UNDER_CONDITION,COND:mechanical,1
EVT:GROUND_IMPACT,MASKED_BY_CONDITION,COND:mechanical,1
EVT:GROUND_IMPACT,UNDER_CONDITION,COND:location,7
EVT:GROUND_IMPACT,CAUSES,EVT:WATER_IMPACT,2
EVT:GROUND_IMPACT,CAUSES,EVT:INFLIGHT_BREAKUP,2
EVT:GROUND_IMPACT,CAUSES,EVT:PERCEPTION_FAILURE,1
EVT:GROUND_IMPACT,CONCURRENT,EVT:PERCEPTION_FAILURE,1
EVT:GROUND_IMPACT,CAUSES,EVT:EMERGENCY_LANDING,3
EVT:GROUND_IMPACT,CONCURRENT,EVT:EMERGENCY_LANDING,1
EVT:GROUND_IMPACT,TRIGGERS,EVT:EMERGENCY_LANDING,1
EVT:GROUND_IMPACT,TRIGGERS,EVT:GROUND_RESONANCE,2
EVT:GROUND_IMPACT,CAUSES,EVT:PROCEDURE_NOT_FOLLOWED,1
EVT:GROUND_IMPACT,RESPONDS_TO,EVT:PROCEDURE_NOT_FOLLOWED,2
EVT:GROUND_IMPACT,TRIGGERS,EVT:PROCEDURE_NOT_FOLLOWED,2
EVT:GROUND_IMPACT,CONCURRENT,EVT:PROCEDURE_NOT_FOLLOWED,1
EVT:GROUND_IMPACT,UNDER_CONDITION,COND:surface,6
EVT:GROUND_IMPACT,CAUSES,EVT:ENGINE_FAILURE,2
EVT:GROUND_IMPACT,CAUSES,EVT:LOSS_OF_CONTROL_INFLIGHT,4
EVT:GROUND_IMPACT,AFFECTS,ENT:object,1
EVT:GROUND_IMPACT,CAUSES,ENT:object,1
EVT:GROUND_IMPACT,CAUSES,EVT:FUEL_SYSTEM_ANOMALY,1
EVT:GROUND_IMPACT,TRIGGERS,EVT:RUNWAY_CONDITION_HAZARD,1
EVT:GROUND_IMPACT,INDUCED_CONDITION,COND:aerodynamic,1
EVT:GROUND_IMPACT,TRIGGERS,COND:aerodynamic,1
EVT:GROUND_IMPACT,TRIGGERS,EVT:WIND_SHEAR_OR_GUST,1
EVT:GROUND_IMPACT,PRECEDES,EVT:WIND_SHEAR_OR_GUST,1
EVT:GROUND_IMPACT,UNDER_CONDITION,COND:physical,2
EVT:GROUND_IMPACT,CAUSES,EVT:ALTITUDE_DEVIATION_UNCONTROLLED,1
EVT:GROUND_IMPACT,CAUSES,EVT:SUCCESSFUL_RECOVERY,2
EVT:GROUND_IMPACT,TRIGGERS,EVT:SUCCESSFUL_RECOVERY,1
EVT:GROUND_IMPACT,PRECEDES,EVT:SUCCESSFUL_RECOVERY,1
EVT:GROUND_IMPACT,UNDER_CONDITION,COND:weather,5
EVT:GROUND_IMPACT,UNDER_CONDITION,COND:infrastructure,1
EVT:GROUND_IMPACT,UNDER_CONDITION,COND:obstacle,2
EVT:GROUND_IMPACT,TRIGGERS,EVT:TURBULENCE_ENCOUNTER,1
EVT:GROUND_IMPACT,CAUSES,EVT:CONTROL_SURFACE_ANOMALY,1
EVT:GROUND_IMPACT,UNDER_CONDITION,COND:aircraft_configuration,1
COND:mechanical,UNDER_CONDITION,EVT:CONTROL_INPUT_IMPROPER,9
COND:mechanical,TRIGGERS,EVT:CONTROL_INPUT_IMPROPER,6
COND:mechanical,CAUSES,EVT:CONTROL_INPUT_IMPROPER,37
COND:mechanical,CONTRIBUTES_TO,EVT:CONTROL_INPUT_IMPROPER,30
COND:mechanical,INHIBITS,EVT:CONTROL_INPUT_IMPROPER,18
COND:mechanical,ENABLES,EVT:CONTROL_INPUT_IMPROPER,20
COND:mechanical,RESPONDS_TO,EVT:CONTROL_INPUT_IMPROPER,2
COND:mechanical,CAUSES,EVT:LOSS_OF_CONTROL_GROUND,121
COND:mechanical,ENABLES,EVT:LOSS_OF_CONTROL_GROUND,8
COND:mechanical,CONTRIBUTES_TO,EVT:LOSS_OF_CONTROL_GROUND,34
COND:mechanical,INHIBITS,EVT:LOSS_OF_CONTROL_GROUND,2
COND:mechanical,UNDER_CONDITION,EVT:LOSS_OF_CONTROL_GROUND,5
COND:mechanical,INDUCED_CONDITION,EVT:LOSS_OF_CONTROL_GROUND,1
COND:mechanical,CAUSES,EVT:LANDING_GEAR_ANOMALY,55
COND:mechanical,ENABLES,EVT:LANDING_GEAR_ANOMALY,1
COND:mechanical,UNDER_CONDITION,EVT:LANDING_GEAR_ANOMALY,8
COND:mechanical,CONTRIBUTES_TO,EVT:LANDING_GEAR_ANOMALY,5
COND:mechanical,INDUCED_CONDITION,EVT:LANDING_GEAR_ANOMALY,1
COND:mechanical,ENABLES,EVT:RUNWAY_EXCURSION_OR_OVERRUN,1
COND:mechanical,CAUSES,EVT:RUNWAY_EXCURSION_OR_OVERRUN,45
COND:mechanical,UNDER_CONDITION,EVT:RUNWAY_EXCURSION_OR_OVERRUN,5
COND:mechanical,CONTRIBUTES_TO,EVT:RUNWAY_EXCURSION_OR_OVERRUN,14
COND:mechanical,UNDER_CONDITION,ENT:aircraft,4
COND:mechanical,CAUSES,COND:mechanical,46
COND:mechanical,CONTRIBUTES_TO,COND:mechanical,3
COND:mechanical,ENABLES,COND:mechanical,2
COND:mechanical,CAUSES,EVT:CONTROL_SURFACE_ANOMALY,38
COND:mechanical,UNDER_CONDITION,EVT:CONTROL_SURFACE_ANOMALY,6
COND:mechanical,ENABLES,EVT:CONTROL_SURFACE_ANOMALY,3
COND:mechanical,CONTRIBUTES_TO,EVT:CONTROL_SURFACE_ANOMALY,3
COND:mechanical,CAUSES,EVT:BRAKE_FAILURE,10
COND:mechanical,UNDER_CONDITION,EVT:PROCEDURE_NOT_FOLLOWED,1
COND:mechanical,CAUSES,EVT:PROCEDURE_NOT_FOLLOWED,5
COND:mechanical,TRIGGERS,EVT:PROCEDURE_NOT_FOLLOWED,1
COND:mechanical,INHIBITS,EVT:PROCEDURE_NOT_FOLLOWED,1
COND:mechanical,ENABLES,EVT:PROCEDURE_NOT_FOLLOWED,1
COND:mechanical,CAUSES,EVT:ENGINE_FAILURE,12
COND:mechanical,UNDER_CONDITION,EVT:ENGINE_FAILURE,3
COND:mechanical,CAUSES,COND:environmental,1
COND:mechanical,CONCURRENT,COND:environmental,1
COND:mechanical,UNDER_CONDITION,COND:environmental,1
COND:mechanical,CAUSES,EVT:DECISION_INAPPROPRIATE,9
COND:mechanical,UNDER_CONDITION,EVT:DECISION_INAPPROPRIATE,2
COND:mechanical,ENABLES,EVT:DECISION_INAPPROPRIATE,3
COND:mechanical,CONTRIBUTES_TO,EVT:DECISION_INAPPROPRIATE,1
COND:mechanical,CAUSES,EVT:BRAKE_ANOMALY,3
COND:mechanical,UNDER_CONDITION,EVT:RUNWAY_CONDITION_HAZARD,2
COND:mechanical,CAUSES,EVT:RUNWAY_CONDITION_HAZARD,3
COND:mechanical,CONTRIBUTES_TO,EVT:RUNWAY_CONDITION_HAZARD,1
COND:mechanical,CAUSES,EVT:GROUND_INCIDENT,3
COND:mechanical,CAUSES,EVT:LOSS_OF_CONTROL_INFLIGHT,10
COND:mechanical,CAUSES,EVT:AIRFRAME_STRUCTURAL_FAILURE,4
COND:mechanical,ENABLES,EVT:AIRFRAME_STRUCTURAL_FAILURE,2
COND:mechanical,CONTRIBUTES_TO,EVT:AIRFRAME_STRUCTURAL_FAILURE,2
COND:mechanical,UNDER_CONDITION,EVT:AIRFRAME_STRUCTURAL_FAILURE,1
COND:mechanical,ENABLES,EVT:PERCEPTION_FAILURE,1
COND:mechanical,UNDER_CONDITION,EVT:PERCEPTION_FAILURE,1
COND:mechanical,CAUSES,EVT:PERCEPTION_FAILURE,1
COND:mechanical,MASKED_BY_CONDITION,EVT:PERCEPTION_FAILURE,1
COND:mechanical,CONTRIBUTES_TO,EVT:PERCEPTION_FAILURE,2
COND:mechanical,TRIGGERS,EVT:PERCEPTION_FAILURE,1
COND:mechanical,CAUSES,EVT:FUEL_SYSTEM_ANOMALY,1
COND:mechanical,ENABLES,EVT:GROUND_RESONANCE,2
COND:mechanical,UNDER_CONDITION,EVT:GROUND_RESONANCE,1
COND:mechanical,CONTRIBUTES_TO,EVT:GROUND_RESONANCE,1
COND:mechanical,CAUSES,COND:operational,1
COND:mechanical,CAUSES,COND:information,1
COND:mechanical,CONTRIBUTES_TO,EVT:WIND_SHEAR_OR_GUST,1
COND:mechanical,CAUSES,EVT:BRAKE_SYSTEM_FAILURE,1
COND:mechanical,UNDER_CONDITION,EVT:BRAKE_SYSTEM_FAILURE,1
COND:mechanical,CAUSES,EVT:INSTRUMENT_OR_AVIONICS_FAILURE,1
COND:mechanical,UNDER_CONDITION,EVT:INSTRUMENT_OR_AVIONICS_FAILURE,1
COND:mechanical,CONTRIBUTES_TO,EVT:GROUND_IMPACT,1
COND:mechanical,CAUSES,EVT:GROUND_IMPACT,6
COND:mechanical,UNDER_CONDITION,EVT:GROUND_IMPACT,1
COND:mechanical,CAUSES,EVT:GROUND_PERSONNEL_ERROR,2
COND:mechanical,CONTRIBUTES_TO,EVT:GROUND_PERSONNEL_ERROR,1
COND:mechanical,CAUSES,COND:latent_defect,1
COND:mechanical,CAUSES,COND:ergonomic,1
COND:mechanical,CAUSES,EVT:STALL,1
COND:mechanical,CAUSES,COND:human,1
COND:mechanical,CAUSES,EVT:TURBULENCE_ENCOUNTER,1
COND:mechanical,CAUSES,EVT:ALTITUDE_DEVIATION_UNCONTROLLED,1
COND:mechanical,ENABLES,COND:aerodynamic,1
COND:mechanical,CONTRIBUTES_TO,EVT:STRUCTURAL_OVERLOAD,1
COND:mechanical,CAUSES,EVT:INFLIGHT_FIRE_OR_SMOKE,2
COND:mechanical,MASKED_BY_CONDITION,COND:instrument,1
COND:mechanical,UNDER_CONDITION,ENT:component,1
COND:human,CONTRIBUTES_TO,EVT:LOSS_OF_CONTROL_GROUND,5
COND:human,CAUSES,EVT:LOSS_OF_CONTROL_GROUND,2
COND:human,CONTRIBUTES_TO,EVT:CONTROL_INPUT_IMPROPER,18
COND:human,CAUSES,EVT:CONTROL_INPUT_IMPROPER,3
COND:human,CONTRIBUTES_TO,EVT:RUNWAY_EXCURSION_OR_OVERRUN,2
COND:human,UNDER_CONDITION,EVT:DECISION_INAPPROPRIATE,1
COND:human,CAUSES,EVT:DECISION_INAPPROPRIATE,1
COND:human,UNDER_CONDITION,ENT:person,1
COND:human,UNDER_CONDITION,EVT:PERCEPTION_FAILURE,1
COND:human,CONTRIBUTES_TO,EVT:PERCEPTION_FAILURE,2
COND:human,CONTRIBUTES_TO,EVT:PROCEDURE_NOT_FOLLOWED,1
EVT:RUNWAY_EXCURSION_OR_OVERRUN,CAUSES,EVT:GROUND_IMPACT,1083
EVT:RUNWAY_EXCURSION_OR_OVERRUN,CONTRIBUTES_TO,EVT:GROUND_IMPACT,6
EVT:RUNWAY_EXCURSION_OR_OVERRUN,CO_OCCURS,EVT:GROUND_IMPACT,1
EVT:RUNWAY_EXCURSION_OR_OVERRUN,CONCURRENT,EVT:GROUND_IMPACT,6
EVT:RUNWAY_EXCURSION_OR_OVERRUN,CAUSES,EVT:RUNWAY_EXCURSION_OR_OVERRUN,105
EVT:RUNWAY_EXCURSION_OR_OVERRUN,CONCURRENT,EVT:RUNWAY_EXCURSION_OR_OVERRUN,4
EVT:RUNWAY_EXCURSION_OR_OVERRUN,CO_OCCURS,EVT:RUNWAY_EXCURSION_OR_OVERRUN,1
EVT:RUNWAY_EXCURSION_OR_OVERRUN,CONTRIBUTES_TO,EVT:RUNWAY_EXCURSION_OR_OVERRUN,2
EVT:RUNWAY_EXCURSION_OR_OVERRUN,CAUSES,EVT:LANDING_GEAR_ANOMALY,89
EVT:RUNWAY_EXCURSION_OR_OVERRUN,TRIGGERS,EVT:LANDING_GEAR_ANOMALY,1
EVT:RUNWAY_EXCURSION_OR_OVERRUN,PRECEDES,EVT:LANDING_GEAR_ANOMALY,1
EVT:RUNWAY_EXCURSION_OR_OVERRUN,TRIGGERS,EVT:CONTROL_INPUT_IMPROPER,74
EVT:RUNWAY_EXCURSION_OR_OVERRUN,RESPONDS_TO,EVT:CONTROL_INPUT_IMPROPER,82
EVT:RUNWAY_EXCURSION_OR_OVERRUN,CAUSES,EVT:CONTROL_INPUT_IMPROPER,27
EVT:RUNWAY_EXCURSION_OR_OVERRUN,PRECEDES,EVT:CONTROL_INPUT_IMPROPER,21
EVT:RUNWAY_EXCURSION_OR_OVERRUN,CONTRIBUTES_TO,EVT:CONTROL_INPUT_IMPROPER,2
EVT:RUNWAY_EXCURSION_OR_OVERRUN,IF_THEN,EVT:CONTROL_INPUT_IMPROPER,6
EVT:RUNWAY_EXCURSION_OR_OVERRUN,CONCURRENT,EVT:CONTROL_INPUT_IMPROPER,10
EVT:RUNWAY_EXCURSION_OR_OVERRUN,CONTEXT,EVT:CONTROL_INPUT_IMPROPER,1
EVT:RUNWAY_EXCURSION_OR_OVERRUN,UNDER_CONDITION,COND:weather,86
EVT:RUNWAY_EXCURSION_OR_OVERRUN,INDUCED_CONDITION,COND:weather,1
EVT:RUNWAY_EXCURSION_OR_OVERRUN,CAUSES,EVT:LOSS_OF_CONTROL_GROUND,142
EVT:RUNWAY_EXCURSION_OR_OVERRUN,CONTRIBUTES_TO,EVT:LOSS_OF_CONTROL_GROUND,4
EVT:RUNWAY_EXCURSION_OR_OVERRUN,IF_THEN,EVT:LOSS_OF_CONTROL_GROUND,3
EVT:RUNWAY_EXCURSION_OR_OVERRUN,CONCURRENT,EVT:LOSS_OF_CONTROL_GROUND,8
EVT:RUNWAY_EXCURSION_OR_OVERRUN,TRIGGERS,EVT:LOSS_OF_CONTROL_GROUND,17
EVT:RUNWAY_EXCURSION_OR_OVERRUN,PRECEDES,EVT:LOSS_OF_CONTROL_GROUND,11
EVT:RUNWAY_EXCURSION_OR_OVERRUN,CONTAINS,EVT:LOSS_OF_CONTROL_GROUND,2
EVT:RUNWAY_EXCURSION_OR_OVERRUN,CAUSES,EVT:AIRFRAME_STRUCTURAL_FAILURE,34
EVT:RUNWAY_EXCURSION_OR_OVERRUN,CONTRIBUTES_TO,EVT:AIRFRAME_STRUCTURAL_FAILURE,1
EVT:RUNWAY_EXCURSION_OR_OVERRUN,CAUSES,EVT:STRUCTURAL_OVERLOAD,56
EVT:RUNWAY_EXCURSION_OR_OVERRUN,CONTRIBUTES_TO,EVT:STRUCTURAL_OVERLOAD,1
EVT:RUNWAY_EXCURSION_OR_OVERRUN,UNDER_CONDITION,COND:aircraft_configuration,2
EVT:RUNWAY_EXCURSION_OR_OVERRUN,TRIGGERS,EVT:DECISION_INAPPROPRIATE,26
EVT:RUNWAY_EXCURSION_OR_OVERRUN,CAUSES,EVT:DECISION_INAPPROPRIATE,2
EVT:RUNWAY_EXCURSION_OR_OVERRUN,RESPONDS_TO,EVT:DECISION_INAPPROPRIATE,12
EVT:RUNWAY_EXCURSION_OR_OVERRUN,PRECEDES,EVT:DECISION_INAPPROPRIATE,1
EVT:RUNWAY_EXCURSION_OR_OVERRUN,UNDER_CONDITION,COND:environmental,198
EVT:RUNWAY_EXCURSION_OR_OVERRUN,ENABLES,COND:environmental,5
EVT:RUNWAY_EXCURSION_OR_OVERRUN,CONTRIBUTES_TO,COND:environmental,1
EVT:RUNWAY_EXCURSION_OR_OVERRUN,CAUSES,COND:environmental,3
EVT:RUNWAY_EXCURSION_OR_OVERRUN,INDUCED_CONDITION,COND:environmental,1
EVT:RUNWAY_EXCURSION_OR_OVERRUN,UNDER_CONDITION,COND:mechanical,20
EVT:RUNWAY_EXCURSION_OR_OVERRUN,INDUCED_CONDITION,COND:mechanical,3
EVT:RUNWAY_EXCURSION_OR_OVERRUN,TRIGGERS,EVT:PROCEDURE_NOT_FOLLOWED,12
EVT:RUNWAY_EXCURSION_OR_OVERRUN,CAUSES,EVT:PROCEDURE_NOT_FOLLOWED,1
EVT:RUNWAY_EXCURSION_OR_OVERRUN,RESPONDS_TO,EVT:PROCEDURE_NOT_FOLLOWED,4
EVT:RUNWAY_EXCURSION_OR_OVERRUN,CAUSES,EVT:STALL,1
EVT:RUNWAY_EXCURSION_OR_OVERRUN,UNDER_CONDITION,COND:terrain,41
EVT:RUNWAY_EXCURSION_OR_OVERRUN,CONCURRENT,COND:terrain,1
EVT:RUNWAY_EXCURSION_OR_OVERRUN,ENABLES,COND:terrain,1
EVT:RUNWAY_EXCURSION_OR_OVERRUN,CAUSES,COND:terrain,1
EVT:RUNWAY_EXCURSION_OR_OVERRUN,UNDER_CONDITION,ENT:location,3
EVT:RUNWAY_EXCURSION_OR_OVERRUN,CONCURRENT,ENT:location,1
EVT:RUNWAY_EXCURSION_OR_OVERRUN,CAUSES,EVT:TERRAIN_OR_OBSTACLE_PROXIMITY,18
EVT:RUNWAY_EXCURSION_OR_OVERRUN,INDUCED_CONDITION,COND:structural,1
EVT:RUNWAY_EXCURSION_OR_OVERRUN,INDUCED_CONDITION,COND:aerodynamic,5
EVT:RUNWAY_EXCURSION_OR_OVERRUN,UNDER_CONDITION,COND:aerodynamic,1
EVT:RUNWAY_EXCURSION_OR_OVERRUN,TRIGGERS,EVT:WIND_SHEAR_OR_GUST,1
EVT:RUNWAY_EXCURSION_OR_OVERRUN,CONCURRENT,EVT:WIND_SHEAR_OR_GUST,6
EVT:RUNWAY_EXCURSION_OR_OVERRUN,ENABLES,EVT:WIND_SHEAR_OR_GUST,1
EVT:RUNWAY_EXCURSION_OR_OVERRUN,UNDER_CONDITION,EVT:WIND_SHEAR_OR_GUST,2
EVT:RUNWAY_EXCURSION_OR_OVERRUN,PRECEDES,EVT:WIND_SHEAR_OR_GUST,1
EVT:RUNWAY_EXCURSION_OR_OVERRUN,UNDER_CONDITION,COND:surface,22
EVT:RUNWAY_EXCURSION_OR_OVERRUN,ENABLES,COND:surface,1
EVT:RUNWAY_EXCURSION_OR_OVERRUN,TRIGGERS,EVT:LOSS_OF_CONTROL_INFLIGHT,1
EVT:RUNWAY_EXCURSION_OR_OVERRUN,CAUSES,EVT:LOSS_OF_CONTROL_INFLIGHT,5
EVT:RUNWAY_EXCURSION_OR_OVERRUN,CAUSES,EVT:RUNWAY_CONDITION_HAZARD,7
EVT:RUNWAY_EXCURSION_OR_OVERRUN,UNDER_CONDITION,EVT:RUNWAY_CONDITION_HAZARD,1
EVT:RUNWAY_EXCURSION_OR_OVERRUN,INDUCED_CONDITION,COND:physical,1
EVT:RUNWAY_EXCURSION_OR_OVERRUN,CAUSES,EVT:GROUND_COLLISION,3
EVT:RUNWAY_EXCURSION_OR_OVERRUN,PRECEDES,EVT:GROUND_COLLISION,1
EVT:RUNWAY_EXCURSION_OR_OVERRUN,UNDER_CONDITION,COND:terrain_surface,1
EVT:RUNWAY_EXCURSION_OR_OVERRUN,CAUSES,EVT:INJURY_OR_FATALITY,5
EVT:RUNWAY_EXCURSION_OR_OVERRUN,UNDER_CONDITION,COND:infrastructure,6
EVT:RUNWAY_EXCURSION_OR_OVERRUN,ENABLES,COND:infrastructure,1
EVT:RUNWAY_EXCURSION_OR_OVERRUN,UNDER_CONDITION,COND:location,4
EVT:RUNWAY_EXCURSION_OR_OVERRUN,UNDER_CONDITION,COND:environmental_hazard,3
EVT:RUNWAY_EXCURSION_OR_OVERRUN,TRIGGERS,EVT:GROUND_PERSONNEL_ERROR,1
EVT:RUNWAY_EXCURSION_OR_OVERRUN,AFFECTED_BY,ENT:aircraft,1
EVT:RUNWAY_EXCURSION_OR_OVERRUN,CAUSES,ENT:aircraft,2
EVT:RUNWAY_EXCURSION_OR_OVERRUN,AFFECTS,ENT:aircraft,1
EVT:RUNWAY_EXCURSION_OR_OVERRUN,MASKED_BY_CONDITION,COND:visual,1
EVT:RUNWAY_EXCURSION_OR_OVERRUN,CAUSES,EVT:WATER_IMPACT,1
EVT:RUNWAY_EXCURSION_OR_OVERRUN,CAUSES,EVT:MIDAIR_COLLISION,1
EVT:RUNWAY_EXCURSION_OR_OVERRUN,UNDER_CONDITION,COND:runway_condition_hazard,1
EVT:RUNWAY_EXCURSION_OR_OVERRUN,TRIGGERS,EVT:PERCEPTION_FAILURE,1
EVT:RUNWAY_EXCURSION_OR_OVERRUN,PRECEDES,EVT:PERCEPTION_FAILURE,1
EVT:RUNWAY_EXCURSION_OR_OVERRUN,CONTRIBUTES_TO,EVT:INFLIGHT_FIRE_OR_SMOKE,1
EVT:RUNWAY_EXCURSION_OR_OVERRUN,TRIGGERS,EVT:GROUND_RESONANCE,1
EVT:RUNWAY_EXCURSION_OR_OVERRUN,CAUSES,EVT:CONTROL_SURFACE_ANOMALY,1
COND:weather,CAUSES,COND:aerodynamic,5
COND:weather,CONTRIBUTES_TO,EVT:CONTROL_INPUT_IMPROPER,127
COND:weather,UNDER_CONDITION,EVT:CONTROL_INPUT_IMPROPER,156
COND:weather,CAUSES,EVT:CONTROL_INPUT_IMPROPER,86
COND:weather,TRIGGERS,EVT:CONTROL_INPUT_IMPROPER,2
COND:weather,ENABLES,EVT:CONTROL_INPUT_IMPROPER,1
COND:weather,CONCURRENT,EVT:CONTROL_INPUT_IMPROPER,1
COND:weather,CONTRIBUTES_TO,EVT:RUNWAY_EXCURSION_OR_OVERRUN,55
COND:weather,CAUSES,EVT:RUNWAY_EXCURSION_OR_OVERRUN,32
COND:weather,UNDER_CONDITION,EVT:RUNWAY_EXCURSION_OR_OVERRUN,52
COND:weather,ENABLES,EVT:RUNWAY_EXCURSION_OR_OVERRUN,1
COND:weather,CAUSES,EVT:WIND_SHEAR_OR_GUST,122
COND:weather,UNDER_CONDITION,EVT:WIND_SHEAR_OR_GUST,211
COND:weather,ENABLES,EVT:WIND_SHEAR_OR_GUST,6
COND:weather,CAUSES,EVT:LOSS_OF_CONTROL_GROUND,107
COND:weather,CONTRIBUTES_TO,EVT:LOSS_OF_CONTROL_GROUND,112
COND:weather,UNDER_CONDITION,EVT:LOSS_OF_CONTROL_GROUND,18
COND:weather,ENABLES,EVT:LOSS_OF_CONTROL_GROUND,4
COND:weather,UNDER_CONDITION,EVT:RUNWAY_CONDITION_HAZARD,81
COND:weather,CAUSES,EVT:RUNWAY_CONDITION_HAZARD,12
COND:weather,ENABLES,EVT:RUNWAY_CONDITION_HAZARD,1
COND:weather,ENABLES,EVT:DECISION_INAPPROPRIATE,3
COND:weather,CAUSES,EVT:DECISION_INAPPROPRIATE,13
COND:weather,UNDER_CONDITION,EVT:DECISION_INAPPROPRIATE,24
COND:weather,INHIBITS,EVT:DECISION_INAPPROPRIATE,1
COND:weather,CONTRIBUTES_TO,EVT:DECISION_INAPPROPRIATE,2
COND:weather,CAUSES,EVT:PERCEPTION_FAILURE,3
COND:weather,UNDER_CONDITION,EVT:PERCEPTION_FAILURE,5
COND:weather,MASKED_BY_CONDITION,EVT:PERCEPTION_FAILURE,2
COND:weather,CONTRIBUTES_TO,EVT:PERCEPTION_FAILURE,1
COND:weather,CAUSES,COND:runway,1
COND:weather,UNDER_CONDITION,EVT:PROCEDURE_NOT_FOLLOWED,17
COND:weather,CAUSES,EVT:PROCEDURE_NOT_FOLLOWED,2
COND:weather,CAUSES,EVT:LOSS_OF_CONTROL_INFLIGHT,5
COND:weather,CONTRIBUTES_TO,EVT:LOSS_OF_CONTROL_INFLIGHT,4
COND:weather,UNDER_CONDITION,EVT:LOSS_OF_CONTROL_INFLIGHT,1
COND:weather,CAUSES,COND:environmental,16
COND:weather,CONCURRENT,COND:environmental,2
COND:weather,CONTRIBUTES_TO,COND:environmental,1
COND:weather,CAUSES,COND:mechanical,4
COND:weather,ENABLES,COND:mechanical,1
COND:weather,CONCURRENT,COND:mechanical,1
COND:weather,CAUSES,COND:weather,8
COND:weather,CONTRIBUTES_TO,COND:weather,1
COND:weather,CONCURRENT,COND:weather,1
COND:weather,CONTRIBUTES_TO,EVT:GROUND_IMPACT,3
COND:weather,UNDER_CONDITION,EVT:GROUND_IMPACT,3
COND:weather,CAUSES,EVT:GROUND_IMPACT,2
COND:weather,UNDER_CONDITION,EVT:TURBULENCE_ENCOUNTER,9
COND:weather,CAUSES,EVT:TURBULENCE_ENCOUNTER,7
COND:weather,UNDER_CONDITION,EVT:LOW_VISIBILITY_OR_IMC,3
COND:weather,CAUSES,COND:latent_defect,1
COND:weather,CONTRIBUTES_TO,EVT:ALTITUDE_DEVIATION_UNCONTROLLED,2
COND:weather,CAUSES,COND:cognitive,1
COND:weather,UNDER_CONDITION,EVT:ICING_ENCOUNTER,2
COND:weather,MASKED_BY_CONDITION,COND:information,3
COND:weather,UNDER_CONDITION,EVT:LANDING,1
COND:weather,CONTRIBUTES_TO,EVT:LANDING_GEAR_ANOMALY,1
COND:weather,CAUSES,EVT:CONTROL_SURFACE_ANOMALY,1
COND:weather,CONTRIBUTES_TO,EVT:BRAKE_FAILURE,1
COND:weather,CAUSES,EVT:STALL,2
COND:weather,CAUSES,EVT:TERRAIN_OR_OBSTACLE_PROXIMITY,1
COND:weather,CAUSES,COND:operational_limit,2
COND:weather,UNDER_CONDITION,EVT:GROUND_TAKEOFF,1
COND:weather,CAUSES,COND:spatial,1
COND:weather,MASKED_BY_CONDITION,COND:terrain,1
COND:weather,IF_THEN,COND:human,1
COND:aerodynamic,CAUSES,EVT:LOSS_OF_CONTROL_GROUND,16
COND:aerodynamic,CONTRIBUTES_TO,EVT:LOSS_OF_CONTROL_GROUND,2
COND:aerodynamic,ENABLES,EVT:LOSS_OF_CONTROL_GROUND,2
COND:aerodynamic,UNDER_CONDITION,EVT:LOSS_OF_CONTROL_GROUND,1
COND:aerodynamic,CAUSES,EVT:CONTROL_INPUT_IMPROPER,4
COND:aerodynamic,CONTRIBUTES_TO,EVT:CONTROL_INPUT_IMPROPER,7
COND:aerodynamic,TRIGGERS,EVT:CONTROL_INPUT_IMPROPER,5
COND:aerodynamic,ENABLES,EVT:CONTROL_INPUT_IMPROPER,2
COND:aerodynamic,INHIBITS,EVT:CONTROL_INPUT_IMPROPER,1
COND:aerodynamic,UNDER_CONDITION,EVT:CONTROL_INPUT_IMPROPER,4
COND:aerodynamic,CAUSES,EVT:ALTITUDE_DEVIATION_UNCONTROLLED,1
COND:aerodynamic,ENABLES,EVT:STALL,1
COND:aerodynamic,CAUSES,EVT:STALL,4
COND:aerodynamic,CONTRIBUTES_TO,EVT:STALL,1
COND:aerodynamic,CAUSES,EVT:RUNWAY_EXCURSION_OR_OVERRUN,6
COND:aerodynamic,UNDER_CONDITION,EVT:RUNWAY_EXCURSION_OR_OVERRUN,1
COND:aerodynamic,CONTRIBUTES_TO,EVT:RUNWAY_EXCURSION_OR_OVERRUN,2
COND:aerodynamic,CAUSES,EVT:LOSS_OF_CONTROL_INFLIGHT,3
COND:aerodynamic,CAUSES,EVT:GROUND_IMPACT,2
COND:aerodynamic,CONTRIBUTES_TO,EVT:GROUND_IMPACT,1
COND:aerodynamic,CAUSES,EVT:PROCEDURE_NOT_FOLLOWED,1
COND:aerodynamic,TRIGGERS,EVT:DECISION_INAPPROPRIATE,1
COND:aerodynamic,CAUSES,EVT:DECISION_INAPPROPRIATE,2
COND:aerodynamic,CONCURRENT,COND:aerodynamic,1
COND:aerodynamic,CAUSES,COND:aerodynamic,1
COND:aerodynamic,CAUSES,EVT:STRUCTURAL_OVERLOAD,1
COND:aerodynamic,CONTRIBUTES_TO,COND:configuration,1
EVT:PROCEDURE_NOT_FOLLOWED,TRIGGERS,COND:aerodynamic,1
EVT:PROCEDURE_NOT_FOLLOWED,CAUSES,COND:aerodynamic,6
EVT:PROCEDURE_NOT_FOLLOWED,INDUCED_CONDITION,COND:aerodynamic,3
EVT:PROCEDURE_NOT_FOLLOWED,CONTRIBUTES_TO,COND:aerodynamic,2
EVT:PROCEDURE_NOT_FOLLOWED,CAUSES,EVT:GROUND_IMPACT,22
EVT:PROCEDURE_NOT_FOLLOWED,CONTRIBUTES_TO,EVT:GROUND_IMPACT,7
EVT:PROCEDURE_NOT_FOLLOWED,PREVENTS,EVT:GROUND_IMPACT,1
EVT:PROCEDURE_NOT_FOLLOWED,PRECEDES,EVT:GROUND_IMPACT,1
EVT:PROCEDURE_NOT_FOLLOWED,UNDER_CONDITION,COND:environmental,12
EVT:PROCEDURE_NOT_FOLLOWED,CONCURRENT,COND:environmental,1
EVT:PROCEDURE_NOT_FOLLOWED,CAUSES,COND:environmental,1
EVT:PROCEDURE_NOT_FOLLOWED,INDUCED_CONDITION,COND:environmental,1
EVT:PROCEDURE_NOT_FOLLOWED,CONCURRENT,EVT:CONTROL_INPUT_IMPROPER,6
EVT:PROCEDURE_NOT_FOLLOWED,CONTRIBUTES_TO,EVT:CONTROL_INPUT_IMPROPER,30
EVT:PROCEDURE_NOT_FOLLOWED,CAUSES,EVT:CONTROL_INPUT_IMPROPER,33
EVT:PROCEDURE_NOT_FOLLOWED,PRECEDES,EVT:CONTROL_INPUT_IMPROPER,4
EVT:PROCEDURE_NOT_FOLLOWED,ENABLES,EVT:CONTROL_INPUT_IMPROPER,2
EVT:PROCEDURE_NOT_FOLLOWED,TRIGGERS,EVT:CONTROL_INPUT_IMPROPER,4
EVT:PROCEDURE_NOT_FOLLOWED,CAUSES,EVT:LOSS_OF_CONTROL_GROUND,59
EVT:PROCEDURE_NOT_FOLLOWED,CONTRIBUTES_TO,EVT:LOSS_OF_CONTROL_GROUND,28
EVT:PROCEDURE_NOT_FOLLOWED,TRIGGERS,EVT:LOSS_OF_CONTROL_GROUND,2
EVT:PROCEDURE_NOT_FOLLOWED,CONTRIBUTES_TO,EVT:RUNWAY_EXCURSION_OR_OVERRUN,9
EVT:PROCEDURE_NOT_FOLLOWED,CAUSES,EVT:RUNWAY_EXCURSION_OR_OVERRUN,25
EVT:PROCEDURE_NOT_FOLLOWED,PRECEDES,EVT:RUNWAY_EXCURSION_OR_OVERRUN,1
EVT:PROCEDURE_NOT_FOLLOWED,RESPONDS_TO,EVT:RUNWAY_EXCURSION_OR_OVERRUN,1
EVT:PROCEDURE_NOT_FOLLOWED,PREVENTS,EVT:RUNWAY_EXCURSION_OR_OVERRUN,1
EVT:PROCEDURE_NOT_FOLLOWED,UNDER_CONDITION,COND:weather,19
EVT:PROCEDURE_NOT_FOLLOWED,TRIGGERS,EVT:CONTROL_SURFACE_ANOMALY,4
EVT:PROCEDURE_NOT_FOLLOWED,CAUSES,EVT:CONTROL_SURFACE_ANOMALY,2
EVT:PROCEDURE_NOT_FOLLOWED,CONTRIBUTES_TO,EVT:CONTROL_SURFACE_ANOMALY,1
EVT:PROCEDURE_NOT_FOLLOWED,UNDER_CONDITION,COND:mechanical,6
EVT:PROCEDURE_NOT_FOLLOWED,CAUSES,COND:mechanical,30
EVT:PROCEDURE_NOT_FOLLOWED,INDUCED_CONDITION,COND:mechanical,24
EVT:PROCEDURE_NOT_FOLLOWED,ENABLES,COND:mechanical,4
EVT:PROCEDURE_NOT_FOLLOWED,RESPONDS_TO,COND:mechanical,2
EVT:PROCEDURE_NOT_FOLLOWED,MASKED_BY_CONDITION,COND:mechanical,1
EVT:PROCEDURE_NOT_FOLLOWED,TRIGGERS,COND:mechanical,1
EVT:PROCEDURE_NOT_FOLLOWED,CAUSES,EVT:FUEL_SYSTEM_ANOMALY,1
EVT:PROCEDURE_NOT_FOLLOWED,CONTRIBUTES_TO,EVT:PROCEDURE_NOT_FOLLOWED,1
EVT:PROCEDURE_NOT_FOLLOWED,CONCURRENT,EVT:PROCEDURE_NOT_FOLLOWED,3
EVT:PROCEDURE_NOT_FOLLOWED,TRIGGERS,EVT:PROCEDURE_NOT_FOLLOWED,3
EVT:PROCEDURE_NOT_FOLLOWED,PRECEDES,EVT:PROCEDURE_NOT_FOLLOWED,2
EVT:PROCEDURE_NOT_FOLLOWED,CAUSES,EVT:PROCEDURE_NOT_FOLLOWED,2
EVT:PROCEDURE_NOT_FOLLOWED,CONTRIBUTES_TO,EVT:LOSS_OF_CONTROL_INFLIGHT,3
EVT:PROCEDURE_NOT_FOLLOWED,CAUSES,EVT:LOSS_OF_CONTROL_INFLIGHT,10
EVT:PROCEDURE_NOT_FOLLOWED,MITIGATES,EVT:LOSS_OF_CONTROL_INFLIGHT,1
EVT:PROCEDURE_NOT_FOLLOWED,CAUSES,EVT:TERRAIN_OR_OBSTACLE_PROXIMITY,3
EVT:PROCEDURE_NOT_FOLLOWED,UNDER_CONDITION,COND:terrain,2
EVT:PROCEDURE_NOT_FOLLOWED,CAUSES,EVT:RUNWAY_CONDITION_HAZARD,2
EVT:PROCEDURE_NOT_FOLLOWED,CAUSES,COND:other,2
EVT:PROCEDURE_NOT_FOLLOWED,INDUCED_CONDITION,COND:other,1
EVT:PROCEDURE_NOT_FOLLOWED,CONTRIBUTES_TO,COND:resource,1
EVT:PROCEDURE_NOT_FOLLOWED,CONCURRENT,EVT:WIND_SHEAR_OR_GUST,1
EVT:PROCEDURE_NOT_FOLLOWED,CONTRIBUTES_TO,EVT:WIND_SHEAR_OR_GUST,2
EVT:PROCEDURE_NOT_FOLLOWED,CAUSES,COND:latent_defect,1
EVT:PROCEDURE_NOT_FOLLOWED,UNDER_CONDITION,COND:organizational,1
EVT:PROCEDURE_NOT_FOLLOWED,INDUCED_CONDITION,COND:organizational,1
EVT:PROCEDURE_NOT_FOLLOWED,CAUSES,COND:organizational,2
EVT:PROCEDURE_NOT_FOLLOWED,CONTRIBUTES_TO,EVT:DECISION_INAPPROPRIATE,3
EVT:PROCEDURE_NOT_FOLLOWED,TRIGGERS,EVT:DECISION_INAPPROPRIATE,2
EVT:PROCEDURE_NOT_FOLLOWED,CAUSES,EVT:DECISION_INAPPROPRIATE,5
EVT:PROCEDURE_NOT_FOLLOWED,PRECEDES,EVT:DECISION_INAPPROPRIATE,2
EVT:PROCEDURE_NOT_FOLLOWED,CONCURRENT,EVT:DECISION_INAPPROPRIATE,1
EVT:PROCEDURE_NOT_FOLLOWED,CAUSES,EVT:STALL,6
EVT:PROCEDURE_NOT_FOLLOWED,RESPONDS_TO,ENT:person,1
EVT:PROCEDURE_NOT_FOLLOWED,UNDER_CONDITION,ENT:person,1
EVT:PROCEDURE_NOT_FOLLOWED,RESPONDS_TO,EVT:PERCEPTION_FAILURE,1
EVT:PROCEDURE_NOT_FOLLOWED,CONCURRENT,EVT:PERCEPTION_FAILURE,1
EVT:PROCEDURE_NOT_FOLLOWED,TRIGGERS,EVT:PERCEPTION_FAILURE,1
EVT:PROCEDURE_NOT_FOLLOWED,CAUSES,EVT:PERCEPTION_FAILURE,3
EVT:PROCEDURE_NOT_FOLLOWED,UNDER_CONDITION,COND:configuration,1
EVT:PROCEDURE_NOT_FOLLOWED,INDUCED_CONDITION,COND:configuration,3
EVT:PROCEDURE_NOT_FOLLOWED,INDUCED_CONDITION,COND:human_factors,1
EVT:PROCEDURE_NOT_FOLLOWED,CAUSES,COND:human_factors,1
EVT:PROCEDURE_NOT_FOLLOWED,CAUSES,EVT:EMERGENCY_LANDING,1
EVT:PROCEDURE_NOT_FOLLOWED,CAUSES,EVT:ALTITUDE_DEVIATION_UNCONTROLLED,2
EVT:PROCEDURE_NOT_FOLLOWED,CAUSES,EVT:CREW_COORDINATION_FAILURE,1
EVT:PROCEDURE_NOT_FOLLOWED,TRIGGERS,EVT:CREW_COORDINATION_FAILURE,1
EVT:PROCEDURE_NOT_FOLLOWED,TRIGGERS,EVT:ENGINE_FAILURE,1
EVT:PROCEDURE_NOT_FOLLOWED,CAUSES,EVT:ENGINE_FAILURE,5
EVT:PROCEDURE_NOT_FOLLOWED,CAUSES,EVT:STRUCTURAL_OVERLOAD,1
EVT:PROCEDURE_NOT_FOLLOWED,UNDER_CONDITION,COND:pilot,1
EVT:PROCEDURE_NOT_FOLLOWED,CAUSES,COND:physiological,1
EVT:PROCEDURE_NOT_FOLLOWED,CAUSES,EVT:AIRFRAME_STRUCTURAL_FAILURE,2
EVT:PROCEDURE_NOT_FOLLOWED,UNDER_CONDITION,COND:infrastructure,2
EVT:PROCEDURE_NOT_FOLLOWED,CAUSES,EVT:LANDING_GEAR_ANOMALY,2
EVT:PROCEDURE_NOT_FOLLOWED,CAUSES,EVT:SUCCESSFUL_RECOVERY,1
EVT:PROCEDURE_NOT_FOLLOWED,UNDER_CONDITION,COND:training,2
EVT:PROCEDURE_NOT_FOLLOWED,INDUCED_CONDITION,COND:spatial,1
EVT:PROCEDURE_NOT_FOLLOWED,CONTRIBUTES_TO,EVT:INJURY_OR_FATALITY,1
EVT:PROCEDURE_NOT_FOLLOWED,UNDER_CONDITION,COND:knowledge,1
EVT:PROCEDURE_NOT_FOLLOWED,CAUSES,COND:knowledge,1
EVT:PROCEDURE_NOT_FOLLOWED,INDUCED_CONDITION,COND:latent,1
EVT:PROCEDURE_NOT_FOLLOWED,CAUSES,COND:human_factor,1
EVT:PROCEDURE_NOT_FOLLOWED,CAUSES,EVT:GROUND_COLLISION,1
EVT:PROCEDURE_NOT_FOLLOWED,INDUCED_CONDITION,COND:procedural,2
EVT:PROCEDURE_NOT_FOLLOWED,CAUSES,EVT:TRAINING_OR_CURRENCY_GAP,1
EVT:PROCEDURE_NOT_FOLLOWED,CAUSES,EVT:GROUND_PERSONNEL_ERROR,1
EVT:PROCEDURE_NOT_FOLLOWED,UNDER_CONDITION,COND:location,1
EVT:PROCEDURE_NOT_FOLLOWED,ENABLES,COND:aircraft_configuration,1
EVT:PROCEDURE_NOT_FOLLOWED,INDUCED_CONDITION,COND:aircraft_configuration,1
EVT:PROCEDURE_NOT_FOLLOWED,CAUSES,COND:physical,1
EVT:RUNWAY_CONDITION_HAZARD,UNDER_CONDITION,COND:weather,66
EVT:RUNWAY_CONDITION_HAZARD,CO_OCCURS,COND:weather,1
EVT:RUNWAY_CONDITION_HAZARD,CONTRIBUTES_TO,EVT:LOSS_OF_CONTROL_GROUND,14
EVT:RUNWAY_CONDITION_HAZARD,CAUSES,EVT:LOSS_OF_CONTROL_GROUND,61
EVT:RUNWAY_CONDITION_HAZARD,UNDER_CONDITION,EVT:LOSS_OF_CONTROL_GROUND,4
EVT:RUNWAY_CONDITION_HAZARD,TRIGGERS,EVT:LOSS_OF_CONTROL_GROUND,2
EVT:RUNWAY_CONDITION_HAZARD,PRECEDES,EVT:LOSS_OF_CONTROL_GROUND,2
EVT:RUNWAY_CONDITION_HAZARD,CONTEXT,EVT:LOSS_OF_CONTROL_GROUND,1
EVT:RUNWAY_CONDITION_HAZARD,CAUSES,EVT:WIND_SHEAR_OR_GUST,2
EVT:RUNWAY_CONDITION_HAZARD,PRECEDES,EVT:WIND_SHEAR_OR_GUST,3
EVT:RUNWAY_CONDITION_HAZARD,UNDER_CONDITION,EVT:WIND_SHEAR_OR_GUST,1
EVT:RUNWAY_CONDITION_HAZARD,TRIGGERS,EVT:CONTROL_INPUT_IMPROPER,19
EVT:RUNWAY_CONDITION_HAZARD,CAUSES,EVT:CONTROL_INPUT_IMPROPER,31
EVT:RUNWAY_CONDITION_HAZARD,CONTRIBUTES_TO,EVT:CONTROL_INPUT_IMPROPER,22
EVT:RUNWAY_CONDITION_HAZARD,RESPONDS_TO,EVT:CONTROL_INPUT_IMPROPER,1
EVT:RUNWAY_CONDITION_HAZARD,UNDER_CONDITION,EVT:CONTROL_INPUT_IMPROPER,1
EVT:RUNWAY_CONDITION_HAZARD,UNDER_CONDITION,COND:environmental,39
EVT:RUNWAY_CONDITION_HAZARD,INDUCED_CONDITION,COND:environmental,1
EVT:RUNWAY_CONDITION_HAZARD,CAUSES,EVT:ENGINE_FAILURE,1
EVT:RUNWAY_CONDITION_HAZARD,UNDER_CONDITION,COND:runway,1
EVT:RUNWAY_CONDITION_HAZARD,UNDER_CONDITION,EVT:CONTROL_SURFACE_ANOMALY,1
EVT:RUNWAY_CONDITION_HAZARD,TRIGGERS,EVT:CONTROL_SURFACE_ANOMALY,1
EVT:RUNWAY_CONDITION_HAZARD,CAUSES,EVT:CONTROL_SURFACE_ANOMALY,1
EVT:RUNWAY_CONDITION_HAZARD,CONTRIBUTES_TO,EVT:GROUND_IMPACT,1
EVT:RUNWAY_CONDITION_HAZARD,CAUSES,EVT:GROUND_IMPACT,4
EVT:RUNWAY_CONDITION_HAZARD,CAUSES,EVT:RUNWAY_EXCURSION_OR_OVERRUN,7
EVT:RUNWAY_CONDITION_HAZARD,PRECEDES,EVT:RUNWAY_EXCURSION_OR_OVERRUN,1
EVT:RUNWAY_CONDITION_HAZARD,CAUSES,EVT:TERRAIN_OR_OBSTACLE_PROXIMITY,4
EVT:RUNWAY_CONDITION_HAZARD,CO_OCCURS,COND:terrain,1
EVT:RUNWAY_CONDITION_HAZARD,UNDER_CONDITION,COND:surface,4
EVT:RUNWAY_CONDITION_HAZARD,CAUSES,COND:mechanical,1
EVT:RUNWAY_CONDITION_HAZARD,UNDER_CONDITION,COND:mechanical,1
EVT:RUNWAY_CONDITION_HAZARD,CAUSES,EVT:LANDING_GEAR_ANOMALY,2
EVT:RUNWAY_CONDITION_HAZARD,CAUSES,EVT:STRUCTURAL_OVERLOAD,4
EVT:RUNWAY_CONDITION_HAZARD,TRIGGERS,EVT:DECISION_INAPPROPRIATE,1
EVT:RUNWAY_CONDITION_HAZARD,CAUSES,EVT:STALL,1
EVT:RUNWAY_CONDITION_HAZARD,UNDER_CONDITION,ENT:aircraft,1
EVT:RUNWAY_CONDITION_HAZARD,UNDER_CONDITION,COND:infrastructure,1
EVT:RUNWAY_CONDITION_HAZARD,CAUSES,EVT:LOSS_OF_CONTROL_INFLIGHT,1
EVT:RUNWAY_CONDITION_HAZARD,CAUSES,EVT:ALTITUDE_DEVIATION_UNCONTROLLED,1
EVT:RUNWAY_CONDITION_HAZARD,INDUCED_CONDITION,COND:aerodynamic,1
EVT:LANDING_GEAR_ANOMALY,CAUSES,EVT:GROUND_IMPACT,140
EVT:LANDING_GEAR_ANOMALY,CONTRIBUTES_TO,EVT:GROUND_IMPACT,21
EVT:LANDING_GEAR_ANOMALY,CONCURRENT,EVT:GROUND_IMPACT,3
EVT:LANDING_GEAR_ANOMALY,INDUCED_CONDITION,COND:mechanical,16
EVT:LANDING_GEAR_ANOMALY,UNDER_CONDITION,COND:mechanical,18
EVT:LANDING_GEAR_ANOMALY,CONTRIBUTES_TO,EVT:RUNWAY_EXCURSION_OR_OVERRUN,7
EVT:LANDING_GEAR_ANOMALY,CAUSES,EVT:RUNWAY_EXCURSION_OR_OVERRUN,34
EVT:LANDING_GEAR_ANOMALY,CAUSES,EVT:LOSS_OF_CONTROL_GROUND,31
EVT:LANDING_GEAR_ANOMALY,CONTRIBUTES_TO,EVT:LOSS_OF_CONTROL_GROUND,4
EVT:LANDING_GEAR_ANOMALY,CAUSES,EVT:AIRFRAME_STRUCTURAL_FAILURE,6
EVT:LANDING_GEAR_ANOMALY,AFFECTS,ENT:aircraft,1
EVT:LANDING_GEAR_ANOMALY,CAUSES,ENT:aircraft,1
EVT:LANDING_GEAR_ANOMALY,CAUSES,EVT:LANDING_GEAR_ANOMALY,3
EVT:LANDING_GEAR_ANOMALY,CAUSES,EVT:INFLIGHT_FIRE_OR_SMOKE,3
EVT:LANDING_GEAR_ANOMALY,RESPONDS_TO,EVT:PROCEDURE_NOT_FOLLOWED,2
EVT:LANDING_GEAR_ANOMALY,CAUSES,EVT:DECISION_INAPPROPRIATE,1
EVT:LANDING_GEAR_ANOMALY,RESPONDS_TO,EVT:DECISION_INAPPROPRIATE,2
EVT:LANDING_GEAR_ANOMALY,TRIGGERS,EVT:CONTROL_INPUT_IMPROPER,3
EVT:LANDING_GEAR_ANOMALY,CAUSES,EVT:CONTROL_INPUT_IMPROPER,6
EVT:LANDING_GEAR_ANOMALY,RESPONDS_TO,EVT:CONTROL_INPUT_IMPROPER,2
EVT:LANDING_GEAR_ANOMALY,CONTRIBUTES_TO,EVT:CONTROL_INPUT_IMPROPER,1
EVT:LANDING_GEAR_ANOMALY,UNDER_CONDITION,COND:terrain,1
EVT:LANDING_GEAR_ANOMALY,CAUSES,EVT:LOSS_OF_CONTROL_INFLIGHT,1
EVT:LANDING_GEAR_ANOMALY,CONTRIBUTES_TO,EVT:INJURY_OR_FATALITY,1
EVT:LANDING_GEAR_ANOMALY,CAUSES,EVT:EMERGENCY_LANDING,1
EVT:LANDING_GEAR_ANOMALY,CAUSES,EVT:STRUCTURAL_OVERLOAD,1
EVT:LANDING_GEAR_ANOMALY,UNDER_CONDITION,COND:environmental,2
EVT:GROUND_INCIDENT,ENABLES,COND:mechanical,1
EVT:GROUND_INCIDENT,UNDER_CONDITION,COND:mechanical,2
EVT:GROUND_INCIDENT,RESPONDS_TO,EVT:CONTROL_INPUT_IMPROPER,2
EVT:GROUND_INCIDENT,CAUSES,EVT:GROUND_IMPACT,1
EVT:GROUND_INCIDENT,UNDER_CONDITION,EVT:CONTROL_SURFACE_ANOMALY,2
EVT:GROUND_INCIDENT,CAUSES,EVT:LOSS_OF_CONTROL_GROUND,1
COND:human_factor,CONTRIBUTES_TO,EVT:CONTROL_INPUT_IMPROPER,67
COND:human_factor,UNDER_CONDITION,EVT:CONTROL_INPUT_IMPROPER,14
COND:human_factor,CAUSES,EVT:CONTROL_INPUT_IMPROPER,15
COND:human_factor,CAUSES,EVT:CREW_COORDINATION_FAILURE,1
COND:human_factor,CONTRIBUTES_TO,EVT:PROCEDURE_NOT_FOLLOWED,2
COND:human_factor,UNDER_CONDITION,EVT:PROCEDURE_NOT_FOLLOWED,1
COND:human_factor,ENABLES,EVT:PROCEDURE_NOT_FOLLOWED,1
COND:human_factor,UNDER_CONDITION,EVT:DECISION_INAPPROPRIATE,1
COND:human_factor,CONTRIBUTES_TO,EVT:DECISION_INAPPROPRIATE,6
COND:human_factor,CAUSES,EVT:DECISION_INAPPROPRIATE,3
COND:human_factor,CONTRIBUTES_TO,EVT:RUNWAY_EXCURSION_OR_OVERRUN,4
COND:human_factor,CONTRIBUTES_TO,EVT:LOSS_OF_CONTROL_GROUND,9
COND:human_factor,CONTRIBUTES_TO,EVT:GROUND_IMPACT,1
COND:human_factor,CAUSES,EVT:GROUND_IMPACT,1
COND:human_factor,CONTRIBUTES_TO,EVT:PERCEPTION_FAILURE,3
COND:human_factor,CAUSES,EVT:PERCEPTION_FAILURE,2
COND:human_factor,CONTRIBUTES_TO,COND:human_factor,1
COND:training_or_currency_gap,CONTRIBUTES_TO,EVT:LOSS_OF_CONTROL_GROUND,2
COND:training_or_currency_gap,CONTRIBUTES_TO,EVT:CONTROL_INPUT_IMPROPER,6
COND:training_or_currency_gap,CONTRIBUTES_TO,EVT:PERCEPTION_FAILURE,1
COND:training_or_currency_gap,ENABLES,EVT:DECISION_INAPPROPRIATE,1
EVT:WIND_SHEAR_OR_GUST,CAUSES,EVT:GROUND_IMPACT,22
EVT:WIND_SHEAR_OR_GUST,CONTRIBUTES_TO,EVT:GROUND_IMPACT,4
EVT:WIND_SHEAR_OR_GUST,TRIGGERS,EVT:CONTROL_INPUT_IMPROPER,91
EVT:WIND_SHEAR_OR_GUST,CAUSES,EVT:CONTROL_INPUT_IMPROPER,121
EVT:WIND_SHEAR_OR_GUST,RESPONDS_TO,EVT:CONTROL_INPUT_IMPROPER,26
EVT:WIND_SHEAR_OR_GUST,CONTRIBUTES_TO,EVT:CONTROL_INPUT_IMPROPER,40
EVT:WIND_SHEAR_OR_GUST,CAUSES,EVT:RUNWAY_EXCURSION_OR_OVERRUN,30
EVT:WIND_SHEAR_OR_GUST,CONTRIBUTES_TO,EVT:RUNWAY_EXCURSION_OR_OVERRUN,7
EVT:WIND_SHEAR_OR_GUST,CAUSES,EVT:LOSS_OF_CONTROL_GROUND,90
EVT:WIND_SHEAR_OR_GUST,CONTRIBUTES_TO,EVT:LOSS_OF_CONTROL_GROUND,18
EVT:WIND_SHEAR_OR_GUST,TRIGGERS,EVT:LOSS_OF_CONTROL_GROUND,2
EVT:WIND_SHEAR_OR_GUST,UNDER_CONDITION,COND:weather,176
EVT:WIND_SHEAR_OR_GUST,INDUCED_CONDITION,COND:weather,7
EVT:WIND_SHEAR_OR_GUST,CAUSES,COND:weather,1
EVT:WIND_SHEAR_OR_GUST,CAUSES,EVT:ALTITUDE_DEVIATION_UNCONTROLLED,3
EVT:WIND_SHEAR_OR_GUST,CONTRIBUTES_TO,COND:mechanical,1
EVT:WIND_SHEAR_OR_GUST,CAUSES,COND:mechanical,1
EVT:WIND_SHEAR_OR_GUST,CAUSES,EVT:TERRAIN_OR_OBSTACLE_PROXIMITY,3
EVT:WIND_SHEAR_OR_GUST,CONTRIBUTES_TO,EVT:TERRAIN_OR_OBSTACLE_PROXIMITY,1
EVT:WIND_SHEAR_OR_GUST,CAUSES,EVT:WIND_SHEAR_OR_GUST,3
EVT:WIND_SHEAR_OR_GUST,CONCURRENT,EVT:WIND_SHEAR_OR_GUST,3
EVT:WIND_SHEAR_OR_GUST,TRIGGERS,EVT:WIND_SHEAR_OR_GUST,1
EVT:WIND_SHEAR_OR_GUST,CAUSES,EVT:LANDING_GEAR_ANOMALY,2
EVT:WIND_SHEAR_OR_GUST,UNDER_CONDITION,COND:surface,1
EVT:WIND_SHEAR_OR_GUST,TRIGGERS,EVT:PERCEPTION_FAILURE,1
EVT:WIND_SHEAR_OR_GUST,CAUSES,EVT:PERCEPTION_FAILURE,1
EVT:WIND_SHEAR_OR_GUST,CONTRIBUTES_TO,COND:aerodynamic,1
EVT:WIND_SHEAR_OR_GUST,INDUCED_CONDITION,COND:aerodynamic,3
EVT:WIND_SHEAR_OR_GUST,CAUSES,COND:aerodynamic,1
EVT:WIND_SHEAR_OR_GUST,TRIGGERS,EVT:DECISION_INAPPROPRIATE,8
EVT:WIND_SHEAR_OR_GUST,RESPONDS_TO,EVT:DECISION_INAPPROPRIATE,2
EVT:WIND_SHEAR_OR_GUST,CAUSES,COND:environmental,1
EVT:WIND_SHEAR_OR_GUST,UNDER_CONDITION,COND:environmental,3
EVT:WIND_SHEAR_OR_GUST,INDUCED_CONDITION,COND:environmental,1
EVT:WIND_SHEAR_OR_GUST,CO_OCCURS,COND:environmental,1
EVT:WIND_SHEAR_OR_GUST,CAUSES,EVT:LOSS_OF_CONTROL_INFLIGHT,5
EVT:WIND_SHEAR_OR_GUST,CONTRIBUTES_TO,EVT:LOSS_OF_CONTROL_INFLIGHT,1
EVT:WIND_SHEAR_OR_GUST,TRIGGERS,EVT:PROCEDURE_NOT_FOLLOWED,1
EVT:WIND_SHEAR_OR_GUST,CAUSES,EVT:GROUND_PERSONNEL_ERROR,1
EVT:WIND_SHEAR_OR_GUST,MASKED_BY_CONDITION,COND:perceptual,1
EVT:WIND_SHEAR_OR_GUST,CAUSES,EVT:STALL,1
EVT:ATC_OR_DISPATCH_INADEQUATE,CONTRIBUTES_TO,EVT:CONTROL_INPUT_IMPROPER,3
EVT:ATC_OR_DISPATCH_INADEQUATE,TRIGGERS,EVT:CONTROL_INPUT_IMPROPER,1
EVT:ATC_OR_DISPATCH_INADEQUATE,CAUSES,EVT:DECISION_INAPPROPRIATE,2
EVT:ATC_OR_DISPATCH_INADEQUATE,CONTRIBUTES_TO,EVT:DECISION_INAPPROPRIATE,1
EVT:ATC_OR_DISPATCH_INADEQUATE,CAUSES,EVT:PERCEPTION_FAILURE,1
EVT:ATC_OR_DISPATCH_INADEQUATE,CAUSES,COND:operational,1
EVT:ATC_OR_DISPATCH_INADEQUATE,CAUSES,EVT:TURBULENCE_ENCOUNTER,1
COND:environmental,UNDER_CONDITION,EVT:RUNWAY_CONDITION_HAZARD,28
COND:environmental,CAUSES,EVT:RUNWAY_CONDITION_HAZARD,10
COND:environmental,ENABLES,EVT:RUNWAY_CONDITION_HAZARD,3
COND:environmental,UNDER_CONDITION,EVT:RUNWAY_EXCURSION_OR_OVERRUN,25
COND:environmental,ENABLES,EVT:RUNWAY_EXCURSION_OR_OVERRUN,9
COND:environmental,CAUSES,EVT:RUNWAY_EXCURSION_OR_OVERRUN,18
COND:environmental,CONTRIBUTES_TO,EVT:RUNWAY_EXCURSION_OR_OVERRUN,25
COND:environmental,MASKED_BY_CONDITION,EVT:RUNWAY_EXCURSION_OR_OVERRUN,1
COND:environmental,CONTRIBUTES_TO,EVT:LOSS_OF_CONTROL_GROUND,68
COND:environmental,CAUSES,EVT:LOSS_OF_CONTROL_GROUND,45
COND:environmental,TRIGGERS,EVT:LOSS_OF_CONTROL_GROUND,1
COND:environmental,ENABLES,EVT:LOSS_OF_CONTROL_GROUND,8
COND:environmental,UNDER_CONDITION,EVT:LOSS_OF_CONTROL_GROUND,11
COND:environmental,ENABLES,EVT:CONTROL_INPUT_IMPROPER,3
COND:environmental,CONTRIBUTES_TO,EVT:CONTROL_INPUT_IMPROPER,44
COND:environmental,INHIBITS,EVT:CONTROL_INPUT_IMPROPER,3
COND:environmental,CAUSES,EVT:CONTROL_INPUT_IMPROPER,19
COND:environmental,UNDER_CONDITION,EVT:CONTROL_INPUT_IMPROPER,17
COND:environmental,TRIGGERS,EVT:CONTROL_INPUT_IMPROPER,2
COND:environmental,ENABLES,EVT:GROUND_IMPACT,20
COND:environmental,CONTRIBUTES_TO,EVT:GROUND_IMPACT,54
COND:environmental,UNDER_CONDITION,EVT:GROUND_IMPACT,13
COND:environmental,CAUSES,EVT:GROUND_IMPACT,20
COND:environmental,CONCURRENT,EVT:GROUND_IMPACT,1
COND:environmental,UNDER_CONDITION,EVT:PROCEDURE_NOT_FOLLOWED,2
COND:environmental,CAUSES,EVT:PROCEDURE_NOT_FOLLOWED,2
COND:environmental,CONTRIBUTES_TO,EVT:PROCEDURE_NOT_FOLLOWED,2
COND:environmental,INHIBITS,EVT:PROCEDURE_NOT_FOLLOWED,1
COND:environmental,ENABLES,EVT:PROCEDURE_NOT_FOLLOWED,1
COND:environmental,UNDER_CONDITION,EVT:PERCEPTION_FAILURE,2
COND:environmental,CAUSES,EVT:PERCEPTION_FAILURE,11
COND:environmental,CONTRIBUTES_TO,EVT:PERCEPTION_FAILURE,3
COND:environmental,ENABLES,EVT:PERCEPTION_FAILURE,1
COND:environmental,MASKED_BY_CONDITION,EVT:PERCEPTION_FAILURE,1
COND:environmental,UNDER_CONDITION,EVT:TERRAIN_OR_OBSTACLE_PROXIMITY,2
COND:environmental,ENABLES,EVT:TERRAIN_OR_OBSTACLE_PROXIMITY,3
COND:environmental,CAUSES,COND:environmental,4
COND:environmental,IF_THEN,COND:environmental,1
COND:environmental,ENABLES,COND:environmental,1
COND:environmental,CAUSES,EVT:TIRE_FAILURE,1
COND:environmental,CAUSES,EVT:LANDING_GEAR_ANOMALY,2
COND:environmental,CONTRIBUTES_TO,EVT:LANDING_GEAR_ANOMALY,4
COND:environmental,UNDER_CONDITION,EVT:LANDING_GEAR_ANOMALY,1
COND:environmental,ENABLES,EVT:LANDING_GEAR_ANOMALY,1
COND:environmental,CONTRIBUTES_TO,EVT:WIND_SHEAR_OR_GUST,1
COND:environmental,ENABLES,EVT:WIND_SHEAR_OR_GUST,1
COND:environmental,UNDER_CONDITION,EVT:WIND_SHEAR_OR_GUST,5
COND:environmental,CAUSES,EVT:WIND_SHEAR_OR_GUST,6
COND:environmental,CONCURRENT,COND:mechanical,1
COND:environmental,CAUSES,COND:mechanical,2
COND:environmental,CONTRIBUTES_TO,COND:mechanical,1
COND:environmental,UNDER_CONDITION,EVT:DECISION_INAPPROPRIATE,3
COND:environmental,CONTRIBUTES_TO,EVT:DECISION_INAPPROPRIATE,3
COND:environmental,CAUSES,EVT:DECISION_INAPPROPRIATE,11
COND:environmental,ENABLES,EVT:DECISION_INAPPROPRIATE,2
COND:environmental,INHIBITS,EVT:DECISION_INAPPROPRIATE,1
COND:environmental,CONTRIBUTES_TO,EVT:STRUCTURAL_OVERLOAD,9
COND:environmental,CAUSES,EVT:STRUCTURAL_OVERLOAD,3
COND:environmental,CAUSES,EVT:PILOT_INCAPACITATION_OR_IMPAIRMENT,1
COND:environmental,CONTRIBUTES_TO,COND:weather,1
COND:environmental,CO_OCCURS,COND:weather,1
COND:environmental,CONCURRENT,COND:weather,1
COND:environmental,CAUSES,EVT:AIRFRAME_STRUCTURAL_FAILURE,2
COND:environmental,CONTRIBUTES_TO,COND:aerodynamic,1
COND:environmental,CAUSES,COND:aerodynamic,1
COND:environmental,CAUSES,EVT:LOSS_OF_CONTROL_INFLIGHT,1
COND:environmental,CONTRIBUTES_TO,EVT:LOSS_OF_CONTROL_INFLIGHT,5
COND:environmental,UNDER_CONDITION,EVT:TURBULENCE_ENCOUNTER,1
COND:environmental,CONTRIBUTES_TO,EVT:BRAKE_FAILURE,1
COND:environmental,CAUSES,COND:cognitive,1
COND:environmental,CAUSES,COND:perceptual,1
COND:environmental,ENABLES,EVT:GROUND_COLLISION,1
COND:environmental,CONTRIBUTES_TO,EVT:GROUND_LOS_OF_CONTROL,1
COND:environmental,ENABLES,EVT:BIRD_OR_WILDLIFE_STRIKE,1
COND:environmental,CONTRIBUTES_TO,COND:configuration,1
COND:environmental,CAUSES,COND:organizational,1
COND:environmental,CONTRIBUTES_TO,EVT:GROUND_RESONANCE,2
COND:environmental,CAUSES,COND:physical,1
EVT:PERCEPTION_FAILURE,CAUSES,EVT:DECISION_INAPPROPRIATE,12
EVT:PERCEPTION_FAILURE,TRIGGERS,EVT:DECISION_INAPPROPRIATE,3
EVT:PERCEPTION_FAILURE,CONTRIBUTES_TO,EVT:DECISION_INAPPROPRIATE,2
EVT:PERCEPTION_FAILURE,CAUSES,EVT:CONTROL_INPUT_IMPROPER,44
EVT:PERCEPTION_FAILURE,CONTRIBUTES_TO,EVT:CONTROL_INPUT_IMPROPER,10
EVT:PERCEPTION_FAILURE,CONCURRENT,EVT:CONTROL_INPUT_IMPROPER,2
EVT:PERCEPTION_FAILURE,TRIGGERS,EVT:CONTROL_INPUT_IMPROPER,1
EVT:PERCEPTION_FAILURE,RESPONDS_TO,EVT:CONTROL_INPUT_IMPROPER,1
EVT:PERCEPTION_FAILURE,CONTRIBUTES_TO,EVT:TERRAIN_OR_OBSTACLE_PROXIMITY,1
EVT:PERCEPTION_FAILURE,INDUCED_CONDITION,COND:situational_awareness,1
EVT:PERCEPTION_FAILURE,CAUSES,COND:situational_awareness,2
EVT:PERCEPTION_FAILURE,CAUSES,EVT:ENGINE_FAILURE,1
EVT:PERCEPTION_FAILURE,UNDER_CONDITION,COND:environmental,5
EVT:PERCEPTION_FAILURE,CAUSES,COND:environmental,1
EVT:PERCEPTION_FAILURE,CONTRIBUTES_TO,EVT:LOSS_OF_CONTROL_GROUND,9
EVT:PERCEPTION_FAILURE,CAUSES,EVT:LOSS_OF_CONTROL_GROUND,15
EVT:PERCEPTION_FAILURE,INDUCED_CONDITION,COND:attention,4
EVT:PERCEPTION_FAILURE,CAUSES,COND:mechanical,2
EVT:PERCEPTION_FAILURE,ENABLES,COND:mechanical,3
EVT:PERCEPTION_FAILURE,UNDER_CONDITION,COND:mechanical,3
EVT:PERCEPTION_FAILURE,MASKED_BY_CONDITION,COND:mechanical,2
EVT:PERCEPTION_FAILURE,DETECTS,COND:mechanical,1
EVT:PERCEPTION_FAILURE,INDUCED_CONDITION,COND:mechanical,2
EVT:PERCEPTION_FAILURE,INHIBITS,COND:mechanical,1
EVT:PERCEPTION_FAILURE,MASKED_BY_CONDITION,COND:weather,2
EVT:PERCEPTION_FAILURE,UNDER_CONDITION,COND:weather,2
EVT:PERCEPTION_FAILURE,CONTRIBUTES_TO,EVT:PROCEDURE_NOT_FOLLOWED,1
EVT:PERCEPTION_FAILURE,CAUSES,EVT:PROCEDURE_NOT_FOLLOWED,8
EVT:PERCEPTION_FAILURE,CAUSES,EVT:SPATIAL_DISORIENTATION,1
EVT:PERCEPTION_FAILURE,CAUSES,EVT:GROUND_IMPACT,3
EVT:PERCEPTION_FAILURE,CONTRIBUTES_TO,EVT:GROUND_IMPACT,2
EVT:PERCEPTION_FAILURE,CAUSES,EVT:PERCEPTION_FAILURE,1
EVT:PERCEPTION_FAILURE,INDUCED_CONDITION,COND:cognitive,1
EVT:PERCEPTION_FAILURE,UNDER_CONDITION,COND:aerodynamic,1
EVT:PERCEPTION_FAILURE,CAUSES,COND:aerodynamic,3
EVT:PERCEPTION_FAILURE,CAUSES,EVT:LOSS_OF_CONTROL_INFLIGHT,2
EVT:PERCEPTION_FAILURE,CAUSES,EVT:RUNWAY_EXCURSION_OR_OVERRUN,8
EVT:PERCEPTION_FAILURE,CAUSES,EVT:CREW_COORDINATION_FAILURE,1
EVT:PERCEPTION_FAILURE,CAUSES,COND:information,2
EVT:PERCEPTION_FAILURE,UNDER_CONDITION,COND:information,1
EVT:PERCEPTION_FAILURE,UNDER_CONDITION,COND:latent_defect,1
EVT:PERCEPTION_FAILURE,INDUCED_CONDITION,COND:procedural,1
EVT:PERCEPTION_FAILURE,CONTRIBUTES_TO,EVT:LANDING_GEAR_ANOMALY,1
EVT:PERCEPTION_FAILURE,INDUCED_CONDITION,COND:human_factors,1
EVT:PERCEPTION_FAILURE,UNDER_CONDITION,COND:operational,1
EVT:PERCEPTION_FAILURE,CAUSES,COND:human,1
EVT:DECISION_INAPPROPRIATE,CAUSES,EVT:CONTROL_INPUT_IMPROPER,100
EVT:DECISION_INAPPROPRIATE,CONTRIBUTES_TO,EVT:CONTROL_INPUT_IMPROPER,46
EVT:DECISION_INAPPROPRIATE,PRECEDES,EVT:CONTROL_INPUT_IMPROPER,4
EVT:DECISION_INAPPROPRIATE,CONCURRENT,EVT:CONTROL_INPUT_IMPROPER,2
EVT:DECISION_INAPPROPRIATE,ENABLES,EVT:CONTROL_INPUT_IMPROPER,1
EVT:DECISION_INAPPROPRIATE,TRIGGERS,EVT:CONTROL_INPUT_IMPROPER,5
EVT:DECISION_INAPPROPRIATE,RESPONDS_TO,EVT:CONTROL_INPUT_IMPROPER,2
EVT:DECISION_INAPPROPRIATE,CAUSES,EVT:GROUND_IMPACT,64
EVT:DECISION_INAPPROPRIATE,CONTRIBUTES_TO,EVT:GROUND_IMPACT,12
EVT:DECISION_INAPPROPRIATE,INDUCED_CONDITION,COND:situational_awareness,1
EVT:DECISION_INAPPROPRIATE,CONTRIBUTES_TO,EVT:WIND_SHEAR_OR_GUST,6
EVT:DECISION_INAPPROPRIATE,PRECEDES,EVT:WIND_SHEAR_OR_GUST,1
EVT:DECISION_INAPPROPRIATE,CAUSES,EVT:WIND_SHEAR_OR_GUST,11
EVT:DECISION_INAPPROPRIATE,ENABLES,EVT:WIND_SHEAR_OR_GUST,4
EVT:DECISION_INAPPROPRIATE,CONCURRENT,EVT:WIND_SHEAR_OR_GUST,1
EVT:DECISION_INAPPROPRIATE,ENABLES,COND:mechanical,4
EVT:DECISION_INAPPROPRIATE,UNDER_CONDITION,COND:mechanical,10
EVT:DECISION_INAPPROPRIATE,INDUCED_CONDITION,COND:mechanical,2
EVT:DECISION_INAPPROPRIATE,CAUSES,COND:mechanical,2
EVT:DECISION_INAPPROPRIATE,CAUSES,EVT:PROCEDURE_NOT_FOLLOWED,33
EVT:DECISION_INAPPROPRIATE,PRECEDES,EVT:PROCEDURE_NOT_FOLLOWED,2
EVT:DECISION_INAPPROPRIATE,CONTRIBUTES_TO,EVT:PROCEDURE_NOT_FOLLOWED,4
EVT:DECISION_INAPPROPRIATE,CONCURRENT,EVT:PROCEDURE_NOT_FOLLOWED,2
EVT:DECISION_INAPPROPRIATE,UNDER_CONDITION,COND:weather,52
EVT:DECISION_INAPPROPRIATE,INDUCED_CONDITION,COND:weather,2
EVT:DECISION_INAPPROPRIATE,MASKED_BY_CONDITION,COND:weather,1
EVT:DECISION_INAPPROPRIATE,CAUSES,EVT:PERCEPTION_FAILURE,4
EVT:DECISION_INAPPROPRIATE,CONTRIBUTES_TO,EVT:PERCEPTION_FAILURE,2
EVT:DECISION_INAPPROPRIATE,CONCURRENT,EVT:PERCEPTION_FAILURE,1
EVT:DECISION_INAPPROPRIATE,CAUSES,EVT:LANDING_GEAR_ANOMALY,7
EVT:DECISION_INAPPROPRIATE,ENABLES,EVT:LANDING_GEAR_ANOMALY,1
EVT:DECISION_INAPPROPRIATE,CONTRIBUTES_TO,EVT:LANDING_GEAR_ANOMALY,1
EVT:DECISION_INAPPROPRIATE,CAUSES,EVT:LOSS_OF_CONTROL_GROUND,47
EVT:DECISION_INAPPROPRIATE,CONTRIBUTES_TO,EVT:LOSS_OF_CONTROL_GROUND,18
EVT:DECISION_INAPPROPRIATE,CAUSES,COND:aerodynamic,3
EVT:DECISION_INAPPROPRIATE,INDUCED_CONDITION,COND:aerodynamic,3
EVT:DECISION_INAPPROPRIATE,CAUSES,EVT:LOSS_OF_CONTROL_INFLIGHT,6
EVT:DECISION_INAPPROPRIATE,CAUSES,COND:environmental,4
EVT:DECISION_INAPPROPRIATE,UNDER_CONDITION,COND:environmental,28
EVT:DECISION_INAPPROPRIATE,INDUCED_CONDITION,COND:environmental,4
EVT:DECISION_INAPPROPRIATE,MASKED_BY_CONDITION,COND:environmental,1
EVT:DECISION_INAPPROPRIATE,RESPONDS_TO,COND:environmental,2
EVT:DECISION_INAPPROPRIATE,INHIBITS,COND:environmental,1
EVT:DECISION_INAPPROPRIATE,CAUSES,EVT:RUNWAY_EXCURSION_OR_OVERRUN,67
EVT:DECISION_INAPPROPRIATE,CONTRIBUTES_TO,EVT:RUNWAY_EXCURSION_OR_OVERRUN,15
EVT:DECISION_INAPPROPRIATE,INDUCED_CONDITION,COND:operational,2
EVT:DECISION_INAPPROPRIATE,UNDER_CONDITION,COND:operational,1
EVT:DECISION_INAPPROPRIATE,CAUSES,COND:operational,2
EVT:DECISION_INAPPROPRIATE,RESPONDS_TO,COND:terrain,1
EVT:DECISION_INAPPROPRIATE,UNDER_CONDITION,COND:terrain,1
EVT:DECISION_INAPPROPRIATE,CAUSES,EVT:RUNWAY_CONDITION_HAZARD,7
EVT:DECISION_INAPPROPRIATE,CAUSES,EVT:TERRAIN_OR_OBSTACLE_PROXIMITY,7
EVT:DECISION_INAPPROPRIATE,CONTRIBUTES_TO,EVT:TERRAIN_OR_OBSTACLE_PROXIMITY,1
EVT:DECISION_INAPPROPRIATE,UNDER_CONDITION,ENT:location,1
EVT:DECISION_INAPPROPRIATE,INDUCED_CONDITION,COND:latent,1
EVT:DECISION_INAPPROPRIATE,MASKED_BY_CONDITION,COND:latent_defect,1
EVT:DECISION_INAPPROPRIATE,INDUCED_CONDITION,COND:decision,1
EVT:DECISION_INAPPROPRIATE,CAUSES,COND:location,1
EVT:DECISION_INAPPROPRIATE,UNDER_CONDITION,COND:location,4
EVT:DECISION_INAPPROPRIATE,CAUSES,COND:resource,1
EVT:DECISION_INAPPROPRIATE,CONTRIBUTES_TO,COND:resource,1
EVT:DECISION_INAPPROPRIATE,CAUSES,EVT:DECISION_INAPPROPRIATE,3
EVT:DECISION_INAPPROPRIATE,CONTRIBUTES_TO,EVT:DECISION_INAPPROPRIATE,1
EVT:DECISION_INAPPROPRIATE,CAUSES,EVT:STALL,6
EVT:DECISION_INAPPROPRIATE,CAUSES,EVT:ALTITUDE_DEVIATION_UNCONTROLLED,3
EVT:DECISION_INAPPROPRIATE,RESPONDS_TO,EVT:AUTOMATION_ANOMALY,1
EVT:DECISION_INAPPROPRIATE,CAUSES,COND:information,1
EVT:DECISION_INAPPROPRIATE,CAUSES,COND:ergonomic,1
EVT:DECISION_INAPPROPRIATE,CAUSES,EVT:CREW_COORDINATION_FAILURE,3
EVT:DECISION_INAPPROPRIATE,CONCURRENT,EVT:CREW_COORDINATION_FAILURE,1
EVT:DECISION_INAPPROPRIATE,INDUCED_CONDITION,COND:organizational,1
EVT:DECISION_INAPPROPRIATE,UNDER_CONDITION,COND:weight,1
EVT:DECISION_INAPPROPRIATE,INDUCED_CONDITION,COND:weight,1
EVT:DECISION_INAPPROPRIATE,INDUCED_CONDITION,COND:physiological,1
EVT:DECISION_INAPPROPRIATE,CAUSES,COND:physiological,1
EVT:DECISION_INAPPROPRIATE,INHIBITS,COND:regulatory,1
EVT:DECISION_INAPPROPRIATE,CAUSES,EVT:WATER_IMPACT,3
EVT:DECISION_INAPPROPRIATE,CAUSES,EVT:LOW_VISIBILITY_OR_IMC,1
EVT:DECISION_INAPPROPRIATE,CONTRIBUTES_TO,EVT:GROUND_INCIDENT,1
EVT:DECISION_INAPPROPRIATE,CAUSES,EVT:TURBULENCE_ENCOUNTER,1
EVT:DECISION_INAPPROPRIATE,ENABLES,COND:human_factor,1
EVT:DECISION_INAPPROPRIATE,CONCURRENT,EVT:BRAKE_FAILURE,1
EVT:DECISION_INAPPROPRIATE,ENABLES,EVT:BRAKE_FAILURE,1
EVT:DECISION_INAPPROPRIATE,CAUSES,EVT:ENGINE_FAILURE,2
EVT:DECISION_INAPPROPRIATE,CAUSES,EVT:PILOT_INCAPACITATION_OR_IMPAIRMENT,2
EVT:DECISION_INAPPROPRIATE,CAUSES,EVT:ICING_ENCOUNTER,1
EVT:DECISION_INAPPROPRIATE,INDUCED_CONDITION,COND:psychological,1
EVT:DECISION_INAPPROPRIATE,CAUSES,EVT:AIRFRAME_STRUCTURAL_FAILURE,1
EVT:DECISION_INAPPROPRIATE,CAUSES,COND:spatial,1
EVT:DECISION_INAPPROPRIATE,UNDER_CONDITION,COND:surface,1
EVT:DECISION_INAPPROPRIATE,CAUSES,EVT:TRAINING_OR_CURRENCY_GAP,1
EVT:DECISION_INAPPROPRIATE,CAUSES,EVT:STRUCTURAL_OVERLOAD,2
EVT:DECISION_INAPPROPRIATE,CONTRIBUTES_TO,EVT:STRUCTURAL_OVERLOAD,2
EVT:DECISION_INAPPROPRIATE,CAUSES,EVT:GROUND_VEER,1
EVT:DECISION_INAPPROPRIATE,CAUSES,EVT:LANDING,1
EVT:INFLIGHT_FIRE_OR_SMOKE,CAUSES,EVT:INFLIGHT_FIRE_OR_SMOKE,3
EVT:INFLIGHT_FIRE_OR_SMOKE,CAUSES,COND:mechanical,1
EVT:INFLIGHT_FIRE_OR_SMOKE,CAUSES,EVT:INJURY_OR_FATALITY,3
EVT:INFLIGHT_FIRE_OR_SMOKE,CONTRIBUTES_TO,EVT:INJURY_OR_FATALITY,1
EVT:INFLIGHT_FIRE_OR_SMOKE,CONTRIBUTES_TO,EVT:GROUND_IMPACT,1
EVT:INFLIGHT_FIRE_OR_SMOKE,CAUSES,EVT:GROUND_IMPACT,7
EVT:INFLIGHT_FIRE_OR_SMOKE,TRIGGERS,EVT:DECISION_INAPPROPRIATE,1
EVT:INFLIGHT_FIRE_OR_SMOKE,INDUCED_CONDITION,COND:visual,1
EVT:STRUCTURAL_OVERLOAD,CAUSES,EVT:GROUND_IMPACT,46
EVT:STRUCTURAL_OVERLOAD,CONTRIBUTES_TO,EVT:GROUND_IMPACT,3
EVT:STRUCTURAL_OVERLOAD,CONCURRENT,EVT:GROUND_IMPACT,2
EVT:STRUCTURAL_OVERLOAD,CAUSES,EVT:AIRFRAME_STRUCTURAL_FAILURE,7
EVT:STRUCTURAL_OVERLOAD,CAUSES,ENT:aircraft,1
EVT:STRUCTURAL_OVERLOAD,CAUSES,EVT:RUNWAY_EXCURSION_OR_OVERRUN,7
EVT:STRUCTURAL_OVERLOAD,CAUSES,EVT:INJURY_OR_FATALITY,3
EVT:STRUCTURAL_OVERLOAD,INDUCED_CONDITION,COND:structural,1
EVT:STRUCTURAL_OVERLOAD,INDUCED_CONDITION,COND:mechanical,1
EVT:STRUCTURAL_OVERLOAD,CAUSES,EVT:INFLIGHT_BREAKUP,1
EVT:STRUCTURAL_OVERLOAD,RESPONDS_TO,EVT:CONTROL_INPUT_IMPROPER,1
EVT:STRUCTURAL_OVERLOAD,CAUSES,EVT:LANDING_GEAR_ANOMALY,1
EVT:STRUCTURAL_OVERLOAD,CAUSES,EVT:INFLIGHT_FIRE_OR_SMOKE,1
EVT:AIRFRAME_STRUCTURAL_FAILURE,CAUSES,EVT:CONTROL_INPUT_IMPROPER,1
EVT:AIRFRAME_STRUCTURAL_FAILURE,TRIGGERS,EVT:CONTROL_INPUT_IMPROPER,1
EVT:AIRFRAME_STRUCTURAL_FAILURE,CAUSES,EVT:GROUND_IMPACT,53
EVT:AIRFRAME_STRUCTURAL_FAILURE,CONTRIBUTES_TO,EVT:GROUND_IMPACT,5
EVT:AIRFRAME_STRUCTURAL_FAILURE,CONCURRENT,EVT:GROUND_IMPACT,1
EVT:AIRFRAME_STRUCTURAL_FAILURE,CAUSES,COND:mechanical,1
EVT:AIRFRAME_STRUCTURAL_FAILURE,INDUCED_CONDITION,COND:mechanical,1
EVT:AIRFRAME_STRUCTURAL_FAILURE,UNDER_CONDITION,COND:mechanical,1
EVT:AIRFRAME_STRUCTURAL_FAILURE,CAUSES,EVT:AIRFRAME_STRUCTURAL_FAILURE,4
EVT:AIRFRAME_STRUCTURAL_FAILURE,CAUSES,EVT:INFLIGHT_FIRE_OR_SMOKE,6
EVT:AIRFRAME_STRUCTURAL_FAILURE,CAUSES,EVT:LOSS_OF_CONTROL_GROUND,3
EVT:AIRFRAME_STRUCTURAL_FAILURE,CAUSES,EVT:LOSS_OF_CONTROL_INFLIGHT,1
EVT:AIRFRAME_STRUCTURAL_FAILURE,CAUSES,EVT:PERCEPTION_FAILURE,1
EVT:AIRFRAME_STRUCTURAL_FAILURE,CAUSES,EVT:RUNWAY_EXCURSION_OR_OVERRUN,1
EVT:AIRFRAME_STRUCTURAL_FAILURE,CAUSES,EVT:EMERGENCY_LANDING,1
EVT:AIRFRAME_STRUCTURAL_FAILURE,CAUSES,EVT:WATER_IMPACT,1
EVT:AIRFRAME_STRUCTURAL_FAILURE,CAUSES,EVT:SUCCESSFUL_RECOVERY,1
COND:aircraft_configuration,ENABLES,EVT:RUNWAY_EXCURSION_OR_OVERRUN,1
COND:aircraft_configuration,UNDER_CONDITION,EVT:RUNWAY_EXCURSION_OR_OVERRUN,1
COND:aircraft_configuration,CONTRIBUTES_TO,EVT:CONTROL_INPUT_IMPROPER,3
COND:aircraft_configuration,UNDER_CONDITION,EVT:CONTROL_INPUT_IMPROPER,2
COND:aircraft_configuration,ENABLES,EVT:LOSS_OF_CONTROL_GROUND,4
COND:aircraft_configuration,CONTRIBUTES_TO,EVT:LOSS_OF_CONTROL_GROUND,1
COND:aircraft_configuration,INHIBITS,EVT:PROCEDURE_NOT_FOLLOWED,1
EVT:CREW_COORDINATION_FAILURE,CONTRIBUTES_TO,EVT:LOSS_OF_CONTROL_GROUND,18
EVT:CREW_COORDINATION_FAILURE,CAUSES,EVT:LOSS_OF_CONTROL_GROUND,1
EVT:CREW_COORDINATION_FAILURE,CAUSES,EVT:CONTROL_INPUT_IMPROPER,7
EVT:CREW_COORDINATION_FAILURE,CONTRIBUTES_TO,EVT:CONTROL_INPUT_IMPROPER,36
EVT:CREW_COORDINATION_FAILURE,TRIGGERS,EVT:CONTROL_INPUT_IMPROPER,1
EVT:CREW_COORDINATION_FAILURE,RESPONDS_TO,EVT:CONTROL_INPUT_IMPROPER,1
EVT:CREW_COORDINATION_FAILURE,CONTRIBUTES_TO,EVT:PERCEPTION_FAILURE,1
EVT:CREW_COORDINATION_FAILURE,CONTRIBUTES_TO,EVT:RUNWAY_EXCURSION_OR_OVERRUN,13
EVT:CREW_COORDINATION_FAILURE,CAUSES,EVT:RUNWAY_EXCURSION_OR_OVERRUN,3
EVT:CREW_COORDINATION_FAILURE,CONTRIBUTES_TO,EVT:PROCEDURE_NOT_FOLLOWED,1
EVT:CREW_COORDINATION_FAILURE,CONTRIBUTES_TO,EVT:GROUND_IMPACT,23
EVT:CREW_COORDINATION_FAILURE,CAUSES,EVT:GROUND_IMPACT,3
EVT:CREW_COORDINATION_FAILURE,CONTRIBUTES_TO,EVT:DECISION_INAPPROPRIATE,3
EVT:CREW_COORDINATION_FAILURE,CONCURRENT,EVT:DECISION_INAPPROPRIATE,1
EVT:CREW_COORDINATION_FAILURE,CONTRIBUTES_TO,EVT:LANDING_GEAR_ANOMALY,2
EVT:CREW_COORDINATION_FAILURE,CONTRIBUTES_TO,EVT:STRUCTURAL_OVERLOAD,1
EVT:CREW_COORDINATION_FAILURE,CAUSES,EVT:TRAINING_OR_CURRENCY_GAP,1
EVT:CREW_COORDINATION_FAILURE,CONTRIBUTES_TO,EVT:LOSS_OF_CONTROL_INFLIGHT,2
EVT:CREW_COORDINATION_FAILURE,INDUCED_CONDITION,COND:human_factors,1
EVT:CREW_COORDINATION_FAILURE,UNDER_CONDITION,COND:human_factors,1
EVT:CREW_COORDINATION_FAILURE,CAUSES,COND:organizational,1
COND:latent_defect,CAUSES,COND:mechanical,12
COND:latent_defect,ENABLES,COND:mechanical,1
COND:latent_defect,ENABLES,EVT:PROCEDURE_NOT_FOLLOWED,1
COND:latent_defect,CONTRIBUTES_TO,EVT:PROCEDURE_NOT_FOLLOWED,1
COND:latent_defect,INHIBITS,EVT:PROCEDURE_NOT_FOLLOWED,1
COND:latent_defect,CONTRIBUTES_TO,EVT:LANDING_GEAR_ANOMALY,1
COND:latent_defect,CAUSES,EVT:DECISION_INAPPROPRIATE,2
COND:latent_defect,CONTRIBUTES_TO,EVT:CONTROL_INPUT_IMPROPER,4
COND:latent_defect,CAUSES,EVT:MAINTENANCE_INADEQUATE,1
COND:latent_defect,CAUSES,EVT:LOSS_OF_CONTROL_GROUND,1
COND:latent_defect,CONTRIBUTES_TO,EVT:GROUND_IMPACT,1
COND:latent_defect,ENABLES,ENT:person,1
COND:latent_defect,INHIBITS,ENT:person,1
COND:terrain,UNDER_CONDITION,EVT:GROUND_IMPACT,4
COND:terrain,CONTRIBUTES_TO,EVT:GROUND_IMPACT,9
COND:terrain,ENABLES,EVT:GROUND_IMPACT,3
COND:terrain,CAUSES,EVT:GROUND_IMPACT,6
COND:terrain,CAUSES,EVT:RUNWAY_EXCURSION_OR_OVERRUN,3
COND:terrain,CONTRIBUTES_TO,EVT:RUNWAY_EXCURSION_OR_OVERRUN,3
COND:terrain,UNDER_CONDITION,EVT:RUNWAY_EXCURSION_OR_OVERRUN,1
COND:terrain,CONTRIBUTES_TO,EVT:CONTROL_INPUT_IMPROPER,1
COND:terrain,UNDER_CONDITION,EVT:CONTROL_INPUT_IMPROPER,2
COND:terrain,CAUSES,EVT:STRUCTURAL_OVERLOAD,1
COND:terrain,CONTRIBUTES_TO,EVT:STRUCTURAL_OVERLOAD,1
COND:terrain,CAUSES,COND:weather,2
COND:terrain,UNDER_CONDITION,EVT:GROUND_INCIDENT,1
COND:terrain,CONTRIBUTES_TO,EVT:LOSS_OF_CONTROL_GROUND,2
COND:terrain,CAUSES,EVT:LOSS_OF_CONTROL_GROUND,1
COND:terrain,UNDER_CONDITION,EVT:LOSS_OF_CONTROL_GROUND,1
COND:terrain,ENABLES,EVT:LOSS_OF_CONTROL_GROUND,1
COND:terrain,UNDER_CONDITION,EVT:DECISION_INAPPROPRIATE,1
COND:terrain,CAUSES,EVT:RUNWAY_CONDITION_HAZARD,1
COND:terrain,UNDER_CONDITION,EVT:RUNWAY_CONDITION_HAZARD,1
COND:terrain,CONTRIBUTES_TO,EVT:LANDING_GEAR_ANOMALY,1
COND:terrain,CAUSES,EVT:LANDING_GEAR_ANOMALY,1
COND:terrain,CONTRIBUTES_TO,EVT:STALL,1
COND:terrain,CONTRIBUTES_TO,EVT:PROCEDURE_NOT_FOLLOWED,1
COND:terrain,UNDER_CONDITION,EVT:TERRAIN_OR_OBSTACLE_PROXIMITY,1
COND:runway_condition,CAUSES,EVT:LOSS_OF_CONTROL_GROUND,1
COND:situational_awareness,CONTRIBUTES_TO,EVT:CONTROL_INPUT_IMPROPER,1
COND:situational_awareness,CAUSES,EVT:DECISION_INAPPROPRIATE,2
COND:situational_awareness,CAUSES,EVT:CREW_COORDINATION_FAILURE,1
EVT:TURBULENCE_ENCOUNTER,TRIGGERS,EVT:CONTROL_INPUT_IMPROPER,4
EVT:TURBULENCE_ENCOUNTER,CONCURRENT,EVT:CONTROL_INPUT_IMPROPER,1
EVT:TURBULENCE_ENCOUNTER,CAUSES,EVT:CONTROL_INPUT_IMPROPER,1
EVT:TURBULENCE_ENCOUNTER,RESPONDS_TO,EVT:CONTROL_INPUT_IMPROPER,4
EVT:TURBULENCE_ENCOUNTER,CONTRIBUTES_TO,EVT:CONTROL_INPUT_IMPROPER,4
EVT:TURBULENCE_ENCOUNTER,UNDER_CONDITION,COND:weather,10
EVT:TURBULENCE_ENCOUNTER,CAUSES,COND:weather,1
EVT:TURBULENCE_ENCOUNTER,INDUCED_CONDITION,COND:weather,1
EVT:TURBULENCE_ENCOUNTER,INDUCED_CONDITION,COND:environmental,2
EVT:TURBULENCE_ENCOUNTER,UNDER_CONDITION,COND:environmental,1
EVT:TURBULENCE_ENCOUNTER,CAUSES,EVT:FUEL_SYSTEM_ANOMALY,1
EVT:TURBULENCE_ENCOUNTER,CAUSES,EVT:ALTITUDE_DEVIATION_UNCONTROLLED,1
EVT:TURBULENCE_ENCOUNTER,RESPONDS_TO,EVT:PROCEDURE_NOT_FOLLOWED,1
EVT:TURBULENCE_ENCOUNTER,CAUSES,EVT:LOSS_OF_CONTROL_GROUND,6
EVT:TURBULENCE_ENCOUNTER,CONTRIBUTES_TO,EVT:LOSS_OF_CONTROL_GROUND,1
EVT:TURBULENCE_ENCOUNTER,CAUSES,EVT:LOSS_OF_CONTROL_INFLIGHT,2
EVT:TURBULENCE_ENCOUNTER,CAUSES,EVT:STALL,1
EVT:TURBULENCE_ENCOUNTER,CAUSES,EVT:WIND_SHEAR_OR_GUST,1
EVT:ALTITUDE_DEVIATION_UNCONTROLLED,TRIGGERS,EVT:CREW_COORDINATION_FAILURE,1
EVT:ALTITUDE_DEVIATION_UNCONTROLLED,RESPONDS_TO,EVT:CONTROL_INPUT_IMPROPER,1
EVT:ALTITUDE_DEVIATION_UNCONTROLLED,TRIGGERS,EVT:CONTROL_INPUT_IMPROPER,4
EVT:ALTITUDE_DEVIATION_UNCONTROLLED,CAUSES,EVT:CONTROL_INPUT_IMPROPER,1
EVT:ALTITUDE_DEVIATION_UNCONTROLLED,CAUSES,EVT:GROUND_IMPACT,12
EVT:ALTITUDE_DEVIATION_UNCONTROLLED,TRIGGERS,EVT:DECISION_INAPPROPRIATE,4
EVT:ALTITUDE_DEVIATION_UNCONTROLLED,RESPONDS_TO,EVT:DECISION_INAPPROPRIATE,2
EVT:ALTITUDE_DEVIATION_UNCONTROLLED,CAUSES,EVT:RUNWAY_EXCURSION_OR_OVERRUN,6
EVT:ALTITUDE_DEVIATION_UNCONTROLLED,CAUSES,EVT:LOSS_OF_CONTROL_INFLIGHT,1
EVT:ALTITUDE_DEVIATION_UNCONTROLLED,CAUSES,EVT:LOSS_OF_CONTROL_GROUND,2
EVT:ALTITUDE_DEVIATION_UNCONTROLLED,CONTRIBUTES_TO,EVT:LOSS_OF_CONTROL_GROUND,1
EVT:ALTITUDE_DEVIATION_UNCONTROLLED,CAUSES,EVT:LANDING_GEAR_ANOMALY,1
EVT:ALTITUDE_DEVIATION_UNCONTROLLED,INDUCED_CONDITION,COND:environmental,1
EVT:ALTITUDE_DEVIATION_UNCONTROLLED,CAUSES,EVT:TERRAIN_OR_OBSTACLE_PROXIMITY,1
EVT:ALTITUDE_DEVIATION_UNCONTROLLED,CAUSES,EVT:STALL,1
EVT:ALTITUDE_DEVIATION_UNCONTROLLED,UNDER_CONDITION,COND:mechanical,1
EVT:ALTITUDE_DEVIATION_UNCONTROLLED,UNDER_CONDITION,COND:weather,1
EVT:ALTITUDE_DEVIATION_UNCONTROLLED,CONCURRENT,EVT:WIND_SHEAR_OR_GUST,1
COND:human_factors,CONTRIBUTES_TO,EVT:RUNWAY_EXCURSION_OR_OVERRUN,6
COND:human_factors,CONTRIBUTES_TO,EVT:CONTROL_INPUT_IMPROPER,63
COND:human_factors,CAUSES,EVT:CONTROL_INPUT_IMPROPER,8
COND:human_factors,UNDER_CONDITION,EVT:CONTROL_INPUT_IMPROPER,5
COND:human_factors,ENABLES,EVT:CONTROL_INPUT_IMPROPER,2
COND:human_factors,CONTRIBUTES_TO,EVT:DECISION_INAPPROPRIATE,4
COND:human_factors,CAUSES,EVT:DECISION_INAPPROPRIATE,1
COND:human_factors,CONTRIBUTES_TO,EVT:LOSS_OF_CONTROL_GROUND,13
COND:human_factors,CAUSES,EVT:LOSS_OF_CONTROL_GROUND,5
COND:human_factors,CONTRIBUTES_TO,EVT:PROCEDURE_NOT_FOLLOWED,3
COND:human_factors,UNDER_CONDITION,EVT:PROCEDURE_NOT_FOLLOWED,1
COND:human_factors,CAUSES,EVT:PROCEDURE_NOT_FOLLOWED,2
COND:human_factors,CONTRIBUTES_TO,EVT:PERCEPTION_FAILURE,3
COND:human_factors,CONTRIBUTES_TO,EVT:INJURY_OR_FATALITY,1
COND:human_factors,CONTRIBUTES_TO,EVT:CREW_COORDINATION_FAILURE,1
COND:human_factors,UNDER_CONDITION,EVT:CREW_COORDINATION_FAILURE,1
COND:human_factors,INHIBITS,EVT:LOSS_OF_CONTROL_INFLIGHT,1
ENT:person,SUPERVISED_BY,EVT:CONTROL_INPUT_IMPROPER,2
ENT:person,PERFORMED_BY,EVT:CONTROL_INPUT_IMPROPER,2
ENT:person,CAUSES,EVT:CONTROL_INPUT_IMPROPER,3
ENT:person,RESPONDS_TO,EVT:CONTROL_INPUT_IMPROPER,4
ENT:person,INHIBITS,EVT:CONTROL_INPUT_IMPROPER,1
ENT:person,PERFORMED_BY,EVT:LOSS_OF_CONTROL_GROUND,1
ENT:person,RESPONDS_TO,EVT:LOSS_OF_CONTROL_GROUND,6
ENT:person,?,EVT:LOSS_OF_CONTROL_GROUND,1
ENT:person,CAUSES,EVT:LOSS_OF_CONTROL_GROUND,1
ENT:person,CAUSES,EVT:RUNWAY_EXCURSION_OR_OVERRUN,3
ENT:person,RESPONDS_TO,EVT:RUNWAY_EXCURSION_OR_OVERRUN,4
ENT:person,UNDER_CONDITION,EVT:RUNWAY_EXCURSION_OR_OVERRUN,1
ENT:person,?,EVT:RUNWAY_EXCURSION_OR_OVERRUN,1
ENT:person,SUPERVISED_BY,ENT:person,1
ENT:person,UNDER_CONDITION,COND:human,1
ENT:person,UNDER_CONDITION,COND:weather,1
ENT:person,CAUSES,EVT:PROCEDURE_NOT_FOLLOWED,1
EVT:STALL,TRIGGERS,EVT:PROCEDURE_NOT_FOLLOWED,1
EVT:STALL,CAUSES,EVT:LOSS_OF_CONTROL_INFLIGHT,5
EVT:STALL,CAUSES,EVT:GROUND_IMPACT,33
EVT:STALL,CAUSES,EVT:WATER_IMPACT,1
EVT:STALL,CAUSES,EVT:STRUCTURAL_OVERLOAD,1
EVT:STALL,RESPONDS_TO,EVT:CONTROL_INPUT_IMPROPER,2
EVT:STALL,CAUSES,EVT:CONTROL_INPUT_IMPROPER,1
EVT:STALL,TRIGGERS,EVT:CONTROL_INPUT_IMPROPER,2
EVT:STALL,CAUSES,EVT:LOSS_OF_CONTROL_GROUND,4
EVT:STALL,CONTRIBUTES_TO,EVT:LOSS_OF_CONTROL_GROUND,1
EVT:STALL,CAUSES,EVT:RUNWAY_EXCURSION_OR_OVERRUN,3
EVT:STALL,TRIGGERS,EVT:DECISION_INAPPROPRIATE,1
EVT:STALL,TRIGGERS,EVT:PERCEPTION_FAILURE,2
EVT:STALL,INDUCED_CONDITION,COND:aircraft_state,1
EVT:STALL,UNDER_CONDITION,COND:weather,1
COND:organizational,CONTRIBUTES_TO,EVT:PROCEDURE_NOT_FOLLOWED,2
COND:organizational,CAUSES,EVT:PROCEDURE_NOT_FOLLOWED,3
COND:organizational,ENABLES,EVT:PROCEDURE_NOT_FOLLOWED,1
COND:organizational,CONTRIBUTES_TO,EVT:CONTROL_INPUT_IMPROPER,22
COND:organizational,CAUSES,EVT:CONTROL_INPUT_IMPROPER,4
COND:organizational,INHIBITS,EVT:CONTROL_INPUT_IMPROPER,1
COND:organizational,UNDER_CONDITION,ENT:aircraft,1
COND:organizational,CAUSES,EVT:DECISION_INAPPROPRIATE,4
COND:organizational,CONTRIBUTES_TO,EVT:DECISION_INAPPROPRIATE,6
COND:organizational,INHIBITS,EVT:DECISION_INAPPROPRIATE,1
COND:organizational,ENABLES,COND:mechanical,4
COND:organizational,CAUSES,COND:mechanical,14
COND:organizational,CONTRIBUTES_TO,COND:mechanical,3
COND:organizational,CAUSES,COND:environmental,2
COND:organizational,ENABLES,COND:environmental,1
COND:organizational,CONTRIBUTES_TO,EVT:LOSS_OF_CONTROL_GROUND,11
COND:organizational,CONTRIBUTES_TO,EVT:CREW_COORDINATION_FAILURE,3
COND:organizational,CAUSES,EVT:CREW_COORDINATION_FAILURE,5
COND:organizational,ENABLES,EVT:CREW_COORDINATION_FAILURE,1
COND:organizational,CONTRIBUTES_TO,COND:human_factors,1
COND:organizational,CONTRIBUTES_TO,COND:organizational,1
COND:organizational,CONTRIBUTES_TO,EVT:RUNWAY_CONDITION_HAZARD,1
COND:organizational,INHIBITS,ENT:person,1
COND:organizational,SUPERVISED_BY,ENT:person,2
COND:organizational,CAUSES,EVT:MAINTENANCE_INADEQUATE,2
COND:organizational,ENABLES,EVT:MAINTENANCE_INADEQUATE,2
COND:organizational,CAUSES,COND:knowledge,1
COND:organizational,ENABLES,COND:knowledge,1
COND:organizational,UNDER_CONDITION,EVT:ORG_OR_REGULATORY_INADEQUATE,1
COND:organizational,CAUSES,EVT:ORG_OR_REGULATORY_INADEQUATE,1
COND:organizational,INHIBITS,EVT:RUNWAY_EXCURSION_OR_OVERRUN,1
COND:organizational,CONTRIBUTES_TO,EVT:RUNWAY_EXCURSION_OR_OVERRUN,1
COND:organizational,ENABLES,COND:physical,1
COND:organizational,ENABLES,COND:weather,1
COND:organizational,CAUSES,COND:weather,1
COND:organizational,ENABLES,EVT:GROUND_PERSONNEL_ERROR,1
COND:organizational,CONTRIBUTES_TO,EVT:GROUND_IMPACT,2
COND:organizational,CAUSES,EVT:PERCEPTION_FAILURE,1
COND:physiological,CONTRIBUTES_TO,EVT:CONTROL_INPUT_IMPROPER,3
COND:physiological,CAUSES,EVT:CONTROL_INPUT_IMPROPER,1
COND:physiological,CAUSES,EVT:PERCEPTION_FAILURE,2
COND:physiological,CONTRIBUTES_TO,EVT:DECISION_INAPPROPRIATE,1
COND:physiological,CAUSES,EVT:PILOT_INCAPACITATION_OR_IMPAIRMENT,3
EVT:TERRAIN_OR_OBSTACLE_PROXIMITY,CAUSES,EVT:GROUND_IMPACT,35
EVT:TERRAIN_OR_OBSTACLE_PROXIMITY,CAUSES,EVT:LOSS_OF_CONTROL_INFLIGHT,4
EVT:TERRAIN_OR_OBSTACLE_PROXIMITY,CAUSES,EVT:STALL,1
EVT:TERRAIN_OR_OBSTACLE_PROXIMITY,UNDER_CONDITION,COND:environmental,12
EVT:TERRAIN_OR_OBSTACLE_PROXIMITY,CAUSES,EVT:LANDING_GEAR_ANOMALY,7
EVT:TERRAIN_OR_OBSTACLE_PROXIMITY,CAUSES,EVT:LOSS_OF_CONTROL_GROUND,4
EVT:TERRAIN_OR_OBSTACLE_PROXIMITY,CONTRIBUTES_TO,EVT:LOSS_OF_CONTROL_GROUND,1
EVT:TERRAIN_OR_OBSTACLE_PROXIMITY,RESPONDS_TO,EVT:DECISION_INAPPROPRIATE,1
EVT:TERRAIN_OR_OBSTACLE_PROXIMITY,TRIGGERS,EVT:DECISION_INAPPROPRIATE,1
EVT:TERRAIN_OR_OBSTACLE_PROXIMITY,TRIGGERS,EVT:CONTROL_INPUT_IMPROPER,3
EVT:TERRAIN_OR_OBSTACLE_PROXIMITY,UNDER_CONDITION,COND:terrain,4
EVT:TERRAIN_OR_OBSTACLE_PROXIMITY,CAUSES,COND:mechanical,1
EVT:TERRAIN_OR_OBSTACLE_PROXIMITY,INDUCED_CONDITION,COND:mechanical,1
EVT:TERRAIN_OR_OBSTACLE_PROXIMITY,CAUSES,EVT:STRUCTURAL_OVERLOAD,2
EVT:TERRAIN_OR_OBSTACLE_PROXIMITY,UNDER_CONDITION,COND:weather,1
EVT:TERRAIN_OR_OBSTACLE_PROXIMITY,CAUSES,EVT:AIRFRAME_STRUCTURAL_FAILURE,1
EVT:TERRAIN_OR_OBSTACLE_PROXIMITY,CAUSES,EVT:MIDAIR_COLLISION,1
EVT:TERRAIN_OR_OBSTACLE_PROXIMITY,TRIGGERS,EVT:PROCEDURE_NOT_FOLLOWED,1
EVT:TERRAIN_OR_OBSTACLE_PROXIMITY,CAUSES,EVT:ALTITUDE_DEVIATION_UNCONTROLLED,1
EVT:TERRAIN_OR_OBSTACLE_PROXIMITY,INDUCED_CONDITION,COND:aerodynamic,1
ENT:aircraft,UNDER_CONDITION,COND:latent_defect,1
ENT:aircraft,CAUSES,COND:environmental,1
ENT:aircraft,CAUSES,COND:weather,1
ENT:aircraft,CAUSES,EVT:GROUND_IMPACT,1
COND:information,ENABLES,EVT:DECISION_INAPPROPRIATE,2
COND:information,CONTRIBUTES_TO,EVT:DECISION_INAPPROPRIATE,2
COND:information,CONTRIBUTES_TO,EVT:RUNWAY_EXCURSION_OR_OVERRUN,1
COND:information,CONTRIBUTES_TO,EVT:CONTROL_INPUT_IMPROPER,7
COND:information,UNDER_CONDITION,EVT:CONTROL_INPUT_IMPROPER,1
COND:information,CAUSES,EVT:PROCEDURE_NOT_FOLLOWED,2
COND:information,CONTRIBUTES_TO,EVT:PROCEDURE_NOT_FOLLOWED,1
COND:information,MASKED_BY_CONDITION,COND:weather,1
COND:information,MASKED_BY_CONDITION,EVT:PERCEPTION_FAILURE,2
COND:information,CAUSES,EVT:PERCEPTION_FAILURE,3
COND:information,CONTRIBUTES_TO,EVT:PERCEPTION_FAILURE,1
COND:information,UNDER_CONDITION,EVT:PERCEPTION_FAILURE,1
EVT:LOSS_OF_CONTROL_INFLIGHT,CAUSES,EVT:GROUND_IMPACT,57
EVT:LOSS_OF_CONTROL_INFLIGHT,CAUSES,EVT:INFLIGHT_FIRE_OR_SMOKE,1
EVT:LOSS_OF_CONTROL_INFLIGHT,TRIGGERS,EVT:DECISION_INAPPROPRIATE,2
EVT:LOSS_OF_CONTROL_INFLIGHT,RESPONDS_TO,EVT:DECISION_INAPPROPRIATE,6
EVT:LOSS_OF_CONTROL_INFLIGHT,CAUSES,EVT:RUNWAY_EXCURSION_OR_OVERRUN,11
EVT:LOSS_OF_CONTROL_INFLIGHT,RESPONDS_TO,EVT:CONTROL_INPUT_IMPROPER,15
EVT:LOSS_OF_CONTROL_INFLIGHT,CAUSES,EVT:CONTROL_INPUT_IMPROPER,5
EVT:LOSS_OF_CONTROL_INFLIGHT,TRIGGERS,EVT:CONTROL_INPUT_IMPROPER,1
EVT:LOSS_OF_CONTROL_INFLIGHT,CONCURRENT,EVT:CONTROL_INPUT_IMPROPER,1
EVT:LOSS_OF_CONTROL_INFLIGHT,CAUSES,EVT:TERRAIN_OR_OBSTACLE_PROXIMITY,2
EVT:LOSS_OF_CONTROL_INFLIGHT,CAUSES,EVT:STALL,4
EVT:LOSS_OF_CONTROL_INFLIGHT,UNDER_CONDITION,COND:weather,4
EVT:LOSS_OF_CONTROL_INFLIGHT,CAUSES,EVT:LOSS_OF_CONTROL_INFLIGHT,3
EVT:LOSS_OF_CONTROL_INFLIGHT,TRIGGERS,EVT:PROCEDURE_NOT_FOLLOWED,2
EVT:LOSS_OF_CONTROL_INFLIGHT,RESPONDS_TO,EVT:PROCEDURE_NOT_FOLLOWED,2
EVT:LOSS_OF_CONTROL_INFLIGHT,CAUSES,EVT:LOSS_OF_CONTROL_GROUND,1
EVT:LOSS_OF_CONTROL_INFLIGHT,CAUSES,EVT:WATER_IMPACT,6
EVT:LOSS_OF_CONTROL_INFLIGHT,CAUSES,EVT:ALTITUDE_DEVIATION_UNCONTROLLED,2
EVT:LOSS_OF_CONTROL_INFLIGHT,UNDER_CONDITION,COND:environmental,3
EVT:LOSS_OF_CONTROL_INFLIGHT,CAUSES,EVT:INFLIGHT_BREAKUP,1
EVT:LOSS_OF_CONTROL_INFLIGHT,TRIGGERS,EVT:CREW_COORDINATION_FAILURE,1
EVT:LOSS_OF_CONTROL_INFLIGHT,CAUSES,EVT:AIRFRAME_STRUCTURAL_FAILURE,1
EVT:LOSS_OF_CONTROL_INFLIGHT,INDUCED_CONDITION,COND:aerodynamic,1
COND:spatial,CAUSES,EVT:SPATIAL_DISORIENTATION,1
COND:spatial,CONTRIBUTES_TO,EVT:RUNWAY_EXCURSION_OR_OVERRUN,1
COND:spatial,ENABLES,EVT:TURBULENCE_ENCOUNTER,1
COND:spatial,CAUSES,EVT:DECISION_INAPPROPRIATE,1
EVT:SPATIAL_DISORIENTATION,CAUSES,EVT:PERCEPTION_FAILURE,1
EVT:SPATIAL_DISORIENTATION,UNDER_CONDITION,COND:spatial,1
EVT:SPATIAL_DISORIENTATION,INDUCED_CONDITION,COND:spatial,1
EVT:SPATIAL_DISORIENTATION,CAUSES,EVT:PROCEDURE_NOT_FOLLOWED,1
EVT:SPATIAL_DISORIENTATION,CAUSES,EVT:DECISION_INAPPROPRIATE,1
COND:weight_balance,CONTRIBUTES_TO,EVT:CONTROL_INPUT_IMPROPER,1
EVT:ENGINE_FAILURE,INDUCED_CONDITION,COND:mechanical,4
EVT:ENGINE_FAILURE,UNDER_CONDITION,COND:mechanical,2
EVT:ENGINE_FAILURE,CAUSES,COND:mechanical,1
EVT:ENGINE_FAILURE,CAUSES,EVT:ENGINE_FAILURE,2
EVT:ENGINE_FAILURE,CAUSES,EVT:RUNWAY_EXCURSION_OR_OVERRUN,3
EVT:ENGINE_FAILURE,CONTRIBUTES_TO,EVT:CONTROL_INPUT_IMPROPER,1
EVT:ENGINE_FAILURE,TRIGGERS,EVT:CONTROL_INPUT_IMPROPER,3
EVT:ENGINE_FAILURE,CAUSES,EVT:LOSS_OF_CONTROL_GROUND,12
EVT:ENGINE_FAILURE,TRIGGERS,EVT:LOSS_OF_CONTROL_GROUND,3
EVT:ENGINE_FAILURE,CONTRIBUTES_TO,EVT:LOSS_OF_CONTROL_GROUND,1
EVT:ENGINE_FAILURE,TRIGGERS,EVT:PROCEDURE_NOT_FOLLOWED,2
EVT:ENGINE_FAILURE,RESPONDS_TO,EVT:PROCEDURE_NOT_FOLLOWED,1
EVT:ENGINE_FAILURE,CAUSES,EVT:LOSS_OF_CONTROL_INFLIGHT,3
EVT:ENGINE_FAILURE,RESPONDS_TO,EVT:DECISION_INAPPROPRIATE,1
EVT:ENGINE_FAILURE,CAUSES,EVT:DECISION_INAPPROPRIATE,4
EVT:ENGINE_FAILURE,TRIGGERS,EVT:DECISION_INAPPROPRIATE,3
EVT:ENGINE_FAILURE,CONCURRENT,EVT:PILOT_INCAPACITATION_OR_IMPAIRMENT,1
EVT:ENGINE_FAILURE,CAUSES,EVT:AIRFRAME_STRUCTURAL_FAILURE,2
EVT:ENGINE_FAILURE,CONTRIBUTES_TO,EVT:GROUND_IMPACT,1
EVT:ENGINE_FAILURE,CAUSES,EVT:GROUND_IMPACT,1
EVT:ENGINE_FAILURE,CAUSES,EVT:LANDING_GEAR_ANOMALY,1
EVT:ENGINE_FAILURE,TRIGGERS,EVT:EMERGENCY_LANDING,1
EVT:ENGINE_FAILURE,CAUSES,EVT:GROUND_RESONANCE,1
EVT:MAINTENANCE_INADEQUATE,CAUSES,COND:mechanical,58
EVT:MAINTENANCE_INADEQUATE,INDUCED_CONDITION,COND:mechanical,4
EVT:MAINTENANCE_INADEQUATE,MASKED_BY_CONDITION,COND:mechanical,1
EVT:MAINTENANCE_INADEQUATE,MITIGATES,COND:mechanical,1
EVT:MAINTENANCE_INADEQUATE,ENABLES,COND:mechanical,3
EVT:MAINTENANCE_INADEQUATE,CONTRIBUTES_TO,COND:mechanical,2
EVT:MAINTENANCE_INADEQUATE,CAUSES,COND:maintenance,1
EVT:MAINTENANCE_INADEQUATE,MASKED_BY_CONDITION,COND:environmental,1
EVT:MAINTENANCE_INADEQUATE,AFFECTS,ENT:aircraft,1
EVT:MAINTENANCE_INADEQUATE,CAUSES,COND:latent_defect,5
EVT:MAINTENANCE_INADEQUATE,CAUSES,COND:organizational,2
EVT:MAINTENANCE_INADEQUATE,INDUCED_CONDITION,COND:organizational,2
EVT:MAINTENANCE_INADEQUATE,CAUSES,COND:design,1
COND:knowledge,CONTRIBUTES_TO,EVT:LOSS_OF_CONTROL_GROUND,1
COND:knowledge,UNDER_CONDITION,EVT:LOSS_OF_CONTROL_GROUND,1
COND:knowledge,UNDER_CONDITION,EVT:PERCEPTION_FAILURE,1
COND:knowledge,CAUSES,EVT:PERCEPTION_FAILURE,1
COND:knowledge,CAUSES,EVT:CONTROL_INPUT_IMPROPER,2
COND:knowledge,CONTRIBUTES_TO,EVT:CONTROL_INPUT_IMPROPER,3
COND:knowledge,ENABLES,EVT:CONTROL_INPUT_IMPROPER,1
COND:knowledge,CAUSES,EVT:DECISION_INAPPROPRIATE,3
COND:knowledge,UNDER_CONDITION,EVT:DECISION_INAPPROPRIATE,1
COND:knowledge,ENABLES,EVT:DECISION_INAPPROPRIATE,1
COND:knowledge,CAUSES,EVT:MAINTENANCE_INADEQUATE,1
COND:knowledge,ENABLES,EVT:PROCEDURE_NOT_FOLLOWED,2
COND:knowledge,CAUSES,EVT:PROCEDURE_NOT_FOLLOWED,2
COND:knowledge,CONTRIBUTES_TO,EVT:RUNWAY_CONDITION_HAZARD,1
COND:knowledge,UNDER_CONDITION,ENT:person,1
COND:runway,CAUSES,EVT:LOSS_OF_CONTROL_GROUND,1
EVT:LANDING,PRECEDES,EVT:CONTROL_INPUT_IMPROPER,2
EVT:LANDING,TRIGGERS,EVT:CONTROL_INPUT_IMPROPER,1
EVT:LANDING,PRECEDES,EVT:GROUND_IMPACT,1
EVT:LANDING,PRECEDES,EVT:RUNWAY_CONDITION_HAZARD,1
EVT:LANDING,PRECEDES,EVT:PROCEDURE_NOT_FOLLOWED,1
EVT:LANDING,PRECEDES,EVT:TAXI,1
EVT:CONTROL_SURFACE_ANOMALY,CAUSES,EVT:LOSS_OF_CONTROL_GROUND,27
EVT:CONTROL_SURFACE_ANOMALY,CONTRIBUTES_TO,EVT:LOSS_OF_CONTROL_GROUND,4
EVT:CONTROL_SURFACE_ANOMALY,UNDER_CONDITION,COND:mechanical,15
EVT:CONTROL_SURFACE_ANOMALY,INDUCED_CONDITION,COND:mechanical,10
EVT:CONTROL_SURFACE_ANOMALY,CAUSES,COND:mechanical,1
EVT:CONTROL_SURFACE_ANOMALY,RESPONDS_TO,EVT:DECISION_INAPPROPRIATE,1
EVT:CONTROL_SURFACE_ANOMALY,TRIGGERS,EVT:DECISION_INAPPROPRIATE,2
EVT:CONTROL_SURFACE_ANOMALY,CONTRIBUTES_TO,EVT:GROUND_IMPACT,1
EVT:CONTROL_SURFACE_ANOMALY,CAUSES,EVT:GROUND_IMPACT,2
EVT:CONTROL_SURFACE_ANOMALY,INHIBITS,EVT:CONTROL_INPUT_IMPROPER,2
EVT:CONTROL_SURFACE_ANOMALY,CONTRIBUTES_TO,EVT:CONTROL_INPUT_IMPROPER,2
EVT:CONTROL_SURFACE_ANOMALY,TRIGGERS,EVT:CONTROL_INPUT_IMPROPER,2
EVT:CONTROL_SURFACE_ANOMALY,RESPONDS_TO,EVT:CONTROL_INPUT_IMPROPER,5
EVT:CONTROL_SURFACE_ANOMALY,CAUSES,EVT:CONTROL_INPUT_IMPROPER,1
EVT:CONTROL_SURFACE_ANOMALY,CAUSES,EVT:LOSS_OF_CONTROL_INFLIGHT,2
EVT:CONTROL_SURFACE_ANOMALY,CAUSES,EVT:RUNWAY_EXCURSION_OR_OVERRUN,10
EVT:CONTROL_SURFACE_ANOMALY,CAUSES,EVT:CONTROL_SURFACE_ANOMALY,1
EVT:CONTROL_SURFACE_ANOMALY,RESPONDS_TO,EVT:PROCEDURE_NOT_FOLLOWED,1
EVT:CONTROL_SURFACE_ANOMALY,CAUSES,EVT:PERCEPTION_FAILURE,1
EVT:CONTROL_SURFACE_ANOMALY,CO_OCCURS,COND:environmental,1
EVT:CONTROL_SURFACE_ANOMALY,CAUSES,EVT:ENGINE_FAILURE,1
EVT:CONTROL_SURFACE_ANOMALY,UNDER_CONDITION,ENT:component,1
COND:resource,CAUSES,EVT:DECISION_INAPPROPRIATE,1
COND:resource,CAUSES,EVT:FUEL_SYSTEM_ANOMALY,1
COND:resource,CAUSES,EVT:RUNWAY_EXCURSION_OR_OVERRUN,1
EVT:BRAKE_FAILURE,CAUSES,EVT:LOSS_OF_CONTROL_GROUND,2
EVT:BRAKE_FAILURE,UNDER_CONDITION,COND:mechanical,5
EVT:BRAKE_FAILURE,CAUSES,EVT:RUNWAY_EXCURSION_OR_OVERRUN,3
EVT:BRAKE_FAILURE,RESPONDS_TO,EVT:DECISION_INAPPROPRIATE,1
EVT:BRAKE_FAILURE,RESPONDS_TO,EVT:CONTROL_INPUT_IMPROPER,2
EVT:BRAKE_FAILURE,CAUSES,EVT:GROUND_IMPACT,1
EVT:BRAKE_FAILURE,CAUSES,EVT:GROUND_LOOP,1
EVT:BRAKE_FAILURE,CAUSES,EVT:LOSS_OF_DIRECTIONAL_CONTROL,2
EVT:STRUCTURAL_DAMAGE,CAUSES,EVT:GROUND_IMPACT,1
COND:human_performance,CONTRIBUTES_TO,EVT:RUNWAY_EXCURSION_OR_OVERRUN,1
COND:human_performance,CAUSES,EVT:DECISION_INAPPROPRIATE,1
COND:human_performance,CONTRIBUTES_TO,EVT:CONTROL_INPUT_IMPROPER,10
COND:human_performance,UNDER_CONDITION,EVT:CONTROL_INPUT_IMPROPER,2
COND:human_performance,CAUSES,EVT:CONTROL_INPUT_IMPROPER,2
COND:human_performance,CONTRIBUTES_TO,EVT:LOSS_OF_CONTROL_GROUND,2
COND:human_performance,CONTRIBUTES_TO,EVT:PROCEDURE_NOT_FOLLOWED,1
COND:human_performance,CAUSES,EVT:PERCEPTION_FAILURE,1
COND:location,CONTRIBUTES_TO,EVT:GROUND_IMPACT,2
COND:location,ENABLES,EVT:GROUND_IMPACT,2
COND:location,CAUSES,COND:environmental,1
COND:location,ENABLES,EVT:LOSS_OF_CONTROL_GROUND,1
COND:location,UNDER_CONDITION,EVT:RUNWAY_EXCURSION_OR_OVERRUN,1
COND:location,CAUSES,EVT:RUNWAY_EXCURSION_OR_OVERRUN,1
COND:infrastructure,CONTRIBUTES_TO,EVT:GROUND_IMPACT,5
COND:infrastructure,ENABLES,EVT:GROUND_IMPACT,3
COND:infrastructure,CONTRIBUTES_TO,EVT:LOSS_OF_CONTROL_GROUND,1
COND:infrastructure,CAUSES,EVT:LOSS_OF_CONTROL_GROUND,1
COND:infrastructure,CAUSES,EVT:DECISION_INAPPROPRIATE,2
COND:infrastructure,UNDER_CONDITION,EVT:DECISION_INAPPROPRIATE,2
COND:infrastructure,CONTRIBUTES_TO,EVT:DECISION_INAPPROPRIATE,2
COND:infrastructure,CONTRIBUTES_TO,EVT:CONTROL_INPUT_IMPROPER,2
COND:infrastructure,CAUSES,EVT:CONTROL_INPUT_IMPROPER,1
COND:infrastructure,ENABLES,EVT:RUNWAY_EXCURSION_OR_OVERRUN,2
COND:infrastructure,CONTRIBUTES_TO,EVT:RUNWAY_EXCURSION_OR_OVERRUN,1
COND:infrastructure,CONTRIBUTES_TO,EVT:WIND_SHEAR_OR_GUST,1
COND:infrastructure,UNDER_CONDITION,EVT:RUNWAY_CONDITION_HAZARD,1
EVT:FUEL_SYSTEM_ANOMALY,INDUCED_CONDITION,COND:mechanical,3
EVT:FUEL_SYSTEM_ANOMALY,CAUSES,EVT:ENGINE_FAILURE,1
EVT:FUEL_SYSTEM_ANOMALY,TRIGGERS,EVT:DECISION_INAPPROPRIATE,2
EVT:FUEL_SYSTEM_ANOMALY,CAUSES,EVT:INFLIGHT_FIRE_OR_SMOKE,1
EVT:FUEL_SYSTEM_ANOMALY,RESPONDS_TO,EVT:PROCEDURE_NOT_FOLLOWED,1
COND:surface,CONTRIBUTES_TO,EVT:CONTROL_INPUT_IMPROPER,1
COND:surface,CAUSES,EVT:CONTROL_INPUT_IMPROPER,1
COND:surface,UNDER_CONDITION,EVT:CONTROL_INPUT_IMPROPER,1
COND:surface,ENABLES,EVT:LANDING_GEAR_ANOMALY,2
COND:surface,UNDER_CONDITION,EVT:RUNWAY_EXCURSION_OR_OVERRUN,1
COND:surface,CAUSES,EVT:RUNWAY_EXCURSION_OR_OVERRUN,2
COND:surface,CONTRIBUTES_TO,EVT:RUNWAY_EXCURSION_OR_OVERRUN,3
COND:surface,CONTRIBUTES_TO,EVT:LOSS_OF_CONTROL_GROUND,4
COND:surface,ENABLES,EVT:LOSS_OF_CONTROL_GROUND,2
COND:surface,UNDER_CONDITION,EVT:LOSS_OF_CONTROL_GROUND,2
COND:surface,CAUSES,EVT:LOSS_OF_CONTROL_GROUND,1
COND:surface,UNDER_CONDITION,EVT:GROUND_IMPACT,1
COND:surface,CAUSES,EVT:GROUND_IMPACT,1
COND:surface,CONTRIBUTES_TO,EVT:GROUND_IMPACT,1
COND:surface,CONTRIBUTES_TO,EVT:PROCEDURE_NOT_FOLLOWED,1
COND:surface,CONTRIBUTES_TO,EVT:STRUCTURAL_OVERLOAD,1
COND:maintenance,CAUSES,COND:mechanical,7
COND:psychological,CAUSES,EVT:DECISION_INAPPROPRIATE,5
COND:psychological,CONTRIBUTES_TO,EVT:DECISION_INAPPROPRIATE,1
COND:psychological,CAUSES,EVT:CONTROL_INPUT_IMPROPER,3
COND:psychological,CONTRIBUTES_TO,EVT:CONTROL_INPUT_IMPROPER,1
COND:psychological,CONTRIBUTES_TO,EVT:RUNWAY_EXCURSION_OR_OVERRUN,1
COND:attention,CONTRIBUTES_TO,EVT:CONTROL_INPUT_IMPROPER,2
COND:attention,CAUSES,EVT:CONTROL_INPUT_IMPROPER,1
EVT:SUCCESSFUL_RECOVERY,PRECEDES,EVT:RUNWAY_EXCURSION_OR_OVERRUN,1
EVT:SUCCESSFUL_RECOVERY,MITIGATES,EVT:GROUND_IMPACT,1
COND:pilot,CONTRIBUTES_TO,EVT:PROCEDURE_NOT_FOLLOWED,1
COND:pilot,CONTRIBUTES_TO,EVT:CONTROL_INPUT_IMPROPER,3
COND:pilot,CAUSES,EVT:CONTROL_INPUT_IMPROPER,2
COND:pilot,UNDER_CONDITION,EVT:CONTROL_INPUT_IMPROPER,2
COND:pilot,CAUSES,EVT:LOSS_OF_CONTROL_GROUND,1
COND:pilot,CONTRIBUTES_TO,EVT:RUNWAY_EXCURSION_OR_OVERRUN,1
EVT:LOW_VISIBILITY_OR_IMC,UNDER_CONDITION,COND:weather,5
EVT:LOW_VISIBILITY_OR_IMC,TRIGGERS,EVT:DECISION_INAPPROPRIATE,1
EVT:LOW_VISIBILITY_OR_IMC,INDUCED_CONDITION,COND:environmental,1
EVT:LOW_VISIBILITY_OR_IMC,UNDER_CONDITION,COND:environmental,3
EVT:LOW_VISIBILITY_OR_IMC,CAUSES,EVT:PERCEPTION_FAILURE,1
COND:design,CAUSES,EVT:CONTROL_INPUT_IMPROPER,1
COND:design,CONTRIBUTES_TO,EVT:INJURY_OR_FATALITY,1
COND:design,INHIBITS,EVT:INJURY_OR_FATALITY,1
COND:design,CAUSES,COND:mechanical,1
COND:design,CAUSES,EVT:LOSS_OF_CONTROL_GROUND,1
EVT:WATER_IMPACT,CAUSES,EVT:GROUND_IMPACT,1
EVT:WATER_IMPACT,CAUSES,EVT:STRUCTURAL_OVERLOAD,2
EVT:WATER_IMPACT,CAUSES,EVT:INJURY_OR_FATALITY,4
EVT:WATER_IMPACT,CAUSES,EVT:LOSS_OF_CONTROL_INFLIGHT,1
EVT:WATER_IMPACT,CAUSES,EVT:AIRFRAME_STRUCTURAL_FAILURE,1
EVT:WATER_IMPACT,UNDER_CONDITION,COND:environmental,2
EVT:WATER_IMPACT,PRECEDES,EVT:CONTROL_INPUT_IMPROPER,1
EVT:BRAKE_ANOMALY,CAUSES,EVT:LOSS_OF_CONTROL_GROUND,2
EVT:BRAKE_ANOMALY,UNDER_CONDITION,COND:mechanical,2
EVT:BRAKE_ANOMALY,CONTRIBUTES_TO,EVT:GROUND_LOOP,1
COND:operational,CAUSES,EVT:LOSS_OF_CONTROL_GROUND,4
COND:operational,CONTRIBUTES_TO,EVT:LOSS_OF_CONTROL_GROUND,2
COND:operational,UNDER_CONDITION,EVT:CONTROL_INPUT_IMPROPER,2
COND:operational,CAUSES,EVT:CONTROL_INPUT_IMPROPER,2
COND:operational,CONTRIBUTES_TO,EVT:CONTROL_INPUT_IMPROPER,1
COND:operational,ENABLES,EVT:CONTROL_INPUT_IMPROPER,1
COND:operational,CAUSES,EVT:DECISION_INAPPROPRIATE,2
COND:operational,INHIBITS,EVT:DECISION_INAPPROPRIATE,1
COND:operational,ENABLES,EVT:PROCEDURE_NOT_FOLLOWED,1
COND:operational,CAUSES,EVT:LOSS_OF_CONTROL_INFLIGHT,1
COND:operational,CAUSES,EVT:RUNWAY_EXCURSION_OR_OVERRUN,2
COND:operational,CAUSES,COND:operational,1
COND:aircraft_state,CAUSES,EVT:GROUND_IMPACT,1
COND:aircraft_state,CONTRIBUTES_TO,EVT:LOSS_OF_CONTROL_INFLIGHT,1
COND:aircraft_state,CAUSES,EVT:RUNWAY_EXCURSION_OR_OVERRUN,1
COND:aircraft_state,CAUSES,EVT:CONTROL_INPUT_IMPROPER,1
COND:training_gap,CAUSES,EVT:PROCEDURE_NOT_FOLLOWED,1
COND:training_gap,CONTRIBUTES_TO,EVT:CONTROL_INPUT_IMPROPER,1
COND:training_gap,CAUSES,EVT:CONTROL_INPUT_IMPROPER,1
COND:structural,CAUSES,EVT:LANDING_GEAR_ANOMALY,2
EVT:BIRD_OR_WILDLIFE_STRIKE,TRIGGERS,EVT:CONTROL_INPUT_IMPROPER,6
EVT:BIRD_OR_WILDLIFE_STRIKE,CONTRIBUTES_TO,EVT:CONTROL_INPUT_IMPROPER,1
COND:experience,CONTRIBUTES_TO,EVT:CONTROL_INPUT_IMPROPER,3
COND:aircraft_type,CONTRIBUTES_TO,EVT:CONTROL_INPUT_IMPROPER,1
EVT:TRAINING_OR_CURRENCY_GAP,CONTRIBUTES_TO,COND:experience,1
EVT:TRAINING_OR_CURRENCY_GAP,CONTEXT,COND:human_factor,1
EVT:TRAINING_OR_CURRENCY_GAP,CAUSES,EVT:LOSS_OF_CONTROL_GROUND,1
EVT:TRAINING_OR_CURRENCY_GAP,CONTRIBUTES_TO,EVT:LOSS_OF_CONTROL_GROUND,3
EVT:TRAINING_OR_CURRENCY_GAP,CONTRIBUTES_TO,EVT:CREW_COORDINATION_FAILURE,1
EVT:TRAINING_OR_CURRENCY_GAP,CAUSES,COND:knowledge,1
EVT:TRAINING_OR_CURRENCY_GAP,CONTRIBUTES_TO,EVT:CONTROL_INPUT_IMPROPER,2
COND:performance,UNDER_CONDITION,EVT:RUNWAY_EXCURSION_OR_OVERRUN,1
COND:performance,CAUSES,EVT:DECISION_INAPPROPRIATE,1
EVT:TAXIING,TRIGGERS,EVT:LOSS_OF_CONTROL_GROUND,1
EVT:TAXIING,TRIGGERS,EVT:CONTROL_INPUT_IMPROPER,1
EVT:TAXIING,ENABLES,EVT:WIND_SHEAR_OR_GUST,1
EVT:TAXIING,UNDER_CONDITION,COND:environmental,1
EVT:TAXIING,UNDER_CONDITION,COND:weather,1
EVT:ORG_OR_REGULATORY_INADEQUATE,CAUSES,COND:information,2
EVT:ORG_OR_REGULATORY_INADEQUATE,CONTRIBUTES_TO,EVT:CONTROL_INPUT_IMPROPER,4
EVT:ORG_OR_REGULATORY_INADEQUATE,CAUSES,COND:organizational,2
EVT:ORG_OR_REGULATORY_INADEQUATE,CAUSES,COND:infrastructure,1
EVT:ORG_OR_REGULATORY_INADEQUATE,CONTRIBUTES_TO,EVT:LOSS_OF_CONTROL_GROUND,1
COND:latent,CAUSES,EVT:RUNWAY_EXCURSION_OR_OVERRUN,1
COND:latent,CAUSES,EVT:CONTROL_INPUT_IMPROPER,1
COND:latent,CAUSES,EVT:PROCEDURE_NOT_FOLLOWED,1
EVT:TIRE_FAILURE,CAUSES,EVT:CONTROL_INPUT_IMPROPER,1
COND:regulatory,CONTRIBUTES_TO,EVT:RUNWAY_EXCURSION_OR_OVERRUN,1
COND:regulatory,CONTRIBUTES_TO,COND:human_factors,1
COND:regulatory,UNDER_CONDITION,ENT:person,2
COND:regulatory,UNDER_CONDITION,ENT:aircraft,1
COND:regulatory,CONTRIBUTES_TO,EVT:CONTROL_INPUT_IMPROPER,1
COND:regulatory,ENABLES,EVT:DECISION_INAPPROPRIATE,1
COND:regulatory,CONTRIBUTES_TO,EVT:DECISION_INAPPROPRIATE,1
COND:regulatory,ENABLES,EVT:TRAINING_OR_CURRENCY_GAP,1
COND:decision,CAUSES,EVT:RUNWAY_CONDITION_HAZARD,1
COND:other,CAUSES,COND:mechanical,1
COND:other,CONTRIBUTES_TO,EVT:CONTROL_INPUT_IMPROPER,3
COND:other,CAUSES,EVT:CONTROL_INPUT_IMPROPER,1
COND:other,ENABLES,EVT:CONTROL_INPUT_IMPROPER,2
COND:other,ENABLES,EVT:RUNWAY_EXCURSION_OR_OVERRUN,1
COND:other,CAUSES,COND:other,1
COND:other,UNDER_CONDITION,EVT:PERCEPTION_FAILURE,1
COND:other,CAUSES,EVT:CONTROL_SURFACE_ANOMALY,1
COND:other,CONTRIBUTES_TO,EVT:LOSS_OF_CONTROL_GROUND,1
EVT:GROUND_PERSONNEL_ERROR,CAUSES,COND:infrastructure,1
EVT:GROUND_PERSONNEL_ERROR,CAUSES,COND:mechanical,1
EVT:GROUND_PERSONNEL_ERROR,UNDER_CONDITION,COND:mechanical,1
EVT:GROUND_PERSONNEL_ERROR,INDUCED_CONDITION,COND:mechanical,1
EVT:GROUND_PERSONNEL_ERROR,AFFECTS,ENT:component,1
EVT:GROUND_PERSONNEL_ERROR,CAUSES,EVT:RUNWAY_EXCURSION_OR_OVERRUN,1
EVT:GROUND_PERSONNEL_ERROR,INDUCED_CONDITION,COND:knowledge,1
EVT:GROUND_PERSONNEL_ERROR,CONTRIBUTES_TO,EVT:TERRAIN_OR_OBSTACLE_PROXIMITY,1
EVT:GROUND_PERSONNEL_ERROR,CAUSES,EVT:CONTROL_SURFACE_ANOMALY,1
EVT:GROUND_PERSONNEL_ERROR,CONTRIBUTES_TO,EVT:GROUND_IMPACT,1
EVT:GROUND_PERSONNEL_ERROR,CONTRIBUTES_TO,EVT:DECISION_INAPPROPRIATE,1
EVT:GROUND_PERSONNEL_ERROR,CONTRIBUTES_TO,EVT:LOSS_OF_CONTROL_GROUND,2
EVT:GROUND_PERSONNEL_ERROR,CAUSES,EVT:WIND_SHEAR_OR_GUST,1
EVT:RESPONDS_TO,CONTRIBUTES_TO,EVT:RUNWAY_EXCURSION_OR_OVERRUN,1
COND:fatigue,CAUSES,EVT:CONTROL_INPUT_IMPROPER,1
COND:fatigue,CONTRIBUTES_TO,EVT:CONTROL_INPUT_IMPROPER,2
EVT:INSTRUMENT_OR_AVIONICS_FAILURE,CAUSES,EVT:DECISION_INAPPROPRIATE,1
EVT:INSTRUMENT_OR_AVIONICS_FAILURE,CAUSES,EVT:LOSS_OF_CONTROL_GROUND,1
EVT:INSTRUMENT_OR_AVIONICS_FAILURE,UNDER_CONDITION,COND:mechanical,2
COND:medical,CAUSES,EVT:PILOT_INCAPACITATION_OR_IMPAIRMENT,3
COND:medical,CAUSES,EVT:CONTROL_INPUT_IMPROPER,1
COND:medical,CAUSES,COND:medical,1
COND:medical,CAUSES,COND:regulatory,1
COND:medical,UNDER_CONDITION,EVT:DECISION_INAPPROPRIATE,1
EVT:PILOT_INCAPACITATION_OR_IMPAIRMENT,CAUSES,EVT:GROUND_IMPACT,1
EVT:PILOT_INCAPACITATION_OR_IMPAIRMENT,CAUSES,EVT:LOSS_OF_CONTROL_GROUND,4
EVT:PILOT_INCAPACITATION_OR_IMPAIRMENT,CAUSES,EVT:RUNWAY_EXCURSION_OR_OVERRUN,1
EVT:PILOT_INCAPACITATION_OR_IMPAIRMENT,CAUSES,EVT:CONTROL_INPUT_IMPROPER,4
EVT:PILOT_INCAPACITATION_OR_IMPAIRMENT,UNDER_CONDITION,COND:medical,1
COND:configuration,CAUSES,EVT:LOSS_OF_CONTROL_GROUND,4
COND:configuration,CAUSES,EVT:GROUND_IMPACT,1
COND:configuration,CAUSES,EVT:RUNWAY_EXCURSION_OR_OVERRUN,1
COND:navigation,CAUSES,EVT:PERCEPTION_FAILURE,1
EVT:INFLIGHT_BREAKUP,CAUSES,EVT:GROUND_IMPACT,1
EVT:INFLIGHT_BREAKUP,CAUSES,EVT:INJURY_OR_FATALITY,1
EVT:EMERGENCY_LANDING,CAUSES,EVT:LOSS_OF_CONTROL_GROUND,1
EVT:EMERGENCY_LANDING,CAUSES,EVT:GROUND_IMPACT,1
EVT:EMERGENCY_LANDING,CAUSES,EVT:INJURY_OR_FATALITY,1
EVT:EMERGENCY_LANDING,CAUSES,EVT:RUNWAY_EXCURSION_OR_OVERRUN,2
EVT:EMERGENCY_LANDING,CAUSES,ENT:aircraft,1
EVT:EMERGENCY_LANDING,CONCURRENT,EVT:INFLIGHT_FIRE_OR_SMOKE,1
EVT:GROUND_RESONANCE,CAUSES,EVT:STRUCTURAL_OVERLOAD,1
EVT:GROUND_RESONANCE,CAUSES,EVT:GROUND_IMPACT,1
EVT:GROUND_RESONANCE,RESPONDS_TO,EVT:CONTROL_INPUT_IMPROPER,3
EVT:GROUND_RESONANCE,INDUCED_CONDITION,COND:aerodynamic,1
EVT:GROUND_RESONANCE,CAUSES,EVT:RUNWAY_EXCURSION_OR_OVERRUN,1
EVT:GROUND_RESONANCE,INDUCED_CONDITION,COND:mechanical,1
EVT:GROUND_RESONANCE,CAUSES,EVT:AIRFRAME_STRUCTURAL_FAILURE,2
EVT:GROUND_RESONANCE,CAUSES,EVT:INJURY_OR_FATALITY,1
COND:training,CAUSES,EVT:CONTROL_INPUT_IMPROPER,4
COND:training,CONTRIBUTES_TO,EVT:CONTROL_INPUT_IMPROPER,9
COND:training,CONTRIBUTES_TO,EVT:PILOT_INCAPACITATION_OR_IMPAIRMENT,1
COND:training,ENABLES,EVT:TRAINING_OR_CURRENCY_GAP,1
COND:training,CONTRIBUTES_TO,EVT:LOSS_OF_CONTROL_GROUND,1
COND:cognitive,CONTRIBUTES_TO,EVT:DECISION_INAPPROPRIATE,1
COND:cognitive,CAUSES,EVT:CONTROL_INPUT_IMPROPER,2
COND:cognitive,UNDER_CONDITION,EVT:SPATIAL_DISORIENTATION,1
EVT:AUTOMATION_ANOMALY,CONTRIBUTES_TO,EVT:GROUND_IMPACT,1
EVT:AUTOMATION_ANOMALY,CAUSES,EVT:LOSS_OF_CONTROL_GROUND,1
COND:physical,ENABLES,EVT:CONTROL_INPUT_IMPROPER,1
COND:physical,CAUSES,EVT:CONTROL_INPUT_IMPROPER,1
COND:physical,UNDER_CONDITION,EVT:CONTROL_INPUT_IMPROPER,1
COND:physical,RESPONDS_TO,EVT:CONTROL_INPUT_IMPROPER,1
COND:physical,CAUSES,COND:physical,1
COND:physical,CAUSES,EVT:RUNWAY_EXCURSION_OR_OVERRUN,1
COND:physical,CAUSES,EVT:PERCEPTION_FAILURE,1
COND:physical,ENABLES,EVT:LOSS_OF_CONTROL_GROUND,1
EVT:GROUND_COLLISION,CAUSES,EVT:AIRFRAME_STRUCTURAL_FAILURE,1
EVT:GROUND_COLLISION,UNDER_CONDITION,COND:terrain,1
EVT:GROUND_COLLISION,CAUSES,EVT:LOSS_OF_CONTROL_GROUND,2
EVT:GROUND_COLLISION,UNDER_CONDITION,COND:aircraft_configuration,1
EVT:GROUND_COLLISION,CAUSES,EVT:RUNWAY_EXCURSION_OR_OVERRUN,1
COND:ergonomic,INHIBITS,EVT:CONTROL_INPUT_IMPROPER,2
COND:ergonomic,ENABLES,EVT:CONTROL_INPUT_IMPROPER,1
COND:ergonomic,CONTRIBUTES_TO,EVT:CONTROL_INPUT_IMPROPER,1
COND:ergonomic,CONTRIBUTES_TO,EVT:PROCEDURE_NOT_FOLLOWED,1
EVT:TAXI_INCIDENT,PRECEDES,EVT:LOSS_OF_CONTROL_GROUND,1
COND:aircraft_characteristic,ENABLES,EVT:WIND_SHEAR_OR_GUST,1
COND:aircraft_characteristic,ENABLES,EVT:LOSS_OF_CONTROL_GROUND,3
COND:aircraft_characteristic,UNDER_CONDITION,EVT:CONTROL_INPUT_IMPROPER,1
COND:aircraft_characteristic,ENABLES,EVT:CONTROL_INPUT_IMPROPER,1
EVT:GROUND_LOOP,CAUSES,EVT:GROUND_IMPACT,8
EVT:GROUND_LOOP,UNDER_CONDITION,COND:weather,1
EVT:GROUND_LOOP,CAUSES,EVT:STRUCTURAL_DAMAGE,1
EVT:GROUND_LOOP,CAUSES,EVT:RUNWAY_EXCURSION_OR_OVERRUN,2
EVT:GROUND_LOOP,RESPONDS_TO,EVT:CONTROL_INPUT_IMPROPER,1
EVT:GROUND_LOOP,CAUSES,EVT:AIRFRAME_STRUCTURAL_FAILURE,1
EVT:GROUND_LOOP,RESPONDS_TO,ENT:person,1
EVT:MIDAIR_COLLISION,CAUSES,EVT:GROUND_IMPACT,1
EVT:ICING_ENCOUNTER,UNDER_CONDITION,COND:weather,3
EVT:ICING_ENCOUNTER,CAUSES,EVT:PERCEPTION_FAILURE,1
EVT:ICING_ENCOUNTER,INDUCED_CONDITION,COND:mechanical,1
COND:visual,CAUSES,EVT:PERCEPTION_FAILURE,1
COND:visual,CAUSES,EVT:PROCEDURE_NOT_FOLLOWED,1
COND:crew,CONTRIBUTES_TO,EVT:CONTROL_INPUT_IMPROPER,1
COND:weight,CAUSES,COND:aerodynamic,1
COND:weight,CAUSES,EVT:PROCEDURE_NOT_FOLLOWED,1
COND:aircraft_characteristics,CAUSES,EVT:LOSS_OF_CONTROL_GROUND,1
COND:aircraft_characteristics,CONTRIBUTES_TO,EVT:LOSS_OF_CONTROL_GROUND,1
ENT:equipment,UNDER_CONDITION,COND:environmental,1
EVT:DESIGN_DEFECT_LATENT,CAUSES,COND:mechanical,1
COND:unknown,CONTRIBUTES_TO,EVT:LOSS_OF_CONTROL_GROUND,1
COND:unknown,CAUSES,EVT:RUNWAY_EXCURSION_OR_OVERRUN,1
COND:pilot_state,UNDER_CONDITION,EVT:CONTROL_INPUT_IMPROPER,2
COND:pilot_state,CAUSES,EVT:CONTROL_INPUT_IMPROPER,1
EVT:BRAKE_SYSTEM_FAILURE,CAUSES,EVT:GROUND_LOOP,1
EVT:BRAKE_SYSTEM_FAILURE,CAUSES,EVT:LOSS_OF_CONTROL_GROUND,1
EVT:TAKEOFF,PRECEDES,EVT:WIND_SHEAR_OR_GUST,1
EVT:TAKEOFF,CONCURRENT,EVT:WIND_SHEAR_OR_GUST,1
EVT:TAKEOFF,PRECEDES,EVT:LOSS_OF_CONTROL_INFLIGHT,1
EVT:TAKEOFF,PRECEDES,EVT:LOSS_OF_CONTROL_GROUND,1
ENT:organization,SUPERVISED_BY,COND:mechanical,1
EVT:TAXIING_OR_TAKEOFF,PRECEDES,EVT:LANDING_GEAR_ANOMALY,1
COND:environmental_hazard,CONTRIBUTES_TO,EVT:GROUND_IMPACT,1
COND:environmental_hazard,UNDER_CONDITION,EVT:GROUND_IMPACT,3
COND:environmental_hazard,UNDER_CONDITION,EVT:RUNWAY_EXCURSION_OR_OVERRUN,1
COND:geometric,ENABLES,EVT:LOSS_OF_CONTROL_GROUND,1
COND:equipment,CAUSES,EVT:DECISION_INAPPROPRIATE,1
COND:equipment,CAUSES,EVT:PERCEPTION_FAILURE,2
COND:equipment,CAUSES,EVT:GROUND_PERSONNEL_ERROR,1
EVT:LOSS_OF_DIRECTIONAL_CONTROL,CAUSES,EVT:GROUND_LOOP,1
EVT:LOSS_OF_DIRECTIONAL_CONTROL,CAUSES,EVT:RUNWAY_EXCURSION_OR_OVERRUN,1
EVT:GROUND_CONTACT,UNDER_CONDITION,COND:terrain,1
EVT:TAXIING_ACCIDENT,CAUSES,EVT:CONTROL_INPUT_IMPROPER,1
EVT:TAXIING_ACCIDENT,CAUSES,EVT:CREW_COORDINATION_FAILURE,1
EVT:TAXIING_ACCIDENT,UNDER_CONDITION,COND:weather,1
COND:procedural,CONTRIBUTES_TO,EVT:PROCEDURE_NOT_FOLLOWED,2
COND:procedural,CAUSES,EVT:CONTROL_INPUT_IMPROPER,1
COND:procedural,CAUSES,EVT:LOSS_OF_CONTROL_GROUND,1
COND:operational_limit,UNDER_CONDITION,EVT:CONTROL_INPUT_IMPROPER,1
COND:operational_limit,CONTRIBUTES_TO,EVT:LOSS_OF_CONTROL_GROUND,1
EVT:TAXI,CAUSES,EVT:DECISION_INAPPROPRIATE,1
EVT:TAXI,UNDER_CONDITION,COND:environmental,1
COND:training_or_currency,CONTRIBUTES_TO,EVT:LOSS_OF_CONTROL_GROUND,1
COND:perceptual,CONTRIBUTES_TO,EVT:RUNWAY_EXCURSION_OR_OVERRUN,1
COND:perceptual,UNDER_CONDITION,EVT:CONTROL_INPUT_IMPROPER,1
EVT:GROUND_MOVEMENT,CAUSES,EVT:GROUND_COLLISION,1
COND:ground_effect,CAUSES,EVT:LOSS_OF_CONTROL_GROUND,1
EVT:WEATHER_VANING,TRIGGERS,EVT:CONTROL_INPUT_IMPROPER,1
EVT:GROUND_LOS_OF_CONTROL,TRIGGERS,EVT:CONTROL_INPUT_IMPROPER,1
EVT:GROUND_LOS_OF_CONTROL,CAUSES,EVT:GROUND_IMPACT,1
EVT:GROUND_VEER,TRIGGERS,EVT:CONTROL_INPUT_IMPROPER,1
ENT:vehicle,ENABLES,EVT:GROUND_IMPACT,1
COND:aircraft,CONTRIBUTES_TO,EVT:LOSS_OF_CONTROL_GROUND,1
COND:aircraft,ENABLES,EVT:LOSS_OF_CONTROL_GROUND,1
COND:aircraft,CAUSES,EVT:LOSS_OF_CONTROL_GROUND,1
COND:visibility,CONTRIBUTES_TO,EVT:LOSS_OF_CONTROL_GROUND,1
COND:visibility,CONTRIBUTES_TO,EVT:CONTROL_INPUT_IMPROPER,1
COND:skill_gap,CONTRIBUTES_TO,EVT:CONTROL_INPUT_IMPROPER,1
COND:terrain_obstacle,TRIGGERS,EVT:CONTROL_INPUT_IMPROPER,1
EVT:TAXI_OR_TAKEOFF,CAUSES,EVT:LOSS_OF_CONTROL_GROUND,1
EVT:unknown,CAUSES,EVT:unknown,1
