src,edge_type,dst,count
EVT:DECISION_INAPPROPRIATE,CAUSES,EVT:CONTROL_INPUT_IMPROPER,174
EVT:DECISION_INAPPROPRIATE,CONTRIBUTES_TO,EVT:CONTROL_INPUT_IMPROPER,76
EVT:DECISION_INAPPROPRIATE,ENABLES,EVT:CONTROL_INPUT_IMPROPER,5
EVT:DECISION_INAPPROPRIATE,PRECEDES,EVT:CONTROL_INPUT_IMPROPER,6
EVT:DECISION_INAPPROPRIATE,CONCURRENT,EVT:CONTROL_INPUT_IMPROPER,5
EVT:DECISION_INAPPROPRIATE,TRIGGERS,EVT:CONTROL_INPUT_IMPROPER,13
EVT:DECISION_INAPPROPRIATE,RESPONDS_TO,EVT:CONTROL_INPUT_IMPROPER,12
EVT:DECISION_INAPPROPRIATE,RESPONDS_TO,COND:environmental,2
EVT:DECISION_INAPPROPRIATE,UNDER_CONDITION,COND:environmental,65
EVT:DECISION_INAPPROPRIATE,CAUSES,COND:environmental,10
EVT:DECISION_INAPPROPRIATE,ENABLES,COND:environmental,3
EVT:DECISION_INAPPROPRIATE,INDUCED_CONDITION,COND:environmental,16
EVT:DECISION_INAPPROPRIATE,CONCURRENT,COND:environmental,1
EVT:DECISION_INAPPROPRIATE,CONTRIBUTES_TO,EVT:WIND_SHEAR_OR_GUST,4
EVT:DECISION_INAPPROPRIATE,CAUSES,EVT:WIND_SHEAR_OR_GUST,11
EVT:DECISION_INAPPROPRIATE,IF_THEN,EVT:WIND_SHEAR_OR_GUST,1
EVT:DECISION_INAPPROPRIATE,ENABLES,EVT:WIND_SHEAR_OR_GUST,3
EVT:DECISION_INAPPROPRIATE,CONCURRENT,EVT:WIND_SHEAR_OR_GUST,3
EVT:DECISION_INAPPROPRIATE,CAUSES,EVT:GROUND_IMPACT,90
EVT:DECISION_INAPPROPRIATE,CONTRIBUTES_TO,EVT:GROUND_IMPACT,12
EVT:DECISION_INAPPROPRIATE,CONCURRENT,EVT:GROUND_IMPACT,1
EVT:DECISION_INAPPROPRIATE,CAUSES,EVT:PILOT_INCAPACITATION_OR_IMPAIRMENT,1
EVT:DECISION_INAPPROPRIATE,CONTRIBUTES_TO,EVT:PILOT_INCAPACITATION_OR_IMPAIRMENT,2
EVT:DECISION_INAPPROPRIATE,ENABLES,EVT:PILOT_INCAPACITATION_OR_IMPAIRMENT,1
EVT:DECISION_INAPPROPRIATE,INDUCED_CONDITION,COND:weight_and_balance,4
EVT:DECISION_INAPPROPRIATE,CAUSES,COND:weight_and_balance,6
EVT:DECISION_INAPPROPRIATE,CONTRIBUTES_TO,EVT:PROCEDURE_NOT_FOLLOWED,5
EVT:DECISION_INAPPROPRIATE,CAUSES,EVT:PROCEDURE_NOT_FOLLOWED,65
EVT:DECISION_INAPPROPRIATE,ENABLES,EVT:PROCEDURE_NOT_FOLLOWED,1
EVT:DECISION_INAPPROPRIATE,CONCURRENT,EVT:PROCEDURE_NOT_FOLLOWED,3
EVT:DECISION_INAPPROPRIATE,PRECEDES,EVT:PROCEDURE_NOT_FOLLOWED,3
EVT:DECISION_INAPPROPRIATE,RESPONDS_TO,EVT:PROCEDURE_NOT_FOLLOWED,2
EVT:DECISION_INAPPROPRIATE,TRIGGERS,EVT:PROCEDURE_NOT_FOLLOWED,3
EVT:DECISION_INAPPROPRIATE,CAUSES,EVT:LOSS_OF_CONTROL_INFLIGHT,97
EVT:DECISION_INAPPROPRIATE,CONTRIBUTES_TO,EVT:LOSS_OF_CONTROL_INFLIGHT,26
EVT:DECISION_INAPPROPRIATE,ENABLES,EVT:LOSS_OF_CONTROL_INFLIGHT,1
EVT:DECISION_INAPPROPRIATE,PRECEDES,EVT:LOSS_OF_CONTROL_INFLIGHT,1
EVT:DECISION_INAPPROPRIATE,CAUSES,EVT:STALL,63
EVT:DECISION_INAPPROPRIATE,CONTRIBUTES_TO,EVT:STALL,14
EVT:DECISION_INAPPROPRIATE,CAUSES,EVT:ALTITUDE_DEVIATION_UNCONTROLLED,8
EVT:DECISION_INAPPROPRIATE,CONTRIBUTES_TO,EVT:ALTITUDE_DEVIATION_UNCONTROLLED,5
EVT:DECISION_INAPPROPRIATE,CAUSES,EVT:LOW_VISIBILITY_OR_IMC,28
EVT:DECISION_INAPPROPRIATE,UNDER_CONDITION,EVT:LOW_VISIBILITY_OR_IMC,1
EVT:DECISION_INAPPROPRIATE,CONTRIBUTES_TO,EVT:LOW_VISIBILITY_OR_IMC,1
EVT:DECISION_INAPPROPRIATE,UNDER_CONDITION,COND:human_factor,6
EVT:DECISION_INAPPROPRIATE,INDUCED_CONDITION,COND:human_factor,1
EVT:DECISION_INAPPROPRIATE,CAUSES,COND:training,2
EVT:DECISION_INAPPROPRIATE,UNDER_CONDITION,COND:weather,102
EVT:DECISION_INAPPROPRIATE,ENABLES,COND:weather,3
EVT:DECISION_INAPPROPRIATE,RESPONDS_TO,COND:weather,2
EVT:DECISION_INAPPROPRIATE,CAUSES,COND:weather,5
EVT:DECISION_INAPPROPRIATE,CONTRIBUTES_TO,COND:weather,1
EVT:DECISION_INAPPROPRIATE,INDUCED_CONDITION,COND:weather,3
EVT:DECISION_INAPPROPRIATE,UNDER_CONDITION,COND:terrain,21
EVT:DECISION_INAPPROPRIATE,CAUSES,COND:terrain,2
EVT:DECISION_INAPPROPRIATE,RESPONDS_TO,COND:terrain,2
EVT:DECISION_INAPPROPRIATE,UNDER_CONDITION,COND:pilot_qualification,2
EVT:DECISION_INAPPROPRIATE,CONTRIBUTES_TO,EVT:DECISION_INAPPROPRIATE,5
EVT:DECISION_INAPPROPRIATE,CAUSES,EVT:DECISION_INAPPROPRIATE,3
EVT:DECISION_INAPPROPRIATE,TRIGGERS,EVT:DECISION_INAPPROPRIATE,1
EVT:DECISION_INAPPROPRIATE,CONCURRENT,EVT:DECISION_INAPPROPRIATE,4
EVT:DECISION_INAPPROPRIATE,CAUSES,EVT:PERCEPTION_FAILURE,17
EVT:DECISION_INAPPROPRIATE,CONTRIBUTES_TO,EVT:PERCEPTION_FAILURE,8
EVT:DECISION_INAPPROPRIATE,ENABLES,EVT:PERCEPTION_FAILURE,1
EVT:DECISION_INAPPROPRIATE,INDUCED_CONDITION,COND:physiological,1
EVT:DECISION_INAPPROPRIATE,CAUSES,COND:physiological,5
EVT:DECISION_INAPPROPRIATE,ENABLES,COND:physiological,2
EVT:DECISION_INAPPROPRIATE,UNDER_CONDITION,COND:physiological,2
EVT:DECISION_INAPPROPRIATE,INDUCED_CONDITION,COND:knowledge,2
EVT:DECISION_INAPPROPRIATE,UNDER_CONDITION,COND:knowledge,2
EVT:DECISION_INAPPROPRIATE,CAUSES,COND:mechanical,51
EVT:DECISION_INAPPROPRIATE,INDUCED_CONDITION,COND:mechanical,6
EVT:DECISION_INAPPROPRIATE,UNDER_CONDITION,COND:mechanical,12
EVT:DECISION_INAPPROPRIATE,CONTRIBUTES_TO,COND:mechanical,1
EVT:DECISION_INAPPROPRIATE,INHIBITS,COND:mechanical,1
EVT:DECISION_INAPPROPRIATE,ENABLES,COND:mechanical,5
EVT:DECISION_INAPPROPRIATE,TRIGGERS,COND:mechanical,1
EVT:DECISION_INAPPROPRIATE,RESPONDS_TO,COND:mechanical,1
EVT:DECISION_INAPPROPRIATE,UNDER_CONDITION,COND:other,1
EVT:DECISION_INAPPROPRIATE,CAUSES,COND:other,1
EVT:DECISION_INAPPROPRIATE,UNDER_CONDITION,COND:performance,2
EVT:DECISION_INAPPROPRIATE,CAUSES,COND:performance,1
EVT:DECISION_INAPPROPRIATE,CAUSES,EVT:THUNDERSTORM_OR_CONVECTIVE,4
EVT:DECISION_INAPPROPRIATE,CAUSES,EVT:SPATIAL_DISORIENTATION,13
EVT:DECISION_INAPPROPRIATE,CONTRIBUTES_TO,EVT:SPATIAL_DISORIENTATION,1
EVT:DECISION_INAPPROPRIATE,CAUSES,COND:organizational,3
EVT:DECISION_INAPPROPRIATE,UNDER_CONDITION,COND:organizational,7
EVT:DECISION_INAPPROPRIATE,INHIBITS,COND:organizational,3
EVT:DECISION_INAPPROPRIATE,CONTRIBUTES_TO,COND:organizational,1
EVT:DECISION_INAPPROPRIATE,UNDER_CONDITION,ENT:location,2
EVT:DECISION_INAPPROPRIATE,TRIGGERS,EVT:ENGINE_FAILURE,2
EVT:DECISION_INAPPROPRIATE,CONCURRENT,EVT:ENGINE_FAILURE,1
EVT:DECISION_INAPPROPRIATE,CONTRIBUTES_TO,EVT:ENGINE_FAILURE,3
EVT:DECISION_INAPPROPRIATE,CAUSES,EVT:ENGINE_FAILURE,3
EVT:DECISION_INAPPROPRIATE,UNDER_CONDITION,COND:aircraft_configuration,1
EVT:DECISION_INAPPROPRIATE,CAUSES,COND:aerodynamic,20
EVT:DECISION_INAPPROPRIATE,INDUCED_CONDITION,COND:aerodynamic,13
EVT:DECISION_INAPPROPRIATE,UNDER_CONDITION,COND:aerodynamic,4
EVT:DECISION_INAPPROPRIATE,CONTRIBUTES_TO,COND:aerodynamic,1
EVT:DECISION_INAPPROPRIATE,CAUSES,COND:latent_defect,1
EVT:DECISION_INAPPROPRIATE,UNDER_CONDITION,COND:latent_defect,1
EVT:DECISION_INAPPROPRIATE,CAUSES,EVT:RUNWAY_EXCURSION_OR_OVERRUN,19
EVT:DECISION_INAPPROPRIATE,CONTRIBUTES_TO,EVT:RUNWAY_EXCURSION_OR_OVERRUN,3
EVT:DECISION_INAPPROPRIATE,UNDER_CONDITION,COND:altitude,1
EVT:DECISION_INAPPROPRIATE,UNDER_CONDITION,COND:weight,4
EVT:DECISION_INAPPROPRIATE,CAUSES,COND:weight,25
EVT:DECISION_INAPPROPRIATE,INDUCED_CONDITION,COND:weight,1
EVT:DECISION_INAPPROPRIATE,UNDER_CONDITION,COND:operational,3
EVT:DECISION_INAPPROPRIATE,INDUCED_CONDITION,COND:operational,8
EVT:DECISION_INAPPROPRIATE,CAUSES,COND:operational,3
EVT:DECISION_INAPPROPRIATE,INHIBITS,COND:human_factors,1
EVT:DECISION_INAPPROPRIATE,UNDER_CONDITION,COND:human_factors,3
EVT:DECISION_INAPPROPRIATE,CAUSES,COND:human_factors,2
EVT:DECISION_INAPPROPRIATE,ENABLES,COND:human_factors,2
EVT:DECISION_INAPPROPRIATE,CAUSES,EVT:INJURY_OR_FATALITY,1
EVT:DECISION_INAPPROPRIATE,CONTRIBUTES_TO,EVT:INJURY_OR_FATALITY,1
EVT:DECISION_INAPPROPRIATE,CAUSES,COND:spatial_disorientation,1
EVT:DECISION_INAPPROPRIATE,CAUSES,EVT:TURBULENCE_ENCOUNTER,11
EVT:DECISION_INAPPROPRIATE,CONTRIBUTES_TO,EVT:TURBULENCE_ENCOUNTER,5
EVT:DECISION_INAPPROPRIATE,CAUSES,EVT:FUEL_SYSTEM_ANOMALY,1
EVT:DECISION_INAPPROPRIATE,CONTRIBUTES_TO,EVT:FUEL_SYSTEM_ANOMALY,1
EVT:DECISION_INAPPROPRIATE,CAUSES,EVT:EMERGENCY_LANDING,4
EVT:DECISION_INAPPROPRIATE,CAUSES,EVT:ICING_ENCOUNTER,6
EVT:DECISION_INAPPROPRIATE,CAUSES,COND:resource,1
EVT:DECISION_INAPPROPRIATE,USED,ENT:substance,1
EVT:DECISION_INAPPROPRIATE,UNDER_CONDITION,COND:aircraft_state,1
EVT:DECISION_INAPPROPRIATE,CAUSES,COND:aircraft_state,1
EVT:DECISION_INAPPROPRIATE,CAUSES,COND:aircraft_capability,1
EVT:DECISION_INAPPROPRIATE,CAUSES,EVT:TERRAIN_OR_OBSTACLE_PROXIMITY,9
EVT:DECISION_INAPPROPRIATE,INHIBITS,COND:regulatory,2
EVT:DECISION_INAPPROPRIATE,INDUCED_CONDITION,COND:cognitive,1
EVT:DECISION_INAPPROPRIATE,UNDER_CONDITION,COND:human,2
EVT:DECISION_INAPPROPRIATE,ENABLES,COND:human,1
EVT:DECISION_INAPPROPRIATE,INDUCED_CONDITION,COND:skill,1
EVT:DECISION_INAPPROPRIATE,UNDER_CONDITION,COND:task,1
EVT:DECISION_INAPPROPRIATE,ENABLES,EVT:INSTRUMENT_OR_AVIONICS_FAILURE,1
EVT:DECISION_INAPPROPRIATE,CAUSES,COND:structural,1
EVT:DECISION_INAPPROPRIATE,INDUCED_CONDITION,COND:configuration,1
EVT:DECISION_INAPPROPRIATE,CAUSES,COND:configuration,1
EVT:DECISION_INAPPROPRIATE,CAUSES,EVT:LOSS_OF_CONTROL_GROUND,7
EVT:DECISION_INAPPROPRIATE,CONTRIBUTES_TO,EVT:LOSS_OF_CONTROL_GROUND,1
EVT:DECISION_INAPPROPRIATE,UNDER_CONDITION,COND:physical,1
EVT:DECISION_INAPPROPRIATE,CAUSES,COND:weight_balance,3
EVT:DECISION_INAPPROPRIATE,CAUSES,COND:fuel,1
EVT:DECISION_INAPPROPRIATE,UNDER_CONDITION,COND:situational_awareness,1
EVT:DECISION_INAPPROPRIATE,INDUCED_CONDITION,COND:situational_awareness,1
EVT:DECISION_INAPPROPRIATE,CO_OCCURS,ENT:aircraft,1
EVT:DECISION_INAPPROPRIATE,CAUSES,COND:procedural,1
EVT:DECISION_INAPPROPRIATE,CAUSES,COND:information,1
EVT:DECISION_INAPPROPRIATE,UNDER_CONDITION,COND:runway,1
EVT:DECISION_INAPPROPRIATE,CAUSES,EVT:TAKEOFF,2
EVT:DECISION_INAPPROPRIATE,CONTRIBUTES_TO,EVT:LANDING_GEAR_ANOMALY,1
EVT:DECISION_INAPPROPRIATE,CAUSES,EVT:LANDING_GEAR_ANOMALY,2
EVT:DECISION_INAPPROPRIATE,UNDER_CONDITION,COND:unknown,2
EVT:DECISION_INAPPROPRIATE,CAUSES,COND:behavioral,1
EVT:DECISION_INAPPROPRIATE,UNDER_CONDITION,COND:location,1
EVT:DECISION_INAPPROPRIATE,INDUCED_CONDITION,COND:flight_phase,1
EVT:DECISION_INAPPROPRIATE,CAUSES,EVT:SUCCESSFUL_RECOVERY,1
EVT:DECISION_INAPPROPRIATE,CAUSES,COND:external,1
EVT:DECISION_INAPPROPRIATE,CAUSES,EVT:INFLIGHT_BREAKUP,1
EVT:DECISION_INAPPROPRIATE,CAUSES,EVT:CONTROL_SURFACE_ANOMALY,1
EVT:DECISION_INAPPROPRIATE,UNDER_CONDITION,COND:mental_state,1
EVT:DECISION_INAPPROPRIATE,ENABLES,COND:operational_limitation,1
EVT:DECISION_INAPPROPRIATE,CAUSES,EVT:RUNWAY_CONDITION_HAZARD,1
EVT:CONTROL_INPUT_IMPROPER,CAUSES,EVT:STALL,1008
EVT:CONTROL_INPUT_IMPROPER,CONTRIBUTES_TO,EVT:STALL,43
EVT:CONTROL_INPUT_IMPROPER,TRIGGERS,EVT:STALL,2
EVT:CONTROL_INPUT_IMPROPER,RESPONDS_TO,EVT:STALL,2
EVT:CONTROL_INPUT_IMPROPER,PREVENTS,EVT:STALL,1
EVT:CONTROL_INPUT_IMPROPER,INHIBITS,EVT:STALL,1
EVT:CONTROL_INPUT_IMPROPER,UNDER_CONDITION,COND:weather,140
EVT:CONTROL_INPUT_IMPROPER,RESPONDS_TO,COND:weather,8
EVT:CONTROL_INPUT_IMPROPER,UNDER_CONDITION,COND:mechanical,29
EVT:CONTROL_INPUT_IMPROPER,CAUSES,COND:mechanical,21
EVT:CONTROL_INPUT_IMPROPER,INDUCED_CONDITION,COND:mechanical,22
EVT:CONTROL_INPUT_IMPROPER,INHIBITS,COND:mechanical,1
EVT:CONTROL_INPUT_IMPROPER,RESPONDS_TO,COND:mechanical,3
EVT:CONTROL_INPUT_IMPROPER,CONCURRENT,COND:mechanical,1
EVT:CONTROL_INPUT_IMPROPER,TRIGGERS,COND:mechanical,4
EVT:CONTROL_INPUT_IMPROPER,MASKED_BY_CONDITION,COND:mechanical,1
EVT:CONTROL_INPUT_IMPROPER,CAUSES,EVT:LOSS_OF_CONTROL_GROUND,145
EVT:CONTROL_INPUT_IMPROPER,CONTRIBUTES_TO,EVT:LOSS_OF_CONTROL_GROUND,14
EVT:CONTROL_INPUT_IMPROPER,INHIBITS,EVT:LOSS_OF_CONTROL_GROUND,1
EVT:CONTROL_INPUT_IMPROPER,RESPONDS_TO,EVT:LOSS_OF_CONTROL_GROUND,2
EVT:CONTROL_INPUT_IMPROPER,TRIGGERS,EVT:LOSS_OF_CONTROL_GROUND,1
EVT:CONTROL_INPUT_IMPROPER,CONTRIBUTES_TO,EVT:DECISION_INAPPROPRIATE,5
EVT:CONTROL_INPUT_IMPROPER,CONCURRENT,EVT:DECISION_INAPPROPRIATE,2
EVT:CONTROL_INPUT_IMPROPER,TRIGGERS,EVT:DECISION_INAPPROPRIATE,24
EVT:CONTROL_INPUT_IMPROPER,CAUSES,EVT:DECISION_INAPPROPRIATE,13
EVT:CONTROL_INPUT_IMPROPER,PRECEDES,EVT:DECISION_INAPPROPRIATE,4
EVT:CONTROL_INPUT_IMPROPER,RESPONDS_TO,EVT:DECISION_INAPPROPRIATE,3
EVT:CONTROL_INPUT_IMPROPER,TRIGGERS,EVT:PROCEDURE_NOT_FOLLOWED,37
EVT:CONTROL_INPUT_IMPROPER,RESPONDS_TO,EVT:PROCEDURE_NOT_FOLLOWED,6
EVT:CONTROL_INPUT_IMPROPER,CONCURRENT,EVT:PROCEDURE_NOT_FOLLOWED,5
EVT:CONTROL_INPUT_IMPROPER,CAUSES,EVT:PROCEDURE_NOT_FOLLOWED,19
EVT:CONTROL_INPUT_IMPROPER,PRECEDES,EVT:PROCEDURE_NOT_FOLLOWED,2
EVT:CONTROL_INPUT_IMPROPER,CONTRIBUTES_TO,EVT:PROCEDURE_NOT_FOLLOWED,2
EVT:CONTROL_INPUT_IMPROPER,CO_OCCURS,EVT:PROCEDURE_NOT_FOLLOWED,1
EVT:CONTROL_INPUT_IMPROPER,INDUCED_CONDITION,COND:aerodynamic,171
EVT:CONTROL_INPUT_IMPROPER,UNDER_CONDITION,COND:aerodynamic,20
EVT:CONTROL_INPUT_IMPROPER,CAUSES,COND:aerodynamic,130
EVT:CONTROL_INPUT_IMPROPER,CONTRIBUTES_TO,COND:aerodynamic,2
EVT:CONTROL_INPUT_IMPROPER,TRIGGERS,COND:aerodynamic,5
EVT:CONTROL_INPUT_IMPROPER,RESPONDS_TO,COND:aerodynamic,1
EVT:CONTROL_INPUT_IMPROPER,MAINTAINS,COND:aerodynamic,1
EVT:CONTROL_INPUT_IMPROPER,INHIBITS,COND:aerodynamic,1
EVT:CONTROL_INPUT_IMPROPER,MITIGATES,COND:aerodynamic,1
EVT:CONTROL_INPUT_IMPROPER,CAUSES,EVT:GROUND_IMPACT,392
EVT:CONTROL_INPUT_IMPROPER,CONTRIBUTES_TO,EVT:GROUND_IMPACT,67
EVT:CONTROL_INPUT_IMPROPER,PREVENTS,EVT:GROUND_IMPACT,4
EVT:CONTROL_INPUT_IMPROPER,INHIBITS,EVT:GROUND_IMPACT,3
EVT:CONTROL_INPUT_IMPROPER,MITIGATES,EVT:GROUND_IMPACT,1
EVT:CONTROL_INPUT_IMPROPER,TRIGGERS,EVT:GROUND_IMPACT,1
EVT:CONTROL_INPUT_IMPROPER,RESPONDS_TO,EVT:GROUND_IMPACT,1
EVT:CONTROL_INPUT_IMPROPER,CAUSES,EVT:LOSS_OF_CONTROL_INFLIGHT,468
EVT:CONTROL_INPUT_IMPROPER,CONTRIBUTES_TO,EVT:LOSS_OF_CONTROL_INFLIGHT,65
EVT:CONTROL_INPUT_IMPROPER,RESPONDS_TO,EVT:LOSS_OF_CONTROL_INFLIGHT,10
EVT:CONTROL_INPUT_IMPROPER,INHIBITS,EVT:LOSS_OF_CONTROL_INFLIGHT,5
EVT:CONTROL_INPUT_IMPROPER,CONCURRENT,EVT:LOSS_OF_CONTROL_INFLIGHT,3
EVT:CONTROL_INPUT_IMPROPER,TRIGGERS,EVT:LOSS_OF_CONTROL_INFLIGHT,8
EVT:CONTROL_INPUT_IMPROPER,PREVENTS,EVT:LOSS_OF_CONTROL_INFLIGHT,7
EVT:CONTROL_INPUT_IMPROPER,MITIGATES,EVT:LOSS_OF_CONTROL_INFLIGHT,1
EVT:CONTROL_INPUT_IMPROPER,UNDER_CONDITION,COND:environmental,199
EVT:CONTROL_INPUT_IMPROPER,CAUSES,COND:environmental,6
EVT:CONTROL_INPUT_IMPROPER,RESPONDS_TO,COND:environmental,13
EVT:CONTROL_INPUT_IMPROPER,INDUCED_CONDITION,COND:environmental,6
EVT:CONTROL_INPUT_IMPROPER,CAUSES,EVT:STRUCTURAL_OVERLOAD,26
EVT:CONTROL_INPUT_IMPROPER,CONTRIBUTES_TO,EVT:STRUCTURAL_OVERLOAD,2
EVT:CONTROL_INPUT_IMPROPER,CAUSES,EVT:ALTITUDE_DEVIATION_UNCONTROLLED,47
EVT:CONTROL_INPUT_IMPROPER,CONTRIBUTES_TO,EVT:ALTITUDE_DEVIATION_UNCONTROLLED,5
EVT:CONTROL_INPUT_IMPROPER,MITIGATES,EVT:ALTITUDE_DEVIATION_UNCONTROLLED,1
EVT:CONTROL_INPUT_IMPROPER,TRIGGERS,EVT:CONTROL_INPUT_IMPROPER,34
EVT:CONTROL_INPUT_IMPROPER,CAUSES,EVT:CONTROL_INPUT_IMPROPER,58
EVT:CONTROL_INPUT_IMPROPER,PRECEDES,EVT:CONTROL_INPUT_IMPROPER,24
EVT:CONTROL_INPUT_IMPROPER,CONCURRENT,EVT:CONTROL_INPUT_IMPROPER,31
EVT:CONTROL_INPUT_IMPROPER,CONTRIBUTES_TO,EVT:CONTROL_INPUT_IMPROPER,17
EVT:CONTROL_INPUT_IMPROPER,RESPONDS_TO,EVT:CONTROL_INPUT_IMPROPER,2
EVT:CONTROL_INPUT_IMPROPER,CAUSES,EVT:SPATIAL_DISORIENTATION,8
EVT:CONTROL_INPUT_IMPROPER,CONTRIBUTES_TO,EVT:SPATIAL_DISORIENTATION,1
EVT:CONTROL_INPUT_IMPROPER,CONCURRENT,EVT:WIND_SHEAR_OR_GUST,5
EVT:CONTROL_INPUT_IMPROPER,CAUSES,EVT:WIND_SHEAR_OR_GUST,2
EVT:CONTROL_INPUT_IMPROPER,CAUSES,EVT:PERCEPTION_FAILURE,63
EVT:CONTROL_INPUT_IMPROPER,CONTRIBUTES_TO,EVT:PERCEPTION_FAILURE,15
EVT:CONTROL_INPUT_IMPROPER,TRIGGERS,EVT:PERCEPTION_FAILURE,3
EVT:CONTROL_INPUT_IMPROPER,CONCURRENT,EVT:PERCEPTION_FAILURE,3
EVT:CONTROL_INPUT_IMPROPER,CONTRIBUTES_TO,COND:human_factor,1
EVT:CONTROL_INPUT_IMPROPER,UNDER_CONDITION,COND:human_factor,1
EVT:CONTROL_INPUT_IMPROPER,INDUCED_CONDITION,COND:human_factor,2
EVT:CONTROL_INPUT_IMPROPER,CAUSES,EVT:RUNWAY_EXCURSION_OR_OVERRUN,83
EVT:CONTROL_INPUT_IMPROPER,CONTRIBUTES_TO,EVT:RUNWAY_EXCURSION_OR_OVERRUN,4
EVT:CONTROL_INPUT_IMPROPER,MITIGATES,EVT:RUNWAY_EXCURSION_OR_OVERRUN,1
EVT:CONTROL_INPUT_IMPROPER,CAUSES,EVT:AIRFRAME_STRUCTURAL_FAILURE,18
EVT:CONTROL_INPUT_IMPROPER,TRIGGERS,EVT:AIRFRAME_STRUCTURAL_FAILURE,3
EVT:CONTROL_INPUT_IMPROPER,CONTRIBUTES_TO,EVT:AIRFRAME_STRUCTURAL_FAILURE,2
EVT:CONTROL_INPUT_IMPROPER,CAUSES,EVT:ENGINE_FAILURE,9
EVT:CONTROL_INPUT_IMPROPER,CONTRIBUTES_TO,EVT:ENGINE_FAILURE,2
EVT:CONTROL_INPUT_IMPROPER,TRIGGERS,EVT:ENGINE_FAILURE,4
EVT:CONTROL_INPUT_IMPROPER,CONCURRENT,EVT:ENGINE_FAILURE,1
EVT:CONTROL_INPUT_IMPROPER,CAUSES,EVT:CONTROL_SURFACE_ANOMALY,7
EVT:CONTROL_INPUT_IMPROPER,TRIGGERS,EVT:CONTROL_SURFACE_ANOMALY,7
EVT:CONTROL_INPUT_IMPROPER,RESPONDS_TO,EVT:CONTROL_SURFACE_ANOMALY,1
EVT:CONTROL_INPUT_IMPROPER,UNDER_CONDITION,COND:organizational,2
EVT:CONTROL_INPUT_IMPROPER,INHIBITS,COND:organizational,1
EVT:CONTROL_INPUT_IMPROPER,UNDER_CONDITION,COND:terrain,19
EVT:CONTROL_INPUT_IMPROPER,RESPONDS_TO,COND:terrain,3
EVT:CONTROL_INPUT_IMPROPER,UNDER_CONDITION,COND:attention,1
EVT:CONTROL_INPUT_IMPROPER,CAUSES,EVT:WATER_IMPACT,15
EVT:CONTROL_INPUT_IMPROPER,CONTRIBUTES_TO,EVT:WATER_IMPACT,2
EVT:CONTROL_INPUT_IMPROPER,UNDER_CONDITION,COND:physiological,6
EVT:CONTROL_INPUT_IMPROPER,CAUSES,COND:physiological,2
EVT:CONTROL_INPUT_IMPROPER,INDUCED_CONDITION,COND:physiological,2
EVT:CONTROL_INPUT_IMPROPER,CAUSES,EVT:TERRAIN_OR_OBSTACLE_PROXIMITY,18
EVT:CONTROL_INPUT_IMPROPER,CAUSES,EVT:INFLIGHT_BREAKUP,1
EVT:CONTROL_INPUT_IMPROPER,PRECEDES,EVT:CREW_COORDINATION_FAILURE,1
EVT:CONTROL_INPUT_IMPROPER,RESPONDS_TO,EVT:CREW_COORDINATION_FAILURE,5
EVT:CONTROL_INPUT_IMPROPER,CONTRIBUTES_TO,EVT:CREW_COORDINATION_FAILURE,1
EVT:CONTROL_INPUT_IMPROPER,CONCURRENT,EVT:CREW_COORDINATION_FAILURE,4
EVT:CONTROL_INPUT_IMPROPER,TRIGGERS,EVT:CREW_COORDINATION_FAILURE,5
EVT:CONTROL_INPUT_IMPROPER,CAUSES,EVT:CREW_COORDINATION_FAILURE,3
EVT:CONTROL_INPUT_IMPROPER,UNDER_CONDITION,COND:human_factors,3
EVT:CONTROL_INPUT_IMPROPER,RESPONDS_TO,COND:human_factors,1
EVT:CONTROL_INPUT_IMPROPER,INDUCED_CONDITION,COND:human_factors,1
EVT:CONTROL_INPUT_IMPROPER,MASKED_BY_CONDITION,COND:human_factors,1
EVT:CONTROL_INPUT_IMPROPER,CONTRIBUTES_TO,COND:attentional,1
EVT:CONTROL_INPUT_IMPROPER,TRIGGERS,EVT:RUNWAY_CONDITION_HAZARD,1
EVT:CONTROL_INPUT_IMPROPER,CAUSES,EVT:RUNWAY_CONDITION_HAZARD,1
EVT:CONTROL_INPUT_IMPROPER,UNDER_CONDITION,COND:flight_phase,1
EVT:CONTROL_INPUT_IMPROPER,UNDER_CONDITION,COND:latent_defect,2
EVT:CONTROL_INPUT_IMPROPER,UNDER_CONDITION,COND:human,3
EVT:CONTROL_INPUT_IMPROPER,INDUCED_CONDITION,COND:human,1
EVT:CONTROL_INPUT_IMPROPER,CAUSES,COND:human,1
EVT:CONTROL_INPUT_IMPROPER,UNDER_CONDITION,COND:regulatory,1
EVT:CONTROL_INPUT_IMPROPER,INHIBITS,COND:regulatory,2
EVT:CONTROL_INPUT_IMPROPER,CAUSES,EVT:LANDING_GEAR_ANOMALY,6
EVT:CONTROL_INPUT_IMPROPER,CONCURRENT,EVT:AIRCRAFT_SYSTEMS,1
EVT:CONTROL_INPUT_IMPROPER,UNDER_CONDITION,COND:procedural,1
EVT:CONTROL_INPUT_IMPROPER,CAUSES,EVT:SUCCESSFUL_RECOVERY,3
EVT:CONTROL_INPUT_IMPROPER,INDUCED_CONDITION,COND:structural,1
EVT:CONTROL_INPUT_IMPROPER,UNDER_CONDITION,COND:structural,1
EVT:CONTROL_INPUT_IMPROPER,CAUSES,COND:structural,1
EVT:CONTROL_INPUT_IMPROPER,UNDER_CONDITION,COND:other,2
EVT:CONTROL_INPUT_IMPROPER,CAUSES,COND:other,2
EVT:CONTROL_INPUT_IMPROPER,CAUSES,EVT:GROUND_INCURSION_OR_COLLISION,1
EVT:CONTROL_INPUT_IMPROPER,UNDER_CONDITION,COND:spatial,1
EVT:CONTROL_INPUT_IMPROPER,CAUSES,EVT:INSTRUMENT_OR_AVIONICS_FAILURE,1
EVT:CONTROL_INPUT_IMPROPER,TRIGGERS,EVT:PILOT_INCAPACITATION_OR_IMPAIRMENT,1
EVT:CONTROL_INPUT_IMPROPER,CAUSES,EVT:PILOT_INCAPACITATION_OR_IMPAIRMENT,4
EVT:CONTROL_INPUT_IMPROPER,CAUSES,EVT:MIDAIR_COLLISION,2
EVT:CONTROL_INPUT_IMPROPER,CAUSES,EVT:HYDRAULIC_SYSTEM_FAILURE,1
EVT:CONTROL_INPUT_IMPROPER,UNDER_CONDITION,COND:design_defect,1
EVT:CONTROL_INPUT_IMPROPER,CAUSES,COND:aircraft_state,1
EVT:CONTROL_INPUT_IMPROPER,INDUCED_CONDITION,COND:aircraft_state,2
EVT:CONTROL_INPUT_IMPROPER,INDUCED_CONDITION,COND:aircraft_configuration,1
EVT:CONTROL_INPUT_IMPROPER,CAUSES,COND:aircraft_configuration,1
EVT:CONTROL_INPUT_IMPROPER,PERFORMED_BY,ENT:person,1
EVT:CONTROL_INPUT_IMPROPER,UNDER_CONDITION,ENT:person,1
EVT:CONTROL_INPUT_IMPROPER,CONTRIBUTES_TO,EVT:GROUND_RESONANCE,1
EVT:CONTROL_INPUT_IMPROPER,TRIGGERS,EVT:GROUND_RESONANCE,1
EVT:CONTROL_INPUT_IMPROPER,CAUSES,EVT:GROUND_RESONANCE,1
EVT:CONTROL_INPUT_IMPROPER,CAUSES,EVT:INJURY_OR_FATALITY,4
EVT:CONTROL_INPUT_IMPROPER,UNDER_CONDITION,COND:weight,1
EVT:CONTROL_INPUT_IMPROPER,CAUSES,EVT:TURBULENCE_ENCOUNTER,4
EVT:CONTROL_INPUT_IMPROPER,CAUSES,COND:operational,4
EVT:CONTROL_INPUT_IMPROPER,INHIBITS,COND:operational,1
EVT:CONTROL_INPUT_IMPROPER,UNDER_CONDITION,COND:operational,12
EVT:CONTROL_INPUT_IMPROPER,INDUCED_CONDITION,COND:operational,1
EVT:CONTROL_INPUT_IMPROPER,CAUSES,EVT:GROUND_PERSONNEL_ERROR,3
EVT:CONTROL_INPUT_IMPROPER,INDUCED_CONDITION,COND:configuration,1
EVT:CONTROL_INPUT_IMPROPER,UNDER_CONDITION,COND:crew_positioning,1
EVT:CONTROL_INPUT_IMPROPER,CAUSES,EVT:AUTOMATION_ANOMALY,3
EVT:CONTROL_INPUT_IMPROPER,UNDER_CONDITION,COND:automation_state,1
EVT:CONTROL_INPUT_IMPROPER,UNDER_CONDITION,COND:altitude,6
EVT:CONTROL_INPUT_IMPROPER,INDUCED_CONDITION,COND:altitude,1
EVT:CONTROL_INPUT_IMPROPER,CAUSES,COND:structural_limit,1
EVT:CONTROL_INPUT_IMPROPER,UNDER_CONDITION,COND:surface,3
EVT:CONTROL_INPUT_IMPROPER,CAUSES,EVT:GROUND_COLLISION,1
EVT:CONTROL_INPUT_IMPROPER,UNDER_CONDITION,COND:obstacle,1
EVT:CONTROL_INPUT_IMPROPER,INHIBITS,COND:operational_constraint,1
EVT:CONTROL_INPUT_IMPROPER,UNDER_CONDITION,COND:training,2
EVT:CONTROL_INPUT_IMPROPER,UNDER_CONDITION,COND:knowledge,1
EVT:CONTROL_INPUT_IMPROPER,UNDER_CONDITION,COND:state,1
EVT:CONTROL_INPUT_IMPROPER,INDUCED_CONDITION,COND:physical,1
EVT:CONTROL_INPUT_IMPROPER,UNDER_CONDITION,COND:physical,1
EVT:CONTROL_INPUT_IMPROPER,CAUSES,EVT:DYNAMIC_ROLLOVER,2
EVT:CONTROL_INPUT_IMPROPER,UNDER_CONDITION,COND:medical,1
EVT:CONTROL_INPUT_IMPROPER,UNDER_CONDITION,COND:pilot,1
EVT:CONTROL_INPUT_IMPROPER,CAUSES,COND:unknown,1
EVT:CONTROL_INPUT_IMPROPER,CAUSES,EVT:EMERGENCY_LANDING,2
EVT:CONTROL_INPUT_IMPROPER,CAUSES,EVT:FUEL_SYSTEM_ANOMALY,1
EVT:CONTROL_INPUT_IMPROPER,TRIGGERS,EVT:FUEL_SYSTEM_ANOMALY,1
EVT:CONTROL_INPUT_IMPROPER,CAUSES,COND:pilot_performance,1
EVT:CONTROL_INPUT_IMPROPER,UNDER_CONDITION,COND:infrastructure,1
EVT:CONTROL_INPUT_IMPROPER,RESPONDS_TO,COND:situational_awareness,1
EVT:CONTROL_INPUT_IMPROPER,UNDER_CONDITION,COND:information,1
EVT:CONTROL_INPUT_IMPROPER,TRIGGERS,COND:equipment,1
EVT:CONTROL_INPUT_IMPROPER,TRIGGERS,EVT:TCAS_RESOLUTION_ADVISORY,1
EVT:CONTROL_INPUT_IMPROPER,CAUSES,EVT:EXTERNAL_LOAD_ANOMALY,1
EVT:CONTROL_INPUT_IMPROPER,INDUCED_CONDITION,COND:pilot_state,1
EVT:STALL,CAUSES,EVT:GROUND_IMPACT,1096
EVT:STALL,CONTRIBUTES_TO,EVT:GROUND_IMPACT,12
EVT:STALL,CAUSES,EVT:LOSS_OF_CONTROL_INFLIGHT,435
EVT:STALL,TRIGGERS,EVT:LOSS_OF_CONTROL_INFLIGHT,1
EVT:STALL,CONCURRENT,EVT:LOSS_OF_CONTROL_INFLIGHT,1
EVT:STALL,INDUCED_CONDITION,COND:aerodynamic,56
EVT:STALL,UNDER_CONDITION,COND:aerodynamic,26
EVT:STALL,INDUCED_CONDITION,COND:operational,3
EVT:STALL,UNDER_CONDITION,COND:operational,4
EVT:STALL,RESPONDS_TO,EVT:CONTROL_INPUT_IMPROPER,65
EVT:STALL,TRIGGERS,EVT:CONTROL_INPUT_IMPROPER,26
EVT:STALL,CAUSES,EVT:CONTROL_INPUT_IMPROPER,12
EVT:STALL,CAUSES,EVT:AIRFRAME_STRUCTURAL_FAILURE,7
EVT:STALL,TRIGGERS,EVT:PROCEDURE_NOT_FOLLOWED,6
EVT:STALL,RESPONDS_TO,EVT:PROCEDURE_NOT_FOLLOWED,12
EVT:STALL,UNDER_CONDITION,COND:environmental,57
EVT:STALL,INDUCED_CONDITION,COND:environmental,1
EVT:STALL,CONTRIBUTES_TO,COND:environmental,1
EVT:STALL,CAUSES,EVT:WATER_IMPACT,37
EVT:STALL,UNDER_CONDITION,COND:weather,22
EVT:STALL,INDUCED_CONDITION,COND:weather,1
EVT:STALL,CONTRIBUTES_TO,COND:weather,1
EVT:STALL,UNDER_CONDITION,COND:aircraft_performance,1
EVT:STALL,CAUSES,EVT:RUNWAY_EXCURSION_OR_OVERRUN,10
EVT:STALL,CAUSES,EVT:TERRAIN_OR_OBSTACLE_PROXIMITY,10
EVT:STALL,CAUSES,EVT:STRUCTURAL_OVERLOAD,4
EVT:STALL,CAUSES,EVT:ALTITUDE_DEVIATION_UNCONTROLLED,13
EVT:STALL,CONCURRENT,EVT:ENGINE_FAILURE,1
EVT:STALL,CAUSES,EVT:ENGINE_FAILURE,3
EVT:STALL,TRIGGERS,EVT:PERCEPTION_FAILURE,2
EVT:STALL,CAUSES,EVT:PERCEPTION_FAILURE,1
EVT:STALL,TRIGGERS,EVT:SPATIAL_DISORIENTATION,1
EVT:STALL,TRIGGERS,EVT:PILOT_INCAPACITATION_OR_IMPAIRMENT,1
EVT:STALL,TRIGGERS,EVT:CREW_COORDINATION_FAILURE,2
EVT:STALL,UNDER_CONDITION,COND:pilot,1
EVT:STALL,UNDER_CONDITION,COND:terrain,7
EVT:STALL,ENABLES,COND:terrain,1
EVT:STALL,CAUSES,EVT:SUCCESSFUL_RECOVERY,1
EVT:STALL,RESPONDS_TO,EVT:SUCCESSFUL_RECOVERY,7
EVT:STALL,TRIGGERS,EVT:DECISION_INAPPROPRIATE,10
EVT:STALL,RESPONDS_TO,EVT:DECISION_INAPPROPRIATE,8
EVT:STALL,CAUSES,EVT:DECISION_INAPPROPRIATE,1
EVT:STALL,UNDER_CONDITION,COND:physiological,1
EVT:STALL,CAUSES,EVT:INJURY_OR_FATALITY,1
EVT:STALL,CAUSES,EVT:LOSS_OF_CONTROL_GROUND,10
EVT:STALL,UNDER_CONDITION,COND:mechanical,6
EVT:STALL,INHIBITS,COND:mechanical,1
EVT:STALL,INDUCED_CONDITION,COND:mechanical,3
EVT:STALL,UNDER_CONDITION,COND:aircraft_characteristic,1
EVT:STALL,CAUSES,EVT:MIDAIR_COLLISION,1
EVT:STALL,CAUSES,EVT:STALL,2
EVT:STALL,TRIGGERS,EVT:INSTRUMENT_OR_AVIONICS_FAILURE,1
EVT:STALL,UNDER_CONDITION,COND:physical,1
EVT:STALL,CAUSES,EVT:EMERGENCY_LANDING,1
EVT:STALL,INDUCED_CONDITION,COND:human,1
EVT:STALL,TRIGGERS,EVT:AUTOMATION_ANOMALY,1
EVT:GROUND_IMPACT,CAUSES,EVT:INJURY_OR_FATALITY,1347
EVT:GROUND_IMPACT,UNDER_CONDITION,COND:environmental,79
EVT:GROUND_IMPACT,CONCURRENT,EVT:GROUND_IMPACT,30
EVT:GROUND_IMPACT,CAUSES,EVT:GROUND_IMPACT,159
EVT:GROUND_IMPACT,PRECEDES,EVT:GROUND_IMPACT,9
EVT:GROUND_IMPACT,CONTRIBUTES_TO,EVT:GROUND_IMPACT,1
EVT:GROUND_IMPACT,TRIGGERS,EVT:GROUND_IMPACT,1
EVT:GROUND_IMPACT,CO_OCCURS,EVT:GROUND_IMPACT,1
EVT:GROUND_IMPACT,RESPONDS_TO,EVT:SUCCESSFUL_RECOVERY,1
EVT:GROUND_IMPACT,CAUSES,EVT:SUCCESSFUL_RECOVERY,2
EVT:GROUND_IMPACT,CAUSES,EVT:INFLIGHT_FIRE_OR_SMOKE,150
EVT:GROUND_IMPACT,TRIGGERS,EVT:INFLIGHT_FIRE_OR_SMOKE,1
EVT:GROUND_IMPACT,INDUCED_CONDITION,COND:aerodynamic,1
EVT:GROUND_IMPACT,AFFECTS,ENT:aircraft,2
EVT:GROUND_IMPACT,CAUSES,ENT:aircraft,11
EVT:GROUND_IMPACT,CAUSES,EVT:AIRFRAME_STRUCTURAL_FAILURE,81
EVT:GROUND_IMPACT,CONCURRENT,EVT:AIRFRAME_STRUCTURAL_FAILURE,1
EVT:GROUND_IMPACT,CAUSES,EVT:LOSS_OF_CONTROL_INFLIGHT,13
EVT:GROUND_IMPACT,TRIGGERS,EVT:LOSS_OF_CONTROL_INFLIGHT,2
EVT:GROUND_IMPACT,CONTRIBUTES_TO,EVT:LOSS_OF_CONTROL_INFLIGHT,1
EVT:GROUND_IMPACT,CAUSES,EVT:STRUCTURAL_OVERLOAD,97
EVT:GROUND_IMPACT,UNDER_CONDITION,COND:terrain,34
EVT:GROUND_IMPACT,CAUSES,COND:terrain,1
EVT:GROUND_IMPACT,TRIGGERS,EVT:DECISION_INAPPROPRIATE,7
EVT:GROUND_IMPACT,RESPONDS_TO,EVT:DECISION_INAPPROPRIATE,1
EVT:GROUND_IMPACT,TRIGGERS,EVT:CONTROL_INPUT_IMPROPER,18
EVT:GROUND_IMPACT,RESPONDS_TO,EVT:CONTROL_INPUT_IMPROPER,8
EVT:GROUND_IMPACT,CAUSES,EVT:CONTROL_INPUT_IMPROPER,1
EVT:GROUND_IMPACT,PRECEDES,EVT:CONTROL_INPUT_IMPROPER,1
EVT:GROUND_IMPACT,CAUSES,EVT:WATER_IMPACT,7
EVT:GROUND_IMPACT,CONCURRENT,EVT:WATER_IMPACT,1
EVT:GROUND_IMPACT,CAUSES,EVT:LOSS_OF_CONTROL_GROUND,26
EVT:GROUND_IMPACT,TRIGGERS,EVT:LOSS_OF_CONTROL_GROUND,1
EVT:GROUND_IMPACT,CONCURRENT,EVT:LOSS_OF_CONTROL_GROUND,1
EVT:GROUND_IMPACT,UNDER_CONDITION,COND:weather,4
EVT:GROUND_IMPACT,CAUSES,EVT:INFLIGHT_BREAKUP,8
EVT:GROUND_IMPACT,CAUSES,EVT:LANDING_GEAR_ANOMALY,15
EVT:GROUND_IMPACT,TRIGGERS,EVT:PROCEDURE_NOT_FOLLOWED,5
EVT:GROUND_IMPACT,PRECEDES,EVT:PROCEDURE_NOT_FOLLOWED,1
EVT:GROUND_IMPACT,RESPONDS_TO,EVT:PROCEDURE_NOT_FOLLOWED,1
EVT:GROUND_IMPACT,INHIBITS,EVT:PROCEDURE_NOT_FOLLOWED,1
EVT:GROUND_IMPACT,CONCURRENT,EVT:RUNWAY_EXCURSION_OR_OVERRUN,3
EVT:GROUND_IMPACT,CAUSES,EVT:RUNWAY_EXCURSION_OR_OVERRUN,26
EVT:GROUND_IMPACT,CONTRIBUTES_TO,EVT:RUNWAY_EXCURSION_OR_OVERRUN,1
EVT:GROUND_IMPACT,CONCURRENT,EVT:TERRAIN_OR_OBSTACLE_PROXIMITY,2
EVT:GROUND_IMPACT,CAUSES,COND:mechanical,2
EVT:GROUND_IMPACT,INDUCED_CONDITION,COND:mechanical,2
EVT:GROUND_IMPACT,UNDER_CONDITION,COND:mechanical,1
EVT:GROUND_IMPACT,AFFECTS,ENT:object,1
EVT:GROUND_IMPACT,UNDER_CONDITION,COND:infrastructure,1
EVT:GROUND_IMPACT,TRIGGERS,EVT:PERCEPTION_FAILURE,1
EVT:GROUND_IMPACT,CAUSES,EVT:PILOT_INCAPACITATION_OR_IMPAIRMENT,3
EVT:GROUND_IMPACT,AFFECTS,ENT:vehicle,1
EVT:GROUND_IMPACT,UNDER_CONDITION,COND:surface,1
EVT:GROUND_IMPACT,CAUSES,EVT:CONTROL_SURFACE_ANOMALY,2
EVT:GROUND_IMPACT,CAUSES,EVT:STALL,1
EVT:GROUND_IMPACT,CAUSES,ENT:person,1
EVT:GROUND_IMPACT,UNDER_CONDITION,ENT:location,1
EVT:GROUND_IMPACT,CAUSES,ENT:location,2
EVT:GROUND_IMPACT,UNDER_CONDITION,COND:physical,2
EVT:GROUND_IMPACT,INDUCED_CONDITION,COND:aircraft_state,1
EVT:GROUND_IMPACT,CAUSES,ENT:infrastructure,1
EVT:INJURY_OR_FATALITY,TRIGGERS,EVT:DECISION_INAPPROPRIATE,1
EVT:INJURY_OR_FATALITY,UNDER_CONDITION,COND:human_factors,1
COND:environmental,CAUSES,COND:weather,2
COND:environmental,CONTRIBUTES_TO,EVT:DECISION_INAPPROPRIATE,9
COND:environmental,UNDER_CONDITION,EVT:DECISION_INAPPROPRIATE,6
COND:environmental,TRIGGERS,EVT:DECISION_INAPPROPRIATE,3
COND:environmental,ENABLES,EVT:DECISION_INAPPROPRIATE,9
COND:environmental,CAUSES,EVT:DECISION_INAPPROPRIATE,12
COND:environmental,INHIBITS,EVT:DECISION_INAPPROPRIATE,6
COND:environmental,INHIBITS,EVT:CONTROL_INPUT_IMPROPER,9
COND:environmental,CAUSES,EVT:CONTROL_INPUT_IMPROPER,17
COND:environmental,UNDER_CONDITION,EVT:CONTROL_INPUT_IMPROPER,26
COND:environmental,ENABLES,EVT:CONTROL_INPUT_IMPROPER,6
COND:environmental,CONTRIBUTES_TO,EVT:CONTROL_INPUT_IMPROPER,72
COND:environmental,TRIGGERS,EVT:CONTROL_INPUT_IMPROPER,10
COND:environmental,CONTEXT,EVT:CONTROL_INPUT_IMPROPER,1
COND:environmental,UNDER_CONDITION,EVT:LOSS_OF_CONTROL_INFLIGHT,10
COND:environmental,CONTRIBUTES_TO,EVT:LOSS_OF_CONTROL_INFLIGHT,43
COND:environmental,INHIBITS,EVT:LOSS_OF_CONTROL_INFLIGHT,7
COND:environmental,CAUSES,EVT:LOSS_OF_CONTROL_INFLIGHT,35
COND:environmental,TRIGGERS,EVT:LOSS_OF_CONTROL_INFLIGHT,1
COND:environmental,UNDER_CONDITION,EVT:LOW_VISIBILITY_OR_IMC,5
COND:environmental,ENABLES,EVT:LOW_VISIBILITY_OR_IMC,2
COND:environmental,CONTRIBUTES_TO,EVT:STALL,53
COND:environmental,UNDER_CONDITION,EVT:STALL,2
COND:environmental,CAUSES,EVT:STALL,7
COND:environmental,ENABLES,EVT:STALL,1
COND:environmental,INHIBITS,EVT:STALL,1
COND:environmental,UNDER_CONDITION,EVT:SPATIAL_DISORIENTATION,5
COND:environmental,ENABLES,EVT:SPATIAL_DISORIENTATION,1
COND:environmental,CAUSES,EVT:SPATIAL_DISORIENTATION,8
COND:environmental,CONTRIBUTES_TO,EVT:SPATIAL_DISORIENTATION,1
COND:environmental,CONTRIBUTES_TO,EVT:GROUND_IMPACT,58
COND:environmental,CAUSES,EVT:GROUND_IMPACT,10
COND:environmental,ENABLES,EVT:GROUND_IMPACT,15
COND:environmental,UNDER_CONDITION,EVT:GROUND_IMPACT,8
COND:environmental,INHIBITS,EVT:GROUND_IMPACT,2
COND:environmental,CONTRIBUTES_TO,EVT:PERCEPTION_FAILURE,6
COND:environmental,CAUSES,EVT:PERCEPTION_FAILURE,8
COND:environmental,UNDER_CONDITION,EVT:PERCEPTION_FAILURE,4
COND:environmental,INHIBITS,EVT:PERCEPTION_FAILURE,3
COND:environmental,MASKED_BY_CONDITION,EVT:PERCEPTION_FAILURE,2
COND:environmental,ENABLES,EVT:PERCEPTION_FAILURE,2
COND:environmental,CONTRIBUTES_TO,EVT:WIND_SHEAR_OR_GUST,2
COND:environmental,CAUSES,EVT:WIND_SHEAR_OR_GUST,6
COND:environmental,UNDER_CONDITION,EVT:WIND_SHEAR_OR_GUST,7
COND:environmental,ENABLES,EVT:WIND_SHEAR_OR_GUST,1
COND:environmental,CONTRIBUTES_TO,EVT:STRUCTURAL_OVERLOAD,2
COND:environmental,CAUSES,EVT:STRUCTURAL_OVERLOAD,1
COND:environmental,ENABLES,COND:aerodynamic,6
COND:environmental,CONTRIBUTES_TO,COND:aerodynamic,7
COND:environmental,CAUSES,COND:aerodynamic,9
COND:environmental,ENABLES,EVT:PROCEDURE_NOT_FOLLOWED,4
COND:environmental,CONTRIBUTES_TO,EVT:PROCEDURE_NOT_FOLLOWED,6
COND:environmental,CAUSES,EVT:PROCEDURE_NOT_FOLLOWED,4
COND:environmental,CONTEXT,EVT:PROCEDURE_NOT_FOLLOWED,1
COND:environmental,UNDER_CONDITION,EVT:PROCEDURE_NOT_FOLLOWED,2
COND:environmental,INHIBITS,EVT:PROCEDURE_NOT_FOLLOWED,2
COND:environmental,TRIGGERS,EVT:PROCEDURE_NOT_FOLLOWED,1
COND:environmental,CONTRIBUTES_TO,EVT:LOSS_OF_CONTROL_GROUND,4
COND:environmental,UNDER_CONDITION,EVT:LOSS_OF_CONTROL_GROUND,2
COND:environmental,CAUSES,EVT:LOSS_OF_CONTROL_GROUND,6
COND:environmental,UNDER_CONDITION,EVT:RUNWAY_CONDITION_HAZARD,9
COND:environmental,CAUSES,EVT:RUNWAY_CONDITION_HAZARD,3
COND:environmental,ENABLES,EVT:RUNWAY_CONDITION_HAZARD,1
COND:environmental,CONTRIBUTES_TO,COND:mechanical,2
COND:environmental,CAUSES,COND:mechanical,9
COND:environmental,UNDER_CONDITION,EVT:BIRD_OR_WILDLIFE_STRIKE,2
COND:environmental,CAUSES,EVT:BIRD_OR_WILDLIFE_STRIKE,2
COND:environmental,CAUSES,COND:human_factor,4
COND:environmental,ENABLES,EVT:TERRAIN_OR_OBSTACLE_PROXIMITY,3
COND:environmental,CAUSES,EVT:TERRAIN_OR_OBSTACLE_PROXIMITY,3
COND:environmental,CONTRIBUTES_TO,EVT:TERRAIN_OR_OBSTACLE_PROXIMITY,1
COND:environmental,UNDER_CONDITION,EVT:TERRAIN_OR_OBSTACLE_PROXIMITY,1
COND:environmental,CAUSES,COND:perceptual,2
COND:environmental,CONTRIBUTES_TO,COND:perceptual,2
COND:environmental,CONCURRENT,COND:environmental,1
COND:environmental,CAUSES,COND:environmental,1
COND:environmental,CAUSES,EVT:ENGINE_FAILURE,2
COND:environmental,CONTRIBUTES_TO,EVT:ENGINE_FAILURE,2
COND:environmental,ENABLES,COND:physiological,2
COND:environmental,CAUSES,COND:physiological,3
COND:environmental,CAUSES,COND:performance,2
COND:environmental,CONTRIBUTES_TO,COND:human_factors,1
COND:environmental,CAUSES,COND:human_factors,1
COND:environmental,CONTRIBUTES_TO,COND:psychological,1
COND:environmental,CAUSES,EVT:ALTITUDE_DEVIATION_UNCONTROLLED,1
COND:environmental,ENABLES,EVT:PILOT_INCAPACITATION_OR_IMPAIRMENT,1
COND:environmental,CAUSES,EVT:PILOT_INCAPACITATION_OR_IMPAIRMENT,1
COND:environmental,CONTRIBUTES_TO,EVT:RUNWAY_EXCURSION_OR_OVERRUN,5
COND:environmental,CAUSES,EVT:RUNWAY_EXCURSION_OR_OVERRUN,2
COND:environmental,UNDER_CONDITION,EVT:RUNWAY_EXCURSION_OR_OVERRUN,3
COND:environmental,ENABLES,EVT:RUNWAY_EXCURSION_OR_OVERRUN,1
COND:environmental,ENABLES,EVT:CREW_COORDINATION_FAILURE,1
COND:environmental,CAUSES,EVT:CREW_COORDINATION_FAILURE,1
COND:environmental,CONTRIBUTES_TO,EVT:INFLIGHT_FIRE_OR_SMOKE,1
COND:environmental,UNDER_CONDITION,EVT:TURBULENCE_ENCOUNTER,5
COND:environmental,CONTRIBUTES_TO,EVT:TURBULENCE_ENCOUNTER,2
COND:environmental,CAUSES,EVT:TURBULENCE_ENCOUNTER,1
COND:environmental,ENABLES,EVT:TURBULENCE_ENCOUNTER,1
COND:environmental,CAUSES,EVT:GROUND_PERSONNEL_ERROR,1
COND:environmental,CONTRIBUTES_TO,COND:information,1
COND:environmental,TRIGGERS,COND:information,1
COND:environmental,CAUSES,COND:structural,1
COND:environmental,CONTRIBUTES_TO,COND:operational,1
COND:environmental,CAUSES,COND:operational,1
COND:environmental,ENABLES,COND:operational,1
COND:environmental,CAUSES,COND:spatial,1
COND:environmental,ENABLES,EVT:FUEL_SYSTEM_ANOMALY,1
COND:environmental,CONTRIBUTES_TO,EVT:WATER_IMPACT,2
COND:environmental,ENABLES,EVT:GROUND_ROLLOVER,1
COND:environmental,CONTRIBUTES_TO,EVT:INJURY_OR_FATALITY,1
COND:environmental,CAUSES,COND:pilot_state,1
COND:weather,UNDER_CONDITION,EVT:WIND_SHEAR_OR_GUST,144
COND:weather,CAUSES,EVT:WIND_SHEAR_OR_GUST,82
COND:weather,CO_OCCURS,EVT:WIND_SHEAR_OR_GUST,1
COND:weather,CONTRIBUTES_TO,EVT:WIND_SHEAR_OR_GUST,1
COND:weather,CONTRIBUTES_TO,EVT:CONTROL_INPUT_IMPROPER,105
COND:weather,UNDER_CONDITION,EVT:CONTROL_INPUT_IMPROPER,57
COND:weather,CAUSES,EVT:CONTROL_INPUT_IMPROPER,23
COND:weather,ENABLES,EVT:CONTROL_INPUT_IMPROPER,1
COND:weather,TRIGGERS,EVT:CONTROL_INPUT_IMPROPER,1
COND:weather,CONCURRENT,EVT:CONTROL_INPUT_IMPROPER,1
COND:weather,CONTRIBUTES_TO,EVT:STALL,50
COND:weather,CAUSES,EVT:STALL,21
COND:weather,UNDER_CONDITION,EVT:STALL,2
COND:weather,CAUSES,EVT:DECISION_INAPPROPRIATE,13
COND:weather,ENABLES,EVT:DECISION_INAPPROPRIATE,12
COND:weather,CONTRIBUTES_TO,EVT:DECISION_INAPPROPRIATE,9
COND:weather,UNDER_CONDITION,EVT:DECISION_INAPPROPRIATE,17
COND:weather,MASKED_BY_CONDITION,EVT:DECISION_INAPPROPRIATE,1
COND:weather,UNDER_CONDITION,EVT:SPATIAL_DISORIENTATION,9
COND:weather,CONTRIBUTES_TO,EVT:SPATIAL_DISORIENTATION,7
COND:weather,CAUSES,EVT:SPATIAL_DISORIENTATION,10
COND:weather,ENABLES,EVT:SPATIAL_DISORIENTATION,2
COND:weather,CAUSES,EVT:WAKE_TURBULENCE_ENCOUNTER,1
COND:weather,CAUSES,COND:physiological,8
COND:weather,ENABLES,COND:physiological,1
COND:weather,UNDER_CONDITION,EVT:LOW_VISIBILITY_OR_IMC,28
COND:weather,ENABLES,EVT:LOW_VISIBILITY_OR_IMC,2
COND:weather,CAUSES,EVT:LOW_VISIBILITY_OR_IMC,3
COND:weather,CONTRIBUTES_TO,EVT:LOW_VISIBILITY_OR_IMC,1
COND:weather,UNDER_CONDITION,EVT:PROCEDURE_NOT_FOLLOWED,12
COND:weather,CONTRIBUTES_TO,EVT:PROCEDURE_NOT_FOLLOWED,3
COND:weather,ENABLES,EVT:PROCEDURE_NOT_FOLLOWED,2
COND:weather,CAUSES,EVT:PROCEDURE_NOT_FOLLOWED,1
COND:weather,CAUSES,COND:weather,8
COND:weather,CAUSES,COND:mechanical,20
COND:weather,CONTRIBUTES_TO,COND:mechanical,2
COND:weather,UNDER_CONDITION,COND:mechanical,1
COND:weather,INDUCED_CONDITION,COND:mechanical,2
COND:weather,ENABLES,COND:mechanical,3
COND:weather,UNDER_CONDITION,EVT:LOSS_OF_CONTROL_INFLIGHT,6
COND:weather,CAUSES,EVT:LOSS_OF_CONTROL_INFLIGHT,56
COND:weather,CONTRIBUTES_TO,EVT:LOSS_OF_CONTROL_INFLIGHT,47
COND:weather,CAUSES,EVT:TURBULENCE_ENCOUNTER,28
COND:weather,UNDER_CONDITION,EVT:TURBULENCE_ENCOUNTER,42
COND:weather,UNDER_CONDITION,EVT:RUNWAY_EXCURSION_OR_OVERRUN,4
COND:weather,CAUSES,EVT:RUNWAY_EXCURSION_OR_OVERRUN,4
COND:weather,CONTRIBUTES_TO,EVT:RUNWAY_EXCURSION_OR_OVERRUN,8
COND:weather,ENABLES,EVT:RUNWAY_EXCURSION_OR_OVERRUN,1
COND:weather,UNDER_CONDITION,EVT:RUNWAY_CONDITION_HAZARD,10
COND:weather,CAUSES,EVT:RUNWAY_CONDITION_HAZARD,2
COND:weather,UNDER_CONDITION,EVT:PERCEPTION_FAILURE,12
COND:weather,CONTRIBUTES_TO,EVT:PERCEPTION_FAILURE,5
COND:weather,CAUSES,EVT:PERCEPTION_FAILURE,2
COND:weather,CAUSES,EVT:ICING_ENCOUNTER,4
COND:weather,UNDER_CONDITION,EVT:ICING_ENCOUNTER,12
COND:weather,CAUSES,COND:human_factor,5
COND:weather,CONTRIBUTES_TO,COND:human_factor,2
COND:weather,INDUCED_CONDITION,COND:human_factor,1
COND:weather,ENABLES,COND:human_factor,1
COND:weather,CONTRIBUTES_TO,EVT:LOSS_OF_CONTROL_GROUND,12
COND:weather,CAUSES,EVT:LOSS_OF_CONTROL_GROUND,8
COND:weather,UNDER_CONDITION,EVT:LOSS_OF_CONTROL_GROUND,1
COND:weather,CONTRIBUTES_TO,COND:operational,1
COND:weather,CONTRIBUTES_TO,EVT:CONTROL_SURFACE_ANOMALY,2
COND:weather,CAUSES,EVT:CONTROL_SURFACE_ANOMALY,1
COND:weather,CAUSES,EVT:GROUND_IMPACT,3
COND:weather,CONTRIBUTES_TO,EVT:GROUND_IMPACT,4
COND:weather,MASKED_BY_CONDITION,EVT:GROUND_IMPACT,1
COND:weather,CONTRIBUTES_TO,COND:aerodynamic,7
COND:weather,INDUCED_CONDITION,COND:aerodynamic,2
COND:weather,CAUSES,COND:aerodynamic,21
COND:weather,ENABLES,COND:aerodynamic,5
COND:weather,CAUSES,COND:environmental,6
COND:weather,CAUSES,COND:spatial,4
COND:weather,ENABLES,COND:spatial_disorientation,2
COND:weather,CAUSES,COND:spatial_disorientation,3
COND:weather,CONTRIBUTES_TO,COND:performance,2
COND:weather,CAUSES,COND:performance,1
COND:weather,CONTRIBUTES_TO,EVT:FUEL_SYSTEM_ANOMALY,1
COND:weather,CAUSES,EVT:ENGINE_FAILURE,4
COND:weather,UNDER_CONDITION,EVT:ENGINE_FAILURE,1
COND:weather,CONTRIBUTES_TO,EVT:ENGINE_FAILURE,1
COND:weather,CAUSES,EVT:AIRFRAME_STRUCTURAL_FAILURE,1
COND:weather,INDUCED_CONDITION,COND:pilot_state,1
COND:weather,CAUSES,EVT:ALTITUDE_DEVIATION_UNCONTROLLED,5
COND:weather,CONTRIBUTES_TO,EVT:ALTITUDE_DEVIATION_UNCONTROLLED,3
COND:weather,UNDER_CONDITION,EVT:ALTITUDE_DEVIATION_UNCONTROLLED,1
COND:weather,INHIBITS,COND:perceptual,1
COND:weather,CAUSES,COND:aircraft_state,1
COND:weather,UNDER_CONDITION,EVT:TERRAIN_OR_OBSTACLE_PROXIMITY,3
COND:weather,ENABLES,COND:contamination,1
COND:weather,CAUSES,COND:terrain,1
COND:weather,CAUSES,COND:psychological,1
COND:weather,CAUSES,COND:spatial_reference,1
EVT:MAINTENANCE_INADEQUATE,CAUSES,COND:mechanical,78
EVT:MAINTENANCE_INADEQUATE,INDUCED_CONDITION,COND:mechanical,9
EVT:MAINTENANCE_INADEQUATE,ENABLES,COND:mechanical,4
EVT:MAINTENANCE_INADEQUATE,CONTRIBUTES_TO,COND:mechanical,3
EVT:MAINTENANCE_INADEQUATE,INHIBITS,COND:mechanical,1
EVT:MAINTENANCE_INADEQUATE,PREVENTS,COND:mechanical,1
EVT:MAINTENANCE_INADEQUATE,CAUSES,COND:organizational,8
EVT:MAINTENANCE_INADEQUATE,MITIGATES,COND:organizational,1
EVT:MAINTENANCE_INADEQUATE,UNDER_CONDITION,COND:organizational,1
EVT:MAINTENANCE_INADEQUATE,CAUSES,EVT:INFLIGHT_FIRE_OR_SMOKE,1
EVT:MAINTENANCE_INADEQUATE,INDUCED_CONDITION,COND:latent_defect,1
EVT:MAINTENANCE_INADEQUATE,CAUSES,EVT:CONTROL_SURFACE_ANOMALY,2
EVT:MAINTENANCE_INADEQUATE,PRECEDES,EVT:CONTROL_INPUT_IMPROPER,1
EVT:MAINTENANCE_INADEQUATE,CONTRIBUTES_TO,COND:design,1
EVT:MAINTENANCE_INADEQUATE,CAUSES,COND:maintenance,1
EVT:MAINTENANCE_INADEQUATE,CONTRIBUTES_TO,EVT:DECISION_INAPPROPRIATE,1
COND:mechanical,CAUSES,EVT:GROUND_RESONANCE,3
COND:mechanical,CONTRIBUTES_TO,EVT:GROUND_RESONANCE,1
COND:mechanical,CAUSES,EVT:ENGINE_FAILURE,161
COND:mechanical,CONTRIBUTES_TO,EVT:ENGINE_FAILURE,5
COND:mechanical,UNDER_CONDITION,EVT:ENGINE_FAILURE,2
COND:mechanical,ENABLES,EVT:ENGINE_FAILURE,2
COND:mechanical,ENABLES,COND:mechanical,6
COND:mechanical,MASKED_BY_CONDITION,COND:mechanical,1
COND:mechanical,CAUSES,COND:mechanical,66
COND:mechanical,CONTRIBUTES_TO,COND:mechanical,8
COND:mechanical,INDUCED_CONDITION,COND:mechanical,1
COND:mechanical,TRIGGERS,EVT:DECISION_INAPPROPRIATE,6
COND:mechanical,ENABLES,EVT:DECISION_INAPPROPRIATE,6
COND:mechanical,CONTRIBUTES_TO,EVT:DECISION_INAPPROPRIATE,7
COND:mechanical,CAUSES,EVT:DECISION_INAPPROPRIATE,13
COND:mechanical,UNDER_CONDITION,EVT:DECISION_INAPPROPRIATE,6
COND:mechanical,CAUSES,COND:aerodynamic,19
COND:mechanical,ENABLES,COND:aerodynamic,1
COND:mechanical,CONTRIBUTES_TO,COND:aerodynamic,3
COND:mechanical,CAUSES,EVT:LOSS_OF_CONTROL_INFLIGHT,148
COND:mechanical,CONTRIBUTES_TO,EVT:LOSS_OF_CONTROL_INFLIGHT,32
COND:mechanical,ENABLES,EVT:LOSS_OF_CONTROL_INFLIGHT,4
COND:mechanical,UNDER_CONDITION,EVT:LOSS_OF_CONTROL_INFLIGHT,4
COND:mechanical,INHIBITS,EVT:LOSS_OF_CONTROL_INFLIGHT,1
COND:mechanical,CAUSES,EVT:PERCEPTION_FAILURE,15
COND:mechanical,TRIGGERS,EVT:PERCEPTION_FAILURE,2
COND:mechanical,CONTRIBUTES_TO,EVT:PERCEPTION_FAILURE,6
COND:mechanical,MASKED_BY_CONDITION,EVT:PERCEPTION_FAILURE,3
COND:mechanical,ENABLES,EVT:PERCEPTION_FAILURE,1
COND:mechanical,INHIBITS,EVT:PERCEPTION_FAILURE,1
COND:mechanical,INHIBITS,EVT:CONTROL_INPUT_IMPROPER,12
COND:mechanical,CAUSES,EVT:CONTROL_INPUT_IMPROPER,28
COND:mechanical,ENABLES,EVT:CONTROL_INPUT_IMPROPER,22
COND:mechanical,CONTRIBUTES_TO,EVT:CONTROL_INPUT_IMPROPER,40
COND:mechanical,TRIGGERS,EVT:CONTROL_INPUT_IMPROPER,6
COND:mechanical,UNDER_CONDITION,EVT:CONTROL_INPUT_IMPROPER,6
COND:mechanical,RESPONDS_TO,EVT:CONTROL_INPUT_IMPROPER,1
COND:mechanical,CONTRIBUTES_TO,EVT:STALL,53
COND:mechanical,CAUSES,EVT:STALL,50
COND:mechanical,INHIBITS,EVT:STALL,2
COND:mechanical,UNDER_CONDITION,EVT:STALL,3
COND:mechanical,CAUSES,EVT:AUTOMATION_ANOMALY,2
COND:mechanical,UNDER_CONDITION,EVT:AUTOMATION_ANOMALY,1
COND:mechanical,ENABLES,EVT:AUTOMATION_ANOMALY,1
COND:mechanical,CAUSES,EVT:ALTITUDE_DEVIATION_UNCONTROLLED,3
COND:mechanical,CONTRIBUTES_TO,EVT:ALTITUDE_DEVIATION_UNCONTROLLED,2
COND:mechanical,CAUSES,EVT:AIRFRAME_STRUCTURAL_FAILURE,20
COND:mechanical,CONTRIBUTES_TO,EVT:AIRFRAME_STRUCTURAL_FAILURE,2
COND:mechanical,UNDER_CONDITION,EVT:AIRFRAME_STRUCTURAL_FAILURE,1
COND:mechanical,CAUSES,EVT:CONTROL_SURFACE_ANOMALY,82
COND:mechanical,ENABLES,EVT:CONTROL_SURFACE_ANOMALY,8
COND:mechanical,INDUCED_CONDITION,EVT:CONTROL_SURFACE_ANOMALY,2
COND:mechanical,UNDER_CONDITION,EVT:CONTROL_SURFACE_ANOMALY,8
COND:mechanical,CONTRIBUTES_TO,EVT:CONTROL_SURFACE_ANOMALY,2
COND:mechanical,CAUSES,COND:structural,1
COND:mechanical,CAUSES,EVT:PROCEDURE_NOT_FOLLOWED,3
COND:mechanical,CONTRIBUTES_TO,EVT:PROCEDURE_NOT_FOLLOWED,1
COND:mechanical,MASKED_BY_CONDITION,EVT:PROCEDURE_NOT_FOLLOWED,2
COND:mechanical,ENABLES,EVT:PROCEDURE_NOT_FOLLOWED,9
COND:mechanical,INHIBITS,EVT:PROCEDURE_NOT_FOLLOWED,3
COND:mechanical,RESPONDS_TO,EVT:PROCEDURE_NOT_FOLLOWED,1
COND:mechanical,UNDER_CONDITION,EVT:PROCEDURE_NOT_FOLLOWED,1
COND:mechanical,TRIGGERS,EVT:PROCEDURE_NOT_FOLLOWED,2
COND:mechanical,CAUSES,EVT:LOSS_OF_CONTROL_GROUND,16
COND:mechanical,CONTRIBUTES_TO,EVT:LOSS_OF_CONTROL_GROUND,2
COND:mechanical,TRIGGERS,EVT:ATC_OR_DISPATCH_INADEQUATE,1
COND:mechanical,CAUSES,EVT:INSTRUMENT_OR_AVIONICS_FAILURE,12
COND:mechanical,UNDER_CONDITION,EVT:INSTRUMENT_OR_AVIONICS_FAILURE,3
COND:mechanical,CAUSES,EVT:GROUND_IMPACT,8
COND:mechanical,CONTRIBUTES_TO,EVT:GROUND_IMPACT,4
COND:mechanical,CAUSES,EVT:FUEL_SYSTEM_ANOMALY,13
COND:mechanical,ENABLES,EVT:FUEL_SYSTEM_ANOMALY,2
COND:mechanical,UNDER_CONDITION,ENT:component,3
COND:mechanical,ENABLES,COND:physiological,1
COND:mechanical,CAUSES,COND:physiological,3
COND:mechanical,CONTRIBUTES_TO,EVT:TERRAIN_OR_OBSTACLE_PROXIMITY,1
COND:mechanical,CAUSES,EVT:TERRAIN_OR_OBSTACLE_PROXIMITY,1
COND:mechanical,ENABLES,EVT:TERRAIN_OR_OBSTACLE_PROXIMITY,1
COND:mechanical,CAUSES,COND:environmental,3
COND:mechanical,ENABLES,COND:environmental,2
COND:mechanical,CONTRIBUTES_TO,COND:environmental,1
COND:mechanical,CAUSES,EVT:ICING_ENCOUNTER,1
COND:mechanical,CAUSES,EVT:GROUND_ROLLOVER,1
COND:mechanical,CAUSES,EVT:INFLIGHT_FIRE_OR_SMOKE,9
COND:mechanical,UNDER_CONDITION,EVT:INFLIGHT_FIRE_OR_SMOKE,1
COND:mechanical,CONTRIBUTES_TO,EVT:STRUCTURAL_OVERLOAD,2
COND:mechanical,CAUSES,EVT:STRUCTURAL_OVERLOAD,2
COND:mechanical,INHIBITS,EVT:CREW_COORDINATION_FAILURE,1
COND:mechanical,TRIGGERS,EVT:CREW_COORDINATION_FAILURE,1
COND:mechanical,MASKED_BY_CONDITION,ENT:aircraft,1
COND:mechanical,UNDER_CONDITION,ENT:aircraft,1
COND:mechanical,ENABLES,ENT:aircraft,1
COND:mechanical,CONTRIBUTES_TO,EVT:INJURY_OR_FATALITY,3
COND:mechanical,CAUSES,COND:aircraft_state,1
COND:mechanical,CAUSES,EVT:SPATIAL_DISORIENTATION,2
COND:mechanical,CONTRIBUTES_TO,EVT:SPATIAL_DISORIENTATION,1
COND:mechanical,CAUSES,COND:instrument,2
COND:mechanical,ENABLES,EVT:BIRD_OR_WILDLIFE_STRIKE,2
COND:mechanical,CAUSES,COND:weather,1
COND:mechanical,UNDER_CONDITION,EVT:TURBULENCE_ENCOUNTER,1
COND:mechanical,CAUSES,EVT:LANDING_GEAR_ANOMALY,2
COND:mechanical,CONTRIBUTES_TO,EVT:LANDING_GEAR_ANOMALY,1
COND:mechanical,CONTRIBUTES_TO,COND:organizational,1
COND:mechanical,TRIGGERS,EVT:MAINTENANCE_INADEQUATE,1
COND:mechanical,CAUSES,EVT:MAINTENANCE_INADEQUATE,1
COND:mechanical,CAUSES,EVT:GROUND_COLLISION,1
COND:mechanical,CAUSES,COND:operational,1
COND:mechanical,MASKED_BY_CONDITION,COND:situational_awareness,1
COND:mechanical,CAUSES,EVT:HYDRAULIC_SYSTEM_FAILURE,3
COND:mechanical,CAUSES,COND:performance,1
COND:mechanical,CONTRIBUTES_TO,EVT:WATER_IMPACT,1
COND:mechanical,MASKED_BY_CONDITION,COND:latent,1
COND:mechanical,ENABLES,EVT:TAKEOFF_WITH_IMPROPER_CONFIG,1
COND:mechanical,CAUSES,COND:human,1
COND:mechanical,CAUSES,EVT:PROPELLER_FAILURE,1
COND:mechanical,CAUSES,EVT:RUNWAY_CONDITION_HAZARD,1
EVT:GROUND_RESONANCE,CAUSES,EVT:GROUND_IMPACT,2
EVT:GROUND_RESONANCE,CAUSES,EVT:AIRFRAME_STRUCTURAL_FAILURE,1
EVT:GROUND_RESONANCE,UNDER_CONDITION,COND:mechanical,1
EVT:GROUND_RESONANCE,RESPONDS_TO,EVT:CONTROL_INPUT_IMPROPER,1
EVT:WIND_SHEAR_OR_GUST,CAUSES,EVT:CONTROL_INPUT_IMPROPER,34
EVT:WIND_SHEAR_OR_GUST,TRIGGERS,EVT:CONTROL_INPUT_IMPROPER,46
EVT:WIND_SHEAR_OR_GUST,RESPONDS_TO,EVT:CONTROL_INPUT_IMPROPER,8
EVT:WIND_SHEAR_OR_GUST,CONTRIBUTES_TO,EVT:CONTROL_INPUT_IMPROPER,30
EVT:WIND_SHEAR_OR_GUST,UNDER_CONDITION,COND:weather,95
EVT:WIND_SHEAR_OR_GUST,INDUCED_CONDITION,COND:weather,1
EVT:WIND_SHEAR_OR_GUST,INDUCED_CONDITION,COND:aerodynamic,3
EVT:WIND_SHEAR_OR_GUST,CAUSES,COND:aerodynamic,5
EVT:WIND_SHEAR_OR_GUST,CONTRIBUTES_TO,COND:aerodynamic,1
EVT:WIND_SHEAR_OR_GUST,TRIGGERS,EVT:DECISION_INAPPROPRIATE,23
EVT:WIND_SHEAR_OR_GUST,CAUSES,EVT:DECISION_INAPPROPRIATE,4
EVT:WIND_SHEAR_OR_GUST,CAUSES,EVT:LOSS_OF_CONTROL_INFLIGHT,53
EVT:WIND_SHEAR_OR_GUST,CONTRIBUTES_TO,EVT:LOSS_OF_CONTROL_INFLIGHT,17
EVT:WIND_SHEAR_OR_GUST,TRIGGERS,EVT:LOSS_OF_CONTROL_INFLIGHT,4
EVT:WIND_SHEAR_OR_GUST,CAUSES,EVT:ALTITUDE_DEVIATION_UNCONTROLLED,7
EVT:WIND_SHEAR_OR_GUST,CONTRIBUTES_TO,EVT:ALTITUDE_DEVIATION_UNCONTROLLED,2
EVT:WIND_SHEAR_OR_GUST,CONTRIBUTES_TO,EVT:STALL,9
EVT:WIND_SHEAR_OR_GUST,CAUSES,EVT:STALL,16
EVT:WIND_SHEAR_OR_GUST,INDUCED_CONDITION,COND:cognitive,1
EVT:WIND_SHEAR_OR_GUST,CAUSES,EVT:GROUND_IMPACT,11
EVT:WIND_SHEAR_OR_GUST,CONTRIBUTES_TO,EVT:GROUND_IMPACT,6
EVT:WIND_SHEAR_OR_GUST,CAUSES,EVT:LOSS_OF_CONTROL_GROUND,9
EVT:WIND_SHEAR_OR_GUST,CONTRIBUTES_TO,EVT:LOSS_OF_CONTROL_GROUND,4
EVT:WIND_SHEAR_OR_GUST,CAUSES,COND:human_factor,1
EVT:WIND_SHEAR_OR_GUST,TRIGGERS,EVT:PROCEDURE_NOT_FOLLOWED,9
EVT:WIND_SHEAR_OR_GUST,CAUSES,EVT:PROCEDURE_NOT_FOLLOWED,1
EVT:WIND_SHEAR_OR_GUST,CONTRIBUTES_TO,EVT:PROCEDURE_NOT_FOLLOWED,1
EVT:WIND_SHEAR_OR_GUST,CAUSES,EVT:TERRAIN_OR_OBSTACLE_PROXIMITY,2
EVT:WIND_SHEAR_OR_GUST,CAUSES,EVT:WIND_SHEAR_OR_GUST,2
EVT:WIND_SHEAR_OR_GUST,CAUSES,EVT:RUNWAY_EXCURSION_OR_OVERRUN,6
EVT:WIND_SHEAR_OR_GUST,CONTRIBUTES_TO,EVT:RUNWAY_EXCURSION_OR_OVERRUN,1
EVT:WIND_SHEAR_OR_GUST,UNDER_CONDITION,COND:environmental,3
EVT:WIND_SHEAR_OR_GUST,CONTRIBUTES_TO,EVT:PERCEPTION_FAILURE,2
EVT:WIND_SHEAR_OR_GUST,TRIGGERS,EVT:PERCEPTION_FAILURE,1
EVT:WIND_SHEAR_OR_GUST,CONTRIBUTES_TO,COND:spatial,1
EVT:LOSS_OF_CONTROL_INFLIGHT,CAUSES,EVT:GROUND_IMPACT,1436
EVT:LOSS_OF_CONTROL_INFLIGHT,CONTRIBUTES_TO,EVT:GROUND_IMPACT,10
EVT:LOSS_OF_CONTROL_INFLIGHT,CONCURRENT,EVT:GROUND_IMPACT,1
EVT:LOSS_OF_CONTROL_INFLIGHT,UNDER_CONDITION,COND:environmental,71
EVT:LOSS_OF_CONTROL_INFLIGHT,INDUCED_CONDITION,COND:environmental,4
EVT:LOSS_OF_CONTROL_INFLIGHT,CAUSES,EVT:STALL,80
EVT:LOSS_OF_CONTROL_INFLIGHT,CONTRIBUTES_TO,EVT:STALL,2
EVT:LOSS_OF_CONTROL_INFLIGHT,TRIGGERS,EVT:STALL,1
EVT:LOSS_OF_CONTROL_INFLIGHT,PRECEDES,EVT:STALL,1
EVT:LOSS_OF_CONTROL_INFLIGHT,CAUSES,EVT:STRUCTURAL_OVERLOAD,29
EVT:LOSS_OF_CONTROL_INFLIGHT,CAUSES,EVT:RUNWAY_EXCURSION_OR_OVERRUN,18
EVT:LOSS_OF_CONTROL_INFLIGHT,TRIGGERS,EVT:DECISION_INAPPROPRIATE,19
EVT:LOSS_OF_CONTROL_INFLIGHT,CONCURRENT,EVT:DECISION_INAPPROPRIATE,1
EVT:LOSS_OF_CONTROL_INFLIGHT,RESPONDS_TO,EVT:DECISION_INAPPROPRIATE,27
EVT:LOSS_OF_CONTROL_INFLIGHT,CAUSES,EVT:DECISION_INAPPROPRIATE,3
EVT:LOSS_OF_CONTROL_INFLIGHT,RESPONDS_TO,EVT:CONTROL_INPUT_IMPROPER,203
EVT:LOSS_OF_CONTROL_INFLIGHT,TRIGGERS,EVT:CONTROL_INPUT_IMPROPER,27
EVT:LOSS_OF_CONTROL_INFLIGHT,CAUSES,EVT:CONTROL_INPUT_IMPROPER,17
EVT:LOSS_OF_CONTROL_INFLIGHT,PRECEDES,EVT:CONTROL_INPUT_IMPROPER,1
EVT:LOSS_OF_CONTROL_INFLIGHT,CONCURRENT,EVT:CONTROL_INPUT_IMPROPER,5
EVT:LOSS_OF_CONTROL_INFLIGHT,IF_THEN,EVT:CONTROL_INPUT_IMPROPER,1
EVT:LOSS_OF_CONTROL_INFLIGHT,CONTRIBUTES_TO,EVT:CONTROL_INPUT_IMPROPER,1
EVT:LOSS_OF_CONTROL_INFLIGHT,CAUSES,EVT:WATER_IMPACT,88
EVT:LOSS_OF_CONTROL_INFLIGHT,CAUSES,EVT:ALTITUDE_DEVIATION_UNCONTROLLED,30
EVT:LOSS_OF_CONTROL_INFLIGHT,UNDER_CONDITION,COND:aerodynamic,19
EVT:LOSS_OF_CONTROL_INFLIGHT,INDUCED_CONDITION,COND:aerodynamic,46
EVT:LOSS_OF_CONTROL_INFLIGHT,CAUSES,COND:aerodynamic,2
EVT:LOSS_OF_CONTROL_INFLIGHT,UNDER_CONDITION,COND:weather,60
EVT:LOSS_OF_CONTROL_INFLIGHT,CONTRIBUTES_TO,COND:weather,1
EVT:LOSS_OF_CONTROL_INFLIGHT,INDUCED_CONDITION,COND:weather,1
EVT:LOSS_OF_CONTROL_INFLIGHT,RESPONDS_TO,COND:weather,1
EVT:LOSS_OF_CONTROL_INFLIGHT,CAUSES,EVT:SUCCESSFUL_RECOVERY,5
EVT:LOSS_OF_CONTROL_INFLIGHT,RESPONDS_TO,EVT:SUCCESSFUL_RECOVERY,18
EVT:LOSS_OF_CONTROL_INFLIGHT,CAUSES,EVT:INFLIGHT_BREAKUP,8
EVT:LOSS_OF_CONTROL_INFLIGHT,RESPONDS_TO,EVT:EMERGENCY_LANDING,7
EVT:LOSS_OF_CONTROL_INFLIGHT,CAUSES,EVT:EMERGENCY_LANDING,6
EVT:LOSS_OF_CONTROL_INFLIGHT,RESPONDS_TO,EVT:PROCEDURE_NOT_FOLLOWED,44
EVT:LOSS_OF_CONTROL_INFLIGHT,TRIGGERS,EVT:PROCEDURE_NOT_FOLLOWED,11
EVT:LOSS_OF_CONTROL_INFLIGHT,CAUSES,EVT:PROCEDURE_NOT_FOLLOWED,4
EVT:LOSS_OF_CONTROL_INFLIGHT,CONCURRENT,EVT:PROCEDURE_NOT_FOLLOWED,3
EVT:LOSS_OF_CONTROL_INFLIGHT,CAUSES,EVT:AIRFRAME_STRUCTURAL_FAILURE,15
EVT:LOSS_OF_CONTROL_INFLIGHT,CAUSES,EVT:TERRAIN_OR_OBSTACLE_PROXIMITY,21
EVT:LOSS_OF_CONTROL_INFLIGHT,CONCURRENT,EVT:TERRAIN_OR_OBSTACLE_PROXIMITY,1
EVT:LOSS_OF_CONTROL_INFLIGHT,CAUSES,EVT:LOSS_OF_CONTROL_INFLIGHT,48
EVT:LOSS_OF_CONTROL_INFLIGHT,CONCURRENT,EVT:LOSS_OF_CONTROL_INFLIGHT,2
EVT:LOSS_OF_CONTROL_INFLIGHT,TRIGGERS,EVT:LOSS_OF_CONTROL_INFLIGHT,2
EVT:LOSS_OF_CONTROL_INFLIGHT,PRECEDES,EVT:LOSS_OF_CONTROL_INFLIGHT,1
EVT:LOSS_OF_CONTROL_INFLIGHT,CONTRIBUTES_TO,EVT:LOSS_OF_CONTROL_INFLIGHT,1
EVT:LOSS_OF_CONTROL_INFLIGHT,UNDER_CONDITION,COND:mechanical,17
EVT:LOSS_OF_CONTROL_INFLIGHT,INDUCED_CONDITION,COND:mechanical,3
EVT:LOSS_OF_CONTROL_INFLIGHT,CAUSES,COND:mechanical,3
EVT:LOSS_OF_CONTROL_INFLIGHT,MASKED_BY_CONDITION,COND:mechanical,3
EVT:LOSS_OF_CONTROL_INFLIGHT,CO_OCCURS,COND:mechanical,1
EVT:LOSS_OF_CONTROL_INFLIGHT,INDUCED_CONDITION,COND:human_factors,2
EVT:LOSS_OF_CONTROL_INFLIGHT,UNDER_CONDITION,COND:human_factors,2
EVT:LOSS_OF_CONTROL_INFLIGHT,UNDER_CONDITION,COND:terrain,9
EVT:LOSS_OF_CONTROL_INFLIGHT,CAUSES,COND:terrain,1
EVT:LOSS_OF_CONTROL_INFLIGHT,CAUSES,EVT:CONTROL_SURFACE_ANOMALY,3
EVT:LOSS_OF_CONTROL_INFLIGHT,RESPONDS_TO,EVT:PERCEPTION_FAILURE,2
EVT:LOSS_OF_CONTROL_INFLIGHT,CAUSES,EVT:PERCEPTION_FAILURE,4
EVT:LOSS_OF_CONTROL_INFLIGHT,TRIGGERS,EVT:PERCEPTION_FAILURE,1
EVT:LOSS_OF_CONTROL_INFLIGHT,CAUSES,EVT:PILOT_INCAPACITATION_OR_IMPAIRMENT,1
EVT:LOSS_OF_CONTROL_INFLIGHT,TRIGGERS,EVT:PILOT_INCAPACITATION_OR_IMPAIRMENT,1
EVT:LOSS_OF_CONTROL_INFLIGHT,TRIGGERS,EVT:CREW_COORDINATION_FAILURE,2
EVT:LOSS_OF_CONTROL_INFLIGHT,RESPONDS_TO,EVT:CREW_COORDINATION_FAILURE,2
EVT:LOSS_OF_CONTROL_INFLIGHT,UNDER_CONDITION,COND:operational,3
EVT:LOSS_OF_CONTROL_INFLIGHT,INDUCED_CONDITION,COND:operational,1
EVT:LOSS_OF_CONTROL_INFLIGHT,UNDER_CONDITION,COND:unknown,3
EVT:LOSS_OF_CONTROL_INFLIGHT,CAUSES,EVT:INJURY_OR_FATALITY,6
EVT:LOSS_OF_CONTROL_INFLIGHT,CAUSES,EVT:ENGINE_FAILURE,3
EVT:LOSS_OF_CONTROL_INFLIGHT,UNDER_CONDITION,COND:physiological,2
EVT:LOSS_OF_CONTROL_INFLIGHT,CAUSES,EVT:LOSS_OF_CONTROL_GROUND,2
EVT:LOSS_OF_CONTROL_INFLIGHT,UNDER_CONDITION,COND:spatial,1
EVT:LOSS_OF_CONTROL_INFLIGHT,UNDER_CONDITION,COND:organizational,1
EVT:LOSS_OF_CONTROL_INFLIGHT,TRIGGERS,EVT:INSTRUMENT_OR_AVIONICS_FAILURE,1
EVT:LOSS_OF_CONTROL_INFLIGHT,CAUSES,EVT:SPATIAL_DISORIENTATION,2
EVT:LOSS_OF_CONTROL_INFLIGHT,CAUSES,COND:cognitive,1
EVT:LOSS_OF_CONTROL_INFLIGHT,TRIGGERS,EVT:AUTOMATION_ANOMALY,1
EVT:LOSS_OF_CONTROL_INFLIGHT,UNDER_CONDITION,COND:altitude,1
EVT:LOSS_OF_CONTROL_INFLIGHT,CAUSES,COND:altitude,1
EVT:LOSS_OF_CONTROL_INFLIGHT,UNDER_CONDITION,COND:other,1
EVT:LOSS_OF_CONTROL_INFLIGHT,INDUCED_CONDITION,COND:spatial_disorientation,1
EVT:LOSS_OF_CONTROL_INFLIGHT,UNDER_CONDITION,COND:latent_defect,2
EVT:LOSS_OF_CONTROL_INFLIGHT,MASKED_BY_CONDITION,COND:human_factor,1
EVT:LOSS_OF_CONTROL_INFLIGHT,UNDER_CONDITION,COND:performance,1
EVT:LOSS_OF_CONTROL_INFLIGHT,INDUCED_CONDITION,COND:human_performance,1
EVT:LOSS_OF_CONTROL_INFLIGHT,UNDER_CONDITION,COND:human_performance,1
EVT:LOSS_OF_CONTROL_INFLIGHT,UNDER_CONDITION,COND:task,1
EVT:LOSS_OF_CONTROL_INFLIGHT,INDUCED_CONDITION,COND:physical,1
EVT:LOSS_OF_CONTROL_INFLIGHT,UNDER_CONDITION,COND:infrastructure,1
EVT:LOSS_OF_CONTROL_INFLIGHT,UNDER_CONDITION,COND:location,1
EVT:LOSS_OF_CONTROL_GROUND,RESPONDS_TO,EVT:DECISION_INAPPROPRIATE,4
EVT:LOSS_OF_CONTROL_GROUND,CAUSES,EVT:DECISION_INAPPROPRIATE,2
EVT:LOSS_OF_CONTROL_GROUND,TRIGGERS,EVT:DECISION_INAPPROPRIATE,5
EVT:LOSS_OF_CONTROL_GROUND,CAUSES,EVT:GROUND_IMPACT,178
EVT:LOSS_OF_CONTROL_GROUND,CONTRIBUTES_TO,EVT:GROUND_IMPACT,2
EVT:LOSS_OF_CONTROL_GROUND,RESPONDS_TO,EVT:CONTROL_INPUT_IMPROPER,33
EVT:LOSS_OF_CONTROL_GROUND,TRIGGERS,EVT:CONTROL_INPUT_IMPROPER,20
EVT:LOSS_OF_CONTROL_GROUND,CAUSES,EVT:CONTROL_INPUT_IMPROPER,2
EVT:LOSS_OF_CONTROL_GROUND,CONTRIBUTES_TO,EVT:CONTROL_INPUT_IMPROPER,2
EVT:LOSS_OF_CONTROL_GROUND,CONCURRENT,EVT:CONTROL_INPUT_IMPROPER,2
EVT:LOSS_OF_CONTROL_GROUND,CAUSES,EVT:AIRFRAME_STRUCTURAL_FAILURE,3
EVT:LOSS_OF_CONTROL_GROUND,CAUSES,EVT:INJURY_OR_FATALITY,6
EVT:LOSS_OF_CONTROL_GROUND,UNDER_CONDITION,COND:mechanical,3
EVT:LOSS_OF_CONTROL_GROUND,INDUCED_CONDITION,COND:mechanical,2
EVT:LOSS_OF_CONTROL_GROUND,CAUSES,EVT:LOSS_OF_CONTROL_GROUND,8
EVT:LOSS_OF_CONTROL_GROUND,CONTRIBUTES_TO,EVT:LOSS_OF_CONTROL_GROUND,1
EVT:LOSS_OF_CONTROL_GROUND,CAUSES,EVT:WATER_IMPACT,4
EVT:LOSS_OF_CONTROL_GROUND,TRIGGERS,EVT:PROCEDURE_NOT_FOLLOWED,2
EVT:LOSS_OF_CONTROL_GROUND,CONCURRENT,EVT:PROCEDURE_NOT_FOLLOWED,1
EVT:LOSS_OF_CONTROL_GROUND,RESPONDS_TO,EVT:PROCEDURE_NOT_FOLLOWED,3
EVT:LOSS_OF_CONTROL_GROUND,UNDER_CONDITION,COND:environmental,21
EVT:LOSS_OF_CONTROL_GROUND,UNDER_CONDITION,COND:weather,8
EVT:LOSS_OF_CONTROL_GROUND,RESPONDS_TO,EVT:STALL,1
EVT:LOSS_OF_CONTROL_GROUND,CAUSES,EVT:STALL,3
EVT:LOSS_OF_CONTROL_GROUND,CONCURRENT,EVT:STALL,1
EVT:LOSS_OF_CONTROL_GROUND,CAUSES,EVT:INFLIGHT_FIRE_OR_SMOKE,2
EVT:LOSS_OF_CONTROL_GROUND,CAUSES,EVT:RUNWAY_EXCURSION_OR_OVERRUN,26
EVT:LOSS_OF_CONTROL_GROUND,CAUSES,EVT:INFLIGHT_BREAKUP,1
EVT:LOSS_OF_CONTROL_GROUND,CAUSES,EVT:LANDING_GEAR_ANOMALY,3
EVT:LOSS_OF_CONTROL_GROUND,CAUSES,EVT:TERRAIN_OR_OBSTACLE_PROXIMITY,2
EVT:LOSS_OF_CONTROL_GROUND,CONTRIBUTES_TO,EVT:TERRAIN_OR_OBSTACLE_PROXIMITY,1
EVT:LOSS_OF_CONTROL_GROUND,CAUSES,EVT:ALTITUDE_DEVIATION_UNCONTROLLED,3
EVT:LOSS_OF_CONTROL_GROUND,UNDER_CONDITION,ENT:location,1
EVT:LOSS_OF_CONTROL_GROUND,CAUSES,EVT:LOSS_OF_CONTROL_INFLIGHT,2
EVT:LOSS_OF_CONTROL_GROUND,INDUCED_CONDITION,COND:aerodynamic,1
EVT:LOSS_OF_CONTROL_GROUND,UNDER_CONDITION,COND:aerodynamic,2
EVT:LOSS_OF_CONTROL_GROUND,IF_THEN,COND:terrain,1
EVT:LOSS_OF_CONTROL_GROUND,UNDER_CONDITION,COND:terrain,1
EVT:LOSS_OF_CONTROL_GROUND,CAUSES,EVT:STRUCTURAL_OVERLOAD,6
EVT:LOSS_OF_CONTROL_GROUND,CONCURRENT,EVT:PERCEPTION_FAILURE,1
EVT:LOSS_OF_CONTROL_GROUND,UNDER_CONDITION,COND:physical,1
EVT:LOSS_OF_CONTROL_GROUND,UNDER_CONDITION,COND:infrastructure,1
EVT:LOSS_OF_CONTROL_GROUND,CONCURRENT,EVT:WIND_SHEAR_OR_GUST,2
EVT:LOSS_OF_CONTROL_GROUND,UNDER_CONDITION,COND:location,1
EVT:LOSS_OF_CONTROL_GROUND,TRIGGERS,EVT:CREW_COORDINATION_FAILURE,1
EVT:LOSS_OF_CONTROL_GROUND,CAUSES,EVT:ENGINE_FAILURE,1
EVT:LOSS_OF_CONTROL_GROUND,CAUSES,EVT:CONTROL_SURFACE_ANOMALY,1
EVT:PILOT_INCAPACITATION_OR_IMPAIRMENT,INDUCED_CONDITION,COND:medical,4
EVT:PILOT_INCAPACITATION_OR_IMPAIRMENT,UNDER_CONDITION,COND:medical,6
EVT:PILOT_INCAPACITATION_OR_IMPAIRMENT,INDUCED_CONDITION,COND:physiological,18
EVT:PILOT_INCAPACITATION_OR_IMPAIRMENT,UNDER_CONDITION,COND:physiological,8
EVT:PILOT_INCAPACITATION_OR_IMPAIRMENT,CAUSES,COND:physiological,1
EVT:PILOT_INCAPACITATION_OR_IMPAIRMENT,CAUSES,EVT:LOSS_OF_CONTROL_INFLIGHT,65
EVT:PILOT_INCAPACITATION_OR_IMPAIRMENT,CONTRIBUTES_TO,EVT:LOSS_OF_CONTROL_INFLIGHT,3
EVT:PILOT_INCAPACITATION_OR_IMPAIRMENT,UNDER_CONDITION,COND:environmental,1
EVT:PILOT_INCAPACITATION_OR_IMPAIRMENT,CAUSES,EVT:CONTROL_INPUT_IMPROPER,13
EVT:PILOT_INCAPACITATION_OR_IMPAIRMENT,CONTRIBUTES_TO,EVT:CONTROL_INPUT_IMPROPER,3
EVT:PILOT_INCAPACITATION_OR_IMPAIRMENT,CAUSES,EVT:INJURY_OR_FATALITY,3
EVT:PILOT_INCAPACITATION_OR_IMPAIRMENT,CAUSES,EVT:PERCEPTION_FAILURE,5
EVT:PILOT_INCAPACITATION_OR_IMPAIRMENT,UNDER_CONDITION,COND:regulatory,2
EVT:PILOT_INCAPACITATION_OR_IMPAIRMENT,CAUSES,EVT:GROUND_IMPACT,9
EVT:PILOT_INCAPACITATION_OR_IMPAIRMENT,CONTRIBUTES_TO,EVT:GROUND_IMPACT,2
EVT:PILOT_INCAPACITATION_OR_IMPAIRMENT,INDUCED_CONDITION,COND:spatial_disorientation,1
EVT:PILOT_INCAPACITATION_OR_IMPAIRMENT,RESPONDS_TO,EVT:PROCEDURE_NOT_FOLLOWED,1
EVT:PILOT_INCAPACITATION_OR_IMPAIRMENT,CAUSES,EVT:PROCEDURE_NOT_FOLLOWED,1
EVT:PILOT_INCAPACITATION_OR_IMPAIRMENT,CAUSES,EVT:ALTITUDE_DEVIATION_UNCONTROLLED,1
EVT:PILOT_INCAPACITATION_OR_IMPAIRMENT,CAUSES,EVT:DECISION_INAPPROPRIATE,3
EVT:PILOT_INCAPACITATION_OR_IMPAIRMENT,RESPONDS_TO,EVT:DECISION_INAPPROPRIATE,1
EVT:PILOT_INCAPACITATION_OR_IMPAIRMENT,CONTRIBUTES_TO,EVT:DECISION_INAPPROPRIATE,1
EVT:PILOT_INCAPACITATION_OR_IMPAIRMENT,INDUCED_CONDITION,COND:human_factor,1
EVT:PILOT_INCAPACITATION_OR_IMPAIRMENT,CAUSES,EVT:WATER_IMPACT,1
EVT:PILOT_INCAPACITATION_OR_IMPAIRMENT,CONTRIBUTES_TO,EVT:STALL,2
COND:medical,CAUSES,EVT:LOSS_OF_CONTROL_INFLIGHT,10
COND:medical,CONTRIBUTES_TO,EVT:LOSS_OF_CONTROL_INFLIGHT,11
COND:medical,CAUSES,COND:medical,7
COND:medical,CONCURRENT,COND:medical,1
COND:medical,ENABLES,COND:medical,1
COND:medical,CONTRIBUTES_TO,COND:medical,1
COND:medical,CAUSES,EVT:PILOT_INCAPACITATION_OR_IMPAIRMENT,60
COND:medical,CONTRIBUTES_TO,EVT:PILOT_INCAPACITATION_OR_IMPAIRMENT,3
COND:medical,UNDER_CONDITION,EVT:PILOT_INCAPACITATION_OR_IMPAIRMENT,1
COND:medical,MASKED_BY_CONDITION,EVT:PILOT_INCAPACITATION_OR_IMPAIRMENT,1
COND:medical,UNDER_CONDITION,ENT:person,5
COND:medical,INHIBITS,ENT:person,2
COND:medical,CAUSES,EVT:CONTROL_INPUT_IMPROPER,7
COND:medical,CONTRIBUTES_TO,EVT:CONTROL_INPUT_IMPROPER,9
COND:medical,CONTRIBUTES_TO,EVT:DECISION_INAPPROPRIATE,1
COND:medical,CONTRIBUTES_TO,EVT:SPATIAL_DISORIENTATION,1
COND:medical,CAUSES,COND:physiological,2
COND:medical,UNDER_CONDITION,EVT:ORG_OR_REGULATORY_INADEQUATE,1
COND:medical,INDUCED_CONDITION,EVT:ORG_OR_REGULATORY_INADEQUATE,1
COND:medical,CONTRIBUTES_TO,COND:attention,1
COND:medical,CAUSES,COND:regulatory,1
COND:medical,CONTRIBUTES_TO,EVT:LOSS_OF_CONTROL_GROUND,1
EVT:ORG_OR_REGULATORY_INADEQUATE,ENABLES,EVT:DECISION_INAPPROPRIATE,1
EVT:ORG_OR_REGULATORY_INADEQUATE,CONTRIBUTES_TO,EVT:DECISION_INAPPROPRIATE,1
EVT:ORG_OR_REGULATORY_INADEQUATE,CAUSES,EVT:DECISION_INAPPROPRIATE,1
EVT:ORG_OR_REGULATORY_INADEQUATE,CONTRIBUTES_TO,EVT:LOSS_OF_CONTROL_INFLIGHT,2
EVT:ORG_OR_REGULATORY_INADEQUATE,CONTRIBUTES_TO,EVT:PROCEDURE_NOT_FOLLOWED,3
EVT:ORG_OR_REGULATORY_INADEQUATE,CONTRIBUTES_TO,EVT:ORG_OR_REGULATORY_INADEQUATE,3
EVT:ORG_OR_REGULATORY_INADEQUATE,CAUSES,COND:information,2
EVT:ORG_OR_REGULATORY_INADEQUATE,ENABLES,COND:weight,1
EVT:ORG_OR_REGULATORY_INADEQUATE,CAUSES,COND:organizational,9
EVT:ORG_OR_REGULATORY_INADEQUATE,INDUCED_CONDITION,COND:organizational,1
EVT:ORG_OR_REGULATORY_INADEQUATE,CAUSES,COND:mechanical,4
EVT:ORG_OR_REGULATORY_INADEQUATE,CONTRIBUTES_TO,EVT:MAINTENANCE_INADEQUATE,1
EVT:ORG_OR_REGULATORY_INADEQUATE,CONTRIBUTES_TO,EVT:CONTROL_INPUT_IMPROPER,4
EVT:ORG_OR_REGULATORY_INADEQUATE,CAUSES,COND:latent_defect,2
EVT:ORG_OR_REGULATORY_INADEQUATE,INDUCED_CONDITION,COND:latent_defect,1
EVT:ORG_OR_REGULATORY_INADEQUATE,CAUSES,COND:regulatory,1
EVT:ORG_OR_REGULATORY_INADEQUATE,CONTRIBUTES_TO,EVT:PILOT_INCAPACITATION_OR_IMPAIRMENT,2
EVT:ORG_OR_REGULATORY_INADEQUATE,ENABLES,COND:weather,1
EVT:ORG_OR_REGULATORY_INADEQUATE,CONTRIBUTES_TO,EVT:STALL,1
EVT:ORG_OR_REGULATORY_INADEQUATE,CONTRIBUTES_TO,EVT:CREW_COORDINATION_FAILURE,1
EVT:ORG_OR_REGULATORY_INADEQUATE,CONTRIBUTES_TO,EVT:SPATIAL_DISORIENTATION,1
EVT:ORG_OR_REGULATORY_INADEQUATE,ENABLES,COND:medical,1
EVT:PROCEDURE_NOT_FOLLOWED,CAUSES,EVT:LOSS_OF_CONTROL_GROUND,18
EVT:PROCEDURE_NOT_FOLLOWED,CONTRIBUTES_TO,EVT:LOSS_OF_CONTROL_GROUND,2
EVT:PROCEDURE_NOT_FOLLOWED,TRIGGERS,EVT:LOSS_OF_CONTROL_GROUND,1
EVT:PROCEDURE_NOT_FOLLOWED,CAUSES,EVT:STALL,77
EVT:PROCEDURE_NOT_FOLLOWED,CONTRIBUTES_TO,EVT:STALL,27
EVT:PROCEDURE_NOT_FOLLOWED,TRIGGERS,EVT:STALL,1
EVT:PROCEDURE_NOT_FOLLOWED,RESPONDS_TO,EVT:STALL,2
EVT:PROCEDURE_NOT_FOLLOWED,INDUCED_CONDITION,COND:mechanical,67
EVT:PROCEDURE_NOT_FOLLOWED,CAUSES,COND:mechanical,151
EVT:PROCEDURE_NOT_FOLLOWED,UNDER_CONDITION,COND:mechanical,17
EVT:PROCEDURE_NOT_FOLLOWED,ENABLES,COND:mechanical,14
EVT:PROCEDURE_NOT_FOLLOWED,MASKED_BY_CONDITION,COND:mechanical,1
EVT:PROCEDURE_NOT_FOLLOWED,TRIGGERS,COND:mechanical,1
EVT:PROCEDURE_NOT_FOLLOWED,CONTRIBUTES_TO,COND:mechanical,3
EVT:PROCEDURE_NOT_FOLLOWED,PREVENTS,COND:mechanical,3
EVT:PROCEDURE_NOT_FOLLOWED,RESPONDS_TO,COND:mechanical,1
EVT:PROCEDURE_NOT_FOLLOWED,CONTRIBUTES_TO,EVT:LOSS_OF_CONTROL_INFLIGHT,22
EVT:PROCEDURE_NOT_FOLLOWED,CAUSES,EVT:LOSS_OF_CONTROL_INFLIGHT,51
EVT:PROCEDURE_NOT_FOLLOWED,TRIGGERS,EVT:LOSS_OF_CONTROL_INFLIGHT,3
EVT:PROCEDURE_NOT_FOLLOWED,CONCURRENT,EVT:LOSS_OF_CONTROL_INFLIGHT,1
EVT:PROCEDURE_NOT_FOLLOWED,INHIBITS,EVT:LOSS_OF_CONTROL_INFLIGHT,3
EVT:PROCEDURE_NOT_FOLLOWED,ENABLES,EVT:LOSS_OF_CONTROL_INFLIGHT,1
EVT:PROCEDURE_NOT_FOLLOWED,PREVENTS,EVT:LOSS_OF_CONTROL_INFLIGHT,1
EVT:PROCEDURE_NOT_FOLLOWED,CAUSES,EVT:GROUND_IMPACT,69
EVT:PROCEDURE_NOT_FOLLOWED,CONTRIBUTES_TO,EVT:GROUND_IMPACT,14
EVT:PROCEDURE_NOT_FOLLOWED,INHIBITS,EVT:GROUND_IMPACT,1
EVT:PROCEDURE_NOT_FOLLOWED,CAUSES,EVT:CONTROL_INPUT_IMPROPER,78
EVT:PROCEDURE_NOT_FOLLOWED,TRIGGERS,EVT:CONTROL_INPUT_IMPROPER,20
EVT:PROCEDURE_NOT_FOLLOWED,CONCURRENT,EVT:CONTROL_INPUT_IMPROPER,21
EVT:PROCEDURE_NOT_FOLLOWED,CONTRIBUTES_TO,EVT:CONTROL_INPUT_IMPROPER,48
EVT:PROCEDURE_NOT_FOLLOWED,ENABLES,EVT:CONTROL_INPUT_IMPROPER,4
EVT:PROCEDURE_NOT_FOLLOWED,RESPONDS_TO,EVT:CONTROL_INPUT_IMPROPER,2
EVT:PROCEDURE_NOT_FOLLOWED,PRECEDES,EVT:CONTROL_INPUT_IMPROPER,6
EVT:PROCEDURE_NOT_FOLLOWED,CONTEXT,EVT:CONTROL_INPUT_IMPROPER,1
EVT:PROCEDURE_NOT_FOLLOWED,CO_OCCURS,EVT:CONTROL_INPUT_IMPROPER,1
EVT:PROCEDURE_NOT_FOLLOWED,MITIGATES,EVT:CONTROL_INPUT_IMPROPER,1
EVT:PROCEDURE_NOT_FOLLOWED,IF_THEN,EVT:CONTROL_INPUT_IMPROPER,1
EVT:PROCEDURE_NOT_FOLLOWED,UNDER_CONDITION,COND:weather,35
EVT:PROCEDURE_NOT_FOLLOWED,CAUSES,COND:weather,4
EVT:PROCEDURE_NOT_FOLLOWED,INDUCED_CONDITION,COND:weather,6
EVT:PROCEDURE_NOT_FOLLOWED,ENABLES,EVT:DECISION_INAPPROPRIATE,1
EVT:PROCEDURE_NOT_FOLLOWED,CAUSES,EVT:DECISION_INAPPROPRIATE,15
EVT:PROCEDURE_NOT_FOLLOWED,CONTRIBUTES_TO,EVT:DECISION_INAPPROPRIATE,10
EVT:PROCEDURE_NOT_FOLLOWED,TRIGGERS,EVT:DECISION_INAPPROPRIATE,4
EVT:PROCEDURE_NOT_FOLLOWED,PRECEDES,EVT:DECISION_INAPPROPRIATE,6
EVT:PROCEDURE_NOT_FOLLOWED,PREVENTS,EVT:DECISION_INAPPROPRIATE,1
EVT:PROCEDURE_NOT_FOLLOWED,CONCURRENT,EVT:DECISION_INAPPROPRIATE,5
EVT:PROCEDURE_NOT_FOLLOWED,RESPONDS_TO,EVT:DECISION_INAPPROPRIATE,1
EVT:PROCEDURE_NOT_FOLLOWED,CONTRIBUTES_TO,EVT:PROCEDURE_NOT_FOLLOWED,5
EVT:PROCEDURE_NOT_FOLLOWED,CAUSES,EVT:PROCEDURE_NOT_FOLLOWED,8
EVT:PROCEDURE_NOT_FOLLOWED,CONCURRENT,EVT:PROCEDURE_NOT_FOLLOWED,11
EVT:PROCEDURE_NOT_FOLLOWED,PRECEDES,EVT:PROCEDURE_NOT_FOLLOWED,1
EVT:PROCEDURE_NOT_FOLLOWED,TRIGGERS,EVT:PROCEDURE_NOT_FOLLOWED,2
EVT:PROCEDURE_NOT_FOLLOWED,CONTRIBUTES_TO,COND:fatigue,1
EVT:PROCEDURE_NOT_FOLLOWED,CAUSES,EVT:CONTROL_SURFACE_ANOMALY,9
EVT:PROCEDURE_NOT_FOLLOWED,TRIGGERS,EVT:CONTROL_SURFACE_ANOMALY,2
EVT:PROCEDURE_NOT_FOLLOWED,CONTRIBUTES_TO,EVT:CONTROL_SURFACE_ANOMALY,1
EVT:PROCEDURE_NOT_FOLLOWED,ENABLES,EVT:CONTROL_SURFACE_ANOMALY,1
EVT:PROCEDURE_NOT_FOLLOWED,CONTRIBUTES_TO,COND:organizational,1
EVT:PROCEDURE_NOT_FOLLOWED,CAUSES,COND:organizational,7
EVT:PROCEDURE_NOT_FOLLOWED,UNDER_CONDITION,COND:organizational,3
EVT:PROCEDURE_NOT_FOLLOWED,INHIBITS,COND:organizational,2
EVT:PROCEDURE_NOT_FOLLOWED,INDUCED_CONDITION,COND:organizational,1
EVT:PROCEDURE_NOT_FOLLOWED,CONTRIBUTES_TO,COND:medical,1
EVT:PROCEDURE_NOT_FOLLOWED,UNDER_CONDITION,COND:medical,1
EVT:PROCEDURE_NOT_FOLLOWED,CAUSES,COND:medical,1
EVT:PROCEDURE_NOT_FOLLOWED,ENABLES,COND:medical,1
EVT:PROCEDURE_NOT_FOLLOWED,CAUSES,COND:weight,6
EVT:PROCEDURE_NOT_FOLLOWED,ENABLES,COND:weight,1
EVT:PROCEDURE_NOT_FOLLOWED,UNDER_CONDITION,COND:environmental,28
EVT:PROCEDURE_NOT_FOLLOWED,INDUCED_CONDITION,COND:environmental,1
EVT:PROCEDURE_NOT_FOLLOWED,CAUSES,COND:environmental,1
EVT:PROCEDURE_NOT_FOLLOWED,ENABLES,COND:environmental,1
EVT:PROCEDURE_NOT_FOLLOWED,CAUSES,EVT:RUNWAY_EXCURSION_OR_OVERRUN,14
EVT:PROCEDURE_NOT_FOLLOWED,CONCURRENT,EVT:RUNWAY_EXCURSION_OR_OVERRUN,1
EVT:PROCEDURE_NOT_FOLLOWED,PRECEDES,EVT:RUNWAY_EXCURSION_OR_OVERRUN,1
EVT:PROCEDURE_NOT_FOLLOWED,CONTRIBUTES_TO,EVT:RUNWAY_EXCURSION_OR_OVERRUN,2
EVT:PROCEDURE_NOT_FOLLOWED,ENABLES,COND:training_or_currency,1
EVT:PROCEDURE_NOT_FOLLOWED,INDUCED_CONDITION,COND:aerodynamic,23
EVT:PROCEDURE_NOT_FOLLOWED,CAUSES,COND:aerodynamic,21
EVT:PROCEDURE_NOT_FOLLOWED,CONTRIBUTES_TO,COND:aerodynamic,6
EVT:PROCEDURE_NOT_FOLLOWED,UNDER_CONDITION,COND:aerodynamic,5
EVT:PROCEDURE_NOT_FOLLOWED,INHIBITS,COND:aerodynamic,1
EVT:PROCEDURE_NOT_FOLLOWED,CAUSES,COND:procedural,2
EVT:PROCEDURE_NOT_FOLLOWED,UNDER_CONDITION,COND:procedural,1
EVT:PROCEDURE_NOT_FOLLOWED,CONCURRENT,COND:procedural,1
EVT:PROCEDURE_NOT_FOLLOWED,CAUSES,EVT:ENGINE_FAILURE,5
EVT:PROCEDURE_NOT_FOLLOWED,PRECEDES,EVT:ENGINE_FAILURE,1
EVT:PROCEDURE_NOT_FOLLOWED,CONTRIBUTES_TO,EVT:ENGINE_FAILURE,4
EVT:PROCEDURE_NOT_FOLLOWED,TRIGGERS,EVT:ENGINE_FAILURE,2
EVT:PROCEDURE_NOT_FOLLOWED,CONCURRENT,EVT:CREW_COORDINATION_FAILURE,2
EVT:PROCEDURE_NOT_FOLLOWED,CONTRIBUTES_TO,EVT:CREW_COORDINATION_FAILURE,1
EVT:PROCEDURE_NOT_FOLLOWED,CAUSES,EVT:CREW_COORDINATION_FAILURE,3
EVT:PROCEDURE_NOT_FOLLOWED,PRECEDES,EVT:CREW_COORDINATION_FAILURE,1
EVT:PROCEDURE_NOT_FOLLOWED,INDUCED_CONDITION,COND:altitude,1
EVT:PROCEDURE_NOT_FOLLOWED,UNDER_CONDITION,COND:terrain,3
EVT:PROCEDURE_NOT_FOLLOWED,INDUCED_CONDITION,COND:configuration,3
EVT:PROCEDURE_NOT_FOLLOWED,UNDER_CONDITION,COND:configuration,2
EVT:PROCEDURE_NOT_FOLLOWED,CAUSES,COND:configuration,6
EVT:PROCEDURE_NOT_FOLLOWED,CONTRIBUTES_TO,EVT:PERCEPTION_FAILURE,5
EVT:PROCEDURE_NOT_FOLLOWED,CAUSES,EVT:PERCEPTION_FAILURE,4
EVT:PROCEDURE_NOT_FOLLOWED,CONCURRENT,EVT:PERCEPTION_FAILURE,1
EVT:PROCEDURE_NOT_FOLLOWED,CAUSES,COND:operational,5
EVT:PROCEDURE_NOT_FOLLOWED,UNDER_CONDITION,COND:operational,4
EVT:PROCEDURE_NOT_FOLLOWED,INDUCED_CONDITION,COND:operational,3
EVT:PROCEDURE_NOT_FOLLOWED,CONCURRENT,COND:operational,1
EVT:PROCEDURE_NOT_FOLLOWED,UNDER_CONDITION,COND:training,1
EVT:PROCEDURE_NOT_FOLLOWED,TRIGGERS,EVT:SPATIAL_DISORIENTATION,1
EVT:PROCEDURE_NOT_FOLLOWED,CAUSES,EVT:SPATIAL_DISORIENTATION,4
EVT:PROCEDURE_NOT_FOLLOWED,CONTRIBUTES_TO,EVT:SPATIAL_DISORIENTATION,2
EVT:PROCEDURE_NOT_FOLLOWED,UNDER_CONDITION,COND:human,1
EVT:PROCEDURE_NOT_FOLLOWED,CONTRIBUTES_TO,COND:human,1
EVT:PROCEDURE_NOT_FOLLOWED,CAUSES,EVT:TERRAIN_OR_OBSTACLE_PROXIMITY,6
EVT:PROCEDURE_NOT_FOLLOWED,INDUCED_CONDITION,COND:latent_defect,1
EVT:PROCEDURE_NOT_FOLLOWED,CAUSES,COND:latent_defect,1
EVT:PROCEDURE_NOT_FOLLOWED,ENABLES,COND:latent_defect,1
EVT:PROCEDURE_NOT_FOLLOWED,UNDER_CONDITION,COND:latent_defect,1
EVT:PROCEDURE_NOT_FOLLOWED,CONTRIBUTES_TO,EVT:GROUND_ROLLOVER,1
EVT:PROCEDURE_NOT_FOLLOWED,UNDER_CONDITION,COND:aircraft_state,1
EVT:PROCEDURE_NOT_FOLLOWED,CAUSES,COND:human_factor,2
EVT:PROCEDURE_NOT_FOLLOWED,UNDER_CONDITION,ENT:location,1
EVT:PROCEDURE_NOT_FOLLOWED,INDUCED_CONDITION,COND:human_performance,1
EVT:PROCEDURE_NOT_FOLLOWED,UNDER_CONDITION,COND:human_performance,1
EVT:PROCEDURE_NOT_FOLLOWED,CAUSES,EVT:INJURY_OR_FATALITY,3
EVT:PROCEDURE_NOT_FOLLOWED,CONTRIBUTES_TO,EVT:INJURY_OR_FATALITY,7
EVT:PROCEDURE_NOT_FOLLOWED,CAUSES,EVT:STRUCTURAL_OVERLOAD,3
EVT:PROCEDURE_NOT_FOLLOWED,CONTRIBUTES_TO,EVT:STRUCTURAL_OVERLOAD,1
EVT:PROCEDURE_NOT_FOLLOWED,CONTRIBUTES_TO,EVT:PILOT_INCAPACITATION_OR_IMPAIRMENT,3
EVT:PROCEDURE_NOT_FOLLOWED,CAUSES,EVT:ICING_ENCOUNTER,1
EVT:PROCEDURE_NOT_FOLLOWED,CAUSES,EVT:INSTRUMENT_OR_AVIONICS_FAILURE,3
EVT:PROCEDURE_NOT_FOLLOWED,CAUSES,EVT:SUCCESSFUL_RECOVERY,2
EVT:PROCEDURE_NOT_FOLLOWED,CONCURRENT,EVT:SUCCESSFUL_RECOVERY,1
EVT:PROCEDURE_NOT_FOLLOWED,CAUSES,EVT:ALTITUDE_DEVIATION_UNCONTROLLED,6
EVT:PROCEDURE_NOT_FOLLOWED,CONTRIBUTES_TO,EVT:ALTITUDE_DEVIATION_UNCONTROLLED,2
EVT:PROCEDURE_NOT_FOLLOWED,ENABLES,EVT:TURBULENCE_ENCOUNTER,1
EVT:PROCEDURE_NOT_FOLLOWED,CAUSES,EVT:TURBULENCE_ENCOUNTER,3
EVT:PROCEDURE_NOT_FOLLOWED,PRECEDES,EVT:TURBULENCE_ENCOUNTER,1
EVT:PROCEDURE_NOT_FOLLOWED,CAUSES,COND:weight_and_balance,1
EVT:PROCEDURE_NOT_FOLLOWED,CAUSES,COND:instrument,1
EVT:PROCEDURE_NOT_FOLLOWED,ENABLES,COND:physiological,1
EVT:PROCEDURE_NOT_FOLLOWED,CAUSES,EVT:GROUND_PERSONNEL_ERROR,2
EVT:PROCEDURE_NOT_FOLLOWED,INDUCED_CONDITION,COND:situational_awareness,1
EVT:PROCEDURE_NOT_FOLLOWED,CONCURRENT,EVT:MIDAIR_COLLISION,1
EVT:PROCEDURE_NOT_FOLLOWED,CAUSES,EVT:MIDAIR_COLLISION,1
EVT:PROCEDURE_NOT_FOLLOWED,CAUSES,EVT:WATER_IMPACT,5
EVT:PROCEDURE_NOT_FOLLOWED,CONTRIBUTES_TO,EVT:WATER_IMPACT,1
EVT:PROCEDURE_NOT_FOLLOWED,CAUSES,EVT:EMERGENCY_LANDING,2
EVT:PROCEDURE_NOT_FOLLOWED,CONCURRENT,EVT:EMERGENCY_LANDING,1
EVT:PROCEDURE_NOT_FOLLOWED,CONCURRENT,EVT:WIND_SHEAR_OR_GUST,3
EVT:PROCEDURE_NOT_FOLLOWED,CAUSES,EVT:LOW_VISIBILITY_OR_IMC,1
EVT:PROCEDURE_NOT_FOLLOWED,CAUSES,COND:weight_balance,1
EVT:PROCEDURE_NOT_FOLLOWED,UNDER_CONDITION,COND:information,1
EVT:PROCEDURE_NOT_FOLLOWED,CONTRIBUTES_TO,COND:structural,1
EVT:PROCEDURE_NOT_FOLLOWED,CAUSES,COND:contamination,1
EVT:PROCEDURE_NOT_FOLLOWED,CAUSES,COND:spatial,1
EVT:PROCEDURE_NOT_FOLLOWED,CAUSES,EVT:RUNWAY_INCURSION,1
EVT:PROCEDURE_NOT_FOLLOWED,CAUSES,EVT:AIRFRAME_STRUCTURAL_FAILURE,2
EVT:PROCEDURE_NOT_FOLLOWED,TRIGGERS,EVT:AIRFRAME_STRUCTURAL_FAILURE,1
EVT:PROCEDURE_NOT_FOLLOWED,CAUSES,COND:training_or_currency_gap,1
EVT:PROCEDURE_NOT_FOLLOWED,UNDER_CONDITION,COND:regulatory,1
EVT:PROCEDURE_NOT_FOLLOWED,CAUSES,COND:knowledge,1
EVT:PROCEDURE_NOT_FOLLOWED,CAUSES,COND:latent,1
EVT:PROCEDURE_NOT_FOLLOWED,CAUSES,EVT:INFLIGHT_FIRE_OR_SMOKE,1
EVT:PROCEDURE_NOT_FOLLOWED,UNDER_CONDITION,ENT:aircraft,1
EVT:PROCEDURE_NOT_FOLLOWED,CAUSES,EVT:AUTOMATION_ANOMALY,1
EVT:PROCEDURE_NOT_FOLLOWED,RESPONDS_TO,COND:equipment,1
COND:human_factors,CAUSES,EVT:CONTROL_INPUT_IMPROPER,14
COND:human_factors,CONTRIBUTES_TO,EVT:CONTROL_INPUT_IMPROPER,44
COND:human_factors,UNDER_CONDITION,EVT:CONTROL_INPUT_IMPROPER,1
COND:human_factors,ENABLES,EVT:CONTROL_INPUT_IMPROPER,2
COND:human_factors,CONTRIBUTES_TO,EVT:DECISION_INAPPROPRIATE,11
COND:human_factors,CAUSES,EVT:DECISION_INAPPROPRIATE,6
COND:human_factors,ENABLES,EVT:DECISION_INAPPROPRIATE,3
COND:human_factors,CONTRIBUTES_TO,EVT:SPATIAL_DISORIENTATION,8
COND:human_factors,CAUSES,EVT:SPATIAL_DISORIENTATION,1
COND:human_factors,UNDER_CONDITION,EVT:SPATIAL_DISORIENTATION,1
COND:human_factors,CONTRIBUTES_TO,EVT:LOSS_OF_CONTROL_INFLIGHT,12
COND:human_factors,CAUSES,EVT:LOSS_OF_CONTROL_INFLIGHT,6
COND:human_factors,ENABLES,EVT:LOSS_OF_CONTROL_INFLIGHT,1
COND:human_factors,CONTRIBUTES_TO,EVT:PERCEPTION_FAILURE,6
COND:human_factors,CAUSES,EVT:PERCEPTION_FAILURE,4
COND:human_factors,CAUSES,COND:human_factors,2
COND:human_factors,CAUSES,EVT:CREW_COORDINATION_FAILURE,2
COND:human_factors,CAUSES,EVT:GROUND_IMPACT,1
COND:human_factors,CONTRIBUTES_TO,ENT:person,1
COND:human_factors,UNDER_CONDITION,ENT:person,2
COND:human_factors,CONTRIBUTES_TO,EVT:PROCEDURE_NOT_FOLLOWED,5
COND:human_factors,CAUSES,EVT:PROCEDURE_NOT_FOLLOWED,1
COND:human_factors,ENABLES,EVT:PROCEDURE_NOT_FOLLOWED,1
COND:human_factors,CONTRIBUTES_TO,EVT:STALL,2
COND:human_factors,CAUSES,EVT:ORG_OR_REGULATORY_INADEQUATE,1
COND:human_factors,CAUSES,EVT:TRAINING_OR_CURRENCY_GAP,1
COND:human_factors,CAUSES,COND:mechanical,2
COND:human_factors,CONTRIBUTES_TO,EVT:LOSS_OF_CONTROL_GROUND,2
COND:human_factors,CAUSES,EVT:ALTITUDE_DEVIATION_UNCONTROLLED,1
EVT:ENGINE_FAILURE,CAUSES,EVT:PROCEDURE_NOT_FOLLOWED,1
EVT:ENGINE_FAILURE,TRIGGERS,EVT:PROCEDURE_NOT_FOLLOWED,4
EVT:ENGINE_FAILURE,RESPONDS_TO,EVT:PROCEDURE_NOT_FOLLOWED,11
EVT:ENGINE_FAILURE,TRIGGERS,EVT:DECISION_INAPPROPRIATE,16
EVT:ENGINE_FAILURE,RESPONDS_TO,EVT:DECISION_INAPPROPRIATE,14
EVT:ENGINE_FAILURE,CAUSES,EVT:DECISION_INAPPROPRIATE,1
EVT:ENGINE_FAILURE,CAUSES,EVT:LOSS_OF_CONTROL_INFLIGHT,28
EVT:ENGINE_FAILURE,CONTRIBUTES_TO,EVT:LOSS_OF_CONTROL_INFLIGHT,16
EVT:ENGINE_FAILURE,TRIGGERS,EVT:LOSS_OF_CONTROL_INFLIGHT,2
EVT:ENGINE_FAILURE,CONCURRENT,EVT:LOSS_OF_CONTROL_INFLIGHT,1
EVT:ENGINE_FAILURE,INHIBITS,EVT:LOSS_OF_CONTROL_INFLIGHT,1
EVT:ENGINE_FAILURE,CONTRIBUTES_TO,EVT:CONTROL_INPUT_IMPROPER,12
EVT:ENGINE_FAILURE,TRIGGERS,EVT:CONTROL_INPUT_IMPROPER,27
EVT:ENGINE_FAILURE,CAUSES,EVT:CONTROL_INPUT_IMPROPER,15
EVT:ENGINE_FAILURE,RESPONDS_TO,EVT:CONTROL_INPUT_IMPROPER,21
EVT:ENGINE_FAILURE,INDUCED_CONDITION,COND:mechanical,22
EVT:ENGINE_FAILURE,UNDER_CONDITION,COND:mechanical,16
EVT:ENGINE_FAILURE,MASKED_BY_CONDITION,COND:mechanical,1
EVT:ENGINE_FAILURE,CAUSES,COND:mechanical,3
EVT:ENGINE_FAILURE,CAUSES,EVT:ENGINE_FAILURE,8
EVT:ENGINE_FAILURE,CONCURRENT,EVT:ENGINE_FAILURE,1
EVT:ENGINE_FAILURE,CAUSES,COND:aerodynamic,8
EVT:ENGINE_FAILURE,INDUCED_CONDITION,COND:aerodynamic,10
EVT:ENGINE_FAILURE,CONTRIBUTES_TO,COND:aerodynamic,1
EVT:ENGINE_FAILURE,TRIGGERS,EVT:PERCEPTION_FAILURE,1
EVT:ENGINE_FAILURE,CAUSES,EVT:PERCEPTION_FAILURE,1
EVT:ENGINE_FAILURE,CONTRIBUTES_TO,EVT:PERCEPTION_FAILURE,1
EVT:ENGINE_FAILURE,CONTRIBUTES_TO,EVT:STALL,16
EVT:ENGINE_FAILURE,CAUSES,EVT:STALL,14
EVT:ENGINE_FAILURE,TRIGGERS,EVT:PILOT_INCAPACITATION_OR_IMPAIRMENT,1
EVT:ENGINE_FAILURE,CAUSES,EVT:PILOT_INCAPACITATION_OR_IMPAIRMENT,1
EVT:ENGINE_FAILURE,CAUSES,EVT:AIRFRAME_STRUCTURAL_FAILURE,1
EVT:ENGINE_FAILURE,CONTRIBUTES_TO,EVT:GROUND_IMPACT,10
EVT:ENGINE_FAILURE,CAUSES,EVT:GROUND_IMPACT,9
EVT:ENGINE_FAILURE,CONCURRENT,EVT:GROUND_IMPACT,1
EVT:ENGINE_FAILURE,CAUSES,EVT:FUEL_SYSTEM_ANOMALY,1
EVT:ENGINE_FAILURE,CAUSES,COND:environmental,3
EVT:ENGINE_FAILURE,UNDER_CONDITION,COND:environmental,5
EVT:ENGINE_FAILURE,RESPONDS_TO,EVT:EMERGENCY_LANDING,1
EVT:ENGINE_FAILURE,CAUSES,EVT:EMERGENCY_LANDING,3
EVT:ENGINE_FAILURE,UNDER_CONDITION,COND:weather,3
EVT:ENGINE_FAILURE,CONTRIBUTES_TO,EVT:TERRAIN_OR_OBSTACLE_PROXIMITY,1
EVT:ENGINE_FAILURE,CAUSES,EVT:LOSS_OF_CONTROL_GROUND,1
EVT:ENGINE_FAILURE,INDUCED_CONDITION,COND:maintenance,1
EVT:ENGINE_FAILURE,CONTRIBUTES_TO,EVT:SPATIAL_DISORIENTATION,1
EVT:ENGINE_FAILURE,CONTRIBUTES_TO,COND:operational,1
EVT:ENGINE_FAILURE,CAUSES,EVT:ALTITUDE_DEVIATION_UNCONTROLLED,3
COND:fatigue,CONTRIBUTES_TO,EVT:CONTROL_INPUT_IMPROPER,4
COND:fatigue,CAUSES,EVT:PILOT_INCAPACITATION_OR_IMPAIRMENT,1
COND:fatigue,CAUSES,EVT:DECISION_INAPPROPRIATE,1
COND:fatigue,CONTRIBUTES_TO,EVT:PERCEPTION_FAILURE,2
COND:fatigue,CAUSES,EVT:PERCEPTION_FAILURE,1
COND:fatigue,CONTRIBUTES_TO,EVT:PROCEDURE_NOT_FOLLOWED,4
COND:fatigue,CAUSES,EVT:LOSS_OF_CONTROL_INFLIGHT,1
COND:fatigue,CONTRIBUTES_TO,EVT:LOSS_OF_CONTROL_INFLIGHT,2
COND:fatigue,CONTRIBUTES_TO,EVT:LOSS_OF_CONTROL_GROUND,1
COND:aerodynamic,CAUSES,EVT:STALL,234
COND:aerodynamic,UNDER_CONDITION,EVT:STALL,35
COND:aerodynamic,CONTRIBUTES_TO,EVT:STALL,6
COND:aerodynamic,INDUCED_CONDITION,EVT:STALL,2
COND:aerodynamic,RESPONDS_TO,EVT:CONTROL_INPUT_IMPROPER,6
COND:aerodynamic,TRIGGERS,EVT:CONTROL_INPUT_IMPROPER,10
COND:aerodynamic,CONTRIBUTES_TO,EVT:CONTROL_INPUT_IMPROPER,8
COND:aerodynamic,CAUSES,EVT:CONTROL_INPUT_IMPROPER,13
COND:aerodynamic,UNDER_CONDITION,EVT:CONTROL_INPUT_IMPROPER,17
COND:aerodynamic,ENABLES,EVT:CONTROL_INPUT_IMPROPER,3
COND:aerodynamic,IF_THEN,EVT:CONTROL_INPUT_IMPROPER,3
COND:aerodynamic,INHIBITS,EVT:CONTROL_INPUT_IMPROPER,1
COND:aerodynamic,CAUSES,EVT:INSTRUMENT_OR_AVIONICS_FAILURE,1
COND:aerodynamic,CAUSES,EVT:GROUND_IMPACT,29
COND:aerodynamic,CONTRIBUTES_TO,EVT:GROUND_IMPACT,2
COND:aerodynamic,CAUSES,EVT:PERCEPTION_FAILURE,2
COND:aerodynamic,UNDER_CONDITION,EVT:PERCEPTION_FAILURE,2
COND:aerodynamic,TRIGGERS,EVT:PERCEPTION_FAILURE,2
COND:aerodynamic,ENABLES,EVT:PERCEPTION_FAILURE,1
COND:aerodynamic,CONTRIBUTES_TO,EVT:PERCEPTION_FAILURE,1
COND:aerodynamic,CAUSES,EVT:LOSS_OF_CONTROL_INFLIGHT,134
COND:aerodynamic,UNDER_CONDITION,EVT:LOSS_OF_CONTROL_INFLIGHT,11
COND:aerodynamic,CONTRIBUTES_TO,EVT:LOSS_OF_CONTROL_INFLIGHT,5
COND:aerodynamic,INHIBITS,EVT:LOSS_OF_CONTROL_INFLIGHT,1
COND:aerodynamic,ENABLES,EVT:LOSS_OF_CONTROL_INFLIGHT,3
COND:aerodynamic,TRIGGERS,EVT:DECISION_INAPPROPRIATE,4
COND:aerodynamic,INHIBITS,EVT:DECISION_INAPPROPRIATE,1
COND:aerodynamic,CAUSES,EVT:DECISION_INAPPROPRIATE,3
COND:aerodynamic,CONTRIBUTES_TO,EVT:DECISION_INAPPROPRIATE,1
COND:aerodynamic,ENABLES,EVT:WAKE_TURBULENCE_ENCOUNTER,1
COND:aerodynamic,CONTRIBUTES_TO,COND:aerodynamic,3
COND:aerodynamic,CAUSES,COND:aerodynamic,20
COND:aerodynamic,INDUCED_CONDITION,COND:aerodynamic,1
COND:aerodynamic,CAUSES,EVT:LOSS_OF_CONTROL_GROUND,9
COND:aerodynamic,UNDER_CONDITION,EVT:LOSS_OF_CONTROL_GROUND,1
COND:aerodynamic,CAUSES,EVT:PROCEDURE_NOT_FOLLOWED,1
COND:aerodynamic,TRIGGERS,EVT:PROCEDURE_NOT_FOLLOWED,1
COND:aerodynamic,UNDER_CONDITION,EVT:PROCEDURE_NOT_FOLLOWED,1
COND:aerodynamic,TRIGGERS,EVT:CREW_COORDINATION_FAILURE,2
COND:aerodynamic,CAUSES,EVT:AIRFRAME_STRUCTURAL_FAILURE,1
COND:aerodynamic,CAUSES,EVT:ALTITUDE_DEVIATION_UNCONTROLLED,8
COND:aerodynamic,CAUSES,EVT:ENGINE_FAILURE,1
COND:aerodynamic,UNDER_CONDITION,EVT:ENGINE_FAILURE,1
COND:aerodynamic,CAUSES,EVT:TERRAIN_OR_OBSTACLE_PROXIMITY,2
COND:aerodynamic,CAUSES,EVT:RUNWAY_EXCURSION_OR_OVERRUN,2
COND:aerodynamic,CAUSES,COND:structural,1
COND:aerodynamic,UNDER_CONDITION,EVT:TURBULENCE_ENCOUNTER,1
COND:aerodynamic,CAUSES,EVT:WATER_IMPACT,2
EVT:PERCEPTION_FAILURE,CONTRIBUTES_TO,EVT:CONTROL_INPUT_IMPROPER,22
EVT:PERCEPTION_FAILURE,CAUSES,EVT:CONTROL_INPUT_IMPROPER,71
EVT:PERCEPTION_FAILURE,TRIGGERS,EVT:CONTROL_INPUT_IMPROPER,7
EVT:PERCEPTION_FAILURE,RESPONDS_TO,EVT:CONTROL_INPUT_IMPROPER,6
EVT:PERCEPTION_FAILURE,ENABLES,EVT:CONTROL_INPUT_IMPROPER,1
EVT:PERCEPTION_FAILURE,CONCURRENT,EVT:CONTROL_INPUT_IMPROPER,2
EVT:PERCEPTION_FAILURE,UNDER_CONDITION,COND:mechanical,6
EVT:PERCEPTION_FAILURE,MASKED_BY_CONDITION,COND:mechanical,5
EVT:PERCEPTION_FAILURE,INDUCED_CONDITION,COND:mechanical,2
EVT:PERCEPTION_FAILURE,ENABLES,COND:mechanical,3
EVT:PERCEPTION_FAILURE,CAUSES,COND:mechanical,1
EVT:PERCEPTION_FAILURE,DETECTS,COND:mechanical,1
EVT:PERCEPTION_FAILURE,CAUSES,EVT:ALTITUDE_DEVIATION_UNCONTROLLED,7
EVT:PERCEPTION_FAILURE,CAUSES,EVT:DECISION_INAPPROPRIATE,28
EVT:PERCEPTION_FAILURE,TRIGGERS,EVT:DECISION_INAPPROPRIATE,6
EVT:PERCEPTION_FAILURE,CONTRIBUTES_TO,EVT:DECISION_INAPPROPRIATE,3
EVT:PERCEPTION_FAILURE,RESPONDS_TO,EVT:DECISION_INAPPROPRIATE,3
EVT:PERCEPTION_FAILURE,CAUSES,EVT:STALL,113
EVT:PERCEPTION_FAILURE,TRIGGERS,EVT:STALL,1
EVT:PERCEPTION_FAILURE,CONTRIBUTES_TO,EVT:STALL,11
EVT:PERCEPTION_FAILURE,MASKED_BY_CONDITION,EVT:STALL,1
EVT:PERCEPTION_FAILURE,CAUSES,EVT:LOSS_OF_CONTROL_INFLIGHT,30
EVT:PERCEPTION_FAILURE,CONTRIBUTES_TO,EVT:LOSS_OF_CONTROL_INFLIGHT,13
EVT:PERCEPTION_FAILURE,PRECEDES,EVT:LOSS_OF_CONTROL_INFLIGHT,1
EVT:PERCEPTION_FAILURE,MASKED_BY_CONDITION,COND:weather,2
EVT:PERCEPTION_FAILURE,UNDER_CONDITION,COND:weather,11
EVT:PERCEPTION_FAILURE,UNDER_CONDITION,COND:environmental,17
EVT:PERCEPTION_FAILURE,CAUSES,COND:environmental,1
EVT:PERCEPTION_FAILURE,INDUCED_CONDITION,COND:environmental,1
EVT:PERCEPTION_FAILURE,MASKED_BY_CONDITION,COND:environmental,1
EVT:PERCEPTION_FAILURE,CAUSES,EVT:PERCEPTION_FAILURE,5
EVT:PERCEPTION_FAILURE,CONTRIBUTES_TO,EVT:PERCEPTION_FAILURE,1
EVT:PERCEPTION_FAILURE,INDUCED_CONDITION,COND:attention,1
EVT:PERCEPTION_FAILURE,CAUSES,COND:attention,1
EVT:PERCEPTION_FAILURE,CAUSES,EVT:PROCEDURE_NOT_FOLLOWED,16
EVT:PERCEPTION_FAILURE,TRIGGERS,EVT:PROCEDURE_NOT_FOLLOWED,2
EVT:PERCEPTION_FAILURE,RESPONDS_TO,EVT:PROCEDURE_NOT_FOLLOWED,3
EVT:PERCEPTION_FAILURE,CONTRIBUTES_TO,EVT:PROCEDURE_NOT_FOLLOWED,4
EVT:PERCEPTION_FAILURE,CAUSES,EVT:GROUND_IMPACT,19
EVT:PERCEPTION_FAILURE,CONTRIBUTES_TO,EVT:GROUND_IMPACT,5
EVT:PERCEPTION_FAILURE,INDUCED_CONDITION,COND:attentional,1
EVT:PERCEPTION_FAILURE,CONTRIBUTES_TO,EVT:LOSS_OF_CONTROL_GROUND,1
EVT:PERCEPTION_FAILURE,INDUCED_CONDITION,COND:flight_phase,1
EVT:PERCEPTION_FAILURE,CAUSES,COND:situational_awareness,2
EVT:PERCEPTION_FAILURE,CAUSES,COND:aerodynamic,24
EVT:PERCEPTION_FAILURE,INDUCED_CONDITION,COND:aerodynamic,10
EVT:PERCEPTION_FAILURE,UNDER_CONDITION,COND:aerodynamic,2
EVT:PERCEPTION_FAILURE,CONTRIBUTES_TO,COND:aerodynamic,1
EVT:PERCEPTION_FAILURE,INDUCED_CONDITION,COND:physiological,2
EVT:PERCEPTION_FAILURE,CAUSES,EVT:LANDING_GEAR_ANOMALY,1
EVT:PERCEPTION_FAILURE,CAUSES,EVT:SPATIAL_DISORIENTATION,5
EVT:PERCEPTION_FAILURE,CONCURRENT,EVT:SPATIAL_DISORIENTATION,1
EVT:PERCEPTION_FAILURE,CONTRIBUTES_TO,EVT:SPATIAL_DISORIENTATION,1
EVT:PERCEPTION_FAILURE,CAUSES,EVT:GROUND_PERSONNEL_ERROR,1
EVT:PERCEPTION_FAILURE,INDUCED_CONDITION,COND:perceptual,1
EVT:PERCEPTION_FAILURE,INDUCED_CONDITION,COND:communication,1
EVT:PERCEPTION_FAILURE,INDUCED_CONDITION,COND:spatial,1
EVT:PERCEPTION_FAILURE,MASKED_BY_CONDITION,COND:spatial,1
EVT:PERCEPTION_FAILURE,INDUCED_CONDITION,COND:human_factors,2
EVT:PERCEPTION_FAILURE,UNDER_CONDITION,COND:human_factors,1
EVT:PERCEPTION_FAILURE,CAUSES,COND:human_factors,1
EVT:PERCEPTION_FAILURE,UNDER_CONDITION,COND:visual,1
EVT:PERCEPTION_FAILURE,CONTRIBUTES_TO,EVT:WATER_IMPACT,1
EVT:PERCEPTION_FAILURE,CAUSES,EVT:CONTROL_SURFACE_ANOMALY,1
EVT:PERCEPTION_FAILURE,INDUCED_CONDITION,COND:cognitive,1
EVT:PERCEPTION_FAILURE,CAUSES,COND:cognitive,1
EVT:PERCEPTION_FAILURE,PRECEDES,EVT:PILOT_INCAPACITATION_OR_IMPAIRMENT,2
EVT:PERCEPTION_FAILURE,CONTRIBUTES_TO,EVT:WIND_SHEAR_OR_GUST,1
EVT:PERCEPTION_FAILURE,INDUCED_CONDITION,COND:human_factor,2
EVT:PERCEPTION_FAILURE,CAUSES,COND:human_factor,1
EVT:PERCEPTION_FAILURE,INDUCED_CONDITION,COND:procedural,1
EVT:PERCEPTION_FAILURE,CAUSES,EVT:EMERGENCY_LANDING,1
EVT:PERCEPTION_FAILURE,INDUCED_CONDITION,COND:operational,1
EVT:PERCEPTION_FAILURE,CONTRIBUTES_TO,EVT:ENGINE_FAILURE,1
EVT:PERCEPTION_FAILURE,CAUSES,EVT:ENGINE_FAILURE,1
EVT:PERCEPTION_FAILURE,CAUSES,EVT:RUNWAY_EXCURSION_OR_OVERRUN,1
EVT:PERCEPTION_FAILURE,TRIGGERS,EVT:CREW_COORDINATION_FAILURE,1
EVT:PERCEPTION_FAILURE,CAUSES,EVT:CREW_COORDINATION_FAILURE,1
EVT:PERCEPTION_FAILURE,CONTRIBUTES_TO,EVT:CREW_COORDINATION_FAILURE,1
EVT:PERCEPTION_FAILURE,UNDER_CONDITION,COND:terrain,1
EVT:PERCEPTION_FAILURE,INDUCED_CONDITION,COND:task_load,1
EVT:PERCEPTION_FAILURE,CAUSES,COND:organizational,1
EVT:PERCEPTION_FAILURE,UNDER_CONDITION,COND:organizational,1
COND:pilot,CONTRIBUTES_TO,EVT:LOSS_OF_CONTROL_INFLIGHT,2
COND:pilot,CONTRIBUTES_TO,EVT:CONTROL_INPUT_IMPROPER,4
COND:pilot,CAUSES,EVT:CONTROL_INPUT_IMPROPER,1
EVT:GROUND_DAMAGE,CAUSES,COND:mechanical,1
COND:operational,CONTRIBUTES_TO,EVT:LOSS_OF_CONTROL_INFLIGHT,6
COND:operational,CAUSES,EVT:LOSS_OF_CONTROL_INFLIGHT,7
COND:operational,ENABLES,EVT:LOSS_OF_CONTROL_INFLIGHT,1
COND:operational,CONTRIBUTES_TO,EVT:CONTROL_INPUT_IMPROPER,18
COND:operational,CAUSES,EVT:CONTROL_INPUT_IMPROPER,3
COND:operational,UNDER_CONDITION,EVT:CONTROL_INPUT_IMPROPER,3
COND:operational,ENABLES,EVT:CONTROL_INPUT_IMPROPER,3
COND:operational,ENABLES,EVT:TRAINING_OR_CURRENCY_GAP,1
COND:operational,CAUSES,EVT:DECISION_INAPPROPRIATE,2
COND:operational,ENABLES,EVT:DECISION_INAPPROPRIATE,1
COND:operational,CONTRIBUTES_TO,EVT:DECISION_INAPPROPRIATE,3
COND:operational,UNDER_CONDITION,EVT:DECISION_INAPPROPRIATE,1
COND:operational,CONTRIBUTES_TO,EVT:TURBULENCE_ENCOUNTER,1
COND:operational,CONTRIBUTES_TO,EVT:INJURY_OR_FATALITY,1
COND:operational,CAUSES,EVT:FUEL_SYSTEM_ANOMALY,1
COND:operational,CONTRIBUTES_TO,EVT:PERCEPTION_FAILURE,2
COND:operational,CAUSES,EVT:STALL,7
COND:operational,CONTRIBUTES_TO,EVT:STALL,3
COND:operational,INHIBITS,EVT:STALL,1
COND:operational,CONTRIBUTES_TO,EVT:SPATIAL_DISORIENTATION,1
COND:operational,CONTRIBUTES_TO,EVT:GROUND_IMPACT,5
COND:operational,CAUSES,EVT:GROUND_IMPACT,2
COND:operational,CONTRIBUTES_TO,EVT:STRUCTURAL_OVERLOAD,1
COND:operational,CAUSES,COND:cognitive,1
COND:operational,CONTRIBUTES_TO,EVT:LOSS_OF_CONTROL_GROUND,1
COND:operational,CAUSES,EVT:LOSS_OF_CONTROL_GROUND,1
COND:operational,CAUSES,EVT:WATER_IMPACT,1
COND:operational,CAUSES,COND:aerodynamic,1
COND:operational,ENABLES,COND:aerodynamic,1
COND:operational,CAUSES,EVT:ENGINE_FAILURE,1
COND:operational,CAUSES,COND:mechanical,1
COND:operational,CONTRIBUTES_TO,COND:mechanical,1
COND:operational,ENABLES,COND:mechanical,1
COND:operational,CONTRIBUTES_TO,EVT:PROCEDURE_NOT_FOLLOWED,2
COND:human_factor,CONTRIBUTES_TO,EVT:CONTROL_INPUT_IMPROPER,57
COND:human_factor,CAUSES,EVT:CONTROL_INPUT_IMPROPER,13
COND:human_factor,UNDER_CONDITION,EVT:CONTROL_INPUT_IMPROPER,4
COND:human_factor,CONTRIBUTES_TO,EVT:STALL,3
COND:human_factor,CONTRIBUTES_TO,EVT:PROCEDURE_NOT_FOLLOWED,6
COND:human_factor,CAUSES,EVT:PROCEDURE_NOT_FOLLOWED,2
COND:human_factor,CONTRIBUTES_TO,EVT:LOSS_OF_CONTROL_INFLIGHT,12
COND:human_factor,CAUSES,EVT:LOSS_OF_CONTROL_INFLIGHT,11
COND:human_factor,CONTRIBUTES_TO,EVT:DECISION_INAPPROPRIATE,8
COND:human_factor,CAUSES,EVT:DECISION_INAPPROPRIATE,5
COND:human_factor,CONTRIBUTES_TO,EVT:PERCEPTION_FAILURE,9
COND:human_factor,CAUSES,EVT:PERCEPTION_FAILURE,3
COND:human_factor,CONTRIBUTES_TO,EVT:SPATIAL_DISORIENTATION,8
COND:human_factor,UNDER_CONDITION,EVT:SPATIAL_DISORIENTATION,4
COND:human_factor,CAUSES,EVT:SPATIAL_DISORIENTATION,2
COND:human_factor,CONTRIBUTES_TO,COND:human_factor,2
COND:human_factor,CAUSES,COND:human_factor,1
COND:human_factor,UNDER_CONDITION,EVT:CREW_COORDINATION_FAILURE,1
COND:human_factor,CONTRIBUTES_TO,EVT:CREW_COORDINATION_FAILURE,1
COND:human_factor,CAUSES,COND:aerodynamic,1
COND:human_factor,CONTRIBUTES_TO,EVT:INJURY_OR_FATALITY,1
COND:physiological,CONTRIBUTES_TO,EVT:LOSS_OF_CONTROL_INFLIGHT,9
COND:physiological,CAUSES,EVT:LOSS_OF_CONTROL_INFLIGHT,24
COND:physiological,UNDER_CONDITION,EVT:LOSS_OF_CONTROL_INFLIGHT,1
COND:physiological,CONTRIBUTES_TO,EVT:CONTROL_INPUT_IMPROPER,53
COND:physiological,CAUSES,EVT:CONTROL_INPUT_IMPROPER,23
COND:physiological,INHIBITS,EVT:CONTROL_INPUT_IMPROPER,2
COND:physiological,CAUSES,EVT:PILOT_INCAPACITATION_OR_IMPAIRMENT,17
COND:physiological,UNDER_CONDITION,EVT:PILOT_INCAPACITATION_OR_IMPAIRMENT,10
COND:physiological,CONTRIBUTES_TO,EVT:PILOT_INCAPACITATION_OR_IMPAIRMENT,1
COND:physiological,INDUCED_CONDITION,EVT:PILOT_INCAPACITATION_OR_IMPAIRMENT,2
COND:physiological,CAUSES,EVT:DECISION_INAPPROPRIATE,5
COND:physiological,CONTRIBUTES_TO,EVT:DECISION_INAPPROPRIATE,4
COND:physiological,ENABLES,EVT:DECISION_INAPPROPRIATE,1
COND:physiological,TRIGGERS,EVT:DECISION_INAPPROPRIATE,1
COND:physiological,INHIBITS,EVT:DECISION_INAPPROPRIATE,1
COND:physiological,CAUSES,EVT:SPATIAL_DISORIENTATION,4
COND:physiological,CONTRIBUTES_TO,EVT:SPATIAL_DISORIENTATION,2
COND:physiological,UNDER_CONDITION,EVT:SPATIAL_DISORIENTATION,7
COND:physiological,CONTRIBUTES_TO,EVT:PERCEPTION_FAILURE,4
COND:physiological,CAUSES,EVT:PERCEPTION_FAILURE,9
COND:physiological,CAUSES,COND:physiological,2
COND:physiological,CONTRIBUTES_TO,COND:physiological,2
COND:physiological,UNDER_CONDITION,ENT:person,3
COND:physiological,CONTRIBUTES_TO,EVT:PROCEDURE_NOT_FOLLOWED,2
COND:physiological,CAUSES,EVT:PROCEDURE_NOT_FOLLOWED,1
COND:physiological,CAUSES,EVT:ALTITUDE_DEVIATION_UNCONTROLLED,1
COND:physiological,CAUSES,EVT:LOSS_OF_CONTROL_GROUND,1
COND:physiological,CAUSES,EVT:STALL,3
COND:physiological,CONTRIBUTES_TO,EVT:STALL,6
COND:weight_and_balance,CAUSES,EVT:ENGINE_FAILURE,1
COND:weight_and_balance,CONTRIBUTES_TO,EVT:STALL,3
COND:weight_and_balance,CONTRIBUTES_TO,EVT:CONTROL_INPUT_IMPROPER,5
COND:weight_and_balance,ENABLES,EVT:CONTROL_INPUT_IMPROPER,1
COND:weight_and_balance,CAUSES,EVT:LOSS_OF_CONTROL_INFLIGHT,1
COND:weight_and_balance,CONTRIBUTES_TO,EVT:LOSS_OF_CONTROL_INFLIGHT,2
COND:weight_and_balance,CAUSES,COND:aerodynamic,2
COND:weight_and_balance,CONTRIBUTES_TO,COND:aerodynamic,1
COND:weight_and_balance,CAUSES,EVT:ALTITUDE_DEVIATION_UNCONTROLLED,1
COND:weight_and_balance,ENABLES,EVT:PROCEDURE_NOT_FOLLOWED,1
COND:weight_and_balance,CONTRIBUTES_TO,EVT:SPATIAL_DISORIENTATION,1
COND:training_or_currency,CAUSES,EVT:PROCEDURE_NOT_FOLLOWED,1
COND:training_or_currency,CONTRIBUTES_TO,EVT:PROCEDURE_NOT_FOLLOWED,1
COND:training_or_currency,CONTRIBUTES_TO,EVT:LOSS_OF_CONTROL_INFLIGHT,1
COND:training_or_currency,CONTRIBUTES_TO,EVT:CONTROL_INPUT_IMPROPER,3
EVT:LOW_VISIBILITY_OR_IMC,INDUCED_CONDITION,COND:environmental,1
EVT:LOW_VISIBILITY_OR_IMC,UNDER_CONDITION,COND:environmental,5
EVT:LOW_VISIBILITY_OR_IMC,CAUSES,EVT:SPATIAL_DISORIENTATION,22
EVT:LOW_VISIBILITY_OR_IMC,CONTRIBUTES_TO,EVT:SPATIAL_DISORIENTATION,1
EVT:LOW_VISIBILITY_OR_IMC,UNDER_CONDITION,EVT:SPATIAL_DISORIENTATION,1
EVT:LOW_VISIBILITY_OR_IMC,CAUSES,COND:physiological,1
EVT:LOW_VISIBILITY_OR_IMC,INDUCED_CONDITION,COND:physiological,4
EVT:LOW_VISIBILITY_OR_IMC,CAUSES,EVT:INSTRUMENT_OR_AVIONICS_FAILURE,1
EVT:LOW_VISIBILITY_OR_IMC,UNDER_CONDITION,COND:weather,54
EVT:LOW_VISIBILITY_OR_IMC,ENABLES,COND:weather,1
EVT:LOW_VISIBILITY_OR_IMC,INDUCED_CONDITION,COND:weather,1
EVT:LOW_VISIBILITY_OR_IMC,CAUSES,EVT:CONTROL_INPUT_IMPROPER,2
EVT:LOW_VISIBILITY_OR_IMC,TRIGGERS,EVT:CONTROL_INPUT_IMPROPER,1
EVT:LOW_VISIBILITY_OR_IMC,CONTRIBUTES_TO,EVT:CONTROL_INPUT_IMPROPER,1
EVT:LOW_VISIBILITY_OR_IMC,UNDER_CONDITION,EVT:CONTROL_INPUT_IMPROPER,1
EVT:LOW_VISIBILITY_OR_IMC,INDUCED_CONDITION,COND:human_factors,2
EVT:LOW_VISIBILITY_OR_IMC,UNDER_CONDITION,COND:hypoxia,1
EVT:LOW_VISIBILITY_OR_IMC,UNDER_CONDITION,EVT:LOSS_OF_CONTROL_INFLIGHT,1
EVT:LOW_VISIBILITY_OR_IMC,CONTRIBUTES_TO,EVT:LOSS_OF_CONTROL_INFLIGHT,3
EVT:LOW_VISIBILITY_OR_IMC,CAUSES,EVT:LOSS_OF_CONTROL_INFLIGHT,10
EVT:LOW_VISIBILITY_OR_IMC,CAUSES,EVT:PROCEDURE_NOT_FOLLOWED,1
EVT:LOW_VISIBILITY_OR_IMC,TRIGGERS,EVT:PROCEDURE_NOT_FOLLOWED,2
EVT:LOW_VISIBILITY_OR_IMC,CONTRIBUTES_TO,EVT:DECISION_INAPPROPRIATE,1
EVT:LOW_VISIBILITY_OR_IMC,TRIGGERS,EVT:DECISION_INAPPROPRIATE,1
EVT:LOW_VISIBILITY_OR_IMC,CONCURRENT,EVT:DECISION_INAPPROPRIATE,1
EVT:LOW_VISIBILITY_OR_IMC,CAUSES,EVT:DECISION_INAPPROPRIATE,1
EVT:LOW_VISIBILITY_OR_IMC,UNDER_CONDITION,COND:spatial,1
EVT:LOW_VISIBILITY_OR_IMC,CAUSES,COND:spatial,3
EVT:LOW_VISIBILITY_OR_IMC,INDUCED_CONDITION,COND:spatial,1
EVT:LOW_VISIBILITY_OR_IMC,CAUSES,EVT:PERCEPTION_FAILURE,1
EVT:LOW_VISIBILITY_OR_IMC,CAUSES,EVT:STALL,1
EVT:STRUCTURAL_OVERLOAD,CAUSES,EVT:GROUND_IMPACT,41
EVT:STRUCTURAL_OVERLOAD,CONCURRENT,EVT:GROUND_IMPACT,1
EVT:STRUCTURAL_OVERLOAD,CAUSES,EVT:INFLIGHT_BREAKUP,14
EVT:STRUCTURAL_OVERLOAD,CAUSES,EVT:LOSS_OF_CONTROL_INFLIGHT,2
EVT:STRUCTURAL_OVERLOAD,INDUCED_CONDITION,COND:aerodynamic,1
EVT:STRUCTURAL_OVERLOAD,CAUSES,EVT:AIRFRAME_STRUCTURAL_FAILURE,8
EVT:STRUCTURAL_OVERLOAD,CAUSES,EVT:RUNWAY_EXCURSION_OR_OVERRUN,2
EVT:STRUCTURAL_OVERLOAD,CAUSES,EVT:WATER_IMPACT,1
EVT:STRUCTURAL_OVERLOAD,CAUSES,COND:mechanical,1
EVT:STRUCTURAL_OVERLOAD,CAUSES,EVT:PILOT_INCAPACITATION_OR_IMPAIRMENT,1
EVT:STRUCTURAL_OVERLOAD,CAUSES,EVT:INJURY_OR_FATALITY,8
EVT:STRUCTURAL_OVERLOAD,CAUSES,EVT:INFLIGHT_FIRE_OR_SMOKE,3
EVT:STRUCTURAL_OVERLOAD,CAUSES,ENT:aircraft,1
EVT:STRUCTURAL_OVERLOAD,RESPONDS_TO,EVT:PROCEDURE_NOT_FOLLOWED,1
EVT:STRUCTURAL_OVERLOAD,PRECEDES,EVT:DECISION_INAPPROPRIATE,1
EVT:STRUCTURAL_OVERLOAD,CAUSES,EVT:LANDING_GEAR_ANOMALY,1
EVT:ALTITUDE_DEVIATION_UNCONTROLLED,CAUSES,EVT:GROUND_IMPACT,76
EVT:ALTITUDE_DEVIATION_UNCONTROLLED,CONTRIBUTES_TO,EVT:GROUND_IMPACT,2
EVT:ALTITUDE_DEVIATION_UNCONTROLLED,INDUCED_CONDITION,COND:aerodynamic,2
EVT:ALTITUDE_DEVIATION_UNCONTROLLED,UNDER_CONDITION,COND:aerodynamic,1
EVT:ALTITUDE_DEVIATION_UNCONTROLLED,CAUSES,COND:aerodynamic,1
EVT:ALTITUDE_DEVIATION_UNCONTROLLED,CAUSES,EVT:AIRFRAME_STRUCTURAL_FAILURE,1
EVT:ALTITUDE_DEVIATION_UNCONTROLLED,CONTRIBUTES_TO,EVT:LOSS_OF_CONTROL_INFLIGHT,2
EVT:ALTITUDE_DEVIATION_UNCONTROLLED,CAUSES,EVT:LOSS_OF_CONTROL_INFLIGHT,5
EVT:ALTITUDE_DEVIATION_UNCONTROLLED,RESPONDS_TO,EVT:CONTROL_INPUT_IMPROPER,7
EVT:ALTITUDE_DEVIATION_UNCONTROLLED,CAUSES,EVT:CONTROL_INPUT_IMPROPER,8
EVT:ALTITUDE_DEVIATION_UNCONTROLLED,TRIGGERS,EVT:CONTROL_INPUT_IMPROPER,5
EVT:ALTITUDE_DEVIATION_UNCONTROLLED,CAUSES,EVT:WATER_IMPACT,3
EVT:ALTITUDE_DEVIATION_UNCONTROLLED,UNDER_CONDITION,COND:weather,2
EVT:ALTITUDE_DEVIATION_UNCONTROLLED,UNDER_CONDITION,COND:operational,1
EVT:ALTITUDE_DEVIATION_UNCONTROLLED,UNDER_CONDITION,COND:altitude,1
EVT:ALTITUDE_DEVIATION_UNCONTROLLED,TRIGGERS,EVT:DECISION_INAPPROPRIATE,8
EVT:ALTITUDE_DEVIATION_UNCONTROLLED,RESPONDS_TO,EVT:DECISION_INAPPROPRIATE,3
EVT:ALTITUDE_DEVIATION_UNCONTROLLED,CAUSES,EVT:DECISION_INAPPROPRIATE,2
EVT:ALTITUDE_DEVIATION_UNCONTROLLED,INDUCED_CONDITION,COND:physiological,1
EVT:ALTITUDE_DEVIATION_UNCONTROLLED,TRIGGERS,COND:physiological,1
EVT:ALTITUDE_DEVIATION_UNCONTROLLED,CAUSES,EVT:STRUCTURAL_OVERLOAD,3
EVT:ALTITUDE_DEVIATION_UNCONTROLLED,RESPONDS_TO,EVT:SUCCESSFUL_RECOVERY,4
EVT:ALTITUDE_DEVIATION_UNCONTROLLED,CAUSES,EVT:RUNWAY_EXCURSION_OR_OVERRUN,4
EVT:ALTITUDE_DEVIATION_UNCONTROLLED,CAUSES,EVT:STALL,9
EVT:ALTITUDE_DEVIATION_UNCONTROLLED,CONTRIBUTES_TO,EVT:STALL,1
EVT:ALTITUDE_DEVIATION_UNCONTROLLED,CAUSES,EVT:INFLIGHT_BREAKUP,1
EVT:ALTITUDE_DEVIATION_UNCONTROLLED,CAUSES,EVT:TCAS_RA_ISSUED,1
EVT:ALTITUDE_DEVIATION_UNCONTROLLED,UNDER_CONDITION,COND:terrain,2
EVT:ALTITUDE_DEVIATION_UNCONTROLLED,CAUSES,COND:environmental,1
EVT:ALTITUDE_DEVIATION_UNCONTROLLED,UNDER_CONDITION,COND:environmental,2
EVT:ALTITUDE_DEVIATION_UNCONTROLLED,CONCURRENT,EVT:TERRAIN_OR_OBSTACLE_PROXIMITY,1
EVT:ALTITUDE_DEVIATION_UNCONTROLLED,CAUSES,EVT:TERRAIN_OR_OBSTACLE_PROXIMITY,3
EVT:ALTITUDE_DEVIATION_UNCONTROLLED,TRIGGERS,EVT:PROCEDURE_NOT_FOLLOWED,2
EVT:ALTITUDE_DEVIATION_UNCONTROLLED,RESPONDS_TO,EVT:PROCEDURE_NOT_FOLLOWED,1
EVT:ALTITUDE_DEVIATION_UNCONTROLLED,CAUSES,EVT:INJURY_OR_FATALITY,3
EVT:ALTITUDE_DEVIATION_UNCONTROLLED,UNDER_CONDITION,COND:mechanical,2
EVT:ALTITUDE_DEVIATION_UNCONTROLLED,TRIGGERS,EVT:PILOT_INCAPACITATION_OR_IMPAIRMENT,1
EVT:ALTITUDE_DEVIATION_UNCONTROLLED,ENABLES,EVT:TURBULENCE_ENCOUNTER,1
EVT:ALTITUDE_DEVIATION_UNCONTROLLED,TRIGGERS,EVT:CREW_COORDINATION_FAILURE,1
EVT:ALTITUDE_DEVIATION_UNCONTROLLED,CAUSES,COND:spatial,1
EVT:ALTITUDE_DEVIATION_UNCONTROLLED,CAUSES,EVT:LOSS_OF_CONTROL_GROUND,1
EVT:ALTITUDE_DEVIATION_UNCONTROLLED,CAUSES,EVT:LANDING_GEAR_ANOMALY,1
EVT:ALTITUDE_DEVIATION_UNCONTROLLED,CAUSES,COND:structural,1
EVT:SUCCESSFUL_RECOVERY,UNDER_CONDITION,COND:spatial,1
EVT:SUCCESSFUL_RECOVERY,CAUSES,EVT:GROUND_IMPACT,6
EVT:SUCCESSFUL_RECOVERY,CONTRIBUTES_TO,EVT:GROUND_IMPACT,1
EVT:SUCCESSFUL_RECOVERY,MITIGATES,EVT:GROUND_IMPACT,1
EVT:SUCCESSFUL_RECOVERY,CAUSES,EVT:AIRFRAME_STRUCTURAL_FAILURE,1
EVT:SUCCESSFUL_RECOVERY,CAUSES,EVT:SUCCESSFUL_RECOVERY,1
EVT:SUCCESSFUL_RECOVERY,PRECEDES,EVT:SUCCESSFUL_RECOVERY,1
EVT:SUCCESSFUL_RECOVERY,CAUSES,EVT:SPATIAL_DISORIENTATION,1
EVT:SUCCESSFUL_RECOVERY,CAUSES,EVT:WATER_IMPACT,2
EVT:SUCCESSFUL_RECOVERY,CAUSES,EVT:STRUCTURAL_OVERLOAD,1
EVT:SUCCESSFUL_RECOVERY,TRIGGERS,EVT:DECISION_INAPPROPRIATE,1
EVT:SUCCESSFUL_RECOVERY,CAUSES,EVT:DECISION_INAPPROPRIATE,1
EVT:SUCCESSFUL_RECOVERY,CAUSES,EVT:STALL,2
COND:configuration,ENABLES,COND:aerodynamic,1
COND:configuration,CONTRIBUTES_TO,COND:aerodynamic,1
COND:configuration,CAUSES,COND:aerodynamic,1
COND:configuration,CONTRIBUTES_TO,EVT:STALL,7
COND:configuration,CAUSES,EVT:STALL,1
COND:configuration,CONTRIBUTES_TO,EVT:CONTROL_INPUT_IMPROPER,3
COND:configuration,CONTRIBUTES_TO,EVT:ALTITUDE_DEVIATION_UNCONTROLLED,1
COND:configuration,CAUSES,EVT:ALTITUDE_DEVIATION_UNCONTROLLED,1
COND:configuration,CAUSES,EVT:LOSS_OF_CONTROL_INFLIGHT,1
COND:configuration,CONTRIBUTES_TO,EVT:AUTOMATION_ANOMALY,1
COND:latent_defect,CAUSES,COND:mechanical,12
COND:latent_defect,ENABLES,COND:mechanical,2
COND:latent_defect,INDUCED_CONDITION,COND:mechanical,1
COND:latent_defect,CONTRIBUTES_TO,COND:mechanical,1
COND:latent_defect,CONTRIBUTES_TO,EVT:LOSS_OF_CONTROL_INFLIGHT,5
COND:latent_defect,CAUSES,EVT:LOSS_OF_CONTROL_INFLIGHT,2
COND:latent_defect,CONTRIBUTES_TO,EVT:CONTROL_INPUT_IMPROPER,15
COND:latent_defect,CAUSES,EVT:CONTROL_INPUT_IMPROPER,3
COND:latent_defect,ENABLES,EVT:CONTROL_INPUT_IMPROPER,1
COND:latent_defect,UNDER_CONDITION,EVT:CONTROL_INPUT_IMPROPER,1
COND:latent_defect,CAUSES,EVT:PROCEDURE_NOT_FOLLOWED,3
COND:latent_defect,CONTRIBUTES_TO,EVT:PROCEDURE_NOT_FOLLOWED,1
COND:latent_defect,ENABLES,EVT:DECISION_INAPPROPRIATE,2
COND:latent_defect,CONTRIBUTES_TO,EVT:DECISION_INAPPROPRIATE,1
COND:latent_defect,CAUSES,EVT:DECISION_INAPPROPRIATE,1
COND:latent_defect,CAUSES,EVT:ICING_ENCOUNTER,1
COND:latent_defect,CONTRIBUTES_TO,EVT:SPATIAL_DISORIENTATION,1
COND:latent_defect,CAUSES,EVT:AIRFRAME_STRUCTURAL_FAILURE,1
COND:latent_defect,MASKED_BY_CONDITION,ENT:aircraft,1
COND:latent_defect,CONTRIBUTES_TO,COND:knowledge_gap,1
COND:latent_defect,CONTRIBUTES_TO,EVT:PERCEPTION_FAILURE,2
COND:latent_defect,CAUSES,EVT:CONTROL_SURFACE_ANOMALY,1
COND:latent_defect,CAUSES,EVT:ENGINE_FAILURE,1
COND:latent_defect,CAUSES,EVT:LOSS_OF_CONTROL_GROUND,1
COND:latent_defect,CONTRIBUTES_TO,EVT:LOSS_OF_CONTROL_GROUND,1
COND:latent_defect,ENABLES,EVT:MAINTENANCE_INADEQUATE,1
COND:maintenance_gap,CONTRIBUTES_TO,COND:mechanical,1
EVT:INFLIGHT_FIRE_OR_SMOKE,CAUSES,ENT:aircraft,2
EVT:INFLIGHT_FIRE_OR_SMOKE,CONTRIBUTES_TO,EVT:INJURY_OR_FATALITY,18
EVT:INFLIGHT_FIRE_OR_SMOKE,CAUSES,EVT:INJURY_OR_FATALITY,15
EVT:INFLIGHT_FIRE_OR_SMOKE,CONTRIBUTES_TO,EVT:INFLIGHT_BREAKUP,1
EVT:INFLIGHT_FIRE_OR_SMOKE,CAUSES,EVT:INFLIGHT_BREAKUP,2
EVT:INFLIGHT_FIRE_OR_SMOKE,INDUCED_CONDITION,COND:physiological,2
EVT:INFLIGHT_FIRE_OR_SMOKE,CAUSES,COND:physiological,1
EVT:INFLIGHT_FIRE_OR_SMOKE,CAUSES,EVT:GROUND_IMPACT,2
EVT:INFLIGHT_FIRE_OR_SMOKE,CONTRIBUTES_TO,EVT:GROUND_IMPACT,1
EVT:INFLIGHT_FIRE_OR_SMOKE,CO_OCCURS,EVT:GROUND_IMPACT,1
EVT:INFLIGHT_FIRE_OR_SMOKE,INDUCED_CONDITION,COND:mechanical,3
EVT:INFLIGHT_FIRE_OR_SMOKE,UNDER_CONDITION,COND:mechanical,1
EVT:INFLIGHT_FIRE_OR_SMOKE,CAUSES,EVT:PILOT_INCAPACITATION_OR_IMPAIRMENT,1
EVT:INFLIGHT_FIRE_OR_SMOKE,CAUSES,EVT:AIRFRAME_STRUCTURAL_FAILURE,1
EVT:INFLIGHT_FIRE_OR_SMOKE,CAUSES,EVT:LOSS_OF_CONTROL_INFLIGHT,2
EVT:INFLIGHT_FIRE_OR_SMOKE,RESPONDS_TO,EVT:PROCEDURE_NOT_FOLLOWED,1
EVT:INFLIGHT_FIRE_OR_SMOKE,TRIGGERS,EVT:CONTROL_INPUT_IMPROPER,1
EVT:INFLIGHT_FIRE_OR_SMOKE,CAUSES,EVT:INFLIGHT_FIRE_OR_SMOKE,1
EVT:INFLIGHT_FIRE_OR_SMOKE,UNDER_CONDITION,COND:weather,1
EVT:INFLIGHT_FIRE_OR_SMOKE,TRIGGERS,EVT:DECISION_INAPPROPRIATE,2
EVT:INFLIGHT_FIRE_OR_SMOKE,CAUSES,COND:environmental,1
EVT:RUNWAY_EXCURSION_OR_OVERRUN,CAUSES,EVT:LOSS_OF_CONTROL_INFLIGHT,3
EVT:RUNWAY_EXCURSION_OR_OVERRUN,CO_OCCURS,EVT:TERRAIN_OR_OBSTACLE_PROXIMITY,1
EVT:RUNWAY_EXCURSION_OR_OVERRUN,CAUSES,EVT:TERRAIN_OR_OBSTACLE_PROXIMITY,5
EVT:RUNWAY_EXCURSION_OR_OVERRUN,CAUSES,EVT:GROUND_IMPACT,103
EVT:RUNWAY_EXCURSION_OR_OVERRUN,CONTRIBUTES_TO,EVT:GROUND_IMPACT,1
EVT:RUNWAY_EXCURSION_OR_OVERRUN,UNDER_CONDITION,COND:mechanical,2
EVT:RUNWAY_EXCURSION_OR_OVERRUN,INDUCED_CONDITION,COND:mechanical,1
EVT:RUNWAY_EXCURSION_OR_OVERRUN,TRIGGERS,EVT:CONTROL_INPUT_IMPROPER,30
EVT:RUNWAY_EXCURSION_OR_OVERRUN,CAUSES,EVT:CONTROL_INPUT_IMPROPER,6
EVT:RUNWAY_EXCURSION_OR_OVERRUN,PRECEDES,EVT:CONTROL_INPUT_IMPROPER,3
EVT:RUNWAY_EXCURSION_OR_OVERRUN,RESPONDS_TO,EVT:CONTROL_INPUT_IMPROPER,2
EVT:RUNWAY_EXCURSION_OR_OVERRUN,CAUSES,EVT:LOSS_OF_CONTROL_GROUND,12
EVT:RUNWAY_EXCURSION_OR_OVERRUN,CONCURRENT,EVT:LOSS_OF_CONTROL_GROUND,1
EVT:RUNWAY_EXCURSION_OR_OVERRUN,CONTRIBUTES_TO,EVT:STALL,1
EVT:RUNWAY_EXCURSION_OR_OVERRUN,CAUSES,EVT:STALL,3
EVT:RUNWAY_EXCURSION_OR_OVERRUN,UNDER_CONDITION,COND:weather,13
EVT:RUNWAY_EXCURSION_OR_OVERRUN,UNDER_CONDITION,COND:environmental,17
EVT:RUNWAY_EXCURSION_OR_OVERRUN,TRIGGERS,EVT:DECISION_INAPPROPRIATE,23
EVT:RUNWAY_EXCURSION_OR_OVERRUN,CAUSES,EVT:DECISION_INAPPROPRIATE,2
EVT:RUNWAY_EXCURSION_OR_OVERRUN,RESPONDS_TO,EVT:DECISION_INAPPROPRIATE,2
EVT:RUNWAY_EXCURSION_OR_OVERRUN,INDUCED_CONDITION,COND:aerodynamic,3
EVT:RUNWAY_EXCURSION_OR_OVERRUN,CAUSES,COND:aerodynamic,1
EVT:RUNWAY_EXCURSION_OR_OVERRUN,INDUCED_CONDITION,COND:pilot_state,1
EVT:RUNWAY_EXCURSION_OR_OVERRUN,CONTRIBUTES_TO,EVT:RUNWAY_EXCURSION_OR_OVERRUN,2
EVT:RUNWAY_EXCURSION_OR_OVERRUN,CAUSES,EVT:RUNWAY_EXCURSION_OR_OVERRUN,7
EVT:RUNWAY_EXCURSION_OR_OVERRUN,CONCURRENT,EVT:RUNWAY_EXCURSION_OR_OVERRUN,1
EVT:RUNWAY_EXCURSION_OR_OVERRUN,TRIGGERS,EVT:PROCEDURE_NOT_FOLLOWED,12
EVT:RUNWAY_EXCURSION_OR_OVERRUN,PRECEDES,EVT:PROCEDURE_NOT_FOLLOWED,1
EVT:RUNWAY_EXCURSION_OR_OVERRUN,RESPONDS_TO,EVT:PROCEDURE_NOT_FOLLOWED,1
EVT:RUNWAY_EXCURSION_OR_OVERRUN,CONCURRENT,EVT:PROCEDURE_NOT_FOLLOWED,1
EVT:RUNWAY_EXCURSION_OR_OVERRUN,UNDER_CONDITION,COND:terrain,4
EVT:RUNWAY_EXCURSION_OR_OVERRUN,TRIGGERS,EVT:PERCEPTION_FAILURE,2
EVT:RUNWAY_EXCURSION_OR_OVERRUN,PRECEDES,EVT:WIND_SHEAR_OR_GUST,2
EVT:RUNWAY_EXCURSION_OR_OVERRUN,TRIGGERS,EVT:WIND_SHEAR_OR_GUST,1
EVT:RUNWAY_EXCURSION_OR_OVERRUN,CONCURRENT,EVT:WIND_SHEAR_OR_GUST,1
EVT:RUNWAY_EXCURSION_OR_OVERRUN,CAUSES,EVT:AIRFRAME_STRUCTURAL_FAILURE,5
EVT:RUNWAY_EXCURSION_OR_OVERRUN,CAUSES,EVT:LANDING_GEAR_ANOMALY,3
EVT:RUNWAY_EXCURSION_OR_OVERRUN,CAUSES,EVT:STRUCTURAL_OVERLOAD,3
EVT:RUNWAY_EXCURSION_OR_OVERRUN,UNDER_CONDITION,COND:procedural,1
EVT:RUNWAY_EXCURSION_OR_OVERRUN,UNDER_CONDITION,COND:surface,1
EVT:RUNWAY_EXCURSION_OR_OVERRUN,PRECEDES,EVT:ENGINE_FAILURE,1
EVT:RUNWAY_EXCURSION_OR_OVERRUN,CAUSES,EVT:INFLIGHT_FIRE_OR_SMOKE,2
EVT:RUNWAY_EXCURSION_OR_OVERRUN,CAUSES,EVT:INJURY_OR_FATALITY,2
EVT:RUNWAY_EXCURSION_OR_OVERRUN,TRIGGERS,EVT:CREW_COORDINATION_FAILURE,1
COND:organizational,CONTRIBUTES_TO,EVT:PROCEDURE_NOT_FOLLOWED,19
COND:organizational,CAUSES,EVT:PROCEDURE_NOT_FOLLOWED,8
COND:organizational,ENABLES,EVT:PROCEDURE_NOT_FOLLOWED,8
COND:organizational,INHIBITS,EVT:PROCEDURE_NOT_FOLLOWED,2
COND:organizational,CAUSES,EVT:CONTROL_INPUT_IMPROPER,5
COND:organizational,CONTRIBUTES_TO,EVT:CONTROL_INPUT_IMPROPER,46
COND:organizational,ENABLES,EVT:CONTROL_INPUT_IMPROPER,2
COND:organizational,INHIBITS,EVT:CONTROL_INPUT_IMPROPER,1
COND:organizational,ENABLES,COND:design,1
COND:organizational,ENABLES,EVT:DECISION_INAPPROPRIATE,10
COND:organizational,CONTRIBUTES_TO,EVT:DECISION_INAPPROPRIATE,17
COND:organizational,CAUSES,EVT:DECISION_INAPPROPRIATE,5
COND:organizational,UNDER_CONDITION,EVT:DECISION_INAPPROPRIATE,1
COND:organizational,CAUSES,EVT:TRAINING_OR_CURRENCY_GAP,2
COND:organizational,INDUCED_CONDITION,EVT:TRAINING_OR_CURRENCY_GAP,1
COND:organizational,CONTRIBUTES_TO,EVT:TRAINING_OR_CURRENCY_GAP,1
COND:organizational,ENABLES,EVT:TRAINING_OR_CURRENCY_GAP,1
COND:organizational,CAUSES,EVT:PERCEPTION_FAILURE,2
COND:organizational,CONTRIBUTES_TO,EVT:PERCEPTION_FAILURE,3
COND:organizational,UNDER_CONDITION,ENT:aircraft,1
COND:organizational,ENABLES,COND:mechanical,6
COND:organizational,CONTRIBUTES_TO,COND:mechanical,4
COND:organizational,CAUSES,COND:mechanical,22
COND:organizational,ENABLES,COND:medication,1
COND:organizational,INHIBITS,EVT:LOSS_OF_CONTROL_INFLIGHT,1
COND:organizational,CONTRIBUTES_TO,EVT:LOSS_OF_CONTROL_INFLIGHT,5
COND:organizational,CAUSES,EVT:LOSS_OF_CONTROL_INFLIGHT,1
COND:organizational,CONTRIBUTES_TO,COND:operational,1
COND:organizational,CAUSES,COND:organizational,1
COND:organizational,CONTRIBUTES_TO,COND:organizational,1
COND:organizational,ENABLES,COND:physiological,3
COND:organizational,CAUSES,EVT:ORG_OR_REGULATORY_INADEQUATE,3
COND:organizational,UNDER_CONDITION,EVT:ORG_OR_REGULATORY_INADEQUATE,1
COND:organizational,ENABLES,EVT:PILOT_INCAPACITATION_OR_IMPAIRMENT,3
COND:organizational,CONTRIBUTES_TO,EVT:PILOT_INCAPACITATION_OR_IMPAIRMENT,7
COND:organizational,CONTRIBUTES_TO,COND:weather,1
COND:organizational,CONTRIBUTES_TO,EVT:MAINTENANCE_INADEQUATE,4
COND:organizational,CAUSES,EVT:MAINTENANCE_INADEQUATE,2
COND:organizational,ENABLES,EVT:TURBULENCE_ENCOUNTER,1
COND:organizational,CONTRIBUTES_TO,EVT:TURBULENCE_ENCOUNTER,1
COND:organizational,CONTRIBUTES_TO,EVT:AIRFRAME_STRUCTURAL_FAILURE,2
COND:organizational,CONTRIBUTES_TO,EVT:CREW_COORDINATION_FAILURE,1
COND:organizational,UNDER_CONDITION,EVT:CREW_COORDINATION_FAILURE,2
COND:organizational,CAUSES,EVT:CREW_COORDINATION_FAILURE,3
COND:organizational,CONTRIBUTES_TO,EVT:INSTRUMENT_OR_AVIONICS_FAILURE,1
COND:organizational,CAUSES,COND:human_factor,1
COND:organizational,CAUSES,EVT:TERRAIN_OR_OBSTACLE_PROXIMITY,1
COND:organizational,CONTRIBUTES_TO,EVT:TERRAIN_OR_OBSTACLE_PROXIMITY,1
COND:organizational,ENABLES,COND:medical,4
COND:organizational,CAUSES,COND:medical,1
COND:organizational,CONTRIBUTES_TO,COND:medical,1
COND:organizational,CONTRIBUTES_TO,COND:procedural,1
COND:organizational,CAUSES,COND:latent_defect,1
COND:organizational,CONTRIBUTES_TO,EVT:GROUND_IMPACT,2
COND:organizational,ENABLES,EVT:ENGINE_FAILURE,1
COND:organizational,CONTRIBUTES_TO,EVT:ALTITUDE_DEVIATION_UNCONTROLLED,2
COND:organizational,CONTRIBUTES_TO,EVT:GROUND_PERSONNEL_ERROR,2
COND:organizational,CONTRIBUTES_TO,COND:human,1
COND:organizational,CAUSES,COND:human,1
COND:organizational,CAUSES,EVT:ATC_OR_DISPATCH_INADEQUATE,1
COND:organizational,CONTRIBUTES_TO,EVT:ATC_OR_DISPATCH_INADEQUATE,1
COND:organizational,UNDER_CONDITION,ENT:person,2
COND:organizational,SUPERVISED_BY,ENT:person,1
COND:organizational,INHIBITS,ENT:person,1
COND:organizational,INHIBITS,EVT:STALL,1
COND:organizational,CONTRIBUTES_TO,EVT:STALL,1
COND:organizational,CONTRIBUTES_TO,EVT:LOSS_OF_CONTROL_GROUND,2
COND:organizational,CAUSES,COND:environmental,1
COND:organizational,CONTRIBUTES_TO,EVT:INJURY_OR_FATALITY,1
COND:organizational,CONTRIBUTES_TO,EVT:LOW_VISIBILITY_OR_IMC,1
COND:organizational,CONTRIBUTES_TO,EVT:HYDRAULIC_SYSTEM_FAILURE,1
EVT:SPATIAL_DISORIENTATION,CAUSES,EVT:LOSS_OF_CONTROL_INFLIGHT,53
EVT:SPATIAL_DISORIENTATION,CAUSES,EVT:CONTROL_INPUT_IMPROPER,23
EVT:SPATIAL_DISORIENTATION,CONTRIBUTES_TO,EVT:CONTROL_INPUT_IMPROPER,1
EVT:SPATIAL_DISORIENTATION,CONCURRENT,EVT:CONTROL_INPUT_IMPROPER,1
EVT:SPATIAL_DISORIENTATION,RESPONDS_TO,EVT:CONTROL_INPUT_IMPROPER,1
EVT:SPATIAL_DISORIENTATION,CAUSES,EVT:WATER_IMPACT,1
EVT:SPATIAL_DISORIENTATION,CAUSES,EVT:PERCEPTION_FAILURE,2
EVT:SPATIAL_DISORIENTATION,INDUCED_CONDITION,COND:spatial,1
EVT:SPATIAL_DISORIENTATION,CONTRIBUTES_TO,COND:mechanical,1
EVT:SPATIAL_DISORIENTATION,CAUSES,EVT:ALTITUDE_DEVIATION_UNCONTROLLED,4
EVT:SPATIAL_DISORIENTATION,INDUCED_CONDITION,COND:human_factor,4
EVT:SPATIAL_DISORIENTATION,UNDER_CONDITION,COND:human_factor,1
EVT:SPATIAL_DISORIENTATION,CAUSES,EVT:GROUND_IMPACT,16
EVT:SPATIAL_DISORIENTATION,CONTRIBUTES_TO,EVT:GROUND_IMPACT,1
EVT:SPATIAL_DISORIENTATION,INDUCED_CONDITION,COND:cognitive,1
EVT:SPATIAL_DISORIENTATION,CONTRIBUTES_TO,EVT:STRUCTURAL_OVERLOAD,1
EVT:SPATIAL_DISORIENTATION,UNDER_CONDITION,COND:weather,3
EVT:SPATIAL_DISORIENTATION,INDUCED_CONDITION,COND:physiological,3
EVT:SPATIAL_DISORIENTATION,INDUCED_CONDITION,COND:human_factors,2
EVT:SPATIAL_DISORIENTATION,UNDER_CONDITION,COND:human_factors,1
EVT:SPATIAL_DISORIENTATION,CAUSES,EVT:TERRAIN_OR_OBSTACLE_PROXIMITY,1
EVT:SPATIAL_DISORIENTATION,CAUSES,EVT:PROCEDURE_NOT_FOLLOWED,1
EVT:SPATIAL_DISORIENTATION,UNDER_CONDITION,COND:environmental,1
EVT:SPATIAL_DISORIENTATION,INDUCED_CONDITION,COND:spatial_disorientation,1
EVT:SPATIAL_DISORIENTATION,CAUSES,EVT:STALL,1
EVT:SPATIAL_DISORIENTATION,INDUCED_CONDITION,COND:pilot_state,1
EVT:INSTRUMENT_OR_AVIONICS_FAILURE,CONTRIBUTES_TO,EVT:SPATIAL_DISORIENTATION,2
EVT:INSTRUMENT_OR_AVIONICS_FAILURE,CAUSES,EVT:SPATIAL_DISORIENTATION,3
EVT:INSTRUMENT_OR_AVIONICS_FAILURE,CAUSES,EVT:LOSS_OF_CONTROL_INFLIGHT,2
EVT:INSTRUMENT_OR_AVIONICS_FAILURE,CONTRIBUTES_TO,EVT:LOSS_OF_CONTROL_INFLIGHT,1
EVT:INSTRUMENT_OR_AVIONICS_FAILURE,UNDER_CONDITION,COND:mechanical,4
EVT:INSTRUMENT_OR_AVIONICS_FAILURE,INDUCED_CONDITION,COND:mechanical,3
EVT:INSTRUMENT_OR_AVIONICS_FAILURE,CAUSES,COND:mechanical,2
EVT:INSTRUMENT_OR_AVIONICS_FAILURE,DETECTS,COND:mechanical,1
EVT:INSTRUMENT_OR_AVIONICS_FAILURE,INHIBITS,EVT:PROCEDURE_NOT_FOLLOWED,1
EVT:INSTRUMENT_OR_AVIONICS_FAILURE,RESPONDS_TO,EVT:PROCEDURE_NOT_FOLLOWED,2
EVT:INSTRUMENT_OR_AVIONICS_FAILURE,CAUSES,EVT:CONTROL_INPUT_IMPROPER,1
EVT:INSTRUMENT_OR_AVIONICS_FAILURE,TRIGGERS,EVT:CONTROL_INPUT_IMPROPER,2
EVT:INSTRUMENT_OR_AVIONICS_FAILURE,CONTRIBUTES_TO,EVT:CONTROL_INPUT_IMPROPER,1
EVT:INSTRUMENT_OR_AVIONICS_FAILURE,INDUCED_CONDITION,COND:instrument,2
EVT:INSTRUMENT_OR_AVIONICS_FAILURE,CAUSES,EVT:PERCEPTION_FAILURE,5
EVT:INSTRUMENT_OR_AVIONICS_FAILURE,CAUSES,EVT:CONTROL_SURFACE_ANOMALY,1
EVT:INSTRUMENT_OR_AVIONICS_FAILURE,INDUCED_CONDITION,COND:human_factor,1
EVT:INSTRUMENT_OR_AVIONICS_FAILURE,CAUSES,EVT:INSTRUMENT_OR_AVIONICS_FAILURE,1
ENT:aircraft,UNDER_CONDITION,COND:environmental,1
ENT:aircraft,CAUSES,COND:environmental,2
ENT:aircraft,UNDER_CONDITION,COND:latent_defect,1
ENT:aircraft,CAUSES,COND:aerodynamic,1
ENT:aircraft,CAUSES,COND:weather,1
ENT:aircraft,CAUSES,COND:wake_turbulence,1
EVT:AIRFRAME_STRUCTURAL_FAILURE,CONTRIBUTES_TO,EVT:GROUND_IMPACT,4
EVT:AIRFRAME_STRUCTURAL_FAILURE,CAUSES,EVT:GROUND_IMPACT,40
EVT:AIRFRAME_STRUCTURAL_FAILURE,CONCURRENT,EVT:GROUND_IMPACT,1
EVT:AIRFRAME_STRUCTURAL_FAILURE,INDUCED_CONDITION,COND:mechanical,9
EVT:AIRFRAME_STRUCTURAL_FAILURE,UNDER_CONDITION,COND:mechanical,2
EVT:AIRFRAME_STRUCTURAL_FAILURE,CAUSES,COND:mechanical,1
EVT:AIRFRAME_STRUCTURAL_FAILURE,CAUSES,EVT:LOSS_OF_CONTROL_INFLIGHT,26
EVT:AIRFRAME_STRUCTURAL_FAILURE,CONTRIBUTES_TO,EVT:LOSS_OF_CONTROL_INFLIGHT,1
EVT:AIRFRAME_STRUCTURAL_FAILURE,CAUSES,EVT:AIRFRAME_STRUCTURAL_FAILURE,9
EVT:AIRFRAME_STRUCTURAL_FAILURE,RESPONDS_TO,EVT:PROCEDURE_NOT_FOLLOWED,1
EVT:AIRFRAME_STRUCTURAL_FAILURE,ENABLES,EVT:PROCEDURE_NOT_FOLLOWED,1
EVT:AIRFRAME_STRUCTURAL_FAILURE,CAUSES,EVT:INFLIGHT_FIRE_OR_SMOKE,1
EVT:AIRFRAME_STRUCTURAL_FAILURE,CONTRIBUTES_TO,EVT:INFLIGHT_FIRE_OR_SMOKE,1
EVT:AIRFRAME_STRUCTURAL_FAILURE,CAUSES,EVT:INFLIGHT_BREAKUP,4
EVT:AIRFRAME_STRUCTURAL_FAILURE,CAUSES,EVT:RUNWAY_EXCURSION_OR_OVERRUN,1
EVT:AIRFRAME_STRUCTURAL_FAILURE,CAUSES,EVT:ENGINE_FAILURE,1
EVT:AIRFRAME_STRUCTURAL_FAILURE,CAUSES,EVT:LOSS_OF_CONTROL_GROUND,4
EVT:AIRFRAME_STRUCTURAL_FAILURE,CONTRIBUTES_TO,EVT:STALL,1
EVT:AIRFRAME_STRUCTURAL_FAILURE,TRIGGERS,EVT:DECISION_INAPPROPRIATE,1
EVT:AIRFRAME_STRUCTURAL_FAILURE,CAUSES,COND:aerodynamic,1
EVT:AIRFRAME_STRUCTURAL_FAILURE,INDUCED_CONDITION,COND:aerodynamic,2
EVT:AIRFRAME_STRUCTURAL_FAILURE,UNDER_CONDITION,COND:structural,2
EVT:AIRFRAME_STRUCTURAL_FAILURE,CAUSES,COND:structural,2
EVT:AIRFRAME_STRUCTURAL_FAILURE,INDUCED_CONDITION,COND:structural,1
EVT:AIRFRAME_STRUCTURAL_FAILURE,UNDER_CONDITION,COND:environmental,1
EVT:AIRFRAME_STRUCTURAL_FAILURE,UNDER_CONDITION,COND:latent_defect,1
EVT:AIRFRAME_STRUCTURAL_FAILURE,CAUSES,EVT:CONTROL_INPUT_IMPROPER,1
EVT:AIRFRAME_STRUCTURAL_FAILURE,TRIGGERS,EVT:CONTROL_INPUT_IMPROPER,1
EVT:AIRFRAME_STRUCTURAL_FAILURE,TRIGGERS,EVT:CREW_COORDINATION_FAILURE,1
EVT:AIRFRAME_STRUCTURAL_FAILURE,CAUSES,EVT:WATER_IMPACT,1
COND:psychological,CONTRIBUTES_TO,EVT:CONTROL_INPUT_IMPROPER,3
COND:psychological,CAUSES,EVT:CONTROL_INPUT_IMPROPER,1
COND:psychological,CAUSES,EVT:DECISION_INAPPROPRIATE,7
COND:psychological,CONTRIBUTES_TO,EVT:DECISION_INAPPROPRIATE,1
COND:psychological,CONTRIBUTES_TO,EVT:PROCEDURE_NOT_FOLLOWED,1
COND:psychological,UNDER_CONDITION,EVT:PILOT_INCAPACITATION_OR_IMPAIRMENT,1
COND:psychological,CONTRIBUTES_TO,EVT:LOSS_OF_CONTROL_INFLIGHT,1
COND:psychological,UNDER_CONDITION,EVT:PERCEPTION_FAILURE,1
COND:human_performance,CAUSES,EVT:CONTROL_INPUT_IMPROPER,4
COND:human_performance,CONTRIBUTES_TO,EVT:CONTROL_INPUT_IMPROPER,10
COND:human_performance,CAUSES,EVT:LOSS_OF_CONTROL_GROUND,1
COND:human_performance,CONTRIBUTES_TO,EVT:LOSS_OF_CONTROL_GROUND,1
COND:human_performance,CONTRIBUTES_TO,EVT:DECISION_INAPPROPRIATE,1
COND:human_performance,CAUSES,EVT:DECISION_INAPPROPRIATE,1
COND:human_performance,CONTRIBUTES_TO,EVT:PROCEDURE_NOT_FOLLOWED,2
COND:human_performance,CAUSES,EVT:PROCEDURE_NOT_FOLLOWED,1
COND:human_performance,INHIBITS,EVT:LOSS_OF_CONTROL_INFLIGHT,1
COND:weight,CONTRIBUTES_TO,EVT:STALL,17
COND:weight,CAUSES,EVT:STALL,7
COND:weight,UNDER_CONDITION,EVT:PROCEDURE_NOT_FOLLOWED,2
COND:weight,CONTRIBUTES_TO,EVT:PROCEDURE_NOT_FOLLOWED,2
COND:weight,CONTRIBUTES_TO,EVT:LOSS_OF_CONTROL_INFLIGHT,5
COND:weight,CAUSES,EVT:LOSS_OF_CONTROL_INFLIGHT,8
COND:weight,CONTRIBUTES_TO,EVT:PERCEPTION_FAILURE,1
COND:weight,CONTRIBUTES_TO,EVT:CONTROL_INPUT_IMPROPER,16
COND:weight,CAUSES,EVT:CONTROL_INPUT_IMPROPER,1
COND:weight,ENABLES,EVT:CONTROL_INPUT_IMPROPER,1
COND:weight,CONTRIBUTES_TO,EVT:LOSS_OF_CONTROL_GROUND,1
COND:weight,CONCURRENT,COND:altitude,1
COND:weight,CONTRIBUTES_TO,COND:performance,1
COND:weight,CAUSES,COND:performance,1
COND:weight,ENABLES,EVT:DECISION_INAPPROPRIATE,3
COND:weight,CONTRIBUTES_TO,COND:aerodynamic,2
COND:weight,ENABLES,COND:aerodynamic,1
COND:weight,CAUSES,COND:aerodynamic,3
COND:weight,CONTRIBUTES_TO,COND:operational,1
EVT:TERRAIN_OR_OBSTACLE_PROXIMITY,TRIGGERS,EVT:CONTROL_INPUT_IMPROPER,5
EVT:TERRAIN_OR_OBSTACLE_PROXIMITY,RESPONDS_TO,EVT:CONTROL_INPUT_IMPROPER,3
EVT:TERRAIN_OR_OBSTACLE_PROXIMITY,CONTEXT,EVT:CONTROL_INPUT_IMPROPER,1
EVT:TERRAIN_OR_OBSTACLE_PROXIMITY,PRECEDES,EVT:CONTROL_INPUT_IMPROPER,1
EVT:TERRAIN_OR_OBSTACLE_PROXIMITY,UNDER_CONDITION,COND:environmental,15
EVT:TERRAIN_OR_OBSTACLE_PROXIMITY,CAUSES,COND:environmental,1
EVT:TERRAIN_OR_OBSTACLE_PROXIMITY,TRIGGERS,EVT:DECISION_INAPPROPRIATE,2
EVT:TERRAIN_OR_OBSTACLE_PROXIMITY,CAUSES,EVT:DECISION_INAPPROPRIATE,1
EVT:TERRAIN_OR_OBSTACLE_PROXIMITY,CAUSES,EVT:GROUND_IMPACT,57
EVT:TERRAIN_OR_OBSTACLE_PROXIMITY,CONTRIBUTES_TO,EVT:GROUND_IMPACT,2
EVT:TERRAIN_OR_OBSTACLE_PROXIMITY,CAUSES,EVT:WATER_IMPACT,3
EVT:TERRAIN_OR_OBSTACLE_PROXIMITY,UNDER_CONDITION,COND:terrain,9
EVT:TERRAIN_OR_OBSTACLE_PROXIMITY,PRECEDES,EVT:PROCEDURE_NOT_FOLLOWED,1
EVT:TERRAIN_OR_OBSTACLE_PROXIMITY,CAUSES,EVT:TURBULENCE_ENCOUNTER,1
EVT:TERRAIN_OR_OBSTACLE_PROXIMITY,CAUSES,EVT:AIRFRAME_STRUCTURAL_FAILURE,3
EVT:TERRAIN_OR_OBSTACLE_PROXIMITY,CAUSES,EVT:STALL,1
EVT:TERRAIN_OR_OBSTACLE_PROXIMITY,TRIGGERS,EVT:STALL,1
EVT:TERRAIN_OR_OBSTACLE_PROXIMITY,CONTRIBUTES_TO,EVT:STALL,2
EVT:TERRAIN_OR_OBSTACLE_PROXIMITY,PRECEDES,EVT:STALL,1
EVT:TERRAIN_OR_OBSTACLE_PROXIMITY,TRIGGERS,EVT:PERCEPTION_FAILURE,1
EVT:TERRAIN_OR_OBSTACLE_PROXIMITY,CAUSES,EVT:LOSS_OF_CONTROL_INFLIGHT,6
EVT:TERRAIN_OR_OBSTACLE_PROXIMITY,CONTRIBUTES_TO,EVT:LOSS_OF_CONTROL_INFLIGHT,1
EVT:TERRAIN_OR_OBSTACLE_PROXIMITY,UNDER_CONDITION,COND:aerodynamic,1
EVT:TERRAIN_OR_OBSTACLE_PROXIMITY,CAUSES,COND:aerodynamic,1
EVT:TERRAIN_OR_OBSTACLE_PROXIMITY,UNDER_CONDITION,COND:surface,1
EVT:TERRAIN_OR_OBSTACLE_PROXIMITY,CAUSES,EVT:TERRAIN_OR_OBSTACLE_PROXIMITY,3
EVT:TERRAIN_OR_OBSTACLE_PROXIMITY,ENABLES,EVT:TERRAIN_OR_OBSTACLE_PROXIMITY,1
EVT:TERRAIN_OR_OBSTACLE_PROXIMITY,UNDER_CONDITION,COND:operational,1
EVT:TERRAIN_OR_OBSTACLE_PROXIMITY,CAUSES,EVT:CONTROL_SURFACE_ANOMALY,3
EVT:TERRAIN_OR_OBSTACLE_PROXIMITY,UNDER_CONDITION,COND:equipment,1
EVT:TERRAIN_OR_OBSTACLE_PROXIMITY,CAUSES,COND:mechanical,1
EVT:TERRAIN_OR_OBSTACLE_PROXIMITY,UNDER_CONDITION,COND:weather,5
EVT:TERRAIN_OR_OBSTACLE_PROXIMITY,CO_OCCURS,COND:weather,1
EVT:TERRAIN_OR_OBSTACLE_PROXIMITY,AFFECTED_BY,ENT:component,1
EVT:TERRAIN_OR_OBSTACLE_PROXIMITY,UNDER_CONDITION,COND:unknown,1
EVT:TERRAIN_OR_OBSTACLE_PROXIMITY,CAUSES,EVT:LOSS_OF_CONTROL_GROUND,2
EVT:TERRAIN_OR_OBSTACLE_PROXIMITY,PRECEDES,EVT:WIND_SHEAR_OR_GUST,1
EVT:TERRAIN_OR_OBSTACLE_PROXIMITY,CONCURRENT,EVT:WIND_SHEAR_OR_GUST,1
EVT:TERRAIN_OR_OBSTACLE_PROXIMITY,CAUSES,EVT:ALTITUDE_DEVIATION_UNCONTROLLED,1
EVT:TERRAIN_OR_OBSTACLE_PROXIMITY,UNDER_CONDITION,COND:spatial,1
EVT:TERRAIN_OR_OBSTACLE_PROXIMITY,CONCURRENT,EVT:ATC_OR_DISPATCH_INADEQUATE,1
EVT:TERRAIN_OR_OBSTACLE_PROXIMITY,INDUCED_CONDITION,COND:situational_awareness,1
EVT:TERRAIN_OR_OBSTACLE_PROXIMITY,ENABLES,COND:human_factor,1
EVT:WATER_IMPACT,CAUSES,EVT:INJURY_OR_FATALITY,73
EVT:WATER_IMPACT,CONCURRENT,EVT:INJURY_OR_FATALITY,1
EVT:WATER_IMPACT,CAUSES,EVT:AIRFRAME_STRUCTURAL_FAILURE,3
EVT:WATER_IMPACT,CAUSES,EVT:GROUND_IMPACT,6
EVT:WATER_IMPACT,CAUSES,EVT:CONTROL_SURFACE_ANOMALY,1
EVT:WATER_IMPACT,CAUSES,EVT:LOSS_OF_CONTROL_INFLIGHT,1
EVT:WATER_IMPACT,CAUSES,EVT:INFLIGHT_BREAKUP,4
EVT:WATER_IMPACT,CAUSES,COND:mechanical,1
EVT:WATER_IMPACT,CAUSES,EVT:WATER_IMPACT,1
EVT:WATER_IMPACT,CAUSES,EVT:STRUCTURAL_OVERLOAD,1
EVT:WATER_IMPACT,CAUSES,EVT:LOSS_OF_CONTROL_GROUND,1
EVT:WATER_IMPACT,CAUSES,EVT:PILOT_INCAPACITATION_OR_IMPAIRMENT,1
COND:other,TRIGGERS,EVT:CONTROL_INPUT_IMPROPER,1
COND:other,CONTRIBUTES_TO,EVT:CONTROL_INPUT_IMPROPER,3
COND:other,CAUSES,EVT:CONTROL_INPUT_IMPROPER,2
COND:other,CONTRIBUTES_TO,EVT:PERCEPTION_FAILURE,1
COND:other,CONTRIBUTES_TO,EVT:PROCEDURE_NOT_FOLLOWED,1
COND:other,CONTRIBUTES_TO,EVT:STALL,1
COND:other,UNDER_CONDITION,EVT:LOSS_OF_CONTROL_INFLIGHT,1
COND:other,CONTRIBUTES_TO,EVT:LOSS_OF_CONTROL_INFLIGHT,1
COND:other,CONTRIBUTES_TO,EVT:DECISION_INAPPROPRIATE,1
COND:other,CAUSES,EVT:GROUND_IMPACT,1
COND:training,CAUSES,EVT:CREW_COORDINATION_FAILURE,1
COND:training,CONTRIBUTES_TO,EVT:CONTROL_INPUT_IMPROPER,12
COND:training,UNDER_CONDITION,EVT:CONTROL_INPUT_IMPROPER,1
COND:training,CAUSES,EVT:CONTROL_INPUT_IMPROPER,1
COND:training,CONTRIBUTES_TO,EVT:PROCEDURE_NOT_FOLLOWED,5
COND:training,CAUSES,EVT:PROCEDURE_NOT_FOLLOWED,1
COND:training,INHIBITS,ENT:person,3
COND:training,UNDER_CONDITION,ENT:person,1
COND:training,CONTRIBUTES_TO,EVT:PERCEPTION_FAILURE,2
COND:training,CONTRIBUTES_TO,EVT:LOSS_OF_CONTROL_INFLIGHT,3
COND:training,CAUSES,EVT:SPATIAL_DISORIENTATION,1
COND:training,CONTRIBUTES_TO,EVT:STALL,1
COND:training,CONTRIBUTES_TO,EVT:DECISION_INAPPROPRIATE,1
EVT:CREW_COORDINATION_FAILURE,CONTRIBUTES_TO,EVT:LOSS_OF_CONTROL_INFLIGHT,16
EVT:CREW_COORDINATION_FAILURE,CAUSES,EVT:LOSS_OF_CONTROL_INFLIGHT,2
EVT:CREW_COORDINATION_FAILURE,CONTRIBUTES_TO,EVT:CONTROL_INPUT_IMPROPER,37
EVT:CREW_COORDINATION_FAILURE,CONCURRENT,EVT:CONTROL_INPUT_IMPROPER,3
EVT:CREW_COORDINATION_FAILURE,RESPONDS_TO,EVT:CONTROL_INPUT_IMPROPER,2
EVT:CREW_COORDINATION_FAILURE,CAUSES,EVT:CONTROL_INPUT_IMPROPER,5
EVT:CREW_COORDINATION_FAILURE,ENABLES,EVT:CONTROL_INPUT_IMPROPER,1
EVT:CREW_COORDINATION_FAILURE,INHIBITS,EVT:CONTROL_INPUT_IMPROPER,1
EVT:CREW_COORDINATION_FAILURE,TRIGGERS,EVT:CONTROL_INPUT_IMPROPER,1
EVT:CREW_COORDINATION_FAILURE,CONTRIBUTES_TO,EVT:PERCEPTION_FAILURE,4
EVT:CREW_COORDINATION_FAILURE,RESPONDS_TO,EVT:PERCEPTION_FAILURE,1
EVT:CREW_COORDINATION_FAILURE,CONTRIBUTES_TO,EVT:LOSS_OF_CONTROL_GROUND,7
EVT:CREW_COORDINATION_FAILURE,CONTRIBUTES_TO,EVT:GROUND_IMPACT,28
EVT:CREW_COORDINATION_FAILURE,CAUSES,EVT:GROUND_IMPACT,6
EVT:CREW_COORDINATION_FAILURE,INHIBITS,EVT:GROUND_IMPACT,1
EVT:CREW_COORDINATION_FAILURE,CONTRIBUTES_TO,EVT:PROCEDURE_NOT_FOLLOWED,5
EVT:CREW_COORDINATION_FAILURE,MITIGATES,EVT:PROCEDURE_NOT_FOLLOWED,1
EVT:CREW_COORDINATION_FAILURE,CAUSES,EVT:PROCEDURE_NOT_FOLLOWED,2
EVT:CREW_COORDINATION_FAILURE,CONCURRENT,EVT:PROCEDURE_NOT_FOLLOWED,1
EVT:CREW_COORDINATION_FAILURE,INHIBITS,EVT:PROCEDURE_NOT_FOLLOWED,1
EVT:CREW_COORDINATION_FAILURE,RESPONDS_TO,EVT:PROCEDURE_NOT_FOLLOWED,1
EVT:CREW_COORDINATION_FAILURE,CONTRIBUTES_TO,EVT:STALL,11
EVT:CREW_COORDINATION_FAILURE,INHIBITS,EVT:STALL,2
EVT:CREW_COORDINATION_FAILURE,UNDER_CONDITION,COND:mechanical,1
EVT:CREW_COORDINATION_FAILURE,CONTRIBUTES_TO,COND:mechanical,1
EVT:CREW_COORDINATION_FAILURE,ENABLES,COND:mechanical,1
EVT:CREW_COORDINATION_FAILURE,CONTRIBUTES_TO,EVT:DECISION_INAPPROPRIATE,4
EVT:CREW_COORDINATION_FAILURE,PERFORMED_BY,ENT:person,1
EVT:CREW_COORDINATION_FAILURE,UNDER_CONDITION,ENT:person,1
EVT:CREW_COORDINATION_FAILURE,CAUSES,COND:aerodynamic,1
EVT:CREW_COORDINATION_FAILURE,CONTRIBUTES_TO,EVT:RUNWAY_EXCURSION_OR_OVERRUN,1
EVT:CREW_COORDINATION_FAILURE,CAUSES,EVT:RUNWAY_EXCURSION_OR_OVERRUN,1
EVT:CREW_COORDINATION_FAILURE,CAUSES,EVT:INJURY_OR_FATALITY,1
EVT:CREW_COORDINATION_FAILURE,CONTRIBUTES_TO,EVT:TERRAIN_OR_OBSTACLE_PROXIMITY,1
EVT:TAKEOFF,CAUSES,EVT:LOSS_OF_CONTROL_INFLIGHT,1
EVT:TAKEOFF,PRECEDES,EVT:LOSS_OF_CONTROL_INFLIGHT,1
EVT:TAKEOFF,UNDER_CONDITION,COND:weather,1
EVT:TAKEOFF,UNDER_CONDITION,COND:weight,1
EVT:TAKEOFF,TRIGGERS,EVT:ENGINE_FAILURE,1
EVT:TAKEOFF,UNDER_CONDITION,COND:environmental,1
EVT:TAKEOFF,PRECEDES,EVT:AIRBORNE,1
EVT:TAKEOFF,PRECEDES,EVT:WIND_SHEAR_OR_GUST,1
EVT:TAKEOFF,CAUSES,COND:aerodynamic,1
EVT:WAKE_TURBULENCE_ENCOUNTER,INDUCED_CONDITION,COND:weather,2
EVT:WAKE_TURBULENCE_ENCOUNTER,CAUSES,EVT:RUNWAY_EXCURSION_OR_OVERRUN,1
COND:terrain,ENABLES,EVT:DECISION_INAPPROPRIATE,2
COND:terrain,UNDER_CONDITION,EVT:TURBULENCE_ENCOUNTER,1
COND:terrain,ENABLES,EVT:TURBULENCE_ENCOUNTER,1
COND:terrain,CONTRIBUTES_TO,EVT:GROUND_IMPACT,17
COND:terrain,ENABLES,EVT:GROUND_IMPACT,7
COND:terrain,CAUSES,EVT:GROUND_IMPACT,4
COND:terrain,UNDER_CONDITION,EVT:GROUND_IMPACT,6
COND:terrain,CO_OCCURS,COND:environmental,1
COND:terrain,CAUSES,EVT:RUNWAY_CONDITION_HAZARD,1
COND:terrain,UNDER_CONDITION,EVT:LOW_VISIBILITY_OR_IMC,1
COND:terrain,ENABLES,COND:mechanical,2
COND:terrain,UNDER_CONDITION,EVT:CONTROL_INPUT_IMPROPER,4
COND:terrain,ENABLES,EVT:CONTROL_INPUT_IMPROPER,4
COND:terrain,CONTRIBUTES_TO,EVT:CONTROL_INPUT_IMPROPER,6
COND:terrain,CAUSES,EVT:CONTROL_INPUT_IMPROPER,1
COND:terrain,CONTRIBUTES_TO,EVT:STALL,1
COND:terrain,CONTRIBUTES_TO,EVT:LOSS_OF_CONTROL_INFLIGHT,3
COND:terrain,UNDER_CONDITION,EVT:TERRAIN_OR_OBSTACLE_PROXIMITY,3
COND:terrain,ENABLES,EVT:TERRAIN_OR_OBSTACLE_PROXIMITY,1
COND:terrain,ENABLES,EVT:WIND_SHEAR_OR_GUST,3
COND:terrain,UNDER_CONDITION,EVT:WIND_SHEAR_OR_GUST,1
COND:terrain,CAUSES,COND:aerodynamic,1
COND:terrain,ENABLES,COND:aerodynamic,1
COND:terrain,CAUSES,EVT:STRUCTURAL_OVERLOAD,1
COND:terrain,ENABLES,EVT:LANDING_GEAR_ANOMALY,1
COND:terrain,ENABLES,COND:flight_envelope,1
COND:terrain,CAUSES,COND:weather,2
COND:terrain,CAUSES,EVT:RUNWAY_EXCURSION_OR_OVERRUN,1
COND:terrain,CONTRIBUTES_TO,EVT:LOSS_OF_CONTROL_GROUND,1
COND:skill/knowledge,CONTRIBUTES_TO,EVT:CONTROL_INPUT_IMPROPER,2
COND:pilot_qualification,CONTRIBUTES_TO,EVT:CONTROL_INPUT_IMPROPER,1
COND:pilot_qualification,CONTRIBUTES_TO,EVT:DECISION_INAPPROPRIATE,7
COND:pilot_qualification,CAUSES,EVT:SPATIAL_DISORIENTATION,1
COND:pilot_qualification,CONTRIBUTES_TO,EVT:PROCEDURE_NOT_FOLLOWED,2
COND:pilot_qualification,ENABLES,EVT:PROCEDURE_NOT_FOLLOWED,2
EVT:AUTOMATION_ANOMALY,CAUSES,EVT:LOSS_OF_CONTROL_INFLIGHT,4
EVT:AUTOMATION_ANOMALY,TRIGGERS,EVT:CONTROL_INPUT_IMPROPER,2
EVT:AUTOMATION_ANOMALY,CAUSES,COND:mechanical,3
EVT:AUTOMATION_ANOMALY,INDUCED_CONDITION,COND:mechanical,2
EVT:AUTOMATION_ANOMALY,UNDER_CONDITION,COND:mechanical,1
EVT:AUTOMATION_ANOMALY,CONTRIBUTES_TO,EVT:STALL,1
EVT:AUTOMATION_ANOMALY,CAUSES,EVT:STALL,1
EVT:AUTOMATION_ANOMALY,CAUSES,EVT:ALTITUDE_DEVIATION_UNCONTROLLED,1
EVT:AUTOMATION_ANOMALY,CONTRIBUTES_TO,EVT:GROUND_IMPACT,1
COND:aircraft_configuration,CONTRIBUTES_TO,EVT:AIRFRAME_STRUCTURAL_FAILURE,1
COND:aircraft_configuration,CONTRIBUTES_TO,EVT:STALL,2
COND:aircraft_configuration,CAUSES,EVT:STALL,3
COND:aircraft_configuration,UNDER_CONDITION,EVT:CONTROL_INPUT_IMPROPER,1
COND:aircraft_configuration,CONTRIBUTES_TO,EVT:CONTROL_INPUT_IMPROPER,1
COND:aircraft_configuration,ENABLES,COND:mental_state,1
COND:aircraft_configuration,CAUSES,EVT:LOSS_OF_CONTROL_INFLIGHT,1
COND:aircraft_configuration,ENABLES,EVT:LOSS_OF_CONTROL_GROUND,1
COND:human,CONTRIBUTES_TO,EVT:PERCEPTION_FAILURE,2
COND:human,CAUSES,EVT:PERCEPTION_FAILURE,1
COND:human,CONTRIBUTES_TO,EVT:CONTROL_INPUT_IMPROPER,31
COND:human,UNDER_CONDITION,EVT:CONTROL_INPUT_IMPROPER,3
COND:human,CAUSES,EVT:CONTROL_INPUT_IMPROPER,3
COND:human,CONTRIBUTES_TO,EVT:LOSS_OF_CONTROL_INFLIGHT,6
COND:human,CAUSES,EVT:LOSS_OF_CONTROL_INFLIGHT,1
COND:human,CONTRIBUTES_TO,EVT:DECISION_INAPPROPRIATE,9
COND:human,CAUSES,EVT:DECISION_INAPPROPRIATE,3
COND:human,UNDER_CONDITION,EVT:PROCEDURE_NOT_FOLLOWED,1
COND:human,CONTRIBUTES_TO,EVT:PROCEDURE_NOT_FOLLOWED,6
COND:human,CAUSES,EVT:PROCEDURE_NOT_FOLLOWED,1
COND:human,UNDER_CONDITION,EVT:SPATIAL_DISORIENTATION,1
COND:human,CONTRIBUTES_TO,EVT:SPATIAL_DISORIENTATION,1
COND:human,UNDER_CONDITION,EVT:LOSS_OF_CONTROL_GROUND,1
COND:human,CONTRIBUTES_TO,COND:mechanical,1
COND:human,CAUSES,COND:mechanical,1
COND:human,CAUSES,EVT:CREW_COORDINATION_FAILURE,1
COND:human,CONTRIBUTES_TO,EVT:STALL,2
COND:human,CONTRIBUTES_TO,EVT:INJURY_OR_FATALITY,2
COND:human,CAUSES,EVT:PILOT_INCAPACITATION_OR_IMPAIRMENT,1
COND:human,ENABLES,EVT:PILOT_INCAPACITATION_OR_IMPAIRMENT,1
EVT:DESIGN_DEFECT_LATENT,CAUSES,COND:mechanical,6
EVT:DESIGN_DEFECT_LATENT,INDUCED_CONDITION,COND:mechanical,2
EVT:DESIGN_DEFECT_LATENT,ENABLES,COND:mechanical,1
EVT:DESIGN_DEFECT_LATENT,UNDER_CONDITION,COND:mechanical,1
EVT:DESIGN_DEFECT_LATENT,CAUSES,COND:latent_defect,1
COND:knowledge,CAUSES,EVT:PROCEDURE_NOT_FOLLOWED,1
COND:knowledge,CONTRIBUTES_TO,EVT:PROCEDURE_NOT_FOLLOWED,1
COND:knowledge,CONTRIBUTES_TO,EVT:LOSS_OF_CONTROL_INFLIGHT,2
COND:knowledge,CONTRIBUTES_TO,EVT:DECISION_INAPPROPRIATE,7
COND:knowledge,CAUSES,EVT:DECISION_INAPPROPRIATE,2
COND:knowledge,CAUSES,EVT:CONTROL_INPUT_IMPROPER,6
COND:knowledge,CONTRIBUTES_TO,EVT:CONTROL_INPUT_IMPROPER,5
COND:knowledge,CONTRIBUTES_TO,EVT:PERCEPTION_FAILURE,2
EVT:CONTROL_SURFACE_ANOMALY,CAUSES,EVT:AIRFRAME_STRUCTURAL_FAILURE,5
EVT:CONTROL_SURFACE_ANOMALY,CAUSES,EVT:CONTROL_SURFACE_ANOMALY,4
EVT:CONTROL_SURFACE_ANOMALY,CAUSES,EVT:LOSS_OF_CONTROL_INFLIGHT,68
EVT:CONTROL_SURFACE_ANOMALY,CONTRIBUTES_TO,EVT:LOSS_OF_CONTROL_INFLIGHT,2
EVT:CONTROL_SURFACE_ANOMALY,UNDER_CONDITION,COND:mechanical,16
EVT:CONTROL_SURFACE_ANOMALY,INDUCED_CONDITION,COND:mechanical,29
EVT:CONTROL_SURFACE_ANOMALY,CAUSES,COND:mechanical,4
EVT:CONTROL_SURFACE_ANOMALY,INDUCED_CONDITION,COND:environmental,3
EVT:CONTROL_SURFACE_ANOMALY,CAUSES,COND:environmental,3
EVT:CONTROL_SURFACE_ANOMALY,INDUCED_CONDITION,COND:aerodynamic,2
EVT:CONTROL_SURFACE_ANOMALY,CAUSES,COND:aerodynamic,1
EVT:CONTROL_SURFACE_ANOMALY,RESPONDS_TO,EVT:CONTROL_INPUT_IMPROPER,8
EVT:CONTROL_SURFACE_ANOMALY,CAUSES,EVT:CONTROL_INPUT_IMPROPER,3
EVT:CONTROL_SURFACE_ANOMALY,TRIGGERS,EVT:CONTROL_INPUT_IMPROPER,3
EVT:CONTROL_SURFACE_ANOMALY,INHIBITS,EVT:CONTROL_INPUT_IMPROPER,1
EVT:CONTROL_SURFACE_ANOMALY,CONTRIBUTES_TO,EVT:GROUND_IMPACT,2
EVT:CONTROL_SURFACE_ANOMALY,CAUSES,EVT:GROUND_IMPACT,11
EVT:CONTROL_SURFACE_ANOMALY,CAUSES,EVT:DECISION_INAPPROPRIATE,2
EVT:CONTROL_SURFACE_ANOMALY,RESPONDS_TO,EVT:DECISION_INAPPROPRIATE,2
EVT:CONTROL_SURFACE_ANOMALY,TRIGGERS,EVT:DECISION_INAPPROPRIATE,1
EVT:CONTROL_SURFACE_ANOMALY,CAUSES,COND:latent_defect,1
EVT:CONTROL_SURFACE_ANOMALY,INHIBITS,EVT:STALL,1
EVT:CONTROL_SURFACE_ANOMALY,CONTRIBUTES_TO,EVT:STALL,2
EVT:CONTROL_SURFACE_ANOMALY,CAUSES,EVT:STALL,2
EVT:CONTROL_SURFACE_ANOMALY,TRIGGERS,EVT:PERCEPTION_FAILURE,2
EVT:CONTROL_SURFACE_ANOMALY,CAUSES,EVT:PERCEPTION_FAILURE,1
EVT:CONTROL_SURFACE_ANOMALY,INDUCED_CONDITION,COND:cognitive,1
EVT:CONTROL_SURFACE_ANOMALY,RESPONDS_TO,EVT:EMERGENCY_LANDING,1
EVT:CONTROL_SURFACE_ANOMALY,CAUSES,EVT:EMERGENCY_LANDING,2
EVT:CONTROL_SURFACE_ANOMALY,RESPONDS_TO,EVT:PROCEDURE_NOT_FOLLOWED,2
EVT:CONTROL_SURFACE_ANOMALY,TRIGGERS,EVT:PROCEDURE_NOT_FOLLOWED,1
EVT:CONTROL_SURFACE_ANOMALY,CAUSES,EVT:PROCEDURE_NOT_FOLLOWED,1
EVT:CONTROL_SURFACE_ANOMALY,PRECEDES,EVT:PROCEDURE_NOT_FOLLOWED,1
EVT:CONTROL_SURFACE_ANOMALY,CAUSES,EVT:ALTITUDE_DEVIATION_UNCONTROLLED,2
EVT:CONTROL_SURFACE_ANOMALY,CAUSES,EVT:LOSS_OF_CONTROL_GROUND,2
EVT:CONTROL_SURFACE_ANOMALY,INDUCED_CONDITION,COND:operational,1
EVT:CONTROL_SURFACE_ANOMALY,CAUSES,EVT:SPATIAL_DISORIENTATION,1
EVT:CONTROL_SURFACE_ANOMALY,CAUSES,EVT:ENGINE_FAILURE,2
EVT:INFLIGHT_BREAKUP,CAUSES,EVT:GROUND_IMPACT,18
EVT:INFLIGHT_BREAKUP,CAUSES,EVT:LOSS_OF_CONTROL_INFLIGHT,1
EVT:INFLIGHT_BREAKUP,CAUSES,EVT:INJURY_OR_FATALITY,3
EVT:INFLIGHT_BREAKUP,CONTRIBUTES_TO,EVT:INJURY_OR_FATALITY,1
EVT:INFLIGHT_BREAKUP,CAUSES,EVT:INFLIGHT_FIRE_OR_SMOKE,1
EVT:INFLIGHT_BREAKUP,CAUSES,EVT:AIRFRAME_STRUCTURAL_FAILURE,1
EVT:INFLIGHT_BREAKUP,TRIGGERS,EVT:SUCCESSFUL_RECOVERY,1
COND:information,CONTRIBUTES_TO,EVT:PROCEDURE_NOT_FOLLOWED,3
COND:information,UNDER_CONDITION,EVT:PERCEPTION_FAILURE,1
COND:information,MASKED_BY_CONDITION,EVT:PERCEPTION_FAILURE,2
COND:information,CONTRIBUTES_TO,EVT:CONTROL_INPUT_IMPROPER,4
COND:information,RESPONDS_TO,EVT:CONTROL_INPUT_IMPROPER,1
COND:information,CAUSES,EVT:DECISION_INAPPROPRIATE,1
COND:information,ENABLES,COND:environmental,1
EVT:EMERGENCY_LANDING,CAUSES,EVT:GROUND_IMPACT,14
EVT:EMERGENCY_LANDING,MITIGATES,EVT:GROUND_IMPACT,1
EVT:EMERGENCY_LANDING,CONCURRENT,EVT:GROUND_IMPACT,1
EVT:EMERGENCY_LANDING,TRIGGERS,EVT:PERCEPTION_FAILURE,1
EVT:EMERGENCY_LANDING,RESPONDS_TO,EVT:INFLIGHT_FIRE_OR_SMOKE,1
EVT:EMERGENCY_LANDING,UNDER_CONDITION,COND:weather,1
EVT:EMERGENCY_LANDING,PRECEDES,EVT:PROCEDURE_NOT_FOLLOWED,1
EVT:EMERGENCY_LANDING,CAUSES,COND:terrain,1
EVT:TRAINING_OR_CURRENCY_GAP,CAUSES,EVT:CONTROL_INPUT_IMPROPER,2
EVT:TRAINING_OR_CURRENCY_GAP,CONTRIBUTES_TO,EVT:CONTROL_INPUT_IMPROPER,7
EVT:TRAINING_OR_CURRENCY_GAP,CONTRIBUTES_TO,EVT:LOSS_OF_CONTROL_INFLIGHT,4
EVT:TRAINING_OR_CURRENCY_GAP,CAUSES,COND:human_factors,1
EVT:TRAINING_OR_CURRENCY_GAP,INDUCED_CONDITION,COND:human_factors,1
EVT:TRAINING_OR_CURRENCY_GAP,CONTRIBUTES_TO,EVT:PERCEPTION_FAILURE,1
EVT:TRAINING_OR_CURRENCY_GAP,CAUSES,COND:latent_defect,1
EVT:TRAINING_OR_CURRENCY_GAP,INDUCED_CONDITION,COND:latent_defect,1
EVT:TRAINING_OR_CURRENCY_GAP,CAUSES,COND:organizational,1
EVT:TRAINING_OR_CURRENCY_GAP,CONTRIBUTES_TO,EVT:PROCEDURE_NOT_FOLLOWED,1
EVT:TRAINING_OR_CURRENCY_GAP,CONTRIBUTES_TO,EVT:DECISION_INAPPROPRIATE,1
EVT:TRAINING_OR_CURRENCY_GAP,INDUCED_CONDITION,COND:mechanical,1
EVT:TRAINING_OR_CURRENCY_GAP,INDUCED_CONDITION,COND:operational,1
EVT:TRAINING_OR_CURRENCY_GAP,UNDER_CONDITION,COND:operational,1
EVT:TRAINING_OR_CURRENCY_GAP,CAUSES,COND:human_factor,1
EVT:TRAINING_OR_CURRENCY_GAP,UNDER_CONDITION,COND:regulatory,1
EVT:ATC_OR_DISPATCH_INADEQUATE,CONTRIBUTES_TO,EVT:GROUND_IMPACT,2
EVT:ATC_OR_DISPATCH_INADEQUATE,CAUSES,EVT:GROUND_IMPACT,1
EVT:ATC_OR_DISPATCH_INADEQUATE,UNDER_CONDITION,COND:organizational,1
EVT:ATC_OR_DISPATCH_INADEQUATE,INDUCED_CONDITION,COND:procedural,1
EVT:ATC_OR_DISPATCH_INADEQUATE,RESPONDS_TO,EVT:CONTROL_INPUT_IMPROPER,1
EVT:ATC_OR_DISPATCH_INADEQUATE,TRIGGERS,EVT:CONTROL_INPUT_IMPROPER,3
EVT:ATC_OR_DISPATCH_INADEQUATE,CAUSES,EVT:CONTROL_INPUT_IMPROPER,1
EVT:ATC_OR_DISPATCH_INADEQUATE,CONTRIBUTES_TO,EVT:CONTROL_INPUT_IMPROPER,1
EVT:ATC_OR_DISPATCH_INADEQUATE,TRIGGERS,EVT:SPATIAL_DISORIENTATION,1
EVT:ATC_OR_DISPATCH_INADEQUATE,RESPONDS_TO,EVT:PERCEPTION_FAILURE,1
EVT:ATC_OR_DISPATCH_INADEQUATE,CAUSES,EVT:PERCEPTION_FAILURE,1
EVT:ATC_OR_DISPATCH_INADEQUATE,CONTRIBUTES_TO,EVT:PROCEDURE_NOT_FOLLOWED,1
EVT:ATC_OR_DISPATCH_INADEQUATE,RESPONDS_TO,EVT:PROCEDURE_NOT_FOLLOWED,1
EVT:ATC_OR_DISPATCH_INADEQUATE,CAUSES,EVT:PROCEDURE_NOT_FOLLOWED,1
EVT:ATC_OR_DISPATCH_INADEQUATE,UNDER_CONDITION,COND:weather,1
EVT:ATC_OR_DISPATCH_INADEQUATE,CAUSES,EVT:TRAFFIC_CONFLICT,1
EVT:ATC_OR_DISPATCH_INADEQUATE,TRIGGERS,EVT:DECISION_INAPPROPRIATE,1
EVT:ATC_OR_DISPATCH_INADEQUATE,CAUSES,EVT:ATC_OR_DISPATCH_INADEQUATE,1
EVT:ICING_ENCOUNTER,UNDER_CONDITION,COND:weather,19
EVT:ICING_ENCOUNTER,INDUCED_CONDITION,COND:weather,1
EVT:ICING_ENCOUNTER,CAUSES,COND:weather,1
EVT:ICING_ENCOUNTER,CO_OCCURS,COND:weather,1
EVT:ICING_ENCOUNTER,INDUCED_CONDITION,COND:mechanical,8
EVT:ICING_ENCOUNTER,CAUSES,COND:mechanical,2
EVT:ICING_ENCOUNTER,UNDER_CONDITION,COND:mechanical,2
EVT:ICING_ENCOUNTER,CAUSES,EVT:STALL,3
EVT:ICING_ENCOUNTER,CONTRIBUTES_TO,EVT:STALL,2
EVT:ICING_ENCOUNTER,CAUSES,EVT:DECISION_INAPPROPRIATE,1
EVT:ICING_ENCOUNTER,RESPONDS_TO,EVT:DECISION_INAPPROPRIATE,1
EVT:ICING_ENCOUNTER,CAUSES,COND:aerodynamic,1
EVT:ICING_ENCOUNTER,CAUSES,EVT:ICING_ENCOUNTER,3
EVT:ICING_ENCOUNTER,CONTRIBUTES_TO,EVT:PERCEPTION_FAILURE,1
EVT:ICING_ENCOUNTER,CONTRIBUTES_TO,EVT:INFLIGHT_BREAKUP,1
EVT:ICING_ENCOUNTER,CAUSES,EVT:AIRFRAME_STRUCTURAL_FAILURE,1
EVT:ICING_ENCOUNTER,CAUSES,EVT:LOSS_OF_CONTROL_INFLIGHT,1
EVT:ICING_ENCOUNTER,CAUSES,EVT:ENGINE_FAILURE,2
EVT:ICING_ENCOUNTER,CAUSES,EVT:CONTROL_SURFACE_ANOMALY,1
EVT:ICING_ENCOUNTER,CAUSES,EVT:SPATIAL_DISORIENTATION,1
EVT:ICING_ENCOUNTER,CONTRIBUTES_TO,EVT:CONTROL_INPUT_IMPROPER,1
EVT:ICING_ENCOUNTER,UNDER_CONDITION,COND:environmental,1
EVT:ICING_ENCOUNTER,CONTRIBUTES_TO,EVT:ALTITUDE_DEVIATION_UNCONTROLLED,1
EVT:TURBULENCE_ENCOUNTER,TRIGGERS,EVT:CONTROL_INPUT_IMPROPER,10
EVT:TURBULENCE_ENCOUNTER,RESPONDS_TO,EVT:CONTROL_INPUT_IMPROPER,5
EVT:TURBULENCE_ENCOUNTER,CAUSES,EVT:CONTROL_INPUT_IMPROPER,8
EVT:TURBULENCE_ENCOUNTER,CONTRIBUTES_TO,EVT:CONTROL_INPUT_IMPROPER,9
EVT:TURBULENCE_ENCOUNTER,UNDER_CONDITION,COND:weather,42
EVT:TURBULENCE_ENCOUNTER,INDUCED_CONDITION,COND:weather,6
EVT:TURBULENCE_ENCOUNTER,CAUSES,COND:weather,1
EVT:TURBULENCE_ENCOUNTER,TRIGGERS,EVT:DECISION_INAPPROPRIATE,6
EVT:TURBULENCE_ENCOUNTER,CAUSES,EVT:DECISION_INAPPROPRIATE,2
EVT:TURBULENCE_ENCOUNTER,CAUSES,EVT:LOSS_OF_CONTROL_INFLIGHT,35
EVT:TURBULENCE_ENCOUNTER,CONTRIBUTES_TO,EVT:LOSS_OF_CONTROL_INFLIGHT,3
EVT:TURBULENCE_ENCOUNTER,TRIGGERS,EVT:LOSS_OF_CONTROL_INFLIGHT,1
EVT:TURBULENCE_ENCOUNTER,CONTRIBUTES_TO,EVT:STALL,2
EVT:TURBULENCE_ENCOUNTER,CAUSES,EVT:STALL,6
EVT:TURBULENCE_ENCOUNTER,CONTRIBUTES_TO,EVT:PERCEPTION_FAILURE,5
EVT:TURBULENCE_ENCOUNTER,CAUSES,EVT:PERCEPTION_FAILURE,2
EVT:TURBULENCE_ENCOUNTER,CAUSES,EVT:INJURY_OR_FATALITY,6
EVT:TURBULENCE_ENCOUNTER,CAUSES,COND:mechanical,2
EVT:TURBULENCE_ENCOUNTER,CAUSES,EVT:ALTITUDE_DEVIATION_UNCONTROLLED,5
EVT:TURBULENCE_ENCOUNTER,CAUSES,EVT:PROCEDURE_NOT_FOLLOWED,2
EVT:TURBULENCE_ENCOUNTER,TRIGGERS,EVT:PROCEDURE_NOT_FOLLOWED,2
EVT:TURBULENCE_ENCOUNTER,UNDER_CONDITION,COND:wake_vortex,1
EVT:TURBULENCE_ENCOUNTER,UNDER_CONDITION,COND:environmental,8
EVT:TURBULENCE_ENCOUNTER,INDUCED_CONDITION,COND:environmental,3
EVT:TURBULENCE_ENCOUNTER,CAUSES,COND:aerodynamic,2
EVT:TURBULENCE_ENCOUNTER,CONTRIBUTES_TO,COND:aerodynamic,1
EVT:TURBULENCE_ENCOUNTER,UNDER_CONDITION,COND:aerodynamic,3
EVT:TURBULENCE_ENCOUNTER,INDUCED_CONDITION,COND:aerodynamic,3
EVT:TURBULENCE_ENCOUNTER,UNDER_CONDITION,COND:operational,1
EVT:TURBULENCE_ENCOUNTER,INDUCED_CONDITION,COND:operational,1
EVT:TURBULENCE_ENCOUNTER,CAUSES,EVT:ICING_ENCOUNTER,1
EVT:TURBULENCE_ENCOUNTER,TRIGGERS,EVT:FUEL_SYSTEM_ANOMALY,1
EVT:TURBULENCE_ENCOUNTER,CAUSES,EVT:EMERGENCY_LANDING,1
EVT:TURBULENCE_ENCOUNTER,CAUSES,EVT:LOSS_OF_CONTROL_GROUND,2
EVT:TURBULENCE_ENCOUNTER,CAUSES,EVT:GROUND_IMPACT,1
EVT:TURBULENCE_ENCOUNTER,CAUSES,EVT:WIND_SHEAR_OR_GUST,1
EVT:TURBULENCE_ENCOUNTER,MASKED_BY_CONDITION,COND:infrastructure,1
COND:attention,CAUSES,EVT:STALL,1
COND:attention,CONTRIBUTES_TO,EVT:CONTROL_INPUT_IMPROPER,2
COND:attention,CAUSES,EVT:CONTROL_INPUT_IMPROPER,1
COND:procedural,ENABLES,EVT:TURBULENCE_ENCOUNTER,1
COND:procedural,ENABLES,EVT:CONTROL_SURFACE_ANOMALY,1
COND:procedural,CONTRIBUTES_TO,EVT:DECISION_INAPPROPRIATE,1
COND:procedural,UNDER_CONDITION,EVT:PROCEDURE_NOT_FOLLOWED,1
COND:procedural,CAUSES,EVT:PROCEDURE_NOT_FOLLOWED,1
COND:procedural,CONTRIBUTES_TO,EVT:PROCEDURE_NOT_FOLLOWED,1
COND:procedural,ENABLES,EVT:PROCEDURE_NOT_FOLLOWED,1
COND:procedural,CAUSES,COND:mechanical,1
COND:procedural,CAUSES,EVT:PERCEPTION_FAILURE,1
COND:procedural,CONTRIBUTES_TO,EVT:LOSS_OF_CONTROL_INFLIGHT,1
COND:procedural,CONTRIBUTES_TO,EVT:INJURY_OR_FATALITY,1
COND:procedural,ENABLES,COND:weight,1
EVT:RUNWAY_CONDITION_HAZARD,CAUSES,EVT:CONTROL_INPUT_IMPROPER,5
EVT:RUNWAY_CONDITION_HAZARD,TRIGGERS,EVT:CONTROL_INPUT_IMPROPER,2
EVT:RUNWAY_CONDITION_HAZARD,CONTRIBUTES_TO,EVT:CONTROL_INPUT_IMPROPER,2
EVT:RUNWAY_CONDITION_HAZARD,PRECEDES,EVT:CONTROL_INPUT_IMPROPER,1
EVT:RUNWAY_CONDITION_HAZARD,CAUSES,EVT:LOSS_OF_CONTROL_GROUND,6
EVT:RUNWAY_CONDITION_HAZARD,CAUSES,EVT:RUNWAY_EXCURSION_OR_OVERRUN,1
EVT:RUNWAY_CONDITION_HAZARD,CONCURRENT,EVT:PROCEDURE_NOT_FOLLOWED,1
EVT:RUNWAY_CONDITION_HAZARD,TRIGGERS,EVT:DECISION_INAPPROPRIATE,2
EVT:RUNWAY_CONDITION_HAZARD,CONTRIBUTES_TO,EVT:DECISION_INAPPROPRIATE,1
EVT:RUNWAY_CONDITION_HAZARD,CAUSES,EVT:ALTITUDE_DEVIATION_UNCONTROLLED,1
EVT:RUNWAY_CONDITION_HAZARD,CONTRIBUTES_TO,EVT:LOSS_OF_CONTROL_INFLIGHT,2
EVT:RUNWAY_CONDITION_HAZARD,CAUSES,EVT:LOSS_OF_CONTROL_INFLIGHT,1
EVT:RUNWAY_CONDITION_HAZARD,UNDER_CONDITION,COND:environmental,6
EVT:RUNWAY_CONDITION_HAZARD,CONTRIBUTES_TO,EVT:STALL,1
EVT:RUNWAY_CONDITION_HAZARD,CAUSES,COND:aerodynamic,2
EVT:RUNWAY_CONDITION_HAZARD,UNDER_CONDITION,COND:terrain,2
EVT:RUNWAY_CONDITION_HAZARD,CAUSES,EVT:LANDING_GEAR_ANOMALY,1
EVT:RUNWAY_CONDITION_HAZARD,UNDER_CONDITION,COND:weather,2
EVT:RUNWAY_CONDITION_HAZARD,CONTRIBUTES_TO,EVT:GROUND_IMPACT,1
EVT:RUNWAY_CONDITION_HAZARD,CAUSES,EVT:WIND_SHEAR_OR_GUST,1
COND:infrastructure,CONTRIBUTES_TO,EVT:DECISION_INAPPROPRIATE,3
COND:infrastructure,CONTRIBUTES_TO,EVT:SPATIAL_DISORIENTATION,1
COND:infrastructure,CONTRIBUTES_TO,EVT:PROCEDURE_NOT_FOLLOWED,1
COND:infrastructure,CONTRIBUTES_TO,EVT:RUNWAY_EXCURSION_OR_OVERRUN,1
COND:infrastructure,UNDER_CONDITION,EVT:RUNWAY_EXCURSION_OR_OVERRUN,1
COND:infrastructure,CONTRIBUTES_TO,COND:perceptual,1
COND:latent_defect_or_design,CONTRIBUTES_TO,EVT:CONTROL_INPUT_IMPROPER,1
COND:training_or_currency_gap,CONTRIBUTES_TO,EVT:CONTROL_INPUT_IMPROPER,5
COND:training_or_currency_gap,CAUSES,EVT:CONTROL_INPUT_IMPROPER,2
COND:training_or_currency_gap,CONTRIBUTES_TO,EVT:PERCEPTION_FAILURE,2
COND:training_or_currency_gap,CAUSES,EVT:PERCEPTION_FAILURE,1
COND:training_or_currency_gap,CAUSES,EVT:DECISION_INAPPROPRIATE,2
COND:training_or_currency_gap,CONTRIBUTES_TO,EVT:DECISION_INAPPROPRIATE,1
COND:training_or_currency_gap,CONTRIBUTES_TO,EVT:STALL,1
COND:training_or_currency_gap,CONTRIBUTES_TO,EVT:PROCEDURE_NOT_FOLLOWED,1
COND:training_or_currency_gap,CAUSES,EVT:LOSS_OF_CONTROL_INFLIGHT,1
ENT:person,SUPERVISED_BY,ENT:person,2
ENT:person,UNDER_CONDITION,COND:human_factors,2
ENT:person,SUPERVISED_BY,COND:human_factors,1
ENT:person,CAUSES,EVT:CONTROL_INPUT_IMPROPER,2
ENT:person,PERFORMED_BY,EVT:CONTROL_INPUT_IMPROPER,1
ENT:person,RESPONDS_TO,EVT:CONTROL_INPUT_IMPROPER,2
ENT:person,CAUSES,EVT:LOSS_OF_CONTROL_INFLIGHT,1
ENT:person,RESPONDS_TO,EVT:LOSS_OF_CONTROL_INFLIGHT,2
ENT:person,?,EVT:LOSS_OF_CONTROL_INFLIGHT,1
ENT:person,RESPONDS_TO,EVT:PROCEDURE_NOT_FOLLOWED,2
ENT:person,SUPERVISED_BY,COND:organizational,1
ENT:person,SUPERVISED_BY,EVT:CREW_COORDINATION_FAILURE,2
ENT:person,CAUSES,EVT:CREW_COORDINATION_FAILURE,1
ENT:person,UNDER_CONDITION,COND:structural,1
ENT:person,UNDER_CONDITION,COND:physiological,1
ENT:person,RESPONDS_TO,EVT:DECISION_INAPPROPRIATE,1
COND:aircraft_performance,CONTRIBUTES_TO,EVT:STALL,1
COND:structural,CONTRIBUTES_TO,EVT:AIRFRAME_STRUCTURAL_FAILURE,1
COND:structural,CAUSES,EVT:AIRFRAME_STRUCTURAL_FAILURE,2
COND:structural,CAUSES,EVT:LANDING_GEAR_ANOMALY,1
COND:structural,MASKED_BY_CONDITION,EVT:PERCEPTION_FAILURE,1
COND:structural,CAUSES,EVT:CONTROL_SURFACE_ANOMALY,1
COND:structural,CAUSES,EVT:INFLIGHT_BREAKUP,2
COND:performance,CAUSES,EVT:LOSS_OF_CONTROL_INFLIGHT,1
COND:performance,UNDER_CONDITION,EVT:LOSS_OF_CONTROL_INFLIGHT,1
COND:performance,UNDER_CONDITION,EVT:CONTROL_INPUT_IMPROPER,1
COND:performance,CONTRIBUTES_TO,EVT:CONTROL_INPUT_IMPROPER,2
COND:performance,CAUSES,EVT:CONTROL_INPUT_IMPROPER,2
COND:performance,TRIGGERS,EVT:DECISION_INAPPROPRIATE,1
COND:performance,CONTRIBUTES_TO,COND:performance,1
COND:performance,CONTRIBUTES_TO,EVT:PERCEPTION_FAILURE,1
COND:performance,CAUSES,EVT:STALL,1
EVT:THUNDERSTORM_OR_CONVECTIVE,CAUSES,EVT:LOSS_OF_CONTROL_INFLIGHT,1
EVT:THUNDERSTORM_OR_CONVECTIVE,UNDER_CONDITION,COND:weather,2
EVT:THUNDERSTORM_OR_CONVECTIVE,INDUCED_CONDITION,COND:weather,1
EVT:THUNDERSTORM_OR_CONVECTIVE,CAUSES,EVT:STRUCTURAL_OVERLOAD,1
EVT:THUNDERSTORM_OR_CONVECTIVE,CONTRIBUTES_TO,EVT:CONTROL_INPUT_IMPROPER,1
EVT:THUNDERSTORM_OR_CONVECTIVE,CAUSES,COND:mechanical,1
COND:design,ENABLES,EVT:PROCEDURE_NOT_FOLLOWED,1
COND:design,INHIBITS,EVT:PROCEDURE_NOT_FOLLOWED,1
COND:design,CONTRIBUTES_TO,EVT:PROCEDURE_NOT_FOLLOWED,1
COND:design,CONTRIBUTES_TO,EVT:CONTROL_INPUT_IMPROPER,1
COND:design,ENABLES,EVT:CONTROL_INPUT_IMPROPER,2
COND:design,INHIBITS,EVT:CONTROL_INPUT_IMPROPER,1
COND:design,CONTRIBUTES_TO,COND:mechanical,1
COND:design,CAUSES,COND:mechanical,1
COND:design,ENABLES,EVT:MAINTENANCE_INADEQUATE,1
COND:design,CONTRIBUTES_TO,EVT:AIRFRAME_STRUCTURAL_FAILURE,1
ENT:organization,SUPERVISED_BY,COND:organizational,2
COND:attentional,CAUSES,EVT:CONTROL_INPUT_IMPROPER,1
COND:instrument,CONTRIBUTES_TO,EVT:DECISION_INAPPROPRIATE,1
COND:instrument,CONTRIBUTES_TO,EVT:CONTROL_INPUT_IMPROPER,3
COND:instrument,CAUSES,EVT:CONTROL_INPUT_IMPROPER,1
COND:instrument,CAUSES,EVT:STALL,1
COND:instrument,CONTRIBUTES_TO,EVT:PROCEDURE_NOT_FOLLOWED,1
COND:experience,CONTRIBUTES_TO,EVT:SPATIAL_DISORIENTATION,1
COND:experience,CONTRIBUTES_TO,EVT:CONTROL_INPUT_IMPROPER,1
COND:spatial,CAUSES,EVT:GROUND_IMPACT,1
COND:spatial,CAUSES,EVT:CONTROL_INPUT_IMPROPER,4
COND:spatial,TRIGGERS,EVT:CONTROL_INPUT_IMPROPER,1
COND:spatial,CAUSES,EVT:PERCEPTION_FAILURE,2
COND:spatial,CAUSES,EVT:LOSS_OF_CONTROL_INFLIGHT,2
COND:spatial,CAUSES,EVT:SPATIAL_DISORIENTATION,2
COND:maintenance,CAUSES,COND:mechanical,7
COND:maintenance,INHIBITS,COND:mechanical,1
COND:maintenance,ENABLES,EVT:DECISION_INAPPROPRIATE,1
COND:behavioral,CONTRIBUTES_TO,EVT:CONTROL_INPUT_IMPROPER,5
COND:behavioral,CAUSES,EVT:CONTROL_INPUT_IMPROPER,2
COND:behavioral,UNDER_CONDITION,ENT:person,1
COND:behavioral,INHIBITS,COND:medical,1
ENT:location,UNDER_CONDITION,COND:terrain,1
EVT:BIRD_OR_WILDLIFE_STRIKE,TRIGGERS,EVT:CONTROL_INPUT_IMPROPER,7
EVT:BIRD_OR_WILDLIFE_STRIKE,RESPONDS_TO,EVT:CONTROL_INPUT_IMPROPER,1
EVT:BIRD_OR_WILDLIFE_STRIKE,TRIGGERS,EVT:DECISION_INAPPROPRIATE,1
EVT:BIRD_OR_WILDLIFE_STRIKE,CAUSES,EVT:CONTROL_SURFACE_ANOMALY,3
EVT:BIRD_OR_WILDLIFE_STRIKE,UNDER_CONDITION,COND:environmental,1
EVT:BIRD_OR_WILDLIFE_STRIKE,INDUCED_CONDITION,COND:environmental,1
EVT:BIRD_OR_WILDLIFE_STRIKE,CAUSES,EVT:BIRD_OR_WILDLIFE_STRIKE,1
EVT:BIRD_OR_WILDLIFE_STRIKE,CONCURRENT,EVT:GROUND_IMPACT,1
EVT:BIRD_OR_WILDLIFE_STRIKE,CAUSES,COND:mechanical,1
COND:regulatory,INHIBITS,ENT:person,2
COND:regulatory,UNDER_CONDITION,ENT:person,1
COND:regulatory,ENABLES,EVT:PILOT_INCAPACITATION_OR_IMPAIRMENT,2
COND:regulatory,CONTRIBUTES_TO,EVT:PILOT_INCAPACITATION_OR_IMPAIRMENT,2
COND:regulatory,UNDER_CONDITION,EVT:ORG_OR_REGULATORY_INADEQUATE,1
COND:regulatory,CAUSES,EVT:ORG_OR_REGULATORY_INADEQUATE,2
COND:regulatory,CAUSES,EVT:PROCEDURE_NOT_FOLLOWED,2
COND:regulatory,ENABLES,EVT:PROCEDURE_NOT_FOLLOWED,5
COND:regulatory,UNDER_CONDITION,EVT:PROCEDURE_NOT_FOLLOWED,1
COND:regulatory,CAUSES,EVT:DECISION_INAPPROPRIATE,1
COND:regulatory,CONTRIBUTES_TO,EVT:DECISION_INAPPROPRIATE,1
COND:regulatory,ENABLES,EVT:DECISION_INAPPROPRIATE,1
COND:regulatory,CONTRIBUTES_TO,EVT:CONTROL_INPUT_IMPROPER,1
COND:regulatory,ENABLES,EVT:TRAINING_OR_CURRENCY_GAP,3
COND:regulatory,UNDER_CONDITION,ENT:aircraft,2
COND:regulatory,ENABLES,EVT:DESIGN_DEFECT_LATENT,1
COND:regulatory,CONTRIBUTES_TO,EVT:STALL,1
COND:regulatory,CONTRIBUTES_TO,COND:structural,1
COND:regulatory,CONTRIBUTES_TO,EVT:LOSS_OF_CONTROL_INFLIGHT,1
COND:equipment,INHIBITS,EVT:STALL,1
COND:equipment,CONTRIBUTES_TO,EVT:SPATIAL_DISORIENTATION,1
COND:equipment,CONTRIBUTES_TO,EVT:INJURY_OR_FATALITY,1
COND:equipment,INHIBITS,EVT:INJURY_OR_FATALITY,1
COND:equipment,CONTRIBUTES_TO,COND:weather,1
COND:equipment,CAUSES,EVT:DECISION_INAPPROPRIATE,1
COND:equipment,CONTRIBUTES_TO,EVT:DECISION_INAPPROPRIATE,1
COND:equipment,CONTRIBUTES_TO,EVT:CONTROL_INPUT_IMPROPER,2
COND:equipment,CONTRIBUTES_TO,EVT:PERCEPTION_FAILURE,1
COND:equipment,CAUSES,EVT:PERCEPTION_FAILURE,1
COND:aircraft_state,CAUSES,EVT:STALL,4
COND:aircraft_state,CONTRIBUTES_TO,EVT:STALL,3
COND:aircraft_state,CONTRIBUTES_TO,EVT:CONTROL_INPUT_IMPROPER,2
COND:aircraft_state,ENABLES,EVT:CONTROL_INPUT_IMPROPER,1
COND:aircraft_state,CAUSES,EVT:LOSS_OF_CONTROL_INFLIGHT,1
COND:aircraft_state,CONTRIBUTES_TO,EVT:LOSS_OF_CONTROL_INFLIGHT,1
COND:aircraft_state,CONTRIBUTES_TO,COND:information,1
COND:aircraft_state,CAUSES,EVT:ENGINE_FAILURE,1
COND:aircraft_state,CAUSES,COND:operational,1
COND:cognitive,CAUSES,EVT:DECISION_INAPPROPRIATE,3
COND:cognitive,CAUSES,EVT:PERCEPTION_FAILURE,3
COND:cognitive,UNDER_CONDITION,EVT:PERCEPTION_FAILURE,1
COND:cognitive,INHIBITS,EVT:PROCEDURE_NOT_FOLLOWED,1
COND:cognitive,CAUSES,EVT:CONTROL_INPUT_IMPROPER,2
COND:cognitive,CONTRIBUTES_TO,EVT:CONTROL_INPUT_IMPROPER,1
COND:medication,CONTRIBUTES_TO,EVT:CONTROL_INPUT_IMPROPER,1
COND:medication,CAUSES,EVT:PILOT_INCAPACITATION_OR_IMPAIRMENT,1
COND:medication,CONTRIBUTES_TO,EVT:PROCEDURE_NOT_FOLLOWED,1
COND:unknown,CAUSES,EVT:CONTROL_INPUT_IMPROPER,2
COND:unknown,CONTRIBUTES_TO,EVT:CONTROL_INPUT_IMPROPER,2
COND:unknown,CAUSES,EVT:UNKNOWN_EVENT,1
COND:unknown,CAUSES,EVT:INFLIGHT_FIRE_OR_SMOKE,1
COND:unknown,CONTRIBUTES_TO,EVT:DECISION_INAPPROPRIATE,1
COND:unknown,CAUSES,EVT:DECISION_INAPPROPRIATE,1
COND:unknown,CAUSES,EVT:LOSS_OF_CONTROL_INFLIGHT,5
COND:unknown,CAUSES,EVT:GROUND_IMPACT,1
COND:altitude,CAUSES,EVT:LOSS_OF_CONTROL_INFLIGHT,1
COND:altitude,CONTRIBUTES_TO,EVT:LOSS_OF_CONTROL_INFLIGHT,1
COND:altitude,ENABLES,EVT:LOSS_OF_CONTROL_INFLIGHT,1
COND:altitude,CONTRIBUTES_TO,EVT:GROUND_IMPACT,3
COND:altitude,INHIBITS,EVT:GROUND_IMPACT,1
COND:altitude,INHIBITS,EVT:PROCEDURE_NOT_FOLLOWED,1
COND:altitude,CAUSES,EVT:DECISION_INAPPROPRIATE,1
COND:physical,CAUSES,EVT:CONTROL_INPUT_IMPROPER,4
COND:physical,CONTRIBUTES_TO,EVT:CONTROL_INPUT_IMPROPER,2
COND:physical,INHIBITS,EVT:CONTROL_INPUT_IMPROPER,3
COND:physical,ENABLES,EVT:PERCEPTION_FAILURE,1
COND:physical,CAUSES,EVT:LOSS_OF_CONTROL_INFLIGHT,1
COND:physical,CONTRIBUTES_TO,EVT:LOSS_OF_CONTROL_INFLIGHT,2
COND:physical,CAUSES,EVT:PILOT_INCAPACITATION_OR_IMPAIRMENT,1
COND:physical,CAUSES,EVT:AIRFRAME_STRUCTURAL_FAILURE,1
EVT:TAXI_OR_TAKEOFF,PRECEDES,EVT:PERCEPTION_FAILURE,1
EVT:TAXI_OR_TAKEOFF,CAUSES,EVT:CONTROL_INPUT_IMPROPER,1
EVT:TAXI_OR_TAKEOFF,PRECEDES,EVT:CONTROL_INPUT_IMPROPER,1
EVT:TAXI_OR_TAKEOFF,CONCURRENT,EVT:LOSS_OF_CONTROL_INFLIGHT,1
COND:substance_use,CONTRIBUTES_TO,EVT:CONTROL_INPUT_IMPROPER,1
COND:flight_phase,CONTRIBUTES_TO,EVT:GROUND_IMPACT,1
COND:perceptual,CAUSES,EVT:STALL,1
COND:perceptual,UNDER_CONDITION,EVT:PERCEPTION_FAILURE,2
COND:perceptual,CAUSES,EVT:DECISION_INAPPROPRIATE,2
COND:perceptual,CAUSES,EVT:CONTROL_INPUT_IMPROPER,1
EVT:FUEL_SYSTEM_ANOMALY,RESPONDS_TO,EVT:CONTROL_INPUT_IMPROPER,1
EVT:FUEL_SYSTEM_ANOMALY,CAUSES,EVT:CONTROL_INPUT_IMPROPER,1
EVT:FUEL_SYSTEM_ANOMALY,CAUSES,EVT:LOSS_OF_CONTROL_INFLIGHT,2
EVT:FUEL_SYSTEM_ANOMALY,UNDER_CONDITION,COND:mechanical,3
EVT:FUEL_SYSTEM_ANOMALY,INDUCED_CONDITION,COND:mechanical,3
EVT:FUEL_SYSTEM_ANOMALY,CAUSES,COND:mechanical,3
EVT:FUEL_SYSTEM_ANOMALY,CAUSES,EVT:ENGINE_FAILURE,6
EVT:FUEL_SYSTEM_ANOMALY,CAUSES,EVT:STALL,1
EVT:FUEL_SYSTEM_ANOMALY,CONTRIBUTES_TO,EVT:STALL,1
EVT:FUEL_SYSTEM_ANOMALY,RESPONDS_TO,EVT:PROCEDURE_NOT_FOLLOWED,1
EVT:FUEL_SYSTEM_ANOMALY,CAUSES,EVT:GROUND_IMPACT,1
EVT:FUEL_SYSTEM_ANOMALY,INDUCED_CONDITION,COND:aerodynamic,1
EVT:FUEL_SYSTEM_ANOMALY,CAUSES,COND:environmental,1
EVT:FUEL_SYSTEM_ANOMALY,CAUSES,EVT:PERCEPTION_FAILURE,1
EVT:LANDING_GEAR_ANOMALY,CAUSES,EVT:RUNWAY_EXCURSION_OR_OVERRUN,2
EVT:LANDING_GEAR_ANOMALY,CAUSES,EVT:GROUND_IMPACT,18
EVT:LANDING_GEAR_ANOMALY,CONTRIBUTES_TO,EVT:GROUND_IMPACT,1
EVT:LANDING_GEAR_ANOMALY,CAUSES,EVT:LOSS_OF_CONTROL_INFLIGHT,1
EVT:LANDING_GEAR_ANOMALY,TRIGGERS,EVT:DECISION_INAPPROPRIATE,1
EVT:LANDING_GEAR_ANOMALY,TRIGGERS,EVT:PROCEDURE_NOT_FOLLOWED,1
EVT:LANDING_GEAR_ANOMALY,UNDER_CONDITION,COND:mechanical,2
EVT:LANDING_GEAR_ANOMALY,CAUSES,EVT:LOSS_OF_CONTROL_GROUND,2
EVT:LANDING_GEAR_ANOMALY,CAUSES,EVT:LANDING_GEAR_ANOMALY,1
ENT:component,CAUSES,EVT:ENGINE_FAILURE,1
ENT:component,UNDER_CONDITION,COND:structural,1
ENT:component,UNDER_CONDITION,COND:environmental,1
ENT:component,CAUSES,COND:mechanical,1
COND:crew,CONTRIBUTES_TO,COND:weight,1
COND:crew,CONTRIBUTES_TO,EVT:DECISION_INAPPROPRIATE,1
COND:hypoxia,CAUSES,EVT:PILOT_INCAPACITATION_OR_IMPAIRMENT,1
COND:spatial_disorientation,CAUSES,EVT:SPATIAL_DISORIENTATION,1
COND:spatial_disorientation,CAUSES,EVT:STALL,1
COND:spatial_disorientation,CAUSES,EVT:DECISION_INAPPROPRIATE,2
COND:spatial_disorientation,CAUSES,EVT:LOSS_OF_CONTROL_INFLIGHT,3
COND:spatial_disorientation,CAUSES,EVT:PERCEPTION_FAILURE,1
COND:spatial_disorientation,CAUSES,EVT:PROCEDURE_NOT_FOLLOWED,1
COND:situational_awareness,CAUSES,EVT:DECISION_INAPPROPRIATE,2
COND:situational_awareness,UNDER_CONDITION,EVT:CONTROL_INPUT_IMPROPER,1
COND:situational_awareness,CAUSES,EVT:PROCEDURE_NOT_FOLLOWED,2
COND:situational_awareness,CAUSES,EVT:PERCEPTION_FAILURE,1
COND:pharmacological,CAUSES,EVT:PILOT_INCAPACITATION_OR_IMPAIRMENT,1
COND:pharmacological,CONTRIBUTES_TO,EVT:CONTROL_INPUT_IMPROPER,1
EVT:UNKNOWN_EVENT,CAUSES,EVT:LOSS_OF_CONTROL_INFLIGHT,1
COND:pilot_knowledge,MASKED_BY_CONDITION,COND:mechanical,1
COND:pilot_state,CAUSES,EVT:DECISION_INAPPROPRIATE,1
COND:pilot_state,CONTRIBUTES_TO,EVT:PERCEPTION_FAILURE,1
COND:pilot_state,INDUCED_CONDITION,EVT:PERCEPTION_FAILURE,1
COND:pilot_state,CONTRIBUTES_TO,EVT:CONTROL_INPUT_IMPROPER,1
COND:pilot_state,CAUSES,EVT:LOSS_OF_CONTROL_INFLIGHT,1
COND:pilot_state,UNDER_CONDITION,EVT:PROCEDURE_NOT_FOLLOWED,1
COND:pilot_state,CAUSES,EVT:STALL,1
EVT:GROUND_ROLLOVER,CAUSES,EVT:LOSS_OF_CONTROL_GROUND,1
EVT:GROUND_PERSONNEL_ERROR,CAUSES,COND:mechanical,7
EVT:GROUND_PERSONNEL_ERROR,INDUCED_CONDITION,COND:mechanical,3
EVT:GROUND_PERSONNEL_ERROR,CAUSES,EVT:LOSS_OF_CONTROL_GROUND,2
EVT:GROUND_PERSONNEL_ERROR,UNDER_CONDITION,COND:other,1
EVT:GROUND_PERSONNEL_ERROR,CONTRIBUTES_TO,EVT:PERCEPTION_FAILURE,1
EVT:GROUND_PERSONNEL_ERROR,UNDER_CONDITION,COND:environmental,1
EVT:GROUND_PERSONNEL_ERROR,CAUSES,COND:environmental,2
EVT:GROUND_PERSONNEL_ERROR,CO_OCCURS,COND:environmental,1
EVT:GROUND_PERSONNEL_ERROR,TRIGGERS,EVT:DECISION_INAPPROPRIATE,1
EVT:GROUND_PERSONNEL_ERROR,CAUSES,EVT:CONTROL_SURFACE_ANOMALY,1
EVT:GROUND_PERSONNEL_ERROR,CAUSES,EVT:TERRAIN_OR_OBSTACLE_PROXIMITY,1
EVT:GROUND_PERSONNEL_ERROR,TRIGGERS,EVT:CONTROL_INPUT_IMPROPER,3
EVT:GROUND_PERSONNEL_ERROR,CONTRIBUTES_TO,EVT:CONTROL_INPUT_IMPROPER,1
EVT:GROUND_PERSONNEL_ERROR,CAUSES,COND:information,1
COND:resource,CAUSES,EVT:FUEL_SYSTEM_ANOMALY,1
COND:resource,CAUSES,EVT:DECISION_INAPPROPRIATE,1
ENT:substance,INDUCED_CONDITION,COND:fatigue,1
COND:system,CAUSES,EVT:LOSS_OF_CONTROL_INFLIGHT,1
COND:latent,CONTRIBUTES_TO,EVT:PROCEDURE_NOT_FOLLOWED,2
COND:latent,CONTRIBUTES_TO,EVT:DECISION_INAPPROPRIATE,1
COND:latent,CONTRIBUTES_TO,EVT:STALL,1
COND:latent,CAUSES,EVT:STALL,1
COND:latent,CONTRIBUTES_TO,EVT:PERCEPTION_FAILURE,1
COND:latent,INHIBITS,EVT:PERCEPTION_FAILURE,1
COND:latent,CONTRIBUTES_TO,EVT:CONTROL_INPUT_IMPROPER,2
COND:latent,INHIBITS,EVT:CONTROL_INPUT_IMPROPER,1
EVT:TCAS_RA_ISSUED,RESPONDS_TO,EVT:PROCEDURE_FOLLOWED,1
EVT:PROCEDURE_FOLLOWED,CAUSES,EVT:INJURY_OR_FATALITY,1
COND:aircraft_capability,ENABLES,EVT:DECISION_INAPPROPRIATE,1
COND:training_gap,CONTRIBUTES_TO,EVT:STALL,1
COND:training_gap,CONTRIBUTES_TO,EVT:PROCEDURE_NOT_FOLLOWED,2
COND:training_gap,CONTRIBUTES_TO,EVT:LOSS_OF_CONTROL_INFLIGHT,1
COND:training_gap,CAUSES,EVT:TRAINING_OR_CURRENCY_GAP,1
COND:security,ENABLES,EVT:PILOT_INCAPACITATION_OR_IMPAIRMENT,1
COND:environmental_obstacle,TRIGGERS,EVT:CONTROL_INPUT_IMPROPER,1
COND:design_defect,CONTRIBUTES_TO,EVT:STALL,1
COND:design_defect,ENABLES,ENT:component,1
COND:surface_condition,CONTRIBUTES_TO,EVT:PROCEDURE_NOT_FOLLOWED,1
COND:surface,UNDER_CONDITION,EVT:TERRAIN_OR_OBSTACLE_PROXIMITY,1
COND:surface,CONTRIBUTES_TO,EVT:CONTROL_INPUT_IMPROPER,1
COND:surface,UNDER_CONDITION,EVT:RUNWAY_EXCURSION_OR_OVERRUN,1
COND:communication,UNDER_CONDITION,EVT:CONTROL_INPUT_IMPROPER,1
COND:communication,CAUSES,EVT:CONTROL_INPUT_IMPROPER,1
COND:communication,INHIBITS,EVT:PROCEDURE_NOT_FOLLOWED,1
COND:communication,CONTRIBUTES_TO,EVT:GROUND_PERSONNEL_ERROR,1
EVT:MIDAIR_COLLISION,AFFECTS,ENT:aircraft,1
EVT:MIDAIR_COLLISION,CAUSES,EVT:GROUND_IMPACT,1
EVT:MIDAIR_COLLISION,CAUSES,EVT:INJURY_OR_FATALITY,1
EVT:HYDRAULIC_SYSTEM_FAILURE,CAUSES,EVT:INSTRUMENT_OR_AVIONICS_FAILURE,1
EVT:HYDRAULIC_SYSTEM_FAILURE,UNDER_CONDITION,COND:mechanical,2
EVT:HYDRAULIC_SYSTEM_FAILURE,CAUSES,EVT:CONTROL_SURFACE_ANOMALY,2
EVT:HYDRAULIC_SYSTEM_FAILURE,CAUSES,EVT:LOSS_OF_CONTROL_INFLIGHT,1
COND:environmental_hazard,ENABLES,EVT:GROUND_IMPACT,1
EVT:COMMUNICATION,INDUCED_CONDITION,COND:attention,1
COND:personnel,CONTRIBUTES_TO,EVT:STALL,1
COND:lack_of_currency,CAUSES,EVT:DECISION_INAPPROPRIATE,1
COND:skill,CONTRIBUTES_TO,EVT:SPATIAL_DISORIENTATION,1
COND:skill,CAUSES,EVT:STALL,1
COND:task,CONTRIBUTES_TO,EVT:CONTROL_INPUT_IMPROPER,1
COND:location,UNDER_CONDITION,EVT:RUNWAY_EXCURSION_OR_OVERRUN,1
COND:location,CONTRIBUTES_TO,EVT:CONTROL_INPUT_IMPROPER,3
COND:location,ENABLES,COND:weather,1
COND:location,CAUSES,COND:weather,1
COND:location,ENABLES,EVT:DECISION_INAPPROPRIATE,1
EVT:GROUND_OPERATIONS,CAUSES,COND:environmental,1
COND:mental_state,CONTRIBUTES_TO,EVT:CONTROL_INPUT_IMPROPER,1
COND:attentional_state,CONTRIBUTES_TO,EVT:CONTROL_INPUT_IMPROPER,1
COND:visual,CAUSES,EVT:PERCEPTION_FAILURE,1
EVT:PASSENGER_INTERFERENCE,CAUSES,EVT:LOSS_OF_CONTROL_INFLIGHT,1
EVT:TAKOFF,CAUSES,EVT:ENGINE_FAILURE,1
COND:pilot_status,CONTRIBUTES_TO,EVT:DECISION_INAPPROPRIATE,1
COND:structural_limit,CAUSES,EVT:AIRFRAME_STRUCTURAL_FAILURE,1
COND:fatigue_or_alcohol_impairment,CAUSES,EVT:PERCEPTION_FAILURE,1
COND:night_flight,CAUSES,EVT:PERCEPTION_FAILURE,1
COND:experience_gap,CONTRIBUTES_TO,EVT:CONTROL_INPUT_IMPROPER,1
COND:knowledge_gap,CONTRIBUTES_TO,EVT:CONTROL_INPUT_IMPROPER,1
COND:knowledge_gap,CONTRIBUTES_TO,EVT:PROCEDURE_NOT_FOLLOWED,1
COND:knowledge_gap,CAUSES,EVT:PROCEDURE_NOT_FOLLOWED,1
COND:weight_balance,CAUSES,EVT:STALL,1
COND:weight_balance,CONTRIBUTES_TO,EVT:CONTROL_INPUT_IMPROPER,5
COND:fuel,CAUSES,EVT:GROUND_IMPACT,1
COND:latency,CONTRIBUTES_TO,EVT:PERCEPTION_FAILURE,1
EVT:GROUND_COLLISION,INDUCED_CONDITION,COND:mechanical,1
EVT:GROUND_COLLISION,CAUSES,EVT:LOSS_OF_CONTROL_INFLIGHT,1
COND:wind,CONTRIBUTES_TO,EVT:CONTROL_INPUT_IMPROPER,1
COND:obstacle,UNDER_CONDITION,EVT:CONTROL_INPUT_IMPROPER,1
COND:obstacle,TRIGGERS,EVT:CONTROL_INPUT_IMPROPER,1
EVT:AERODYNAMIC_STATE,CONCURRENT,EVT:CONTROL_INPUT_IMPROPER,1
EVT:LANDING_APPROACH,CONCURRENT,EVT:WIND_SHEAR_OR_GUST,1
EVT:TRAFFIC_CONFLICT,RESPONDS_TO,EVT:CONTROL_INPUT_IMPROPER,1
EVT:TRAFFIC_CONFLICT,UNDER_CONDITION,COND:weather,1
COND:contamination,CAUSES,EVT:STALL,1
COND:runway,CONTRIBUTES_TO,EVT:CONTROL_INPUT_IMPROPER,1
COND:situational,CAUSES,EVT:TCAS_TRAFFIC_ADVISORY,1
COND:situational,CONTRIBUTES_TO,EVT:INJURY_OR_FATALITY,1
EVT:TCAS_TRAFFIC_ADVISORY,TRIGGERS,EVT:TCAS_RESOLUTION_ADVISORY,1
EVT:TCAS_TRAFFIC_ADVISORY,TRIGGERS,EVT:PERCEPTION_FAILURE,1
EVT:TCAS_RESOLUTION_ADVISORY,RESPONDS_TO,EVT:CONTROL_INPUT_IMPROPER,1
EVT:TCAS_RESOLUTION_ADVISORY,UNDER_CONDITION,COND:weather,1
EVT:TCAS_RESOLUTION_ADVISORY,RESPONDS_TO,EVT:PROCEDURE_NOT_FOLLOWED,1
EVT:DYNAMIC_ROLLOVER,CAUSES,EVT:GROUND_IMPACT,2
EVT:RUNWAY_INCURSION,TRIGGERS,EVT:PERCEPTION_FAILURE,1
EVT:RUNWAY_INCURSION,UNDER_CONDITION,COND:procedural,1
COND:task_load,CONTRIBUTES_TO,EVT:PERCEPTION_FAILURE,1
COND:behavioral_tendency,CAUSES,EVT:CONTROL_INPUT_IMPROPER,1
COND:pilot_competence,CONTRIBUTES_TO,EVT:CONTROL_INPUT_IMPROPER,1
COND:visibility,UNDER_CONDITION,EVT:DECISION_INAPPROPRIATE,1
COND:flight_envelope,CAUSES,EVT:STALL,1
COND:external,CONTRIBUTES_TO,COND:aerodynamic,1
COND:external,CAUSES,EVT:GROUND_IMPACT,1
COND:wake_turbulence,UNDER_CONDITION,EVT:TURBULENCE_ENCOUNTER,1
COND:spatial_disorientation_lack_of_situational_awareness,CONTRIBUTES_TO,EVT:DECISION_INAPPROPRIATE,1
COND:spatial_reference,CAUSES,EVT:PROCEDURE_NOT_FOLLOWED,1
COND:pilot_performance,CAUSES,EVT:STALL,1
COND:pilot_characteristic,CONTRIBUTES_TO,EVT:CONTROL_INPUT_IMPROPER,1
COND:inexperience,CONTRIBUTES_TO,EVT:LOSS_OF_CONTROL_INFLIGHT,1
EVT:TAXIING,ENABLES,EVT:CONTROL_INPUT_IMPROPER,1
COND:aircraft,CONTRIBUTES_TO,EVT:STALL,1
COND:operational_limitation,CONTRIBUTES_TO,EVT:CONTROL_INPUT_IMPROPER,1
COND:instrumentation,CAUSES,EVT:PERCEPTION_FAILURE,1
EVT:TAKEOFF_WITH_IMPROPER_CONFIG,CAUSES,EVT:LOSS_OF_CONTROL_INFLIGHT,1
COND:operational_procedure,ENABLES,EVT:CONTROL_INPUT_IMPROPER,1
COND:crew_state,CONTRIBUTES_TO,EVT:LOSS_OF_CONTROL_INFLIGHT,1
EVT:PROPELLER_FAILURE,CAUSES,EVT:LOSS_OF_CONTROL_INFLIGHT,1
COND:position,UNDER_CONDITION,EVT:LOW_VISIBILITY_OR_IMC,1
COND:equipment_status,CONTRIBUTES_TO,EVT:PERCEPTION_FAILURE,1
EVT:EXTERNAL_LOAD_ANOMALY,CAUSES,EVT:GROUND_IMPACT,1
COND:external_load,UNDER_CONDITION,EVT:EXTERNAL_LOAD_ANOMALY,1
