src,edge_type,dst,count
EVT:DECISION_INAPPROPRIATE,CONTRIBUTES_TO,EVT:CONTROL_INPUT_IMPROPER,8
EVT:DECISION_INAPPROPRIATE,CAUSES,EVT:CONTROL_INPUT_IMPROPER,32
EVT:DECISION_INAPPROPRIATE,PRECEDES,EVT:CONTROL_INPUT_IMPROPER,2
EVT:DECISION_INAPPROPRIATE,TRIGGERS,EVT:CONTROL_INPUT_IMPROPER,4
EVT:DECISION_INAPPROPRIATE,CONCURRENT,EVT:CONTROL_INPUT_IMPROPER,1
EVT:DECISION_INAPPROPRIATE,RESPONDS_TO,EVT:CONTROL_INPUT_IMPROPER,1
EVT:DECISION_INAPPROPRIATE,CAUSES,EVT:GROUND_IMPACT,115
EVT:DECISION_INAPPROPRIATE,CONTRIBUTES_TO,EVT:GROUND_IMPACT,12
EVT:DECISION_INAPPROPRIATE,CONCURRENT,EVT:GROUND_IMPACT,1
EVT:DECISION_INAPPROPRIATE,ENABLES,EVT:CONTROL_SURFACE_ANOMALY,1
EVT:DECISION_INAPPROPRIATE,CONTRIBUTES_TO,EVT:CONTROL_SURFACE_ANOMALY,1
EVT:DECISION_INAPPROPRIATE,CAUSES,EVT:CONTROL_SURFACE_ANOMALY,2
EVT:DECISION_INAPPROPRIATE,CAUSES,EVT:PROCEDURE_NOT_FOLLOWED,18
EVT:DECISION_INAPPROPRIATE,CONCURRENT,EVT:PROCEDURE_NOT_FOLLOWED,3
EVT:DECISION_INAPPROPRIATE,PRECEDES,EVT:PROCEDURE_NOT_FOLLOWED,7
EVT:DECISION_INAPPROPRIATE,CONTRIBUTES_TO,EVT:PROCEDURE_NOT_FOLLOWED,5
EVT:DECISION_INAPPROPRIATE,TRIGGERS,EVT:PROCEDURE_NOT_FOLLOWED,5
EVT:DECISION_INAPPROPRIATE,RESPONDS_TO,EVT:PROCEDURE_NOT_FOLLOWED,4
EVT:DECISION_INAPPROPRIATE,CAUSES,EVT:RUNWAY_EXCURSION_OR_OVERRUN,29
EVT:DECISION_INAPPROPRIATE,CONTRIBUTES_TO,EVT:RUNWAY_EXCURSION_OR_OVERRUN,4
EVT:DECISION_INAPPROPRIATE,CONTRIBUTES_TO,EVT:PERCEPTION_FAILURE,6
EVT:DECISION_INAPPROPRIATE,CAUSES,EVT:PERCEPTION_FAILURE,5
EVT:DECISION_INAPPROPRIATE,CONCURRENT,EVT:PERCEPTION_FAILURE,1
EVT:DECISION_INAPPROPRIATE,UNDER_CONDITION,COND:environmental,18
EVT:DECISION_INAPPROPRIATE,CAUSES,COND:environmental,3
EVT:DECISION_INAPPROPRIATE,DETECTS,COND:environmental,1
EVT:DECISION_INAPPROPRIATE,ENABLES,COND:environmental,1
EVT:DECISION_INAPPROPRIATE,CAUSES,COND:weather,2
EVT:DECISION_INAPPROPRIATE,RESPONDS_TO,COND:weather,1
EVT:DECISION_INAPPROPRIATE,UNDER_CONDITION,COND:weather,5
EVT:DECISION_INAPPROPRIATE,CAUSES,EVT:SUCCESSFUL_RECOVERY,19
EVT:DECISION_INAPPROPRIATE,CONTRIBUTES_TO,EVT:LOSS_OF_CONTROL_INFLIGHT,1
EVT:DECISION_INAPPROPRIATE,CAUSES,EVT:LOSS_OF_CONTROL_INFLIGHT,6
EVT:DECISION_INAPPROPRIATE,CONCURRENT,EVT:LOSS_OF_CONTROL_GROUND,1
EVT:DECISION_INAPPROPRIATE,CAUSES,EVT:LOSS_OF_CONTROL_GROUND,5
EVT:DECISION_INAPPROPRIATE,CAUSES,EVT:DECISION_INAPPROPRIATE,7
EVT:DECISION_INAPPROPRIATE,CONCURRENT,EVT:DECISION_INAPPROPRIATE,3
EVT:DECISION_INAPPROPRIATE,TRIGGERS,EVT:DECISION_INAPPROPRIATE,1
EVT:DECISION_INAPPROPRIATE,CONTRIBUTES_TO,EVT:DECISION_INAPPROPRIATE,1
EVT:DECISION_INAPPROPRIATE,CAUSES,EVT:EMERGENCY_LANDING,25
EVT:DECISION_INAPPROPRIATE,RESPONDS_TO,EVT:EMERGENCY_LANDING,1
EVT:DECISION_INAPPROPRIATE,CONTRIBUTES_TO,EVT:EMERGENCY_LANDING,1
EVT:DECISION_INAPPROPRIATE,TRIGGERS,EVT:LANDING_GEAR_ANOMALY,3
EVT:DECISION_INAPPROPRIATE,ENABLES,EVT:LANDING_GEAR_ANOMALY,2
EVT:DECISION_INAPPROPRIATE,CAUSES,EVT:LANDING_GEAR_ANOMALY,9
EVT:DECISION_INAPPROPRIATE,CONTRIBUTES_TO,EVT:LANDING_GEAR_ANOMALY,3
EVT:DECISION_INAPPROPRIATE,MITIGATES,COND:mechanical,1
EVT:DECISION_INAPPROPRIATE,CAUSES,COND:mechanical,11
EVT:DECISION_INAPPROPRIATE,UNDER_CONDITION,COND:mechanical,4
EVT:DECISION_INAPPROPRIATE,ENABLES,COND:mechanical,10
EVT:DECISION_INAPPROPRIATE,CONTRIBUTES_TO,COND:mechanical,1
EVT:DECISION_INAPPROPRIATE,MASKED_BY_CONDITION,COND:mechanical,1
EVT:DECISION_INAPPROPRIATE,CAUSES,EVT:STRUCTURAL_OVERLOAD,2
EVT:DECISION_INAPPROPRIATE,TRIGGERS,EVT:GROUND_PERSONNEL_ERROR,1
EVT:DECISION_INAPPROPRIATE,CAUSES,EVT:TURBULENCE_ENCOUNTER,1
EVT:DECISION_INAPPROPRIATE,CAUSES,COND:organizational,2
EVT:DECISION_INAPPROPRIATE,RESPONDS_TO,COND:organizational,1
EVT:DECISION_INAPPROPRIATE,UNDER_CONDITION,COND:organizational,1
EVT:DECISION_INAPPROPRIATE,CAUSES,EVT:TIRE_FAILURE,1
EVT:DECISION_INAPPROPRIATE,TRIGGERS,EVT:ENGINE_FAILURE,1
EVT:DECISION_INAPPROPRIATE,CONCURRENT,EVT:ENGINE_FAILURE,1
EVT:DECISION_INAPPROPRIATE,CAUSES,EVT:ENGINE_FAILURE,1
EVT:DECISION_INAPPROPRIATE,CAUSES,EVT:STALL,8
EVT:DECISION_INAPPROPRIATE,UNDER_CONDITION,COND:fuel,1
EVT:DECISION_INAPPROPRIATE,INDUCED_CONDITION,COND:training_or_currency_gap,1
EVT:DECISION_INAPPROPRIATE,CAUSES,EVT:WATER_IMPACT,3
EVT:DECISION_INAPPROPRIATE,CONTRIBUTES_TO,EVT:WATER_IMPACT,1
EVT:DECISION_INAPPROPRIATE,CAUSES,EVT:INFLIGHT_FIRE_OR_SMOKE,1
EVT:DECISION_INAPPROPRIATE,CONTRIBUTES_TO,EVT:INFLIGHT_FIRE_OR_SMOKE,1
EVT:DECISION_INAPPROPRIATE,CAUSES,EVT:TERRAIN_OR_OBSTACLE_PROXIMITY,5
EVT:DECISION_INAPPROPRIATE,MASKED_BY_CONDITION,COND:medical,1
EVT:DECISION_INAPPROPRIATE,CAUSES,EVT:RUNWAY_CONDITION_HAZARD,1
EVT:DECISION_INAPPROPRIATE,CONTRIBUTES_TO,EVT:INSTRUMENT_OR_AVIONICS_FAILURE,3
EVT:DECISION_INAPPROPRIATE,PRECEDES,EVT:INSTRUMENT_OR_AVIONICS_FAILURE,1
EVT:DECISION_INAPPROPRIATE,UNDER_CONDITION,COND:instrument,1
EVT:DECISION_INAPPROPRIATE,CAUSES,EVT:SPATIAL_DISORIENTATION,1
EVT:DECISION_INAPPROPRIATE,CAUSES,COND:operational,1
EVT:DECISION_INAPPROPRIATE,INDUCED_CONDITION,COND:operational,1
EVT:DECISION_INAPPROPRIATE,CAUSES,EVT:LOW_VISIBILITY_OR_IMC,1
EVT:DECISION_INAPPROPRIATE,CONCURRENT,EVT:AIRFRAME_STRUCTURAL_FAILURE,1
EVT:DECISION_INAPPROPRIATE,CAUSES,EVT:AIRFRAME_STRUCTURAL_FAILURE,1
EVT:DECISION_INAPPROPRIATE,CONTRIBUTES_TO,EVT:AIRFRAME_STRUCTURAL_FAILURE,1
EVT:DECISION_INAPPROPRIATE,CAUSES,EVT:BRAKE_FAILURE,1
EVT:DECISION_INAPPROPRIATE,RESPONDS_TO,EVT:BRAKE_FAILURE,1
EVT:DECISION_INAPPROPRIATE,INDUCED_CONDITION,COND:aerodynamic,1
EVT:DECISION_INAPPROPRIATE,CONTRIBUTES_TO,EVT:HYDRAULIC_SYSTEM_FAILURE,1
EVT:DECISION_INAPPROPRIATE,CAUSES,EVT:FUEL_SYSTEM_ANOMALY,1
EVT:DECISION_INAPPROPRIATE,CAUSES,EVT:INJURY_OR_FATALITY,1
EVT:CONTROL_INPUT_IMPROPER,CAUSES,COND:infrastructure,1
EVT:CONTROL_INPUT_IMPROPER,CAUSES,EVT:LOSS_OF_CONTROL_INFLIGHT,21
EVT:CONTROL_INPUT_IMPROPER,CONTRIBUTES_TO,EVT:LOSS_OF_CONTROL_INFLIGHT,7
EVT:CONTROL_INPUT_IMPROPER,TRIGGERS,EVT:LOSS_OF_CONTROL_INFLIGHT,3
EVT:CONTROL_INPUT_IMPROPER,CONCURRENT,EVT:LOSS_OF_CONTROL_INFLIGHT,1
EVT:CONTROL_INPUT_IMPROPER,PREVENTS,EVT:LOSS_OF_CONTROL_INFLIGHT,1
EVT:CONTROL_INPUT_IMPROPER,CAUSES,EVT:SUCCESSFUL_RECOVERY,24
EVT:CONTROL_INPUT_IMPROPER,MITIGATES,EVT:SUCCESSFUL_RECOVERY,2
EVT:CONTROL_INPUT_IMPROPER,RESPONDS_TO,EVT:SUCCESSFUL_RECOVERY,2
EVT:CONTROL_INPUT_IMPROPER,CAUSES,EVT:STALL,32
EVT:CONTROL_INPUT_IMPROPER,CONTRIBUTES_TO,EVT:STALL,2
EVT:CONTROL_INPUT_IMPROPER,TRIGGERS,EVT:STALL,1
EVT:CONTROL_INPUT_IMPROPER,CAUSES,EVT:LANDING_GEAR_ANOMALY,13
EVT:CONTROL_INPUT_IMPROPER,RESPONDS_TO,EVT:LANDING_GEAR_ANOMALY,2
EVT:CONTROL_INPUT_IMPROPER,TRIGGERS,EVT:LANDING_GEAR_ANOMALY,14
EVT:CONTROL_INPUT_IMPROPER,CONTRIBUTES_TO,EVT:LANDING_GEAR_ANOMALY,10
EVT:CONTROL_INPUT_IMPROPER,CAUSES,EVT:GROUND_IMPACT,89
EVT:CONTROL_INPUT_IMPROPER,CONTRIBUTES_TO,EVT:GROUND_IMPACT,24
EVT:CONTROL_INPUT_IMPROPER,INHIBITS,EVT:GROUND_IMPACT,1
EVT:CONTROL_INPUT_IMPROPER,TRIGGERS,COND:mechanical,7
EVT:CONTROL_INPUT_IMPROPER,UNDER_CONDITION,COND:mechanical,10
EVT:CONTROL_INPUT_IMPROPER,CAUSES,COND:mechanical,6
EVT:CONTROL_INPUT_IMPROPER,INDUCED_CONDITION,COND:mechanical,8
EVT:CONTROL_INPUT_IMPROPER,INDUCED_CONDITION,COND:structural,2
EVT:CONTROL_INPUT_IMPROPER,UNDER_CONDITION,COND:structural,1
EVT:CONTROL_INPUT_IMPROPER,CAUSES,COND:structural,2
EVT:CONTROL_INPUT_IMPROPER,RESPONDS_TO,COND:structural,1
EVT:CONTROL_INPUT_IMPROPER,CAUSES,EVT:RUNWAY_EXCURSION_OR_OVERRUN,36
EVT:CONTROL_INPUT_IMPROPER,CONTRIBUTES_TO,EVT:RUNWAY_EXCURSION_OR_OVERRUN,15
EVT:CONTROL_INPUT_IMPROPER,RESPONDS_TO,EVT:RUNWAY_EXCURSION_OR_OVERRUN,1
EVT:CONTROL_INPUT_IMPROPER,PREVENTS,EVT:RUNWAY_EXCURSION_OR_OVERRUN,1
EVT:CONTROL_INPUT_IMPROPER,MITIGATES,EVT:RUNWAY_EXCURSION_OR_OVERRUN,1
EVT:CONTROL_INPUT_IMPROPER,CAUSES,EVT:STRUCTURAL_OVERLOAD,17
EVT:CONTROL_INPUT_IMPROPER,RESPONDS_TO,EVT:CONTROL_INPUT_IMPROPER,7
EVT:CONTROL_INPUT_IMPROPER,CAUSES,EVT:CONTROL_INPUT_IMPROPER,4
EVT:CONTROL_INPUT_IMPROPER,CONTRIBUTES_TO,EVT:CONTROL_INPUT_IMPROPER,3
EVT:CONTROL_INPUT_IMPROPER,CONCURRENT,EVT:CONTROL_INPUT_IMPROPER,4
EVT:CONTROL_INPUT_IMPROPER,TRIGGERS,EVT:CONTROL_INPUT_IMPROPER,3
EVT:CONTROL_INPUT_IMPROPER,PRECEDES,EVT:CONTROL_INPUT_IMPROPER,3
EVT:CONTROL_INPUT_IMPROPER,TRIGGERS,EVT:CONTROL_SURFACE_ANOMALY,23
EVT:CONTROL_INPUT_IMPROPER,CONCURRENT,EVT:CONTROL_SURFACE_ANOMALY,1
EVT:CONTROL_INPUT_IMPROPER,CAUSES,EVT:CONTROL_SURFACE_ANOMALY,11
EVT:CONTROL_INPUT_IMPROPER,RESPONDS_TO,EVT:CONTROL_SURFACE_ANOMALY,1
EVT:CONTROL_INPUT_IMPROPER,ENABLES,EVT:CONTROL_SURFACE_ANOMALY,1
EVT:CONTROL_INPUT_IMPROPER,PRECEDES,EVT:CONTROL_SURFACE_ANOMALY,1
EVT:CONTROL_INPUT_IMPROPER,CONTRIBUTES_TO,EVT:CONTROL_SURFACE_ANOMALY,2
EVT:CONTROL_INPUT_IMPROPER,INHIBITS,EVT:CONTROL_SURFACE_ANOMALY,1
EVT:CONTROL_INPUT_IMPROPER,TRIGGERS,EVT:BRAKE_FAILURE,1
EVT:CONTROL_INPUT_IMPROPER,CONTRIBUTES_TO,EVT:WATER_IMPACT,3
EVT:CONTROL_INPUT_IMPROPER,CAUSES,EVT:WATER_IMPACT,3
EVT:CONTROL_INPUT_IMPROPER,CAUSES,EVT:ALTITUDE_DEVIATION_UNCONTROLLED,4
EVT:CONTROL_INPUT_IMPROPER,TRIGGERS,EVT:ALTITUDE_DEVIATION_UNCONTROLLED,1
EVT:CONTROL_INPUT_IMPROPER,TRIGGERS,EVT:LOSS_OF_CONTROL_GROUND,3
EVT:CONTROL_INPUT_IMPROPER,CONTRIBUTES_TO,EVT:LOSS_OF_CONTROL_GROUND,20
EVT:CONTROL_INPUT_IMPROPER,PREVENTS,EVT:LOSS_OF_CONTROL_GROUND,2
EVT:CONTROL_INPUT_IMPROPER,CAUSES,EVT:LOSS_OF_CONTROL_GROUND,13
EVT:CONTROL_INPUT_IMPROPER,RESPONDS_TO,EVT:LOSS_OF_CONTROL_GROUND,3
EVT:CONTROL_INPUT_IMPROPER,INHIBITS,EVT:LOSS_OF_CONTROL_GROUND,1
EVT:CONTROL_INPUT_IMPROPER,TRIGGERS,COND:environmental,1
EVT:CONTROL_INPUT_IMPROPER,UNDER_CONDITION,COND:environmental,8
EVT:CONTROL_INPUT_IMPROPER,INDUCED_CONDITION,COND:environmental,1
EVT:CONTROL_INPUT_IMPROPER,CAUSES,COND:environmental,1
EVT:CONTROL_INPUT_IMPROPER,MASKED_BY_CONDITION,COND:environmental,1
EVT:CONTROL_INPUT_IMPROPER,TRIGGERS,EVT:INFLIGHT_FIRE_OR_SMOKE,3
EVT:CONTROL_INPUT_IMPROPER,CAUSES,EVT:INFLIGHT_FIRE_OR_SMOKE,1
EVT:CONTROL_INPUT_IMPROPER,TRIGGERS,EVT:AIRFRAME_STRUCTURAL_FAILURE,20
EVT:CONTROL_INPUT_IMPROPER,CAUSES,EVT:AIRFRAME_STRUCTURAL_FAILURE,22
EVT:CONTROL_INPUT_IMPROPER,CONTRIBUTES_TO,EVT:AIRFRAME_STRUCTURAL_FAILURE,1
EVT:CONTROL_INPUT_IMPROPER,CAUSES,EVT:ENGINE_FAILURE,4
EVT:CONTROL_INPUT_IMPROPER,TRIGGERS,EVT:ENGINE_FAILURE,1
EVT:CONTROL_INPUT_IMPROPER,TRIGGERS,EVT:BRAKE_ANOMALY,3
EVT:CONTROL_INPUT_IMPROPER,CAUSES,COND:structural_limit,1
EVT:CONTROL_INPUT_IMPROPER,UNDER_CONDITION,COND:structural_limit,1
EVT:CONTROL_INPUT_IMPROPER,CONCURRENT,EVT:PROCEDURE_NOT_FOLLOWED,3
EVT:CONTROL_INPUT_IMPROPER,CAUSES,EVT:PROCEDURE_NOT_FOLLOWED,5
EVT:CONTROL_INPUT_IMPROPER,RESPONDS_TO,EVT:PROCEDURE_NOT_FOLLOWED,5
EVT:CONTROL_INPUT_IMPROPER,PRECEDES,EVT:PROCEDURE_NOT_FOLLOWED,1
EVT:CONTROL_INPUT_IMPROPER,TRIGGERS,EVT:PROCEDURE_NOT_FOLLOWED,5
EVT:CONTROL_INPUT_IMPROPER,RESPONDS_TO,EVT:DECISION_INAPPROPRIATE,6
EVT:CONTROL_INPUT_IMPROPER,TRIGGERS,EVT:DECISION_INAPPROPRIATE,3
EVT:CONTROL_INPUT_IMPROPER,CONCURRENT,EVT:DECISION_INAPPROPRIATE,2
EVT:CONTROL_INPUT_IMPROPER,CAUSES,EVT:DECISION_INAPPROPRIATE,4
EVT:CONTROL_INPUT_IMPROPER,ENABLES,EVT:DECISION_INAPPROPRIATE,1
EVT:CONTROL_INPUT_IMPROPER,TRIGGERS,EVT:GROUND_RESONANCE,1
EVT:CONTROL_INPUT_IMPROPER,CAUSES,EVT:GROUND_RESONANCE,1
EVT:CONTROL_INPUT_IMPROPER,ENABLES,EVT:ICING_ENCOUNTER,1
EVT:CONTROL_INPUT_IMPROPER,ENABLES,EVT:EMERGENCY_LANDING,1
EVT:CONTROL_INPUT_IMPROPER,CAUSES,EVT:EMERGENCY_LANDING,8
EVT:CONTROL_INPUT_IMPROPER,CONTRIBUTES_TO,EVT:EMERGENCY_LANDING,1
EVT:CONTROL_INPUT_IMPROPER,CAUSES,COND:aerodynamic,5
EVT:CONTROL_INPUT_IMPROPER,INDUCED_CONDITION,COND:aerodynamic,4
EVT:CONTROL_INPUT_IMPROPER,CONTRIBUTES_TO,EVT:RUNWAY_CONDITION_HAZARD,1
EVT:CONTROL_INPUT_IMPROPER,CAUSES,EVT:RUNWAY_CONDITION_HAZARD,2
EVT:CONTROL_INPUT_IMPROPER,UNDER_CONDITION,COND:weather,4
EVT:CONTROL_INPUT_IMPROPER,RESPONDS_TO,COND:weather,1
EVT:CONTROL_INPUT_IMPROPER,CAUSES,EVT:GROUND_COLLISION,1
EVT:CONTROL_INPUT_IMPROPER,CAUSES,EVT:INJURY_OR_FATALITY,1
EVT:CONTROL_INPUT_IMPROPER,UNDER_CONDITION,COND:human_factors,1
EVT:CONTROL_INPUT_IMPROPER,CAUSES,EVT:TERRAIN_OR_OBSTACLE_PROXIMITY,4
EVT:CONTROL_INPUT_IMPROPER,RESPONDS_TO,COND:unknown,1
EVT:CONTROL_INPUT_IMPROPER,CAUSES,EVT:GROUND_PERSONNEL_ERROR,2
EVT:CONTROL_INPUT_IMPROPER,UNDER_CONDITION,COND:spatial,1
EVT:CONTROL_INPUT_IMPROPER,SUPERVISED_BY,ENT:person,1
EVT:CONTROL_INPUT_IMPROPER,CAUSES,EVT:INSTRUMENT_OR_AVIONICS_FAILURE,1
EVT:CONTROL_INPUT_IMPROPER,TRIGGERS,EVT:AUTOMATION_ANOMALY,1
EVT:CONTROL_INPUT_IMPROPER,UNDER_CONDITION,COND:human_factor,1
EVT:CONTROL_INPUT_IMPROPER,UNDER_CONDITION,COND:physiological,1
EVT:CONTROL_INPUT_IMPROPER,CAUSES,EVT:INFLIGHT_BREAKUP,1
EVT:CONTROL_INPUT_IMPROPER,CAUSES,COND:operational,1
EVT:CONTROL_INPUT_IMPROPER,TRIGGERS,EVT:BRAKE_SYSTEM_FAILURE,1
EVT:CONTROL_INPUT_IMPROPER,UNDER_CONDITION,COND:terrain,1
EVT:CONTROL_INPUT_IMPROPER,CAUSES,COND:aerodynamic_load,1
EVT:CONTROL_INPUT_IMPROPER,INDUCED_CONDITION,COND:aerodynamic_load,1
EVT:CONTROL_INPUT_IMPROPER,CONTRIBUTES_TO,EVT:PERCEPTION_FAILURE,1
EVT:CONTROL_INPUT_IMPROPER,MITIGATES,EVT:AERODYNAMIC_FLUTTER,1
EVT:CONTROL_INPUT_IMPROPER,CONCURRENT,EVT:CREW_COORDINATION_FAILURE,1
COND:infrastructure,CONTRIBUTES_TO,EVT:RUNWAY_EXCURSION_OR_OVERRUN,1
COND:infrastructure,UNDER_CONDITION,EVT:DECISION_INAPPROPRIATE,1
COND:infrastructure,ENABLES,EVT:GROUND_IMPACT,1
COND:weather,CONTRIBUTES_TO,EVT:CONTROL_INPUT_IMPROPER,14
COND:weather,UNDER_CONDITION,EVT:CONTROL_INPUT_IMPROPER,2
COND:weather,CAUSES,EVT:CONTROL_INPUT_IMPROPER,2
COND:weather,CONTRIBUTES_TO,EVT:RUNWAY_EXCURSION_OR_OVERRUN,6
COND:weather,CAUSES,EVT:RUNWAY_EXCURSION_OR_OVERRUN,1
COND:weather,UNDER_CONDITION,EVT:LOSS_OF_CONTROL_INFLIGHT,2
COND:weather,CAUSES,EVT:LOSS_OF_CONTROL_INFLIGHT,2
COND:weather,UNDER_CONDITION,EVT:RUNWAY_CONDITION_HAZARD,5
COND:weather,ENABLES,COND:human,1
COND:weather,UNDER_CONDITION,EVT:ICING_ENCOUNTER,2
COND:weather,CAUSES,EVT:ICING_ENCOUNTER,1
COND:weather,CONTRIBUTES_TO,EVT:ICING_ENCOUNTER,1
COND:weather,CONTRIBUTES_TO,EVT:CONTROL_SURFACE_ANOMALY,3
COND:weather,CAUSES,EVT:CONTROL_SURFACE_ANOMALY,1
COND:weather,UNDER_CONDITION,EVT:SPATIAL_DISORIENTATION,2
COND:weather,CONTRIBUTES_TO,EVT:SPATIAL_DISORIENTATION,1
COND:weather,CAUSES,EVT:SPATIAL_DISORIENTATION,1
COND:weather,CAUSES,COND:mechanical,12
COND:weather,IF_THEN,COND:mechanical,1
COND:weather,CAUSES,COND:human_factor,1
COND:weather,UNDER_CONDITION,EVT:PROCEDURE_NOT_FOLLOWED,2
COND:weather,MASKED_BY_CONDITION,EVT:PROCEDURE_NOT_FOLLOWED,1
COND:weather,CONTRIBUTES_TO,EVT:STRUCTURAL_OVERLOAD,2
COND:weather,UNDER_CONDITION,EVT:DECISION_INAPPROPRIATE,2
COND:weather,CAUSES,EVT:DECISION_INAPPROPRIATE,1
COND:weather,UNDER_CONDITION,EVT:GROUND_IMPACT,1
COND:weather,CONTRIBUTES_TO,EVT:GROUND_IMPACT,4
COND:weather,CAUSES,EVT:GROUND_IMPACT,1
COND:weather,CONTRIBUTES_TO,COND:aerodynamic,1
COND:weather,CAUSES,COND:aerodynamic,1
COND:weather,CAUSES,EVT:WIND_SHEAR_OR_GUST,1
COND:weather,CAUSES,COND:physiological,1
COND:weather,UNDER_CONDITION,COND:environmental,1
COND:weather,CONTRIBUTES_TO,EVT:PERCEPTION_FAILURE,1
COND:weather,CONTRIBUTES_TO,EVT:STALL,1
COND:weather,ENABLES,EVT:INSTRUMENT_OR_AVIONICS_FAILURE,1
COND:weather,CONTRIBUTES_TO,EVT:AIRFRAME_STRUCTURAL_FAILURE,2
COND:weather,CAUSES,EVT:TURBULENCE_ENCOUNTER,1
COND:weather,CONTRIBUTES_TO,EVT:LOSS_OF_CONTROL_GROUND,3
COND:weather,UNDER_CONDITION,EVT:LOSS_OF_CONTROL_GROUND,1
COND:weather,TRIGGERS,EVT:AERODYNAMIC_FLUTTER,1
COND:weather,CONTRIBUTES_TO,EVT:LANDING_GEAR_ANOMALY,1
COND:weather,CAUSES,EVT:ENGINE_FAILURE,1
COND:mechanical,CAUSES,EVT:RUNWAY_EXCURSION_OR_OVERRUN,23
COND:mechanical,CONTRIBUTES_TO,EVT:RUNWAY_EXCURSION_OR_OVERRUN,3
COND:mechanical,UNDER_CONDITION,EVT:RUNWAY_EXCURSION_OR_OVERRUN,2
COND:mechanical,ENABLES,EVT:RUNWAY_EXCURSION_OR_OVERRUN,1
COND:mechanical,ENABLES,COND:mechanical,6
COND:mechanical,CAUSES,COND:mechanical,373
COND:mechanical,CONTRIBUTES_TO,COND:mechanical,28
COND:mechanical,CONCURRENT,COND:mechanical,1
COND:mechanical,MASKED_BY_CONDITION,COND:mechanical,1
COND:mechanical,INHIBITS,COND:mechanical,1
COND:mechanical,UNDER_CONDITION,COND:mechanical,2
COND:mechanical,CAUSES,EVT:INFLIGHT_FIRE_OR_SMOKE,80
COND:mechanical,UNDER_CONDITION,EVT:INFLIGHT_FIRE_OR_SMOKE,4
COND:mechanical,ENABLES,EVT:INFLIGHT_FIRE_OR_SMOKE,3
COND:mechanical,CONTRIBUTES_TO,EVT:INFLIGHT_FIRE_OR_SMOKE,2
COND:mechanical,CAUSES,COND:latent_defect,7
COND:mechanical,MASKED_BY_CONDITION,COND:latent_defect,2
COND:mechanical,CAUSES,EVT:LANDING_GEAR_ANOMALY,325
COND:mechanical,UNDER_CONDITION,EVT:LANDING_GEAR_ANOMALY,22
COND:mechanical,ENABLES,EVT:LANDING_GEAR_ANOMALY,2
COND:mechanical,CONTRIBUTES_TO,EVT:LANDING_GEAR_ANOMALY,7
COND:mechanical,INDUCED_CONDITION,EVT:LANDING_GEAR_ANOMALY,1
COND:mechanical,CAUSES,EVT:CONTROL_SURFACE_ANOMALY,406
COND:mechanical,UNDER_CONDITION,EVT:CONTROL_SURFACE_ANOMALY,38
COND:mechanical,CONTRIBUTES_TO,EVT:CONTROL_SURFACE_ANOMALY,8
COND:mechanical,ENABLES,EVT:CONTROL_SURFACE_ANOMALY,13
COND:mechanical,CAUSES,EVT:INSTRUMENT_OR_AVIONICS_FAILURE,96
COND:mechanical,ENABLES,EVT:INSTRUMENT_OR_AVIONICS_FAILURE,1
COND:mechanical,UNDER_CONDITION,EVT:INSTRUMENT_OR_AVIONICS_FAILURE,8
COND:mechanical,TRIGGERS,EVT:INSTRUMENT_OR_AVIONICS_FAILURE,2
COND:mechanical,INDUCED_CONDITION,EVT:INSTRUMENT_OR_AVIONICS_FAILURE,1
COND:mechanical,CAUSES,EVT:ENGINE_FAILURE,93
COND:mechanical,CONTRIBUTES_TO,EVT:ENGINE_FAILURE,2
COND:mechanical,MASKED_BY_CONDITION,EVT:ENGINE_FAILURE,1
COND:mechanical,UNDER_CONDITION,EVT:ENGINE_FAILURE,4
COND:mechanical,CAUSES,EVT:AIRFRAME_STRUCTURAL_FAILURE,260
COND:mechanical,ENABLES,EVT:AIRFRAME_STRUCTURAL_FAILURE,3
COND:mechanical,UNDER_CONDITION,EVT:AIRFRAME_STRUCTURAL_FAILURE,10
COND:mechanical,CONTRIBUTES_TO,EVT:AIRFRAME_STRUCTURAL_FAILURE,12
COND:mechanical,CAUSES,EVT:LOSS_OF_CONTROL_GROUND,48
COND:mechanical,ENABLES,EVT:LOSS_OF_CONTROL_GROUND,1
COND:mechanical,CONTRIBUTES_TO,EVT:LOSS_OF_CONTROL_GROUND,1
COND:mechanical,CAUSES,ENT:aircraft,1
COND:mechanical,UNDER_CONDITION,ENT:aircraft,2
COND:mechanical,CAUSES,EVT:BRAKE_FAILURE,15
COND:mechanical,UNDER_CONDITION,EVT:BRAKE_FAILURE,2
COND:mechanical,CONTRIBUTES_TO,EVT:BRAKE_FAILURE,1
COND:mechanical,CAUSES,COND:aerodynamic,10
COND:mechanical,CAUSES,EVT:DECISION_INAPPROPRIATE,26
COND:mechanical,TRIGGERS,EVT:DECISION_INAPPROPRIATE,9
COND:mechanical,ENABLES,EVT:DECISION_INAPPROPRIATE,5
COND:mechanical,IF_THEN,EVT:DECISION_INAPPROPRIATE,1
COND:mechanical,CONTRIBUTES_TO,EVT:DECISION_INAPPROPRIATE,1
COND:mechanical,UNDER_CONDITION,EVT:DECISION_INAPPROPRIATE,5
COND:mechanical,RESPONDS_TO,EVT:DECISION_INAPPROPRIATE,2
COND:mechanical,MASKED_BY_CONDITION,EVT:DECISION_INAPPROPRIATE,1
COND:mechanical,CAUSES,EVT:STRUCTURAL_OVERLOAD,11
COND:mechanical,UNDER_CONDITION,EVT:STRUCTURAL_OVERLOAD,1
COND:mechanical,ENABLES,EVT:STRUCTURAL_OVERLOAD,4
COND:mechanical,CONTRIBUTES_TO,EVT:STRUCTURAL_OVERLOAD,1
COND:mechanical,CAUSES,EVT:HYDRAULIC_SYSTEM_FAILURE,19
COND:mechanical,UNDER_CONDITION,EVT:HYDRAULIC_SYSTEM_FAILURE,2
COND:mechanical,CAUSES,EVT:CONTROL_INPUT_IMPROPER,20
COND:mechanical,RESPONDS_TO,EVT:CONTROL_INPUT_IMPROPER,1
COND:mechanical,INHIBITS,EVT:CONTROL_INPUT_IMPROPER,6
COND:mechanical,TRIGGERS,EVT:CONTROL_INPUT_IMPROPER,6
COND:mechanical,UNDER_CONDITION,EVT:CONTROL_INPUT_IMPROPER,6
COND:mechanical,CONTRIBUTES_TO,EVT:CONTROL_INPUT_IMPROPER,7
COND:mechanical,ENABLES,EVT:CONTROL_INPUT_IMPROPER,5
COND:mechanical,CAUSES,EVT:BRAKE_SYSTEM_FAILURE,2
COND:mechanical,CAUSES,EVT:LOSS_OF_CONTROL_INFLIGHT,59
COND:mechanical,UNDER_CONDITION,EVT:LOSS_OF_CONTROL_INFLIGHT,3
COND:mechanical,CONTRIBUTES_TO,EVT:LOSS_OF_CONTROL_INFLIGHT,4
COND:mechanical,CAUSES,EVT:AUTOMATION_ANOMALY,16
COND:mechanical,ENABLES,EVT:AUTOMATION_ANOMALY,1
COND:mechanical,ENABLES,EVT:BIRD_OR_WILDLIFE_STRIKE,1
COND:mechanical,CAUSES,EVT:BIRD_OR_WILDLIFE_STRIKE,1
COND:mechanical,CAUSES,EVT:FUEL_SYSTEM_ANOMALY,37
COND:mechanical,UNDER_CONDITION,EVT:FUEL_SYSTEM_ANOMALY,5
COND:mechanical,ENABLES,EVT:FUEL_SYSTEM_ANOMALY,1
COND:mechanical,CAUSES,EVT:GROUND_IMPACT,25
COND:mechanical,CONTRIBUTES_TO,EVT:GROUND_IMPACT,1
COND:mechanical,UNDER_CONDITION,EVT:GROUND_IMPACT,1
COND:mechanical,INHIBITS,EVT:PROCEDURE_NOT_FOLLOWED,11
COND:mechanical,MASKED_BY_CONDITION,EVT:PROCEDURE_NOT_FOLLOWED,1
COND:mechanical,CAUSES,EVT:PROCEDURE_NOT_FOLLOWED,7
COND:mechanical,UNDER_CONDITION,EVT:PROCEDURE_NOT_FOLLOWED,10
COND:mechanical,TRIGGERS,EVT:PROCEDURE_NOT_FOLLOWED,12
COND:mechanical,RESPONDS_TO,EVT:PROCEDURE_NOT_FOLLOWED,4
COND:mechanical,ENABLES,EVT:PROCEDURE_NOT_FOLLOWED,13
COND:mechanical,CONTRIBUTES_TO,EVT:PROCEDURE_NOT_FOLLOWED,1
COND:mechanical,CAUSES,EVT:PROPULSION_ANOMALY,2
COND:mechanical,CAUSES,COND:environmental,12
COND:mechanical,IF_THEN,COND:environmental,1
COND:mechanical,UNDER_CONDITION,ENT:component,13
COND:mechanical,MASKED_BY_CONDITION,ENT:component,1
COND:mechanical,INDUCED_CONDITION,ENT:component,1
COND:mechanical,CAUSES,EVT:PERCEPTION_FAILURE,21
COND:mechanical,CONTRIBUTES_TO,EVT:PERCEPTION_FAILURE,2
COND:mechanical,MASKED_BY_CONDITION,EVT:PERCEPTION_FAILURE,4
COND:mechanical,TRIGGERS,EVT:PERCEPTION_FAILURE,1
COND:mechanical,UNDER_CONDITION,EVT:PERCEPTION_FAILURE,2
COND:mechanical,ENABLES,EVT:PERCEPTION_FAILURE,5
COND:mechanical,INHIBITS,EVT:PERCEPTION_FAILURE,1
COND:mechanical,CAUSES,EVT:BRAKE_ANOMALY,3
COND:mechanical,UNDER_CONDITION,EVT:BRAKE_ANOMALY,1
COND:mechanical,CAUSES,EVT:PROPELLER_FAILURE,7
COND:mechanical,CAUSES,EVT:ICING_ENCOUNTER,1
COND:mechanical,UNDER_CONDITION,EVT:RUNWAY_CONDITION_HAZARD,1
COND:mechanical,CAUSES,EVT:RUNWAY_CONDITION_HAZARD,2
COND:mechanical,CAUSES,EVT:SPATIAL_DISORIENTATION,4
COND:mechanical,CAUSES,EVT:ALTITUDE_DEVIATION_UNCONTROLLED,3
COND:mechanical,CAUSES,EVT:MAINTENANCE_INADEQUATE,3
COND:mechanical,TRIGGERS,EVT:MAINTENANCE_INADEQUATE,1
COND:mechanical,CAUSES,EVT:INFLIGHT_BREAKUP,1
COND:mechanical,CAUSES,EVT:EMERGENCY_SYSTEM_FAILURE,1
COND:mechanical,CAUSES,EVT:TIRE_FAILURE,1
COND:mechanical,CAUSES,COND:instrumentation,1
COND:mechanical,CAUSES,EVT:GROUND_INCIDENT,1
COND:mechanical,CAUSES,COND:system,1
COND:mechanical,CAUSES,COND:training,1
COND:mechanical,CAUSES,EVT:FLIGHT_CONTROL_ANOMALY,2
COND:mechanical,CONTRIBUTES_TO,EVT:FLIGHT_CONTROL_ANOMALY,1
COND:mechanical,INDUCED_CONDITION,COND:organizational,1
COND:mechanical,MASKED_BY_CONDITION,COND:organizational,2
COND:mechanical,CONTRIBUTES_TO,COND:maintenance,1
COND:mechanical,INDUCED_CONDITION,EVT:DESIGN_DEFECT_LATENT,1
COND:mechanical,CAUSES,EVT:DESIGN_DEFECT_LATENT,1
COND:mechanical,UNDER_CONDITION,EVT:HYDRAULIC_FAILURE,1
COND:mechanical,CAUSES,EVT:GROUND_RESONANCE,1
COND:mechanical,CONTRIBUTES_TO,EVT:GROUND_RESONANCE,1
COND:mechanical,ENABLES,EVT:GROUND_RESONANCE,1
COND:mechanical,CAUSES,EVT:BRAKE_OVERHEAT,2
COND:mechanical,CONTRIBUTES_TO,EVT:BRAKE_OVERHEAT,1
COND:mechanical,CAUSES,COND:cognitive,1
COND:mechanical,CAUSES,COND:instrument,5
COND:mechanical,CAUSES,EVT:TAIL_ROTOR_FAILURE,1
COND:mechanical,ENABLES,EVT:TAIL_ROTOR_FAILURE,1
COND:mechanical,CAUSES,COND:regulatory,1
COND:mechanical,UNDER_CONDITION,EVT:PROPULSION_FAILURE,1
COND:mechanical,CONTRIBUTES_TO,EVT:INJURY_OR_FATALITY,1
COND:mechanical,CAUSES,EVT:ELECTRICAL_SYSTEM_FAILURE,2
COND:mechanical,CONTRIBUTES_TO,EVT:ELECTRICAL_SYSTEM_FAILURE,1
COND:mechanical,CAUSES,COND:electrical,1
COND:mechanical,ENABLES,EVT:FLAP_OVERSPEED,1
COND:mechanical,CAUSES,COND:perceptual,1
COND:mechanical,CAUSES,COND:human,1
COND:mechanical,CAUSES,EVT:STALL,2
COND:mechanical,CONTRIBUTES_TO,EVT:STALL,1
COND:mechanical,CAUSES,COND:information,1
COND:mechanical,UNDER_CONDITION,EVT:PROCEDURE_FOLLOWED,1
COND:mechanical,MITIGATES,EVT:SUCCESSFUL_RECOVERY,1
COND:mechanical,CAUSES,EVT:AERODYNAMIC_FLUTTER,1
COND:mechanical,CAUSES,EVT:FLAP_ANOMALY,1
COND:mechanical,CAUSES,EVT:PRESSURIZATION_ANOMALY,1
COND:mechanical,CAUSES,EVT:PROPELLER_ANOMALY,1
COND:mechanical,CONTRIBUTES_TO,EVT:EMERGENCY_LANDING,1
COND:mechanical,CAUSES,COND:structural,1
EVT:RUNWAY_EXCURSION_OR_OVERRUN,CAUSES,EVT:GROUND_IMPACT,150
EVT:RUNWAY_EXCURSION_OR_OVERRUN,CONCURRENT,EVT:GROUND_IMPACT,1
EVT:RUNWAY_EXCURSION_OR_OVERRUN,PRECEDES,EVT:GROUND_IMPACT,1
EVT:RUNWAY_EXCURSION_OR_OVERRUN,CAUSES,EVT:LANDING_GEAR_ANOMALY,15
EVT:RUNWAY_EXCURSION_OR_OVERRUN,CONCURRENT,EVT:LANDING_GEAR_ANOMALY,2
EVT:RUNWAY_EXCURSION_OR_OVERRUN,TRIGGERS,EVT:LANDING_GEAR_ANOMALY,18
EVT:RUNWAY_EXCURSION_OR_OVERRUN,CONTRIBUTES_TO,EVT:LANDING_GEAR_ANOMALY,1
EVT:RUNWAY_EXCURSION_OR_OVERRUN,PRECEDES,EVT:LANDING_GEAR_ANOMALY,1
EVT:RUNWAY_EXCURSION_OR_OVERRUN,CAUSES,ENT:aircraft,1
EVT:RUNWAY_EXCURSION_OR_OVERRUN,UNDER_CONDITION,ENT:aircraft,1
EVT:RUNWAY_EXCURSION_OR_OVERRUN,AFFECTS,ENT:aircraft,1
EVT:RUNWAY_EXCURSION_OR_OVERRUN,RESPONDS_TO,EVT:CONTROL_INPUT_IMPROPER,11
EVT:RUNWAY_EXCURSION_OR_OVERRUN,TRIGGERS,EVT:CONTROL_INPUT_IMPROPER,4
EVT:RUNWAY_EXCURSION_OR_OVERRUN,PRECEDES,EVT:CONTROL_INPUT_IMPROPER,1
EVT:RUNWAY_EXCURSION_OR_OVERRUN,CAUSES,EVT:CONTROL_INPUT_IMPROPER,1
EVT:RUNWAY_EXCURSION_OR_OVERRUN,CAUSES,EVT:STRUCTURAL_OVERLOAD,8
EVT:RUNWAY_EXCURSION_OR_OVERRUN,UNDER_CONDITION,COND:environmental,23
EVT:RUNWAY_EXCURSION_OR_OVERRUN,ENABLES,COND:environmental,1
EVT:RUNWAY_EXCURSION_OR_OVERRUN,CAUSES,EVT:LOSS_OF_CONTROL_GROUND,6
EVT:RUNWAY_EXCURSION_OR_OVERRUN,TRIGGERS,EVT:LOSS_OF_CONTROL_GROUND,3
EVT:RUNWAY_EXCURSION_OR_OVERRUN,CONCURRENT,EVT:LOSS_OF_CONTROL_GROUND,2
EVT:RUNWAY_EXCURSION_OR_OVERRUN,PRECEDES,EVT:LOSS_OF_CONTROL_GROUND,3
EVT:RUNWAY_EXCURSION_OR_OVERRUN,CAUSES,EVT:INFLIGHT_FIRE_OR_SMOKE,2
EVT:RUNWAY_EXCURSION_OR_OVERRUN,UNDER_CONDITION,COND:mechanical,10
EVT:RUNWAY_EXCURSION_OR_OVERRUN,INDUCED_CONDITION,COND:mechanical,3
EVT:RUNWAY_EXCURSION_OR_OVERRUN,CAUSES,COND:mechanical,1
EVT:RUNWAY_EXCURSION_OR_OVERRUN,CAUSES,EVT:WATER_IMPACT,1
EVT:RUNWAY_EXCURSION_OR_OVERRUN,CONCURRENT,EVT:PROCEDURE_NOT_FOLLOWED,1
EVT:RUNWAY_EXCURSION_OR_OVERRUN,CAUSES,EVT:AIRFRAME_STRUCTURAL_FAILURE,9
EVT:RUNWAY_EXCURSION_OR_OVERRUN,TRIGGERS,EVT:AIRFRAME_STRUCTURAL_FAILURE,3
EVT:RUNWAY_EXCURSION_OR_OVERRUN,TRIGGERS,EVT:DECISION_INAPPROPRIATE,2
EVT:RUNWAY_EXCURSION_OR_OVERRUN,UNDER_CONDITION,COND:weather,3
EVT:RUNWAY_EXCURSION_OR_OVERRUN,CAUSES,EVT:RUNWAY_EXCURSION_OR_OVERRUN,5
EVT:RUNWAY_EXCURSION_OR_OVERRUN,TRIGGERS,EVT:EMERGENCY_LANDING,1
EVT:RUNWAY_EXCURSION_OR_OVERRUN,CAUSES,EVT:GROUND_COLLISION,1
EVT:RUNWAY_EXCURSION_OR_OVERRUN,CAUSES,EVT:SUCCESSFUL_RECOVERY,1
EVT:RUNWAY_EXCURSION_OR_OVERRUN,CONCURRENT,EVT:CONTROL_SURFACE_ANOMALY,1
EVT:GROUND_IMPACT,CAUSES,EVT:AIRFRAME_STRUCTURAL_FAILURE,29
EVT:GROUND_IMPACT,TRIGGERS,EVT:AIRFRAME_STRUCTURAL_FAILURE,4
EVT:GROUND_IMPACT,CAUSES,EVT:INJURY_OR_FATALITY,205
EVT:GROUND_IMPACT,CAUSES,EVT:RUNWAY_EXCURSION_OR_OVERRUN,14
EVT:GROUND_IMPACT,PRECEDES,EVT:RUNWAY_EXCURSION_OR_OVERRUN,1
EVT:GROUND_IMPACT,CONTRIBUTES_TO,EVT:RUNWAY_EXCURSION_OR_OVERRUN,1
EVT:GROUND_IMPACT,CAUSES,COND:environmental,2
EVT:GROUND_IMPACT,UNDER_CONDITION,COND:environmental,27
EVT:GROUND_IMPACT,CAUSES,EVT:STRUCTURAL_OVERLOAD,27
EVT:GROUND_IMPACT,CAUSES,EVT:GROUND_IMPACT,73
EVT:GROUND_IMPACT,CONCURRENT,EVT:GROUND_IMPACT,8
EVT:GROUND_IMPACT,CONTRIBUTES_TO,EVT:GROUND_IMPACT,1
EVT:GROUND_IMPACT,TRIGGERS,EVT:GROUND_IMPACT,1
EVT:GROUND_IMPACT,TRIGGERS,EVT:CONTROL_SURFACE_ANOMALY,2
EVT:GROUND_IMPACT,PRECEDES,EVT:CONTROL_SURFACE_ANOMALY,1
EVT:GROUND_IMPACT,CAUSES,EVT:LANDING_GEAR_ANOMALY,8
EVT:GROUND_IMPACT,TRIGGERS,EVT:LANDING_GEAR_ANOMALY,12
EVT:GROUND_IMPACT,CAUSES,EVT:WATER_IMPACT,5
EVT:GROUND_IMPACT,RESPONDS_TO,EVT:CONTROL_INPUT_IMPROPER,1
EVT:GROUND_IMPACT,TRIGGERS,EVT:CONTROL_INPUT_IMPROPER,4
EVT:GROUND_IMPACT,PRECEDES,EVT:CONTROL_INPUT_IMPROPER,2
EVT:GROUND_IMPACT,CAUSES,EVT:INFLIGHT_FIRE_OR_SMOKE,22
EVT:GROUND_IMPACT,AFFECTS,ENT:aircraft,1
EVT:GROUND_IMPACT,CAUSES,ENT:aircraft,3
EVT:GROUND_IMPACT,OUTCOME,ENT:aircraft,1
EVT:GROUND_IMPACT,CAUSES,EVT:TERRAIN_OR_OBSTACLE_PROXIMITY,1
EVT:GROUND_IMPACT,RESPONDS_TO,EVT:DECISION_INAPPROPRIATE,2
EVT:GROUND_IMPACT,TRIGGERS,EVT:DECISION_INAPPROPRIATE,1
EVT:GROUND_IMPACT,CAUSES,COND:mechanical,3
EVT:GROUND_IMPACT,ENABLES,COND:mechanical,1
EVT:GROUND_IMPACT,INDUCED_CONDITION,COND:mechanical,1
EVT:GROUND_IMPACT,CAUSES,COND:organizational,1
EVT:GROUND_IMPACT,CAUSES,EVT:STALL,2
EVT:GROUND_IMPACT,TRIGGERS,EVT:LOSS_OF_CONTROL_GROUND,3
EVT:GROUND_IMPACT,CAUSES,EVT:LOSS_OF_CONTROL_GROUND,1
EVT:GROUND_IMPACT,CAUSES,COND:maintenance,1
EVT:GROUND_IMPACT,UNDER_CONDITION,ENT:location,1
EVT:GROUND_IMPACT,UNDER_CONDITION,COND:weather,1
EVT:GROUND_IMPACT,CAUSES,EVT:INFLIGHT_BREAKUP,1
EVT:GROUND_IMPACT,CAUSES,EVT:EMERGENCY_LANDING,1
EVT:MAINTENANCE_INADEQUATE,CAUSES,COND:mechanical,294
EVT:MAINTENANCE_INADEQUATE,ENABLES,COND:mechanical,39
EVT:MAINTENANCE_INADEQUATE,CONTRIBUTES_TO,COND:mechanical,6
EVT:MAINTENANCE_INADEQUATE,INDUCED_CONDITION,COND:mechanical,48
EVT:MAINTENANCE_INADEQUATE,PREVENTS,COND:mechanical,2
EVT:MAINTENANCE_INADEQUATE,MASKED_BY_CONDITION,COND:mechanical,5
EVT:MAINTENANCE_INADEQUATE,INHIBITS,COND:mechanical,4
EVT:MAINTENANCE_INADEQUATE,MITIGATES,COND:mechanical,2
EVT:MAINTENANCE_INADEQUATE,DETECTS,COND:mechanical,1
EVT:MAINTENANCE_INADEQUATE,UNDER_CONDITION,COND:mechanical,1
EVT:MAINTENANCE_INADEQUATE,CONTRIBUTES_TO,EVT:MAINTENANCE_INADEQUATE,1
EVT:MAINTENANCE_INADEQUATE,CAUSES,EVT:MAINTENANCE_INADEQUATE,3
EVT:MAINTENANCE_INADEQUATE,CAUSES,COND:organizational,39
EVT:MAINTENANCE_INADEQUATE,INDUCED_CONDITION,COND:organizational,6
EVT:MAINTENANCE_INADEQUATE,CONTRIBUTES_TO,COND:organizational,1
EVT:MAINTENANCE_INADEQUATE,UNDER_CONDITION,COND:organizational,3
EVT:MAINTENANCE_INADEQUATE,RESPONDS_TO,COND:organizational,1
EVT:MAINTENANCE_INADEQUATE,CAUSES,COND:regulatory,2
EVT:MAINTENANCE_INADEQUATE,CAUSES,COND:latent_defect,17
EVT:MAINTENANCE_INADEQUATE,UNDER_CONDITION,COND:latent_defect,1
EVT:MAINTENANCE_INADEQUATE,ENABLES,COND:latent_defect,3
EVT:MAINTENANCE_INADEQUATE,INDUCED_CONDITION,COND:latent_defect,2
EVT:MAINTENANCE_INADEQUATE,CO_OCCURS,EVT:PERCEPTION_FAILURE,1
EVT:MAINTENANCE_INADEQUATE,CAUSES,EVT:AIRFRAME_STRUCTURAL_FAILURE,3
EVT:MAINTENANCE_INADEQUATE,CONTRIBUTES_TO,EVT:AIRFRAME_STRUCTURAL_FAILURE,2
EVT:MAINTENANCE_INADEQUATE,CONTRIBUTES_TO,EVT:INFLIGHT_FIRE_OR_SMOKE,1
EVT:MAINTENANCE_INADEQUATE,AFFECTED,ENT:component,2
EVT:MAINTENANCE_INADEQUATE,AFFECTED_BY,ENT:component,2
EVT:MAINTENANCE_INADEQUATE,AFFECTS,ENT:component,2
EVT:MAINTENANCE_INADEQUATE,MASKED_BY_CONDITION,COND:maintenance,1
EVT:MAINTENANCE_INADEQUATE,CAUSES,COND:maintenance,6
EVT:MAINTENANCE_INADEQUATE,INDUCED_CONDITION,COND:maintenance,2
EVT:MAINTENANCE_INADEQUATE,ENABLES,COND:structural,2
EVT:MAINTENANCE_INADEQUATE,CAUSES,COND:structural,3
EVT:MAINTENANCE_INADEQUATE,INDUCED_CONDITION,COND:structural,1
EVT:MAINTENANCE_INADEQUATE,SUPERVISED_BY,ENT:organization,3
EVT:MAINTENANCE_INADEQUATE,CAUSES,ENT:organization,1
EVT:MAINTENANCE_INADEQUATE,SUPERVISED_BY,ENT:aircraft,4
EVT:MAINTENANCE_INADEQUATE,CAUSES,COND:latent,4
EVT:MAINTENANCE_INADEQUATE,CAUSES,EVT:PROCEDURE_NOT_FOLLOWED,2
EVT:MAINTENANCE_INADEQUATE,CAUSES,EVT:LANDING_GEAR_ANOMALY,3
EVT:MAINTENANCE_INADEQUATE,CAUSES,EVT:DESIGN_DEFECT_LATENT,1
EVT:MAINTENANCE_INADEQUATE,PRECEDES,EVT:CONTROL_INPUT_IMPROPER,1
EVT:MAINTENANCE_INADEQUATE,CAUSES,COND:maintenance_inadequate,1
EVT:MAINTENANCE_INADEQUATE,CAUSES,EVT:CONTROL_SURFACE_ANOMALY,2
EVT:MAINTENANCE_INADEQUATE,CAUSES,EVT:FUEL_SYSTEM_ANOMALY,1
EVT:MAINTENANCE_INADEQUATE,CAUSES,COND:procedural,2
EVT:MAINTENANCE_INADEQUATE,CAUSES,COND:structural_defect,2
EVT:MAINTENANCE_INADEQUATE,SUPERVISED_BY,ENT:person,1
EVT:MAINTENANCE_INADEQUATE,CAUSES,COND:design,1
EVT:MAINTENANCE_INADEQUATE,CONTRIBUTES_TO,EVT:ORG_OR_REGULATORY_INADEQUATE,1
EVT:MAINTENANCE_INADEQUATE,RESPONDS_TO,ENT:document,1
EVT:INFLIGHT_FIRE_OR_SMOKE,CAUSES,EVT:CONTROL_SURFACE_ANOMALY,1
EVT:INFLIGHT_FIRE_OR_SMOKE,INDUCED_CONDITION,COND:environmental,18
EVT:INFLIGHT_FIRE_OR_SMOKE,CAUSES,COND:environmental,12
EVT:INFLIGHT_FIRE_OR_SMOKE,UNDER_CONDITION,COND:environmental,3
EVT:INFLIGHT_FIRE_OR_SMOKE,RESPONDS_TO,EVT:PROCEDURE_NOT_FOLLOWED,21
EVT:INFLIGHT_FIRE_OR_SMOKE,TRIGGERS,EVT:PROCEDURE_NOT_FOLLOWED,5
EVT:INFLIGHT_FIRE_OR_SMOKE,CAUSES,EVT:PROCEDURE_NOT_FOLLOWED,1
EVT:INFLIGHT_FIRE_OR_SMOKE,UNDER_CONDITION,COND:mechanical,10
EVT:INFLIGHT_FIRE_OR_SMOKE,CAUSES,COND:mechanical,5
EVT:INFLIGHT_FIRE_OR_SMOKE,INDUCED_CONDITION,COND:mechanical,1
EVT:INFLIGHT_FIRE_OR_SMOKE,CAUSES,EVT:HYDRAULIC_SYSTEM_FAILURE,1
EVT:INFLIGHT_FIRE_OR_SMOKE,CAUSES,EVT:GROUND_IMPACT,20
EVT:INFLIGHT_FIRE_OR_SMOKE,CONTRIBUTES_TO,EVT:GROUND_IMPACT,2
EVT:INFLIGHT_FIRE_OR_SMOKE,CAUSES,EVT:PERCEPTION_FAILURE,3
EVT:INFLIGHT_FIRE_OR_SMOKE,TRIGGERS,EVT:PERCEPTION_FAILURE,9
EVT:INFLIGHT_FIRE_OR_SMOKE,UNDER_CONDITION,ENT:component,2
EVT:INFLIGHT_FIRE_OR_SMOKE,CAUSES,EVT:INFLIGHT_FIRE_OR_SMOKE,14
EVT:INFLIGHT_FIRE_OR_SMOKE,TRIGGERS,EVT:INFLIGHT_FIRE_OR_SMOKE,1
EVT:INFLIGHT_FIRE_OR_SMOKE,CAUSES,EVT:DECISION_INAPPROPRIATE,4
EVT:INFLIGHT_FIRE_OR_SMOKE,RESPONDS_TO,EVT:DECISION_INAPPROPRIATE,5
EVT:INFLIGHT_FIRE_OR_SMOKE,TRIGGERS,EVT:DECISION_INAPPROPRIATE,4
EVT:INFLIGHT_FIRE_OR_SMOKE,CAUSES,EVT:INFLIGHT_BREAKUP,4
EVT:INFLIGHT_FIRE_OR_SMOKE,CAUSES,EVT:AIRFRAME_STRUCTURAL_FAILURE,4
EVT:INFLIGHT_FIRE_OR_SMOKE,TRIGGERS,EVT:SUCCESSFUL_RECOVERY,1
EVT:INFLIGHT_FIRE_OR_SMOKE,RESPONDS_TO,EVT:SUCCESSFUL_RECOVERY,3
EVT:INFLIGHT_FIRE_OR_SMOKE,CAUSES,EVT:SUCCESSFUL_RECOVERY,1
EVT:INFLIGHT_FIRE_OR_SMOKE,CAUSES,EVT:ENGINE_FAILURE,6
EVT:INFLIGHT_FIRE_OR_SMOKE,RESPONDS_TO,EVT:PROCEDURE_FOLLOWED,1
EVT:INFLIGHT_FIRE_OR_SMOKE,CAUSES,EVT:EMERGENCY_LANDING,14
EVT:INFLIGHT_FIRE_OR_SMOKE,RESPONDS_TO,EVT:EMERGENCY_LANDING,1
EVT:INFLIGHT_FIRE_OR_SMOKE,TRIGGERS,EVT:EMERGENCY_LANDING,2
EVT:INFLIGHT_FIRE_OR_SMOKE,CAUSES,EVT:FUEL_SYSTEM_ANOMALY,3
EVT:INFLIGHT_FIRE_OR_SMOKE,INDUCED_CONDITION,COND:psychological,1
EVT:INFLIGHT_FIRE_OR_SMOKE,TRIGGERS,EVT:INSTRUMENT_OR_AVIONICS_FAILURE,3
EVT:INFLIGHT_FIRE_OR_SMOKE,CAUSES,EVT:INSTRUMENT_OR_AVIONICS_FAILURE,5
EVT:INFLIGHT_FIRE_OR_SMOKE,INHIBITS,EVT:INSTRUMENT_OR_AVIONICS_FAILURE,1
EVT:INFLIGHT_FIRE_OR_SMOKE,CAUSES,EVT:LANDING_GEAR_ANOMALY,1
EVT:INFLIGHT_FIRE_OR_SMOKE,CONCURRENT,EVT:LANDING_GEAR_ANOMALY,1
EVT:INFLIGHT_FIRE_OR_SMOKE,CAUSES,EVT:LOSS_OF_CONTROL_INFLIGHT,1
EVT:INFLIGHT_FIRE_OR_SMOKE,CAUSES,EVT:INJURY_OR_FATALITY,2
EVT:INFLIGHT_FIRE_OR_SMOKE,CONTRIBUTES_TO,EVT:INJURY_OR_FATALITY,1
EVT:INFLIGHT_FIRE_OR_SMOKE,UNDER_CONDITION,COND:unknown,1
EVT:INFLIGHT_FIRE_OR_SMOKE,INDUCED_CONDITION,COND:thermal,1
EVT:INFLIGHT_FIRE_OR_SMOKE,INDUCED_CONDITION,COND:physiological,1
EVT:CONTROL_SURFACE_ANOMALY,CAUSES,EVT:LOSS_OF_CONTROL_INFLIGHT,180
EVT:CONTROL_SURFACE_ANOMALY,CONTRIBUTES_TO,EVT:LOSS_OF_CONTROL_INFLIGHT,2
EVT:CONTROL_SURFACE_ANOMALY,TRIGGERS,EVT:LOSS_OF_CONTROL_INFLIGHT,1
EVT:CONTROL_SURFACE_ANOMALY,CAUSES,EVT:GROUND_IMPACT,35
EVT:CONTROL_SURFACE_ANOMALY,CONTRIBUTES_TO,EVT:GROUND_IMPACT,6
EVT:CONTROL_SURFACE_ANOMALY,CAUSES,EVT:INJURY_OR_FATALITY,1
EVT:CONTROL_SURFACE_ANOMALY,TRIGGERS,EVT:DECISION_INAPPROPRIATE,22
EVT:CONTROL_SURFACE_ANOMALY,CAUSES,EVT:DECISION_INAPPROPRIATE,6
EVT:CONTROL_SURFACE_ANOMALY,RESPONDS_TO,EVT:DECISION_INAPPROPRIATE,15
EVT:CONTROL_SURFACE_ANOMALY,UNDER_CONDITION,COND:mechanical,85
EVT:CONTROL_SURFACE_ANOMALY,CAUSES,COND:mechanical,28
EVT:CONTROL_SURFACE_ANOMALY,INDUCED_CONDITION,COND:mechanical,56
EVT:CONTROL_SURFACE_ANOMALY,TRIGGERS,COND:mechanical,2
EVT:CONTROL_SURFACE_ANOMALY,UNDER_CONDITION,COND:environmental,5
EVT:CONTROL_SURFACE_ANOMALY,INDUCED_CONDITION,COND:environmental,2
EVT:CONTROL_SURFACE_ANOMALY,CAUSES,EVT:STRUCTURAL_OVERLOAD,20
EVT:CONTROL_SURFACE_ANOMALY,CAUSES,EVT:INFLIGHT_BREAKUP,3
EVT:CONTROL_SURFACE_ANOMALY,RESPONDS_TO,EVT:PROCEDURE_NOT_FOLLOWED,38
EVT:CONTROL_SURFACE_ANOMALY,TRIGGERS,EVT:PROCEDURE_NOT_FOLLOWED,9
EVT:CONTROL_SURFACE_ANOMALY,CAUSES,EVT:PROCEDURE_NOT_FOLLOWED,3
EVT:CONTROL_SURFACE_ANOMALY,CAUSES,EVT:RUNWAY_EXCURSION_OR_OVERRUN,10
EVT:CONTROL_SURFACE_ANOMALY,CAUSES,EVT:ENGINE_FAILURE,38
EVT:CONTROL_SURFACE_ANOMALY,CONTRIBUTES_TO,EVT:ENGINE_FAILURE,1
EVT:CONTROL_SURFACE_ANOMALY,CAUSES,EVT:CONTROL_SURFACE_ANOMALY,23
EVT:CONTROL_SURFACE_ANOMALY,CONCURRENT,EVT:CONTROL_SURFACE_ANOMALY,1
EVT:CONTROL_SURFACE_ANOMALY,PRECEDES,EVT:CONTROL_SURFACE_ANOMALY,2
EVT:CONTROL_SURFACE_ANOMALY,CO_OCCURS,EVT:CONTROL_SURFACE_ANOMALY,1
EVT:CONTROL_SURFACE_ANOMALY,CAUSES,EVT:AIRFRAME_STRUCTURAL_FAILURE,38
EVT:CONTROL_SURFACE_ANOMALY,CONTRIBUTES_TO,EVT:AIRFRAME_STRUCTURAL_FAILURE,2
EVT:CONTROL_SURFACE_ANOMALY,TRIGGERS,EVT:AIRFRAME_STRUCTURAL_FAILURE,2
EVT:CONTROL_SURFACE_ANOMALY,CAUSES,EVT:PERCEPTION_FAILURE,9
EVT:CONTROL_SURFACE_ANOMALY,TRIGGERS,EVT:PERCEPTION_FAILURE,10
EVT:CONTROL_SURFACE_ANOMALY,RESPONDS_TO,EVT:PERCEPTION_FAILURE,1
EVT:CONTROL_SURFACE_ANOMALY,CAUSES,EVT:LOSS_OF_CONTROL_GROUND,17
EVT:CONTROL_SURFACE_ANOMALY,CAUSES,EVT:BIRD_OR_WILDLIFE_STRIKE,2
EVT:CONTROL_SURFACE_ANOMALY,RESPONDS_TO,EVT:CONTROL_INPUT_IMPROPER,22
EVT:CONTROL_SURFACE_ANOMALY,TRIGGERS,EVT:CONTROL_INPUT_IMPROPER,16
EVT:CONTROL_SURFACE_ANOMALY,CAUSES,EVT:CONTROL_INPUT_IMPROPER,14
EVT:CONTROL_SURFACE_ANOMALY,CONTRIBUTES_TO,EVT:CONTROL_INPUT_IMPROPER,2
EVT:CONTROL_SURFACE_ANOMALY,INHIBITS,EVT:CONTROL_INPUT_IMPROPER,1
EVT:CONTROL_SURFACE_ANOMALY,UNDER_CONDITION,ENT:component,6
EVT:CONTROL_SURFACE_ANOMALY,AFFECTS,ENT:component,1
EVT:CONTROL_SURFACE_ANOMALY,CAUSES,ENT:component,1
EVT:CONTROL_SURFACE_ANOMALY,AFFECTED_BY,ENT:component,1
EVT:CONTROL_SURFACE_ANOMALY,CAUSES,EVT:ALTITUDE_DEVIATION_UNCONTROLLED,4
EVT:CONTROL_SURFACE_ANOMALY,TRIGGERS,EVT:INSTRUMENT_OR_AVIONICS_FAILURE,1
EVT:CONTROL_SURFACE_ANOMALY,CAUSES,EVT:INSTRUMENT_OR_AVIONICS_FAILURE,3
EVT:CONTROL_SURFACE_ANOMALY,CAUSES,EVT:STALL,2
EVT:CONTROL_SURFACE_ANOMALY,CONTRIBUTES_TO,EVT:STALL,3
EVT:CONTROL_SURFACE_ANOMALY,UNDER_CONDITION,ENT:aircraft,1
EVT:CONTROL_SURFACE_ANOMALY,AFFECTS,ENT:aircraft,1
EVT:CONTROL_SURFACE_ANOMALY,TRIGGERS,EVT:AUTOMATION_ANOMALY,1
EVT:CONTROL_SURFACE_ANOMALY,CAUSES,EVT:AUTOMATION_ANOMALY,1
EVT:CONTROL_SURFACE_ANOMALY,INDUCED_CONDITION,COND:aerodynamic,2
EVT:CONTROL_SURFACE_ANOMALY,CAUSES,COND:aerodynamic,1
EVT:CONTROL_SURFACE_ANOMALY,CAUSES,EVT:EMERGENCY_SYSTEM_FAILURE,1
EVT:CONTROL_SURFACE_ANOMALY,RESPONDS_TO,EVT:PROCEDURE_FOLLOWED,1
EVT:CONTROL_SURFACE_ANOMALY,INDUCED_CONDITION,COND:human_factor,1
EVT:CONTROL_SURFACE_ANOMALY,INDUCED_CONDITION,COND:procedural,1
EVT:CONTROL_SURFACE_ANOMALY,CAUSES,EVT:EMERGENCY_LANDING,10
EVT:CONTROL_SURFACE_ANOMALY,CAUSES,EVT:INFLIGHT_FIRE_OR_SMOKE,5
EVT:CONTROL_SURFACE_ANOMALY,CAUSES,EVT:PILOT_INCAPACITATION_OR_IMPAIRMENT,1
EVT:CONTROL_SURFACE_ANOMALY,UNDER_CONDITION,COND:weather,1
EVT:CONTROL_SURFACE_ANOMALY,CAUSES,EVT:SUCCESSFUL_RECOVERY,4
EVT:CONTROL_SURFACE_ANOMALY,CONTRIBUTES_TO,EVT:WATER_IMPACT,1
EVT:CONTROL_SURFACE_ANOMALY,CAUSES,EVT:GROUND_PERSONNEL_ERROR,1
EVT:CONTROL_SURFACE_ANOMALY,CAUSES,EVT:LANDING_GEAR_ANOMALY,1
EVT:CONTROL_SURFACE_ANOMALY,CAUSES,EVT:AERODYNAMIC_STATE,1
EVT:CONTROL_SURFACE_ANOMALY,CAUSES,COND:latent_defect,1
EVT:LOSS_OF_CONTROL_INFLIGHT,RESPONDS_TO,EVT:PROCEDURE_NOT_FOLLOWED,76
EVT:LOSS_OF_CONTROL_INFLIGHT,TRIGGERS,EVT:PROCEDURE_NOT_FOLLOWED,3
EVT:LOSS_OF_CONTROL_INFLIGHT,ENABLES,EVT:PROCEDURE_NOT_FOLLOWED,1
EVT:LOSS_OF_CONTROL_INFLIGHT,CAUSES,EVT:PROCEDURE_NOT_FOLLOWED,1
EVT:LOSS_OF_CONTROL_INFLIGHT,CAUSES,EVT:GROUND_IMPACT,268
EVT:LOSS_OF_CONTROL_INFLIGHT,CONTRIBUTES_TO,EVT:GROUND_IMPACT,2
EVT:LOSS_OF_CONTROL_INFLIGHT,RESPONDS_TO,EVT:CONTROL_INPUT_IMPROPER,80
EVT:LOSS_OF_CONTROL_INFLIGHT,TRIGGERS,EVT:CONTROL_INPUT_IMPROPER,2
EVT:LOSS_OF_CONTROL_INFLIGHT,CAUSES,EVT:CONTROL_INPUT_IMPROPER,1
EVT:LOSS_OF_CONTROL_INFLIGHT,CAUSES,EVT:INFLIGHT_BREAKUP,3
EVT:LOSS_OF_CONTROL_INFLIGHT,RESPONDS_TO,EVT:EMERGENCY_LANDING,11
EVT:LOSS_OF_CONTROL_INFLIGHT,CAUSES,EVT:EMERGENCY_LANDING,9
EVT:LOSS_OF_CONTROL_INFLIGHT,TRIGGERS,EVT:EMERGENCY_LANDING,1
EVT:LOSS_OF_CONTROL_INFLIGHT,CAUSES,EVT:LOSS_OF_CONTROL_INFLIGHT,9
EVT:LOSS_OF_CONTROL_INFLIGHT,UNDER_CONDITION,COND:weather,2
EVT:LOSS_OF_CONTROL_INFLIGHT,CAUSES,EVT:WATER_IMPACT,18
EVT:LOSS_OF_CONTROL_INFLIGHT,RESPONDS_TO,EVT:DECISION_INAPPROPRIATE,20
EVT:LOSS_OF_CONTROL_INFLIGHT,TRIGGERS,EVT:DECISION_INAPPROPRIATE,2
EVT:LOSS_OF_CONTROL_INFLIGHT,CAUSES,EVT:DECISION_INAPPROPRIATE,1
EVT:LOSS_OF_CONTROL_INFLIGHT,CAUSES,EVT:ALTITUDE_DEVIATION_UNCONTROLLED,2
EVT:LOSS_OF_CONTROL_INFLIGHT,CAUSES,EVT:STALL,3
EVT:LOSS_OF_CONTROL_INFLIGHT,UNDER_CONDITION,COND:environmental,6
EVT:LOSS_OF_CONTROL_INFLIGHT,CONCURRENT,COND:environmental,1
EVT:LOSS_OF_CONTROL_INFLIGHT,CAUSES,EVT:INJURY_OR_FATALITY,4
EVT:LOSS_OF_CONTROL_INFLIGHT,CAUSES,EVT:AIRFRAME_STRUCTURAL_FAILURE,2
EVT:LOSS_OF_CONTROL_INFLIGHT,CAUSES,EVT:STRUCTURAL_OVERLOAD,5
EVT:LOSS_OF_CONTROL_INFLIGHT,CONTRIBUTES_TO,EVT:STRUCTURAL_OVERLOAD,1
EVT:LOSS_OF_CONTROL_INFLIGHT,RESPONDS_TO,EVT:SUCCESSFUL_RECOVERY,12
EVT:LOSS_OF_CONTROL_INFLIGHT,CAUSES,EVT:SUCCESSFUL_RECOVERY,2
EVT:LOSS_OF_CONTROL_INFLIGHT,UNDER_CONDITION,COND:mechanical,3
EVT:LOSS_OF_CONTROL_INFLIGHT,INDUCED_CONDITION,COND:mechanical,1
EVT:LOSS_OF_CONTROL_INFLIGHT,TRIGGERS,EVT:PERCEPTION_FAILURE,1
EVT:LOSS_OF_CONTROL_INFLIGHT,CAUSES,EVT:PERCEPTION_FAILURE,1
EVT:LOSS_OF_CONTROL_INFLIGHT,CAUSES,EVT:PILOT_INCAPACITATION_OR_IMPAIRMENT,4
EVT:LOSS_OF_CONTROL_INFLIGHT,CAUSES,EVT:RUNWAY_EXCURSION_OR_OVERRUN,4
EVT:LOSS_OF_CONTROL_INFLIGHT,CAUSES,EVT:CONTROL_SURFACE_ANOMALY,1
EVT:LOSS_OF_CONTROL_INFLIGHT,INDUCED_CONDITION,COND:aerodynamic,3
EVT:LOSS_OF_CONTROL_INFLIGHT,UNDER_CONDITION,COND:physiological,1
EVT:LOSS_OF_CONTROL_INFLIGHT,CONCURRENT,EVT:ENGINE_FAILURE,1
EVT:LOSS_OF_CONTROL_INFLIGHT,CAUSES,EVT:ENGINE_FAILURE,1
EVT:LOSS_OF_CONTROL_INFLIGHT,TRIGGERS,EVT:CREW_COORDINATION_FAILURE,1
EVT:LOSS_OF_CONTROL_INFLIGHT,CAUSES,EVT:LOSS_OF_CONTROL_GROUND,1
EVT:PROCEDURE_NOT_FOLLOWED,CAUSES,EVT:RUNWAY_EXCURSION_OR_OVERRUN,21
EVT:PROCEDURE_NOT_FOLLOWED,CONTRIBUTES_TO,EVT:RUNWAY_EXCURSION_OR_OVERRUN,4
EVT:PROCEDURE_NOT_FOLLOWED,CONCURRENT,EVT:RUNWAY_EXCURSION_OR_OVERRUN,1
EVT:PROCEDURE_NOT_FOLLOWED,MITIGATES,EVT:RUNWAY_EXCURSION_OR_OVERRUN,1
EVT:PROCEDURE_NOT_FOLLOWED,PRECEDES,EVT:RUNWAY_EXCURSION_OR_OVERRUN,1
EVT:PROCEDURE_NOT_FOLLOWED,UNDER_CONDITION,COND:human_factor,1
EVT:PROCEDURE_NOT_FOLLOWED,CAUSES,EVT:CONTROL_INPUT_IMPROPER,10
EVT:PROCEDURE_NOT_FOLLOWED,CONTRIBUTES_TO,EVT:CONTROL_INPUT_IMPROPER,4
EVT:PROCEDURE_NOT_FOLLOWED,TRIGGERS,EVT:CONTROL_INPUT_IMPROPER,4
EVT:PROCEDURE_NOT_FOLLOWED,PRECEDES,EVT:CONTROL_INPUT_IMPROPER,4
EVT:PROCEDURE_NOT_FOLLOWED,CONTAINS,EVT:CONTROL_INPUT_IMPROPER,1
EVT:PROCEDURE_NOT_FOLLOWED,CONCURRENT,EVT:CONTROL_INPUT_IMPROPER,3
EVT:PROCEDURE_NOT_FOLLOWED,RESPONDS_TO,EVT:CONTROL_INPUT_IMPROPER,1
EVT:PROCEDURE_NOT_FOLLOWED,ENABLES,EVT:CONTROL_INPUT_IMPROPER,1
EVT:PROCEDURE_NOT_FOLLOWED,CONTRIBUTES_TO,COND:mechanical,2
EVT:PROCEDURE_NOT_FOLLOWED,INDUCED_CONDITION,COND:mechanical,22
EVT:PROCEDURE_NOT_FOLLOWED,CAUSES,COND:mechanical,73
EVT:PROCEDURE_NOT_FOLLOWED,ENABLES,COND:mechanical,20
EVT:PROCEDURE_NOT_FOLLOWED,TRIGGERS,COND:mechanical,3
EVT:PROCEDURE_NOT_FOLLOWED,DETECTS,COND:mechanical,2
EVT:PROCEDURE_NOT_FOLLOWED,INHIBITS,COND:mechanical,3
EVT:PROCEDURE_NOT_FOLLOWED,PREVENTS,COND:mechanical,3
EVT:PROCEDURE_NOT_FOLLOWED,RESPONDS_TO,COND:mechanical,4
EVT:PROCEDURE_NOT_FOLLOWED,MASKED_BY_CONDITION,COND:mechanical,3
EVT:PROCEDURE_NOT_FOLLOWED,UNDER_CONDITION,COND:mechanical,5
EVT:PROCEDURE_NOT_FOLLOWED,CAUSES,EVT:EMERGENCY_LANDING,46
EVT:PROCEDURE_NOT_FOLLOWED,ENABLES,EVT:EMERGENCY_LANDING,1
EVT:PROCEDURE_NOT_FOLLOWED,MITIGATES,EVT:EMERGENCY_LANDING,1
EVT:PROCEDURE_NOT_FOLLOWED,CONTRIBUTES_TO,EVT:EMERGENCY_LANDING,2
EVT:PROCEDURE_NOT_FOLLOWED,CAUSES,EVT:ALTITUDE_DEVIATION_UNCONTROLLED,4
EVT:PROCEDURE_NOT_FOLLOWED,CONTRIBUTES_TO,EVT:ALTITUDE_DEVIATION_UNCONTROLLED,1
EVT:PROCEDURE_NOT_FOLLOWED,CAUSES,EVT:SUCCESSFUL_RECOVERY,29
EVT:PROCEDURE_NOT_FOLLOWED,RESPONDS_TO,EVT:SUCCESSFUL_RECOVERY,1
EVT:PROCEDURE_NOT_FOLLOWED,CONTRIBUTES_TO,EVT:SUCCESSFUL_RECOVERY,2
EVT:PROCEDURE_NOT_FOLLOWED,MITIGATES,EVT:SUCCESSFUL_RECOVERY,2
EVT:PROCEDURE_NOT_FOLLOWED,CAUSES,EVT:BIRD_OR_WILDLIFE_STRIKE,2
EVT:PROCEDURE_NOT_FOLLOWED,CAUSES,EVT:WATER_IMPACT,4
EVT:PROCEDURE_NOT_FOLLOWED,CONTRIBUTES_TO,EVT:WATER_IMPACT,2
EVT:PROCEDURE_NOT_FOLLOWED,CONCURRENT,EVT:PERCEPTION_FAILURE,3
EVT:PROCEDURE_NOT_FOLLOWED,CONTRIBUTES_TO,EVT:PERCEPTION_FAILURE,1
EVT:PROCEDURE_NOT_FOLLOWED,TRIGGERS,EVT:PERCEPTION_FAILURE,3
EVT:PROCEDURE_NOT_FOLLOWED,CAUSES,EVT:PERCEPTION_FAILURE,3
EVT:PROCEDURE_NOT_FOLLOWED,CONTRIBUTES_TO,EVT:GROUND_IMPACT,12
EVT:PROCEDURE_NOT_FOLLOWED,CAUSES,EVT:GROUND_IMPACT,85
EVT:PROCEDURE_NOT_FOLLOWED,CONCURRENT,EVT:GROUND_IMPACT,2
EVT:PROCEDURE_NOT_FOLLOWED,MITIGATES,EVT:GROUND_IMPACT,1
EVT:PROCEDURE_NOT_FOLLOWED,CAUSES,EVT:DECISION_INAPPROPRIATE,32
EVT:PROCEDURE_NOT_FOLLOWED,CONCURRENT,EVT:DECISION_INAPPROPRIATE,2
EVT:PROCEDURE_NOT_FOLLOWED,TRIGGERS,EVT:DECISION_INAPPROPRIATE,2
EVT:PROCEDURE_NOT_FOLLOWED,CONTRIBUTES_TO,EVT:DECISION_INAPPROPRIATE,4
EVT:PROCEDURE_NOT_FOLLOWED,RESPONDS_TO,EVT:DECISION_INAPPROPRIATE,1
EVT:PROCEDURE_NOT_FOLLOWED,UNDER_CONDITION,COND:environmental,6
EVT:PROCEDURE_NOT_FOLLOWED,CAUSES,COND:environmental,2
EVT:PROCEDURE_NOT_FOLLOWED,PREVENTS,COND:environmental,1
EVT:PROCEDURE_NOT_FOLLOWED,CONCURRENT,EVT:PROCEDURE_NOT_FOLLOWED,8
EVT:PROCEDURE_NOT_FOLLOWED,CAUSES,EVT:PROCEDURE_NOT_FOLLOWED,10
EVT:PROCEDURE_NOT_FOLLOWED,PRECEDES,EVT:PROCEDURE_NOT_FOLLOWED,8
EVT:PROCEDURE_NOT_FOLLOWED,CONTRIBUTES_TO,EVT:PROCEDURE_NOT_FOLLOWED,4
EVT:PROCEDURE_NOT_FOLLOWED,RESPONDS_TO,EVT:PROCEDURE_NOT_FOLLOWED,2
EVT:PROCEDURE_NOT_FOLLOWED,TRIGGERS,EVT:PROCEDURE_NOT_FOLLOWED,1
EVT:PROCEDURE_NOT_FOLLOWED,CAUSES,EVT:LOSS_OF_CONTROL_INFLIGHT,6
EVT:PROCEDURE_NOT_FOLLOWED,CONCURRENT,EVT:LOSS_OF_CONTROL_INFLIGHT,1
EVT:PROCEDURE_NOT_FOLLOWED,CONTRIBUTES_TO,EVT:LOSS_OF_CONTROL_INFLIGHT,3
EVT:PROCEDURE_NOT_FOLLOWED,RESPONDS_TO,EVT:LOSS_OF_CONTROL_INFLIGHT,1
EVT:PROCEDURE_NOT_FOLLOWED,CAUSES,EVT:ENGINE_FAILURE,8
EVT:PROCEDURE_NOT_FOLLOWED,TRIGGERS,EVT:ENGINE_FAILURE,1
EVT:PROCEDURE_NOT_FOLLOWED,RESPONDS_TO,EVT:ENGINE_FAILURE,2
EVT:PROCEDURE_NOT_FOLLOWED,PREVENTS,EVT:ENGINE_FAILURE,1
EVT:PROCEDURE_NOT_FOLLOWED,UNDER_CONDITION,COND:design,1
EVT:PROCEDURE_NOT_FOLLOWED,UNDER_CONDITION,COND:weather,5
EVT:PROCEDURE_NOT_FOLLOWED,CAUSES,COND:weather,1
EVT:PROCEDURE_NOT_FOLLOWED,MITIGATES,EVT:AUTOMATION_ANOMALY,1
EVT:PROCEDURE_NOT_FOLLOWED,CAUSES,EVT:AUTOMATION_ANOMALY,2
EVT:PROCEDURE_NOT_FOLLOWED,CAUSES,EVT:STALL,4
EVT:PROCEDURE_NOT_FOLLOWED,UNDER_CONDITION,COND:human,1
EVT:PROCEDURE_NOT_FOLLOWED,CAUSES,EVT:CONTROL_SURFACE_ANOMALY,7
EVT:PROCEDURE_NOT_FOLLOWED,ENABLES,EVT:CONTROL_SURFACE_ANOMALY,1
EVT:PROCEDURE_NOT_FOLLOWED,TRIGGERS,EVT:CONTROL_SURFACE_ANOMALY,4
EVT:PROCEDURE_NOT_FOLLOWED,RESPONDS_TO,EVT:CONTROL_SURFACE_ANOMALY,1
EVT:PROCEDURE_NOT_FOLLOWED,PREVENTS,EVT:CONTROL_SURFACE_ANOMALY,1
EVT:PROCEDURE_NOT_FOLLOWED,CONCURRENT,EVT:CONTROL_SURFACE_ANOMALY,2
EVT:PROCEDURE_NOT_FOLLOWED,CAUSES,EVT:INSTRUMENT_OR_AVIONICS_FAILURE,6
EVT:PROCEDURE_NOT_FOLLOWED,RESPONDS_TO,EVT:INSTRUMENT_OR_AVIONICS_FAILURE,1
EVT:PROCEDURE_NOT_FOLLOWED,CAUSES,EVT:LANDING_GEAR_ANOMALY,30
EVT:PROCEDURE_NOT_FOLLOWED,TRIGGERS,EVT:LANDING_GEAR_ANOMALY,10
EVT:PROCEDURE_NOT_FOLLOWED,PREVENTS,EVT:LANDING_GEAR_ANOMALY,4
EVT:PROCEDURE_NOT_FOLLOWED,CONTRIBUTES_TO,EVT:LANDING_GEAR_ANOMALY,8
EVT:PROCEDURE_NOT_FOLLOWED,RESPONDS_TO,EVT:LANDING_GEAR_ANOMALY,3
EVT:PROCEDURE_NOT_FOLLOWED,MASKED_BY_CONDITION,EVT:LANDING_GEAR_ANOMALY,1
EVT:PROCEDURE_NOT_FOLLOWED,PRECEDES,EVT:LANDING_GEAR_ANOMALY,1
EVT:PROCEDURE_NOT_FOLLOWED,CAUSES,COND:information,1
EVT:PROCEDURE_NOT_FOLLOWED,CONTRIBUTES_TO,EVT:INJURY_OR_FATALITY,2
EVT:PROCEDURE_NOT_FOLLOWED,CAUSES,EVT:INJURY_OR_FATALITY,3
EVT:PROCEDURE_NOT_FOLLOWED,CAUSES,EVT:LOSS_OF_CONTROL_GROUND,1
EVT:PROCEDURE_NOT_FOLLOWED,ENABLES,EVT:LOSS_OF_CONTROL_GROUND,1
EVT:PROCEDURE_NOT_FOLLOWED,CONTRIBUTES_TO,EVT:LOSS_OF_CONTROL_GROUND,2
EVT:PROCEDURE_NOT_FOLLOWED,CAUSES,COND:organizational,3
EVT:PROCEDURE_NOT_FOLLOWED,CONTRIBUTES_TO,COND:organizational,1
EVT:PROCEDURE_NOT_FOLLOWED,MASKED_BY_CONDITION,COND:organizational,1
EVT:PROCEDURE_NOT_FOLLOWED,INDUCED_CONDITION,COND:organizational,1
EVT:PROCEDURE_NOT_FOLLOWED,UNDER_CONDITION,COND:organizational,2
EVT:PROCEDURE_NOT_FOLLOWED,CAUSES,EVT:SPATIAL_DISORIENTATION,1
EVT:PROCEDURE_NOT_FOLLOWED,UNDER_CONDITION,COND:latent_defect,1
EVT:PROCEDURE_NOT_FOLLOWED,CONTRIBUTES_TO,EVT:INFLIGHT_FIRE_OR_SMOKE,2
EVT:PROCEDURE_NOT_FOLLOWED,RESPONDS_TO,EVT:INFLIGHT_FIRE_OR_SMOKE,2
EVT:PROCEDURE_NOT_FOLLOWED,TRIGGERS,EVT:INFLIGHT_FIRE_OR_SMOKE,3
EVT:PROCEDURE_NOT_FOLLOWED,CAUSES,COND:system_state,1
EVT:PROCEDURE_NOT_FOLLOWED,CAUSES,EVT:AIRFRAME_STRUCTURAL_FAILURE,5
EVT:PROCEDURE_NOT_FOLLOWED,CONTRIBUTES_TO,EVT:AIRFRAME_STRUCTURAL_FAILURE,3
EVT:PROCEDURE_NOT_FOLLOWED,UNDER_CONDITION,COND:procedural,2
EVT:PROCEDURE_NOT_FOLLOWED,CAUSES,COND:procedural,2
EVT:PROCEDURE_NOT_FOLLOWED,INDUCED_CONDITION,COND:procedural,1
EVT:PROCEDURE_NOT_FOLLOWED,CAUSES,EVT:LOW_VISIBILITY_OR_IMC,1
EVT:PROCEDURE_NOT_FOLLOWED,SUPERVISED_BY,ENT:person,1
EVT:PROCEDURE_NOT_FOLLOWED,UNDER_CONDITION,ENT:person,1
EVT:PROCEDURE_NOT_FOLLOWED,MASKED_BY_CONDITION,COND:instrument,1
EVT:PROCEDURE_NOT_FOLLOWED,TRIGGERS,EVT:FUEL_SYSTEM_ANOMALY,1
EVT:PROCEDURE_NOT_FOLLOWED,INDUCED_CONDITION,COND:procedural_violation,1
EVT:PROCEDURE_NOT_FOLLOWED,INDUCED_CONDITION,COND:structural,1
EVT:PROCEDURE_NOT_FOLLOWED,CAUSES,COND:structural,1
EVT:PROCEDURE_NOT_FOLLOWED,CAUSES,EVT:TERRAIN_OR_OBSTACLE_PROXIMITY,3
EVT:PROCEDURE_NOT_FOLLOWED,CAUSES,COND:physiological,1
EVT:PROCEDURE_NOT_FOLLOWED,ENABLES,COND:physiological,1
EVT:PROCEDURE_NOT_FOLLOWED,CAUSES,EVT:LANDING_WITH_IMPROPER_CONFIG,1
EVT:PROCEDURE_NOT_FOLLOWED,TRIGGERS,COND:perceptual,1
EVT:PROCEDURE_NOT_FOLLOWED,RESPONDS_TO,EVT:ATC_OR_DISPATCH_INADEQUATE,1
EVT:PROCEDURE_NOT_FOLLOWED,TRIGGERS,EVT:FLIGHT_CONTROL_ANOMALY,1
EVT:PROCEDURE_NOT_FOLLOWED,CAUSES,EVT:HYDRAULIC_FAILURE,1
EVT:PROCEDURE_NOT_FOLLOWED,TRIGGERS,EVT:HYDRAULIC_SYSTEM_FAILURE,1
EVT:PROCEDURE_NOT_FOLLOWED,UNDER_CONDITION,ENT:component,1
EVT:PROCEDURE_NOT_FOLLOWED,AFFECTS,ENT:component,2
EVT:PROCEDURE_NOT_FOLLOWED,AFFECTED_BY,ENT:component,1
EVT:PROCEDURE_NOT_FOLLOWED,CAUSES,COND:latent,1
EVT:PROCEDURE_NOT_FOLLOWED,INDUCED_CONDITION,COND:aerodynamic,1
EVT:PROCEDURE_NOT_FOLLOWED,CAUSES,COND:aerodynamic,2
EVT:PROCEDURE_NOT_FOLLOWED,SUPERVISED_BY,ENT:aircraft,1
EVT:PROCEDURE_NOT_FOLLOWED,UNDER_CONDITION,COND:operational,1
EVT:PROCEDURE_NOT_FOLLOWED,CONTRIBUTES_TO,EVT:STRUCTURAL_OVERLOAD,2
EVT:PROCEDURE_NOT_FOLLOWED,CAUSES,EVT:STRUCTURAL_OVERLOAD,1
COND:latent_defect,CONTRIBUTES_TO,EVT:LANDING_GEAR_ANOMALY,1
COND:latent_defect,ENABLES,EVT:LANDING_GEAR_ANOMALY,1
COND:latent_defect,UNDER_CONDITION,EVT:LANDING_GEAR_ANOMALY,1
COND:latent_defect,CAUSES,EVT:INSTRUMENT_OR_AVIONICS_FAILURE,3
COND:latent_defect,ENABLES,EVT:INSTRUMENT_OR_AVIONICS_FAILURE,1
COND:latent_defect,CAUSES,EVT:MAINTENANCE_INADEQUATE,4
COND:latent_defect,CONTRIBUTES_TO,EVT:MAINTENANCE_INADEQUATE,1
COND:latent_defect,CAUSES,COND:mechanical,41
COND:latent_defect,CONTRIBUTES_TO,COND:mechanical,2
COND:latent_defect,ENABLES,COND:mechanical,5
COND:latent_defect,CAUSES,EVT:PROCEDURE_NOT_FOLLOWED,1
COND:latent_defect,CAUSES,EVT:INFLIGHT_FIRE_OR_SMOKE,4
COND:latent_defect,CONTRIBUTES_TO,EVT:INFLIGHT_FIRE_OR_SMOKE,2
COND:latent_defect,CAUSES,COND:latent_defect,3
COND:latent_defect,ENABLES,COND:latent_defect,1
COND:latent_defect,CAUSES,EVT:AIRFRAME_STRUCTURAL_FAILURE,7
COND:latent_defect,CONTRIBUTES_TO,EVT:AIRFRAME_STRUCTURAL_FAILURE,1
COND:latent_defect,UNDER_CONDITION,EVT:AIRFRAME_STRUCTURAL_FAILURE,1
COND:latent_defect,CONTRIBUTES_TO,EVT:LOSS_OF_CONTROL_GROUND,1
COND:latent_defect,CAUSES,EVT:FUEL_SYSTEM_ANOMALY,1
COND:latent_defect,CONTRIBUTES_TO,EVT:PILOT_INCAPACITATION_OR_IMPAIRMENT,1
COND:latent_defect,CAUSES,EVT:CONTROL_SURFACE_ANOMALY,4
COND:latent_defect,CONTRIBUTES_TO,EVT:CONTROL_SURFACE_ANOMALY,1
COND:latent_defect,UNDER_CONDITION,EVT:CONTROL_SURFACE_ANOMALY,1
COND:latent_defect,CAUSES,EVT:PROPELLER_FAILURE,1
COND:latent_defect,CAUSES,COND:environmental,1
EVT:LANDING_GEAR_ANOMALY,CAUSES,EVT:GROUND_IMPACT,166
EVT:LANDING_GEAR_ANOMALY,CONTRIBUTES_TO,EVT:GROUND_IMPACT,7
EVT:LANDING_GEAR_ANOMALY,TRIGGERS,EVT:GROUND_IMPACT,1
EVT:LANDING_GEAR_ANOMALY,RESPONDS_TO,EVT:DECISION_INAPPROPRIATE,19
EVT:LANDING_GEAR_ANOMALY,CONTRIBUTES_TO,EVT:DECISION_INAPPROPRIATE,1
EVT:LANDING_GEAR_ANOMALY,CAUSES,EVT:DECISION_INAPPROPRIATE,9
EVT:LANDING_GEAR_ANOMALY,TRIGGERS,EVT:DECISION_INAPPROPRIATE,5
EVT:LANDING_GEAR_ANOMALY,UNDER_CONDITION,COND:mechanical,93
EVT:LANDING_GEAR_ANOMALY,INDUCED_CONDITION,COND:mechanical,41
EVT:LANDING_GEAR_ANOMALY,CAUSES,COND:mechanical,16
EVT:LANDING_GEAR_ANOMALY,DETECTS,COND:mechanical,1
EVT:LANDING_GEAR_ANOMALY,MASKED_BY_CONDITION,COND:mechanical,1
EVT:LANDING_GEAR_ANOMALY,RESPONDS_TO,EVT:PROCEDURE_NOT_FOLLOWED,63
EVT:LANDING_GEAR_ANOMALY,TRIGGERS,EVT:PROCEDURE_NOT_FOLLOWED,13
EVT:LANDING_GEAR_ANOMALY,CAUSES,EVT:PROCEDURE_NOT_FOLLOWED,3
EVT:LANDING_GEAR_ANOMALY,CAUSES,EVT:LOSS_OF_CONTROL_INFLIGHT,3
EVT:LANDING_GEAR_ANOMALY,RESPONDS_TO,EVT:CONTROL_INPUT_IMPROPER,8
EVT:LANDING_GEAR_ANOMALY,CAUSES,EVT:CONTROL_INPUT_IMPROPER,9
EVT:LANDING_GEAR_ANOMALY,TRIGGERS,EVT:CONTROL_INPUT_IMPROPER,5
EVT:LANDING_GEAR_ANOMALY,CAUSES,EVT:FUEL_SYSTEM_ANOMALY,2
EVT:LANDING_GEAR_ANOMALY,CAUSES,EVT:INSTRUMENT_OR_AVIONICS_FAILURE,5
EVT:LANDING_GEAR_ANOMALY,MASKED_BY_CONDITION,EVT:INSTRUMENT_OR_AVIONICS_FAILURE,1
EVT:LANDING_GEAR_ANOMALY,TRIGGERS,EVT:INSTRUMENT_OR_AVIONICS_FAILURE,1
EVT:LANDING_GEAR_ANOMALY,CAUSES,EVT:RUNWAY_EXCURSION_OR_OVERRUN,72
EVT:LANDING_GEAR_ANOMALY,CONTRIBUTES_TO,EVT:RUNWAY_EXCURSION_OR_OVERRUN,2
EVT:LANDING_GEAR_ANOMALY,CAUSES,EVT:LOSS_OF_CONTROL_GROUND,56
EVT:LANDING_GEAR_ANOMALY,CAUSES,EVT:LANDING_GEAR_ANOMALY,34
EVT:LANDING_GEAR_ANOMALY,CONTRIBUTES_TO,EVT:LANDING_GEAR_ANOMALY,2
EVT:LANDING_GEAR_ANOMALY,CONCURRENT,EVT:LANDING_GEAR_ANOMALY,1
EVT:LANDING_GEAR_ANOMALY,TRIGGERS,EVT:LANDING_GEAR_ANOMALY,1
EVT:LANDING_GEAR_ANOMALY,CAUSES,EVT:EMERGENCY_LANDING,7
EVT:LANDING_GEAR_ANOMALY,RESPONDS_TO,EVT:EMERGENCY_LANDING,2
EVT:LANDING_GEAR_ANOMALY,AFFECTS,ENT:component,1
EVT:LANDING_GEAR_ANOMALY,UNDER_CONDITION,ENT:component,2
EVT:LANDING_GEAR_ANOMALY,CONTRIBUTES_TO,EVT:INJURY_OR_FATALITY,3
EVT:LANDING_GEAR_ANOMALY,CAUSES,EVT:INJURY_OR_FATALITY,1
EVT:LANDING_GEAR_ANOMALY,CAUSES,EVT:AIRFRAME_STRUCTURAL_FAILURE,13
EVT:LANDING_GEAR_ANOMALY,TRIGGERS,EVT:AIRFRAME_STRUCTURAL_FAILURE,1
EVT:LANDING_GEAR_ANOMALY,RESPONDS_TO,EVT:PROCEDURE_FOLLOWED,1
EVT:LANDING_GEAR_ANOMALY,CAUSES,COND:information,3
EVT:LANDING_GEAR_ANOMALY,INDUCED_CONDITION,COND:information,1
EVT:LANDING_GEAR_ANOMALY,CAUSES,EVT:STRUCTURAL_OVERLOAD,3
EVT:LANDING_GEAR_ANOMALY,CAUSES,EVT:INFLIGHT_FIRE_OR_SMOKE,4
EVT:LANDING_GEAR_ANOMALY,TRIGGERS,EVT:PERCEPTION_FAILURE,4
EVT:LANDING_GEAR_ANOMALY,RESPONDS_TO,EVT:PERCEPTION_FAILURE,1
EVT:LANDING_GEAR_ANOMALY,CAUSES,EVT:PERCEPTION_FAILURE,1
EVT:LANDING_GEAR_ANOMALY,CAUSES,EVT:ENGINE_FAILURE,1
EVT:LANDING_GEAR_ANOMALY,CAUSES,EVT:CONTROL_SURFACE_ANOMALY,1
EVT:LANDING_GEAR_ANOMALY,CAUSES,EVT:HYDRAULIC_SYSTEM_FAILURE,2
EVT:LANDING_GEAR_ANOMALY,CONCURRENT,EVT:SUCCESSFUL_RECOVERY,1
EVT:LANDING_GEAR_ANOMALY,MASKED_BY_CONDITION,COND:environmental,1
EVT:LANDING_GEAR_ANOMALY,UNDER_CONDITION,COND:environmental,1
EVT:LANDING_GEAR_ANOMALY,CAUSES,COND:physical,1
EVT:LANDING_GEAR_ANOMALY,TRIGGERS,EVT:RUNWAY_CONDITION_HAZARD,1
EVT:LANDING_GEAR_ANOMALY,CAUSES,EVT:GEAR_UP_LANDING,1
EVT:LANDING_GEAR_ANOMALY,CAUSES,ENT:aircraft,1
EVT:TAXI,CAUSES,EVT:LANDING_GEAR_ANOMALY,1
EVT:AIRFRAME_STRUCTURAL_FAILURE,CAUSES,EVT:EMERGENCY_LANDING,26
EVT:AIRFRAME_STRUCTURAL_FAILURE,TRIGGERS,EVT:EMERGENCY_LANDING,1
EVT:AIRFRAME_STRUCTURAL_FAILURE,CONTRIBUTES_TO,EVT:EMERGENCY_LANDING,2
EVT:AIRFRAME_STRUCTURAL_FAILURE,RESPONDS_TO,EVT:EMERGENCY_LANDING,1
EVT:AIRFRAME_STRUCTURAL_FAILURE,CAUSES,EVT:DECISION_INAPPROPRIATE,2
EVT:AIRFRAME_STRUCTURAL_FAILURE,TRIGGERS,EVT:DECISION_INAPPROPRIATE,7
EVT:AIRFRAME_STRUCTURAL_FAILURE,RESPONDS_TO,EVT:DECISION_INAPPROPRIATE,1
EVT:AIRFRAME_STRUCTURAL_FAILURE,CAUSES,EVT:INFLIGHT_FIRE_OR_SMOKE,15
EVT:AIRFRAME_STRUCTURAL_FAILURE,TRIGGERS,EVT:INFLIGHT_FIRE_OR_SMOKE,1
EVT:AIRFRAME_STRUCTURAL_FAILURE,CAUSES,COND:structural,1
EVT:AIRFRAME_STRUCTURAL_FAILURE,INDUCED_CONDITION,COND:structural,1
EVT:AIRFRAME_STRUCTURAL_FAILURE,UNDER_CONDITION,COND:structural,1
EVT:AIRFRAME_STRUCTURAL_FAILURE,CAUSES,EVT:CONTROL_SURFACE_ANOMALY,22
EVT:AIRFRAME_STRUCTURAL_FAILURE,CAUSES,COND:mechanical,12
EVT:AIRFRAME_STRUCTURAL_FAILURE,UNDER_CONDITION,COND:mechanical,41
EVT:AIRFRAME_STRUCTURAL_FAILURE,INDUCED_CONDITION,COND:mechanical,25
EVT:AIRFRAME_STRUCTURAL_FAILURE,ENABLES,COND:mechanical,1
EVT:AIRFRAME_STRUCTURAL_FAILURE,CAUSES,ENT:component,2
EVT:AIRFRAME_STRUCTURAL_FAILURE,UNDER_CONDITION,ENT:component,4
EVT:AIRFRAME_STRUCTURAL_FAILURE,AFFECTS,ENT:component,1
EVT:AIRFRAME_STRUCTURAL_FAILURE,CAUSES,EVT:LOSS_OF_CONTROL_INFLIGHT,108
EVT:AIRFRAME_STRUCTURAL_FAILURE,CONTRIBUTES_TO,EVT:LOSS_OF_CONTROL_INFLIGHT,3
EVT:AIRFRAME_STRUCTURAL_FAILURE,RESPONDS_TO,EVT:CONTROL_INPUT_IMPROPER,9
EVT:AIRFRAME_STRUCTURAL_FAILURE,TRIGGERS,EVT:CONTROL_INPUT_IMPROPER,2
EVT:AIRFRAME_STRUCTURAL_FAILURE,CONTRIBUTES_TO,EVT:CONTROL_INPUT_IMPROPER,1
EVT:AIRFRAME_STRUCTURAL_FAILURE,CAUSES,EVT:CONTROL_INPUT_IMPROPER,1
EVT:AIRFRAME_STRUCTURAL_FAILURE,CAUSES,EVT:GROUND_IMPACT,78
EVT:AIRFRAME_STRUCTURAL_FAILURE,CONTRIBUTES_TO,EVT:GROUND_IMPACT,2
EVT:AIRFRAME_STRUCTURAL_FAILURE,CAUSES,EVT:ENGINE_FAILURE,25
EVT:AIRFRAME_STRUCTURAL_FAILURE,CAUSES,EVT:AUTOMATION_ANOMALY,1
EVT:AIRFRAME_STRUCTURAL_FAILURE,CAUSES,EVT:BIRD_OR_WILDLIFE_STRIKE,1
EVT:AIRFRAME_STRUCTURAL_FAILURE,CAUSES,EVT:AIRFRAME_STRUCTURAL_FAILURE,62
EVT:AIRFRAME_STRUCTURAL_FAILURE,CONCURRENT,EVT:AIRFRAME_STRUCTURAL_FAILURE,1
EVT:AIRFRAME_STRUCTURAL_FAILURE,CONTRIBUTES_TO,EVT:AIRFRAME_STRUCTURAL_FAILURE,1
EVT:AIRFRAME_STRUCTURAL_FAILURE,PRECEDES,EVT:AIRFRAME_STRUCTURAL_FAILURE,1
EVT:AIRFRAME_STRUCTURAL_FAILURE,CO_OCCURS,EVT:AIRFRAME_STRUCTURAL_FAILURE,1
EVT:AIRFRAME_STRUCTURAL_FAILURE,CAUSES,EVT:STRUCTURAL_OVERLOAD,3
EVT:AIRFRAME_STRUCTURAL_FAILURE,CAUSES,EVT:PROPELLER_FAILURE,2
EVT:AIRFRAME_STRUCTURAL_FAILURE,CAUSES,EVT:INFLIGHT_BREAKUP,18
EVT:AIRFRAME_STRUCTURAL_FAILURE,CAUSES,EVT:RUNWAY_EXCURSION_OR_OVERRUN,4
EVT:AIRFRAME_STRUCTURAL_FAILURE,CONTRIBUTES_TO,EVT:RUNWAY_EXCURSION_OR_OVERRUN,1
EVT:AIRFRAME_STRUCTURAL_FAILURE,CAUSES,EVT:ALTITUDE_DEVIATION_UNCONTROLLED,1
EVT:AIRFRAME_STRUCTURAL_FAILURE,CAUSES,EVT:HYDRAULIC_SYSTEM_FAILURE,1
EVT:AIRFRAME_STRUCTURAL_FAILURE,CAUSES,EVT:STALL,1
EVT:AIRFRAME_STRUCTURAL_FAILURE,CAUSES,EVT:PERCEPTION_FAILURE,10
EVT:AIRFRAME_STRUCTURAL_FAILURE,TRIGGERS,EVT:PERCEPTION_FAILURE,9
EVT:AIRFRAME_STRUCTURAL_FAILURE,CAUSES,EVT:LOSS_OF_CONTROL_GROUND,7
EVT:AIRFRAME_STRUCTURAL_FAILURE,TRIGGERS,EVT:PROCEDURE_NOT_FOLLOWED,4
EVT:AIRFRAME_STRUCTURAL_FAILURE,RESPONDS_TO,EVT:PROCEDURE_NOT_FOLLOWED,6
EVT:AIRFRAME_STRUCTURAL_FAILURE,CAUSES,EVT:PROCEDURE_NOT_FOLLOWED,1
EVT:AIRFRAME_STRUCTURAL_FAILURE,CAUSES,EVT:TURBULENCE_ENCOUNTER,1
EVT:AIRFRAME_STRUCTURAL_FAILURE,INDUCED_CONDITION,COND:aerodynamic,2
EVT:AIRFRAME_STRUCTURAL_FAILURE,INDUCED_CONDITION,COND:environmental,1
EVT:AIRFRAME_STRUCTURAL_FAILURE,ENABLES,COND:environmental,1
EVT:AIRFRAME_STRUCTURAL_FAILURE,UNDER_CONDITION,COND:environmental,3
EVT:AIRFRAME_STRUCTURAL_FAILURE,CONCURRENT,COND:environmental,1
EVT:AIRFRAME_STRUCTURAL_FAILURE,CAUSES,EVT:SUCCESSFUL_RECOVERY,6
EVT:AIRFRAME_STRUCTURAL_FAILURE,TRIGGERS,EVT:SUCCESSFUL_RECOVERY,2
EVT:AIRFRAME_STRUCTURAL_FAILURE,RESPONDS_TO,EVT:SUCCESSFUL_RECOVERY,3
EVT:AIRFRAME_STRUCTURAL_FAILURE,CAUSES,EVT:PILOT_INCAPACITATION_OR_IMPAIRMENT,1
EVT:AIRFRAME_STRUCTURAL_FAILURE,TRIGGERS,EVT:INSTRUMENT_OR_AVIONICS_FAILURE,1
EVT:AIRFRAME_STRUCTURAL_FAILURE,CAUSES,EVT:INJURY_OR_FATALITY,6
EVT:AIRFRAME_STRUCTURAL_FAILURE,CAUSES,EVT:LOSS_OF_PRESSURE,1
EVT:AIRFRAME_STRUCTURAL_FAILURE,CAUSES,EVT:WATER_IMPACT,5
EVT:AIRFRAME_STRUCTURAL_FAILURE,CAUSES,EVT:FUEL_SYSTEM_ANOMALY,1
EVT:AIRFRAME_STRUCTURAL_FAILURE,CAUSES,ENT:aircraft,3
EVT:AIRFRAME_STRUCTURAL_FAILURE,AFFECTS,ENT:aircraft,2
EVT:AIRFRAME_STRUCTURAL_FAILURE,CAUSES,EVT:PROPULSION_ANOMALY,1
EVT:AIRFRAME_STRUCTURAL_FAILURE,TRIGGERS,EVT:PROCEDURE_FOLLOWED,1
EVT:AIRFRAME_STRUCTURAL_FAILURE,CAUSES,EVT:LANDING_GEAR_ANOMALY,7
EVT:AIRFRAME_STRUCTURAL_FAILURE,CAUSES,EVT:POWERTRAIN_ANOMALY,1
EVT:AIRFRAME_STRUCTURAL_FAILURE,UNDER_CONDITION,COND:weather,1
EVT:INJURY_OR_FATALITY,CAUSES,EVT:EMERGENCY_LANDING,1
EVT:INSTRUMENT_OR_AVIONICS_FAILURE,CAUSES,EVT:DECISION_INAPPROPRIATE,16
EVT:INSTRUMENT_OR_AVIONICS_FAILURE,RESPONDS_TO,EVT:DECISION_INAPPROPRIATE,14
EVT:INSTRUMENT_OR_AVIONICS_FAILURE,CONTRIBUTES_TO,EVT:DECISION_INAPPROPRIATE,2
EVT:INSTRUMENT_OR_AVIONICS_FAILURE,TRIGGERS,EVT:DECISION_INAPPROPRIATE,10
EVT:INSTRUMENT_OR_AVIONICS_FAILURE,CAUSES,EVT:PERCEPTION_FAILURE,10
EVT:INSTRUMENT_OR_AVIONICS_FAILURE,TRIGGERS,EVT:PERCEPTION_FAILURE,1
EVT:INSTRUMENT_OR_AVIONICS_FAILURE,ENABLES,EVT:PERCEPTION_FAILURE,1
EVT:INSTRUMENT_OR_AVIONICS_FAILURE,RESPONDS_TO,EVT:PERCEPTION_FAILURE,1
EVT:INSTRUMENT_OR_AVIONICS_FAILURE,UNDER_CONDITION,COND:weather,4
EVT:INSTRUMENT_OR_AVIONICS_FAILURE,CONCURRENT,COND:weather,1
EVT:INSTRUMENT_OR_AVIONICS_FAILURE,CAUSES,EVT:LOSS_OF_CONTROL_INFLIGHT,1
EVT:INSTRUMENT_OR_AVIONICS_FAILURE,CAUSES,COND:mechanical,19
EVT:INSTRUMENT_OR_AVIONICS_FAILURE,UNDER_CONDITION,COND:mechanical,31
EVT:INSTRUMENT_OR_AVIONICS_FAILURE,INDUCED_CONDITION,COND:mechanical,19
EVT:INSTRUMENT_OR_AVIONICS_FAILURE,CONCURRENT,COND:mechanical,1
EVT:INSTRUMENT_OR_AVIONICS_FAILURE,DETECTS,COND:mechanical,1
EVT:INSTRUMENT_OR_AVIONICS_FAILURE,MASKED_BY_CONDITION,COND:mechanical,2
EVT:INSTRUMENT_OR_AVIONICS_FAILURE,RESPONDS_TO,EVT:PROCEDURE_NOT_FOLLOWED,23
EVT:INSTRUMENT_OR_AVIONICS_FAILURE,CAUSES,EVT:PROCEDURE_NOT_FOLLOWED,5
EVT:INSTRUMENT_OR_AVIONICS_FAILURE,TRIGGERS,EVT:PROCEDURE_NOT_FOLLOWED,10
EVT:INSTRUMENT_OR_AVIONICS_FAILURE,MASKED_BY_CONDITION,COND:environmental,1
EVT:INSTRUMENT_OR_AVIONICS_FAILURE,UNDER_CONDITION,COND:environmental,3
EVT:INSTRUMENT_OR_AVIONICS_FAILURE,CAUSES,COND:environmental,2
EVT:INSTRUMENT_OR_AVIONICS_FAILURE,CAUSES,EVT:INSTRUMENT_OR_AVIONICS_FAILURE,13
EVT:INSTRUMENT_OR_AVIONICS_FAILURE,PRECEDES,EVT:INSTRUMENT_OR_AVIONICS_FAILURE,1
EVT:INSTRUMENT_OR_AVIONICS_FAILURE,TRIGGERS,EVT:INSTRUMENT_OR_AVIONICS_FAILURE,1
EVT:INSTRUMENT_OR_AVIONICS_FAILURE,CONCURRENT,EVT:INSTRUMENT_OR_AVIONICS_FAILURE,1
EVT:INSTRUMENT_OR_AVIONICS_FAILURE,INDUCED_CONDITION,COND:human,1
EVT:INSTRUMENT_OR_AVIONICS_FAILURE,CAUSES,EVT:AUTOMATION_ANOMALY,3
EVT:INSTRUMENT_OR_AVIONICS_FAILURE,CONTRIBUTES_TO,EVT:GROUND_IMPACT,1
EVT:INSTRUMENT_OR_AVIONICS_FAILURE,CAUSES,EVT:SPATIAL_DISORIENTATION,5
EVT:INSTRUMENT_OR_AVIONICS_FAILURE,CONCURRENT,EVT:CONTROL_SURFACE_ANOMALY,1
EVT:INSTRUMENT_OR_AVIONICS_FAILURE,CAUSES,EVT:CONTROL_SURFACE_ANOMALY,5
EVT:INSTRUMENT_OR_AVIONICS_FAILURE,CAUSES,COND:system,1
EVT:INSTRUMENT_OR_AVIONICS_FAILURE,CONTRIBUTES_TO,EVT:GROUND_PERSONNEL_ERROR,1
EVT:INSTRUMENT_OR_AVIONICS_FAILURE,CAUSES,EVT:ALTITUDE_DEVIATION_UNCONTROLLED,1
EVT:INSTRUMENT_OR_AVIONICS_FAILURE,CONTRIBUTES_TO,EVT:ALTITUDE_DEVIATION_UNCONTROLLED,1
EVT:INSTRUMENT_OR_AVIONICS_FAILURE,CONTRIBUTES_TO,EVT:INFLIGHT_FIRE_OR_SMOKE,1
EVT:INSTRUMENT_OR_AVIONICS_FAILURE,CAUSES,EVT:INFLIGHT_FIRE_OR_SMOKE,2
EVT:INSTRUMENT_OR_AVIONICS_FAILURE,PRECEDES,EVT:INFLIGHT_FIRE_OR_SMOKE,1
EVT:INSTRUMENT_OR_AVIONICS_FAILURE,CAUSES,COND:communication,1
EVT:INSTRUMENT_OR_AVIONICS_FAILURE,INDUCED_CONDITION,COND:perception,1
EVT:INSTRUMENT_OR_AVIONICS_FAILURE,RESPONDS_TO,EVT:PROCEDURE_FOLLOWED,1
EVT:INSTRUMENT_OR_AVIONICS_FAILURE,INDUCED_CONDITION,COND:psychological,1
EVT:INSTRUMENT_OR_AVIONICS_FAILURE,RESPONDS_TO,EVT:CONTROL_INPUT_IMPROPER,3
EVT:INSTRUMENT_OR_AVIONICS_FAILURE,CONTRIBUTES_TO,EVT:CONTROL_INPUT_IMPROPER,1
EVT:INSTRUMENT_OR_AVIONICS_FAILURE,TRIGGERS,EVT:CONTROL_INPUT_IMPROPER,2
EVT:INSTRUMENT_OR_AVIONICS_FAILURE,CAUSES,EVT:CONTROL_INPUT_IMPROPER,1
EVT:INSTRUMENT_OR_AVIONICS_FAILURE,CAUSES,EVT:ENGINE_FAILURE,3
EVT:INSTRUMENT_OR_AVIONICS_FAILURE,CONTRIBUTES_TO,EVT:AIRFRAME_STRUCTURAL_FAILURE,1
EVT:INSTRUMENT_OR_AVIONICS_FAILURE,CAUSES,EVT:EMERGENCY_LANDING,3
EVT:INSTRUMENT_OR_AVIONICS_FAILURE,CAUSES,COND:instrument,1
EVT:INSTRUMENT_OR_AVIONICS_FAILURE,TRIGGERS,EVT:MAINTENANCE_INADEQUATE,1
EVT:INSTRUMENT_OR_AVIONICS_FAILURE,CONTRIBUTES_TO,EVT:RUNWAY_EXCURSION_OR_OVERRUN,1
EVT:INSTRUMENT_OR_AVIONICS_FAILURE,CAUSES,EVT:SUCCESSFUL_RECOVERY,1
EVT:INSTRUMENT_OR_AVIONICS_FAILURE,MITIGATES,EVT:SUCCESSFUL_RECOVERY,2
EVT:INSTRUMENT_OR_AVIONICS_FAILURE,CAUSES,EVT:LANDING_GEAR_ANOMALY,1
EVT:INSTRUMENT_OR_AVIONICS_FAILURE,UNDER_CONDITION,ENT:component,1
COND:maintenance,CAUSES,COND:mechanical,32
COND:maintenance,CONTRIBUTES_TO,COND:mechanical,9
COND:maintenance,ENABLES,COND:mechanical,6
COND:maintenance,INHIBITS,COND:mechanical,1
COND:maintenance,CONTRIBUTES_TO,EVT:CONTROL_SURFACE_ANOMALY,1
COND:maintenance,ENABLES,EVT:CONTROL_SURFACE_ANOMALY,1
COND:maintenance,TRIGGERS,EVT:DECISION_INAPPROPRIATE,1
COND:maintenance,CAUSES,EVT:MAINTENANCE_INADEQUATE,1
COND:maintenance,ENABLES,EVT:MAINTENANCE_INADEQUATE,1
COND:maintenance,CONTRIBUTES_TO,COND:maintenance,1
COND:maintenance,CONTRIBUTES_TO,COND:structural,1
COND:maintenance,ENABLES,COND:latent_defect,1
EVT:PERCEPTION_FAILURE,CONTRIBUTES_TO,EVT:RUNWAY_EXCURSION_OR_OVERRUN,1
EVT:PERCEPTION_FAILURE,CAUSES,EVT:RUNWAY_EXCURSION_OR_OVERRUN,4
EVT:PERCEPTION_FAILURE,CONTRIBUTES_TO,EVT:PROCEDURE_NOT_FOLLOWED,2
EVT:PERCEPTION_FAILURE,RESPONDS_TO,EVT:PROCEDURE_NOT_FOLLOWED,21
EVT:PERCEPTION_FAILURE,CAUSES,EVT:PROCEDURE_NOT_FOLLOWED,14
EVT:PERCEPTION_FAILURE,RESPONDS_TO,EVT:CONTROL_INPUT_IMPROPER,5
EVT:PERCEPTION_FAILURE,CAUSES,EVT:CONTROL_INPUT_IMPROPER,11
EVT:PERCEPTION_FAILURE,TRIGGERS,EVT:CONTROL_INPUT_IMPROPER,1
EVT:PERCEPTION_FAILURE,CONTRIBUTES_TO,EVT:CONTROL_INPUT_IMPROPER,3
EVT:PERCEPTION_FAILURE,CAUSES,EVT:DECISION_INAPPROPRIATE,21
EVT:PERCEPTION_FAILURE,RESPONDS_TO,EVT:DECISION_INAPPROPRIATE,14
EVT:PERCEPTION_FAILURE,TRIGGERS,EVT:DECISION_INAPPROPRIATE,3
EVT:PERCEPTION_FAILURE,CONTRIBUTES_TO,EVT:DECISION_INAPPROPRIATE,1
EVT:PERCEPTION_FAILURE,CAUSES,COND:latent,1
EVT:PERCEPTION_FAILURE,UNDER_CONDITION,COND:environmental,2
EVT:PERCEPTION_FAILURE,CAUSES,COND:environmental,1
EVT:PERCEPTION_FAILURE,CONTRIBUTES_TO,COND:environmental,1
EVT:PERCEPTION_FAILURE,MASKED_BY_CONDITION,COND:mechanical,11
EVT:PERCEPTION_FAILURE,ENABLES,COND:mechanical,3
EVT:PERCEPTION_FAILURE,CAUSES,COND:mechanical,5
EVT:PERCEPTION_FAILURE,UNDER_CONDITION,COND:mechanical,3
EVT:PERCEPTION_FAILURE,INDUCED_CONDITION,COND:mechanical,2
EVT:PERCEPTION_FAILURE,CAUSES,EVT:GROUND_IMPACT,11
EVT:PERCEPTION_FAILURE,CAUSES,COND:perceptual,1
EVT:PERCEPTION_FAILURE,UNDER_CONDITION,COND:unknown,1
EVT:PERCEPTION_FAILURE,CONTRIBUTES_TO,EVT:PERCEPTION_FAILURE,1
EVT:PERCEPTION_FAILURE,CAUSES,EVT:PERCEPTION_FAILURE,1
EVT:PERCEPTION_FAILURE,CONCURRENT,EVT:PERCEPTION_FAILURE,1
EVT:PERCEPTION_FAILURE,CAUSES,EVT:AIRFRAME_STRUCTURAL_FAILURE,1
EVT:PERCEPTION_FAILURE,CAUSES,EVT:SUCCESSFUL_RECOVERY,1
EVT:PERCEPTION_FAILURE,RESPONDS_TO,EVT:SUCCESSFUL_RECOVERY,3
EVT:PERCEPTION_FAILURE,RESPONDS_TO,EVT:EMERGENCY_LANDING,4
EVT:PERCEPTION_FAILURE,CAUSES,EVT:EMERGENCY_LANDING,1
EVT:PERCEPTION_FAILURE,CONTRIBUTES_TO,EVT:LOSS_OF_CONTROL_INFLIGHT,3
EVT:PERCEPTION_FAILURE,CONTRIBUTES_TO,EVT:LANDING_GEAR_ANOMALY,3
EVT:PERCEPTION_FAILURE,CAUSES,EVT:LANDING_GEAR_ANOMALY,4
EVT:PERCEPTION_FAILURE,CAUSES,EVT:MIDAIR_COLLISION,1
EVT:PERCEPTION_FAILURE,CAUSES,EVT:STALL,3
EVT:PERCEPTION_FAILURE,CONTRIBUTES_TO,EVT:ENGINE_FAILURE,1
EVT:PERCEPTION_FAILURE,CAUSES,EVT:CONTROL_SURFACE_ANOMALY,1
EVT:PERCEPTION_FAILURE,CONTRIBUTES_TO,EVT:CONTROL_SURFACE_ANOMALY,1
EVT:PERCEPTION_FAILURE,TRIGGERS,EVT:MAINTENANCE_INADEQUATE,1
EVT:PERCEPTION_FAILURE,CAUSES,COND:latent_defect,1
EVT:PERCEPTION_FAILURE,INDUCED_CONDITION,COND:aerodynamic,1
EVT:PERCEPTION_FAILURE,CONTRIBUTES_TO,COND:maintenance,1
EVT:PERCEPTION_FAILURE,INDUCED_CONDITION,COND:maintenance,1
EVT:PERCEPTION_FAILURE,CONTRIBUTES_TO,EVT:PROPELLER_FAILURE,1
EVT:PERCEPTION_FAILURE,CAUSES,EVT:ALTITUDE_DEVIATION_UNCONTROLLED,1
EVT:PERCEPTION_FAILURE,INDUCED_CONDITION,COND:human_factor,1
EVT:PERCEPTION_FAILURE,CAUSES,COND:procedural,1
COND:human_factor,CAUSES,EVT:PROCEDURE_NOT_FOLLOWED,1
COND:human_factor,CONTRIBUTES_TO,EVT:LOSS_OF_CONTROL_INFLIGHT,1
COND:human_factor,CAUSES,EVT:LOSS_OF_CONTROL_INFLIGHT,1
COND:human_factor,CONTRIBUTES_TO,EVT:PERCEPTION_FAILURE,2
COND:human_factor,CAUSES,EVT:CONTROL_INPUT_IMPROPER,1
COND:human_factor,UNDER_CONDITION,EVT:CONTROL_INPUT_IMPROPER,1
COND:human_factor,CONTRIBUTES_TO,EVT:CONTROL_INPUT_IMPROPER,2
COND:human_factor,INHIBITS,EVT:CONTROL_INPUT_IMPROPER,1
COND:environmental,CAUSES,COND:mechanical,5
COND:environmental,CONTRIBUTES_TO,COND:mechanical,2
COND:environmental,ENABLES,EVT:PROCEDURE_NOT_FOLLOWED,1
COND:environmental,TRIGGERS,EVT:PROCEDURE_NOT_FOLLOWED,2
COND:environmental,CONTRIBUTES_TO,EVT:PROCEDURE_NOT_FOLLOWED,1
COND:environmental,RESPONDS_TO,EVT:PROCEDURE_NOT_FOLLOWED,2
COND:environmental,CAUSES,EVT:PROCEDURE_NOT_FOLLOWED,5
COND:environmental,INHIBITS,EVT:PROCEDURE_NOT_FOLLOWED,1
COND:environmental,CONTRIBUTES_TO,EVT:CONTROL_INPUT_IMPROPER,4
COND:environmental,CAUSES,EVT:CONTROL_INPUT_IMPROPER,4
COND:environmental,ENABLES,EVT:CONTROL_INPUT_IMPROPER,2
COND:environmental,TRIGGERS,EVT:CONTROL_INPUT_IMPROPER,3
COND:environmental,CONCURRENT,EVT:CONTROL_INPUT_IMPROPER,1
COND:environmental,UNDER_CONDITION,EVT:CONTROL_INPUT_IMPROPER,1
COND:environmental,INHIBITS,EVT:CONTROL_INPUT_IMPROPER,1
COND:environmental,CONTRIBUTES_TO,EVT:GROUND_IMPACT,98
COND:environmental,UNDER_CONDITION,EVT:GROUND_IMPACT,5
COND:environmental,ENABLES,EVT:GROUND_IMPACT,5
COND:environmental,CAUSES,EVT:GROUND_IMPACT,13
COND:environmental,TRIGGERS,EVT:DECISION_INAPPROPRIATE,4
COND:environmental,CAUSES,EVT:DECISION_INAPPROPRIATE,11
COND:environmental,ENABLES,EVT:DECISION_INAPPROPRIATE,2
COND:environmental,UNDER_CONDITION,EVT:DECISION_INAPPROPRIATE,3
COND:environmental,INHIBITS,EVT:DECISION_INAPPROPRIATE,1
COND:environmental,CONTRIBUTES_TO,EVT:DECISION_INAPPROPRIATE,10
COND:environmental,CAUSES,EVT:CONTROL_SURFACE_ANOMALY,2
COND:environmental,ENABLES,EVT:CONTROL_SURFACE_ANOMALY,1
COND:environmental,TRIGGERS,EVT:CONTROL_SURFACE_ANOMALY,1
COND:environmental,CONTRIBUTES_TO,EVT:CONTROL_SURFACE_ANOMALY,4
COND:environmental,UNDER_CONDITION,EVT:CONTROL_SURFACE_ANOMALY,1
COND:environmental,CONTRIBUTES_TO,EVT:AIRFRAME_STRUCTURAL_FAILURE,5
COND:environmental,UNDER_CONDITION,EVT:AIRFRAME_STRUCTURAL_FAILURE,1
COND:environmental,CAUSES,EVT:AIRFRAME_STRUCTURAL_FAILURE,5
COND:environmental,CONTRIBUTES_TO,EVT:RUNWAY_EXCURSION_OR_OVERRUN,14
COND:environmental,UNDER_CONDITION,EVT:RUNWAY_EXCURSION_OR_OVERRUN,2
COND:environmental,CAUSES,EVT:RUNWAY_EXCURSION_OR_OVERRUN,3
COND:environmental,ENABLES,EVT:RUNWAY_EXCURSION_OR_OVERRUN,2
COND:environmental,ENABLES,EVT:PERCEPTION_FAILURE,2
COND:environmental,UNDER_CONDITION,EVT:PERCEPTION_FAILURE,4
COND:environmental,CONTRIBUTES_TO,EVT:PERCEPTION_FAILURE,2
COND:environmental,MASKED_BY_CONDITION,EVT:PERCEPTION_FAILURE,2
COND:environmental,CAUSES,EVT:PERCEPTION_FAILURE,6
COND:environmental,TRIGGERS,EVT:PERCEPTION_FAILURE,1
COND:environmental,CAUSES,EVT:AUTOMATION_ANOMALY,1
COND:environmental,CONTRIBUTES_TO,EVT:WATER_IMPACT,2
COND:environmental,CONTRIBUTES_TO,EVT:LANDING_GEAR_ANOMALY,4
COND:environmental,CAUSES,EVT:LANDING_GEAR_ANOMALY,3
COND:environmental,CAUSES,EVT:ICING_ENCOUNTER,1
COND:environmental,UNDER_CONDITION,EVT:INSTRUMENT_OR_AVIONICS_FAILURE,1
COND:environmental,CONTRIBUTES_TO,EVT:LOSS_OF_CONTROL_GROUND,4
COND:environmental,CAUSES,EVT:LOSS_OF_CONTROL_GROUND,1
COND:environmental,ENABLES,EVT:BIRD_OR_WILDLIFE_STRIKE,1
COND:environmental,CAUSES,COND:human,2
COND:environmental,CONCURRENT,COND:human,1
COND:environmental,CAUSES,EVT:WIND_SHEAR_OR_GUST,1
COND:environmental,CAUSES,EVT:STRUCTURAL_OVERLOAD,2
COND:environmental,CONTRIBUTES_TO,EVT:STRUCTURAL_OVERLOAD,1
COND:environmental,ENABLES,EVT:STRUCTURAL_OVERLOAD,1
COND:environmental,CAUSES,EVT:EMERGENCY_LANDING,3
COND:environmental,CONTRIBUTES_TO,EVT:EMERGENCY_LANDING,1
COND:environmental,CAUSES,COND:environmental,5
COND:environmental,INDUCED_CONDITION,COND:environmental,1
COND:environmental,CAUSES,EVT:SPATIAL_DISORIENTATION,2
COND:environmental,UNDER_CONDITION,EVT:SPATIAL_DISORIENTATION,1
COND:environmental,CONTRIBUTES_TO,EVT:INFLIGHT_BREAKUP,1
COND:environmental,CAUSES,EVT:TAXIING_INCIDENT,1
COND:environmental,INHIBITS,EVT:STALL,1
COND:environmental,CONTRIBUTES_TO,EVT:STALL,1
COND:environmental,CAUSES,EVT:RUNWAY_CONDITION_HAZARD,1
COND:environmental,UNDER_CONDITION,EVT:RUNWAY_CONDITION_HAZARD,3
COND:environmental,CAUSES,COND:structural,2
COND:environmental,ENABLES,EVT:INFLIGHT_FIRE_OR_SMOKE,2
COND:environmental,UNDER_CONDITION,EVT:INFLIGHT_FIRE_OR_SMOKE,1
COND:environmental,CONTRIBUTES_TO,EVT:LOSS_OF_CONTROL_INFLIGHT,1
COND:environmental,UNDER_CONDITION,EVT:ENGINE_FAILURE,1
COND:environmental,CAUSES,EVT:ENGINE_FAILURE,1
COND:environmental,CAUSES,COND:physiological,2
COND:environmental,TRIGGERS,EVT:GROUND_RESONANCE,1
COND:environmental,CONTRIBUTES_TO,COND:operational,1
COND:environmental,CAUSES,COND:cognitive,1
EVT:ENGINE_FAILURE,CAUSES,EVT:AIRFRAME_STRUCTURAL_FAILURE,4
EVT:ENGINE_FAILURE,CAUSES,EVT:EMERGENCY_LANDING,29
EVT:ENGINE_FAILURE,RESPONDS_TO,EVT:EMERGENCY_LANDING,2
EVT:ENGINE_FAILURE,TRIGGERS,EVT:EMERGENCY_LANDING,2
EVT:ENGINE_FAILURE,UNDER_CONDITION,COND:environmental,3
EVT:ENGINE_FAILURE,CAUSES,COND:environmental,3
EVT:ENGINE_FAILURE,TRIGGERS,EVT:DECISION_INAPPROPRIATE,23
EVT:ENGINE_FAILURE,RESPONDS_TO,EVT:DECISION_INAPPROPRIATE,23
EVT:ENGINE_FAILURE,CAUSES,EVT:DECISION_INAPPROPRIATE,3
EVT:ENGINE_FAILURE,CAUSES,EVT:GROUND_IMPACT,34
EVT:ENGINE_FAILURE,CAUSES,EVT:PERCEPTION_FAILURE,2
EVT:ENGINE_FAILURE,TRIGGERS,EVT:PERCEPTION_FAILURE,2
EVT:ENGINE_FAILURE,CAUSES,EVT:RUNWAY_EXCURSION_OR_OVERRUN,4
EVT:ENGINE_FAILURE,CONTRIBUTES_TO,EVT:RUNWAY_EXCURSION_OR_OVERRUN,2
EVT:ENGINE_FAILURE,RESPONDS_TO,EVT:CONTROL_INPUT_IMPROPER,13
EVT:ENGINE_FAILURE,CONTRIBUTES_TO,EVT:CONTROL_INPUT_IMPROPER,2
EVT:ENGINE_FAILURE,TRIGGERS,EVT:CONTROL_INPUT_IMPROPER,2
EVT:ENGINE_FAILURE,CAUSES,EVT:CONTROL_INPUT_IMPROPER,2
EVT:ENGINE_FAILURE,UNDER_CONDITION,COND:mechanical,11
EVT:ENGINE_FAILURE,INDUCED_CONDITION,COND:mechanical,9
EVT:ENGINE_FAILURE,CAUSES,COND:mechanical,8
EVT:ENGINE_FAILURE,CAUSES,EVT:INFLIGHT_FIRE_OR_SMOKE,4
EVT:ENGINE_FAILURE,TRIGGERS,EVT:INFLIGHT_FIRE_OR_SMOKE,1
EVT:ENGINE_FAILURE,CAUSES,EVT:LOSS_OF_CONTROL_INFLIGHT,12
EVT:ENGINE_FAILURE,CAUSES,EVT:LOSS_OF_CONTROL_GROUND,3
EVT:ENGINE_FAILURE,CONTRIBUTES_TO,EVT:LOSS_OF_CONTROL_GROUND,1
EVT:ENGINE_FAILURE,RESPONDS_TO,EVT:PROCEDURE_NOT_FOLLOWED,39
EVT:ENGINE_FAILURE,TRIGGERS,EVT:PROCEDURE_NOT_FOLLOWED,11
EVT:ENGINE_FAILURE,CAUSES,EVT:PROCEDURE_NOT_FOLLOWED,1
EVT:ENGINE_FAILURE,CAUSES,EVT:ENGINE_FAILURE,9
EVT:ENGINE_FAILURE,CAUSES,EVT:HYDRAULIC_SYSTEM_FAILURE,2
EVT:ENGINE_FAILURE,CONTRIBUTES_TO,EVT:STALL,2
EVT:ENGINE_FAILURE,CAUSES,EVT:STALL,1
EVT:ENGINE_FAILURE,CAUSES,EVT:WATER_IMPACT,2
EVT:ENGINE_FAILURE,INDUCED_CONDITION,COND:attention,1
EVT:ENGINE_FAILURE,TRIGGERS,EVT:STRUCTURAL_OVERLOAD,1
EVT:ENGINE_FAILURE,CONTRIBUTES_TO,COND:aerodynamic,1
EVT:ENGINE_FAILURE,CAUSES,EVT:CONTROL_SURFACE_ANOMALY,1
EVT:ENGINE_FAILURE,UNDER_CONDITION,COND:weather,1
EVT:EMERGENCY_LANDING,CAUSES,EVT:STRUCTURAL_OVERLOAD,2
EVT:EMERGENCY_LANDING,CAUSES,EVT:GROUND_IMPACT,76
EVT:EMERGENCY_LANDING,PRECEDES,EVT:GROUND_IMPACT,1
EVT:EMERGENCY_LANDING,TRIGGERS,EVT:GROUND_IMPACT,1
EVT:EMERGENCY_LANDING,CONCURRENT,EVT:GROUND_IMPACT,1
EVT:EMERGENCY_LANDING,CONTRIBUTES_TO,EVT:GROUND_IMPACT,1
EVT:EMERGENCY_LANDING,CAUSES,EVT:LANDING_GEAR_ANOMALY,5
EVT:EMERGENCY_LANDING,PRECEDES,EVT:LANDING_GEAR_ANOMALY,1
EVT:EMERGENCY_LANDING,CONCURRENT,EVT:LANDING_GEAR_ANOMALY,1
EVT:EMERGENCY_LANDING,UNDER_CONDITION,COND:environmental,12
EVT:EMERGENCY_LANDING,CAUSES,EVT:SUCCESSFUL_RECOVERY,1
EVT:EMERGENCY_LANDING,CAUSES,EVT:PROCEDURE_NOT_FOLLOWED,1
EVT:EMERGENCY_LANDING,TRIGGERS,EVT:PROCEDURE_NOT_FOLLOWED,1
EVT:EMERGENCY_LANDING,CAUSES,EVT:AIRFRAME_STRUCTURAL_FAILURE,2
EVT:EMERGENCY_LANDING,PRECEDES,EVT:RUNWAY_EXCURSION_OR_OVERRUN,1
EVT:EMERGENCY_LANDING,CAUSES,EVT:RUNWAY_EXCURSION_OR_OVERRUN,6
EVT:EMERGENCY_LANDING,CONCURRENT,EVT:RUNWAY_EXCURSION_OR_OVERRUN,1
EVT:EMERGENCY_LANDING,CONCURRENT,EVT:CONTROL_INPUT_IMPROPER,2
EVT:EMERGENCY_LANDING,PRECEDES,EVT:CONTROL_INPUT_IMPROPER,2
EVT:EMERGENCY_LANDING,CAUSES,EVT:INJURY_OR_FATALITY,2
EVT:EMERGENCY_LANDING,CAUSES,EVT:INFLIGHT_FIRE_OR_SMOKE,1
EVT:EMERGENCY_LANDING,CAUSES,EVT:TERRAIN_OR_OBSTACLE_PROXIMITY,1
EVT:STRUCTURAL_OVERLOAD,CAUSES,EVT:AIRFRAME_STRUCTURAL_FAILURE,24
EVT:STRUCTURAL_OVERLOAD,TRIGGERS,EVT:AIRFRAME_STRUCTURAL_FAILURE,5
EVT:STRUCTURAL_OVERLOAD,RESPONDS_TO,EVT:PROCEDURE_NOT_FOLLOWED,9
EVT:STRUCTURAL_OVERLOAD,TRIGGERS,EVT:PROCEDURE_NOT_FOLLOWED,1
EVT:STRUCTURAL_OVERLOAD,RESPONDS_TO,EVT:CONTROL_INPUT_IMPROPER,8
EVT:STRUCTURAL_OVERLOAD,CAUSES,EVT:GROUND_IMPACT,17
EVT:STRUCTURAL_OVERLOAD,UNDER_CONDITION,COND:environmental,1
EVT:STRUCTURAL_OVERLOAD,RESPONDS_TO,EVT:EMERGENCY_LANDING,3
EVT:STRUCTURAL_OVERLOAD,TRIGGERS,EVT:LANDING_GEAR_ANOMALY,1
EVT:STRUCTURAL_OVERLOAD,CAUSES,EVT:LANDING_GEAR_ANOMALY,2
EVT:STRUCTURAL_OVERLOAD,INDUCED_CONDITION,COND:mechanical,3
EVT:STRUCTURAL_OVERLOAD,IF_THEN,COND:mechanical,1
EVT:STRUCTURAL_OVERLOAD,UNDER_CONDITION,COND:mechanical,1
EVT:STRUCTURAL_OVERLOAD,CAUSES,COND:mechanical,1
EVT:STRUCTURAL_OVERLOAD,CAUSES,EVT:ENGINE_FAILURE,1
EVT:STRUCTURAL_OVERLOAD,CAUSES,EVT:WATER_IMPACT,1
EVT:STRUCTURAL_OVERLOAD,CAUSES,EVT:CONTROL_SURFACE_ANOMALY,2
EVT:STRUCTURAL_OVERLOAD,INDUCED_CONDITION,COND:structural,4
EVT:STRUCTURAL_OVERLOAD,CONCURRENT,EVT:ALTITUDE_DEVIATION_UNCONTROLLED,1
EVT:STRUCTURAL_OVERLOAD,CAUSES,EVT:LOSS_OF_CONTROL_INFLIGHT,4
EVT:STRUCTURAL_OVERLOAD,CAUSES,EVT:INFLIGHT_BREAKUP,7
EVT:STRUCTURAL_OVERLOAD,CONCURRENT,EVT:STRUCTURAL_OVERLOAD,1
EVT:STRUCTURAL_OVERLOAD,RESPONDS_TO,EVT:DECISION_INAPPROPRIATE,1
EVT:STRUCTURAL_OVERLOAD,TRIGGERS,EVT:DECISION_INAPPROPRIATE,1
EVT:STRUCTURAL_OVERLOAD,UNDER_CONDITION,COND:structural_limit,1
EVT:STRUCTURAL_OVERLOAD,INDUCED_CONDITION,COND:aerodynamic,1
EVT:STRUCTURAL_OVERLOAD,CAUSES,EVT:INJURY_OR_FATALITY,2
EVT:STRUCTURAL_OVERLOAD,CAUSES,ENT:aircraft,1
COND:organizational,CAUSES,EVT:DECISION_INAPPROPRIATE,4
COND:organizational,CONTRIBUTES_TO,EVT:DECISION_INAPPROPRIATE,4
COND:organizational,ENABLES,EVT:DECISION_INAPPROPRIATE,2
COND:organizational,CAUSES,COND:mechanical,126
COND:organizational,CONTRIBUTES_TO,COND:mechanical,21
COND:organizational,ENABLES,COND:mechanical,37
COND:organizational,INHIBITS,COND:mechanical,4
COND:organizational,MASKED_BY_CONDITION,COND:mechanical,2
COND:organizational,CONTRIBUTES_TO,EVT:MAINTENANCE_INADEQUATE,23
COND:organizational,ENABLES,EVT:MAINTENANCE_INADEQUATE,5
COND:organizational,INHIBITS,EVT:MAINTENANCE_INADEQUATE,3
COND:organizational,CAUSES,EVT:MAINTENANCE_INADEQUATE,37
COND:organizational,UNDER_CONDITION,EVT:MAINTENANCE_INADEQUATE,2
COND:organizational,CAUSES,COND:design,1
COND:organizational,CONTRIBUTES_TO,COND:design,1
COND:organizational,CONTRIBUTES_TO,EVT:PERCEPTION_FAILURE,1
COND:organizational,ENABLES,EVT:PERCEPTION_FAILURE,1
COND:organizational,CAUSES,EVT:PERCEPTION_FAILURE,1
COND:organizational,CONTRIBUTES_TO,EVT:LOSS_OF_CONTROL_GROUND,1
COND:organizational,CONTRIBUTES_TO,EVT:PROCEDURE_NOT_FOLLOWED,15
COND:organizational,UNDER_CONDITION,EVT:PROCEDURE_NOT_FOLLOWED,1
COND:organizational,CAUSES,EVT:PROCEDURE_NOT_FOLLOWED,6
COND:organizational,ENABLES,EVT:PROCEDURE_NOT_FOLLOWED,2
COND:organizational,ENABLES,COND:organizational,1
COND:organizational,CAUSES,COND:organizational,5
COND:organizational,CONTRIBUTES_TO,EVT:STRUCTURAL_OVERLOAD,1
COND:organizational,CAUSES,EVT:GROUND_PERSONNEL_ERROR,1
COND:organizational,CAUSES,COND:latent_defect,1
COND:organizational,ENABLES,COND:latent_defect,1
COND:organizational,CONTRIBUTES_TO,EVT:CONTROL_INPUT_IMPROPER,7
COND:organizational,INHIBITS,EVT:CONTROL_INPUT_IMPROPER,1
COND:organizational,CAUSES,COND:knowledge,1
COND:organizational,INHIBITS,ENT:person,1
COND:organizational,UNDER_CONDITION,ENT:person,1
COND:organizational,CONTRIBUTES_TO,EVT:AIRFRAME_STRUCTURAL_FAILURE,2
COND:organizational,CONTRIBUTES_TO,EVT:SPATIAL_DISORIENTATION,1
COND:organizational,CONTRIBUTES_TO,EVT:INSTRUMENT_OR_AVIONICS_FAILURE,1
COND:organizational,ENABLES,EVT:TRAINING_OR_CURRENCY_GAP,1
COND:organizational,CONTRIBUTES_TO,EVT:TRAINING_OR_CURRENCY_GAP,1
COND:organizational,UNDER_CONDITION,EVT:TRAINING_OR_CURRENCY_GAP,1
COND:organizational,CAUSES,EVT:ORG_OR_REGULATORY_INADEQUATE,2
COND:organizational,CAUSES,COND:structural,2
COND:organizational,CONTRIBUTES_TO,EVT:CONTROL_SURFACE_ANOMALY,1
COND:organizational,CONTRIBUTES_TO,EVT:LOSS_OF_CONTROL_INFLIGHT,1
COND:organizational,CAUSES,COND:environmental,1
EVT:ALTITUDE_DEVIATION_UNCONTROLLED,CAUSES,EVT:GROUND_IMPACT,8
EVT:ALTITUDE_DEVIATION_UNCONTROLLED,CAUSES,EVT:AIRFRAME_STRUCTURAL_FAILURE,1
EVT:ALTITUDE_DEVIATION_UNCONTROLLED,UNDER_CONDITION,COND:latent_defect,1
EVT:ALTITUDE_DEVIATION_UNCONTROLLED,CAUSES,EVT:EMERGENCY_LANDING,4
EVT:ALTITUDE_DEVIATION_UNCONTROLLED,RESPONDS_TO,EVT:DECISION_INAPPROPRIATE,2
EVT:ALTITUDE_DEVIATION_UNCONTROLLED,CONCURRENT,EVT:INFLIGHT_BREAKUP,1
EVT:ALTITUDE_DEVIATION_UNCONTROLLED,UNDER_CONDITION,COND:structural,1
EVT:ALTITUDE_DEVIATION_UNCONTROLLED,TRIGGERS,EVT:PROCEDURE_NOT_FOLLOWED,1
EVT:ALTITUDE_DEVIATION_UNCONTROLLED,CAUSES,EVT:INJURY_OR_FATALITY,1
EVT:ALTITUDE_DEVIATION_UNCONTROLLED,RESPONDS_TO,EVT:CONTROL_INPUT_IMPROPER,1
EVT:ALTITUDE_DEVIATION_UNCONTROLLED,CAUSES,EVT:CONTROL_INPUT_IMPROPER,1
EVT:ALTITUDE_DEVIATION_UNCONTROLLED,CAUSES,COND:environmental,1
EVT:ALTITUDE_DEVIATION_UNCONTROLLED,UNDER_CONDITION,COND:environmental,2
EVT:ALTITUDE_DEVIATION_UNCONTROLLED,CAUSES,EVT:LOSS_OF_CONTROL_INFLIGHT,1
EVT:ALTITUDE_DEVIATION_UNCONTROLLED,CAUSES,EVT:STALL,1
EVT:ALTITUDE_DEVIATION_UNCONTROLLED,CAUSES,EVT:SUCCESSFUL_RECOVERY,1
EVT:ALTITUDE_DEVIATION_UNCONTROLLED,UNDER_CONDITION,COND:aerodynamic,1
EVT:ALTITUDE_DEVIATION_UNCONTROLLED,CAUSES,EVT:LANDING_GEAR_ANOMALY,1
EVT:SUCCESSFUL_RECOVERY,PRECEDES,EVT:EMERGENCY_LANDING,2
EVT:SUCCESSFUL_RECOVERY,CAUSES,EVT:EMERGENCY_LANDING,2
EVT:SUCCESSFUL_RECOVERY,CAUSES,EVT:INJURY_OR_FATALITY,2
EVT:SUCCESSFUL_RECOVERY,PRECEDES,EVT:SUCCESSFUL_RECOVERY,1
EVT:SUCCESSFUL_RECOVERY,CAUSES,EVT:SUCCESSFUL_RECOVERY,1
EVT:SUCCESSFUL_RECOVERY,TRIGGERS,EVT:CONTROL_INPUT_IMPROPER,1
EVT:SUCCESSFUL_RECOVERY,PRECEDES,EVT:GROUND_IMPACT,1
COND:structural,CAUSES,EVT:INFLIGHT_BREAKUP,3
COND:structural,CAUSES,EVT:AIRFRAME_STRUCTURAL_FAILURE,17
COND:structural,UNDER_CONDITION,EVT:AIRFRAME_STRUCTURAL_FAILURE,1
COND:structural,CAUSES,COND:structural,4
COND:structural,CONTRIBUTES_TO,COND:structural,1
COND:structural,CO_OCCURS,COND:structural,1
COND:structural,CAUSES,EVT:CONTROL_SURFACE_ANOMALY,2
COND:structural,CAUSES,EVT:LANDING_GEAR_ANOMALY,1
COND:structural,ENABLES,EVT:STRUCTURAL_OVERLOAD,1
EVT:INFLIGHT_BREAKUP,CAUSES,EVT:LOSS_OF_CONTROL_INFLIGHT,4
EVT:INFLIGHT_BREAKUP,CAUSES,EVT:INJURY_OR_FATALITY,7
EVT:INFLIGHT_BREAKUP,CAUSES,EVT:GROUND_IMPACT,20
EVT:INFLIGHT_BREAKUP,CAUSES,EVT:ENGINE_FAILURE,1
EVT:INFLIGHT_BREAKUP,INDUCED_CONDITION,COND:mechanical,1
EVT:INFLIGHT_BREAKUP,UNDER_CONDITION,COND:mechanical,1
EVT:INFLIGHT_BREAKUP,RESPONDS_TO,EVT:SUCCESSFUL_RECOVERY,1
EVT:INFLIGHT_BREAKUP,TRIGGERS,EVT:SUCCESSFUL_RECOVERY,1
EVT:INFLIGHT_BREAKUP,CAUSES,EVT:SUCCESSFUL_RECOVERY,1
EVT:INFLIGHT_BREAKUP,CAUSES,EVT:WATER_IMPACT,2
EVT:INFLIGHT_BREAKUP,TRIGGERS,EVT:PROCEDURE_NOT_FOLLOWED,1
EVT:INFLIGHT_BREAKUP,RESPONDS_TO,EVT:PROCEDURE_NOT_FOLLOWED,1
EVT:INFLIGHT_BREAKUP,CAUSES,EVT:INFLIGHT_BREAKUP,2
EVT:INFLIGHT_BREAKUP,UNDER_CONDITION,COND:structural,1
ENT:component,UNDER_CONDITION,COND:mechanical,5
ENT:component,SUPERVISED_BY,COND:mechanical,3
ENT:component,INDUCED_CONDITION,COND:mechanical,2
ENT:component,CAUSES,COND:mechanical,2
ENT:component,SUPERVISED_BY,ENT:component,2
ENT:component,UNDER_CONDITION,EVT:AIRFRAME_STRUCTURAL_FAILURE,2
ENT:component,UNDER_CONDITION,COND:latent_defect,1
ENT:component,CAUSES,EVT:INFLIGHT_FIRE_OR_SMOKE,1
ENT:component,UNDER_CONDITION,EVT:INFLIGHT_FIRE_OR_SMOKE,1
EVT:STALL,CAUSES,EVT:GROUND_IMPACT,52
EVT:STALL,UNDER_CONDITION,COND:environmental,3
EVT:STALL,CAUSES,EVT:WATER_IMPACT,2
EVT:STALL,RESPONDS_TO,EVT:CONTROL_INPUT_IMPROPER,1
EVT:STALL,CONCURRENT,EVT:CONTROL_INPUT_IMPROPER,1
EVT:STALL,CAUSES,EVT:LOSS_OF_CONTROL_INFLIGHT,6
EVT:STALL,CAUSES,EVT:TERRAIN_OR_OBSTACLE_PROXIMITY,1
EVT:STALL,UNDER_CONDITION,COND:mechanical,1
EVT:STALL,RESPONDS_TO,EVT:DECISION_INAPPROPRIATE,1
COND:design,CAUSES,EVT:PROCEDURE_NOT_FOLLOWED,1
COND:design,INHIBITS,EVT:AIRFRAME_STRUCTURAL_FAILURE,1
COND:design,CAUSES,EVT:AIRFRAME_STRUCTURAL_FAILURE,1
COND:design,CAUSES,COND:mechanical,20
COND:design,INHIBITS,COND:mechanical,1
COND:design,CONTRIBUTES_TO,COND:mechanical,2
COND:design,ENABLES,COND:mechanical,4
COND:design,CAUSES,EVT:CONTROL_INPUT_IMPROPER,1
COND:design,ENABLES,EVT:CONTROL_INPUT_IMPROPER,1
COND:design,ENABLES,EVT:AUTOMATION_ANOMALY,1
COND:design,ENABLES,EVT:FUEL_SYSTEM_ANOMALY,2
COND:design,CAUSES,EVT:INFLIGHT_FIRE_OR_SMOKE,2
COND:design,UNDER_CONDITION,ENT:component,1
COND:design,CONTRIBUTES_TO,EVT:PERCEPTION_FAILURE,1
COND:design,CAUSES,EVT:PERCEPTION_FAILURE,2
COND:design,CAUSES,COND:structural,1
COND:design,CAUSES,EVT:INSTRUMENT_OR_AVIONICS_FAILURE,2
COND:design,CAUSES,EVT:FLAP_ANOMALY,1
COND:design,ENABLES,EVT:LANDING_GEAR_ANOMALY,1
EVT:LOSS_OF_CONTROL_GROUND,CAUSES,EVT:GROUND_IMPACT,93
EVT:LOSS_OF_CONTROL_GROUND,CONTRIBUTES_TO,EVT:GROUND_IMPACT,2
EVT:LOSS_OF_CONTROL_GROUND,UNDER_CONDITION,COND:environmental,7
EVT:LOSS_OF_CONTROL_GROUND,CAUSES,EVT:STRUCTURAL_OVERLOAD,3
EVT:LOSS_OF_CONTROL_GROUND,RESPONDS_TO,EVT:CONTROL_INPUT_IMPROPER,33
EVT:LOSS_OF_CONTROL_GROUND,TRIGGERS,EVT:CONTROL_INPUT_IMPROPER,1
EVT:LOSS_OF_CONTROL_GROUND,CONCURRENT,EVT:CONTROL_INPUT_IMPROPER,1
EVT:LOSS_OF_CONTROL_GROUND,CAUSES,EVT:RUNWAY_EXCURSION_OR_OVERRUN,50
EVT:LOSS_OF_CONTROL_GROUND,RESPONDS_TO,EVT:DECISION_INAPPROPRIATE,3
EVT:LOSS_OF_CONTROL_GROUND,TRIGGERS,EVT:DECISION_INAPPROPRIATE,3
EVT:LOSS_OF_CONTROL_GROUND,CAUSES,EVT:LANDING_GEAR_ANOMALY,8
EVT:LOSS_OF_CONTROL_GROUND,CAUSES,EVT:AIRFRAME_STRUCTURAL_FAILURE,6
EVT:LOSS_OF_CONTROL_GROUND,CONCURRENT,EVT:AIRFRAME_STRUCTURAL_FAILURE,1
EVT:LOSS_OF_CONTROL_GROUND,UNDER_CONDITION,COND:mechanical,11
EVT:LOSS_OF_CONTROL_GROUND,INDUCED_CONDITION,COND:mechanical,2
EVT:LOSS_OF_CONTROL_GROUND,CAUSES,EVT:STALL,1
EVT:LOSS_OF_CONTROL_GROUND,CAUSES,EVT:GROUND_COLLISION,1
EVT:LOSS_OF_CONTROL_GROUND,PRECEDES,EVT:PERCEPTION_FAILURE,1
EVT:LOSS_OF_CONTROL_GROUND,TRIGGERS,EVT:PROCEDURE_NOT_FOLLOWED,1
EVT:LOSS_OF_CONTROL_GROUND,RESPONDS_TO,EVT:PROCEDURE_NOT_FOLLOWED,3
EVT:LOSS_OF_CONTROL_GROUND,RESPONDS_TO,EVT:SUCCESSFUL_RECOVERY,1
EVT:LOSS_OF_CONTROL_GROUND,CAUSES,EVT:LOSS_OF_CONTROL_GROUND,1
EVT:LOSS_OF_CONTROL_GROUND,RESPONDS_TO,ENT:person,1
EVT:BIRD_OR_WILDLIFE_STRIKE,CAUSES,EVT:ENGINE_FAILURE,2
EVT:BIRD_OR_WILDLIFE_STRIKE,CAUSES,EVT:CONTROL_SURFACE_ANOMALY,3
EVT:BIRD_OR_WILDLIFE_STRIKE,CAUSES,EVT:INFLIGHT_BREAKUP,1
EVT:BIRD_OR_WILDLIFE_STRIKE,CAUSES,EVT:BIRD_OR_WILDLIFE_STRIKE,1
EVT:BIRD_OR_WILDLIFE_STRIKE,CAUSES,EVT:AIRFRAME_STRUCTURAL_FAILURE,2
EVT:BIRD_OR_WILDLIFE_STRIKE,UNDER_CONDITION,COND:mechanical,1
EVT:BIRD_OR_WILDLIFE_STRIKE,INDUCED_CONDITION,COND:mechanical,2
EVT:HYDRAULIC_SYSTEM_FAILURE,RESPONDS_TO,EVT:PROCEDURE_NOT_FOLLOWED,1
EVT:HYDRAULIC_SYSTEM_FAILURE,TRIGGERS,EVT:PROCEDURE_NOT_FOLLOWED,2
EVT:HYDRAULIC_SYSTEM_FAILURE,CONTRIBUTES_TO,EVT:PROCEDURE_NOT_FOLLOWED,1
EVT:HYDRAULIC_SYSTEM_FAILURE,CAUSES,EVT:CONTROL_INPUT_IMPROPER,1
EVT:HYDRAULIC_SYSTEM_FAILURE,CAUSES,EVT:ALTITUDE_DEVIATION_UNCONTROLLED,1
EVT:HYDRAULIC_SYSTEM_FAILURE,CAUSES,COND:mechanical,4
EVT:HYDRAULIC_SYSTEM_FAILURE,INDUCED_CONDITION,COND:mechanical,5
EVT:HYDRAULIC_SYSTEM_FAILURE,UNDER_CONDITION,COND:mechanical,7
EVT:HYDRAULIC_SYSTEM_FAILURE,CAUSES,EVT:CONTROL_SURFACE_ANOMALY,2
EVT:HYDRAULIC_SYSTEM_FAILURE,CAUSES,EVT:LOSS_OF_CONTROL_INFLIGHT,3
EVT:HYDRAULIC_SYSTEM_FAILURE,UNDER_CONDITION,ENT:component,1
EVT:HYDRAULIC_SYSTEM_FAILURE,CAUSES,EVT:INFLIGHT_FIRE_OR_SMOKE,2
EVT:HYDRAULIC_SYSTEM_FAILURE,RESPONDS_TO,EVT:DECISION_INAPPROPRIATE,3
EVT:HYDRAULIC_SYSTEM_FAILURE,UNDER_CONDITION,ENT:aircraft,1
EVT:HYDRAULIC_SYSTEM_FAILURE,CAUSES,EVT:INSTRUMENT_OR_AVIONICS_FAILURE,1
EVT:HYDRAULIC_SYSTEM_FAILURE,CAUSES,EVT:FLUID_LEAK,1
EVT:HYDRAULIC_SYSTEM_FAILURE,CAUSES,EVT:SYSTEM_PRESSURE_LOSS,1
EVT:HYDRAULIC_SYSTEM_FAILURE,CAUSES,EVT:PERCEPTION_FAILURE,1
EVT:HYDRAULIC_SYSTEM_FAILURE,RESPONDS_TO,EVT:PROCEDURE_FOLLOWED,2
EVT:HYDRAULIC_SYSTEM_FAILURE,CAUSES,EVT:SUCCESSFUL_RECOVERY,1
EVT:HYDRAULIC_SYSTEM_FAILURE,CAUSES,EVT:GROUND_IMPACT,1
EVT:HYDRAULIC_SYSTEM_FAILURE,CAUSES,EVT:LANDING_GEAR_ANOMALY,1
EVT:HYDRAULIC_SYSTEM_FAILURE,CAUSES,EVT:FLAP_ANOMALY,1
EVT:HYDRAULIC_SYSTEM_FAILURE,CAUSES,EVT:EMERGENCY_LANDING,1
EVT:WATER_IMPACT,UNDER_CONDITION,COND:environmental,1
EVT:WATER_IMPACT,CAUSES,EVT:INJURY_OR_FATALITY,12
EVT:WATER_IMPACT,TRIGGERS,EVT:AIRFRAME_STRUCTURAL_FAILURE,1
EVT:WATER_IMPACT,CAUSES,EVT:WATER_IMPACT,3
EVT:WATER_IMPACT,CAUSES,EVT:GROUND_IMPACT,3
EVT:WATER_IMPACT,UNDER_CONDITION,COND:weather,1
EVT:WATER_IMPACT,CAUSES,EVT:SUCCESSFUL_RECOVERY,1
EVT:WATER_IMPACT,TRIGGERS,EVT:CONTROL_INPUT_IMPROPER,1
COND:regulatory,CAUSES,EVT:TRAINING_OR_CURRENCY_GAP,1
COND:regulatory,ENABLES,COND:design,1
COND:regulatory,CONTRIBUTES_TO,EVT:CONTROL_INPUT_IMPROPER,1
COND:regulatory,CAUSES,EVT:MAINTENANCE_INADEQUATE,1
COND:regulatory,INHIBITS,EVT:PROCEDURE_NOT_FOLLOWED,1
COND:regulatory,CONTRIBUTES_TO,COND:mechanical,1
COND:regulatory,ENABLES,COND:mechanical,1
COND:regulatory,CONTRIBUTES_TO,COND:maintenance,1
EVT:TRAINING_OR_CURRENCY_GAP,CONTRIBUTES_TO,EVT:GROUND_IMPACT,3
EVT:TRAINING_OR_CURRENCY_GAP,CONTRIBUTES_TO,EVT:DECISION_INAPPROPRIATE,1
EVT:TRAINING_OR_CURRENCY_GAP,CONTRIBUTES_TO,COND:mechanical,1
EVT:BRAKE_FAILURE,CAUSES,EVT:LOSS_OF_CONTROL_GROUND,4
EVT:BRAKE_FAILURE,RESPONDS_TO,EVT:CONTROL_INPUT_IMPROPER,2
EVT:BRAKE_FAILURE,TRIGGERS,EVT:CONTROL_INPUT_IMPROPER,2
EVT:BRAKE_FAILURE,CAUSES,EVT:RUNWAY_EXCURSION_OR_OVERRUN,6
EVT:BRAKE_FAILURE,UNDER_CONDITION,COND:mechanical,5
EVT:BRAKE_FAILURE,INDUCED_CONDITION,COND:mechanical,1
EVT:BRAKE_FAILURE,TRIGGERS,EVT:DECISION_INAPPROPRIATE,3
EVT:BRAKE_FAILURE,UNDER_CONDITION,COND:environmental,1
EVT:BRAKE_FAILURE,CAUSES,EVT:GROUND_IMPACT,1
EVT:TURBULENCE_ENCOUNTER,TRIGGERS,EVT:CONTROL_SURFACE_ANOMALY,2
EVT:TURBULENCE_ENCOUNTER,CAUSES,EVT:CONTROL_SURFACE_ANOMALY,1
EVT:TURBULENCE_ENCOUNTER,UNDER_CONDITION,COND:weather,3
EVT:TURBULENCE_ENCOUNTER,CAUSES,EVT:AIRFRAME_STRUCTURAL_FAILURE,1
EVT:TURBULENCE_ENCOUNTER,CONTRIBUTES_TO,EVT:AIRFRAME_STRUCTURAL_FAILURE,2
EVT:TURBULENCE_ENCOUNTER,TRIGGERS,EVT:AIRFRAME_STRUCTURAL_FAILURE,2
EVT:TURBULENCE_ENCOUNTER,TRIGGERS,EVT:STRUCTURAL_OVERLOAD,1
EVT:TURBULENCE_ENCOUNTER,CAUSES,EVT:LOSS_OF_CONTROL_INFLIGHT,1
EVT:TURBULENCE_ENCOUNTER,UNDER_CONDITION,COND:environmental,1
EVT:TURBULENCE_ENCOUNTER,RESPONDS_TO,EVT:CONTROL_INPUT_IMPROPER,1
EVT:TURBULENCE_ENCOUNTER,CONCURRENT,EVT:SUCCESSFUL_RECOVERY,1
COND:aerodynamic,CAUSES,EVT:LOSS_OF_CONTROL_INFLIGHT,8
COND:aerodynamic,UNDER_CONDITION,EVT:LOSS_OF_CONTROL_INFLIGHT,1
COND:aerodynamic,UNDER_CONDITION,EVT:GROUND_RESONANCE,1
COND:aerodynamic,CAUSES,EVT:AIRFRAME_STRUCTURAL_FAILURE,4
COND:aerodynamic,TRIGGERS,EVT:AIRFRAME_STRUCTURAL_FAILURE,1
COND:aerodynamic,INHIBITS,EVT:DECISION_INAPPROPRIATE,1
COND:aerodynamic,UNDER_CONDITION,EVT:DECISION_INAPPROPRIATE,2
COND:aerodynamic,CAUSES,EVT:ALTITUDE_DEVIATION_UNCONTROLLED,1
COND:aerodynamic,UNDER_CONDITION,EVT:ALTITUDE_DEVIATION_UNCONTROLLED,1
COND:aerodynamic,CAUSES,EVT:CONTROL_INPUT_IMPROPER,4
COND:aerodynamic,CONTRIBUTES_TO,EVT:CONTROL_INPUT_IMPROPER,1
COND:aerodynamic,UNDER_CONDITION,EVT:CONTROL_INPUT_IMPROPER,1
COND:aerodynamic,CONTRIBUTES_TO,EVT:STALL,1
COND:aerodynamic,UNDER_CONDITION,EVT:STALL,2
COND:aerodynamic,CAUSES,EVT:STALL,2
COND:aerodynamic,CONTRIBUTES_TO,EVT:RUNWAY_EXCURSION_OR_OVERRUN,1
COND:aerodynamic,CAUSES,EVT:RUNWAY_EXCURSION_OR_OVERRUN,1
COND:aerodynamic,CAUSES,EVT:GROUND_IMPACT,1
COND:aerodynamic,CAUSES,EVT:TURBULENCE_ENCOUNTER,1
COND:aerodynamic,ENABLES,EVT:CONTROL_SURFACE_ANOMALY,1
COND:aerodynamic,CAUSES,EVT:CONTROL_SURFACE_ANOMALY,1
COND:aerodynamic,CAUSES,EVT:PERCEPTION_FAILURE,1
COND:aerodynamic,CAUSES,EVT:STRUCTURAL_OVERLOAD,1
COND:aerodynamic,ENABLES,EVT:STRUCTURAL_OVERLOAD,1
EVT:BRAKE_SYSTEM_FAILURE,CAUSES,EVT:RUNWAY_EXCURSION_OR_OVERRUN,2
EVT:AUTOMATION_ANOMALY,INHIBITS,EVT:PROCEDURE_NOT_FOLLOWED,1
EVT:AUTOMATION_ANOMALY,RESPONDS_TO,EVT:PROCEDURE_NOT_FOLLOWED,4
EVT:AUTOMATION_ANOMALY,TRIGGERS,EVT:PROCEDURE_NOT_FOLLOWED,1
EVT:AUTOMATION_ANOMALY,TRIGGERS,EVT:PERCEPTION_FAILURE,1
EVT:AUTOMATION_ANOMALY,CAUSES,EVT:CONTROL_SURFACE_ANOMALY,3
EVT:AUTOMATION_ANOMALY,INDUCED_CONDITION,COND:mechanical,3
EVT:AUTOMATION_ANOMALY,UNDER_CONDITION,COND:mechanical,4
EVT:AUTOMATION_ANOMALY,CAUSES,COND:mechanical,1
EVT:AUTOMATION_ANOMALY,CAUSES,EVT:DECISION_INAPPROPRIATE,1
EVT:AUTOMATION_ANOMALY,CONTRIBUTES_TO,EVT:GROUND_IMPACT,2
EVT:AUTOMATION_ANOMALY,CAUSES,EVT:GROUND_IMPACT,1
EVT:AUTOMATION_ANOMALY,CAUSES,EVT:LOSS_OF_CONTROL_INFLIGHT,6
EVT:AUTOMATION_ANOMALY,RESPONDS_TO,EVT:CONTROL_INPUT_IMPROPER,3
EVT:AUTOMATION_ANOMALY,CAUSES,EVT:CONTROL_INPUT_IMPROPER,1
EVT:AUTOMATION_ANOMALY,TRIGGERS,EVT:INSTRUMENT_OR_AVIONICS_FAILURE,1
EVT:AUTOMATION_ANOMALY,CONCURRENT,EVT:INSTRUMENT_OR_AVIONICS_FAILURE,1
EVT:AUTOMATION_ANOMALY,RESPONDS_TO,EVT:SUCCESSFUL_RECOVERY,1
EVT:AUTOMATION_ANOMALY,UNDER_CONDITION,COND:weather,1
EVT:AUTOMATION_ANOMALY,CAUSES,EVT:EMERGENCY_LANDING,2
COND:physiological,CONTRIBUTES_TO,EVT:LOSS_OF_CONTROL_INFLIGHT,2
COND:physiological,CAUSES,EVT:LOSS_OF_CONTROL_INFLIGHT,2
COND:physiological,CONTRIBUTES_TO,EVT:DECISION_INAPPROPRIATE,4
COND:physiological,CAUSES,EVT:DECISION_INAPPROPRIATE,1
COND:physiological,CONTRIBUTES_TO,EVT:PROCEDURE_NOT_FOLLOWED,1
COND:physiological,INHIBITS,ENT:person,1
COND:physiological,CONTRIBUTES_TO,EVT:STALL,1
COND:physiological,CONTRIBUTES_TO,COND:physiological,1
COND:physiological,CONTRIBUTES_TO,EVT:CONTROL_INPUT_IMPROPER,2
COND:physiological,CAUSES,EVT:CONTROL_INPUT_IMPROPER,1
COND:physiological,CAUSES,EVT:PILOT_INCAPACITATION_OR_IMPAIRMENT,1
COND:physiological,UNDER_CONDITION,EVT:PILOT_INCAPACITATION_OR_IMPAIRMENT,2
COND:physiological,INDUCED_CONDITION,EVT:PILOT_INCAPACITATION_OR_IMPAIRMENT,1
EVT:FUEL_SYSTEM_ANOMALY,CAUSES,EVT:LANDING_GEAR_ANOMALY,2
EVT:FUEL_SYSTEM_ANOMALY,INDUCED_CONDITION,COND:mechanical,10
EVT:FUEL_SYSTEM_ANOMALY,UNDER_CONDITION,COND:mechanical,7
EVT:FUEL_SYSTEM_ANOMALY,CAUSES,COND:mechanical,8
EVT:FUEL_SYSTEM_ANOMALY,TRIGGERS,EVT:PROCEDURE_NOT_FOLLOWED,3
EVT:FUEL_SYSTEM_ANOMALY,RESPONDS_TO,EVT:DECISION_INAPPROPRIATE,3
EVT:FUEL_SYSTEM_ANOMALY,CAUSES,EVT:DECISION_INAPPROPRIATE,3
EVT:FUEL_SYSTEM_ANOMALY,TRIGGERS,EVT:DECISION_INAPPROPRIATE,3
EVT:FUEL_SYSTEM_ANOMALY,CAUSES,EVT:INFLIGHT_FIRE_OR_SMOKE,11
EVT:FUEL_SYSTEM_ANOMALY,CAUSES,EVT:FUEL_SYSTEM_ANOMALY,4
EVT:FUEL_SYSTEM_ANOMALY,CAUSES,EVT:ENGINE_FAILURE,7
EVT:FUEL_SYSTEM_ANOMALY,UNDER_CONDITION,ENT:component,1
EVT:FUEL_SYSTEM_ANOMALY,AFFECTS,ENT:component,1
EVT:FUEL_SYSTEM_ANOMALY,RESPONDS_TO,EVT:CONTROL_INPUT_IMPROPER,1
EVT:FUEL_SYSTEM_ANOMALY,CONTRIBUTES_TO,EVT:CONTROL_INPUT_IMPROPER,1
EVT:FUEL_SYSTEM_ANOMALY,CONCURRENT,COND:environmental,1
EVT:FUEL_SYSTEM_ANOMALY,CAUSES,COND:environmental,3
EVT:FUEL_SYSTEM_ANOMALY,INDUCED_CONDITION,COND:environmental,2
EVT:FUEL_SYSTEM_ANOMALY,CAUSES,EVT:INSTRUMENT_OR_AVIONICS_FAILURE,1
EVT:FUEL_SYSTEM_ANOMALY,INDUCED_CONDITION,COND:structural_defect,1
EVT:FUEL_SYSTEM_ANOMALY,CAUSES,EVT:CONTROL_SURFACE_ANOMALY,1
EVT:FUEL_SYSTEM_ANOMALY,CAUSES,EVT:LOSS_OF_CONTROL_INFLIGHT,1
COND:latent,CAUSES,EVT:DECISION_INAPPROPRIATE,1
COND:latent,CONTRIBUTES_TO,COND:mechanical,1
COND:latent,ENABLES,COND:mechanical,3
COND:latent,CAUSES,COND:mechanical,6
COND:latent,CAUSES,EVT:PROCEDURE_NOT_FOLLOWED,1
EVT:ORG_OR_REGULATORY_INADEQUATE,CAUSES,COND:latent_defect,2
EVT:ORG_OR_REGULATORY_INADEQUATE,CONTRIBUTES_TO,EVT:PERCEPTION_FAILURE,1
EVT:ORG_OR_REGULATORY_INADEQUATE,CONTRIBUTES_TO,EVT:PROCEDURE_NOT_FOLLOWED,1
EVT:ORG_OR_REGULATORY_INADEQUATE,CAUSES,EVT:PROCEDURE_NOT_FOLLOWED,1
EVT:ORG_OR_REGULATORY_INADEQUATE,CAUSES,COND:mechanical,3
EVT:ORG_OR_REGULATORY_INADEQUATE,CONTRIBUTES_TO,COND:mechanical,1
EVT:ORG_OR_REGULATORY_INADEQUATE,ENABLES,COND:mechanical,1
EVT:ORG_OR_REGULATORY_INADEQUATE,CAUSES,COND:organizational,3
EVT:ORG_OR_REGULATORY_INADEQUATE,INDUCED_CONDITION,COND:organizational,2
EVT:ORG_OR_REGULATORY_INADEQUATE,CONTRIBUTES_TO,COND:organizational,2
EVT:ORG_OR_REGULATORY_INADEQUATE,CONTRIBUTES_TO,EVT:CONTROL_INPUT_IMPROPER,1
EVT:ORG_OR_REGULATORY_INADEQUATE,INDUCED_CONDITION,COND:information_gap,1
EVT:ORG_OR_REGULATORY_INADEQUATE,SUPERVISED_BY,ENT:aircraft,1
EVT:ORG_OR_REGULATORY_INADEQUATE,CAUSES,COND:environmental,1
EVT:ORG_OR_REGULATORY_INADEQUATE,CAUSES,COND:procedural,1
EVT:ORG_OR_REGULATORY_INADEQUATE,ENABLES,EVT:LANDING_GEAR_ANOMALY,1
COND:training_or_currency_gap,CONTRIBUTES_TO,EVT:CONTROL_INPUT_IMPROPER,1
COND:training_or_currency_gap,CONTRIBUTES_TO,COND:latent_defect,1
COND:human,CAUSES,EVT:PROCEDURE_NOT_FOLLOWED,2
COND:human,INHIBITS,EVT:PROCEDURE_NOT_FOLLOWED,1
COND:human,CONTRIBUTES_TO,EVT:PROCEDURE_NOT_FOLLOWED,1
COND:human,CAUSES,EVT:LOSS_OF_CONTROL_INFLIGHT,1
COND:human,CONTRIBUTES_TO,EVT:DECISION_INAPPROPRIATE,4
COND:human,CONTRIBUTES_TO,EVT:CONTROL_INPUT_IMPROPER,4
COND:human,CONTRIBUTES_TO,COND:human,1
COND:human,CAUSES,EVT:PERCEPTION_FAILURE,1
COND:human,CAUSES,EVT:STALL,1
EVT:PROPELLER_FAILURE,CAUSES,EVT:ENGINE_FAILURE,3
EVT:PROPELLER_FAILURE,AFFECTS,ENT:aircraft,2
EVT:PROPELLER_FAILURE,CAUSES,EVT:STRUCTURAL_OVERLOAD,1
EVT:PROPELLER_FAILURE,CAUSES,EVT:EMERGENCY_LANDING,2
EVT:PROPELLER_FAILURE,UNDER_CONDITION,COND:mechanical,1
EVT:PROPELLER_FAILURE,CAUSES,EVT:AIRFRAME_STRUCTURAL_FAILURE,1
EVT:PROPELLER_FAILURE,TRIGGERS,EVT:PROCEDURE_FOLLOWED,1
EVT:PROPELLER_FAILURE,TRIGGERS,EVT:DECISION_INAPPROPRIATE,1
EVT:PROPELLER_FAILURE,CAUSES,EVT:ENGINE_ANOMALY,1
EVT:RUNWAY_CONDITION_HAZARD,CONTRIBUTES_TO,EVT:CONTROL_INPUT_IMPROPER,1
EVT:RUNWAY_CONDITION_HAZARD,PRECEDES,EVT:CONTROL_INPUT_IMPROPER,1
EVT:RUNWAY_CONDITION_HAZARD,CONTEXT,EVT:CONTROL_INPUT_IMPROPER,1
EVT:RUNWAY_CONDITION_HAZARD,CONTRIBUTES_TO,EVT:LOSS_OF_CONTROL_GROUND,5
EVT:RUNWAY_CONDITION_HAZARD,TRIGGERS,EVT:LOSS_OF_CONTROL_GROUND,1
EVT:RUNWAY_CONDITION_HAZARD,CAUSES,EVT:LOSS_OF_CONTROL_GROUND,1
EVT:RUNWAY_CONDITION_HAZARD,TRIGGERS,EVT:LANDING_GEAR_ANOMALY,3
EVT:RUNWAY_CONDITION_HAZARD,CAUSES,EVT:LANDING_GEAR_ANOMALY,3
EVT:RUNWAY_CONDITION_HAZARD,CONTRIBUTES_TO,EVT:LANDING_GEAR_ANOMALY,3
EVT:RUNWAY_CONDITION_HAZARD,CAUSES,COND:mechanical,2
EVT:RUNWAY_CONDITION_HAZARD,UNDER_CONDITION,COND:mechanical,1
EVT:RUNWAY_CONDITION_HAZARD,CONCURRENT,EVT:CONTROL_SURFACE_ANOMALY,1
EVT:RUNWAY_CONDITION_HAZARD,CAUSES,EVT:CONTROL_SURFACE_ANOMALY,1
EVT:RUNWAY_CONDITION_HAZARD,TRIGGERS,EVT:CONTROL_SURFACE_ANOMALY,1
EVT:RUNWAY_CONDITION_HAZARD,CONTRIBUTES_TO,EVT:LOSS_OF_CONTROL_INFLIGHT,1
EVT:RUNWAY_CONDITION_HAZARD,CAUSES,EVT:RUNWAY_EXCURSION_OR_OVERRUN,2
EVT:RUNWAY_CONDITION_HAZARD,UNDER_CONDITION,COND:weather,3
EVT:RUNWAY_CONDITION_HAZARD,CAUSES,EVT:INFLIGHT_FIRE_OR_SMOKE,1
EVT:RUNWAY_CONDITION_HAZARD,RESPONDS_TO,EVT:DECISION_INAPPROPRIATE,1
EVT:RUNWAY_CONDITION_HAZARD,TRIGGERS,EVT:DECISION_INAPPROPRIATE,2
EVT:RUNWAY_CONDITION_HAZARD,UNDER_CONDITION,COND:environmental,3
EVT:RUNWAY_CONDITION_HAZARD,CAUSES,EVT:GROUND_IMPACT,2
EVT:RUNWAY_CONDITION_HAZARD,TRIGGERS,EVT:AIRFRAME_STRUCTURAL_FAILURE,3
EVT:ELECTRICAL_SYSTEM_FAILURE,INDUCED_CONDITION,COND:mechanical,4
EVT:ELECTRICAL_SYSTEM_FAILURE,UNDER_CONDITION,COND:mechanical,4
EVT:ELECTRICAL_SYSTEM_FAILURE,CAUSES,COND:mechanical,4
EVT:ELECTRICAL_SYSTEM_FAILURE,TRIGGERS,EVT:PROCEDURE_NOT_FOLLOWED,1
EVT:ELECTRICAL_SYSTEM_FAILURE,TRIGGERS,EVT:CONTROL_INPUT_IMPROPER,1
EVT:ELECTRICAL_SYSTEM_FAILURE,CAUSES,EVT:ELECTRICAL_SYSTEM_FAILURE,1
EVT:ELECTRICAL_SYSTEM_FAILURE,CAUSES,EVT:ENGINE_FAILURE,1
EVT:GROUND_PERSONNEL_ERROR,CAUSES,COND:mechanical,8
EVT:GROUND_PERSONNEL_ERROR,INDUCED_CONDITION,COND:mechanical,1
EVT:GROUND_PERSONNEL_ERROR,CONCURRENT,EVT:GROUND_PERSONNEL_ERROR,1
EVT:GROUND_PERSONNEL_ERROR,CAUSES,EVT:GROUND_IMPACT,1
EVT:GROUND_PERSONNEL_ERROR,CONTRIBUTES_TO,EVT:GROUND_IMPACT,1
EVT:GROUND_PERSONNEL_ERROR,CAUSES,ENT:aircraft,1
EVT:GROUND_PERSONNEL_ERROR,CAUSES,EVT:BIRD_OR_WILDLIFE_STRIKE,1
EVT:GROUND_PERSONNEL_ERROR,UNDER_CONDITION,COND:environmental,1
EVT:GROUND_PERSONNEL_ERROR,CAUSES,COND:physical_damage,1
EVT:GROUND_PERSONNEL_ERROR,CAUSES,EVT:ENGINE_FAILURE,1
EVT:GROUND_PERSONNEL_ERROR,UNDER_CONDITION,COND:weather,1
EVT:GROUND_PERSONNEL_ERROR,CONTRIBUTES_TO,EVT:PROCEDURE_NOT_FOLLOWED,1
EVT:GROUND_PERSONNEL_ERROR,TRIGGERS,EVT:INFLIGHT_FIRE_OR_SMOKE,1
EVT:GROUND_PERSONNEL_ERROR,CAUSES,EVT:AIRFRAME_STRUCTURAL_FAILURE,1
EVT:GROUND_PERSONNEL_ERROR,CAUSES,EVT:STRUCTURAL_OVERLOAD,1
EVT:GROUND_PERSONNEL_ERROR,CONCURRENT,EVT:CONTROL_SURFACE_ANOMALY,1
EVT:THUNDERSTORM_OR_CONVECTIVE,CAUSES,EVT:INSTRUMENT_OR_AVIONICS_FAILURE,1
EVT:PROPULSION_ANOMALY,CONTRIBUTES_TO,EVT:LOSS_OF_CONTROL_INFLIGHT,1
EVT:PROPULSION_ANOMALY,CAUSES,EVT:LOSS_OF_CONTROL_INFLIGHT,1
EVT:PROPULSION_ANOMALY,CAUSES,EVT:PROPULSION_ANOMALY,1
EVT:PROPULSION_ANOMALY,CAUSES,EVT:ENGINE_FAILURE,1
EVT:BRAKE_ANOMALY,CAUSES,EVT:GROUND_IMPACT,1
EVT:BRAKE_ANOMALY,UNDER_CONDITION,COND:mechanical,1
EVT:BRAKE_ANOMALY,CAUSES,EVT:LOSS_OF_CONTROL_GROUND,2
EVT:BRAKE_ANOMALY,CAUSES,EVT:CONTROL_INPUT_IMPROPER,1
EVT:ICING_ENCOUNTER,TRIGGERS,EVT:DECISION_INAPPROPRIATE,1
EVT:ICING_ENCOUNTER,CAUSES,EVT:AIRFRAME_STRUCTURAL_FAILURE,1
EVT:ICING_ENCOUNTER,UNDER_CONDITION,COND:weather,3
EVT:ICING_ENCOUNTER,INDUCED_CONDITION,COND:mechanical,1
EVT:CREW_COORDINATION_FAILURE,INDUCED_CONDITION,COND:mechanical,1
EVT:CREW_COORDINATION_FAILURE,CONTRIBUTES_TO,EVT:CONTROL_INPUT_IMPROPER,1
EVT:CREW_COORDINATION_FAILURE,CONTRIBUTES_TO,EVT:LOSS_OF_CONTROL_GROUND,1
EVT:CREW_COORDINATION_FAILURE,CAUSES,EVT:LOSS_OF_CONTROL_INFLIGHT,1
EVT:CREW_COORDINATION_FAILURE,CONTRIBUTES_TO,EVT:GROUND_IMPACT,1
EVT:SPATIAL_DISORIENTATION,CAUSES,EVT:LOSS_OF_CONTROL_INFLIGHT,4
EVT:SPATIAL_DISORIENTATION,CAUSES,EVT:STRUCTURAL_OVERLOAD,1
EVT:SPATIAL_DISORIENTATION,CAUSES,EVT:GROUND_IMPACT,3
EVT:SPATIAL_DISORIENTATION,CAUSES,EVT:STALL,1
EVT:SPATIAL_DISORIENTATION,UNDER_CONDITION,COND:environmental,1
EVT:SPATIAL_DISORIENTATION,INDUCED_CONDITION,COND:spatial,1
EVT:SPATIAL_DISORIENTATION,CAUSES,EVT:PROCEDURE_NOT_FOLLOWED,2
EVT:SPATIAL_DISORIENTATION,UNDER_CONDITION,COND:weather,2
EVT:SPATIAL_DISORIENTATION,CAUSES,EVT:DECISION_INAPPROPRIATE,1
EVT:SPATIAL_DISORIENTATION,CAUSES,EVT:CONTROL_INPUT_IMPROPER,1
COND:perceptual,CAUSES,EVT:CONTROL_INPUT_IMPROPER,1
COND:perceptual,UNDER_CONDITION,EVT:PERCEPTION_FAILURE,1
COND:structural_limit,UNDER_CONDITION,EVT:STRUCTURAL_OVERLOAD,1
EVT:DESIGN_DEFECT_LATENT,CAUSES,COND:mechanical,20
EVT:DESIGN_DEFECT_LATENT,INDUCED_CONDITION,COND:mechanical,5
EVT:DESIGN_DEFECT_LATENT,CAUSES,COND:design,2
EVT:DESIGN_DEFECT_LATENT,RESPONDS_TO,COND:design,1
EVT:DESIGN_DEFECT_LATENT,CAUSES,COND:organizational,1
EVT:DESIGN_DEFECT_LATENT,CAUSES,EVT:CONTROL_SURFACE_ANOMALY,2
EVT:DESIGN_DEFECT_LATENT,SUPERVISED_BY,ENT:aircraft,1
EVT:DESIGN_DEFECT_LATENT,CAUSES,ENT:component,1
EVT:DESIGN_DEFECT_LATENT,CAUSES,COND:latent_defect,1
EVT:DESIGN_DEFECT_LATENT,CAUSES,COND:structural,1
EVT:PROCEDURE_FOLLOWED,CAUSES,EVT:SUCCESSFUL_RECOVERY,3
EVT:PROCEDURE_FOLLOWED,CONTRIBUTES_TO,EVT:SUCCESSFUL_RECOVERY,1
EVT:PROCEDURE_FOLLOWED,ENABLES,EVT:SUCCESSFUL_RECOVERY,1
EVT:PROCEDURE_FOLLOWED,CAUSES,EVT:EMERGENCY_LANDING,1
EVT:PROCEDURE_FOLLOWED,ENABLES,EVT:EMERGENCY_LANDING,1
EVT:PROCEDURE_FOLLOWED,PRECEDES,EVT:PROCEDURE_FOLLOWED,1
EVT:PROCEDURE_FOLLOWED,CAUSES,EVT:PROCEDURE_FOLLOWED,1
EVT:PROCEDURE_FOLLOWED,CAUSES,COND:mechanical,1
EVT:PROCEDURE_FOLLOWED,CAUSES,EVT:LANDING_GEAR_ANOMALY,1
COND:system,ENABLES,EVT:DECISION_INAPPROPRIATE,1
COND:system,CAUSES,EVT:SPATIAL_DISORIENTATION,1
COND:system,CAUSES,EVT:INSTRUMENT_OR_AVIONICS_FAILURE,1
EVT:TERRAIN_OR_OBSTACLE_PROXIMITY,CAUSES,EVT:STRUCTURAL_OVERLOAD,1
EVT:TERRAIN_OR_OBSTACLE_PROXIMITY,CAUSES,EVT:GROUND_IMPACT,10
EVT:TERRAIN_OR_OBSTACLE_PROXIMITY,UNDER_CONDITION,COND:environmental,4
EVT:TERRAIN_OR_OBSTACLE_PROXIMITY,PRECEDES,EVT:CONTROL_INPUT_IMPROPER,1
EVT:TERRAIN_OR_OBSTACLE_PROXIMITY,RESPONDS_TO,EVT:CONTROL_INPUT_IMPROPER,1
EVT:TERRAIN_OR_OBSTACLE_PROXIMITY,TRIGGERS,EVT:CONTROL_INPUT_IMPROPER,2
EVT:TERRAIN_OR_OBSTACLE_PROXIMITY,CAUSES,EVT:TERRAIN_OR_OBSTACLE_PROXIMITY,1
EVT:TERRAIN_OR_OBSTACLE_PROXIMITY,CAUSES,EVT:TURBULENCE_ENCOUNTER,1
EVT:TERRAIN_OR_OBSTACLE_PROXIMITY,CAUSES,EVT:STALL,1
EVT:TERRAIN_OR_OBSTACLE_PROXIMITY,CONTRIBUTES_TO,EVT:LOSS_OF_CONTROL_INFLIGHT,1
EVT:TERRAIN_OR_OBSTACLE_PROXIMITY,CAUSES,EVT:INFLIGHT_FIRE_OR_SMOKE,1
EVT:TERRAIN_OR_OBSTACLE_PROXIMITY,CAUSES,EVT:INJURY_OR_FATALITY,3
EVT:TERRAIN_OR_OBSTACLE_PROXIMITY,PRECEDES,EVT:CONTROL_SURFACE_ANOMALY,1
EVT:TERRAIN_OR_OBSTACLE_PROXIMITY,CAUSES,EVT:PERCEPTION_FAILURE,1
EVT:TERRAIN_OR_OBSTACLE_PROXIMITY,INDUCED_CONDITION,COND:cognitive,1
EVT:TERRAIN_OR_OBSTACLE_PROXIMITY,CAUSES,EVT:LANDING_GEAR_ANOMALY,1
ENT:organization,SUPERVISED_BY,COND:organizational,2
ENT:organization,CAUSES,COND:organizational,2
ENT:organization,SUPERVISED_BY,COND:latent_defect,2
ENT:organization,SUPERVISED_BY,EVT:MAINTENANCE_INADEQUATE,2
ENT:organization,SUPERVISED_BY,COND:design,1
ENT:organization,CAUSES,COND:procedural,1
ENT:organization,CAUSES,COND:training,1
ENT:organization,SUPERVISED_BY,COND:organizational_gap,1
ENT:organization,SUPERVISED_BY,ENT:component,1
ENT:organization,CAUSES,COND:mechanical,2
ENT:organization,SUPERVISED_BY,COND:mechanical,3
ENT:organization,SUPERVISED_BY,EVT:DESIGN_DEFECT_LATENT,1
COND:unknown,CAUSES,COND:unknown,1
COND:unknown,CAUSES,EVT:PERCEPTION_FAILURE,1
COND:unknown,UNDER_CONDITION,EVT:PERCEPTION_FAILURE,1
COND:unknown,CAUSES,EVT:CONTROL_INPUT_IMPROPER,1
COND:information,TRIGGERS,EVT:PERCEPTION_FAILURE,1
COND:information,UNDER_CONDITION,EVT:PERCEPTION_FAILURE,1
COND:information,CONTRIBUTES_TO,COND:weather,1
COND:information,CAUSES,EVT:PROCEDURE_NOT_FOLLOWED,1
COND:information,UNDER_CONDITION,EVT:INSTRUMENT_OR_AVIONICS_FAILURE,1
COND:operational,CONTRIBUTES_TO,EVT:DECISION_INAPPROPRIATE,1
COND:operational,CAUSES,EVT:DECISION_INAPPROPRIATE,1
COND:operational,CAUSES,COND:weight,1
COND:operational,CAUSES,EVT:TERRAIN_OR_OBSTACLE_PROXIMITY,1
COND:operational,CAUSES,EVT:AIRFRAME_STRUCTURAL_FAILURE,2
COND:operational,CAUSES,EVT:GROUND_IMPACT,1
COND:operational,UNDER_CONDITION,EVT:GROUND_IMPACT,1
EVT:GROUND_RESONANCE,CAUSES,EVT:AIRFRAME_STRUCTURAL_FAILURE,2
EVT:GROUND_RESONANCE,RESPONDS_TO,EVT:DECISION_INAPPROPRIATE,1
EVT:GROUND_RESONANCE,CAUSES,EVT:INFLIGHT_BREAKUP,2
COND:knowledge,CAUSES,EVT:TRAINING_OR_CURRENCY_GAP,1
COND:knowledge,CAUSES,EVT:PROCEDURE_NOT_FOLLOWED,1
COND:knowledge,CONTRIBUTES_TO,EVT:PERCEPTION_FAILURE,1
ENT:person,CAUSES,COND:mechanical,1
ENT:person,PERFORMED_BY,EVT:PROCEDURE_NOT_FOLLOWED,1
ENT:person,INHIBITS,COND:structural_defect,1
EVT:WIND_SHEAR_OR_GUST,CAUSES,EVT:AUTOMATION_ANOMALY,1
EVT:WIND_SHEAR_OR_GUST,CONTRIBUTES_TO,EVT:CONTROL_SURFACE_ANOMALY,1
EVT:WIND_SHEAR_OR_GUST,CONTRIBUTES_TO,EVT:AIRFRAME_STRUCTURAL_FAILURE,1
EVT:WIND_SHEAR_OR_GUST,UNDER_CONDITION,COND:weather,2
EVT:WIND_SHEAR_OR_GUST,RESPONDS_TO,EVT:CONTROL_INPUT_IMPROPER,1
EVT:WIND_SHEAR_OR_GUST,UNDER_CONDITION,COND:environmental,1
COND:psychological,CAUSES,EVT:DECISION_INAPPROPRIATE,1
COND:psychological,INHIBITS,EVT:PROCEDURE_NOT_FOLLOWED,1
EVT:EMERGENCY_SYSTEM_FAILURE,CAUSES,EVT:ENGINE_FAILURE,1
EVT:GROUND_DAMAGE,CAUSES,COND:mechanical,1
EVT:TIRE_FAILURE,CAUSES,EVT:STRUCTURAL_OVERLOAD,1
EVT:TIRE_FAILURE,UNDER_CONDITION,COND:mechanical,1
EVT:GROUND_TAXI,CONCURRENT,EVT:LOSS_OF_CONTROL_GROUND,1
COND:procedural,CONTRIBUTES_TO,EVT:PERCEPTION_FAILURE,1
COND:procedural,CONTRIBUTES_TO,EVT:MAINTENANCE_INADEQUATE,1
COND:procedural,CAUSES,EVT:MAINTENANCE_INADEQUATE,1
COND:procedural,CONTRIBUTES_TO,EVT:DECISION_INAPPROPRIATE,2
COND:procedural,ENABLES,EVT:DECISION_INAPPROPRIATE,1
COND:procedural,CAUSES,EVT:INFLIGHT_FIRE_OR_SMOKE,1
COND:procedural,CAUSES,EVT:PROCEDURE_NOT_FOLLOWED,2
COND:procedural,CONTRIBUTES_TO,EVT:PROCEDURE_NOT_FOLLOWED,1
COND:procedural,ENABLES,COND:mechanical,1
COND:procedural,CAUSES,COND:mechanical,1
COND:procedural,ENABLES,EVT:CONTROL_SURFACE_ANOMALY,2
COND:procedural,ENABLES,EVT:AIRFRAME_STRUCTURAL_FAILURE,1
COND:procedural,CONTRIBUTES_TO,EVT:CONTROL_INPUT_IMPROPER,1
COND:communication,CAUSES,EVT:DECISION_INAPPROPRIATE,1
COND:instrumentation,CAUSES,EVT:DECISION_INAPPROPRIATE,1
COND:perception,CAUSES,EVT:DECISION_INAPPROPRIATE,1
EVT:GROUND_INCIDENT,CAUSES,EVT:LOSS_OF_CONTROL_GROUND,1
EVT:GROUND_INCIDENT,TRIGGERS,EVT:AIRFRAME_STRUCTURAL_FAILURE,1
COND:cognitive,CONTRIBUTES_TO,EVT:DECISION_INAPPROPRIATE,1
COND:cognitive,CAUSES,EVT:DECISION_INAPPROPRIATE,1
COND:cognitive,CAUSES,EVT:ENGINE_FAILURE,1
EVT:THRUST_REVERSER_ANOMALY,INDUCED_CONDITION,COND:mechanical,1
EVT:PILOT_INCAPACITATION_OR_IMPAIRMENT,CAUSES,EVT:LOSS_OF_CONTROL_GROUND,2
EVT:PILOT_INCAPACITATION_OR_IMPAIRMENT,INDUCED_CONDITION,COND:physiological,3
EVT:PILOT_INCAPACITATION_OR_IMPAIRMENT,RESPONDS_TO,EVT:SUCCESSFUL_RECOVERY,1
EVT:PILOT_INCAPACITATION_OR_IMPAIRMENT,CAUSES,EVT:LOSS_OF_CONTROL_INFLIGHT,2
EVT:PILOT_INCAPACITATION_OR_IMPAIRMENT,CONTRIBUTES_TO,EVT:CONTROL_INPUT_IMPROPER,1
EVT:PILOT_INCAPACITATION_OR_IMPAIRMENT,CONTRIBUTES_TO,EVT:GROUND_IMPACT,2
EVT:TAXIING_INCIDENT,INDUCED_CONDITION,COND:mechanical,1
EVT:GROUND_COLLISION,TRIGGERS,EVT:LOSS_OF_CONTROL_GROUND,1
EVT:GROUND_COLLISION,CAUSES,EVT:STRUCTURAL_OVERLOAD,1
COND:training,CONTRIBUTES_TO,EVT:DECISION_INAPPROPRIATE,1
COND:training,CAUSES,EVT:PERCEPTION_FAILURE,1
COND:training,CONTRIBUTES_TO,EVT:PERCEPTION_FAILURE,1
COND:training,CONTRIBUTES_TO,EVT:PROCEDURE_NOT_FOLLOWED,1
COND:training,CONTRIBUTES_TO,EVT:LOSS_OF_CONTROL_INFLIGHT,1
EVT:LOSS_OF_PRESSURE,RESPONDS_TO,EVT:CONTROL_INPUT_IMPROPER,1
COND:information_gap,CONTRIBUTES_TO,EVT:PROCEDURE_NOT_FOLLOWED,1
COND:medical,CONTRIBUTES_TO,EVT:CONTROL_INPUT_IMPROPER,2
COND:medical,CAUSES,EVT:DECISION_INAPPROPRIATE,1
COND:human_factors,CONTRIBUTES_TO,EVT:CONTROL_INPUT_IMPROPER,1
COND:drug_impairment,CAUSES,EVT:CONTROL_INPUT_IMPROPER,1
COND:drug_impairment,UNDER_CONDITION,ENT:person,1
EVT:FLIGHT_CONTROL_ANOMALY,CAUSES,EVT:FLIGHT_CONTROL_ANOMALY,2
EVT:FLIGHT_CONTROL_ANOMALY,CAUSES,COND:aerodynamic,1
EVT:FLIGHT_CONTROL_ANOMALY,CAUSES,EVT:LOSS_OF_CONTROL_INFLIGHT,1
EVT:FLIGHT_CONTROL_ANOMALY,CAUSES,COND:mechanical,1
COND:visual,CONTRIBUTES_TO,EVT:PERCEPTION_FAILURE,1
EVT:MIDAIR_COLLISION,CAUSES,EVT:STRUCTURAL_OVERLOAD,1
COND:fuel,CAUSES,EVT:ENGINE_FAILURE,1
EVT:HYDRAULIC_FAILURE,CONTRIBUTES_TO,EVT:LANDING_GEAR_ANOMALY,1
COND:system_state,TRIGGERS,EVT:PROCEDURE_NOT_FOLLOWED,1
EVT:BRAKE_OVERHEAT,INDUCED_CONDITION,COND:mechanical,1
EVT:BRAKE_OVERHEAT,TRIGGERS,EVT:PERCEPTION_FAILURE,1
EVT:BRAKE_OVERHEAT,CAUSES,EVT:INFLIGHT_FIRE_OR_SMOKE,1
COND:attention,CAUSES,EVT:PERCEPTION_FAILURE,1
COND:design_defect,CAUSES,EVT:INFLIGHT_FIRE_OR_SMOKE,1
COND:design_defect,CAUSES,COND:structural_defect,1
COND:organizational_gap,CAUSES,COND:design_defect,1
EVT:GROUND_TAXIING,UNDER_CONDITION,COND:weather,1
EVT:GROUND_TAXIING,UNDER_CONDITION,COND:mechanical,1
COND:thermal,CAUSES,EVT:AIRFRAME_STRUCTURAL_FAILURE,1
COND:instrument,MASKED_BY_CONDITION,EVT:PERCEPTION_FAILURE,1
COND:instrument,CAUSES,EVT:PERCEPTION_FAILURE,1
COND:instrument,CAUSES,EVT:DECISION_INAPPROPRIATE,1
COND:instrument,ENABLES,EVT:PROCEDURE_NOT_FOLLOWED,1
COND:instrument,CAUSES,EVT:CONTROL_INPUT_IMPROPER,1
COND:instrument,UNDER_CONDITION,EVT:INSTRUMENT_OR_AVIONICS_FAILURE,1
EVT:LOW_VISIBILITY_OR_IMC,CAUSES,EVT:LOSS_OF_CONTROL_INFLIGHT,1
EVT:LOW_VISIBILITY_OR_IMC,CAUSES,EVT:PROCEDURE_NOT_FOLLOWED,1
EVT:LOW_VISIBILITY_OR_IMC,UNDER_CONDITION,COND:weather,4
EVT:LOW_VISIBILITY_OR_IMC,UNDER_CONDITION,EVT:INSTRUMENT_OR_AVIONICS_FAILURE,1
EVT:TAIL_ROTOR_FAILURE,CAUSES,EVT:LOSS_OF_CONTROL_INFLIGHT,1
EVT:TAIL_ROTOR_FAILURE,INDUCED_CONDITION,COND:mechanical,1
ENT:procedure,INHIBITS,EVT:MAINTENANCE_INADEQUATE,1
EVT:PROPULSION_FAILURE,TRIGGERS,EVT:CONTROL_INPUT_IMPROPER,1
COND:external_load,ENABLES,EVT:CONTROL_SURFACE_ANOMALY,1
COND:weight,CONTRIBUTES_TO,EVT:LOSS_OF_CONTROL_INFLIGHT,1
COND:procedural_violation,ENABLES,EVT:INFLIGHT_FIRE_OR_SMOKE,1
COND:physical_damage,TRIGGERS,EVT:INFLIGHT_FIRE_OR_SMOKE,1
COND:maintenance_inadequate,ENABLES,COND:latent_defect,1
COND:electrical,UNDER_CONDITION,EVT:PERCEPTION_FAILURE,1
EVT:FLAP_OVERSPEED,CONTRIBUTES_TO,EVT:AIRFRAME_STRUCTURAL_FAILURE,1
EVT:TAKEOFF,TRIGGERS,EVT:LANDING_GEAR_ANOMALY,1
EVT:ATC_OR_DISPATCH_INADEQUATE,CAUSES,EVT:PROCEDURE_NOT_FOLLOWED,1
EVT:ATC_OR_DISPATCH_INADEQUATE,CAUSES,COND:aerodynamic,1
COND:physical,CAUSES,COND:mechanical,1
COND:physical,CAUSES,EVT:DECISION_INAPPROPRIATE,1
COND:structural_defect,CAUSES,COND:structural_defect,1
COND:structural_defect,CAUSES,EVT:AIRFRAME_STRUCTURAL_FAILURE,4
COND:structural_defect,ENABLES,EVT:AIRFRAME_STRUCTURAL_FAILURE,1
EVT:FLUID_LEAK,CAUSES,EVT:LANDING_GEAR_ANOMALY,1
EVT:GROUND_LOOP,CAUSES,EVT:FUEL_SYSTEM_ANOMALY,1
EVT:SYSTEM_PRESSURE_LOSS,TRIGGERS,EVT:PROCEDURE_FOLLOWED,1
COND:manufacturing,CAUSES,COND:mechanical,1
COND:equipment,INHIBITS,EVT:PROCEDURE_NOT_FOLLOWED,1
EVT:ENGINE_ANOMALY,TRIGGERS,EVT:DECISION_INAPPROPRIATE,1
COND:terrain,CONTRIBUTES_TO,EVT:GROUND_IMPACT,1
COND:terrain,UNDER_CONDITION,EVT:RUNWAY_EXCURSION_OR_OVERRUN,1
COND:aerodynamic_load,CAUSES,EVT:STRUCTURAL_OVERLOAD,1
COND:regulatory_violation,ENABLES,EVT:CONTROL_INPUT_IMPROPER,1
COND:regulatory_violation,UNDER_CONDITION,ENT:person,1
EVT:AERODYNAMIC_FLUTTER,CAUSES,EVT:AIRFRAME_STRUCTURAL_FAILURE,1
EVT:AERODYNAMIC_FLUTTER,RESPONDS_TO,EVT:CONTROL_INPUT_IMPROPER,1
EVT:FLAP_ANOMALY,CONTRIBUTES_TO,EVT:CONTROL_INPUT_IMPROPER,1
EVT:FLAP_ANOMALY,CONTRIBUTES_TO,EVT:GEAR_UP_LANDING,1
ENT:equipment,INDUCED_CONDITION,COND:mechanical,1
EVT:PRESSURIZATION_ANOMALY,TRIGGERS,EVT:CONTROL_INPUT_IMPROPER,1
EVT:GEAR_UP_LANDING,CAUSES,EVT:RUNWAY_EXCURSION_OR_OVERRUN,1
EVT:AERODYNAMIC_STATE,TRIGGERS,EVT:DECISION_INAPPROPRIATE,1
EVT:POWERTRAIN_ANOMALY,CAUSES,EVT:ENGINE_FAILURE,1
EVT:PROPELLER_ANOMALY,CAUSES,COND:operational,1
EVT:PROPELLER_ANOMALY,TRIGGERS,EVT:DECISION_INAPPROPRIATE,1
EVT:TAXIWAY_EXCURSION_OR_OVERRUN,CAUSES,EVT:LANDING_GEAR_ANOMALY,1
COND:material,CONTRIBUTES_TO,EVT:AIRFRAME_STRUCTURAL_FAILURE,1
