src,edge_type,dst,count
EVT:DECISION_INAPPROPRIATE,UNDER_CONDITION,COND:terrain,12
EVT:DECISION_INAPPROPRIATE,ENABLES,COND:terrain,1
EVT:DECISION_INAPPROPRIATE,CAUSES,COND:spatial,3
EVT:DECISION_INAPPROPRIATE,UNDER_CONDITION,COND:spatial,3
EVT:DECISION_INAPPROPRIATE,INDUCED_CONDITION,COND:spatial,2
EVT:DECISION_INAPPROPRIATE,CONCURRENT,EVT:CONTROL_INPUT_IMPROPER,4
EVT:DECISION_INAPPROPRIATE,CAUSES,EVT:CONTROL_INPUT_IMPROPER,124
EVT:DECISION_INAPPROPRIATE,TRIGGERS,EVT:CONTROL_INPUT_IMPROPER,12
EVT:DECISION_INAPPROPRIATE,RESPONDS_TO,EVT:CONTROL_INPUT_IMPROPER,6
EVT:DECISION_INAPPROPRIATE,PRECEDES,EVT:CONTROL_INPUT_IMPROPER,5
EVT:DECISION_INAPPROPRIATE,ENABLES,EVT:CONTROL_INPUT_IMPROPER,2
EVT:DECISION_INAPPROPRIATE,CONTRIBUTES_TO,EVT:CONTROL_INPUT_IMPROPER,18
EVT:DECISION_INAPPROPRIATE,CAUSES,EVT:GROUND_IMPACT,334
EVT:DECISION_INAPPROPRIATE,CONTRIBUTES_TO,EVT:GROUND_IMPACT,25
EVT:DECISION_INAPPROPRIATE,CONCURRENT,EVT:GROUND_IMPACT,2
EVT:DECISION_INAPPROPRIATE,PRECEDES,EVT:GROUND_IMPACT,1
EVT:DECISION_INAPPROPRIATE,UNDER_CONDITION,COND:weather,65
EVT:DECISION_INAPPROPRIATE,RESPONDS_TO,COND:weather,6
EVT:DECISION_INAPPROPRIATE,CAUSES,COND:weather,2
EVT:DECISION_INAPPROPRIATE,INDUCED_CONDITION,COND:weather,2
EVT:DECISION_INAPPROPRIATE,CONCURRENT,COND:weather,1
EVT:DECISION_INAPPROPRIATE,ENABLES,COND:weather,1
EVT:DECISION_INAPPROPRIATE,CAUSES,EVT:ENGINE_FAILURE,30
EVT:DECISION_INAPPROPRIATE,RESPONDS_TO,EVT:ENGINE_FAILURE,2
EVT:DECISION_INAPPROPRIATE,CONTRIBUTES_TO,EVT:ENGINE_FAILURE,13
EVT:DECISION_INAPPROPRIATE,CONCURRENT,EVT:ENGINE_FAILURE,6
EVT:DECISION_INAPPROPRIATE,TRIGGERS,EVT:ENGINE_FAILURE,2
EVT:DECISION_INAPPROPRIATE,ENABLES,EVT:ENGINE_FAILURE,2
EVT:DECISION_INAPPROPRIATE,PRECEDES,EVT:ENGINE_FAILURE,1
EVT:DECISION_INAPPROPRIATE,CAUSES,EVT:RUNWAY_EXCURSION_OR_OVERRUN,96
EVT:DECISION_INAPPROPRIATE,CONTRIBUTES_TO,EVT:RUNWAY_EXCURSION_OR_OVERRUN,1
EVT:DECISION_INAPPROPRIATE,INDUCED_CONDITION,COND:aerodynamic,7
EVT:DECISION_INAPPROPRIATE,TRIGGERS,COND:aerodynamic,1
EVT:DECISION_INAPPROPRIATE,UNDER_CONDITION,COND:aerodynamic,2
EVT:DECISION_INAPPROPRIATE,CAUSES,COND:aerodynamic,10
EVT:DECISION_INAPPROPRIATE,CAUSES,COND:mechanical,64
EVT:DECISION_INAPPROPRIATE,MASKED_BY_CONDITION,COND:mechanical,2
EVT:DECISION_INAPPROPRIATE,UNDER_CONDITION,COND:mechanical,18
EVT:DECISION_INAPPROPRIATE,ENABLES,COND:mechanical,3
EVT:DECISION_INAPPROPRIATE,INDUCED_CONDITION,COND:mechanical,12
EVT:DECISION_INAPPROPRIATE,CONTRIBUTES_TO,COND:mechanical,3
EVT:DECISION_INAPPROPRIATE,RESPONDS_TO,COND:mechanical,2
EVT:DECISION_INAPPROPRIATE,CAUSES,EVT:DECISION_INAPPROPRIATE,21
EVT:DECISION_INAPPROPRIATE,RESPONDS_TO,EVT:DECISION_INAPPROPRIATE,3
EVT:DECISION_INAPPROPRIATE,CONCURRENT,EVT:DECISION_INAPPROPRIATE,3
EVT:DECISION_INAPPROPRIATE,CONTRIBUTES_TO,EVT:DECISION_INAPPROPRIATE,7
EVT:DECISION_INAPPROPRIATE,PRECEDES,EVT:DECISION_INAPPROPRIATE,2
EVT:DECISION_INAPPROPRIATE,CAUSES,EVT:LOW_VISIBILITY_OR_IMC,26
EVT:DECISION_INAPPROPRIATE,RESPONDS_TO,EVT:LOW_VISIBILITY_OR_IMC,2
EVT:DECISION_INAPPROPRIATE,CONTRIBUTES_TO,EVT:LOW_VISIBILITY_OR_IMC,1
EVT:DECISION_INAPPROPRIATE,ENABLES,EVT:LOW_VISIBILITY_OR_IMC,1
EVT:DECISION_INAPPROPRIATE,CAUSES,EVT:STALL,20
EVT:DECISION_INAPPROPRIATE,CONTRIBUTES_TO,EVT:STALL,2
EVT:DECISION_INAPPROPRIATE,CAUSES,EVT:SPATIAL_DISORIENTATION,14
EVT:DECISION_INAPPROPRIATE,CONTRIBUTES_TO,EVT:SPATIAL_DISORIENTATION,1
EVT:DECISION_INAPPROPRIATE,UNDER_CONDITION,COND:environmental,62
EVT:DECISION_INAPPROPRIATE,RESPONDS_TO,COND:environmental,6
EVT:DECISION_INAPPROPRIATE,INDUCED_CONDITION,COND:environmental,19
EVT:DECISION_INAPPROPRIATE,MASKED_BY_CONDITION,COND:environmental,1
EVT:DECISION_INAPPROPRIATE,CAUSES,COND:environmental,6
EVT:DECISION_INAPPROPRIATE,PREVENTS,COND:environmental,1
EVT:DECISION_INAPPROPRIATE,ENABLES,COND:environmental,2
EVT:DECISION_INAPPROPRIATE,TRIGGERS,COND:environmental,1
EVT:DECISION_INAPPROPRIATE,INDUCED_CONDITION,COND:cognitive,6
EVT:DECISION_INAPPROPRIATE,CAUSES,COND:cognitive,2
EVT:DECISION_INAPPROPRIATE,CONTRIBUTES_TO,COND:cognitive,1
EVT:DECISION_INAPPROPRIATE,CAUSES,EVT:TERRAIN_OR_OBSTACLE_PROXIMITY,38
EVT:DECISION_INAPPROPRIATE,CONTRIBUTES_TO,EVT:TERRAIN_OR_OBSTACLE_PROXIMITY,4
EVT:DECISION_INAPPROPRIATE,CAUSES,COND:fuel_state,12
EVT:DECISION_INAPPROPRIATE,INDUCED_CONDITION,COND:fuel_state,1
EVT:DECISION_INAPPROPRIATE,CONTRIBUTES_TO,EVT:LOSS_OF_CONTROL_INFLIGHT,8
EVT:DECISION_INAPPROPRIATE,CAUSES,EVT:LOSS_OF_CONTROL_INFLIGHT,36
EVT:DECISION_INAPPROPRIATE,CAUSES,EVT:ALTITUDE_DEVIATION_UNCONTROLLED,28
EVT:DECISION_INAPPROPRIATE,CONTRIBUTES_TO,EVT:ALTITUDE_DEVIATION_UNCONTROLLED,6
EVT:DECISION_INAPPROPRIATE,TRIGGERS,EVT:PROCEDURE_NOT_FOLLOWED,9
EVT:DECISION_INAPPROPRIATE,CAUSES,EVT:PROCEDURE_NOT_FOLLOWED,86
EVT:DECISION_INAPPROPRIATE,PRECEDES,EVT:PROCEDURE_NOT_FOLLOWED,12
EVT:DECISION_INAPPROPRIATE,CONCURRENT,EVT:PROCEDURE_NOT_FOLLOWED,10
EVT:DECISION_INAPPROPRIATE,CONTRIBUTES_TO,EVT:PROCEDURE_NOT_FOLLOWED,15
EVT:DECISION_INAPPROPRIATE,RESPONDS_TO,EVT:PROCEDURE_NOT_FOLLOWED,12
EVT:DECISION_INAPPROPRIATE,CONCURRENT,EVT:PERCEPTION_FAILURE,3
EVT:DECISION_INAPPROPRIATE,CONTRIBUTES_TO,EVT:PERCEPTION_FAILURE,6
EVT:DECISION_INAPPROPRIATE,CAUSES,EVT:PERCEPTION_FAILURE,34
EVT:DECISION_INAPPROPRIATE,PRECEDES,EVT:PERCEPTION_FAILURE,2
EVT:DECISION_INAPPROPRIATE,TRIGGERS,EVT:PERCEPTION_FAILURE,1
EVT:DECISION_INAPPROPRIATE,UNDER_CONDITION,COND:operational,5
EVT:DECISION_INAPPROPRIATE,INDUCED_CONDITION,COND:operational,4
EVT:DECISION_INAPPROPRIATE,CAUSES,COND:operational,7
EVT:DECISION_INAPPROPRIATE,CONCURRENT,COND:operational,1
EVT:DECISION_INAPPROPRIATE,CAUSES,EVT:THUNDERSTORM_OR_CONVECTIVE,2
EVT:DECISION_INAPPROPRIATE,CAUSES,EVT:EMERGENCY_LANDING,61
EVT:DECISION_INAPPROPRIATE,CONTRIBUTES_TO,EVT:EMERGENCY_LANDING,1
EVT:DECISION_INAPPROPRIATE,RESPONDS_TO,EVT:EMERGENCY_LANDING,1
EVT:DECISION_INAPPROPRIATE,CAUSES,EVT:WIND_SHEAR_OR_GUST,6
EVT:DECISION_INAPPROPRIATE,PRECEDES,EVT:WIND_SHEAR_OR_GUST,1
EVT:DECISION_INAPPROPRIATE,CONTRIBUTES_TO,EVT:WIND_SHEAR_OR_GUST,2
EVT:DECISION_INAPPROPRIATE,CAUSES,COND:resource,15
EVT:DECISION_INAPPROPRIATE,CONTRIBUTES_TO,COND:resource,1
EVT:DECISION_INAPPROPRIATE,INDUCED_CONDITION,COND:resource,1
EVT:DECISION_INAPPROPRIATE,CAUSES,EVT:FUEL_SYSTEM_ANOMALY,6
EVT:DECISION_INAPPROPRIATE,CONTRIBUTES_TO,EVT:FUEL_SYSTEM_ANOMALY,3
EVT:DECISION_INAPPROPRIATE,CAUSES,EVT:SUCCESSFUL_RECOVERY,31
EVT:DECISION_INAPPROPRIATE,CONTRIBUTES_TO,EVT:SUCCESSFUL_RECOVERY,1
EVT:DECISION_INAPPROPRIATE,CONCURRENT,EVT:SUCCESSFUL_RECOVERY,1
EVT:DECISION_INAPPROPRIATE,MITIGATES,EVT:SUCCESSFUL_RECOVERY,1
EVT:DECISION_INAPPROPRIATE,RESPONDS_TO,EVT:SUCCESSFUL_RECOVERY,1
EVT:DECISION_INAPPROPRIATE,MASKED_BY_CONDITION,COND:physical,1
EVT:DECISION_INAPPROPRIATE,CAUSES,COND:weight,5
EVT:DECISION_INAPPROPRIATE,UNDER_CONDITION,COND:weight,3
EVT:DECISION_INAPPROPRIATE,INDUCED_CONDITION,COND:weight,1
EVT:DECISION_INAPPROPRIATE,CONTRIBUTES_TO,EVT:LOSS_OF_CONTROL_GROUND,6
EVT:DECISION_INAPPROPRIATE,CAUSES,EVT:LOSS_OF_CONTROL_GROUND,8
EVT:DECISION_INAPPROPRIATE,CAUSES,COND:resource_depletion,2
EVT:DECISION_INAPPROPRIATE,CAUSES,EVT:WATER_IMPACT,17
EVT:DECISION_INAPPROPRIATE,CAUSES,COND:fuel,9
EVT:DECISION_INAPPROPRIATE,INDUCED_CONDITION,COND:fuel,1
EVT:DECISION_INAPPROPRIATE,UNDER_CONDITION,COND:training_or_currency,1
EVT:DECISION_INAPPROPRIATE,CAUSES,COND:weight_and_balance,4
EVT:DECISION_INAPPROPRIATE,INDUCED_CONDITION,COND:weight_and_balance,2
EVT:DECISION_INAPPROPRIATE,CONTRIBUTES_TO,COND:communication,1
EVT:DECISION_INAPPROPRIATE,ENABLES,EVT:LANDING_GEAR_ANOMALY,2
EVT:DECISION_INAPPROPRIATE,CAUSES,EVT:LANDING_GEAR_ANOMALY,12
EVT:DECISION_INAPPROPRIATE,CONCURRENT,EVT:LANDING_GEAR_ANOMALY,1
EVT:DECISION_INAPPROPRIATE,CONTRIBUTES_TO,EVT:LANDING_GEAR_ANOMALY,5
EVT:DECISION_INAPPROPRIATE,CAUSES,EVT:TURBULENCE_ENCOUNTER,4
EVT:DECISION_INAPPROPRIATE,CAUSES,COND:human_factors,2
EVT:DECISION_INAPPROPRIATE,INDUCED_CONDITION,COND:human_factors,1
EVT:DECISION_INAPPROPRIATE,UNDER_CONDITION,COND:runway,1
EVT:DECISION_INAPPROPRIATE,UNDER_CONDITION,COND:aircraft_performance,1
EVT:DECISION_INAPPROPRIATE,INDUCED_CONDITION,COND:psychological,1
EVT:DECISION_INAPPROPRIATE,CAUSES,COND:organizational,4
EVT:DECISION_INAPPROPRIATE,INHIBITS,COND:organizational,1
EVT:DECISION_INAPPROPRIATE,UNDER_CONDITION,COND:organizational,4
EVT:DECISION_INAPPROPRIATE,CONCURRENT,COND:organizational,1
EVT:DECISION_INAPPROPRIATE,RESPONDS_TO,COND:organizational,1
EVT:DECISION_INAPPROPRIATE,CAUSES,EVT:PILOT_INCAPACITATION_OR_IMPAIRMENT,1
EVT:DECISION_INAPPROPRIATE,CAUSES,COND:regulatory,3
EVT:DECISION_INAPPROPRIATE,UNDER_CONDITION,COND:regulatory,1
EVT:DECISION_INAPPROPRIATE,INDUCED_CONDITION,COND:visual_reference,1
EVT:DECISION_INAPPROPRIATE,RESPONDS_TO,EVT:MAINTENANCE_INADEQUATE,1
EVT:DECISION_INAPPROPRIATE,TRIGGERS,EVT:MAINTENANCE_INADEQUATE,1
EVT:DECISION_INAPPROPRIATE,CAUSES,EVT:AIRFRAME_STRUCTURAL_FAILURE,4
EVT:DECISION_INAPPROPRIATE,CAUSES,EVT:DESCENT_BELOW_SAFE_ALTITUDE,1
EVT:DECISION_INAPPROPRIATE,CAUSES,EVT:INFLIGHT_BREAKUP,1
EVT:DECISION_INAPPROPRIATE,UNDER_CONDITION,COND:human,2
EVT:DECISION_INAPPROPRIATE,INDUCED_CONDITION,COND:human,2
EVT:DECISION_INAPPROPRIATE,CONCURRENT,EVT:CONTROL_SURFACE_ANOMALY,1
EVT:DECISION_INAPPROPRIATE,PREVENTS,EVT:CONTROL_SURFACE_ANOMALY,1
EVT:DECISION_INAPPROPRIATE,CAUSES,COND:aircraft_state,1
EVT:DECISION_INAPPROPRIATE,CAUSES,COND:location,1
EVT:DECISION_INAPPROPRIATE,CAUSES,COND:performance,1
EVT:DECISION_INAPPROPRIATE,UNDER_CONDITION,COND:performance,1
EVT:DECISION_INAPPROPRIATE,INDUCED_CONDITION,COND:mental,1
EVT:DECISION_INAPPROPRIATE,INDUCED_CONDITION,COND:procedural,3
EVT:DECISION_INAPPROPRIATE,CAUSES,COND:procedural,1
EVT:DECISION_INAPPROPRIATE,UNDER_CONDITION,COND:procedural,1
EVT:DECISION_INAPPROPRIATE,UNDER_CONDITION,COND:infrastructure,3
EVT:DECISION_INAPPROPRIATE,RESPONDS_TO,COND:infrastructure,1
EVT:DECISION_INAPPROPRIATE,CAUSES,EVT:ICING_ENCOUNTER,4
EVT:DECISION_INAPPROPRIATE,CONCURRENT,EVT:ICING_ENCOUNTER,1
EVT:DECISION_INAPPROPRIATE,CAUSES,COND:fuel_flow_interruption,1
EVT:DECISION_INAPPROPRIATE,CONTRIBUTES_TO,EVT:BRAKING_FAILURE,1
EVT:DECISION_INAPPROPRIATE,CAUSES,EVT:PROCEDURE_FOLLOWED,2
EVT:DECISION_INAPPROPRIATE,UNDER_CONDITION,COND:medical,1
EVT:DECISION_INAPPROPRIATE,CONTRIBUTES_TO,COND:medical,1
EVT:DECISION_INAPPROPRIATE,ENABLES,ENT:aircraft,1
EVT:DECISION_INAPPROPRIATE,TRIGGERS,ENT:aircraft,1
EVT:DECISION_INAPPROPRIATE,PRECEDES,EVT:TAKEOFF,1
EVT:DECISION_INAPPROPRIATE,CAUSES,EVT:TAKEOFF,1
EVT:DECISION_INAPPROPRIATE,CONCURRENT,EVT:INSTRUMENT_OR_AVIONICS_FAILURE,1
EVT:DECISION_INAPPROPRIATE,PRECEDES,EVT:INSTRUMENT_OR_AVIONICS_FAILURE,1
EVT:DECISION_INAPPROPRIATE,CAUSES,EVT:INSTRUMENT_OR_AVIONICS_FAILURE,1
EVT:DECISION_INAPPROPRIATE,RESPONDS_TO,EVT:INSTRUMENT_OR_AVIONICS_FAILURE,1
EVT:DECISION_INAPPROPRIATE,CAUSES,EVT:GROUND_COLLISION,1
EVT:DECISION_INAPPROPRIATE,TRIGGERS,EVT:ATC_OR_DISPATCH_INADEQUATE,1
EVT:DECISION_INAPPROPRIATE,CONTRIBUTES_TO,EVT:STRUCTURAL_OVERLOAD,2
EVT:DECISION_INAPPROPRIATE,INDUCED_CONDITION,COND:mental_state,2
EVT:DECISION_INAPPROPRIATE,CAUSES,EVT:LANDING,1
EVT:DECISION_INAPPROPRIATE,CONCURRENT,EVT:COMMUNICATION_FAILURE,1
EVT:DECISION_INAPPROPRIATE,CAUSES,EVT:BIRD_OR_WILDLIFE_STRIKE,3
EVT:DECISION_INAPPROPRIATE,TRIGGERS,EVT:AUTOMATION_ANOMALY,1
EVT:DECISION_INAPPROPRIATE,CAUSES,EVT:INJURY_OR_FATALITY,1
EVT:DECISION_INAPPROPRIATE,UNDER_CONDITION,COND:human_factor,2
EVT:DECISION_INAPPROPRIATE,CONCURRENT,EVT:INFLIGHT_FIRE_OR_SMOKE,2
EVT:DECISION_INAPPROPRIATE,CAUSES,EVT:INFLIGHT_FIRE_OR_SMOKE,1
EVT:DECISION_INAPPROPRIATE,CAUSES,COND:configuration,2
EVT:DECISION_INAPPROPRIATE,UNDER_CONDITION,COND:configuration,1
EVT:DECISION_INAPPROPRIATE,CAUSES,COND:instrument,1
EVT:DECISION_INAPPROPRIATE,UNDER_CONDITION,COND:altitude,1
EVT:DECISION_INAPPROPRIATE,UNDER_CONDITION,COND:other,1
EVT:DECISION_INAPPROPRIATE,CAUSES,COND:other,1
EVT:DECISION_INAPPROPRIATE,CAUSES,COND:weight_balance,1
EVT:DECISION_INAPPROPRIATE,INDUCED_CONDITION,COND:knowledge,1
EVT:DECISION_INAPPROPRIATE,UNDER_CONDITION,COND:knowledge,1
EVT:DECISION_INAPPROPRIATE,CAUSES,COND:crew_coordination,1
EVT:DECISION_INAPPROPRIATE,INDUCED_CONDITION,COND:perceptual,1
EVT:DECISION_INAPPROPRIATE,CAUSES,COND:information,1
EVT:DECISION_INAPPROPRIATE,CAUSES,EVT:RUNWAY_CONDITION_HAZARD,1
EVT:DECISION_INAPPROPRIATE,UNDER_CONDITION,COND:pilot_qualification,1
EVT:DECISION_INAPPROPRIATE,CAUSES,EVT:MIDAIR_COLLISION,2
EVT:DECISION_INAPPROPRIATE,CONTRIBUTES_TO,EVT:MIDAIR_COLLISION,1
EVT:DECISION_INAPPROPRIATE,UNDER_CONDITION,COND:surface,1
EVT:DECISION_INAPPROPRIATE,INDUCED_CONDITION,COND:situational_awareness,1
EVT:DECISION_INAPPROPRIATE,CONCURRENT,EVT:RUNWAY_INCURSION,1
COND:terrain,UNDER_CONDITION,EVT:GROUND_IMPACT,4
COND:terrain,ENABLES,EVT:GROUND_IMPACT,6
COND:terrain,CAUSES,EVT:GROUND_IMPACT,6
COND:terrain,CONTRIBUTES_TO,EVT:GROUND_IMPACT,1
COND:terrain,UNDER_CONDITION,EVT:CONTROL_INPUT_IMPROPER,2
COND:terrain,CONTRIBUTES_TO,EVT:CONTROL_INPUT_IMPROPER,2
COND:terrain,INHIBITS,EVT:CONTROL_INPUT_IMPROPER,1
COND:terrain,ENABLES,EVT:RUNWAY_EXCURSION_OR_OVERRUN,1
COND:terrain,UNDER_CONDITION,EVT:RUNWAY_EXCURSION_OR_OVERRUN,2
COND:terrain,CAUSES,EVT:RUNWAY_EXCURSION_OR_OVERRUN,1
COND:terrain,INHIBITS,EVT:DECISION_INAPPROPRIATE,1
COND:terrain,UNDER_CONDITION,EVT:DECISION_INAPPROPRIATE,1
COND:terrain,ENABLES,EVT:DECISION_INAPPROPRIATE,1
COND:terrain,CAUSES,EVT:DECISION_INAPPROPRIATE,1
COND:terrain,CONTRIBUTES_TO,EVT:DECISION_INAPPROPRIATE,1
COND:terrain,CAUSES,EVT:STRUCTURAL_OVERLOAD,3
COND:terrain,UNDER_CONDITION,EVT:TERRAIN_OR_OBSTACLE_PROXIMITY,8
COND:terrain,CAUSES,EVT:TERRAIN_OR_OBSTACLE_PROXIMITY,1
COND:terrain,ENABLES,EVT:TERRAIN_OR_OBSTACLE_PROXIMITY,2
COND:terrain,ENABLES,EVT:PERCEPTION_FAILURE,1
COND:terrain,UNDER_CONDITION,EVT:PERCEPTION_FAILURE,1
COND:terrain,TRIGGERS,EVT:PERCEPTION_FAILURE,1
COND:terrain,CAUSES,EVT:PERCEPTION_FAILURE,1
COND:terrain,CAUSES,COND:weather,1
COND:terrain,CAUSES,EVT:TURBULENCE_ENCOUNTER,1
COND:terrain,CAUSES,COND:altitude,1
COND:terrain,CONTRIBUTES_TO,EVT:LOSS_OF_CONTROL_INFLIGHT,1
COND:terrain,MASKED_BY_CONDITION,EVT:PROCEDURE_NOT_FOLLOWED,1
COND:terrain,CAUSES,EVT:GROUND_INCIDENT,1
COND:terrain,UNDER_CONDITION,EVT:SPATIAL_DISORIENTATION,1
COND:terrain,ENABLES,EVT:LOSS_OF_CONTROL_GROUND,1
COND:terrain,UNDER_CONDITION,EVT:WIND_SHEAR_OR_GUST,1
COND:spatial,TRIGGERS,EVT:CONTROL_INPUT_IMPROPER,1
COND:spatial,CAUSES,EVT:CONTROL_INPUT_IMPROPER,9
COND:spatial,UNDER_CONDITION,EVT:CONTROL_INPUT_IMPROPER,1
COND:spatial,CONTRIBUTES_TO,EVT:CONTROL_INPUT_IMPROPER,1
COND:spatial,ENABLES,EVT:CONTROL_INPUT_IMPROPER,2
COND:spatial,CAUSES,EVT:TERRAIN_OR_OBSTACLE_PROXIMITY,4
COND:spatial,TRIGGERS,EVT:PROCEDURE_NOT_FOLLOWED,1
COND:spatial,CAUSES,EVT:PROCEDURE_NOT_FOLLOWED,4
COND:spatial,INHIBITS,EVT:PROCEDURE_NOT_FOLLOWED,1
COND:spatial,CAUSES,EVT:SPATIAL_DISORIENTATION,1
COND:spatial,UNDER_CONDITION,EVT:SPATIAL_DISORIENTATION,1
COND:spatial,CAUSES,EVT:PERCEPTION_FAILURE,4
COND:spatial,UNDER_CONDITION,EVT:DECISION_INAPPROPRIATE,1
COND:spatial,CAUSES,EVT:DECISION_INAPPROPRIATE,4
COND:spatial,INHIBITS,EVT:DECISION_INAPPROPRIATE,1
COND:spatial,UNDER_CONDITION,EVT:ALTITUDE_DEVIATION_UNCONTROLLED,2
COND:spatial,CAUSES,EVT:ALTITUDE_DEVIATION_UNCONTROLLED,3
COND:spatial,UNDER_CONDITION,EVT:GROUND_IMPACT,1
COND:spatial,CAUSES,EVT:GROUND_IMPACT,1
COND:spatial,CAUSES,EVT:LOSS_OF_CONTROL_INFLIGHT,6
COND:spatial,CONTRIBUTES_TO,EVT:LOSS_OF_CONTROL_INFLIGHT,1
COND:spatial,CAUSES,EVT:GROUND_COLLISION,3
COND:spatial,ENABLES,EVT:GROUND_COLLISION,1
COND:spatial,CAUSES,EVT:GROUND_DAMAGE,1
COND:spatial,CAUSES,COND:perceptual,1
COND:spatial,CAUSES,EVT:STALL,1
COND:spatial,CAUSES,EVT:DESCENT_BELOW_MINIMUMS,1
EVT:CONTROL_INPUT_IMPROPER,CAUSES,EVT:GROUND_IMPACT,488
EVT:CONTROL_INPUT_IMPROPER,MITIGATES,EVT:GROUND_IMPACT,2
EVT:CONTROL_INPUT_IMPROPER,ENABLES,EVT:GROUND_IMPACT,1
EVT:CONTROL_INPUT_IMPROPER,CONTRIBUTES_TO,EVT:GROUND_IMPACT,40
EVT:CONTROL_INPUT_IMPROPER,RESPONDS_TO,EVT:GROUND_IMPACT,2
EVT:CONTROL_INPUT_IMPROPER,PREVENTS,EVT:GROUND_IMPACT,2
EVT:CONTROL_INPUT_IMPROPER,INHIBITS,EVT:GROUND_IMPACT,5
EVT:CONTROL_INPUT_IMPROPER,CONCURRENT,EVT:GROUND_IMPACT,2
EVT:CONTROL_INPUT_IMPROPER,INDUCED_CONDITION,COND:aerodynamic,75
EVT:CONTROL_INPUT_IMPROPER,UNDER_CONDITION,COND:aerodynamic,11
EVT:CONTROL_INPUT_IMPROPER,CAUSES,COND:aerodynamic,35
EVT:CONTROL_INPUT_IMPROPER,CONTRIBUTES_TO,COND:aerodynamic,2
EVT:CONTROL_INPUT_IMPROPER,RESPONDS_TO,COND:aerodynamic,2
EVT:CONTROL_INPUT_IMPROPER,CAUSES,EVT:CONTROL_INPUT_IMPROPER,50
EVT:CONTROL_INPUT_IMPROPER,RESPONDS_TO,EVT:CONTROL_INPUT_IMPROPER,16
EVT:CONTROL_INPUT_IMPROPER,CONTRIBUTES_TO,EVT:CONTROL_INPUT_IMPROPER,10
EVT:CONTROL_INPUT_IMPROPER,CONCURRENT,EVT:CONTROL_INPUT_IMPROPER,40
EVT:CONTROL_INPUT_IMPROPER,PRECEDES,EVT:CONTROL_INPUT_IMPROPER,19
EVT:CONTROL_INPUT_IMPROPER,TRIGGERS,EVT:CONTROL_INPUT_IMPROPER,13
EVT:CONTROL_INPUT_IMPROPER,CONTRIBUTES_TO,EVT:ENGINE_FAILURE,10
EVT:CONTROL_INPUT_IMPROPER,CAUSES,EVT:ENGINE_FAILURE,39
EVT:CONTROL_INPUT_IMPROPER,RESPONDS_TO,EVT:ENGINE_FAILURE,4
EVT:CONTROL_INPUT_IMPROPER,INHIBITS,EVT:ENGINE_FAILURE,1
EVT:CONTROL_INPUT_IMPROPER,MITIGATES,EVT:ENGINE_FAILURE,1
EVT:CONTROL_INPUT_IMPROPER,TRIGGERS,EVT:ENGINE_FAILURE,9
EVT:CONTROL_INPUT_IMPROPER,CONCURRENT,EVT:ENGINE_FAILURE,2
EVT:CONTROL_INPUT_IMPROPER,PRECEDES,EVT:ENGINE_FAILURE,1
EVT:CONTROL_INPUT_IMPROPER,CAUSES,EVT:STRUCTURAL_OVERLOAD,10
EVT:CONTROL_INPUT_IMPROPER,CONTRIBUTES_TO,EVT:STRUCTURAL_OVERLOAD,1
EVT:CONTROL_INPUT_IMPROPER,TRIGGERS,EVT:STRUCTURAL_OVERLOAD,1
EVT:CONTROL_INPUT_IMPROPER,UNDER_CONDITION,COND:weather,53
EVT:CONTROL_INPUT_IMPROPER,RESPONDS_TO,COND:weather,1
EVT:CONTROL_INPUT_IMPROPER,ENABLES,COND:weather,1
EVT:CONTROL_INPUT_IMPROPER,INDUCED_CONDITION,COND:weather,1
EVT:CONTROL_INPUT_IMPROPER,CAUSES,EVT:DECISION_INAPPROPRIATE,25
EVT:CONTROL_INPUT_IMPROPER,CONCURRENT,EVT:DECISION_INAPPROPRIATE,5
EVT:CONTROL_INPUT_IMPROPER,TRIGGERS,EVT:DECISION_INAPPROPRIATE,18
EVT:CONTROL_INPUT_IMPROPER,RESPONDS_TO,EVT:DECISION_INAPPROPRIATE,2
EVT:CONTROL_INPUT_IMPROPER,CONTRIBUTES_TO,EVT:DECISION_INAPPROPRIATE,4
EVT:CONTROL_INPUT_IMPROPER,CAUSES,EVT:MIDAIR_COLLISION,17
EVT:CONTROL_INPUT_IMPROPER,CONTRIBUTES_TO,EVT:LOSS_OF_CONTROL_GROUND,35
EVT:CONTROL_INPUT_IMPROPER,CAUSES,EVT:LOSS_OF_CONTROL_GROUND,138
EVT:CONTROL_INPUT_IMPROPER,PREVENTS,EVT:LOSS_OF_CONTROL_GROUND,2
EVT:CONTROL_INPUT_IMPROPER,RESPONDS_TO,EVT:LOSS_OF_CONTROL_GROUND,5
EVT:CONTROL_INPUT_IMPROPER,TRIGGERS,EVT:LOSS_OF_CONTROL_GROUND,1
EVT:CONTROL_INPUT_IMPROPER,TRIGGERS,EVT:BRAKE_ANOMALY,1
EVT:CONTROL_INPUT_IMPROPER,CAUSES,EVT:BRAKE_ANOMALY,1
EVT:CONTROL_INPUT_IMPROPER,CAUSES,EVT:TERRAIN_OR_OBSTACLE_PROXIMITY,60
EVT:CONTROL_INPUT_IMPROPER,CONTRIBUTES_TO,EVT:TERRAIN_OR_OBSTACLE_PROXIMITY,2
EVT:CONTROL_INPUT_IMPROPER,RESPONDS_TO,COND:environmental,4
EVT:CONTROL_INPUT_IMPROPER,UNDER_CONDITION,COND:environmental,108
EVT:CONTROL_INPUT_IMPROPER,ENABLES,COND:environmental,1
EVT:CONTROL_INPUT_IMPROPER,INDUCED_CONDITION,COND:environmental,10
EVT:CONTROL_INPUT_IMPROPER,CAUSES,COND:environmental,2
EVT:CONTROL_INPUT_IMPROPER,CAUSES,EVT:ALTITUDE_DEVIATION_UNCONTROLLED,47
EVT:CONTROL_INPUT_IMPROPER,CONTRIBUTES_TO,EVT:ALTITUDE_DEVIATION_UNCONTROLLED,7
EVT:CONTROL_INPUT_IMPROPER,CAUSES,EVT:LOSS_OF_CONTROL_INFLIGHT,183
EVT:CONTROL_INPUT_IMPROPER,PREVENTS,EVT:LOSS_OF_CONTROL_INFLIGHT,2
EVT:CONTROL_INPUT_IMPROPER,CONTRIBUTES_TO,EVT:LOSS_OF_CONTROL_INFLIGHT,29
EVT:CONTROL_INPUT_IMPROPER,INHIBITS,EVT:LOSS_OF_CONTROL_INFLIGHT,1
EVT:CONTROL_INPUT_IMPROPER,RESPONDS_TO,EVT:LOSS_OF_CONTROL_INFLIGHT,2
EVT:CONTROL_INPUT_IMPROPER,TRIGGERS,EVT:LOSS_OF_CONTROL_INFLIGHT,2
EVT:CONTROL_INPUT_IMPROPER,CONCURRENT,EVT:LOSS_OF_CONTROL_INFLIGHT,1
EVT:CONTROL_INPUT_IMPROPER,CAUSES,EVT:RUNWAY_EXCURSION_OR_OVERRUN,229
EVT:CONTROL_INPUT_IMPROPER,CONTRIBUTES_TO,EVT:RUNWAY_EXCURSION_OR_OVERRUN,26
EVT:CONTROL_INPUT_IMPROPER,TRIGGERS,EVT:RUNWAY_EXCURSION_OR_OVERRUN,1
EVT:CONTROL_INPUT_IMPROPER,RESPONDS_TO,EVT:RUNWAY_EXCURSION_OR_OVERRUN,3
EVT:CONTROL_INPUT_IMPROPER,CONCURRENT,EVT:RUNWAY_EXCURSION_OR_OVERRUN,1
EVT:CONTROL_INPUT_IMPROPER,PREVENTS,EVT:RUNWAY_EXCURSION_OR_OVERRUN,1
EVT:CONTROL_INPUT_IMPROPER,MITIGATES,EVT:RUNWAY_EXCURSION_OR_OVERRUN,1
EVT:CONTROL_INPUT_IMPROPER,CAUSES,EVT:LANDING_GEAR_ANOMALY,68
EVT:CONTROL_INPUT_IMPROPER,TRIGGERS,EVT:LANDING_GEAR_ANOMALY,13
EVT:CONTROL_INPUT_IMPROPER,CONTRIBUTES_TO,EVT:LANDING_GEAR_ANOMALY,5
EVT:CONTROL_INPUT_IMPROPER,PREVENTS,EVT:LANDING_GEAR_ANOMALY,2
EVT:CONTROL_INPUT_IMPROPER,RESPONDS_TO,EVT:LANDING_GEAR_ANOMALY,1
EVT:CONTROL_INPUT_IMPROPER,CAUSES,COND:mechanical,28
EVT:CONTROL_INPUT_IMPROPER,UNDER_CONDITION,COND:mechanical,20
EVT:CONTROL_INPUT_IMPROPER,TRIGGERS,COND:mechanical,5
EVT:CONTROL_INPUT_IMPROPER,RESPONDS_TO,COND:mechanical,5
EVT:CONTROL_INPUT_IMPROPER,INDUCED_CONDITION,COND:mechanical,30
EVT:CONTROL_INPUT_IMPROPER,INHIBITS,COND:mechanical,2
EVT:CONTROL_INPUT_IMPROPER,PREVENTS,COND:mechanical,5
EVT:CONTROL_INPUT_IMPROPER,CONTRIBUTES_TO,COND:mechanical,2
EVT:CONTROL_INPUT_IMPROPER,TRIGGERS,EVT:PROCEDURE_NOT_FOLLOWED,24
EVT:CONTROL_INPUT_IMPROPER,CAUSES,EVT:PROCEDURE_NOT_FOLLOWED,17
EVT:CONTROL_INPUT_IMPROPER,CONCURRENT,EVT:PROCEDURE_NOT_FOLLOWED,6
EVT:CONTROL_INPUT_IMPROPER,RESPONDS_TO,EVT:PROCEDURE_NOT_FOLLOWED,6
EVT:CONTROL_INPUT_IMPROPER,CONTRIBUTES_TO,EVT:PROCEDURE_NOT_FOLLOWED,7
EVT:CONTROL_INPUT_IMPROPER,ENABLES,EVT:PROCEDURE_NOT_FOLLOWED,1
EVT:CONTROL_INPUT_IMPROPER,PRECEDES,EVT:PROCEDURE_NOT_FOLLOWED,4
EVT:CONTROL_INPUT_IMPROPER,UNDER_CONDITION,COND:organizational,1
EVT:CONTROL_INPUT_IMPROPER,MASKED_BY_CONDITION,COND:organizational,1
EVT:CONTROL_INPUT_IMPROPER,CAUSES,COND:organizational,1
EVT:CONTROL_INPUT_IMPROPER,CAUSES,EVT:TURBULENCE_ENCOUNTER,2
EVT:CONTROL_INPUT_IMPROPER,CAUSES,EVT:STALL,142
EVT:CONTROL_INPUT_IMPROPER,CONTRIBUTES_TO,EVT:STALL,11
EVT:CONTROL_INPUT_IMPROPER,RESPONDS_TO,EVT:STALL,2
EVT:CONTROL_INPUT_IMPROPER,TRIGGERS,EVT:STALL,1
EVT:CONTROL_INPUT_IMPROPER,CAUSES,EVT:CONTROL_SURFACE_ANOMALY,18
EVT:CONTROL_INPUT_IMPROPER,TRIGGERS,EVT:CONTROL_SURFACE_ANOMALY,9
EVT:CONTROL_INPUT_IMPROPER,CONTRIBUTES_TO,EVT:CONTROL_SURFACE_ANOMALY,2
EVT:CONTROL_INPUT_IMPROPER,RESPONDS_TO,EVT:CONTROL_SURFACE_ANOMALY,1
EVT:CONTROL_INPUT_IMPROPER,CONCURRENT,EVT:CONTROL_SURFACE_ANOMALY,1
EVT:CONTROL_INPUT_IMPROPER,TRIGGERS,COND:structural,1
EVT:CONTROL_INPUT_IMPROPER,CAUSES,EVT:PERCEPTION_FAILURE,12
EVT:CONTROL_INPUT_IMPROPER,CONTRIBUTES_TO,EVT:PERCEPTION_FAILURE,2
EVT:CONTROL_INPUT_IMPROPER,PRECEDES,EVT:PERCEPTION_FAILURE,1
EVT:CONTROL_INPUT_IMPROPER,CONCURRENT,EVT:PERCEPTION_FAILURE,1
EVT:CONTROL_INPUT_IMPROPER,TRIGGERS,EVT:PERCEPTION_FAILURE,3
EVT:CONTROL_INPUT_IMPROPER,CAUSES,EVT:INFLIGHT_BREAKUP,2
EVT:CONTROL_INPUT_IMPROPER,UNDER_CONDITION,COND:human,2
EVT:CONTROL_INPUT_IMPROPER,CONCURRENT,EVT:WIND_SHEAR_OR_GUST,5
EVT:CONTROL_INPUT_IMPROPER,CAUSES,EVT:WIND_SHEAR_OR_GUST,4
EVT:CONTROL_INPUT_IMPROPER,ENABLES,EVT:WIND_SHEAR_OR_GUST,2
EVT:CONTROL_INPUT_IMPROPER,CAUSES,EVT:AIRFRAME_STRUCTURAL_FAILURE,13
EVT:CONTROL_INPUT_IMPROPER,CONTRIBUTES_TO,EVT:AIRFRAME_STRUCTURAL_FAILURE,3
EVT:CONTROL_INPUT_IMPROPER,TRIGGERS,EVT:AIRFRAME_STRUCTURAL_FAILURE,2
EVT:CONTROL_INPUT_IMPROPER,RESPONDS_TO,EVT:AIRFRAME_STRUCTURAL_FAILURE,1
EVT:CONTROL_INPUT_IMPROPER,UNDER_CONDITION,COND:traffic_density,1
EVT:CONTROL_INPUT_IMPROPER,CAUSES,EVT:INJURY_OR_FATALITY,3
EVT:CONTROL_INPUT_IMPROPER,CAUSES,EVT:EMERGENCY_LANDING,9
EVT:CONTROL_INPUT_IMPROPER,CONTRIBUTES_TO,EVT:EMERGENCY_LANDING,1
EVT:CONTROL_INPUT_IMPROPER,ENABLES,EVT:EMERGENCY_LANDING,1
EVT:CONTROL_INPUT_IMPROPER,CAUSES,EVT:CREW_COORDINATION_FAILURE,2
EVT:CONTROL_INPUT_IMPROPER,CONCURRENT,EVT:CREW_COORDINATION_FAILURE,1
EVT:CONTROL_INPUT_IMPROPER,TRIGGERS,EVT:CREW_COORDINATION_FAILURE,1
EVT:CONTROL_INPUT_IMPROPER,UNDER_CONDITION,ENT:location,2
EVT:CONTROL_INPUT_IMPROPER,UNDER_CONDITION,COND:terrain,11
EVT:CONTROL_INPUT_IMPROPER,CAUSES,COND:terrain,1
EVT:CONTROL_INPUT_IMPROPER,CAUSES,COND:performance,1
EVT:CONTROL_INPUT_IMPROPER,CAUSES,EVT:RUNWAY_CONDITION_HAZARD,3
EVT:CONTROL_INPUT_IMPROPER,CONCURRENT,EVT:RUNWAY_CONDITION_HAZARD,1
EVT:CONTROL_INPUT_IMPROPER,CAUSES,EVT:SUCCESSFUL_RECOVERY,14
EVT:CONTROL_INPUT_IMPROPER,CONCURRENT,EVT:SUCCESSFUL_RECOVERY,1
EVT:CONTROL_INPUT_IMPROPER,MITIGATES,EVT:SUCCESSFUL_RECOVERY,1
EVT:CONTROL_INPUT_IMPROPER,CAUSES,EVT:WATER_IMPACT,8
EVT:CONTROL_INPUT_IMPROPER,UNDER_CONDITION,COND:spatial_reference,1
EVT:CONTROL_INPUT_IMPROPER,CAUSES,COND:aircraft_state,1
EVT:CONTROL_INPUT_IMPROPER,CAUSES,EVT:FUEL_SYSTEM_ANOMALY,2
EVT:CONTROL_INPUT_IMPROPER,TRIGGERS,EVT:FUEL_SYSTEM_ANOMALY,1
EVT:CONTROL_INPUT_IMPROPER,INDUCED_CONDITION,COND:human_factor,2
EVT:CONTROL_INPUT_IMPROPER,UNDER_CONDITION,COND:human_factor,1
EVT:CONTROL_INPUT_IMPROPER,CONTRIBUTES_TO,COND:human_factor,1
EVT:CONTROL_INPUT_IMPROPER,UNDER_CONDITION,COND:pilot,1
EVT:CONTROL_INPUT_IMPROPER,CAUSES,COND:spatial,1
EVT:CONTROL_INPUT_IMPROPER,INDUCED_CONDITION,COND:spatial,3
EVT:CONTROL_INPUT_IMPROPER,UNDER_CONDITION,COND:spatial,4
EVT:CONTROL_INPUT_IMPROPER,INDUCED_CONDITION,COND:situational_awareness,1
EVT:CONTROL_INPUT_IMPROPER,CAUSES,EVT:GROUND_RESONANCE,1
EVT:CONTROL_INPUT_IMPROPER,TRIGGERS,EVT:GROUND_RESONANCE,1
EVT:CONTROL_INPUT_IMPROPER,INDUCED_CONDITION,COND:aerodynamic_state,1
EVT:CONTROL_INPUT_IMPROPER,CAUSES,EVT:GROUND_COLLISION,27
EVT:CONTROL_INPUT_IMPROPER,CONTRIBUTES_TO,EVT:GROUND_COLLISION,2
EVT:CONTROL_INPUT_IMPROPER,INDUCED_CONDITION,COND:physical,2
EVT:CONTROL_INPUT_IMPROPER,CONTRIBUTES_TO,COND:resource,1
EVT:CONTROL_INPUT_IMPROPER,TRIGGERS,EVT:GROUND_PERSONNEL_ERROR,1
EVT:CONTROL_INPUT_IMPROPER,CAUSES,EVT:GROUND_PERSONNEL_ERROR,1
EVT:CONTROL_INPUT_IMPROPER,INDUCED_CONDITION,COND:configuration,2
EVT:CONTROL_INPUT_IMPROPER,RESPONDS_TO,COND:configuration,1
EVT:CONTROL_INPUT_IMPROPER,CONTRIBUTES_TO,COND:configuration,1
EVT:CONTROL_INPUT_IMPROPER,UNDER_CONDITION,COND:configuration,1
EVT:CONTROL_INPUT_IMPROPER,CAUSES,EVT:GROUND_LOOP,2
EVT:CONTROL_INPUT_IMPROPER,CONTRIBUTES_TO,EVT:GROUND_LOOP,1
EVT:CONTROL_INPUT_IMPROPER,INDUCED_CONDITION,COND:other,3
EVT:CONTROL_INPUT_IMPROPER,TRIGGERS,EVT:AUTOMATION_ANOMALY,2
EVT:CONTROL_INPUT_IMPROPER,CAUSES,ENT:aircraft,1
EVT:CONTROL_INPUT_IMPROPER,PREVENTS,ENT:aircraft,1
EVT:CONTROL_INPUT_IMPROPER,CONTRIBUTES_TO,EVT:UNKNOWN,1
EVT:CONTROL_INPUT_IMPROPER,CAUSES,EVT:UNKNOWN,1
EVT:CONTROL_INPUT_IMPROPER,UNDER_CONDITION,COND:operational,4
EVT:CONTROL_INPUT_IMPROPER,INDUCED_CONDITION,COND:operational,3
EVT:CONTROL_INPUT_IMPROPER,CAUSES,COND:operational,1
EVT:CONTROL_INPUT_IMPROPER,INHIBITS,COND:unknown,1
EVT:CONTROL_INPUT_IMPROPER,UNDER_CONDITION,COND:unknown,1
EVT:CONTROL_INPUT_IMPROPER,UNDER_CONDITION,COND:medical,1
EVT:CONTROL_INPUT_IMPROPER,CONTRIBUTES_TO,COND:fuel,1
EVT:CONTROL_INPUT_IMPROPER,TRIGGERS,EVT:RESPONDS_TO,1
EVT:CONTROL_INPUT_IMPROPER,RESPONDS_TO,EVT:RESPONDS_TO,1
EVT:CONTROL_INPUT_IMPROPER,CAUSES,EVT:LOSS_OF_BALANCE_OR_FATIGUE,1
EVT:CONTROL_INPUT_IMPROPER,CAUSES,EVT:INFLIGHT_FIRE_OR_SMOKE,2
EVT:CONTROL_INPUT_IMPROPER,ENABLES,EVT:INFLIGHT_FIRE_OR_SMOKE,1
EVT:CONTROL_INPUT_IMPROPER,UNDER_CONDITION,COND:surface,4
EVT:CONTROL_INPUT_IMPROPER,CAUSES,EVT:BIRD_OR_WILDLIFE_STRIKE,3
EVT:CONTROL_INPUT_IMPROPER,CONTRIBUTES_TO,EVT:BIRD_OR_WILDLIFE_STRIKE,1
EVT:CONTROL_INPUT_IMPROPER,INDUCED_CONDITION,COND:aircraft_configuration,1
EVT:CONTROL_INPUT_IMPROPER,UNDER_CONDITION,COND:human_factors,2
EVT:CONTROL_INPUT_IMPROPER,INDUCED_CONDITION,COND:human_factors,1
EVT:CONTROL_INPUT_IMPROPER,PREVENTS,EVT:GROUND_INCIDENT,1
EVT:CONTROL_INPUT_IMPROPER,CAUSES,EVT:GROUND_INCIDENT,1
EVT:CONTROL_INPUT_IMPROPER,CAUSES,COND:visual,1
EVT:CONTROL_INPUT_IMPROPER,TRIGGERS,EVT:HYDRAULIC_SYSTEM_FAILURE,1
EVT:CONTROL_INPUT_IMPROPER,UNDER_CONDITION,COND:ergonomic,1
EVT:CONTROL_INPUT_IMPROPER,INDUCED_CONDITION,COND:procedural,1
EVT:CONTROL_INPUT_IMPROPER,INHIBITS,COND:procedural,1
EVT:CONTROL_INPUT_IMPROPER,CAUSES,EVT:INSTRUMENT_OR_AVIONICS_FAILURE,2
EVT:CONTROL_INPUT_IMPROPER,UNDER_CONDITION,COND:visibility,1
EVT:CONTROL_INPUT_IMPROPER,CAUSES,COND:visibility,1
EVT:CONTROL_INPUT_IMPROPER,CONTRIBUTES_TO,EVT:SPATIAL_DISORIENTATION,1
EVT:CONTROL_INPUT_IMPROPER,UNDER_CONDITION,COND:location,1
EVT:CONTROL_INPUT_IMPROPER,RESPONDS_TO,ENT:person,1
EVT:CONTROL_INPUT_IMPROPER,UNDER_CONDITION,ENT:person,1
EVT:CONTROL_INPUT_IMPROPER,INDUCED_CONDITION,COND:physiological,1
EVT:CONTROL_INPUT_IMPROPER,TRIGGERS,EVT:PROCEDURE_FOLLOWED,1
EVT:CONTROL_INPUT_IMPROPER,CAUSES,EVT:PARACHUTE_DEPLOYMENT_FAILURE,1
EVT:CONTROL_INPUT_IMPROPER,UNDER_CONDITION,COND:traffic,1
EVT:CONTROL_INPUT_IMPROPER,INDUCED_CONDITION,COND:energy_state,1
EVT:CONTROL_INPUT_IMPROPER,INDUCED_CONDITION,COND:flight_path,1
EVT:CONTROL_INPUT_IMPROPER,RESPONDS_TO,COND:weight,1
EVT:CONTROL_INPUT_IMPROPER,CAUSES,COND:workload,1
EVT:CONTROL_INPUT_IMPROPER,TRIGGERS,EVT:BRAKE_FAILURE,1
EVT:CONTROL_INPUT_IMPROPER,CAUSES,EVT:BRAKE_FAILURE,1
EVT:CONTROL_INPUT_IMPROPER,CONTRIBUTES_TO,EVT:BRAKE_FAILURE,1
EVT:CONTROL_INPUT_IMPROPER,INDUCED_CONDITION,COND:perceptual,1
EVT:CONTROL_INPUT_IMPROPER,UNDER_CONDITION,COND:perceptual,1
EVT:CONTROL_INPUT_IMPROPER,CAUSES,EVT:BRAKE_SYSTEM_FAILURE,1
EVT:CONTROL_INPUT_IMPROPER,INDUCED_CONDITION,COND:instrument,1
EVT:GROUND_IMPACT,CAUSES,EVT:GROUND_IMPACT,325
EVT:GROUND_IMPACT,PRECEDES,EVT:GROUND_IMPACT,7
EVT:GROUND_IMPACT,CONCURRENT,EVT:GROUND_IMPACT,33
EVT:GROUND_IMPACT,CONTRIBUTES_TO,EVT:GROUND_IMPACT,2
EVT:GROUND_IMPACT,TRIGGERS,EVT:GROUND_IMPACT,1
EVT:GROUND_IMPACT,CAUSES,EVT:INJURY_OR_FATALITY,1078
EVT:GROUND_IMPACT,CONCURRENT,EVT:INJURY_OR_FATALITY,1
EVT:GROUND_IMPACT,CONTRIBUTES_TO,EVT:INJURY_OR_FATALITY,2
EVT:GROUND_IMPACT,UNDER_CONDITION,COND:terrain,31
EVT:GROUND_IMPACT,UNDER_CONDITION,COND:environmental,123
EVT:GROUND_IMPACT,CAUSES,COND:environmental,1
EVT:GROUND_IMPACT,INDUCED_CONDITION,COND:environmental,1
EVT:GROUND_IMPACT,CAUSES,EVT:PILOT_INCAPACITATION_OR_IMPAIRMENT,3
EVT:GROUND_IMPACT,CAUSES,EVT:AIRFRAME_STRUCTURAL_FAILURE,181
EVT:GROUND_IMPACT,TRIGGERS,EVT:AIRFRAME_STRUCTURAL_FAILURE,1
EVT:GROUND_IMPACT,CAUSES,EVT:INFLIGHT_FIRE_OR_SMOKE,187
EVT:GROUND_IMPACT,TRIGGERS,EVT:INFLIGHT_FIRE_OR_SMOKE,4
EVT:GROUND_IMPACT,CONTRIBUTES_TO,EVT:INFLIGHT_FIRE_OR_SMOKE,1
EVT:GROUND_IMPACT,CAUSES,EVT:STRUCTURAL_OVERLOAD,164
EVT:GROUND_IMPACT,CONTRIBUTES_TO,EVT:STRUCTURAL_OVERLOAD,1
EVT:GROUND_IMPACT,TRIGGERS,EVT:STRUCTURAL_OVERLOAD,1
EVT:GROUND_IMPACT,CONCURRENT,EVT:STRUCTURAL_OVERLOAD,1
EVT:GROUND_IMPACT,AFFECTS,ENT:component,1
EVT:GROUND_IMPACT,RESPONDS_TO,EVT:DECISION_INAPPROPRIATE,4
EVT:GROUND_IMPACT,TRIGGERS,EVT:DECISION_INAPPROPRIATE,6
EVT:GROUND_IMPACT,CAUSES,EVT:DECISION_INAPPROPRIATE,1
EVT:GROUND_IMPACT,PRECEDES,EVT:PROCEDURE_NOT_FOLLOWED,2
EVT:GROUND_IMPACT,RESPONDS_TO,EVT:PROCEDURE_NOT_FOLLOWED,9
EVT:GROUND_IMPACT,CAUSES,EVT:PROCEDURE_NOT_FOLLOWED,6
EVT:GROUND_IMPACT,MASKED_BY_CONDITION,EVT:PROCEDURE_NOT_FOLLOWED,1
EVT:GROUND_IMPACT,TRIGGERS,EVT:PROCEDURE_NOT_FOLLOWED,5
EVT:GROUND_IMPACT,INHIBITS,EVT:PROCEDURE_NOT_FOLLOWED,1
EVT:GROUND_IMPACT,CAUSES,EVT:LOSS_OF_CONTROL_GROUND,52
EVT:GROUND_IMPACT,TRIGGERS,EVT:LOSS_OF_CONTROL_GROUND,3
EVT:GROUND_IMPACT,PRECEDES,EVT:LOSS_OF_CONTROL_GROUND,2
EVT:GROUND_IMPACT,CAUSES,EVT:RUNWAY_EXCURSION_OR_OVERRUN,85
EVT:GROUND_IMPACT,TRIGGERS,EVT:RUNWAY_EXCURSION_OR_OVERRUN,4
EVT:GROUND_IMPACT,CONCURRENT,EVT:RUNWAY_EXCURSION_OR_OVERRUN,4
EVT:GROUND_IMPACT,PRECEDES,EVT:RUNWAY_EXCURSION_OR_OVERRUN,1
EVT:GROUND_IMPACT,CONTRIBUTES_TO,EVT:RUNWAY_EXCURSION_OR_OVERRUN,1
EVT:GROUND_IMPACT,TRIGGERS,EVT:LANDING_GEAR_ANOMALY,14
EVT:GROUND_IMPACT,CAUSES,EVT:LANDING_GEAR_ANOMALY,66
EVT:GROUND_IMPACT,CONTRIBUTES_TO,EVT:LANDING_GEAR_ANOMALY,3
EVT:GROUND_IMPACT,CAUSES,EVT:INFLIGHT_BREAKUP,24
EVT:GROUND_IMPACT,CAUSES,ENT:object,1
EVT:GROUND_IMPACT,AFFECTS,ENT:object,1
EVT:GROUND_IMPACT,RESPONDS_TO,EVT:ORG_OR_REGULATORY_INADEQUATE,1
EVT:GROUND_IMPACT,AFFECTED_BY,ENT:aircraft,1
EVT:GROUND_IMPACT,CAUSES,ENT:aircraft,12
EVT:GROUND_IMPACT,AFFECTS,ENT:aircraft,10
EVT:GROUND_IMPACT,CAUSES,EVT:EMERGENCY_LANDING,7
EVT:GROUND_IMPACT,TRIGGERS,EVT:EMERGENCY_LANDING,2
EVT:GROUND_IMPACT,CONCURRENT,EVT:EMERGENCY_LANDING,1
EVT:GROUND_IMPACT,CONTRIBUTES_TO,EVT:EMERGENCY_LANDING,1
EVT:GROUND_IMPACT,UNDER_CONDITION,COND:spatial,2
EVT:GROUND_IMPACT,CONCURRENT,EVT:CONTROL_INPUT_IMPROPER,3
EVT:GROUND_IMPACT,CONTRIBUTES_TO,EVT:CONTROL_INPUT_IMPROPER,1
EVT:GROUND_IMPACT,RESPONDS_TO,EVT:CONTROL_INPUT_IMPROPER,13
EVT:GROUND_IMPACT,TRIGGERS,EVT:CONTROL_INPUT_IMPROPER,24
EVT:GROUND_IMPACT,PRECEDES,EVT:CONTROL_INPUT_IMPROPER,4
EVT:GROUND_IMPACT,CAUSES,EVT:CONTROL_INPUT_IMPROPER,3
EVT:GROUND_IMPACT,CAUSES,COND:mechanical,25
EVT:GROUND_IMPACT,INDUCED_CONDITION,COND:mechanical,11
EVT:GROUND_IMPACT,UNDER_CONDITION,COND:mechanical,8
EVT:GROUND_IMPACT,TRIGGERS,COND:mechanical,3
EVT:GROUND_IMPACT,UNDER_CONDITION,COND:weather,7
EVT:GROUND_IMPACT,CAUSES,EVT:PERCEPTION_FAILURE,1
EVT:GROUND_IMPACT,TRIGGERS,EVT:PERCEPTION_FAILURE,1
EVT:GROUND_IMPACT,CAUSES,EVT:SUCCESSFUL_RECOVERY,19
EVT:GROUND_IMPACT,RESPONDS_TO,EVT:SUCCESSFUL_RECOVERY,5
EVT:GROUND_IMPACT,PRECEDES,EVT:SUCCESSFUL_RECOVERY,5
EVT:GROUND_IMPACT,TRIGGERS,EVT:SUCCESSFUL_RECOVERY,11
EVT:GROUND_IMPACT,CONCURRENT,EVT:SUCCESSFUL_RECOVERY,3
EVT:GROUND_IMPACT,CONTRIBUTES_TO,EVT:SUCCESSFUL_RECOVERY,1
EVT:GROUND_IMPACT,CONCURRENT,EVT:TERRAIN_OR_OBSTACLE_PROXIMITY,2
EVT:GROUND_IMPACT,CAUSES,EVT:TERRAIN_OR_OBSTACLE_PROXIMITY,4
EVT:GROUND_IMPACT,UNDER_CONDITION,ENT:location,2
EVT:GROUND_IMPACT,CO_OCCURS,ENT:location,1
EVT:GROUND_IMPACT,CAUSES,EVT:STALL,5
EVT:GROUND_IMPACT,CAUSES,EVT:WATER_IMPACT,5
EVT:GROUND_IMPACT,CAUSES,EVT:MIDAIR_COLLISION,5
EVT:GROUND_IMPACT,CAUSES,EVT:LOSS_OF_CONTROL_INFLIGHT,9
EVT:GROUND_IMPACT,TRIGGERS,EVT:LOSS_OF_CONTROL_INFLIGHT,1
EVT:GROUND_IMPACT,UNDER_CONDITION,COND:surface,4
EVT:GROUND_IMPACT,CAUSES,EVT:ENGINE_FAILURE,15
EVT:GROUND_IMPACT,INDUCED_CONDITION,COND:aerodynamic,2
EVT:GROUND_IMPACT,UNDER_CONDITION,COND:aerodynamic,1
EVT:GROUND_IMPACT,CAUSES,EVT:ALTITUDE_DEVIATION_UNCONTROLLED,4
EVT:GROUND_IMPACT,CAUSES,EVT:PROPELLER_DAMAGE,1
EVT:GROUND_IMPACT,CAUSES,EVT:GROUND_INCIDENT,1
EVT:GROUND_IMPACT,TRIGGERS,EVT:LOSS_OF_BALANCE,1
EVT:GROUND_IMPACT,CAUSES,COND:structural,3
EVT:GROUND_IMPACT,PRECEDES,EVT:WIND_SHEAR_OR_GUST,2
EVT:GROUND_IMPACT,ENABLES,EVT:WIND_SHEAR_OR_GUST,1
EVT:GROUND_IMPACT,PRECEDES,EVT:AUTOMATION_ANOMALY,1
EVT:GROUND_IMPACT,IF_THEN,EVT:AUTOMATION_ANOMALY,1
EVT:GROUND_IMPACT,INDUCED_CONDITION,COND:instrumentation,1
EVT:GROUND_IMPACT,TRIGGERS,EVT:CONTROL_SURFACE_ANOMALY,2
EVT:GROUND_IMPACT,CAUSES,EVT:CONTROL_SURFACE_ANOMALY,2
EVT:GROUND_IMPACT,UNDER_CONDITION,COND:organizational,1
EVT:GROUND_IMPACT,CAUSES,EVT:FUEL_SYSTEM_ANOMALY,3
EVT:GROUND_IMPACT,INDUCED_CONDITION,COND:psychological,1
EVT:GROUND_IMPACT,TRIGGERS,EVT:CREW_COORDINATION_FAILURE,2
EVT:GROUND_IMPACT,UNDER_CONDITION,COND:medical,1
EVT:GROUND_IMPACT,CAUSES,COND:infrastructure,1
EVT:GROUND_IMPACT,UNDER_CONDITION,COND:infrastructure,1
EVT:GROUND_IMPACT,PRECEDES,EVT:MAINTENANCE_INADEQUATE,1
EVT:GROUND_IMPACT,MASKED_BY_CONDITION,COND:human,1
EVT:GROUND_IMPACT,TRIGGERS,EVT:ATC_OR_DISPATCH_INADEQUATE,1
EVT:GROUND_IMPACT,UNDER_CONDITION,COND:obstacle,1
EVT:GROUND_IMPACT,CAUSES,EVT:STRUCTURAL_DAMAGE,1
COND:weather,UNDER_CONDITION,EVT:LOSS_OF_CONTROL_INFLIGHT,10
COND:weather,CONTRIBUTES_TO,EVT:LOSS_OF_CONTROL_INFLIGHT,10
COND:weather,CAUSES,EVT:LOSS_OF_CONTROL_INFLIGHT,19
COND:weather,INHIBITS,EVT:LOSS_OF_CONTROL_INFLIGHT,1
COND:weather,CAUSES,COND:environmental,14
COND:weather,INDUCED_CONDITION,COND:environmental,1
COND:weather,UNDER_CONDITION,EVT:PROCEDURE_NOT_FOLLOWED,21
COND:weather,CONTRIBUTES_TO,EVT:PROCEDURE_NOT_FOLLOWED,4
COND:weather,CAUSES,EVT:PROCEDURE_NOT_FOLLOWED,2
COND:weather,UNDER_CONDITION,EVT:ICING_ENCOUNTER,12
COND:weather,CAUSES,EVT:ICING_ENCOUNTER,2
COND:weather,UNDER_CONDITION,EVT:THUNDERSTORM_OR_CONVECTIVE,2
COND:weather,CAUSES,EVT:THUNDERSTORM_OR_CONVECTIVE,1
COND:weather,CAUSES,EVT:CONTROL_INPUT_IMPROPER,13
COND:weather,UNDER_CONDITION,EVT:CONTROL_INPUT_IMPROPER,32
COND:weather,CONTRIBUTES_TO,EVT:CONTROL_INPUT_IMPROPER,33
COND:weather,INHIBITS,EVT:CONTROL_INPUT_IMPROPER,2
COND:weather,UNDER_CONDITION,EVT:TURBULENCE_ENCOUNTER,24
COND:weather,CAUSES,EVT:TURBULENCE_ENCOUNTER,24
COND:weather,CONTRIBUTES_TO,EVT:TURBULENCE_ENCOUNTER,1
COND:weather,CONTRIBUTES_TO,EVT:WIND_SHEAR_OR_GUST,1
COND:weather,CAUSES,EVT:WIND_SHEAR_OR_GUST,64
COND:weather,UNDER_CONDITION,EVT:WIND_SHEAR_OR_GUST,85
COND:weather,CAUSES,EVT:GROUND_IMPACT,7
COND:weather,CONTRIBUTES_TO,EVT:GROUND_IMPACT,10
COND:weather,UNDER_CONDITION,EVT:GROUND_IMPACT,2
COND:weather,UNDER_CONDITION,EVT:ALTITUDE_DEVIATION_UNCONTROLLED,6
COND:weather,CAUSES,EVT:ALTITUDE_DEVIATION_UNCONTROLLED,13
COND:weather,CONTRIBUTES_TO,EVT:ALTITUDE_DEVIATION_UNCONTROLLED,4
COND:weather,CAUSES,EVT:ENGINE_FAILURE,10
COND:weather,UNDER_CONDITION,EVT:ENGINE_FAILURE,2
COND:weather,CONTRIBUTES_TO,EVT:ENGINE_FAILURE,2
COND:weather,CAUSES,COND:mechanical,35
COND:weather,ENABLES,COND:mechanical,3
COND:weather,INDUCED_CONDITION,COND:mechanical,1
COND:weather,CAUSES,EVT:SPATIAL_DISORIENTATION,8
COND:weather,CONTRIBUTES_TO,EVT:SPATIAL_DISORIENTATION,1
COND:weather,UNDER_CONDITION,EVT:SPATIAL_DISORIENTATION,8
COND:weather,CAUSES,EVT:RUNWAY_EXCURSION_OR_OVERRUN,14
COND:weather,UNDER_CONDITION,EVT:RUNWAY_EXCURSION_OR_OVERRUN,16
COND:weather,CONTRIBUTES_TO,EVT:RUNWAY_EXCURSION_OR_OVERRUN,21
COND:weather,ENABLES,EVT:RUNWAY_EXCURSION_OR_OVERRUN,1
COND:weather,CONTRIBUTES_TO,EVT:LOSS_OF_CONTROL_GROUND,13
COND:weather,CAUSES,EVT:LOSS_OF_CONTROL_GROUND,7
COND:weather,UNDER_CONDITION,EVT:LOSS_OF_CONTROL_GROUND,3
COND:weather,ENABLES,EVT:LOSS_OF_CONTROL_GROUND,2
COND:weather,UNDER_CONDITION,EVT:PERCEPTION_FAILURE,13
COND:weather,CONTRIBUTES_TO,EVT:PERCEPTION_FAILURE,3
COND:weather,CAUSES,EVT:PERCEPTION_FAILURE,12
COND:weather,MASKED_BY_CONDITION,EVT:PERCEPTION_FAILURE,4
COND:weather,ENABLES,EVT:PERCEPTION_FAILURE,2
COND:weather,INHIBITS,COND:training,1
COND:weather,UNDER_CONDITION,EVT:LOW_VISIBILITY_OR_IMC,26
COND:weather,CAUSES,EVT:LOW_VISIBILITY_OR_IMC,2
COND:weather,ENABLES,EVT:LOW_VISIBILITY_OR_IMC,1
COND:weather,MASKED_BY_CONDITION,COND:weather,1
COND:weather,CAUSES,COND:weather,9
COND:weather,IF_THEN,COND:weather,2
COND:weather,CONCURRENT,COND:weather,1
COND:weather,UNDER_CONDITION,EVT:RUNWAY_CONDITION_HAZARD,20
COND:weather,CAUSES,EVT:RUNWAY_CONDITION_HAZARD,5
COND:weather,ENABLES,EVT:RUNWAY_CONDITION_HAZARD,1
COND:weather,CONTRIBUTES_TO,EVT:AIRFRAME_STRUCTURAL_FAILURE,1
COND:weather,CAUSES,EVT:AIRFRAME_STRUCTURAL_FAILURE,2
COND:weather,CAUSES,EVT:DECISION_INAPPROPRIATE,24
COND:weather,UNDER_CONDITION,EVT:DECISION_INAPPROPRIATE,25
COND:weather,CONTRIBUTES_TO,EVT:DECISION_INAPPROPRIATE,6
COND:weather,ENABLES,EVT:DECISION_INAPPROPRIATE,2
COND:weather,INHIBITS,EVT:DECISION_INAPPROPRIATE,4
COND:weather,CAUSES,COND:aerodynamic,11
COND:weather,CONTRIBUTES_TO,COND:aerodynamic,5
COND:weather,CONTRIBUTES_TO,COND:spatial,2
COND:weather,ENABLES,COND:spatial,1
COND:weather,CAUSES,COND:spatial,14
COND:weather,CAUSES,EVT:TERRAIN_OR_OBSTACLE_PROXIMITY,6
COND:weather,CONTRIBUTES_TO,EVT:TERRAIN_OR_OBSTACLE_PROXIMITY,4
COND:weather,UNDER_CONDITION,EVT:TERRAIN_OR_OBSTACLE_PROXIMITY,3
COND:weather,CAUSES,COND:visibility,1
COND:weather,CAUSES,EVT:STALL,4
COND:weather,CONTRIBUTES_TO,EVT:STALL,1
COND:weather,CAUSES,COND:physiological,3
COND:weather,CONCURRENT,COND:communication,1
COND:weather,CAUSES,COND:spatial_reference,1
COND:weather,CAUSES,COND:aircraft_state,1
COND:weather,ENABLES,COND:aircraft_performance,1
COND:weather,CAUSES,COND:operational,1
COND:weather,ENABLES,COND:operational,1
COND:weather,CONTRIBUTES_TO,COND:resource,1
COND:weather,CAUSES,COND:human_factor,2
COND:weather,CAUSES,COND:psychological,1
COND:weather,UNDER_CONDITION,EVT:GROUND_PERSONNEL_ERROR,1
COND:weather,CAUSES,EVT:GROUND_PERSONNEL_ERROR,1
COND:weather,CONTRIBUTES_TO,EVT:CONTROL_SURFACE_ANOMALY,2
COND:weather,CONTRIBUTES_TO,COND:fuel,2
COND:weather,CAUSES,COND:performance,1
COND:weather,CAUSES,EVT:INJURY_OR_FATALITY,2
COND:weather,CONTRIBUTES_TO,EVT:EMERGENCY_LANDING,1
COND:weather,UNDER_CONDITION,EVT:DESCENT_BELOW_MINIMUMS,1
COND:weather,CAUSES,EVT:GROUND_DAMAGE,1
COND:weather,MASKED_BY_CONDITION,COND:cognitive,1
COND:weather,CAUSES,COND:cognitive,1
COND:weather,ENABLES,COND:human_factors,1
COND:weather,CAUSES,COND:human_factors,1
COND:weather,CAUSES,COND:situational,1
COND:weather,CONTRIBUTES_TO,COND:organizational,1
COND:weather,CAUSES,COND:organizational,1
COND:weather,CAUSES,COND:spatial_disorientation,1
COND:weather,UNDER_CONDITION,EVT:INFLIGHT_FIRE_OR_SMOKE,1
COND:weather,CAUSES,COND:workload,1
COND:weather,ENABLES,EVT:BIRD_OR_WILDLIFE_STRIKE,1
COND:weather,UNDER_CONDITION,EVT:APPROACH,1
COND:weather,CAUSES,EVT:GO_AROUND,1
COND:weather,CAUSES,EVT:FUEL_SYSTEM_ANOMALY,1
COND:weather,CONTRIBUTES_TO,EVT:LANDING_GEAR_ANOMALY,1
COND:weather,MASKED_BY_CONDITION,COND:instrument,1
COND:weather,CAUSES,EVT:GROUND_LOOP,1
EVT:LOSS_OF_CONTROL_INFLIGHT,CAUSES,EVT:GROUND_IMPACT,520
EVT:LOSS_OF_CONTROL_INFLIGHT,CAUSES,EVT:RUNWAY_EXCURSION_OR_OVERRUN,17
EVT:LOSS_OF_CONTROL_INFLIGHT,CAUSES,EVT:EMERGENCY_LANDING,5
EVT:LOSS_OF_CONTROL_INFLIGHT,RESPONDS_TO,EVT:EMERGENCY_LANDING,2
EVT:LOSS_OF_CONTROL_INFLIGHT,INDUCED_CONDITION,COND:aerodynamic,31
EVT:LOSS_OF_CONTROL_INFLIGHT,UNDER_CONDITION,COND:aerodynamic,9
EVT:LOSS_OF_CONTROL_INFLIGHT,CAUSES,COND:aerodynamic,1
EVT:LOSS_OF_CONTROL_INFLIGHT,CAUSES,EVT:WATER_IMPACT,27
EVT:LOSS_OF_CONTROL_INFLIGHT,RESPONDS_TO,EVT:CONTROL_INPUT_IMPROPER,67
EVT:LOSS_OF_CONTROL_INFLIGHT,CAUSES,EVT:CONTROL_INPUT_IMPROPER,5
EVT:LOSS_OF_CONTROL_INFLIGHT,TRIGGERS,EVT:CONTROL_INPUT_IMPROPER,12
EVT:LOSS_OF_CONTROL_INFLIGHT,CONTRIBUTES_TO,EVT:CONTROL_INPUT_IMPROPER,1
EVT:LOSS_OF_CONTROL_INFLIGHT,CONCURRENT,EVT:CONTROL_INPUT_IMPROPER,1
EVT:LOSS_OF_CONTROL_INFLIGHT,RESPONDS_TO,EVT:PROCEDURE_NOT_FOLLOWED,31
EVT:LOSS_OF_CONTROL_INFLIGHT,TRIGGERS,EVT:PROCEDURE_NOT_FOLLOWED,4
EVT:LOSS_OF_CONTROL_INFLIGHT,CAUSES,EVT:PROCEDURE_NOT_FOLLOWED,4
EVT:LOSS_OF_CONTROL_INFLIGHT,UNDER_CONDITION,COND:unknown,2
EVT:LOSS_OF_CONTROL_INFLIGHT,INDUCED_CONDITION,COND:unknown,6
EVT:LOSS_OF_CONTROL_INFLIGHT,RESPONDS_TO,EVT:DECISION_INAPPROPRIATE,8
EVT:LOSS_OF_CONTROL_INFLIGHT,TRIGGERS,EVT:DECISION_INAPPROPRIATE,8
EVT:LOSS_OF_CONTROL_INFLIGHT,UNDER_CONDITION,COND:environmental,38
EVT:LOSS_OF_CONTROL_INFLIGHT,INDUCED_CONDITION,COND:mechanical,11
EVT:LOSS_OF_CONTROL_INFLIGHT,UNDER_CONDITION,COND:mechanical,9
EVT:LOSS_OF_CONTROL_INFLIGHT,CAUSES,COND:mechanical,1
EVT:LOSS_OF_CONTROL_INFLIGHT,CAUSES,EVT:LANDING_GEAR_ANOMALY,1
EVT:LOSS_OF_CONTROL_INFLIGHT,UNDER_CONDITION,COND:weather,34
EVT:LOSS_OF_CONTROL_INFLIGHT,CAUSES,EVT:TERRAIN_OR_OBSTACLE_PROXIMITY,30
EVT:LOSS_OF_CONTROL_INFLIGHT,IF_THEN,EVT:TERRAIN_OR_OBSTACLE_PROXIMITY,1
EVT:LOSS_OF_CONTROL_INFLIGHT,CAUSES,EVT:MIDAIR_COLLISION,1
EVT:LOSS_OF_CONTROL_INFLIGHT,CAUSES,EVT:INFLIGHT_BREAKUP,9
EVT:LOSS_OF_CONTROL_INFLIGHT,CONCURRENT,EVT:INFLIGHT_BREAKUP,1
EVT:LOSS_OF_CONTROL_INFLIGHT,CAUSES,EVT:LOSS_OF_CONTROL_INFLIGHT,23
EVT:LOSS_OF_CONTROL_INFLIGHT,CONCURRENT,EVT:LOSS_OF_CONTROL_INFLIGHT,1
EVT:LOSS_OF_CONTROL_INFLIGHT,CAUSES,EVT:PILOT_INCAPACITATION_OR_IMPAIRMENT,1
EVT:LOSS_OF_CONTROL_INFLIGHT,CAUSES,EVT:STALL,18
EVT:LOSS_OF_CONTROL_INFLIGHT,PRECEDES,EVT:STALL,1
EVT:LOSS_OF_CONTROL_INFLIGHT,CAUSES,EVT:AIRFRAME_STRUCTURAL_FAILURE,11
EVT:LOSS_OF_CONTROL_INFLIGHT,TRIGGERS,EVT:RESPONDS_TO,1
EVT:LOSS_OF_CONTROL_INFLIGHT,RESPONDS_TO,EVT:SUCCESSFUL_RECOVERY,8
EVT:LOSS_OF_CONTROL_INFLIGHT,CAUSES,EVT:SUCCESSFUL_RECOVERY,7
EVT:LOSS_OF_CONTROL_INFLIGHT,CAUSES,EVT:INJURY_OR_FATALITY,5
EVT:LOSS_OF_CONTROL_INFLIGHT,UNDER_CONDITION,COND:terrain,6
EVT:LOSS_OF_CONTROL_INFLIGHT,UNDER_CONDITION,COND:operational,1
EVT:LOSS_OF_CONTROL_INFLIGHT,CAUSES,EVT:STRUCTURAL_OVERLOAD,8
EVT:LOSS_OF_CONTROL_INFLIGHT,CAUSES,EVT:ALTITUDE_DEVIATION_UNCONTROLLED,6
EVT:LOSS_OF_CONTROL_INFLIGHT,CONCURRENT,EVT:ALTITUDE_DEVIATION_UNCONTROLLED,1
EVT:LOSS_OF_CONTROL_INFLIGHT,UNDER_CONDITION,COND:location,1
EVT:LOSS_OF_CONTROL_INFLIGHT,CAUSES,EVT:ENGINE_FAILURE,1
EVT:LOSS_OF_CONTROL_INFLIGHT,CONCURRENT,EVT:ENGINE_FAILURE,1
EVT:LOSS_OF_CONTROL_INFLIGHT,TRIGGERS,EVT:CREW_COORDINATION_FAILURE,1
EVT:LOSS_OF_CONTROL_INFLIGHT,UNDER_CONDITION,COND:flight_phase,1
EVT:LOSS_OF_CONTROL_INFLIGHT,CONTRIBUTES_TO,COND:fuel,1
EVT:LOSS_OF_CONTROL_INFLIGHT,UNDER_CONDITION,COND:structural,1
EVT:LOSS_OF_CONTROL_INFLIGHT,CAUSES,COND:structural,1
EVT:LOSS_OF_CONTROL_INFLIGHT,CAUSES,EVT:PERCEPTION_FAILURE,1
EVT:LOSS_OF_CONTROL_INFLIGHT,RESPONDS_TO,EVT:PERCEPTION_FAILURE,1
EVT:LOSS_OF_CONTROL_INFLIGHT,TRIGGERS,EVT:PERCEPTION_FAILURE,2
EVT:LOSS_OF_CONTROL_INFLIGHT,CAUSES,EVT:CONTROL_SURFACE_ANOMALY,2
EVT:LOSS_OF_CONTROL_INFLIGHT,INDUCED_CONDITION,COND:mental_state,1
EVT:LOSS_OF_CONTROL_INFLIGHT,UNDER_CONDITION,ENT:aircraft,1
EVT:LOSS_OF_CONTROL_INFLIGHT,CONCURRENT,EVT:WIND_SHEAR_OR_GUST,1
EVT:LOSS_OF_CONTROL_INFLIGHT,TRIGGERS,EVT:ATC_OR_DISPATCH_INADEQUATE,1
EVT:LOSS_OF_CONTROL_INFLIGHT,UNDER_CONDITION,COND:human_factors,1
EVT:LOSS_OF_CONTROL_INFLIGHT,INDUCED_CONDITION,COND:spatial,1
EVT:LOSS_OF_CONTROL_INFLIGHT,INDUCED_CONDITION,COND:human,1
EVT:LOSS_OF_CONTROL_INFLIGHT,CAUSES,EVT:INFLIGHT_FIRE_OR_SMOKE,1
EVT:LOSS_OF_CONTROL_INFLIGHT,CAUSES,EVT:LOSS_OF_CONTROL_GROUND,1
EVT:INJURY_OR_FATALITY,CAUSES,EVT:INJURY_OR_FATALITY,2
EVT:INJURY_OR_FATALITY,CAUSES,EVT:ALTITUDE_DEVIATION_UNCONTROLLED,2
EVT:INJURY_OR_FATALITY,RESPONDS_TO,EVT:CONTROL_INPUT_IMPROPER,1
EVT:INJURY_OR_FATALITY,CAUSES,EVT:DECISION_INAPPROPRIATE,1
EVT:INJURY_OR_FATALITY,RESPONDS_TO,EVT:DECISION_INAPPROPRIATE,1
EVT:INJURY_OR_FATALITY,CONTRIBUTES_TO,EVT:DECISION_INAPPROPRIATE,1
EVT:INJURY_OR_FATALITY,CAUSES,EVT:EMERGENCY_LANDING,5
EVT:INJURY_OR_FATALITY,CAUSES,EVT:SUCCESSFUL_RECOVERY,1
EVT:INJURY_OR_FATALITY,CONCURRENT,EVT:SUCCESSFUL_RECOVERY,1
EVT:INJURY_OR_FATALITY,TRIGGERS,EVT:PROCEDURE_NOT_FOLLOWED,1
EVT:INJURY_OR_FATALITY,INDUCED_CONDITION,COND:human,1
EVT:INJURY_OR_FATALITY,INDUCED_CONDITION,COND:occupant_state,1
EVT:ATC_OR_DISPATCH_INADEQUATE,CONTRIBUTES_TO,EVT:GROUND_IMPACT,1
EVT:ATC_OR_DISPATCH_INADEQUATE,UNDER_CONDITION,COND:weather,2
EVT:ATC_OR_DISPATCH_INADEQUATE,INDUCED_CONDITION,COND:weather,1
EVT:ATC_OR_DISPATCH_INADEQUATE,CONTRIBUTES_TO,EVT:LOSS_OF_CONTROL_INFLIGHT,1
EVT:ATC_OR_DISPATCH_INADEQUATE,CONTRIBUTES_TO,EVT:CONTROL_INPUT_IMPROPER,2
EVT:ATC_OR_DISPATCH_INADEQUATE,CAUSES,EVT:CONTROL_INPUT_IMPROPER,1
EVT:ATC_OR_DISPATCH_INADEQUATE,CONTRIBUTES_TO,COND:situational_awareness,1
EVT:ATC_OR_DISPATCH_INADEQUATE,CAUSES,COND:situational_awareness,5
EVT:ATC_OR_DISPATCH_INADEQUATE,INDUCED_CONDITION,COND:situational_awareness,1
EVT:ATC_OR_DISPATCH_INADEQUATE,CONTRIBUTES_TO,EVT:PERCEPTION_FAILURE,6
EVT:ATC_OR_DISPATCH_INADEQUATE,CAUSES,EVT:PERCEPTION_FAILURE,4
EVT:ATC_OR_DISPATCH_INADEQUATE,PREVENTS,EVT:PERCEPTION_FAILURE,1
EVT:ATC_OR_DISPATCH_INADEQUATE,RESPONDS_TO,EVT:PERCEPTION_FAILURE,2
EVT:ATC_OR_DISPATCH_INADEQUATE,CONTRIBUTES_TO,EVT:DECISION_INAPPROPRIATE,1
EVT:ATC_OR_DISPATCH_INADEQUATE,RESPONDS_TO,EVT:DECISION_INAPPROPRIATE,2
EVT:ATC_OR_DISPATCH_INADEQUATE,INHIBITS,EVT:DECISION_INAPPROPRIATE,1
EVT:ATC_OR_DISPATCH_INADEQUATE,TRIGGERS,EVT:DECISION_INAPPROPRIATE,1
EVT:ATC_OR_DISPATCH_INADEQUATE,PREVENTS,EVT:TURBULENCE_ENCOUNTER,1
EVT:ATC_OR_DISPATCH_INADEQUATE,CAUSES,COND:information,1
EVT:ATC_OR_DISPATCH_INADEQUATE,MASKED_BY_CONDITION,COND:information,1
EVT:ATC_OR_DISPATCH_INADEQUATE,CAUSES,EVT:TERRAIN_OR_OBSTACLE_PROXIMITY,1
EVT:ATC_OR_DISPATCH_INADEQUATE,CONTRIBUTES_TO,EVT:TERRAIN_OR_OBSTACLE_PROXIMITY,1
EVT:ATC_OR_DISPATCH_INADEQUATE,CONTRIBUTES_TO,EVT:PROCEDURE_NOT_FOLLOWED,1
EVT:ATC_OR_DISPATCH_INADEQUATE,CAUSES,EVT:PROCEDURE_NOT_FOLLOWED,2
EVT:ATC_OR_DISPATCH_INADEQUATE,RESPONDS_TO,EVT:PROCEDURE_NOT_FOLLOWED,1
EVT:ATC_OR_DISPATCH_INADEQUATE,ENABLES,EVT:EMERGENCY_LANDING,1
EVT:ATC_OR_DISPATCH_INADEQUATE,CONTRIBUTES_TO,COND:human_factor,1
EVT:ATC_OR_DISPATCH_INADEQUATE,ENABLES,EVT:AUTOMATION_ANOMALY,1
EVT:ATC_OR_DISPATCH_INADEQUATE,CONTRIBUTES_TO,EVT:ENGINE_FAILURE,1
EVT:ATC_OR_DISPATCH_INADEQUATE,CAUSES,COND:communication,1
EVT:ATC_OR_DISPATCH_INADEQUATE,UNDER_CONDITION,COND:communication,1
EVT:ATC_OR_DISPATCH_INADEQUATE,INDUCED_CONDITION,COND:communication,1
EVT:ATC_OR_DISPATCH_INADEQUATE,INHIBITS,EVT:SUCCESSFUL_RECOVERY,1
EVT:ATC_OR_DISPATCH_INADEQUATE,CONTRIBUTES_TO,COND:cognitive,1
EVT:ATC_OR_DISPATCH_INADEQUATE,CAUSES,COND:cognitive,1
EVT:ATC_OR_DISPATCH_INADEQUATE,CONCURRENT,EVT:ATC_OR_DISPATCH_INADEQUATE,1
EVT:ATC_OR_DISPATCH_INADEQUATE,CAUSES,COND:organizational,1
EVT:TRAINING_OR_CURRENCY_GAP,INDUCED_CONDITION,COND:human,2
EVT:TRAINING_OR_CURRENCY_GAP,CONTRIBUTES_TO,EVT:PROCEDURE_NOT_FOLLOWED,1
EVT:TRAINING_OR_CURRENCY_GAP,CAUSES,EVT:PROCEDURE_NOT_FOLLOWED,1
EVT:TRAINING_OR_CURRENCY_GAP,RESPONDS_TO,COND:mechanical,1
EVT:TRAINING_OR_CURRENCY_GAP,CONTRIBUTES_TO,EVT:CONTROL_INPUT_IMPROPER,7
EVT:TRAINING_OR_CURRENCY_GAP,CAUSES,COND:human_factor,1
EVT:TRAINING_OR_CURRENCY_GAP,CAUSES,COND:human_factors,1
EVT:TRAINING_OR_CURRENCY_GAP,UNDER_CONDITION,COND:human_factors,1
EVT:TRAINING_OR_CURRENCY_GAP,CAUSES,EVT:LOSS_OF_CONTROL_GROUND,1
EVT:TRAINING_OR_CURRENCY_GAP,CONTRIBUTES_TO,EVT:DECISION_INAPPROPRIATE,1
EVT:TRAINING_OR_CURRENCY_GAP,INDUCED_CONDITION,COND:fatigue,1
EVT:TRAINING_OR_CURRENCY_GAP,INDUCED_CONDITION,COND:skill,1
EVT:TRAINING_OR_CURRENCY_GAP,INDUCED_CONDITION,COND:training_gap,1
EVT:TRAINING_OR_CURRENCY_GAP,CONTRIBUTES_TO,EVT:SPATIAL_DISORIENTATION,1
COND:human,CAUSES,EVT:PERCEPTION_FAILURE,3
COND:human,CAUSES,EVT:PROCEDURE_NOT_FOLLOWED,6
COND:human,CONTRIBUTES_TO,EVT:PROCEDURE_NOT_FOLLOWED,1
COND:human,UNDER_CONDITION,EVT:PROCEDURE_NOT_FOLLOWED,1
COND:human,ENABLES,EVT:PROCEDURE_NOT_FOLLOWED,1
COND:human,CAUSES,EVT:DECISION_INAPPROPRIATE,4
COND:human,CONTRIBUTES_TO,EVT:DECISION_INAPPROPRIATE,3
COND:human,CAUSES,EVT:INJURY_OR_FATALITY,1
COND:human,CONTRIBUTES_TO,EVT:INJURY_OR_FATALITY,1
COND:human,CONTRIBUTES_TO,EVT:CONTROL_INPUT_IMPROPER,9
COND:human,CAUSES,EVT:CONTROL_INPUT_IMPROPER,1
COND:human,MASKED_BY_CONDITION,COND:mechanical,1
COND:human,CAUSES,COND:mechanical,1
COND:human,CAUSES,COND:environmental,1
COND:human,CAUSES,EVT:GROUND_PERSONNEL_ERROR,1
COND:human,CAUSES,EVT:PILOT_INCAPACITATION_OR_IMPAIRMENT,1
COND:human,CONTRIBUTES_TO,EVT:LOSS_OF_CONTROL_INFLIGHT,1
EVT:PERCEPTION_FAILURE,CAUSES,COND:mechanical,14
EVT:PERCEPTION_FAILURE,UNDER_CONDITION,COND:mechanical,15
EVT:PERCEPTION_FAILURE,MASKED_BY_CONDITION,COND:mechanical,8
EVT:PERCEPTION_FAILURE,ENABLES,COND:mechanical,6
EVT:PERCEPTION_FAILURE,DETECTS,COND:mechanical,4
EVT:PERCEPTION_FAILURE,PREVENTS,COND:mechanical,2
EVT:PERCEPTION_FAILURE,INHIBITS,COND:mechanical,1
EVT:PERCEPTION_FAILURE,INDUCED_CONDITION,COND:mechanical,1
EVT:PERCEPTION_FAILURE,CAUSES,EVT:DECISION_INAPPROPRIATE,51
EVT:PERCEPTION_FAILURE,RESPONDS_TO,EVT:DECISION_INAPPROPRIATE,18
EVT:PERCEPTION_FAILURE,TRIGGERS,EVT:DECISION_INAPPROPRIATE,5
EVT:PERCEPTION_FAILURE,CONTRIBUTES_TO,EVT:DECISION_INAPPROPRIATE,4
EVT:PERCEPTION_FAILURE,CONCURRENT,EVT:DECISION_INAPPROPRIATE,1
EVT:PERCEPTION_FAILURE,INHIBITS,EVT:DECISION_INAPPROPRIATE,1
EVT:PERCEPTION_FAILURE,CAUSES,EVT:CONTROL_INPUT_IMPROPER,80
EVT:PERCEPTION_FAILURE,TRIGGERS,EVT:CONTROL_INPUT_IMPROPER,5
EVT:PERCEPTION_FAILURE,RESPONDS_TO,EVT:CONTROL_INPUT_IMPROPER,28
EVT:PERCEPTION_FAILURE,CONTRIBUTES_TO,EVT:CONTROL_INPUT_IMPROPER,6
EVT:PERCEPTION_FAILURE,ENABLES,EVT:CONTROL_INPUT_IMPROPER,1
EVT:PERCEPTION_FAILURE,CONCURRENT,EVT:CONTROL_INPUT_IMPROPER,1
EVT:PERCEPTION_FAILURE,CONTRIBUTES_TO,EVT:MIDAIR_COLLISION,5
EVT:PERCEPTION_FAILURE,CAUSES,EVT:MIDAIR_COLLISION,25
EVT:PERCEPTION_FAILURE,CAUSES,EVT:PROCEDURE_NOT_FOLLOWED,58
EVT:PERCEPTION_FAILURE,RESPONDS_TO,EVT:PROCEDURE_NOT_FOLLOWED,25
EVT:PERCEPTION_FAILURE,CONTRIBUTES_TO,EVT:PROCEDURE_NOT_FOLLOWED,11
EVT:PERCEPTION_FAILURE,CONCURRENT,EVT:PROCEDURE_NOT_FOLLOWED,4
EVT:PERCEPTION_FAILURE,TRIGGERS,EVT:PROCEDURE_NOT_FOLLOWED,4
EVT:PERCEPTION_FAILURE,PRECEDES,EVT:PROCEDURE_NOT_FOLLOWED,1
EVT:PERCEPTION_FAILURE,INHIBITS,EVT:PROCEDURE_NOT_FOLLOWED,3
EVT:PERCEPTION_FAILURE,UNDER_CONDITION,COND:situational_awareness,4
EVT:PERCEPTION_FAILURE,INDUCED_CONDITION,COND:situational_awareness,6
EVT:PERCEPTION_FAILURE,CONTRIBUTES_TO,COND:situational_awareness,1
EVT:PERCEPTION_FAILURE,CAUSES,EVT:GROUND_IMPACT,75
EVT:PERCEPTION_FAILURE,CONTRIBUTES_TO,EVT:GROUND_IMPACT,17
EVT:PERCEPTION_FAILURE,CONCURRENT,EVT:GROUND_IMPACT,2
EVT:PERCEPTION_FAILURE,CAUSES,EVT:LOSS_OF_CONTROL_INFLIGHT,9
EVT:PERCEPTION_FAILURE,CONTRIBUTES_TO,EVT:LOSS_OF_CONTROL_INFLIGHT,3
EVT:PERCEPTION_FAILURE,PRECEDES,EVT:CONTROL_SURFACE_ANOMALY,2
EVT:PERCEPTION_FAILURE,CAUSES,EVT:CONTROL_SURFACE_ANOMALY,1
EVT:PERCEPTION_FAILURE,CAUSES,EVT:PERCEPTION_FAILURE,14
EVT:PERCEPTION_FAILURE,CONCURRENT,EVT:PERCEPTION_FAILURE,1
EVT:PERCEPTION_FAILURE,CONTRIBUTES_TO,EVT:PERCEPTION_FAILURE,6
EVT:PERCEPTION_FAILURE,PRECEDES,EVT:PERCEPTION_FAILURE,1
EVT:PERCEPTION_FAILURE,CAUSES,EVT:TERRAIN_OR_OBSTACLE_PROXIMITY,22
EVT:PERCEPTION_FAILURE,CONTRIBUTES_TO,EVT:TERRAIN_OR_OBSTACLE_PROXIMITY,3
EVT:PERCEPTION_FAILURE,UNDER_CONDITION,COND:environmental,23
EVT:PERCEPTION_FAILURE,ENABLES,COND:environmental,1
EVT:PERCEPTION_FAILURE,MASKED_BY_CONDITION,COND:environmental,2
EVT:PERCEPTION_FAILURE,INDUCED_CONDITION,COND:environmental,2
EVT:PERCEPTION_FAILURE,UNDER_CONDITION,COND:weather,16
EVT:PERCEPTION_FAILURE,MASKED_BY_CONDITION,COND:weather,1
EVT:PERCEPTION_FAILURE,INDUCED_CONDITION,COND:weather,1
EVT:PERCEPTION_FAILURE,UNDER_CONDITION,COND:unknown,1
EVT:PERCEPTION_FAILURE,CAUSES,EVT:RUNWAY_EXCURSION_OR_OVERRUN,14
EVT:PERCEPTION_FAILURE,ENABLES,EVT:RUNWAY_EXCURSION_OR_OVERRUN,1
EVT:PERCEPTION_FAILURE,CONTRIBUTES_TO,EVT:RUNWAY_EXCURSION_OR_OVERRUN,4
EVT:PERCEPTION_FAILURE,TRIGGERS,EVT:ATC_OR_DISPATCH_INADEQUATE,1
EVT:PERCEPTION_FAILURE,UNDER_CONDITION,COND:traffic_density,1
EVT:PERCEPTION_FAILURE,CONTRIBUTES_TO,EVT:EMERGENCY_LANDING,1
EVT:PERCEPTION_FAILURE,CAUSES,EVT:EMERGENCY_LANDING,3
EVT:PERCEPTION_FAILURE,TRIGGERS,EVT:EMERGENCY_LANDING,1
EVT:PERCEPTION_FAILURE,CONTRIBUTES_TO,EVT:WIND_SHEAR_OR_GUST,1
EVT:PERCEPTION_FAILURE,CONTRIBUTES_TO,EVT:ALTITUDE_DEVIATION_UNCONTROLLED,5
EVT:PERCEPTION_FAILURE,CONCURRENT,EVT:ALTITUDE_DEVIATION_UNCONTROLLED,1
EVT:PERCEPTION_FAILURE,CAUSES,EVT:ALTITUDE_DEVIATION_UNCONTROLLED,11
EVT:PERCEPTION_FAILURE,INHIBITS,EVT:ALTITUDE_DEVIATION_UNCONTROLLED,1
EVT:PERCEPTION_FAILURE,CAUSES,EVT:GROUND_COLLISION,15
EVT:PERCEPTION_FAILURE,CONTRIBUTES_TO,EVT:GROUND_COLLISION,3
EVT:PERCEPTION_FAILURE,CONTRIBUTES_TO,EVT:LANDING_GEAR_ANOMALY,3
EVT:PERCEPTION_FAILURE,CAUSES,EVT:LANDING_GEAR_ANOMALY,5
EVT:PERCEPTION_FAILURE,IF_THEN,EVT:LANDING_GEAR_ANOMALY,1
EVT:PERCEPTION_FAILURE,INDUCED_CONDITION,COND:cognitive,8
EVT:PERCEPTION_FAILURE,TRIGGERS,COND:cognitive,1
EVT:PERCEPTION_FAILURE,CAUSES,COND:cognitive,2
EVT:PERCEPTION_FAILURE,CAUSES,COND:fuel_quantity,1
EVT:PERCEPTION_FAILURE,UNDER_CONDITION,COND:instrument_error,1
EVT:PERCEPTION_FAILURE,CAUSES,COND:human_factor,1
EVT:PERCEPTION_FAILURE,INDUCED_CONDITION,COND:human_factor,3
EVT:PERCEPTION_FAILURE,UNDER_CONDITION,COND:human_factor,2
EVT:PERCEPTION_FAILURE,CAUSES,EVT:SPATIAL_DISORIENTATION,4
EVT:PERCEPTION_FAILURE,CONCURRENT,EVT:SPATIAL_DISORIENTATION,1
EVT:PERCEPTION_FAILURE,CAUSES,EVT:GROUND_PERSONNEL_ERROR,1
EVT:PERCEPTION_FAILURE,RESPONDS_TO,EVT:GROUND_PERSONNEL_ERROR,1
EVT:PERCEPTION_FAILURE,CONTRIBUTES_TO,EVT:GROUND_PERSONNEL_ERROR,2
EVT:PERCEPTION_FAILURE,UNDER_CONDITION,ENT:location,2
EVT:PERCEPTION_FAILURE,ENABLES,COND:visibility,1
EVT:PERCEPTION_FAILURE,INDUCED_CONDITION,COND:perceptual,3
EVT:PERCEPTION_FAILURE,CONTRIBUTES_TO,COND:perceptual,1
EVT:PERCEPTION_FAILURE,CAUSES,COND:perceptual,1
EVT:PERCEPTION_FAILURE,CONTRIBUTES_TO,EVT:STALL,1
EVT:PERCEPTION_FAILURE,CAUSES,EVT:STALL,4
EVT:PERCEPTION_FAILURE,MASKED_BY_CONDITION,COND:human_factors,1
EVT:PERCEPTION_FAILURE,INDUCED_CONDITION,COND:human_factors,6
EVT:PERCEPTION_FAILURE,UNDER_CONDITION,COND:human_factors,2
EVT:PERCEPTION_FAILURE,UNDER_CONDITION,COND:organizational,2
EVT:PERCEPTION_FAILURE,CAUSES,EVT:RUNWAY_INCURSION,1
EVT:PERCEPTION_FAILURE,UNDER_CONDITION,COND:physiological,1
EVT:PERCEPTION_FAILURE,CAUSES,COND:resource,3
EVT:PERCEPTION_FAILURE,INDUCED_CONDITION,COND:resource,1
EVT:PERCEPTION_FAILURE,CAUSES,EVT:RUNWAY_CONDITION_HAZARD,1
EVT:PERCEPTION_FAILURE,UNDER_CONDITION,COND:terrain,3
EVT:PERCEPTION_FAILURE,RESPONDS_TO,EVT:INSTRUMENT_OR_AVIONICS_FAILURE,2
EVT:PERCEPTION_FAILURE,CAUSES,EVT:INSTRUMENT_OR_AVIONICS_FAILURE,1
EVT:PERCEPTION_FAILURE,CAUSES,EVT:FUEL_SYSTEM_ANOMALY,1
EVT:PERCEPTION_FAILURE,INDUCED_CONDITION,COND:spatial,5
EVT:PERCEPTION_FAILURE,CAUSES,COND:spatial,2
EVT:PERCEPTION_FAILURE,UNDER_CONDITION,COND:spatial,2
EVT:PERCEPTION_FAILURE,MASKED_BY_CONDITION,COND:spatial,1
EVT:PERCEPTION_FAILURE,MASKED_BY_CONDITION,ENT:aircraft,1
EVT:PERCEPTION_FAILURE,CAUSES,EVT:LOSS_OF_CONTROL_GROUND,3
EVT:PERCEPTION_FAILURE,CONTRIBUTES_TO,EVT:LOSS_OF_CONTROL_GROUND,4
EVT:PERCEPTION_FAILURE,CONCURRENT,EVT:SUCCESSFUL_RECOVERY,1
EVT:PERCEPTION_FAILURE,UNDER_CONDITION,COND:visual,1
EVT:PERCEPTION_FAILURE,MASKED_BY_CONDITION,EVT:ENGINE_FAILURE,1
EVT:PERCEPTION_FAILURE,PRECEDES,EVT:ENGINE_FAILURE,1
EVT:PERCEPTION_FAILURE,CAUSES,EVT:ENGINE_FAILURE,1
EVT:PERCEPTION_FAILURE,UNDER_CONDITION,COND:fuel_state,1
EVT:PERCEPTION_FAILURE,CAUSES,EVT:CREW_COORDINATION_FAILURE,3
EVT:PERCEPTION_FAILURE,TRIGGERS,EVT:CREW_COORDINATION_FAILURE,1
EVT:PERCEPTION_FAILURE,RESPONDS_TO,EVT:CREW_COORDINATION_FAILURE,1
EVT:PERCEPTION_FAILURE,CONTRIBUTES_TO,EVT:CREW_COORDINATION_FAILURE,1
EVT:PERCEPTION_FAILURE,CAUSES,EVT:LOW_VISIBILITY_OR_IMC,1
EVT:PERCEPTION_FAILURE,RESPONDS_TO,EVT:LOW_VISIBILITY_OR_IMC,1
EVT:PERCEPTION_FAILURE,CONTRIBUTES_TO,EVT:INJURY_OR_FATALITY,1
EVT:PERCEPTION_FAILURE,CONTRIBUTES_TO,EVT:WATER_IMPACT,1
EVT:PERCEPTION_FAILURE,CAUSES,EVT:WATER_IMPACT,4
EVT:PERCEPTION_FAILURE,CAUSES,EVT:THUNDERSTORM_OR_CONVECTIVE,1
EVT:PERCEPTION_FAILURE,CONTRIBUTES_TO,EVT:THUNDERSTORM_OR_CONVECTIVE,1
EVT:PERCEPTION_FAILURE,UNDER_CONDITION,COND:perception,1
EVT:PERCEPTION_FAILURE,INDUCED_CONDITION,COND:perception,1
EVT:PERCEPTION_FAILURE,CONTRIBUTES_TO,EVT:INFLIGHT_FIRE_OR_SMOKE,1
EVT:PERCEPTION_FAILURE,CONTRIBUTES_TO,EVT:BIRD_OR_WILDLIFE_STRIKE,3
EVT:PERCEPTION_FAILURE,CAUSES,EVT:BIRD_OR_WILDLIFE_STRIKE,1
EVT:PERCEPTION_FAILURE,INDUCED_CONDITION,COND:psychological,2
EVT:PERCEPTION_FAILURE,TRIGGERS,COND:psychological,1
EVT:PERCEPTION_FAILURE,CAUSES,COND:human,1
EVT:PERCEPTION_FAILURE,UNDER_CONDITION,COND:aerodynamic,3
EVT:PERCEPTION_FAILURE,INDUCED_CONDITION,COND:aerodynamic,4
EVT:PERCEPTION_FAILURE,CAUSES,COND:aerodynamic,2
EVT:PERCEPTION_FAILURE,ENABLES,COND:communication,1
EVT:PERCEPTION_FAILURE,INDUCED_CONDITION,COND:communication,1
EVT:PERCEPTION_FAILURE,INDUCED_CONDITION,COND:mental_state,1
EVT:PERCEPTION_FAILURE,CONTRIBUTES_TO,EVT:AIRFRAME_STRUCTURAL_FAILURE,1
EVT:PERCEPTION_FAILURE,CAUSES,EVT:GROUND_DAMAGE,1
EVT:PERCEPTION_FAILURE,TRIGGERS,EVT:AUTOMATION_ANOMALY,1
EVT:PERCEPTION_FAILURE,INDUCED_CONDITION,COND:procedural_gap,1
EVT:PERCEPTION_FAILURE,INDUCED_CONDITION,COND:attention,1
EVT:PERCEPTION_FAILURE,CONCURRENT,EVT:ELECTRICAL_SYSTEM_FAILURE,1
EVT:PERCEPTION_FAILURE,INDUCED_CONDITION,COND:operational,1
EVT:PERCEPTION_FAILURE,UNDER_CONDITION,COND:operational,1
EVT:PERCEPTION_FAILURE,INDUCED_CONDITION,COND:information,1
EVT:PERCEPTION_FAILURE,UNDER_CONDITION,COND:information,1
EVT:PERCEPTION_FAILURE,INDUCED_CONDITION,COND:attentional,1
EVT:PERCEPTION_FAILURE,CAUSES,EVT:PILOT_INCAPACITATION_OR_IMPAIRMENT,1
EVT:PERCEPTION_FAILURE,CAUSES,COND:knowledge,1
EVT:PERCEPTION_FAILURE,INDUCED_CONDITION,COND:spatial_disorientation,1
EVT:PERCEPTION_FAILURE,CAUSES,EVT:TAXIWAY_INCURSION,1
EVT:PERCEPTION_FAILURE,MASKED_BY_CONDITION,COND:instrument,1
EVT:PERCEPTION_FAILURE,INDUCED_CONDITION,COND:instrument,1
EVT:PERCEPTION_FAILURE,CAUSES,EVT:GROUND_EXCURSION_OR_COLLISION,1
EVT:PERCEPTION_FAILURE,INDUCED_CONDITION,COND:spatial_reference,1
EVT:PERCEPTION_FAILURE,UNDER_CONDITION,COND:infrastructure,1
EVT:PROCEDURE_NOT_FOLLOWED,CAUSES,COND:mechanical,171
EVT:PROCEDURE_NOT_FOLLOWED,UNDER_CONDITION,COND:mechanical,28
EVT:PROCEDURE_NOT_FOLLOWED,INDUCED_CONDITION,COND:mechanical,83
EVT:PROCEDURE_NOT_FOLLOWED,MASKED_BY_CONDITION,COND:mechanical,9
EVT:PROCEDURE_NOT_FOLLOWED,CONTRIBUTES_TO,COND:mechanical,12
EVT:PROCEDURE_NOT_FOLLOWED,PREVENTS,COND:mechanical,24
EVT:PROCEDURE_NOT_FOLLOWED,INHIBITS,COND:mechanical,8
EVT:PROCEDURE_NOT_FOLLOWED,TRIGGERS,COND:mechanical,6
EVT:PROCEDURE_NOT_FOLLOWED,RESPONDS_TO,COND:mechanical,10
EVT:PROCEDURE_NOT_FOLLOWED,ENABLES,COND:mechanical,5
EVT:PROCEDURE_NOT_FOLLOWED,DETECTS,COND:mechanical,1
EVT:PROCEDURE_NOT_FOLLOWED,MITIGATES,COND:mechanical,7
EVT:PROCEDURE_NOT_FOLLOWED,INDUCED_CONDITION,COND:configuration,2
EVT:PROCEDURE_NOT_FOLLOWED,CAUSES,COND:configuration,3
EVT:PROCEDURE_NOT_FOLLOWED,UNDER_CONDITION,COND:configuration,2
EVT:PROCEDURE_NOT_FOLLOWED,INDUCED_CONDITION,COND:knowledge,1
EVT:PROCEDURE_NOT_FOLLOWED,CAUSES,COND:knowledge,1
EVT:PROCEDURE_NOT_FOLLOWED,CAUSES,EVT:ENGINE_FAILURE,64
EVT:PROCEDURE_NOT_FOLLOWED,PREVENTS,EVT:ENGINE_FAILURE,17
EVT:PROCEDURE_NOT_FOLLOWED,CONTRIBUTES_TO,EVT:ENGINE_FAILURE,18
EVT:PROCEDURE_NOT_FOLLOWED,CONCURRENT,EVT:ENGINE_FAILURE,5
EVT:PROCEDURE_NOT_FOLLOWED,RESPONDS_TO,EVT:ENGINE_FAILURE,10
EVT:PROCEDURE_NOT_FOLLOWED,TRIGGERS,EVT:ENGINE_FAILURE,4
EVT:PROCEDURE_NOT_FOLLOWED,INHIBITS,EVT:ENGINE_FAILURE,1
EVT:PROCEDURE_NOT_FOLLOWED,PRECEDES,EVT:ENGINE_FAILURE,2
EVT:PROCEDURE_NOT_FOLLOWED,MITIGATES,EVT:ENGINE_FAILURE,1
EVT:PROCEDURE_NOT_FOLLOWED,CAUSES,EVT:PERCEPTION_FAILURE,25
EVT:PROCEDURE_NOT_FOLLOWED,CONTRIBUTES_TO,EVT:PERCEPTION_FAILURE,14
EVT:PROCEDURE_NOT_FOLLOWED,PRECEDES,EVT:PERCEPTION_FAILURE,3
EVT:PROCEDURE_NOT_FOLLOWED,PREVENTS,EVT:PERCEPTION_FAILURE,1
EVT:PROCEDURE_NOT_FOLLOWED,ENABLES,EVT:PERCEPTION_FAILURE,2
EVT:PROCEDURE_NOT_FOLLOWED,RESPONDS_TO,EVT:PERCEPTION_FAILURE,4
EVT:PROCEDURE_NOT_FOLLOWED,TRIGGERS,EVT:PERCEPTION_FAILURE,4
EVT:PROCEDURE_NOT_FOLLOWED,CONCURRENT,EVT:PERCEPTION_FAILURE,5
EVT:PROCEDURE_NOT_FOLLOWED,CAUSES,EVT:PROCEDURE_NOT_FOLLOWED,27
EVT:PROCEDURE_NOT_FOLLOWED,TRIGGERS,EVT:PROCEDURE_NOT_FOLLOWED,6
EVT:PROCEDURE_NOT_FOLLOWED,CONCURRENT,EVT:PROCEDURE_NOT_FOLLOWED,18
EVT:PROCEDURE_NOT_FOLLOWED,PRECEDES,EVT:PROCEDURE_NOT_FOLLOWED,23
EVT:PROCEDURE_NOT_FOLLOWED,INHIBITS,EVT:PROCEDURE_NOT_FOLLOWED,1
EVT:PROCEDURE_NOT_FOLLOWED,CONTRIBUTES_TO,EVT:PROCEDURE_NOT_FOLLOWED,11
EVT:PROCEDURE_NOT_FOLLOWED,RESPONDS_TO,EVT:PROCEDURE_NOT_FOLLOWED,15
EVT:PROCEDURE_NOT_FOLLOWED,PREVENTS,EVT:PROCEDURE_NOT_FOLLOWED,1
EVT:PROCEDURE_NOT_FOLLOWED,IF_THEN,EVT:PROCEDURE_NOT_FOLLOWED,1
EVT:PROCEDURE_NOT_FOLLOWED,CAUSES,EVT:GROUND_IMPACT,193
EVT:PROCEDURE_NOT_FOLLOWED,CONTRIBUTES_TO,EVT:GROUND_IMPACT,39
EVT:PROCEDURE_NOT_FOLLOWED,INHIBITS,EVT:GROUND_IMPACT,2
EVT:PROCEDURE_NOT_FOLLOWED,PRECEDES,EVT:GROUND_IMPACT,2
EVT:PROCEDURE_NOT_FOLLOWED,PREVENTS,EVT:GROUND_IMPACT,2
EVT:PROCEDURE_NOT_FOLLOWED,CONCURRENT,EVT:GROUND_IMPACT,1
EVT:PROCEDURE_NOT_FOLLOWED,RESPONDS_TO,EVT:GROUND_IMPACT,1
EVT:PROCEDURE_NOT_FOLLOWED,UNDER_CONDITION,COND:weather,41
EVT:PROCEDURE_NOT_FOLLOWED,RESPONDS_TO,COND:weather,1
EVT:PROCEDURE_NOT_FOLLOWED,CAUSES,COND:weather,1
EVT:PROCEDURE_NOT_FOLLOWED,CONTRIBUTES_TO,EVT:ALTITUDE_DEVIATION_UNCONTROLLED,2
EVT:PROCEDURE_NOT_FOLLOWED,CAUSES,EVT:ALTITUDE_DEVIATION_UNCONTROLLED,18
EVT:PROCEDURE_NOT_FOLLOWED,CAUSES,EVT:EMERGENCY_LANDING,55
EVT:PROCEDURE_NOT_FOLLOWED,ENABLES,EVT:EMERGENCY_LANDING,1
EVT:PROCEDURE_NOT_FOLLOWED,PRECEDES,EVT:EMERGENCY_LANDING,2
EVT:PROCEDURE_NOT_FOLLOWED,CONCURRENT,EVT:EMERGENCY_LANDING,3
EVT:PROCEDURE_NOT_FOLLOWED,CONTRIBUTES_TO,EVT:INJURY_OR_FATALITY,5
EVT:PROCEDURE_NOT_FOLLOWED,CAUSES,EVT:INJURY_OR_FATALITY,6
EVT:PROCEDURE_NOT_FOLLOWED,MITIGATES,EVT:INJURY_OR_FATALITY,1
EVT:PROCEDURE_NOT_FOLLOWED,CONTRIBUTES_TO,EVT:CONTROL_INPUT_IMPROPER,29
EVT:PROCEDURE_NOT_FOLLOWED,PRECEDES,EVT:CONTROL_INPUT_IMPROPER,18
EVT:PROCEDURE_NOT_FOLLOWED,CONCURRENT,EVT:CONTROL_INPUT_IMPROPER,18
EVT:PROCEDURE_NOT_FOLLOWED,CAUSES,EVT:CONTROL_INPUT_IMPROPER,64
EVT:PROCEDURE_NOT_FOLLOWED,TRIGGERS,EVT:CONTROL_INPUT_IMPROPER,8
EVT:PROCEDURE_NOT_FOLLOWED,RESPONDS_TO,EVT:CONTROL_INPUT_IMPROPER,1
EVT:PROCEDURE_NOT_FOLLOWED,CAUSES,EVT:SUCCESSFUL_RECOVERY,34
EVT:PROCEDURE_NOT_FOLLOWED,MITIGATES,EVT:SUCCESSFUL_RECOVERY,1
EVT:PROCEDURE_NOT_FOLLOWED,CONTRIBUTES_TO,EVT:SUCCESSFUL_RECOVERY,2
EVT:PROCEDURE_NOT_FOLLOWED,TRIGGERS,EVT:SUCCESSFUL_RECOVERY,2
EVT:PROCEDURE_NOT_FOLLOWED,PREVENTS,EVT:LOSS_OF_CONTROL_INFLIGHT,1
EVT:PROCEDURE_NOT_FOLLOWED,CAUSES,EVT:LOSS_OF_CONTROL_INFLIGHT,26
EVT:PROCEDURE_NOT_FOLLOWED,CONTRIBUTES_TO,EVT:LOSS_OF_CONTROL_INFLIGHT,13
EVT:PROCEDURE_NOT_FOLLOWED,TRIGGERS,EVT:LOSS_OF_CONTROL_INFLIGHT,1
EVT:PROCEDURE_NOT_FOLLOWED,INHIBITS,EVT:LOSS_OF_CONTROL_INFLIGHT,1
EVT:PROCEDURE_NOT_FOLLOWED,RESPONDS_TO,EVT:LOSS_OF_CONTROL_INFLIGHT,2
EVT:PROCEDURE_NOT_FOLLOWED,CAUSES,EVT:MIDAIR_COLLISION,12
EVT:PROCEDURE_NOT_FOLLOWED,CONTRIBUTES_TO,EVT:MIDAIR_COLLISION,9
EVT:PROCEDURE_NOT_FOLLOWED,CONCURRENT,EVT:MIDAIR_COLLISION,2
EVT:PROCEDURE_NOT_FOLLOWED,INDUCED_CONDITION,COND:situational_awareness,5
EVT:PROCEDURE_NOT_FOLLOWED,CAUSES,COND:situational_awareness,2
EVT:PROCEDURE_NOT_FOLLOWED,CONTRIBUTES_TO,COND:situational_awareness,1
EVT:PROCEDURE_NOT_FOLLOWED,INDUCED_CONDITION,COND:unknown,1
EVT:PROCEDURE_NOT_FOLLOWED,ENABLES,COND:unknown,1
EVT:PROCEDURE_NOT_FOLLOWED,CONTRIBUTES_TO,EVT:DECISION_INAPPROPRIATE,24
EVT:PROCEDURE_NOT_FOLLOWED,CAUSES,EVT:DECISION_INAPPROPRIATE,45
EVT:PROCEDURE_NOT_FOLLOWED,CONCURRENT,EVT:DECISION_INAPPROPRIATE,8
EVT:PROCEDURE_NOT_FOLLOWED,TRIGGERS,EVT:DECISION_INAPPROPRIATE,9
EVT:PROCEDURE_NOT_FOLLOWED,RESPONDS_TO,EVT:DECISION_INAPPROPRIATE,12
EVT:PROCEDURE_NOT_FOLLOWED,PRECEDES,EVT:DECISION_INAPPROPRIATE,4
EVT:PROCEDURE_NOT_FOLLOWED,ENABLES,EVT:DECISION_INAPPROPRIATE,1
EVT:PROCEDURE_NOT_FOLLOWED,CAUSES,COND:fuel_state,4
EVT:PROCEDURE_NOT_FOLLOWED,CAUSES,EVT:LANDING_GEAR_ANOMALY,41
EVT:PROCEDURE_NOT_FOLLOWED,TRIGGERS,EVT:LANDING_GEAR_ANOMALY,6
EVT:PROCEDURE_NOT_FOLLOWED,RESPONDS_TO,EVT:LANDING_GEAR_ANOMALY,15
EVT:PROCEDURE_NOT_FOLLOWED,CONTRIBUTES_TO,EVT:LANDING_GEAR_ANOMALY,7
EVT:PROCEDURE_NOT_FOLLOWED,PREVENTS,EVT:LANDING_GEAR_ANOMALY,2
EVT:PROCEDURE_NOT_FOLLOWED,MASKED_BY_CONDITION,EVT:LANDING_GEAR_ANOMALY,1
EVT:PROCEDURE_NOT_FOLLOWED,CAUSES,COND:environmental,11
EVT:PROCEDURE_NOT_FOLLOWED,INDUCED_CONDITION,COND:environmental,8
EVT:PROCEDURE_NOT_FOLLOWED,UNDER_CONDITION,COND:environmental,37
EVT:PROCEDURE_NOT_FOLLOWED,CONTRIBUTES_TO,COND:environmental,2
EVT:PROCEDURE_NOT_FOLLOWED,MITIGATES,COND:environmental,1
EVT:PROCEDURE_NOT_FOLLOWED,CAUSES,EVT:RUNWAY_EXCURSION_OR_OVERRUN,65
EVT:PROCEDURE_NOT_FOLLOWED,CONTRIBUTES_TO,EVT:RUNWAY_EXCURSION_OR_OVERRUN,9
EVT:PROCEDURE_NOT_FOLLOWED,RESPONDS_TO,EVT:RUNWAY_EXCURSION_OR_OVERRUN,1
EVT:PROCEDURE_NOT_FOLLOWED,INHIBITS,EVT:RUNWAY_EXCURSION_OR_OVERRUN,1
EVT:PROCEDURE_NOT_FOLLOWED,PRECEDES,EVT:RUNWAY_EXCURSION_OR_OVERRUN,1
EVT:PROCEDURE_NOT_FOLLOWED,CONTRIBUTES_TO,EVT:TERRAIN_OR_OBSTACLE_PROXIMITY,3
EVT:PROCEDURE_NOT_FOLLOWED,CAUSES,EVT:TERRAIN_OR_OBSTACLE_PROXIMITY,18
EVT:PROCEDURE_NOT_FOLLOWED,CONCURRENT,EVT:TERRAIN_OR_OBSTACLE_PROXIMITY,1
EVT:PROCEDURE_NOT_FOLLOWED,ENABLES,EVT:TERRAIN_OR_OBSTACLE_PROXIMITY,1
EVT:PROCEDURE_NOT_FOLLOWED,INDUCED_CONDITION,COND:weight_and_balance,1
EVT:PROCEDURE_NOT_FOLLOWED,CAUSES,COND:weight_and_balance,2
EVT:PROCEDURE_NOT_FOLLOWED,UNDER_CONDITION,COND:regulatory,4
EVT:PROCEDURE_NOT_FOLLOWED,CAUSES,COND:regulatory,2
EVT:PROCEDURE_NOT_FOLLOWED,CONTRIBUTES_TO,EVT:LOSS_OF_CONTROL_GROUND,11
EVT:PROCEDURE_NOT_FOLLOWED,CAUSES,EVT:LOSS_OF_CONTROL_GROUND,13
EVT:PROCEDURE_NOT_FOLLOWED,MITIGATES,EVT:LOSS_OF_CONTROL_GROUND,1
EVT:PROCEDURE_NOT_FOLLOWED,CAUSES,EVT:FUEL_SYSTEM_ANOMALY,5
EVT:PROCEDURE_NOT_FOLLOWED,CONTRIBUTES_TO,EVT:FUEL_SYSTEM_ANOMALY,1
EVT:PROCEDURE_NOT_FOLLOWED,TRIGGERS,EVT:FUEL_SYSTEM_ANOMALY,1
EVT:PROCEDURE_NOT_FOLLOWED,PREVENTS,EVT:FUEL_SYSTEM_ANOMALY,1
EVT:PROCEDURE_NOT_FOLLOWED,RESPONDS_TO,EVT:FUEL_SYSTEM_ANOMALY,1
EVT:PROCEDURE_NOT_FOLLOWED,INDUCED_CONDITION,COND:procedural,12
EVT:PROCEDURE_NOT_FOLLOWED,UNDER_CONDITION,COND:procedural,6
EVT:PROCEDURE_NOT_FOLLOWED,INHIBITS,COND:procedural,1
EVT:PROCEDURE_NOT_FOLLOWED,CAUSES,COND:procedural,4
EVT:PROCEDURE_NOT_FOLLOWED,CONTRIBUTES_TO,COND:aerodynamic,4
EVT:PROCEDURE_NOT_FOLLOWED,INDUCED_CONDITION,COND:aerodynamic,11
EVT:PROCEDURE_NOT_FOLLOWED,CAUSES,COND:aerodynamic,12
EVT:PROCEDURE_NOT_FOLLOWED,UNDER_CONDITION,COND:aerodynamic,1
EVT:PROCEDURE_NOT_FOLLOWED,INDUCED_CONDITION,COND:other,1
EVT:PROCEDURE_NOT_FOLLOWED,UNDER_CONDITION,COND:other,1
EVT:PROCEDURE_NOT_FOLLOWED,UNDER_CONDITION,COND:organizational,4
EVT:PROCEDURE_NOT_FOLLOWED,IF_THEN,COND:organizational,1
EVT:PROCEDURE_NOT_FOLLOWED,INDUCED_CONDITION,COND:organizational,4
EVT:PROCEDURE_NOT_FOLLOWED,CAUSES,COND:organizational,6
EVT:PROCEDURE_NOT_FOLLOWED,CAUSES,EVT:SPATIAL_DISORIENTATION,6
EVT:PROCEDURE_NOT_FOLLOWED,CONTRIBUTES_TO,EVT:SPATIAL_DISORIENTATION,4
EVT:PROCEDURE_NOT_FOLLOWED,CONCURRENT,EVT:GROUND_PERSONNEL_ERROR,1
EVT:PROCEDURE_NOT_FOLLOWED,ENABLES,EVT:GROUND_PERSONNEL_ERROR,3
EVT:PROCEDURE_NOT_FOLLOWED,CAUSES,EVT:GROUND_PERSONNEL_ERROR,1
EVT:PROCEDURE_NOT_FOLLOWED,CONTRIBUTES_TO,EVT:GROUND_PERSONNEL_ERROR,2
EVT:PROCEDURE_NOT_FOLLOWED,INDUCED_CONDITION,COND:fuel,2
EVT:PROCEDURE_NOT_FOLLOWED,CAUSES,COND:fuel,4
EVT:PROCEDURE_NOT_FOLLOWED,CAUSES,EVT:INFLIGHT_FIRE_OR_SMOKE,13
EVT:PROCEDURE_NOT_FOLLOWED,RESPONDS_TO,EVT:INFLIGHT_FIRE_OR_SMOKE,1
EVT:PROCEDURE_NOT_FOLLOWED,MITIGATES,EVT:INFLIGHT_FIRE_OR_SMOKE,1
EVT:PROCEDURE_NOT_FOLLOWED,TRIGGERS,EVT:INFLIGHT_FIRE_OR_SMOKE,2
EVT:PROCEDURE_NOT_FOLLOWED,CONTRIBUTES_TO,EVT:INFLIGHT_FIRE_OR_SMOKE,2
EVT:PROCEDURE_NOT_FOLLOWED,PREVENTS,EVT:INFLIGHT_FIRE_OR_SMOKE,1
EVT:PROCEDURE_NOT_FOLLOWED,INHIBITS,EVT:INFLIGHT_FIRE_OR_SMOKE,1
EVT:PROCEDURE_NOT_FOLLOWED,CAUSES,EVT:STALL,22
EVT:PROCEDURE_NOT_FOLLOWED,CONTRIBUTES_TO,EVT:STALL,6
EVT:PROCEDURE_NOT_FOLLOWED,RESPONDS_TO,EVT:STALL,1
EVT:PROCEDURE_NOT_FOLLOWED,PRECEDES,EVT:STALL,1
EVT:PROCEDURE_NOT_FOLLOWED,CAUSES,EVT:BIRD_OR_WILDLIFE_STRIKE,2
EVT:PROCEDURE_NOT_FOLLOWED,CONCURRENT,EVT:BIRD_OR_WILDLIFE_STRIKE,1
EVT:PROCEDURE_NOT_FOLLOWED,INDUCED_CONDITION,COND:operational,5
EVT:PROCEDURE_NOT_FOLLOWED,CAUSES,COND:operational,4
EVT:PROCEDURE_NOT_FOLLOWED,UNDER_CONDITION,COND:operational,5
EVT:PROCEDURE_NOT_FOLLOWED,CONTRIBUTES_TO,COND:operational,1
EVT:PROCEDURE_NOT_FOLLOWED,CONTRIBUTES_TO,COND:resource,1
EVT:PROCEDURE_NOT_FOLLOWED,UNDER_CONDITION,COND:resource,2
EVT:PROCEDURE_NOT_FOLLOWED,CAUSES,EVT:TURBULENCE_ENCOUNTER,3
EVT:PROCEDURE_NOT_FOLLOWED,CONCURRENT,EVT:TURBULENCE_ENCOUNTER,1
EVT:PROCEDURE_NOT_FOLLOWED,ENABLES,EVT:TURBULENCE_ENCOUNTER,1
EVT:PROCEDURE_NOT_FOLLOWED,ENABLES,COND:cognitive,1
EVT:PROCEDURE_NOT_FOLLOWED,INDUCED_CONDITION,COND:cognitive,3
EVT:PROCEDURE_NOT_FOLLOWED,CONTRIBUTES_TO,COND:cognitive,1
EVT:PROCEDURE_NOT_FOLLOWED,CAUSES,EVT:CONTROL_SURFACE_ANOMALY,9
EVT:PROCEDURE_NOT_FOLLOWED,TRIGGERS,EVT:CONTROL_SURFACE_ANOMALY,3
EVT:PROCEDURE_NOT_FOLLOWED,ENABLES,EVT:CONTROL_SURFACE_ANOMALY,1
EVT:PROCEDURE_NOT_FOLLOWED,RESPONDS_TO,EVT:CONTROL_SURFACE_ANOMALY,1
EVT:PROCEDURE_NOT_FOLLOWED,CONCURRENT,EVT:CONTROL_SURFACE_ANOMALY,1
EVT:PROCEDURE_NOT_FOLLOWED,CONTRIBUTES_TO,EVT:CONTROL_SURFACE_ANOMALY,1
EVT:PROCEDURE_NOT_FOLLOWED,CAUSES,COND:human_factor,3
EVT:PROCEDURE_NOT_FOLLOWED,INDUCED_CONDITION,COND:human_factor,1
EVT:PROCEDURE_NOT_FOLLOWED,UNDER_CONDITION,COND:human_factor,2
EVT:PROCEDURE_NOT_FOLLOWED,PREVENTS,COND:human_factor,1
EVT:PROCEDURE_NOT_FOLLOWED,CAUSES,EVT:WATER_IMPACT,11
EVT:PROCEDURE_NOT_FOLLOWED,CONTRIBUTES_TO,EVT:WATER_IMPACT,1
EVT:PROCEDURE_NOT_FOLLOWED,UNDER_CONDITION,COND:terrain,2
EVT:PROCEDURE_NOT_FOLLOWED,RESPONDS_TO,COND:terrain,1
EVT:PROCEDURE_NOT_FOLLOWED,CAUSES,EVT:ATC_OR_DISPATCH_INADEQUATE,1
EVT:PROCEDURE_NOT_FOLLOWED,RESPONDS_TO,EVT:ATC_OR_DISPATCH_INADEQUATE,1
EVT:PROCEDURE_NOT_FOLLOWED,TRIGGERS,EVT:ATC_OR_DISPATCH_INADEQUATE,1
EVT:PROCEDURE_NOT_FOLLOWED,INDUCED_CONDITION,COND:physical,1
EVT:PROCEDURE_NOT_FOLLOWED,CAUSES,COND:physical,2
EVT:PROCEDURE_NOT_FOLLOWED,CAUSES,EVT:RUNWAY_CONDITION_HAZARD,4
EVT:PROCEDURE_NOT_FOLLOWED,CAUSES,EVT:STRUCTURAL_OVERLOAD,2
EVT:PROCEDURE_NOT_FOLLOWED,CAUSES,EVT:DESCENT_BELOW_SAFE_ALTITUDE,1
EVT:PROCEDURE_NOT_FOLLOWED,CAUSES,EVT:DISPATCH_INAPPROPRIATE,1
EVT:PROCEDURE_NOT_FOLLOWED,RESPONDS_TO,ENT:aircraft,1
EVT:PROCEDURE_NOT_FOLLOWED,AFFECTS,ENT:aircraft,1
EVT:PROCEDURE_NOT_FOLLOWED,CONTRIBUTES_TO,EVT:WIND_SHEAR_OR_GUST,2
EVT:PROCEDURE_NOT_FOLLOWED,PRECEDES,EVT:WIND_SHEAR_OR_GUST,1
EVT:PROCEDURE_NOT_FOLLOWED,ENABLES,EVT:WIND_SHEAR_OR_GUST,2
EVT:PROCEDURE_NOT_FOLLOWED,CONCURRENT,EVT:WIND_SHEAR_OR_GUST,1
EVT:PROCEDURE_NOT_FOLLOWED,CAUSES,EVT:CREW_COORDINATION_FAILURE,2
EVT:PROCEDURE_NOT_FOLLOWED,CONCURRENT,EVT:CREW_COORDINATION_FAILURE,2
EVT:PROCEDURE_NOT_FOLLOWED,CONTRIBUTES_TO,EVT:CREW_COORDINATION_FAILURE,1
EVT:PROCEDURE_NOT_FOLLOWED,CAUSES,COND:information,2
EVT:PROCEDURE_NOT_FOLLOWED,PREVENTS,COND:information,1
EVT:PROCEDURE_NOT_FOLLOWED,UNDER_CONDITION,COND:latent_defect,1
EVT:PROCEDURE_NOT_FOLLOWED,CAUSES,COND:latent_defect,2
EVT:PROCEDURE_NOT_FOLLOWED,CAUSES,EVT:AIRFRAME_STRUCTURAL_FAILURE,3
EVT:PROCEDURE_NOT_FOLLOWED,MITIGATES,EVT:AIRFRAME_STRUCTURAL_FAILURE,1
EVT:PROCEDURE_NOT_FOLLOWED,CONTRIBUTES_TO,EVT:AIRFRAME_STRUCTURAL_FAILURE,1
EVT:PROCEDURE_NOT_FOLLOWED,TRIGGERS,EVT:AIRFRAME_STRUCTURAL_FAILURE,1
EVT:PROCEDURE_NOT_FOLLOWED,CAUSES,EVT:INSTRUMENT_OR_AVIONICS_FAILURE,5
EVT:PROCEDURE_NOT_FOLLOWED,CONTRIBUTES_TO,EVT:INSTRUMENT_OR_AVIONICS_FAILURE,1
EVT:PROCEDURE_NOT_FOLLOWED,INDUCED_CONDITION,COND:aircraft_configuration,1
EVT:PROCEDURE_NOT_FOLLOWED,CAUSES,COND:aircraft_configuration,1
EVT:PROCEDURE_NOT_FOLLOWED,INDUCED_CONDITION,COND:communication,2
EVT:PROCEDURE_NOT_FOLLOWED,RESPONDS_TO,EVT:PROCEDURE_FOLLOWED,1
EVT:PROCEDURE_NOT_FOLLOWED,CAUSES,EVT:LOW_VISIBILITY_OR_IMC,3
EVT:PROCEDURE_NOT_FOLLOWED,INDUCED_CONDITION,COND:human_factors,2
EVT:PROCEDURE_NOT_FOLLOWED,RESPONDS_TO,ENT:person,1
EVT:PROCEDURE_NOT_FOLLOWED,UNDER_CONDITION,ENT:person,1
EVT:PROCEDURE_NOT_FOLLOWED,CO_OCCURS,ENT:person,1
EVT:PROCEDURE_NOT_FOLLOWED,ENABLES,ENT:person,1
EVT:PROCEDURE_NOT_FOLLOWED,CAUSES,COND:chemical_exposure,1
EVT:PROCEDURE_NOT_FOLLOWED,INDUCED_CONDITION,COND:navigation_error,1
EVT:PROCEDURE_NOT_FOLLOWED,CAUSES,EVT:EQUIPMENT_FAILURE,1
EVT:PROCEDURE_NOT_FOLLOWED,CAUSES,EVT:AUTOMATION_ANOMALY,3
EVT:PROCEDURE_NOT_FOLLOWED,INDUCED_CONDITION,COND:crew_state,1
EVT:PROCEDURE_NOT_FOLLOWED,CAUSES,COND:spatial,2
EVT:PROCEDURE_NOT_FOLLOWED,UNDER_CONDITION,COND:spatial,1
EVT:PROCEDURE_NOT_FOLLOWED,INDUCED_CONDITION,COND:spatial,1
EVT:PROCEDURE_NOT_FOLLOWED,TRIGGERS,COND:spatial,1
EVT:PROCEDURE_NOT_FOLLOWED,CONTRIBUTES_TO,COND:spatial,1
EVT:PROCEDURE_NOT_FOLLOWED,ENABLES,COND:auditory_confusion,1
EVT:PROCEDURE_NOT_FOLLOWED,UNDER_CONDITION,COND:system_state,1
EVT:PROCEDURE_NOT_FOLLOWED,RESPONDS_TO,EVT:BRAKE_FAILURE,1
EVT:PROCEDURE_NOT_FOLLOWED,CAUSES,EVT:PARACHUTE_FAILURE,1
EVT:PROCEDURE_NOT_FOLLOWED,CONTRIBUTES_TO,EVT:GROUND_COLLISION,3
EVT:PROCEDURE_NOT_FOLLOWED,CAUSES,EVT:GROUND_COLLISION,1
EVT:PROCEDURE_NOT_FOLLOWED,UNDER_CONDITION,COND:situational,1
EVT:PROCEDURE_NOT_FOLLOWED,CAUSES,EVT:PARACHUE_TANGLE,1
EVT:PROCEDURE_NOT_FOLLOWED,CAUSES,COND:mental,1
EVT:PROCEDURE_NOT_FOLLOWED,CONTRIBUTES_TO,EVT:PILOT_INCAPACITATION_OR_IMPAIRMENT,1
EVT:PROCEDURE_NOT_FOLLOWED,CAUSES,EVT:PILOT_INCAPACITATION_OR_IMPAIRMENT,1
EVT:PROCEDURE_NOT_FOLLOWED,CONTRIBUTES_TO,EVT:BRAKE_OVERHEAT,1
EVT:PROCEDURE_NOT_FOLLOWED,UNDER_CONDITION,ENT:location,1
EVT:PROCEDURE_NOT_FOLLOWED,CAUSES,ENT:location,1
EVT:PROCEDURE_NOT_FOLLOWED,RESPONDS_TO,ENT:component,1
EVT:PROCEDURE_NOT_FOLLOWED,ENABLES,EVT:GROUND_RESONANCE,1
EVT:PROCEDURE_NOT_FOLLOWED,CAUSES,COND:perceptual,1
EVT:PROCEDURE_NOT_FOLLOWED,CAUSES,COND:instrument,1
EVT:PROCEDURE_NOT_FOLLOWED,CAUSES,EVT:GROUND_OBSTACLE_CONTACT,1
EVT:PROCEDURE_NOT_FOLLOWED,CONTRIBUTES_TO,EVT:THUNDERSTORM_OR_CONVECTIVE,1
EVT:PROCEDURE_NOT_FOLLOWED,ENABLES,COND:occupant_state,1
EVT:PROCEDURE_NOT_FOLLOWED,CAUSES,COND:visual,1
EVT:PROCEDURE_NOT_FOLLOWED,CAUSES,COND:state,1
EVT:PROCEDURE_NOT_FOLLOWED,INDUCED_CONDITION,COND:perception,1
COND:mechanical,CAUSES,EVT:ENGINE_FAILURE,722
COND:mechanical,UNDER_CONDITION,EVT:ENGINE_FAILURE,13
COND:mechanical,INDUCED_CONDITION,EVT:ENGINE_FAILURE,1
COND:mechanical,CONTRIBUTES_TO,EVT:ENGINE_FAILURE,19
COND:mechanical,TRIGGERS,EVT:ENGINE_FAILURE,1
COND:mechanical,INHIBITS,EVT:ENGINE_FAILURE,1
COND:mechanical,ENABLES,EVT:ENGINE_FAILURE,1
COND:mechanical,CONTRIBUTES_TO,COND:mechanical,21
COND:mechanical,CAUSES,COND:mechanical,260
COND:mechanical,ENABLES,COND:mechanical,9
COND:mechanical,MASKED_BY_CONDITION,COND:mechanical,1
COND:mechanical,INDUCED_CONDITION,COND:mechanical,3
COND:mechanical,INHIBITS,COND:mechanical,1
COND:mechanical,UNDER_CONDITION,COND:mechanical,1
COND:mechanical,CONCURRENT,COND:mechanical,2
COND:mechanical,MITIGATES,COND:mechanical,1
COND:mechanical,TRIGGERS,EVT:DECISION_INAPPROPRIATE,34
COND:mechanical,CAUSES,EVT:DECISION_INAPPROPRIATE,86
COND:mechanical,INHIBITS,EVT:DECISION_INAPPROPRIATE,4
COND:mechanical,ENABLES,EVT:DECISION_INAPPROPRIATE,8
COND:mechanical,UNDER_CONDITION,EVT:DECISION_INAPPROPRIATE,9
COND:mechanical,RESPONDS_TO,EVT:DECISION_INAPPROPRIATE,7
COND:mechanical,CONTRIBUTES_TO,EVT:DECISION_INAPPROPRIATE,4
COND:mechanical,CAUSES,EVT:BRAKE_ANOMALY,3
COND:mechanical,CAUSES,EVT:TERRAIN_OR_OBSTACLE_PROXIMITY,3
COND:mechanical,CAUSES,EVT:CONTROL_INPUT_IMPROPER,42
COND:mechanical,INHIBITS,EVT:CONTROL_INPUT_IMPROPER,15
COND:mechanical,RESPONDS_TO,EVT:CONTROL_INPUT_IMPROPER,11
COND:mechanical,UNDER_CONDITION,EVT:CONTROL_INPUT_IMPROPER,9
COND:mechanical,TRIGGERS,EVT:CONTROL_INPUT_IMPROPER,16
COND:mechanical,CONTRIBUTES_TO,EVT:CONTROL_INPUT_IMPROPER,13
COND:mechanical,ENABLES,EVT:CONTROL_INPUT_IMPROPER,11
COND:mechanical,INDUCED_CONDITION,EVT:CONTROL_INPUT_IMPROPER,1
COND:mechanical,CAUSES,EVT:MAINTENANCE_INADEQUATE,3
COND:mechanical,DETECTED_BY,EVT:MAINTENANCE_INADEQUATE,1
COND:mechanical,CAUSES,EVT:CONTROL_SURFACE_ANOMALY,100
COND:mechanical,UNDER_CONDITION,EVT:CONTROL_SURFACE_ANOMALY,13
COND:mechanical,ENABLES,EVT:CONTROL_SURFACE_ANOMALY,3
COND:mechanical,INHIBITS,EVT:CONTROL_SURFACE_ANOMALY,2
COND:mechanical,INDUCED_CONDITION,EVT:CONTROL_SURFACE_ANOMALY,1
COND:mechanical,CONTRIBUTES_TO,EVT:CONTROL_SURFACE_ANOMALY,1
COND:mechanical,CAUSES,EVT:STALL,9
COND:mechanical,CONTRIBUTES_TO,EVT:STALL,7
COND:mechanical,CAUSES,EVT:AIRFRAME_STRUCTURAL_FAILURE,64
COND:mechanical,UNDER_CONDITION,EVT:AIRFRAME_STRUCTURAL_FAILURE,4
COND:mechanical,ENABLES,EVT:AIRFRAME_STRUCTURAL_FAILURE,2
COND:mechanical,CONTRIBUTES_TO,EVT:AIRFRAME_STRUCTURAL_FAILURE,1
COND:mechanical,CAUSES,EVT:LANDING_GEAR_ANOMALY,223
COND:mechanical,UNDER_CONDITION,EVT:LANDING_GEAR_ANOMALY,20
COND:mechanical,ENABLES,EVT:LANDING_GEAR_ANOMALY,4
COND:mechanical,INHIBITS,EVT:LANDING_GEAR_ANOMALY,2
COND:mechanical,CONTRIBUTES_TO,EVT:LANDING_GEAR_ANOMALY,5
COND:mechanical,CAUSES,EVT:INJURY_OR_FATALITY,2
COND:mechanical,CONTRIBUTES_TO,EVT:INJURY_OR_FATALITY,1
COND:mechanical,CAUSES,EVT:PROCEDURE_NOT_FOLLOWED,27
COND:mechanical,TRIGGERS,EVT:PROCEDURE_NOT_FOLLOWED,31
COND:mechanical,RESPONDS_TO,EVT:PROCEDURE_NOT_FOLLOWED,28
COND:mechanical,UNDER_CONDITION,EVT:PROCEDURE_NOT_FOLLOWED,11
COND:mechanical,MASKED_BY_CONDITION,EVT:PROCEDURE_NOT_FOLLOWED,3
COND:mechanical,ENABLES,EVT:PROCEDURE_NOT_FOLLOWED,16
COND:mechanical,IF_THEN,EVT:PROCEDURE_NOT_FOLLOWED,1
COND:mechanical,INHIBITS,EVT:PROCEDURE_NOT_FOLLOWED,20
COND:mechanical,CONTRIBUTES_TO,EVT:PROCEDURE_NOT_FOLLOWED,1
COND:mechanical,CAUSES,EVT:RUNWAY_EXCURSION_OR_OVERRUN,64
COND:mechanical,CONTRIBUTES_TO,EVT:RUNWAY_EXCURSION_OR_OVERRUN,10
COND:mechanical,ENABLES,EVT:RUNWAY_EXCURSION_OR_OVERRUN,3
COND:mechanical,UNDER_CONDITION,EVT:RUNWAY_EXCURSION_OR_OVERRUN,1
COND:mechanical,INHIBITS,EVT:RUNWAY_EXCURSION_OR_OVERRUN,2
COND:mechanical,MASKED_BY_CONDITION,COND:situational_awareness,1
COND:mechanical,CAUSES,EVT:GROUND_IMPACT,84
COND:mechanical,CONTRIBUTES_TO,EVT:GROUND_IMPACT,7
COND:mechanical,ENABLES,EVT:GROUND_IMPACT,4
COND:mechanical,UNDER_CONDITION,EVT:GROUND_IMPACT,1
COND:mechanical,CAUSES,EVT:INFLIGHT_FIRE_OR_SMOKE,67
COND:mechanical,UNDER_CONDITION,EVT:INFLIGHT_FIRE_OR_SMOKE,4
COND:mechanical,ENABLES,EVT:INFLIGHT_FIRE_OR_SMOKE,2
COND:mechanical,CONTRIBUTES_TO,EVT:INFLIGHT_FIRE_OR_SMOKE,2
COND:mechanical,CAUSES,COND:aerodynamic,29
COND:mechanical,CONTRIBUTES_TO,COND:aerodynamic,2
COND:mechanical,CAUSES,EVT:LOSS_OF_CONTROL_INFLIGHT,90
COND:mechanical,UNDER_CONDITION,EVT:LOSS_OF_CONTROL_INFLIGHT,4
COND:mechanical,CONTRIBUTES_TO,EVT:LOSS_OF_CONTROL_INFLIGHT,7
COND:mechanical,INHIBITS,EVT:LOSS_OF_CONTROL_INFLIGHT,2
COND:mechanical,CAUSES,EVT:PERCEPTION_FAILURE,30
COND:mechanical,UNDER_CONDITION,EVT:PERCEPTION_FAILURE,8
COND:mechanical,TRIGGERS,EVT:PERCEPTION_FAILURE,15
COND:mechanical,MASKED_BY_CONDITION,EVT:PERCEPTION_FAILURE,15
COND:mechanical,ENABLES,EVT:PERCEPTION_FAILURE,5
COND:mechanical,INHIBITS,EVT:PERCEPTION_FAILURE,2
COND:mechanical,CONTRIBUTES_TO,EVT:PERCEPTION_FAILURE,3
COND:mechanical,DETECTS,EVT:PERCEPTION_FAILURE,1
COND:mechanical,CAUSES,EVT:STRUCTURAL_OVERLOAD,11
COND:mechanical,ENABLES,EVT:STRUCTURAL_OVERLOAD,1
COND:mechanical,CAUSES,EVT:INFLIGHT_BREAKUP,2
COND:mechanical,CONTRIBUTES_TO,EVT:LOSS_OF_CONTROL_GROUND,7
COND:mechanical,CAUSES,EVT:LOSS_OF_CONTROL_GROUND,43
COND:mechanical,ENABLES,EVT:LOSS_OF_CONTROL_GROUND,3
COND:mechanical,UNDER_CONDITION,EVT:LOSS_OF_CONTROL_GROUND,1
COND:mechanical,CAUSES,EVT:FUEL_SYSTEM_ANOMALY,65
COND:mechanical,UNDER_CONDITION,EVT:FUEL_SYSTEM_ANOMALY,12
COND:mechanical,ENABLES,EVT:FUEL_SYSTEM_ANOMALY,3
COND:mechanical,CONTRIBUTES_TO,EVT:FUEL_SYSTEM_ANOMALY,5
COND:mechanical,INDUCED_CONDITION,EVT:FUEL_SYSTEM_ANOMALY,1
COND:mechanical,CAUSES,EVT:EMERGENCY_LANDING,16
COND:mechanical,TRIGGERS,EVT:EMERGENCY_LANDING,1
COND:mechanical,CAUSES,EVT:TURBULENCE_ENCOUNTER,1
COND:mechanical,CAUSES,EVT:PILOT_INCAPACITATION_OR_IMPAIRMENT,3
COND:mechanical,CAUSES,EVT:INSTRUMENT_OR_AVIONICS_FAILURE,53
COND:mechanical,UNDER_CONDITION,EVT:INSTRUMENT_OR_AVIONICS_FAILURE,3
COND:mechanical,INHIBITS,EVT:INSTRUMENT_OR_AVIONICS_FAILURE,1
COND:mechanical,TRIGGERS,EVT:INSTRUMENT_OR_AVIONICS_FAILURE,1
COND:mechanical,CAUSES,COND:environmental,10
COND:mechanical,ENABLES,COND:environmental,1
COND:mechanical,CONCURRENT,COND:environmental,1
COND:mechanical,CO_OCCURS,COND:environmental,1
COND:mechanical,ENABLES,EVT:GROUND_PERSONNEL_ERROR,3
COND:mechanical,CAUSES,EVT:GROUND_PERSONNEL_ERROR,6
COND:mechanical,CAUSES,EVT:TAIL_ROTOR_STRIKE,1
COND:mechanical,CAUSES,EVT:WATER_IMPACT,3
COND:mechanical,CAUSES,EVT:HYDRAULIC_SYSTEM_FAILURE,8
COND:mechanical,CAUSES,EVT:AUTOMATION_ANOMALY,7
COND:mechanical,ENABLES,EVT:AUTOMATION_ANOMALY,1
COND:mechanical,CAUSES,EVT:ALTITUDE_DEVIATION_UNCONTROLLED,10
COND:mechanical,ENABLES,EVT:ALTITUDE_DEVIATION_UNCONTROLLED,1
COND:mechanical,UNDER_CONDITION,ENT:component,9
COND:mechanical,MASKED_BY_CONDITION,ENT:component,1
COND:mechanical,INDUCED_CONDITION,ENT:component,1
COND:mechanical,CAUSES,COND:organizational,1
COND:mechanical,CONTRIBUTES_TO,EVT:GROUND_RESONANCE,1
COND:mechanical,UNDER_CONDITION,EVT:GROUND_RESONANCE,1
COND:mechanical,CAUSES,EVT:GROUND_RESONANCE,1
COND:mechanical,CAUSES,EVT:LOW_VISIBILITY_OR_IMC,1
COND:mechanical,UNDER_CONDITION,EVT:LOW_VISIBILITY_OR_IMC,1
COND:mechanical,TRIGGERS,EVT:PROCEDURE_FOLLOWED,1
COND:mechanical,ENABLES,EVT:SUCCESSFUL_RECOVERY,1
COND:mechanical,CAUSES,EVT:SUCCESSFUL_RECOVERY,1
COND:mechanical,INHIBITS,EVT:SUCCESSFUL_RECOVERY,1
COND:mechanical,CAUSES,COND:operational,1
COND:mechanical,ENABLES,COND:operational,1
COND:mechanical,CONTRIBUTES_TO,COND:unknown,1
COND:mechanical,CAUSES,EVT:BIRD_OR_WILDLIFE_STRIKE,1
COND:mechanical,ENABLES,EVT:ICING_ENCOUNTER,2
COND:mechanical,CAUSES,EVT:BRAKE_FAILURE,5
COND:mechanical,CONTRIBUTES_TO,COND:human_factors,1
COND:mechanical,CAUSES,EVT:GROUND_INCIDENT,3
COND:mechanical,CAUSES,EVT:BRAKING_FAILURE,2
COND:mechanical,CAUSES,EVT:DESIGN_DEFECT_LATENT,1
COND:mechanical,ENABLES,COND:weather,1
COND:mechanical,CAUSES,COND:information,5
COND:mechanical,CAUSES,EVT:PROPELLER_FAILURE,1
COND:mechanical,CONTRIBUTES_TO,COND:fuel_state,1
COND:mechanical,CAUSES,EVT:GROUND_DAMAGE,1
COND:mechanical,UNDER_CONDITION,ENT:aircraft,2
COND:mechanical,CAUSES,EVT:RUNWAY_CONDITION_HAZARD,3
COND:mechanical,CAUSES,EVT:GROUND_LOOP,1
COND:mechanical,CAUSES,COND:physiological,1
COND:mechanical,MASKED_BY_CONDITION,COND:resource,1
COND:mechanical,CAUSES,COND:resource,1
COND:mechanical,CAUSES,COND:thermal,1
COND:mechanical,CAUSES,EVT:GROUND_COLLISION,1
COND:mechanical,CAUSES,COND:weight,1
COND:mechanical,CAUSES,COND:regulatory,1
COND:mechanical,CAUSES,EVT:ELECTRICAL_SYSTEM_FAILURE,1
COND:mechanical,CAUSES,EVT:PARACHUTE_DEPLOYMENT_FAILURE,1
COND:mechanical,MASKED_BY_CONDITION,COND:instrument,1
COND:mechanical,CAUSES,COND:instrument,1
COND:mechanical,CAUSES,EVT:PRESSURIZATION_SYSTEM_FAILURE,1
COND:mechanical,CAUSES,EVT:BRAKE_OVERHEAT,1
COND:mechanical,CONTRIBUTES_TO,EVT:BRAKE_OVERHEAT,1
COND:mechanical,CAUSES,EVT:CREW_COORDINATION_FAILURE,1
COND:mechanical,CAUSES,COND:cognitive,1
COND:mechanical,CAUSES,EVT:SPATIAL_DISORIENTATION,2
COND:mechanical,CAUSES,COND:performance,1
COND:mechanical,CAUSES,COND:latent_defect,1
COND:mechanical,CAUSES,COND:knowledge,1
EVT:ENGINE_FAILURE,CAUSES,EVT:GROUND_IMPACT,250
EVT:ENGINE_FAILURE,CONTRIBUTES_TO,EVT:GROUND_IMPACT,24
EVT:ENGINE_FAILURE,CONCURRENT,EVT:GROUND_IMPACT,2
EVT:ENGINE_FAILURE,CAUSES,EVT:TERRAIN_OR_OBSTACLE_PROXIMITY,15
EVT:ENGINE_FAILURE,CONTRIBUTES_TO,EVT:TERRAIN_OR_OBSTACLE_PROXIMITY,1
EVT:ENGINE_FAILURE,RESPONDS_TO,EVT:PROCEDURE_NOT_FOLLOWED,267
EVT:ENGINE_FAILURE,CAUSES,EVT:PROCEDURE_NOT_FOLLOWED,7
EVT:ENGINE_FAILURE,TRIGGERS,EVT:PROCEDURE_NOT_FOLLOWED,57
EVT:ENGINE_FAILURE,PRECEDES,EVT:PROCEDURE_NOT_FOLLOWED,1
EVT:ENGINE_FAILURE,CONCURRENT,EVT:PROCEDURE_NOT_FOLLOWED,1
EVT:ENGINE_FAILURE,CAUSES,EVT:DECISION_INAPPROPRIATE,53
EVT:ENGINE_FAILURE,RESPONDS_TO,EVT:DECISION_INAPPROPRIATE,134
EVT:ENGINE_FAILURE,TRIGGERS,EVT:DECISION_INAPPROPRIATE,109
EVT:ENGINE_FAILURE,CONTRIBUTES_TO,EVT:DECISION_INAPPROPRIATE,3
EVT:ENGINE_FAILURE,INHIBITS,EVT:DECISION_INAPPROPRIATE,1
EVT:ENGINE_FAILURE,UNDER_CONDITION,COND:mechanical,125
EVT:ENGINE_FAILURE,INDUCED_CONDITION,COND:mechanical,173
EVT:ENGINE_FAILURE,CAUSES,COND:mechanical,27
EVT:ENGINE_FAILURE,DETECTS,COND:mechanical,2
EVT:ENGINE_FAILURE,CONCURRENT,COND:mechanical,1
EVT:ENGINE_FAILURE,PREVENTS,COND:mechanical,1
EVT:ENGINE_FAILURE,MASKED_BY_CONDITION,COND:mechanical,1
EVT:ENGINE_FAILURE,CONTRIBUTES_TO,EVT:STALL,1
EVT:ENGINE_FAILURE,CAUSES,EVT:STALL,8
EVT:ENGINE_FAILURE,CONCURRENT,EVT:STALL,1
EVT:ENGINE_FAILURE,CAUSES,EVT:EMERGENCY_LANDING,116
EVT:ENGINE_FAILURE,RESPONDS_TO,EVT:EMERGENCY_LANDING,16
EVT:ENGINE_FAILURE,CONTRIBUTES_TO,EVT:EMERGENCY_LANDING,1
EVT:ENGINE_FAILURE,TRIGGERS,EVT:EMERGENCY_LANDING,3
EVT:ENGINE_FAILURE,UNDER_CONDITION,COND:environmental,48
EVT:ENGINE_FAILURE,INDUCED_CONDITION,COND:environmental,7
EVT:ENGINE_FAILURE,CONCURRENT,COND:environmental,2
EVT:ENGINE_FAILURE,CAUSES,COND:environmental,1
EVT:ENGINE_FAILURE,UNDER_CONDITION,COND:weather,16
EVT:ENGINE_FAILURE,RESPONDS_TO,EVT:CONTROL_INPUT_IMPROPER,80
EVT:ENGINE_FAILURE,TRIGGERS,EVT:CONTROL_INPUT_IMPROPER,40
EVT:ENGINE_FAILURE,CONTRIBUTES_TO,EVT:CONTROL_INPUT_IMPROPER,2
EVT:ENGINE_FAILURE,CAUSES,EVT:CONTROL_INPUT_IMPROPER,8
EVT:ENGINE_FAILURE,CONCURRENT,EVT:CONTROL_INPUT_IMPROPER,1
EVT:ENGINE_FAILURE,INDUCED_CONDITION,COND:aerodynamic,6
EVT:ENGINE_FAILURE,UNDER_CONDITION,COND:aerodynamic,1
EVT:ENGINE_FAILURE,CAUSES,COND:aerodynamic,1
EVT:ENGINE_FAILURE,CAUSES,EVT:ENGINE_FAILURE,81
EVT:ENGINE_FAILURE,CONCURRENT,EVT:ENGINE_FAILURE,10
EVT:ENGINE_FAILURE,CONTRIBUTES_TO,EVT:ENGINE_FAILURE,5
EVT:ENGINE_FAILURE,PRECEDES,EVT:ENGINE_FAILURE,1
EVT:ENGINE_FAILURE,CAUSES,EVT:LOSS_OF_CONTROL_INFLIGHT,52
EVT:ENGINE_FAILURE,CONTRIBUTES_TO,EVT:LOSS_OF_CONTROL_INFLIGHT,9
EVT:ENGINE_FAILURE,TRIGGERS,EVT:LOSS_OF_CONTROL_INFLIGHT,1
EVT:ENGINE_FAILURE,TRIGGERS,EVT:INFLIGHT_BREAKUP,1
EVT:ENGINE_FAILURE,CAUSES,EVT:LOSS_OF_CONTROL_GROUND,14
EVT:ENGINE_FAILURE,UNDER_CONDITION,ENT:aircraft,1
EVT:ENGINE_FAILURE,CAUSES,EVT:WATER_IMPACT,18
EVT:ENGINE_FAILURE,TRIGGERS,EVT:PERCEPTION_FAILURE,16
EVT:ENGINE_FAILURE,RESPONDS_TO,EVT:PERCEPTION_FAILURE,3
EVT:ENGINE_FAILURE,CONTRIBUTES_TO,EVT:PERCEPTION_FAILURE,1
EVT:ENGINE_FAILURE,CAUSES,EVT:PERCEPTION_FAILURE,2
EVT:ENGINE_FAILURE,RESPONDS_TO,EVT:SUCCESSFUL_RECOVERY,2
EVT:ENGINE_FAILURE,CAUSES,EVT:SUCCESSFUL_RECOVERY,2
EVT:ENGINE_FAILURE,CONTRIBUTES_TO,EVT:SUCCESSFUL_RECOVERY,1
EVT:ENGINE_FAILURE,CAUSES,EVT:INSTRUMENT_OR_AVIONICS_FAILURE,3
EVT:ENGINE_FAILURE,CAUSES,EVT:AIRFRAME_STRUCTURAL_FAILURE,8
EVT:ENGINE_FAILURE,CAUSES,EVT:RUNWAY_EXCURSION_OR_OVERRUN,20
EVT:ENGINE_FAILURE,CONTRIBUTES_TO,EVT:RUNWAY_EXCURSION_OR_OVERRUN,2
EVT:ENGINE_FAILURE,CAUSES,EVT:INFLIGHT_FIRE_OR_SMOKE,10
EVT:ENGINE_FAILURE,CONCURRENT,EVT:INFLIGHT_FIRE_OR_SMOKE,1
EVT:ENGINE_FAILURE,CAUSES,EVT:ALTITUDE_DEVIATION_UNCONTROLLED,21
EVT:ENGINE_FAILURE,UNDER_CONDITION,COND:latent_defect,1
EVT:ENGINE_FAILURE,UNDER_CONDITION,COND:fuel,1
EVT:ENGINE_FAILURE,UNDER_CONDITION,COND:fuel_flow,1
EVT:ENGINE_FAILURE,CONTRIBUTES_TO,EVT:INJURY_OR_FATALITY,2
EVT:ENGINE_FAILURE,CAUSES,EVT:INJURY_OR_FATALITY,1
EVT:ENGINE_FAILURE,TRIGGERS,EVT:PROCEDURE_FOLLOWED,4
EVT:ENGINE_FAILURE,RESPONDS_TO,EVT:PROCEDURE_FOLLOWED,2
EVT:ENGINE_FAILURE,UNDER_CONDITION,COND:unknown,1
EVT:ENGINE_FAILURE,INDUCED_CONDITION,COND:fuel_flow_interruption,1
EVT:ENGINE_FAILURE,CAUSES,COND:altitude,1
EVT:ENGINE_FAILURE,MASKED_BY_CONDITION,COND:human,1
EVT:ENGINE_FAILURE,RESPONDS_TO,EVT:CREW_COORDINATION_FAILURE,1
EVT:ENGINE_FAILURE,TRIGGERS,EVT:CREW_COORDINATION_FAILURE,1
EVT:ENGINE_FAILURE,UNDER_CONDITION,COND:fuel_state,2
EVT:ENGINE_FAILURE,UNDER_CONDITION,ENT:component,1
EVT:ENGINE_FAILURE,AFFECTS,ENT:component,1
EVT:ENGINE_FAILURE,CAUSES,EVT:PILOT_INCAPACITATION_OR_IMPAIRMENT,1
EVT:ENGINE_FAILURE,CAUSES,COND:state,1
EVT:ENGINE_FAILURE,CAUSES,EVT:LANDING_GEAR_ANOMALY,1
EVT:ENGINE_FAILURE,CAUSES,EVT:STRUCTURAL_OVERLOAD,2
EVT:ENGINE_FAILURE,TRIGGERS,EVT:MAINTENANCE_INADEQUATE,1
EVT:ENGINE_FAILURE,CAUSES,COND:electrical,1
EVT:ENGINE_FAILURE,INDUCED_CONDITION,COND:cognitive,1
COND:environmental,CONTRIBUTES_TO,EVT:RUNWAY_EXCURSION_OR_OVERRUN,20
COND:environmental,MASKED_BY_CONDITION,EVT:RUNWAY_EXCURSION_OR_OVERRUN,1
COND:environmental,CAUSES,EVT:RUNWAY_EXCURSION_OR_OVERRUN,21
COND:environmental,UNDER_CONDITION,EVT:RUNWAY_EXCURSION_OR_OVERRUN,13
COND:environmental,ENABLES,EVT:RUNWAY_EXCURSION_OR_OVERRUN,3
COND:environmental,INHIBITS,EVT:RUNWAY_EXCURSION_OR_OVERRUN,1
COND:environmental,UNDER_CONDITION,EVT:RUNWAY_CONDITION_HAZARD,24
COND:environmental,CAUSES,EVT:RUNWAY_CONDITION_HAZARD,8
COND:environmental,ENABLES,EVT:RUNWAY_CONDITION_HAZARD,1
COND:environmental,CONTRIBUTES_TO,EVT:RUNWAY_CONDITION_HAZARD,1
COND:environmental,CONTRIBUTES_TO,EVT:STALL,4
COND:environmental,CAUSES,EVT:STALL,4
COND:environmental,UNDER_CONDITION,EVT:STALL,1
COND:environmental,INHIBITS,EVT:CONTROL_INPUT_IMPROPER,4
COND:environmental,CAUSES,EVT:CONTROL_INPUT_IMPROPER,18
COND:environmental,UNDER_CONDITION,EVT:CONTROL_INPUT_IMPROPER,17
COND:environmental,ENABLES,EVT:CONTROL_INPUT_IMPROPER,2
COND:environmental,CONTRIBUTES_TO,EVT:CONTROL_INPUT_IMPROPER,27
COND:environmental,MASKED_BY_CONDITION,EVT:CONTROL_INPUT_IMPROPER,1
COND:environmental,TRIGGERS,EVT:CONTROL_INPUT_IMPROPER,5
COND:environmental,RESPONDS_TO,EVT:CONTROL_INPUT_IMPROPER,1
COND:environmental,CONTRIBUTES_TO,EVT:PERCEPTION_FAILURE,20
COND:environmental,UNDER_CONDITION,EVT:PERCEPTION_FAILURE,27
COND:environmental,MASKED_BY_CONDITION,EVT:PERCEPTION_FAILURE,14
COND:environmental,TRIGGERS,EVT:PERCEPTION_FAILURE,3
COND:environmental,INHIBITS,EVT:PERCEPTION_FAILURE,6
COND:environmental,CAUSES,EVT:PERCEPTION_FAILURE,36
COND:environmental,ENABLES,EVT:PERCEPTION_FAILURE,5
COND:environmental,DETECTS,EVT:PERCEPTION_FAILURE,1
COND:environmental,UNDER_CONDITION,EVT:GROUND_IMPACT,13
COND:environmental,CAUSES,EVT:GROUND_IMPACT,34
COND:environmental,CONTRIBUTES_TO,EVT:GROUND_IMPACT,18
COND:environmental,ENABLES,EVT:GROUND_IMPACT,10
COND:environmental,UNDER_CONDITION,EVT:TURBULENCE_ENCOUNTER,3
COND:environmental,CAUSES,EVT:TURBULENCE_ENCOUNTER,4
COND:environmental,INHIBITS,EVT:PROCEDURE_NOT_FOLLOWED,3
COND:environmental,CONTRIBUTES_TO,EVT:PROCEDURE_NOT_FOLLOWED,6
COND:environmental,UNDER_CONDITION,EVT:PROCEDURE_NOT_FOLLOWED,7
COND:environmental,TRIGGERS,EVT:PROCEDURE_NOT_FOLLOWED,5
COND:environmental,ENABLES,EVT:PROCEDURE_NOT_FOLLOWED,4
COND:environmental,CAUSES,EVT:PROCEDURE_NOT_FOLLOWED,3
COND:environmental,ENABLES,EVT:LOSS_OF_CONTROL_INFLIGHT,1
COND:environmental,CAUSES,EVT:LOSS_OF_CONTROL_INFLIGHT,8
COND:environmental,CONTRIBUTES_TO,EVT:LOSS_OF_CONTROL_INFLIGHT,8
COND:environmental,UNDER_CONDITION,EVT:LOSS_OF_CONTROL_INFLIGHT,2
COND:environmental,INHIBITS,EVT:LOSS_OF_CONTROL_INFLIGHT,1
COND:environmental,CAUSES,COND:physiological,5
COND:environmental,ENABLES,COND:physiological,2
COND:environmental,CAUSES,EVT:DECISION_INAPPROPRIATE,35
COND:environmental,INHIBITS,EVT:DECISION_INAPPROPRIATE,4
COND:environmental,ENABLES,EVT:DECISION_INAPPROPRIATE,4
COND:environmental,UNDER_CONDITION,EVT:DECISION_INAPPROPRIATE,11
COND:environmental,CONTRIBUTES_TO,EVT:DECISION_INAPPROPRIATE,10
COND:environmental,TRIGGERS,EVT:DECISION_INAPPROPRIATE,5
COND:environmental,CONTRIBUTES_TO,COND:mechanical,3
COND:environmental,CAUSES,COND:mechanical,11
COND:environmental,ENABLES,COND:mechanical,4
COND:environmental,ENABLES,EVT:BIRD_OR_WILDLIFE_STRIKE,3
COND:environmental,CAUSES,EVT:BIRD_OR_WILDLIFE_STRIKE,6
COND:environmental,UNDER_CONDITION,EVT:BIRD_OR_WILDLIFE_STRIKE,7
COND:environmental,CAUSES,EVT:TERRAIN_OR_OBSTACLE_PROXIMITY,12
COND:environmental,CONTRIBUTES_TO,EVT:TERRAIN_OR_OBSTACLE_PROXIMITY,2
COND:environmental,ENABLES,EVT:TERRAIN_OR_OBSTACLE_PROXIMITY,3
COND:environmental,UNDER_CONDITION,EVT:TERRAIN_OR_OBSTACLE_PROXIMITY,6
COND:environmental,CONTRIBUTES_TO,EVT:FUEL_SYSTEM_ANOMALY,2
COND:environmental,CAUSES,EVT:FUEL_SYSTEM_ANOMALY,2
COND:environmental,TRIGGERS,EVT:FUEL_SYSTEM_ANOMALY,1
COND:environmental,CAUSES,COND:fuel_state,1
COND:environmental,CONTRIBUTES_TO,EVT:ALTITUDE_DEVIATION_UNCONTROLLED,2
COND:environmental,CAUSES,EVT:ALTITUDE_DEVIATION_UNCONTROLLED,1
COND:environmental,CAUSES,EVT:GROUND_DELAY,1
COND:environmental,CONTRIBUTES_TO,COND:aerodynamic,2
COND:environmental,ENABLES,COND:aerodynamic,2
COND:environmental,CAUSES,COND:aerodynamic,4
COND:environmental,CONTRIBUTES_TO,EVT:GROUND_PERSONNEL_ERROR,1
COND:environmental,CAUSES,EVT:GROUND_PERSONNEL_ERROR,2
COND:environmental,UNDER_CONDITION,EVT:GROUND_PERSONNEL_ERROR,1
COND:environmental,ENABLES,EVT:GROUND_PERSONNEL_ERROR,1
COND:environmental,CONTRIBUTES_TO,EVT:LOSS_OF_CONTROL_GROUND,11
COND:environmental,CAUSES,EVT:LOSS_OF_CONTROL_GROUND,6
COND:environmental,ENABLES,EVT:LOSS_OF_CONTROL_GROUND,4
COND:environmental,UNDER_CONDITION,EVT:LOSS_OF_CONTROL_GROUND,5
COND:environmental,CAUSES,EVT:ENGINE_FAILURE,8
COND:environmental,CONTRIBUTES_TO,EVT:ENGINE_FAILURE,5
COND:environmental,CONTRIBUTES_TO,COND:cognitive,2
COND:environmental,CAUSES,COND:cognitive,1
COND:environmental,CAUSES,EVT:LANDING_GEAR_ANOMALY,5
COND:environmental,CONTRIBUTES_TO,EVT:LANDING_GEAR_ANOMALY,4
COND:environmental,UNDER_CONDITION,EVT:LANDING_GEAR_ANOMALY,1
COND:environmental,CAUSES,EVT:INJURY_OR_FATALITY,1
COND:environmental,UNDER_CONDITION,COND:infrastructure,1
COND:environmental,CAUSES,EVT:EMERGENCY_LANDING,2
COND:environmental,CONTRIBUTES_TO,EVT:EMERGENCY_LANDING,1
COND:environmental,CONTRIBUTES_TO,EVT:SPATIAL_DISORIENTATION,1
COND:environmental,CAUSES,EVT:SPATIAL_DISORIENTATION,4
COND:environmental,UNDER_CONDITION,EVT:SPATIAL_DISORIENTATION,2
COND:environmental,UNDER_CONDITION,EVT:LOW_VISIBILITY_OR_IMC,6
COND:environmental,CAUSES,EVT:LOW_VISIBILITY_OR_IMC,1
COND:environmental,ENABLES,EVT:LOW_VISIBILITY_OR_IMC,1
COND:environmental,CAUSES,EVT:WIND_SHEAR_OR_GUST,6
COND:environmental,CONTRIBUTES_TO,EVT:WIND_SHEAR_OR_GUST,2
COND:environmental,UNDER_CONDITION,EVT:WIND_SHEAR_OR_GUST,1
COND:environmental,CAUSES,COND:environmental,2
COND:environmental,ENABLES,COND:environmental,1
COND:environmental,CAUSES,COND:spatial_reference,1
COND:environmental,CONTRIBUTES_TO,EVT:INSTRUMENT_OR_AVIONICS_FAILURE,1
COND:environmental,ENABLES,COND:design,1
COND:environmental,CONTRIBUTES_TO,COND:visual,1
COND:environmental,CAUSES,COND:visual,1
COND:environmental,CONTRIBUTES_TO,EVT:CREW_COORDINATION_FAILURE,1
COND:environmental,INHIBITS,EVT:CREW_COORDINATION_FAILURE,1
COND:environmental,MASKED_BY_CONDITION,COND:weather,1
COND:environmental,CAUSES,COND:organizational,2
COND:environmental,ENABLES,EVT:GROUND_RESONANCE,1
COND:environmental,CAUSES,EVT:INFLIGHT_FIRE_OR_SMOKE,4
COND:environmental,UNDER_CONDITION,EVT:INFLIGHT_FIRE_OR_SMOKE,3
COND:environmental,CONTRIBUTES_TO,EVT:INFLIGHT_FIRE_OR_SMOKE,1
COND:environmental,CAUSES,COND:spatial,1
COND:environmental,CONTRIBUTES_TO,COND:spatial,1
COND:environmental,UNDER_CONDITION,EVT:TAXIING,1
COND:environmental,CAUSES,EVT:GROUND_COLLISION,3
COND:environmental,CONTRIBUTES_TO,EVT:GROUND_COLLISION,4
COND:environmental,MASKED_BY_CONDITION,EVT:GROUND_COLLISION,1
COND:environmental,ENABLES,EVT:GROUND_EXCURSION,1
COND:environmental,CONTRIBUTES_TO,EVT:STRUCTURAL_OVERLOAD,1
COND:environmental,CAUSES,EVT:STRUCTURAL_OVERLOAD,4
COND:environmental,CONTRIBUTES_TO,COND:performance,1
COND:environmental,CONTRIBUTES_TO,COND:communication,1
COND:environmental,CAUSES,EVT:AIRFRAME_STRUCTURAL_FAILURE,5
COND:environmental,CAUSES,COND:procedural,1
COND:environmental,ENABLES,EVT:WATER_IMPACT,1
COND:environmental,CAUSES,COND:human_factors,2
COND:environmental,CAUSES,COND:latent_defect,1
COND:environmental,CAUSES,EVT:GROUND_INCIDENT,1
COND:environmental,CAUSES,EVT:GROUND_BOUNCE,1
COND:environmental,UNDER_CONDITION,ENT:aircraft,1
COND:environmental,CAUSES,EVT:ORG_OR_REGULATORY_INADEQUATE,1
COND:environmental,CAUSES,EVT:PARACHUTE_FAILURE,1
COND:environmental,CONTRIBUTES_TO,COND:resource,1
COND:environmental,CAUSES,COND:situational_awareness,1
COND:environmental,UNDER_CONDITION,EVT:ATC_OR_DISPATCH_INADEQUATE,1
COND:environmental,CAUSES,EVT:CONTROL_SURFACE_ANOMALY,1
COND:environmental,CONTRIBUTES_TO,EVT:CONTROL_SURFACE_ANOMALY,1
COND:environmental,ENABLES,EVT:GROUND_DAMAGE,1
COND:environmental,CAUSES,COND:knowledge,1
EVT:MAINTENANCE_INADEQUATE,CAUSES,COND:mechanical,102
EVT:MAINTENANCE_INADEQUATE,INDUCED_CONDITION,COND:mechanical,22
EVT:MAINTENANCE_INADEQUATE,DETECTS,COND:mechanical,6
EVT:MAINTENANCE_INADEQUATE,CONTRIBUTES_TO,COND:mechanical,1
EVT:MAINTENANCE_INADEQUATE,UNDER_CONDITION,COND:mechanical,1
EVT:MAINTENANCE_INADEQUATE,MITIGATES,COND:mechanical,2
EVT:MAINTENANCE_INADEQUATE,ENABLES,COND:mechanical,5
EVT:MAINTENANCE_INADEQUATE,PREVENTS,COND:mechanical,2
EVT:MAINTENANCE_INADEQUATE,MASKED_BY_CONDITION,COND:mechanical,4
EVT:MAINTENANCE_INADEQUATE,CAUSES,COND:organizational,6
EVT:MAINTENANCE_INADEQUATE,UNDER_CONDITION,COND:organizational,2
EVT:MAINTENANCE_INADEQUATE,INDUCED_CONDITION,COND:organizational,4
EVT:MAINTENANCE_INADEQUATE,MASKED_BY_CONDITION,COND:organizational,1
EVT:MAINTENANCE_INADEQUATE,ENABLES,EVT:PROCEDURE_NOT_FOLLOWED,1
EVT:MAINTENANCE_INADEQUATE,CAUSES,EVT:PROCEDURE_NOT_FOLLOWED,1
EVT:MAINTENANCE_INADEQUATE,INDUCED_CONDITION,COND:maintenance,2
EVT:MAINTENANCE_INADEQUATE,CAUSES,COND:maintenance,1
EVT:MAINTENANCE_INADEQUATE,CAUSES,EVT:LANDING_GEAR_ANOMALY,1
EVT:MAINTENANCE_INADEQUATE,CONTRIBUTES_TO,EVT:LANDING_GEAR_ANOMALY,1
EVT:MAINTENANCE_INADEQUATE,CAUSES,EVT:FUEL_SYSTEM_ANOMALY,2
EVT:MAINTENANCE_INADEQUATE,CAUSES,EVT:DECISION_INAPPROPRIATE,1
EVT:MAINTENANCE_INADEQUATE,CAUSES,EVT:ENGINE_FAILURE,1
EVT:MAINTENANCE_INADEQUATE,CONTRIBUTES_TO,EVT:ENGINE_FAILURE,4
EVT:MAINTENANCE_INADEQUATE,CAUSES,COND:latent_defect,6
EVT:MAINTENANCE_INADEQUATE,INDUCED_CONDITION,COND:latent_defect,1
EVT:MAINTENANCE_INADEQUATE,AFFECTS,ENT:component,2
EVT:MAINTENANCE_INADEQUATE,AFFECTED_BY,ENT:component,1
EVT:MAINTENANCE_INADEQUATE,RESPONDS_TO,ENT:aircraft,1
EVT:MAINTENANCE_INADEQUATE,CAUSES,EVT:MAINTENANCE_INADEQUATE,1
EVT:MAINTENANCE_INADEQUATE,PRECEDES,EVT:MAINTENANCE_INADEQUATE,1
EVT:MAINTENANCE_INADEQUATE,TRIGGERS,EVT:MAINTENANCE_INADEQUATE,1
EVT:MAINTENANCE_INADEQUATE,CONTRIBUTES_TO,EVT:INFLIGHT_FIRE_OR_SMOKE,2
EVT:MAINTENANCE_INADEQUATE,CONTRIBUTES_TO,EVT:CONTROL_INPUT_IMPROPER,1
EVT:MAINTENANCE_INADEQUATE,CAUSES,EVT:INSTRUMENT_OR_AVIONICS_FAILURE,1
EVT:MAINTENANCE_INADEQUATE,PRECEDES,EVT:TAKEOFF,1
EVT:MAINTENANCE_INADEQUATE,CAUSES,COND:latent,1
EVT:TERRAIN_OR_OBSTACLE_PROXIMITY,CAUSES,EVT:GROUND_IMPACT,219
EVT:TERRAIN_OR_OBSTACLE_PROXIMITY,PRECEDES,EVT:GROUND_IMPACT,1
EVT:TERRAIN_OR_OBSTACLE_PROXIMITY,CONTRIBUTES_TO,EVT:GROUND_IMPACT,1
EVT:TERRAIN_OR_OBSTACLE_PROXIMITY,CAUSES,EVT:LOSS_OF_CONTROL_GROUND,7
EVT:TERRAIN_OR_OBSTACLE_PROXIMITY,UNDER_CONDITION,COND:environmental,79
EVT:TERRAIN_OR_OBSTACLE_PROXIMITY,CAUSES,COND:environmental,3
EVT:TERRAIN_OR_OBSTACLE_PROXIMITY,CAUSES,EVT:TERRAIN_OR_OBSTACLE_PROXIMITY,13
EVT:TERRAIN_OR_OBSTACLE_PROXIMITY,CAUSES,EVT:INJURY_OR_FATALITY,11
EVT:TERRAIN_OR_OBSTACLE_PROXIMITY,CAUSES,EVT:CONTROL_INPUT_IMPROPER,1
EVT:TERRAIN_OR_OBSTACLE_PROXIMITY,TRIGGERS,EVT:CONTROL_INPUT_IMPROPER,7
EVT:TERRAIN_OR_OBSTACLE_PROXIMITY,RESPONDS_TO,EVT:CONTROL_INPUT_IMPROPER,2
EVT:TERRAIN_OR_OBSTACLE_PROXIMITY,CONCURRENT,EVT:CONTROL_INPUT_IMPROPER,3
EVT:TERRAIN_OR_OBSTACLE_PROXIMITY,PRECEDES,EVT:CONTROL_INPUT_IMPROPER,2
EVT:TERRAIN_OR_OBSTACLE_PROXIMITY,CONTRIBUTES_TO,EVT:CONTROL_INPUT_IMPROPER,1
EVT:TERRAIN_OR_OBSTACLE_PROXIMITY,UNDER_CONDITION,COND:weather,16
EVT:TERRAIN_OR_OBSTACLE_PROXIMITY,CAUSES,COND:weather,1
EVT:TERRAIN_OR_OBSTACLE_PROXIMITY,UNDER_CONDITION,COND:terrain,24
EVT:TERRAIN_OR_OBSTACLE_PROXIMITY,CAUSES,EVT:CONTROL_SURFACE_ANOMALY,3
EVT:TERRAIN_OR_OBSTACLE_PROXIMITY,CAUSES,EVT:LOSS_OF_CONTROL_INFLIGHT,16
EVT:TERRAIN_OR_OBSTACLE_PROXIMITY,PRECEDES,EVT:LOSS_OF_CONTROL_INFLIGHT,1
EVT:TERRAIN_OR_OBSTACLE_PROXIMITY,CAUSES,EVT:AIRFRAME_STRUCTURAL_FAILURE,34
EVT:TERRAIN_OR_OBSTACLE_PROXIMITY,CONCURRENT,EVT:ALTITUDE_DEVIATION_UNCONTROLLED,1
EVT:TERRAIN_OR_OBSTACLE_PROXIMITY,CONTRIBUTES_TO,EVT:ALTITUDE_DEVIATION_UNCONTROLLED,1
EVT:TERRAIN_OR_OBSTACLE_PROXIMITY,CAUSES,EVT:INFLIGHT_FIRE_OR_SMOKE,7
EVT:TERRAIN_OR_OBSTACLE_PROXIMITY,CONTRIBUTES_TO,EVT:DECISION_INAPPROPRIATE,1
EVT:TERRAIN_OR_OBSTACLE_PROXIMITY,TRIGGERS,EVT:DECISION_INAPPROPRIATE,4
EVT:TERRAIN_OR_OBSTACLE_PROXIMITY,RESPONDS_TO,EVT:DECISION_INAPPROPRIATE,1
EVT:TERRAIN_OR_OBSTACLE_PROXIMITY,CAUSES,EVT:SUCCESSFUL_RECOVERY,2
EVT:TERRAIN_OR_OBSTACLE_PROXIMITY,TRIGGERS,EVT:SUCCESSFUL_RECOVERY,1
EVT:TERRAIN_OR_OBSTACLE_PROXIMITY,CAUSES,EVT:TURBULENCE_ENCOUNTER,2
EVT:TERRAIN_OR_OBSTACLE_PROXIMITY,TRIGGERS,EVT:PERCEPTION_FAILURE,2
EVT:TERRAIN_OR_OBSTACLE_PROXIMITY,CONCURRENT,EVT:PERCEPTION_FAILURE,1
EVT:TERRAIN_OR_OBSTACLE_PROXIMITY,CAUSES,EVT:PERCEPTION_FAILURE,2
EVT:TERRAIN_OR_OBSTACLE_PROXIMITY,UNDER_CONDITION,EVT:PERCEPTION_FAILURE,1
EVT:TERRAIN_OR_OBSTACLE_PROXIMITY,CAUSES,EVT:GROUND_COLLISION,3
EVT:TERRAIN_OR_OBSTACLE_PROXIMITY,PRECEDES,EVT:ENGINE_FAILURE,1
EVT:TERRAIN_OR_OBSTACLE_PROXIMITY,CAUSES,EVT:LANDING_GEAR_ANOMALY,4
EVT:TERRAIN_OR_OBSTACLE_PROXIMITY,CONTRIBUTES_TO,EVT:PROCEDURE_NOT_FOLLOWED,1
EVT:TERRAIN_OR_OBSTACLE_PROXIMITY,RESPONDS_TO,EVT:PROCEDURE_NOT_FOLLOWED,1
EVT:TERRAIN_OR_OBSTACLE_PROXIMITY,CAUSES,EVT:PROCEDURE_NOT_FOLLOWED,1
EVT:TERRAIN_OR_OBSTACLE_PROXIMITY,TRIGGERS,EVT:PROCEDURE_NOT_FOLLOWED,1
EVT:TERRAIN_OR_OBSTACLE_PROXIMITY,CAUSES,EVT:EMERGENCY_LANDING,3
EVT:TERRAIN_OR_OBSTACLE_PROXIMITY,CAUSES,EVT:RUNWAY_EXCURSION_OR_OVERRUN,2
EVT:TERRAIN_OR_OBSTACLE_PROXIMITY,CONCURRENT,EVT:RUNWAY_EXCURSION_OR_OVERRUN,1
EVT:TERRAIN_OR_OBSTACLE_PROXIMITY,CAUSES,EVT:BIRD_OR_WILDLIFE_STRIKE,2
EVT:TERRAIN_OR_OBSTACLE_PROXIMITY,CAUSES,EVT:STRUCTURAL_OVERLOAD,2
EVT:TERRAIN_OR_OBSTACLE_PROXIMITY,CAUSES,EVT:INFLIGHT_BREAKUP,1
EVT:TERRAIN_OR_OBSTACLE_PROXIMITY,CO_OCCURS,COND:spatial,1
EVT:TERRAIN_OR_OBSTACLE_PROXIMITY,UNDER_CONDITION,COND:spatial,1
EVT:TERRAIN_OR_OBSTACLE_PROXIMITY,UNDER_CONDITION,COND:obstacle,1
EVT:TERRAIN_OR_OBSTACLE_PROXIMITY,CAUSES,EVT:MIDAIR_COLLISION,4
EVT:TERRAIN_OR_OBSTACLE_PROXIMITY,CONCURRENT,EVT:MIDAIR_COLLISION,1
EVT:TERRAIN_OR_OBSTACLE_PROXIMITY,UNDER_CONDITION,COND:other,1
EVT:TERRAIN_OR_OBSTACLE_PROXIMITY,PRECEDES,EVT:STALL,1
EVT:TERRAIN_OR_OBSTACLE_PROXIMITY,TRIGGERS,EVT:CREW_COORDINATION_FAILURE,1
EVT:TERRAIN_OR_OBSTACLE_PROXIMITY,ENABLES,EVT:WIND_SHEAR_OR_GUST,1
EVT:TERRAIN_OR_OBSTACLE_PROXIMITY,UNDER_CONDITION,COND:external_load,1
EVT:TERRAIN_OR_OBSTACLE_PROXIMITY,UNDER_CONDITION,COND:spatial_separation_loss,1
EVT:TERRAIN_OR_OBSTACLE_PROXIMITY,CAUSES,COND:cognitive,1
EVT:TERRAIN_OR_OBSTACLE_PROXIMITY,CAUSES,COND:mechanical,1
EVT:TERRAIN_OR_OBSTACLE_PROXIMITY,UNDER_CONDITION,COND:terrain_obstacle,1
EVT:TERRAIN_OR_OBSTACLE_PROXIMITY,CAUSES,COND:human_factor,1
EVT:TERRAIN_OR_OBSTACLE_PROXIMITY,UNDER_CONDITION,COND:infrastructure,1
COND:aerodynamic,CAUSES,EVT:CONTROL_INPUT_IMPROPER,19
COND:aerodynamic,CONTRIBUTES_TO,EVT:CONTROL_INPUT_IMPROPER,2
COND:aerodynamic,ENABLES,EVT:CONTROL_INPUT_IMPROPER,6
COND:aerodynamic,TRIGGERS,EVT:CONTROL_INPUT_IMPROPER,14
COND:aerodynamic,UNDER_CONDITION,EVT:CONTROL_INPUT_IMPROPER,8
COND:aerodynamic,RESPONDS_TO,EVT:CONTROL_INPUT_IMPROPER,4
COND:aerodynamic,IF_THEN,EVT:CONTROL_INPUT_IMPROPER,1
COND:aerodynamic,INHIBITS,EVT:CONTROL_INPUT_IMPROPER,1
COND:aerodynamic,CAUSES,EVT:STALL,52
COND:aerodynamic,UNDER_CONDITION,EVT:STALL,6
COND:aerodynamic,CONTRIBUTES_TO,EVT:STALL,2
COND:aerodynamic,CAUSES,EVT:GROUND_IMPACT,49
COND:aerodynamic,CONTRIBUTES_TO,EVT:GROUND_IMPACT,1
COND:aerodynamic,CAUSES,EVT:LOSS_OF_CONTROL_INFLIGHT,50
COND:aerodynamic,CONTRIBUTES_TO,EVT:LOSS_OF_CONTROL_INFLIGHT,2
COND:aerodynamic,INDUCED_CONDITION,EVT:LOSS_OF_CONTROL_INFLIGHT,1
COND:aerodynamic,INHIBITS,EVT:LOSS_OF_CONTROL_INFLIGHT,1
COND:aerodynamic,UNDER_CONDITION,EVT:LOSS_OF_CONTROL_INFLIGHT,2
COND:aerodynamic,CAUSES,EVT:DECISION_INAPPROPRIATE,10
COND:aerodynamic,TRIGGERS,EVT:DECISION_INAPPROPRIATE,2
COND:aerodynamic,UNDER_CONDITION,EVT:DECISION_INAPPROPRIATE,4
COND:aerodynamic,ENABLES,EVT:DECISION_INAPPROPRIATE,1
COND:aerodynamic,RESPONDS_TO,EVT:DECISION_INAPPROPRIATE,1
COND:aerodynamic,IF_THEN,EVT:DECISION_INAPPROPRIATE,1
COND:aerodynamic,CAUSES,EVT:LOSS_OF_CONTROL_GROUND,11
COND:aerodynamic,UNDER_CONDITION,EVT:LOSS_OF_CONTROL_GROUND,2
COND:aerodynamic,CONTRIBUTES_TO,EVT:LOSS_OF_CONTROL_GROUND,1
COND:aerodynamic,ENABLES,EVT:LOSS_OF_CONTROL_GROUND,1
COND:aerodynamic,ENABLES,EVT:PROCEDURE_NOT_FOLLOWED,3
COND:aerodynamic,CONTRIBUTES_TO,EVT:PROCEDURE_NOT_FOLLOWED,1
COND:aerodynamic,RESPONDS_TO,EVT:PROCEDURE_NOT_FOLLOWED,2
COND:aerodynamic,TRIGGERS,EVT:PROCEDURE_NOT_FOLLOWED,2
COND:aerodynamic,CAUSES,EVT:PROCEDURE_NOT_FOLLOWED,1
COND:aerodynamic,CAUSES,EVT:RUNWAY_EXCURSION_OR_OVERRUN,14
COND:aerodynamic,UNDER_CONDITION,EVT:RUNWAY_EXCURSION_OR_OVERRUN,1
COND:aerodynamic,CONTRIBUTES_TO,EVT:RUNWAY_EXCURSION_OR_OVERRUN,2
COND:aerodynamic,CAUSES,EVT:TERRAIN_OR_OBSTACLE_PROXIMITY,5
COND:aerodynamic,CONTRIBUTES_TO,EVT:TERRAIN_OR_OBSTACLE_PROXIMITY,1
COND:aerodynamic,CAUSES,EVT:ALTITUDE_DEVIATION_UNCONTROLLED,12
COND:aerodynamic,UNDER_CONDITION,EVT:ALTITUDE_DEVIATION_UNCONTROLLED,1
COND:aerodynamic,INDUCED_CONDITION,EVT:ALTITUDE_DEVIATION_UNCONTROLLED,1
COND:aerodynamic,CONTRIBUTES_TO,EVT:ALTITUDE_DEVIATION_UNCONTROLLED,1
COND:aerodynamic,MASKED_BY_CONDITION,COND:perceptual,1
COND:aerodynamic,ENABLES,EVT:TURBULENCE_ENCOUNTER,1
COND:aerodynamic,CAUSES,EVT:TURBULENCE_ENCOUNTER,2
COND:aerodynamic,CAUSES,EVT:INSTRUMENT_OR_AVIONICS_FAILURE,1
COND:aerodynamic,CAUSES,EVT:LANDING_GEAR_ANOMALY,2
COND:aerodynamic,ENABLES,COND:environmental,1
COND:aerodynamic,UNDER_CONDITION,COND:environmental,1
COND:aerodynamic,CAUSES,EVT:STRUCTURAL_OVERLOAD,1
COND:aerodynamic,CAUSES,COND:mechanical,1
COND:aerodynamic,UNDER_CONDITION,EVT:PERCEPTION_FAILURE,1
COND:aerodynamic,DETECTS,EVT:PERCEPTION_FAILURE,1
COND:aerodynamic,CAUSES,EVT:CREW_COORDINATION_FAILURE,1
COND:aerodynamic,CAUSES,COND:aerodynamic,3
COND:aerodynamic,CAUSES,EVT:AIRFRAME_STRUCTURAL_FAILURE,2
COND:aerodynamic,CAUSES,EVT:CONTROL_SURFACE_ANOMALY,1
COND:aerodynamic,CAUSES,EVT:GROUND_LOOP,1
COND:configuration,CONTRIBUTES_TO,EVT:CONTROL_INPUT_IMPROPER,3
COND:configuration,ENABLES,EVT:CONTROL_INPUT_IMPROPER,1
COND:configuration,CONTRIBUTES_TO,COND:aerodynamic,2
COND:configuration,CAUSES,COND:aerodynamic,3
COND:configuration,CONTRIBUTES_TO,EVT:STALL,2
COND:configuration,CAUSES,EVT:LOSS_OF_CONTROL_INFLIGHT,2
COND:configuration,CAUSES,EVT:RUNWAY_EXCURSION_OR_OVERRUN,2
COND:configuration,CONTRIBUTES_TO,EVT:WIND_SHEAR_OR_GUST,1
COND:configuration,ENABLES,EVT:GROUND_IMPACT,1
COND:configuration,CONTRIBUTES_TO,COND:mechanical,1
COND:configuration,CAUSES,EVT:INSTRUMENT_OR_AVIONICS_FAILURE,1
COND:organizational,CAUSES,COND:mechanical,47
COND:organizational,CONTRIBUTES_TO,COND:mechanical,12
COND:organizational,ENABLES,COND:mechanical,8
COND:organizational,INHIBITS,COND:mechanical,1
COND:organizational,CAUSES,COND:environmental,5
COND:organizational,CONTRIBUTES_TO,EVT:CONTROL_INPUT_IMPROPER,12
COND:organizational,ENABLES,EVT:CONTROL_INPUT_IMPROPER,2
COND:organizational,CAUSES,EVT:CONTROL_INPUT_IMPROPER,3
COND:organizational,CAUSES,COND:training,1
COND:organizational,CONTRIBUTES_TO,EVT:PERCEPTION_FAILURE,11
COND:organizational,CAUSES,EVT:PERCEPTION_FAILURE,2
COND:organizational,ENABLES,EVT:PERCEPTION_FAILURE,1
COND:organizational,CAUSES,EVT:MAINTENANCE_INADEQUATE,10
COND:organizational,CONTRIBUTES_TO,EVT:MAINTENANCE_INADEQUATE,5
COND:organizational,ENABLES,EVT:MAINTENANCE_INADEQUATE,3
COND:organizational,CONTRIBUTES_TO,EVT:INJURY_OR_FATALITY,1
COND:organizational,INHIBITS,EVT:INJURY_OR_FATALITY,2
COND:organizational,ENABLES,COND:organizational,1
COND:organizational,CONTRIBUTES_TO,COND:organizational,3
COND:organizational,ENABLES,EVT:LOSS_OF_CONTROL_GROUND,1
COND:organizational,CONTRIBUTES_TO,EVT:LOSS_OF_CONTROL_GROUND,1
COND:organizational,CONTRIBUTES_TO,EVT:PROCEDURE_NOT_FOLLOWED,18
COND:organizational,ENABLES,EVT:PROCEDURE_NOT_FOLLOWED,5
COND:organizational,INHIBITS,EVT:PROCEDURE_NOT_FOLLOWED,2
COND:organizational,CAUSES,EVT:PROCEDURE_NOT_FOLLOWED,11
COND:organizational,UNDER_CONDITION,EVT:PROCEDURE_NOT_FOLLOWED,2
COND:organizational,CONTRIBUTES_TO,COND:operational,1
COND:organizational,CONTRIBUTES_TO,EVT:CREW_COORDINATION_FAILURE,1
COND:organizational,INHIBITS,EVT:CREW_COORDINATION_FAILURE,1
COND:organizational,CAUSES,EVT:CREW_COORDINATION_FAILURE,1
COND:organizational,SUPERVISED_BY,ENT:person,1
COND:organizational,UNDER_CONDITION,ENT:person,5
COND:organizational,CAUSES,ENT:person,1
COND:organizational,ENABLES,ENT:person,1
COND:organizational,CAUSES,EVT:GROUND_PERSONNEL_ERROR,4
COND:organizational,ENABLES,EVT:GROUND_PERSONNEL_ERROR,2
COND:organizational,CONTRIBUTES_TO,EVT:GROUND_PERSONNEL_ERROR,3
COND:organizational,CONTRIBUTES_TO,EVT:WIND_SHEAR_OR_GUST,3
COND:organizational,CONTRIBUTES_TO,EVT:DECISION_INAPPROPRIATE,11
COND:organizational,UNDER_CONDITION,EVT:DECISION_INAPPROPRIATE,2
COND:organizational,CAUSES,EVT:DECISION_INAPPROPRIATE,2
COND:organizational,ENABLES,EVT:DECISION_INAPPROPRIATE,1
COND:organizational,CONTRIBUTES_TO,COND:cognitive,1
COND:organizational,CONTRIBUTES_TO,EVT:LOSS_OF_CONTROL_INFLIGHT,3
COND:organizational,CONTRIBUTES_TO,EVT:ENGINE_FAILURE,4
COND:organizational,ENABLES,EVT:LOW_VISIBILITY_OR_IMC,1
COND:organizational,CONTRIBUTES_TO,EVT:GROUND_IMPACT,2
COND:organizational,ENABLES,EVT:GROUND_IMPACT,2
COND:organizational,CAUSES,EVT:ORG_OR_REGULATORY_INADEQUATE,2
COND:organizational,CAUSES,EVT:ATC_OR_DISPATCH_INADEQUATE,1
COND:organizational,CONTRIBUTES_TO,EVT:ATC_OR_DISPATCH_INADEQUATE,1
COND:organizational,INHIBITS,EVT:ATC_OR_DISPATCH_INADEQUATE,1
COND:organizational,CONTRIBUTES_TO,EVT:RUNWAY_EXCURSION_OR_OVERRUN,2
COND:organizational,ENABLES,EVT:RUNWAY_EXCURSION_OR_OVERRUN,1
COND:organizational,CONTRIBUTES_TO,EVT:INFLIGHT_FIRE_OR_SMOKE,1
COND:organizational,ENABLES,EVT:AIRFRAME_STRUCTURAL_FAILURE,1
COND:organizational,INHIBITS,EVT:AIRFRAME_STRUCTURAL_FAILURE,1
COND:organizational,CONTRIBUTES_TO,EVT:EMERGENCY_LANDING,1
COND:organizational,CONTRIBUTES_TO,EVT:CONTROL_SURFACE_ANOMALY,1
COND:organizational,ENABLES,EVT:CONTROL_SURFACE_ANOMALY,1
COND:organizational,CONTRIBUTES_TO,EVT:TERRAIN_OR_OBSTACLE_PROXIMITY,1
COND:organizational,ENABLES,EVT:TERRAIN_OR_OBSTACLE_PROXIMITY,1
COND:organizational,UNDER_CONDITION,EVT:TRAINING_OR_CURRENCY_GAP,1
COND:organizational,CAUSES,EVT:TRAINING_OR_CURRENCY_GAP,3
COND:organizational,ENABLES,EVT:TRAINING_OR_CURRENCY_GAP,1
COND:organizational,CAUSES,COND:procedural,2
COND:organizational,CONTRIBUTES_TO,COND:procedural,1
COND:organizational,CAUSES,COND:weather,1
COND:organizational,UNDER_CONDITION,ENT:aircraft,5
COND:organizational,SUPERVISED_BY,ENT:aircraft,1
COND:organizational,CONTRIBUTES_TO,COND:human_factors,1
COND:organizational,CONTRIBUTES_TO,EVT:GROUND_COLLISION,1
COND:organizational,ENABLES,EVT:PILOT_INCAPACITATION_OR_IMPAIRMENT,1
COND:organizational,CONTRIBUTES_TO,EVT:GROUND_DAMAGE,1
COND:organizational,CAUSES,EVT:BIRD_OR_WILDLIFE_STRIKE,1
COND:organizational,ENABLES,EVT:GROUND_MOVEMENT,1
COND:knowledge,CAUSES,EVT:PROCEDURE_NOT_FOLLOWED,6
COND:knowledge,CONTRIBUTES_TO,EVT:PROCEDURE_NOT_FOLLOWED,1
COND:knowledge,CAUSES,EVT:DECISION_INAPPROPRIATE,8
COND:knowledge,CAUSES,EVT:CONTROL_INPUT_IMPROPER,7
COND:knowledge,CONTRIBUTES_TO,EVT:CONTROL_INPUT_IMPROPER,4
COND:knowledge,UNDER_CONDITION,EVT:CONTROL_INPUT_IMPROPER,1
COND:knowledge,CAUSES,EVT:ORG_OR_REGULATORY_INADEQUATE,1
COND:knowledge,CONTRIBUTES_TO,EVT:TERRAIN_OR_OBSTACLE_PROXIMITY,1
COND:knowledge,ENABLES,EVT:TERRAIN_OR_OBSTACLE_PROXIMITY,1
COND:knowledge,CAUSES,EVT:PERCEPTION_FAILURE,1
COND:knowledge,UNDER_CONDITION,EVT:PERCEPTION_FAILURE,1
COND:knowledge,CAUSES,COND:knowledge,1
COND:knowledge,CONTRIBUTES_TO,COND:mechanical,1
COND:knowledge,CONTRIBUTES_TO,EVT:LOSS_OF_CONTROL_INFLIGHT,1
COND:knowledge,CAUSES,EVT:LOSS_OF_CONTROL_GROUND,1
COND:proximity,CAUSES,EVT:TCAS_RA,1
EVT:TCAS_RA,TRIGGERS,EVT:TCAS_RA,1
EVT:TCAS_RA,RESPONDS_TO,EVT:CONTROL_INPUT_IMPROPER,1
EVT:TCAS_RA,UNDER_CONDITION,COND:proximity,1
EVT:STRUCTURAL_OVERLOAD,CAUSES,EVT:INJURY_OR_FATALITY,17
EVT:STRUCTURAL_OVERLOAD,CONTRIBUTES_TO,EVT:INJURY_OR_FATALITY,1
EVT:STRUCTURAL_OVERLOAD,PRECEDES,EVT:GROUND_IMPACT,1
EVT:STRUCTURAL_OVERLOAD,CAUSES,EVT:GROUND_IMPACT,39
EVT:STRUCTURAL_OVERLOAD,CONTRIBUTES_TO,EVT:GROUND_IMPACT,1
EVT:STRUCTURAL_OVERLOAD,RESPONDS_TO,EVT:EMERGENCY_LANDING,1
EVT:STRUCTURAL_OVERLOAD,INDUCED_CONDITION,COND:structural,1
EVT:STRUCTURAL_OVERLOAD,CAUSES,EVT:LOSS_OF_CONTROL_INFLIGHT,6
EVT:STRUCTURAL_OVERLOAD,CAUSES,EVT:RUNWAY_EXCURSION_OR_OVERRUN,6
EVT:STRUCTURAL_OVERLOAD,CAUSES,ENT:aircraft,4
EVT:STRUCTURAL_OVERLOAD,CAUSES,EVT:INFLIGHT_FIRE_OR_SMOKE,3
EVT:STRUCTURAL_OVERLOAD,CAUSES,EVT:INFLIGHT_BREAKUP,5
EVT:STRUCTURAL_OVERLOAD,CAUSES,EVT:AIRFRAME_STRUCTURAL_FAILURE,9
EVT:STRUCTURAL_OVERLOAD,CAUSES,COND:mechanical,2
EVT:STRUCTURAL_OVERLOAD,INDUCED_CONDITION,COND:mechanical,6
EVT:STRUCTURAL_OVERLOAD,RESPONDS_TO,EVT:PROCEDURE_NOT_FOLLOWED,2
EVT:STRUCTURAL_OVERLOAD,CAUSES,EVT:PROCEDURE_NOT_FOLLOWED,1
EVT:STRUCTURAL_OVERLOAD,CONCURRENT,EVT:SUCCESSFUL_RECOVERY,1
EVT:STRUCTURAL_OVERLOAD,TRIGGERS,EVT:DECISION_INAPPROPRIATE,1
EVT:STRUCTURAL_OVERLOAD,CAUSES,EVT:STALL,1
EVT:STRUCTURAL_OVERLOAD,RESPONDS_TO,EVT:CONTROL_INPUT_IMPROPER,1
EVT:STRUCTURAL_OVERLOAD,CAUSES,EVT:ENGINE_FAILURE,1
EVT:STRUCTURAL_OVERLOAD,UNDER_CONDITION,COND:terrain,1
EVT:STRUCTURAL_OVERLOAD,UNDER_CONDITION,COND:surface,1
EVT:STRUCTURAL_OVERLOAD,CONCURRENT,EVT:TERRAIN_OR_OBSTACLE_PROXIMITY,1
EVT:STRUCTURAL_OVERLOAD,INDUCED_CONDITION,COND:aerodynamic,1
EVT:RUNWAY_EXCURSION_OR_OVERRUN,CAUSES,EVT:GROUND_IMPACT,419
EVT:RUNWAY_EXCURSION_OR_OVERRUN,CONCURRENT,EVT:GROUND_IMPACT,4
EVT:RUNWAY_EXCURSION_OR_OVERRUN,PRECEDES,EVT:GROUND_IMPACT,1
EVT:RUNWAY_EXCURSION_OR_OVERRUN,CONTRIBUTES_TO,EVT:GROUND_IMPACT,2
EVT:RUNWAY_EXCURSION_OR_OVERRUN,TRIGGERS,EVT:LANDING_GEAR_ANOMALY,5
EVT:RUNWAY_EXCURSION_OR_OVERRUN,CAUSES,EVT:LANDING_GEAR_ANOMALY,56
EVT:RUNWAY_EXCURSION_OR_OVERRUN,CONCURRENT,EVT:LANDING_GEAR_ANOMALY,1
EVT:RUNWAY_EXCURSION_OR_OVERRUN,UNDER_CONDITION,EVT:LANDING_GEAR_ANOMALY,1
EVT:RUNWAY_EXCURSION_OR_OVERRUN,CONTRIBUTES_TO,EVT:LANDING_GEAR_ANOMALY,2
EVT:RUNWAY_EXCURSION_OR_OVERRUN,PRECEDES,EVT:LANDING_GEAR_ANOMALY,1
EVT:RUNWAY_EXCURSION_OR_OVERRUN,CAUSES,EVT:STRUCTURAL_OVERLOAD,30
EVT:RUNWAY_EXCURSION_OR_OVERRUN,TRIGGERS,EVT:STRUCTURAL_OVERLOAD,1
EVT:RUNWAY_EXCURSION_OR_OVERRUN,UNDER_CONDITION,COND:surface,4
EVT:RUNWAY_EXCURSION_OR_OVERRUN,TRIGGERS,EVT:CONTROL_INPUT_IMPROPER,30
EVT:RUNWAY_EXCURSION_OR_OVERRUN,CONCURRENT,EVT:CONTROL_INPUT_IMPROPER,2
EVT:RUNWAY_EXCURSION_OR_OVERRUN,CONTRIBUTES_TO,EVT:CONTROL_INPUT_IMPROPER,1
EVT:RUNWAY_EXCURSION_OR_OVERRUN,CAUSES,EVT:CONTROL_INPUT_IMPROPER,13
EVT:RUNWAY_EXCURSION_OR_OVERRUN,RESPONDS_TO,EVT:CONTROL_INPUT_IMPROPER,33
EVT:RUNWAY_EXCURSION_OR_OVERRUN,PRECEDES,EVT:CONTROL_INPUT_IMPROPER,7
EVT:RUNWAY_EXCURSION_OR_OVERRUN,UNDER_CONDITION,COND:environmental,104
EVT:RUNWAY_EXCURSION_OR_OVERRUN,INDUCED_CONDITION,COND:environmental,1
EVT:RUNWAY_EXCURSION_OR_OVERRUN,CAUSES,EVT:LOSS_OF_CONTROL_GROUND,47
EVT:RUNWAY_EXCURSION_OR_OVERRUN,TRIGGERS,EVT:LOSS_OF_CONTROL_GROUND,1
EVT:RUNWAY_EXCURSION_OR_OVERRUN,CONCURRENT,EVT:LOSS_OF_CONTROL_GROUND,2
EVT:RUNWAY_EXCURSION_OR_OVERRUN,CAUSES,EVT:INJURY_OR_FATALITY,9
EVT:RUNWAY_EXCURSION_OR_OVERRUN,CONTRIBUTES_TO,EVT:INJURY_OR_FATALITY,1
EVT:RUNWAY_EXCURSION_OR_OVERRUN,CAUSES,EVT:RUNWAY_EXCURSION_OR_OVERRUN,74
EVT:RUNWAY_EXCURSION_OR_OVERRUN,CONTRIBUTES_TO,EVT:RUNWAY_EXCURSION_OR_OVERRUN,1
EVT:RUNWAY_EXCURSION_OR_OVERRUN,CONCURRENT,EVT:RUNWAY_EXCURSION_OR_OVERRUN,2
EVT:RUNWAY_EXCURSION_OR_OVERRUN,CO_OCCURS,EVT:RUNWAY_EXCURSION_OR_OVERRUN,1
EVT:RUNWAY_EXCURSION_OR_OVERRUN,UNDER_CONDITION,COND:weather,31
EVT:RUNWAY_EXCURSION_OR_OVERRUN,INDUCED_CONDITION,COND:weather,1
EVT:RUNWAY_EXCURSION_OR_OVERRUN,CAUSES,EVT:INFLIGHT_FIRE_OR_SMOKE,5
EVT:RUNWAY_EXCURSION_OR_OVERRUN,CONCURRENT,EVT:INFLIGHT_FIRE_OR_SMOKE,1
EVT:RUNWAY_EXCURSION_OR_OVERRUN,TRIGGERS,EVT:CONTROL_SURFACE_ANOMALY,1
EVT:RUNWAY_EXCURSION_OR_OVERRUN,CAUSES,EVT:CONTROL_SURFACE_ANOMALY,2
EVT:RUNWAY_EXCURSION_OR_OVERRUN,RESPONDS_TO,EVT:SUCCESSFUL_RECOVERY,2
EVT:RUNWAY_EXCURSION_OR_OVERRUN,TRIGGERS,EVT:SUCCESSFUL_RECOVERY,5
EVT:RUNWAY_EXCURSION_OR_OVERRUN,CAUSES,EVT:SUCCESSFUL_RECOVERY,7
EVT:RUNWAY_EXCURSION_OR_OVERRUN,CONCURRENT,EVT:SUCCESSFUL_RECOVERY,1
EVT:RUNWAY_EXCURSION_OR_OVERRUN,CAUSES,EVT:AIRFRAME_STRUCTURAL_FAILURE,32
EVT:RUNWAY_EXCURSION_OR_OVERRUN,CONCURRENT,EVT:AIRFRAME_STRUCTURAL_FAILURE,1
EVT:RUNWAY_EXCURSION_OR_OVERRUN,CAUSES,EVT:WIND_SHEAR_OR_GUST,1
EVT:RUNWAY_EXCURSION_OR_OVERRUN,CONCURRENT,EVT:WIND_SHEAR_OR_GUST,2
EVT:RUNWAY_EXCURSION_OR_OVERRUN,PRECEDES,EVT:WIND_SHEAR_OR_GUST,1
EVT:RUNWAY_EXCURSION_OR_OVERRUN,CAUSES,EVT:TERRAIN_OR_OBSTACLE_PROXIMITY,7
EVT:RUNWAY_EXCURSION_OR_OVERRUN,TRIGGERS,EVT:TERRAIN_OR_OBSTACLE_PROXIMITY,1
EVT:RUNWAY_EXCURSION_OR_OVERRUN,RESPONDS_TO,EVT:DECISION_INAPPROPRIATE,6
EVT:RUNWAY_EXCURSION_OR_OVERRUN,TRIGGERS,EVT:DECISION_INAPPROPRIATE,15
EVT:RUNWAY_EXCURSION_OR_OVERRUN,CAUSES,EVT:DECISION_INAPPROPRIATE,2
EVT:RUNWAY_EXCURSION_OR_OVERRUN,CAUSES,EVT:MIDAIR_COLLISION,3
EVT:RUNWAY_EXCURSION_OR_OVERRUN,ENABLES,EVT:MIDAIR_COLLISION,1
EVT:RUNWAY_EXCURSION_OR_OVERRUN,CONCURRENT,EVT:MIDAIR_COLLISION,1
EVT:RUNWAY_EXCURSION_OR_OVERRUN,PRECEDES,EVT:LOSS_OF_CONTROL_INFLIGHT,2
EVT:RUNWAY_EXCURSION_OR_OVERRUN,CAUSES,EVT:LOSS_OF_CONTROL_INFLIGHT,1
EVT:RUNWAY_EXCURSION_OR_OVERRUN,TRIGGERS,EVT:LOSS_OF_CONTROL_INFLIGHT,1
EVT:RUNWAY_EXCURSION_OR_OVERRUN,CAUSES,COND:mechanical,6
EVT:RUNWAY_EXCURSION_OR_OVERRUN,UNDER_CONDITION,COND:mechanical,14
EVT:RUNWAY_EXCURSION_OR_OVERRUN,INDUCED_CONDITION,COND:mechanical,8
EVT:RUNWAY_EXCURSION_OR_OVERRUN,INDUCED_CONDITION,COND:spatial,1
EVT:RUNWAY_EXCURSION_OR_OVERRUN,UNDER_CONDITION,COND:terrain,12
EVT:RUNWAY_EXCURSION_OR_OVERRUN,AFFECTED_BY,ENT:aircraft,1
EVT:RUNWAY_EXCURSION_OR_OVERRUN,UNDER_CONDITION,ENT:aircraft,1
EVT:RUNWAY_EXCURSION_OR_OVERRUN,CAUSES,ENT:aircraft,1
EVT:RUNWAY_EXCURSION_OR_OVERRUN,UNDER_CONDITION,COND:location,1
EVT:RUNWAY_EXCURSION_OR_OVERRUN,CO_OCCURS,ENT:location,1
EVT:RUNWAY_EXCURSION_OR_OVERRUN,UNDER_CONDITION,ENT:location,4
EVT:RUNWAY_EXCURSION_OR_OVERRUN,UNDER_CONDITION,COND:aerodynamic,1
EVT:RUNWAY_EXCURSION_OR_OVERRUN,INDUCED_CONDITION,COND:aerodynamic,3
EVT:RUNWAY_EXCURSION_OR_OVERRUN,CAUSES,EVT:WATER_IMPACT,3
EVT:RUNWAY_EXCURSION_OR_OVERRUN,INDUCED_CONDITION,COND:position,1
EVT:RUNWAY_EXCURSION_OR_OVERRUN,CAUSES,EVT:ORG_OR_REGULATORY_INADEQUATE,1
EVT:RUNWAY_EXCURSION_OR_OVERRUN,TRIGGERS,EVT:PROCEDURE_NOT_FOLLOWED,18
EVT:RUNWAY_EXCURSION_OR_OVERRUN,RESPONDS_TO,EVT:PROCEDURE_NOT_FOLLOWED,6
EVT:RUNWAY_EXCURSION_OR_OVERRUN,PRECEDES,EVT:PROCEDURE_NOT_FOLLOWED,2
EVT:RUNWAY_EXCURSION_OR_OVERRUN,CAUSES,EVT:PROCEDURE_NOT_FOLLOWED,2
EVT:RUNWAY_EXCURSION_OR_OVERRUN,CONTRIBUTES_TO,COND:human_factor,1
EVT:RUNWAY_EXCURSION_OR_OVERRUN,UNDER_CONDITION,COND:runway,1
EVT:RUNWAY_EXCURSION_OR_OVERRUN,UNDER_CONDITION,COND:infrastructure,1
EVT:RUNWAY_EXCURSION_OR_OVERRUN,CAUSES,EVT:RUNWAY_CONDITION_HAZARD,1
EVT:RUNWAY_EXCURSION_OR_OVERRUN,CONTRIBUTES_TO,EVT:RUNWAY_CONDITION_HAZARD,1
EVT:RUNWAY_EXCURSION_OR_OVERRUN,INDUCED_CONDITION,COND:physical_state,1
EVT:RUNWAY_EXCURSION_OR_OVERRUN,ENABLES,EVT:PERCEPTION_FAILURE,1
EVT:RUNWAY_EXCURSION_OR_OVERRUN,PRECEDES,EVT:PERCEPTION_FAILURE,2
EVT:RUNWAY_EXCURSION_OR_OVERRUN,CAUSES,EVT:GROUND_DAMAGE,2
EVT:RUNWAY_EXCURSION_OR_OVERRUN,MASKED_BY_CONDITION,COND:visual,1
EVT:RUNWAY_EXCURSION_OR_OVERRUN,CAUSES,EVT:GROUND_INCIDENT,1
EVT:RUNWAY_EXCURSION_OR_OVERRUN,CAUSES,EVT:ALTITUDE_DEVIATION_UNCONTROLLED,1
EVT:RUNWAY_EXCURSION_OR_OVERRUN,CAUSES,EVT:EMERGENCY_LANDING,3
EVT:RUNWAY_EXCURSION_OR_OVERRUN,PRECEDES,EVT:EMERGENCY_LANDING,1
EVT:RUNWAY_EXCURSION_OR_OVERRUN,UNDER_CONDITION,COND:infrastructure_defect,1
EVT:RUNWAY_EXCURSION_OR_OVERRUN,INDUCED_CONDITION,COND:aircraft_state,1
EVT:RUNWAY_EXCURSION_OR_OVERRUN,CONCURRENT,EVT:ENGINE_FAILURE,1
EVT:RUNWAY_EXCURSION_OR_OVERRUN,CAUSES,EVT:GROUND_COLLISION,1
EVT:RUNWAY_EXCURSION_OR_OVERRUN,PRECEDES,EVT:GROUND_MOVEMENT,1
EVT:ICING_ENCOUNTER,INDUCED_CONDITION,COND:situational_awareness,1
EVT:ICING_ENCOUNTER,UNDER_CONDITION,COND:weather,22
EVT:ICING_ENCOUNTER,CAUSES,COND:weather,1
EVT:ICING_ENCOUNTER,RESPONDS_TO,EVT:DECISION_INAPPROPRIATE,3
EVT:ICING_ENCOUNTER,CAUSES,EVT:DECISION_INAPPROPRIATE,3
EVT:ICING_ENCOUNTER,INDUCED_CONDITION,COND:aerodynamic,2
EVT:ICING_ENCOUNTER,RESPONDS_TO,EVT:CONTROL_INPUT_IMPROPER,1
EVT:ICING_ENCOUNTER,INDUCED_CONDITION,COND:mechanical,5
EVT:ICING_ENCOUNTER,CAUSES,COND:mechanical,3
EVT:ICING_ENCOUNTER,CAUSES,EVT:STALL,2
EVT:ICING_ENCOUNTER,CAUSES,EVT:ENGINE_FAILURE,2
EVT:ICING_ENCOUNTER,CONTRIBUTES_TO,COND:operational,1
EVT:ICING_ENCOUNTER,CAUSES,EVT:ICING_ENCOUNTER,1
EVT:ICING_ENCOUNTER,CAUSES,EVT:LOSS_OF_CONTROL_INFLIGHT,2
EVT:ICING_ENCOUNTER,CAUSES,COND:physiological,1
EVT:ICING_ENCOUNTER,CAUSES,EVT:SPATIAL_DISORIENTATION,1
COND:situational_awareness,CAUSES,EVT:LOSS_OF_CONTROL_INFLIGHT,2
COND:situational_awareness,CAUSES,EVT:MIDAIR_COLLISION,2
COND:situational_awareness,CAUSES,EVT:PROCEDURE_NOT_FOLLOWED,2
COND:situational_awareness,CONTRIBUTES_TO,EVT:PROCEDURE_NOT_FOLLOWED,1
COND:situational_awareness,CONTRIBUTES_TO,EVT:CONTROL_INPUT_IMPROPER,3
COND:situational_awareness,CAUSES,EVT:CONTROL_INPUT_IMPROPER,6
COND:situational_awareness,TRIGGERS,EVT:CONTROL_INPUT_IMPROPER,2
COND:situational_awareness,INHIBITS,EVT:CONTROL_INPUT_IMPROPER,1
COND:situational_awareness,ENABLES,EVT:CONTROL_INPUT_IMPROPER,1
COND:situational_awareness,CAUSES,EVT:DECISION_INAPPROPRIATE,2
COND:situational_awareness,ENABLES,EVT:DECISION_INAPPROPRIATE,1
COND:situational_awareness,UNDER_CONDITION,EVT:DECISION_INAPPROPRIATE,1
COND:situational_awareness,CAUSES,EVT:PERCEPTION_FAILURE,6
COND:situational_awareness,UNDER_CONDITION,EVT:PERCEPTION_FAILURE,1
COND:situational_awareness,CAUSES,EVT:GROUND_COLLISION,1
COND:situational_awareness,CONTRIBUTES_TO,EVT:GROUND_COLLISION,1
COND:situational_awareness,CAUSES,EVT:GROUND_PERSONNEL_ERROR,1
COND:situational_awareness,CONTRIBUTES_TO,EVT:GROUND_PERSONNEL_ERROR,1
COND:situational_awareness,CAUSES,EVT:WATER_IMPACT,1
COND:situational_awareness,CAUSES,EVT:ALTITUDE_DEVIATION_UNCONTROLLED,1
COND:situational_awareness,CAUSES,EVT:TERRAIN_OR_OBSTACLE_PROXIMITY,1
COND:situational_awareness,ENABLES,EVT:RUNWAY_EXCURSION_OR_OVERRUN,1
COND:situational_awareness,CAUSES,EVT:RUNWAY_EXCURSION_OR_OVERRUN,1
EVT:ALTITUDE_DEVIATION_UNCONTROLLED,CAUSES,EVT:GROUND_IMPACT,93
EVT:ALTITUDE_DEVIATION_UNCONTROLLED,CONTRIBUTES_TO,EVT:GROUND_IMPACT,1
EVT:ALTITUDE_DEVIATION_UNCONTROLLED,UNDER_CONDITION,COND:weather,11
EVT:ALTITUDE_DEVIATION_UNCONTROLLED,CAUSES,EVT:STALL,5
EVT:ALTITUDE_DEVIATION_UNCONTROLLED,UNDER_CONDITION,COND:aerodynamic,2
EVT:ALTITUDE_DEVIATION_UNCONTROLLED,INDUCED_CONDITION,COND:aerodynamic,12
EVT:ALTITUDE_DEVIATION_UNCONTROLLED,CAUSES,COND:aerodynamic,2
EVT:ALTITUDE_DEVIATION_UNCONTROLLED,CAUSES,EVT:EMERGENCY_LANDING,5
EVT:ALTITUDE_DEVIATION_UNCONTROLLED,TRIGGERS,EVT:EMERGENCY_LANDING,1
EVT:ALTITUDE_DEVIATION_UNCONTROLLED,UNDER_CONDITION,COND:terrain,10
EVT:ALTITUDE_DEVIATION_UNCONTROLLED,CAUSES,EVT:TERRAIN_OR_OBSTACLE_PROXIMITY,23
EVT:ALTITUDE_DEVIATION_UNCONTROLLED,CONTRIBUTES_TO,EVT:TERRAIN_OR_OBSTACLE_PROXIMITY,1
EVT:ALTITUDE_DEVIATION_UNCONTROLLED,UNDER_CONDITION,COND:unknown,1
EVT:ALTITUDE_DEVIATION_UNCONTROLLED,INDUCED_CONDITION,COND:environmental,2
EVT:ALTITUDE_DEVIATION_UNCONTROLLED,UNDER_CONDITION,COND:environmental,18
EVT:ALTITUDE_DEVIATION_UNCONTROLLED,RESPONDS_TO,EVT:CONTROL_INPUT_IMPROPER,9
EVT:ALTITUDE_DEVIATION_UNCONTROLLED,TRIGGERS,EVT:CONTROL_INPUT_IMPROPER,10
EVT:ALTITUDE_DEVIATION_UNCONTROLLED,CAUSES,EVT:CONTROL_INPUT_IMPROPER,5
EVT:ALTITUDE_DEVIATION_UNCONTROLLED,CONTRIBUTES_TO,EVT:CONTROL_INPUT_IMPROPER,2
EVT:ALTITUDE_DEVIATION_UNCONTROLLED,CONCURRENT,EVT:CONTROL_INPUT_IMPROPER,2
EVT:ALTITUDE_DEVIATION_UNCONTROLLED,UNDER_CONDITION,COND:location,1
EVT:ALTITUDE_DEVIATION_UNCONTROLLED,CAUSES,EVT:AUTOMATION_ANOMALY,1
EVT:ALTITUDE_DEVIATION_UNCONTROLLED,CAUSES,EVT:INFLIGHT_BREAKUP,2
EVT:ALTITUDE_DEVIATION_UNCONTROLLED,CONCURRENT,EVT:INJURY_OR_FATALITY,1
EVT:ALTITUDE_DEVIATION_UNCONTROLLED,CAUSES,EVT:DECISION_INAPPROPRIATE,8
EVT:ALTITUDE_DEVIATION_UNCONTROLLED,TRIGGERS,EVT:DECISION_INAPPROPRIATE,7
EVT:ALTITUDE_DEVIATION_UNCONTROLLED,RESPONDS_TO,EVT:DECISION_INAPPROPRIATE,6
EVT:ALTITUDE_DEVIATION_UNCONTROLLED,CONCURRENT,EVT:DECISION_INAPPROPRIATE,1
EVT:ALTITUDE_DEVIATION_UNCONTROLLED,CONTRIBUTES_TO,EVT:SPATIAL_DISORIENTATION,1
EVT:ALTITUDE_DEVIATION_UNCONTROLLED,CAUSES,EVT:LANDING_GEAR_ANOMALY,1
EVT:ALTITUDE_DEVIATION_UNCONTROLLED,CAUSES,EVT:RUNWAY_EXCURSION_OR_OVERRUN,10
EVT:ALTITUDE_DEVIATION_UNCONTROLLED,CONTRIBUTES_TO,EVT:ALTITUDE_DEVIATION_UNCONTROLLED,1
EVT:ALTITUDE_DEVIATION_UNCONTROLLED,CAUSES,EVT:LOSS_OF_CONTROL_INFLIGHT,6
EVT:ALTITUDE_DEVIATION_UNCONTROLLED,CAUSES,EVT:PROCEDURE_NOT_FOLLOWED,2
EVT:ALTITUDE_DEVIATION_UNCONTROLLED,TRIGGERS,EVT:PROCEDURE_NOT_FOLLOWED,1
EVT:ALTITUDE_DEVIATION_UNCONTROLLED,CAUSES,EVT:WATER_IMPACT,5
EVT:ALTITUDE_DEVIATION_UNCONTROLLED,CAUSES,EVT:LOSS_OF_CONTROL_GROUND,3
EVT:ALTITUDE_DEVIATION_UNCONTROLLED,CAUSES,COND:other,1
EVT:ALTITUDE_DEVIATION_UNCONTROLLED,CAUSES,EVT:PERCEPTION_FAILURE,4
EVT:ALTITUDE_DEVIATION_UNCONTROLLED,TRIGGERS,EVT:PERCEPTION_FAILURE,1
EVT:ALTITUDE_DEVIATION_UNCONTROLLED,CAUSES,EVT:STRUCTURAL_OVERLOAD,1
EVT:ALTITUDE_DEVIATION_UNCONTROLLED,CAUSES,EVT:AIRFRAME_STRUCTURAL_FAILURE,1
EVT:ALTITUDE_DEVIATION_UNCONTROLLED,MASKED_BY_CONDITION,COND:system_status,1
EVT:ALTITUDE_DEVIATION_UNCONTROLLED,INDUCED_CONDITION,COND:mechanical,4
EVT:ALTITUDE_DEVIATION_UNCONTROLLED,UNDER_CONDITION,COND:spatial,1
EVT:ALTITUDE_DEVIATION_UNCONTROLLED,INDUCED_CONDITION,COND:situational_awareness,1
EVT:ALTITUDE_DEVIATION_UNCONTROLLED,UNDER_CONDITION,COND:physiological,1
EVT:ALTITUDE_DEVIATION_UNCONTROLLED,CONCURRENT,EVT:TURBULENCE_ENCOUNTER,1
EVT:ALTITUDE_DEVIATION_UNCONTROLLED,UNDER_CONDITION,COND:procedural,1
EVT:ALTITUDE_DEVIATION_UNCONTROLLED,TRIGGERS,EVT:ATC_OR_DISPATCH_INADEQUATE,1
EVT:ALTITUDE_DEVIATION_UNCONTROLLED,CAUSES,EVT:ENGINE_FAILURE,2
EVT:ALTITUDE_DEVIATION_UNCONTROLLED,INDUCED_CONDITION,COND:psychological,1
EVT:ALTITUDE_DEVIATION_UNCONTROLLED,CAUSES,EVT:MIDAIR_COLLISION,1
EVT:ALTITUDE_DEVIATION_UNCONTROLLED,UNDER_CONDITION,COND:operational,1
COND:procedural,ENABLES,EVT:PROCEDURE_NOT_FOLLOWED,2
COND:procedural,CAUSES,EVT:PROCEDURE_NOT_FOLLOWED,5
COND:procedural,INHIBITS,EVT:PROCEDURE_NOT_FOLLOWED,2
COND:procedural,CONTRIBUTES_TO,EVT:PROCEDURE_NOT_FOLLOWED,2
COND:procedural,RESPONDS_TO,EVT:PROCEDURE_NOT_FOLLOWED,1
COND:procedural,CONTRIBUTES_TO,EVT:INJURY_OR_FATALITY,1
COND:procedural,CONTRIBUTES_TO,EVT:PERCEPTION_FAILURE,3
COND:procedural,CAUSES,EVT:PERCEPTION_FAILURE,3
COND:procedural,TRIGGERS,EVT:PERCEPTION_FAILURE,1
COND:procedural,CAUSES,EVT:FUEL_SYSTEM_ANOMALY,1
COND:procedural,CONTRIBUTES_TO,EVT:CONTROL_INPUT_IMPROPER,2
COND:procedural,CAUSES,EVT:CONTROL_INPUT_IMPROPER,3
COND:procedural,UNDER_CONDITION,EVT:CONTROL_INPUT_IMPROPER,1
COND:procedural,CAUSES,EVT:GROUND_IMPACT,3
COND:procedural,CONTRIBUTES_TO,EVT:GROUND_IMPACT,1
COND:procedural,ENABLES,EVT:GROUND_PERSONNEL_ERROR,1
COND:procedural,CAUSES,EVT:GROUND_PERSONNEL_ERROR,1
COND:procedural,CAUSES,EVT:MAINTENANCE_INADEQUATE,1
COND:procedural,ENABLES,EVT:LANDING_GEAR_ANOMALY,1
COND:procedural,CONTRIBUTES_TO,EVT:ENGINE_FAILURE,1
COND:procedural,CAUSES,EVT:RUNWAY_EXCURSION_OR_OVERRUN,2
COND:procedural,CONTRIBUTES_TO,COND:mechanical,1
COND:procedural,CAUSES,COND:mechanical,1
COND:procedural,CAUSES,EVT:LOSS_OF_CONTROL_GROUND,1
COND:procedural,CAUSES,EVT:ALTITUDE_DEVIATION_UNCONTROLLED,1
COND:procedural,INHIBITS,EVT:INSTRUMENT_OR_AVIONICS_FAILURE,1
COND:procedural,TRIGGERS,EVT:INSTRUMENT_OR_AVIONICS_FAILURE,1
COND:procedural,CAUSES,EVT:ATC_OR_DISPATCH_INADEQUATE,1
COND:procedural,CAUSES,EVT:DECISION_INAPPROPRIATE,1
COND:procedural,CAUSES,COND:procedural,1
COND:situational,UNDER_CONDITION,EVT:PERCEPTION_FAILURE,1
COND:situational,CONTRIBUTES_TO,EVT:PERCEPTION_FAILURE,1
COND:situational,MASKED_BY_CONDITION,EVT:PERCEPTION_FAILURE,1
COND:situational,CAUSES,EVT:DECISION_INAPPROPRIATE,1
COND:situational,CAUSES,EVT:GROUND_IMPACT,1
EVT:MIDAIR_COLLISION,CAUSES,EVT:GROUND_IMPACT,30
EVT:MIDAIR_COLLISION,CONTRIBUTES_TO,EVT:GROUND_IMPACT,1
EVT:MIDAIR_COLLISION,CAUSES,EVT:EMERGENCY_LANDING,5
EVT:MIDAIR_COLLISION,CAUSES,EVT:INJURY_OR_FATALITY,20
EVT:MIDAIR_COLLISION,CAUSES,EVT:INFLIGHT_FIRE_OR_SMOKE,2
EVT:MIDAIR_COLLISION,CAUSES,EVT:AIRFRAME_STRUCTURAL_FAILURE,6
EVT:MIDAIR_COLLISION,CAUSES,EVT:LOSS_OF_CONTROL_INFLIGHT,4
EVT:MIDAIR_COLLISION,UNDER_CONDITION,COND:environmental,4
EVT:MIDAIR_COLLISION,CAUSES,EVT:ENGINE_FAILURE,1
EVT:MIDAIR_COLLISION,CONCURRENT,EVT:SUCCESSFUL_RECOVERY,2
EVT:MIDAIR_COLLISION,CAUSES,EVT:SUCCESSFUL_RECOVERY,2
EVT:MIDAIR_COLLISION,UNDER_CONDITION,COND:other,1
EVT:MIDAIR_COLLISION,TRIGGERS,EVT:CONTROL_INPUT_IMPROPER,2
EVT:MIDAIR_COLLISION,CAUSES,EVT:INFLIGHT_BREAKUP,1
EVT:MIDAIR_COLLISION,TRIGGERS,EVT:DECISION_INAPPROPRIATE,2
EVT:MIDAIR_COLLISION,AFFECTED_BY,ENT:aircraft,2
EVT:MIDAIR_COLLISION,AFFECTS,ENT:aircraft,1
EVT:MIDAIR_COLLISION,CAUSES,COND:human_factor,1
EVT:MIDAIR_COLLISION,CAUSES,EVT:RUNWAY_EXCURSION_OR_OVERRUN,2
EVT:MIDAIR_COLLISION,CAUSES,COND:physical,1
EVT:MIDAIR_COLLISION,TRIGGERS,EVT:PROCEDURE_NOT_FOLLOWED,1
EVT:MIDAIR_COLLISION,CAUSES,EVT:PILOT_INCAPACITATION_OR_IMPAIRMENT,1
EVT:MIDAIR_COLLISION,CAUSES,EVT:TERRAIN_OR_OBSTACLE_PROXIMITY,1
EVT:MIDAIR_COLLISION,UNDER_CONDITION,COND:aircraft_state,1
EVT:MIDAIR_COLLISION,CAUSES,EVT:STRUCTURAL_OVERLOAD,1
EVT:MIDAIR_COLLISION,CO_OCCURS,ENT:location,1
EVT:MIDAIR_COLLISION,UNDER_CONDITION,ENT:location,1
EVT:EMERGENCY_LANDING,CAUSES,EVT:GROUND_IMPACT,143
EVT:EMERGENCY_LANDING,CONCURRENT,EVT:GROUND_IMPACT,1
EVT:EMERGENCY_LANDING,UNDER_CONDITION,COND:environmental,17
EVT:EMERGENCY_LANDING,ENABLES,COND:environmental,1
EVT:EMERGENCY_LANDING,CAUSES,EVT:WATER_IMPACT,1
EVT:EMERGENCY_LANDING,CAUSES,EVT:RUNWAY_EXCURSION_OR_OVERRUN,8
EVT:EMERGENCY_LANDING,PRECEDES,EVT:RUNWAY_EXCURSION_OR_OVERRUN,2
EVT:EMERGENCY_LANDING,RESPONDS_TO,EVT:CONTROL_INPUT_IMPROPER,1
EVT:EMERGENCY_LANDING,CAUSES,EVT:CONTROL_INPUT_IMPROPER,1
EVT:EMERGENCY_LANDING,PRECEDES,EVT:CONTROL_INPUT_IMPROPER,1
EVT:EMERGENCY_LANDING,TRIGGERS,EVT:CONTROL_INPUT_IMPROPER,1
EVT:EMERGENCY_LANDING,CAUSES,EVT:STRUCTURAL_OVERLOAD,4
EVT:EMERGENCY_LANDING,TRIGGERS,EVT:STRUCTURAL_OVERLOAD,1
EVT:EMERGENCY_LANDING,PRECEDES,EVT:PROCEDURE_NOT_FOLLOWED,4
EVT:EMERGENCY_LANDING,RESPONDS_TO,EVT:PROCEDURE_NOT_FOLLOWED,2
EVT:EMERGENCY_LANDING,TRIGGERS,EVT:PROCEDURE_NOT_FOLLOWED,1
EVT:EMERGENCY_LANDING,CAUSES,EVT:PROCEDURE_NOT_FOLLOWED,1
EVT:EMERGENCY_LANDING,CAUSES,EVT:INJURY_OR_FATALITY,6
EVT:EMERGENCY_LANDING,PRECEDES,EVT:GROUND_PERSONNEL_ERROR,1
EVT:EMERGENCY_LANDING,CAUSES,EVT:AIRFRAME_STRUCTURAL_FAILURE,1
EVT:EMERGENCY_LANDING,CAUSES,EVT:TERRAIN_OR_OBSTACLE_PROXIMITY,4
EVT:EMERGENCY_LANDING,CAUSES,EVT:SUCCESSFUL_RECOVERY,7
EVT:EMERGENCY_LANDING,TRIGGERS,EVT:SUCCESSFUL_RECOVERY,1
EVT:EMERGENCY_LANDING,CAUSES,EVT:LANDING_GEAR_ANOMALY,8
EVT:EMERGENCY_LANDING,CONCURRENT,EVT:LANDING_GEAR_ANOMALY,1
EVT:EMERGENCY_LANDING,TRIGGERS,EVT:LANDING_GEAR_ANOMALY,1
EVT:EMERGENCY_LANDING,CAUSES,EVT:EMERGENCY_LANDING,2
EVT:EMERGENCY_LANDING,PRECEDES,EVT:DECISION_INAPPROPRIATE,1
EVT:EMERGENCY_LANDING,CAUSES,EVT:DECISION_INAPPROPRIATE,2
EVT:EMERGENCY_LANDING,CAUSES,EVT:INFLIGHT_FIRE_OR_SMOKE,2
EVT:EMERGENCY_LANDING,CONCURRENT,EVT:PERCEPTION_FAILURE,1
EVT:EMERGENCY_LANDING,UNDER_CONDITION,COND:mechanical,1
EVT:EMERGENCY_LANDING,AFFECTS,ENT:aircraft,1
EVT:EMERGENCY_LANDING,UNDER_CONDITION,COND:terrain,1
ENT:organization,SUPERVISED_BY,COND:procedural,1
ENT:organization,SUPERVISED_BY,COND:organizational,1
ENT:organization,CAUSES,COND:mechanical,2
ENT:organization,SUPERVISED_BY,COND:environmental,1
ENT:organization,SUPERVISED_BY,EVT:MAINTENANCE_INADEQUATE,1
ENT:organization,SUPERVISED_BY,ENT:equipment,1
ENT:organization,SUPERVISED_BY,ENT:location,1
ENT:organization,SUPERVISED_BY,ENT:component,1
EVT:PILOT_INCAPACITATION_OR_IMPAIRMENT,CAUSES,EVT:GROUND_IMPACT,4
EVT:PILOT_INCAPACITATION_OR_IMPAIRMENT,CONTRIBUTES_TO,EVT:GROUND_IMPACT,3
EVT:PILOT_INCAPACITATION_OR_IMPAIRMENT,CAUSES,EVT:LOSS_OF_CONTROL_INFLIGHT,8
EVT:PILOT_INCAPACITATION_OR_IMPAIRMENT,CONTRIBUTES_TO,EVT:LOSS_OF_CONTROL_INFLIGHT,1
EVT:PILOT_INCAPACITATION_OR_IMPAIRMENT,INDUCED_CONDITION,COND:physiological,3
EVT:PILOT_INCAPACITATION_OR_IMPAIRMENT,UNDER_CONDITION,COND:physiological,4
EVT:PILOT_INCAPACITATION_OR_IMPAIRMENT,UNDER_CONDITION,COND:regulatory,1
EVT:PILOT_INCAPACITATION_OR_IMPAIRMENT,CONTRIBUTES_TO,EVT:PERCEPTION_FAILURE,2
EVT:PILOT_INCAPACITATION_OR_IMPAIRMENT,CAUSES,EVT:SPATIAL_DISORIENTATION,1
EVT:PILOT_INCAPACITATION_OR_IMPAIRMENT,INHIBITS,EVT:PROCEDURE_NOT_FOLLOWED,1
EVT:PILOT_INCAPACITATION_OR_IMPAIRMENT,RESPONDS_TO,EVT:PROCEDURE_NOT_FOLLOWED,1
EVT:PILOT_INCAPACITATION_OR_IMPAIRMENT,CAUSES,COND:mechanical,1
EVT:PILOT_INCAPACITATION_OR_IMPAIRMENT,CAUSES,EVT:CONTROL_INPUT_IMPROPER,5
EVT:PILOT_INCAPACITATION_OR_IMPAIRMENT,RESPONDS_TO,EVT:CONTROL_INPUT_IMPROPER,1
EVT:PILOT_INCAPACITATION_OR_IMPAIRMENT,TRIGGERS,EVT:CONTROL_INPUT_IMPROPER,1
EVT:PILOT_INCAPACITATION_OR_IMPAIRMENT,CONTRIBUTES_TO,EVT:EMERGENCY_LANDING,1
EVT:PILOT_INCAPACITATION_OR_IMPAIRMENT,INDUCED_CONDITION,COND:physical,1
EVT:PILOT_INCAPACITATION_OR_IMPAIRMENT,CAUSES,COND:physical,1
EVT:PILOT_INCAPACITATION_OR_IMPAIRMENT,CAUSES,EVT:PILOT_INCAPACITATION_OR_IMPAIRMENT,2
EVT:PILOT_INCAPACITATION_OR_IMPAIRMENT,CAUSES,EVT:LOSS_OF_CONTROL_GROUND,2
EVT:PILOT_INCAPACITATION_OR_IMPAIRMENT,CAUSES,EVT:INJURY_OR_FATALITY,1
EVT:PILOT_INCAPACITATION_OR_IMPAIRMENT,INHIBITS,COND:aerodynamic,1
EVT:PILOT_INCAPACITATION_OR_IMPAIRMENT,CAUSES,EVT:DECISION_INAPPROPRIATE,1
EVT:PILOT_INCAPACITATION_OR_IMPAIRMENT,CAUSES,EVT:INFLIGHT_BREAKUP,2
EVT:PILOT_INCAPACITATION_OR_IMPAIRMENT,CAUSES,EVT:ALTITUDE_DEVIATION_UNCONTROLLED,1
EVT:PILOT_INCAPACITATION_OR_IMPAIRMENT,INDUCED_CONDITION,COND:other,1
EVT:PILOT_INCAPACITATION_OR_IMPAIRMENT,INDUCED_CONDITION,COND:unknown,1
EVT:PILOT_INCAPACITATION_OR_IMPAIRMENT,UNDER_CONDITION,COND:medical,1
EVT:PILOT_INCAPACITATION_OR_IMPAIRMENT,CAUSES,EVT:RUNWAY_EXCURSION_OR_OVERRUN,1
EVT:PILOT_INCAPACITATION_OR_IMPAIRMENT,TRIGGERS,EVT:PROCEDURE_FOLLOWED,1
EVT:STALL,CAUSES,EVT:LOSS_OF_CONTROL_INFLIGHT,43
EVT:STALL,CAUSES,EVT:GROUND_IMPACT,207
EVT:STALL,CONTRIBUTES_TO,EVT:GROUND_IMPACT,1
EVT:STALL,TRIGGERS,EVT:DECISION_INAPPROPRIATE,2
EVT:STALL,RESPONDS_TO,EVT:DECISION_INAPPROPRIATE,4
EVT:STALL,CAUSES,EVT:MIDAIR_COLLISION,2
EVT:STALL,CAUSES,EVT:RUNWAY_EXCURSION_OR_OVERRUN,5
EVT:STALL,UNDER_CONDITION,COND:aerodynamic,11
EVT:STALL,INDUCED_CONDITION,COND:aerodynamic,22
EVT:STALL,RESPONDS_TO,EVT:CONTROL_INPUT_IMPROPER,22
EVT:STALL,CAUSES,EVT:CONTROL_INPUT_IMPROPER,2
EVT:STALL,TRIGGERS,EVT:CONTROL_INPUT_IMPROPER,1
EVT:STALL,UNDER_CONDITION,COND:environmental,10
EVT:STALL,ENABLES,COND:environmental,1
EVT:STALL,CAUSES,EVT:TERRAIN_OR_OBSTACLE_PROXIMITY,8
EVT:STALL,UNDER_CONDITION,COND:terrain,2
EVT:STALL,CAUSES,EVT:LOSS_OF_CONTROL_GROUND,4
EVT:STALL,CAUSES,EVT:WATER_IMPACT,4
EVT:STALL,RESPONDS_TO,EVT:PROCEDURE_NOT_FOLLOWED,6
EVT:STALL,TRIGGERS,EVT:PROCEDURE_NOT_FOLLOWED,2
EVT:STALL,CONTRIBUTES_TO,EVT:PROCEDURE_NOT_FOLLOWED,1
EVT:STALL,CAUSES,EVT:INJURY_OR_FATALITY,1
EVT:STALL,UNDER_CONDITION,COND:mechanical,1
EVT:STALL,CONCURRENT,EVT:STALL,1
EVT:STALL,UNDER_CONDITION,COND:unknown,1
EVT:STALL,CAUSES,EVT:EMERGENCY_LANDING,1
EVT:STALL,CAUSES,EVT:ALTITUDE_DEVIATION_UNCONTROLLED,1
EVT:STALL,CAUSES,EVT:AIRFRAME_STRUCTURAL_FAILURE,2
EVT:STALL,CAUSES,EVT:ENGINE_FAILURE,1
EVT:STALL,RESPONDS_TO,EVT:CREW_COORDINATION_FAILURE,1
EVT:STALL,RESPONDS_TO,EVT:SUCCESSFUL_RECOVERY,1
EVT:STALL,CAUSES,EVT:AUTOMATION_ANOMALY,1
EVT:BRAKE_ANOMALY,CAUSES,EVT:LOSS_OF_CONTROL_GROUND,1
EVT:BRAKE_ANOMALY,INDUCED_CONDITION,COND:mechanical,1
EVT:BRAKE_ANOMALY,UNDER_CONDITION,COND:mechanical,1
EVT:BRAKE_ANOMALY,CONTRIBUTES_TO,EVT:RUNWAY_EXCURSION_OR_OVERRUN,1
EVT:BRAKE_ANOMALY,CAUSES,EVT:RUNWAY_EXCURSION_OR_OVERRUN,2
EVT:LOSS_OF_CONTROL_GROUND,CAUSES,EVT:RUNWAY_EXCURSION_OR_OVERRUN,106
EVT:LOSS_OF_CONTROL_GROUND,CONTRIBUTES_TO,EVT:RUNWAY_EXCURSION_OR_OVERRUN,1
EVT:LOSS_OF_CONTROL_GROUND,CONCURRENT,EVT:RUNWAY_EXCURSION_OR_OVERRUN,1
EVT:LOSS_OF_CONTROL_GROUND,CAUSES,EVT:GROUND_IMPACT,212
EVT:LOSS_OF_CONTROL_GROUND,CONTRIBUTES_TO,EVT:GROUND_IMPACT,2
EVT:LOSS_OF_CONTROL_GROUND,CONCURRENT,EVT:GROUND_IMPACT,1
EVT:LOSS_OF_CONTROL_GROUND,RESPONDS_TO,EVT:CONTROL_INPUT_IMPROPER,81
EVT:LOSS_OF_CONTROL_GROUND,CAUSES,EVT:CONTROL_INPUT_IMPROPER,3
EVT:LOSS_OF_CONTROL_GROUND,CONCURRENT,EVT:CONTROL_INPUT_IMPROPER,1
EVT:LOSS_OF_CONTROL_GROUND,TRIGGERS,EVT:CONTROL_INPUT_IMPROPER,13
EVT:LOSS_OF_CONTROL_GROUND,CONTRIBUTES_TO,EVT:CONTROL_INPUT_IMPROPER,1
EVT:LOSS_OF_CONTROL_GROUND,CAUSES,EVT:LOSS_OF_CONTROL_GROUND,10
EVT:LOSS_OF_CONTROL_GROUND,CAUSES,EVT:LANDING_GEAR_ANOMALY,19
EVT:LOSS_OF_CONTROL_GROUND,CONCURRENT,EVT:LANDING_GEAR_ANOMALY,1
EVT:LOSS_OF_CONTROL_GROUND,CONTRIBUTES_TO,EVT:LANDING_GEAR_ANOMALY,1
EVT:LOSS_OF_CONTROL_GROUND,CAUSES,EVT:STRUCTURAL_OVERLOAD,9
EVT:LOSS_OF_CONTROL_GROUND,INDUCED_CONDITION,COND:aircraft_configuration,1
EVT:LOSS_OF_CONTROL_GROUND,RESPONDS_TO,EVT:SUCCESSFUL_RECOVERY,2
EVT:LOSS_OF_CONTROL_GROUND,TRIGGERS,EVT:SUCCESSFUL_RECOVERY,1
EVT:LOSS_OF_CONTROL_GROUND,CAUSES,EVT:SUCCESSFUL_RECOVERY,2
EVT:LOSS_OF_CONTROL_GROUND,RESPONDS_TO,EVT:PROCEDURE_NOT_FOLLOWED,9
EVT:LOSS_OF_CONTROL_GROUND,PRECEDES,EVT:PROCEDURE_NOT_FOLLOWED,1
EVT:LOSS_OF_CONTROL_GROUND,TRIGGERS,EVT:PROCEDURE_NOT_FOLLOWED,3
EVT:LOSS_OF_CONTROL_GROUND,CAUSES,EVT:PROCEDURE_NOT_FOLLOWED,1
EVT:LOSS_OF_CONTROL_GROUND,INHIBITS,EVT:PROCEDURE_NOT_FOLLOWED,1
EVT:LOSS_OF_CONTROL_GROUND,UNDER_CONDITION,COND:environmental,18
EVT:LOSS_OF_CONTROL_GROUND,ENABLES,COND:environmental,1
EVT:LOSS_OF_CONTROL_GROUND,CAUSES,EVT:TERRAIN_OR_OBSTACLE_PROXIMITY,6
EVT:LOSS_OF_CONTROL_GROUND,CAUSES,ENT:aircraft,1
EVT:LOSS_OF_CONTROL_GROUND,UNDER_CONDITION,COND:weather,9
EVT:LOSS_OF_CONTROL_GROUND,CONTRIBUTES_TO,COND:human_factors,1
EVT:LOSS_OF_CONTROL_GROUND,RESPONDS_TO,EVT:DECISION_INAPPROPRIATE,12
EVT:LOSS_OF_CONTROL_GROUND,TRIGGERS,EVT:DECISION_INAPPROPRIATE,7
EVT:LOSS_OF_CONTROL_GROUND,CAUSES,EVT:DECISION_INAPPROPRIATE,1
EVT:LOSS_OF_CONTROL_GROUND,UNDER_CONDITION,COND:mechanical,11
EVT:LOSS_OF_CONTROL_GROUND,INDUCED_CONDITION,COND:mechanical,2
EVT:LOSS_OF_CONTROL_GROUND,CAUSES,EVT:INFLIGHT_BREAKUP,2
EVT:LOSS_OF_CONTROL_GROUND,CAUSES,EVT:INJURY_OR_FATALITY,8
EVT:LOSS_OF_CONTROL_GROUND,CAUSES,EVT:AIRFRAME_STRUCTURAL_FAILURE,21
EVT:LOSS_OF_CONTROL_GROUND,CONCURRENT,EVT:WIND_SHEAR_OR_GUST,1
EVT:LOSS_OF_CONTROL_GROUND,CAUSES,EVT:LOSS_OF_CONTROL_INFLIGHT,1
EVT:LOSS_OF_CONTROL_GROUND,CAUSES,EVT:GROUND_EXCURSION,1
EVT:LOSS_OF_CONTROL_GROUND,CAUSES,EVT:MIDAIR_COLLISION,1
EVT:LOSS_OF_CONTROL_GROUND,UNDER_CONDITION,COND:surface,1
EVT:LOSS_OF_CONTROL_GROUND,CAUSES,EVT:GROUND_COLLISION,2
EVT:LOSS_OF_CONTROL_GROUND,UNDER_CONDITION,COND:aerodynamic,2
EVT:LOSS_OF_CONTROL_GROUND,CAUSES,COND:aerodynamic,1
EVT:LOSS_OF_CONTROL_GROUND,INDUCED_CONDITION,COND:aerodynamic,4
EVT:LOSS_OF_CONTROL_GROUND,UNDER_CONDITION,COND:unknown,1
EVT:LOSS_OF_CONTROL_GROUND,RESPONDS_TO,EVT:CREW_COORDINATION_FAILURE,1
EVT:LOSS_OF_CONTROL_GROUND,UNDER_CONDITION,COND:terrain,2
EVT:LOSS_OF_CONTROL_GROUND,CONTRIBUTES_TO,COND:terrain,1
EVT:LOSS_OF_CONTROL_GROUND,INDUCED_CONDITION,COND:other,1
EVT:LOSS_OF_CONTROL_GROUND,CAUSES,EVT:STALL,1
EVT:LOSS_OF_CONTROL_GROUND,INDUCED_CONDITION,COND:spatial,1
EVT:LOSS_OF_CONTROL_GROUND,PRECEDES,EVT:RUNWAY_CONDITION_HAZARD,1
EVT:LOSS_OF_CONTROL_GROUND,CONCURRENT,EVT:RUNWAY_CONDITION_HAZARD,1
EVT:LOSS_OF_CONTROL_GROUND,CAUSES,EVT:RUNWAY_CONDITION_HAZARD,1
EVT:LOSS_OF_CONTROL_GROUND,UNDER_CONDITION,COND:weight,1
EVT:LOSS_OF_CONTROL_GROUND,CAUSES,EVT:INFLIGHT_FIRE_OR_SMOKE,1
EVT:LOSS_OF_CONTROL_GROUND,INDUCED_CONDITION,COND:human,1
EVT:LOSS_OF_CONTROL_GROUND,CAUSES,EVT:CONTROL_SURFACE_ANOMALY,1
EVT:LOSS_OF_CONTROL_GROUND,CAUSES,EVT:PILOT_INCAPACITATION_OR_IMPAIRMENT,1
EVT:LOSS_OF_CONTROL_GROUND,CAUSES,EVT:ALTITUDE_DEVIATION_UNCONTROLLED,1
EVT:AIRFRAME_STRUCTURAL_FAILURE,CAUSES,EVT:INFLIGHT_BREAKUP,8
EVT:AIRFRAME_STRUCTURAL_FAILURE,CAUSES,EVT:LOSS_OF_CONTROL_INFLIGHT,41
EVT:AIRFRAME_STRUCTURAL_FAILURE,CONTRIBUTES_TO,EVT:LOSS_OF_CONTROL_INFLIGHT,3
EVT:AIRFRAME_STRUCTURAL_FAILURE,CAUSES,EVT:INFLIGHT_FIRE_OR_SMOKE,14
EVT:AIRFRAME_STRUCTURAL_FAILURE,INDUCED_CONDITION,COND:mechanical,24
EVT:AIRFRAME_STRUCTURAL_FAILURE,UNDER_CONDITION,COND:mechanical,13
EVT:AIRFRAME_STRUCTURAL_FAILURE,CAUSES,COND:mechanical,3
EVT:AIRFRAME_STRUCTURAL_FAILURE,CAUSES,EVT:STRUCTURAL_OVERLOAD,1
EVT:AIRFRAME_STRUCTURAL_FAILURE,CONTRIBUTES_TO,EVT:INSTRUMENT_OR_AVIONICS_FAILURE,1
EVT:AIRFRAME_STRUCTURAL_FAILURE,CAUSES,EVT:INSTRUMENT_OR_AVIONICS_FAILURE,2
EVT:AIRFRAME_STRUCTURAL_FAILURE,CAUSES,EVT:GROUND_IMPACT,76
EVT:AIRFRAME_STRUCTURAL_FAILURE,CONTRIBUTES_TO,EVT:GROUND_IMPACT,4
EVT:AIRFRAME_STRUCTURAL_FAILURE,INDUCED_CONDITION,COND:structural,4
EVT:AIRFRAME_STRUCTURAL_FAILURE,UNDER_CONDITION,COND:structural,2
EVT:AIRFRAME_STRUCTURAL_FAILURE,CAUSES,EVT:INJURY_OR_FATALITY,9
EVT:AIRFRAME_STRUCTURAL_FAILURE,CONTRIBUTES_TO,EVT:INJURY_OR_FATALITY,2
EVT:AIRFRAME_STRUCTURAL_FAILURE,UNDER_CONDITION,COND:weather,1
EVT:AIRFRAME_STRUCTURAL_FAILURE,CONCURRENT,EVT:SUCCESSFUL_RECOVERY,1
EVT:AIRFRAME_STRUCTURAL_FAILURE,TRIGGERS,EVT:SUCCESSFUL_RECOVERY,1
EVT:AIRFRAME_STRUCTURAL_FAILURE,RESPONDS_TO,EVT:SUCCESSFUL_RECOVERY,1
EVT:AIRFRAME_STRUCTURAL_FAILURE,CAUSES,EVT:SUCCESSFUL_RECOVERY,2
EVT:AIRFRAME_STRUCTURAL_FAILURE,CONTRIBUTES_TO,EVT:SUCCESSFUL_RECOVERY,1
EVT:AIRFRAME_STRUCTURAL_FAILURE,RESPONDS_TO,EVT:PROCEDURE_NOT_FOLLOWED,2
EVT:AIRFRAME_STRUCTURAL_FAILURE,TRIGGERS,EVT:PROCEDURE_NOT_FOLLOWED,4
EVT:AIRFRAME_STRUCTURAL_FAILURE,RESPONDS_TO,EVT:DECISION_INAPPROPRIATE,3
EVT:AIRFRAME_STRUCTURAL_FAILURE,TRIGGERS,EVT:DECISION_INAPPROPRIATE,10
EVT:AIRFRAME_STRUCTURAL_FAILURE,CONTRIBUTES_TO,EVT:DECISION_INAPPROPRIATE,1
EVT:AIRFRAME_STRUCTURAL_FAILURE,CAUSES,EVT:AIRFRAME_STRUCTURAL_FAILURE,16
EVT:AIRFRAME_STRUCTURAL_FAILURE,CAUSES,EVT:RUNWAY_EXCURSION_OR_OVERRUN,9
EVT:AIRFRAME_STRUCTURAL_FAILURE,CONTRIBUTES_TO,EVT:RUNWAY_EXCURSION_OR_OVERRUN,1
EVT:AIRFRAME_STRUCTURAL_FAILURE,CAUSES,EVT:LOSS_OF_CONTROL_GROUND,3
EVT:AIRFRAME_STRUCTURAL_FAILURE,TRIGGERS,EVT:CREW_COORDINATION_FAILURE,1
EVT:AIRFRAME_STRUCTURAL_FAILURE,CAUSES,EVT:EMERGENCY_LANDING,10
EVT:AIRFRAME_STRUCTURAL_FAILURE,INDUCED_CONDITION,COND:aerodynamic,3
EVT:AIRFRAME_STRUCTURAL_FAILURE,CAUSES,COND:environmental,1
EVT:AIRFRAME_STRUCTURAL_FAILURE,INDUCED_CONDITION,COND:environmental,1
EVT:AIRFRAME_STRUCTURAL_FAILURE,UNDER_CONDITION,COND:environmental,1
EVT:AIRFRAME_STRUCTURAL_FAILURE,CAUSES,EVT:LANDING_GEAR_ANOMALY,5
EVT:AIRFRAME_STRUCTURAL_FAILURE,UNDER_CONDITION,ENT:component,1
EVT:AIRFRAME_STRUCTURAL_FAILURE,AFFECTS,ENT:component,2
EVT:AIRFRAME_STRUCTURAL_FAILURE,TRIGGERS,EVT:PERCEPTION_FAILURE,2
EVT:AIRFRAME_STRUCTURAL_FAILURE,MASKED_BY_CONDITION,EVT:PERCEPTION_FAILURE,1
EVT:AIRFRAME_STRUCTURAL_FAILURE,CAUSES,EVT:PERCEPTION_FAILURE,1
EVT:AIRFRAME_STRUCTURAL_FAILURE,TRIGGERS,EVT:PROCEDURE_FOLLOWED,1
EVT:AIRFRAME_STRUCTURAL_FAILURE,CAUSES,EVT:FUEL_SYSTEM_ANOMALY,1
EVT:AIRFRAME_STRUCTURAL_FAILURE,ENABLES,EVT:CONTROL_INPUT_IMPROPER,1
EVT:AIRFRAME_STRUCTURAL_FAILURE,RESPONDS_TO,EVT:CONTROL_INPUT_IMPROPER,2
EVT:AIRFRAME_STRUCTURAL_FAILURE,CAUSES,EVT:CONTROL_INPUT_IMPROPER,1
EVT:AIRFRAME_STRUCTURAL_FAILURE,CAUSES,EVT:CONTROL_SURFACE_ANOMALY,2
EVT:AIRFRAME_STRUCTURAL_FAILURE,RESPONDS_TO,EVT:MAINTENANCE_INADEQUATE,1
EVT:AIRFRAME_STRUCTURAL_FAILURE,CAUSES,EVT:ENGINE_FAILURE,10
EVT:AIRFRAME_STRUCTURAL_FAILURE,UNDER_CONDITION,COND:ground,1
EVT:AIRFRAME_STRUCTURAL_FAILURE,MASKED_BY_CONDITION,COND:spatial,1
EVT:AIRFRAME_STRUCTURAL_FAILURE,CAUSES,EVT:WATER_IMPACT,1
EVT:AIRFRAME_STRUCTURAL_FAILURE,CONTRIBUTES_TO,COND:training_or_currency_gap,1
EVT:AIRFRAME_STRUCTURAL_FAILURE,CAUSES,COND:organizational,1
EVT:AIRFRAME_STRUCTURAL_FAILURE,UNDER_CONDITION,COND:structural_integrity,1
EVT:THUNDERSTORM_OR_CONVECTIVE,CAUSES,EVT:LOSS_OF_CONTROL_INFLIGHT,3
EVT:THUNDERSTORM_OR_CONVECTIVE,CAUSES,EVT:AIRFRAME_STRUCTURAL_FAILURE,3
EVT:THUNDERSTORM_OR_CONVECTIVE,CAUSES,EVT:INSTRUMENT_OR_AVIONICS_FAILURE,2
EVT:THUNDERSTORM_OR_CONVECTIVE,CAUSES,EVT:ENGINE_FAILURE,1
EVT:THUNDERSTORM_OR_CONVECTIVE,CAUSES,EVT:INJURY_OR_FATALITY,1
EVT:THUNDERSTORM_OR_CONVECTIVE,UNDER_CONDITION,COND:weather,12
EVT:THUNDERSTORM_OR_CONVECTIVE,CAUSES,EVT:CONTROL_INPUT_IMPROPER,1
EVT:THUNDERSTORM_OR_CONVECTIVE,CAUSES,EVT:STRUCTURAL_OVERLOAD,1
EVT:THUNDERSTORM_OR_CONVECTIVE,CAUSES,EVT:INFLIGHT_BREAKUP,2
EVT:THUNDERSTORM_OR_CONVECTIVE,CONTEXT,EVT:DECISION_INAPPROPRIATE,1
EVT:THUNDERSTORM_OR_CONVECTIVE,CAUSES,EVT:LOW_VISIBILITY_OR_IMC,2
EVT:THUNDERSTORM_OR_CONVECTIVE,INDUCED_CONDITION,COND:spatial,1
COND:equipment,ENABLES,EVT:THUNDERSTORM_OR_CONVECTIVE,1
COND:equipment,ENABLES,EVT:PERCEPTION_FAILURE,1
COND:equipment,CONTRIBUTES_TO,EVT:PERCEPTION_FAILURE,2
COND:equipment,CAUSES,EVT:PERCEPTION_FAILURE,4
COND:equipment,UNDER_CONDITION,EVT:PERCEPTION_FAILURE,1
COND:equipment,CAUSES,EVT:GROUND_PERSONNEL_ERROR,1
COND:equipment,CAUSES,EVT:DECISION_INAPPROPRIATE,2
COND:equipment,CONTRIBUTES_TO,EVT:CONTROL_INPUT_IMPROPER,1
COND:equipment,CAUSES,EVT:ATC_OR_DISPATCH_INADEQUATE,1
COND:equipment,INHIBITS,EVT:PARACHUTE_FAILURE,1
COND:equipment,CONTRIBUTES_TO,EVT:PARACHUTE_ENTANGLEMENT,1
COND:equipment,ENABLES,EVT:PROCEDURE_NOT_FOLLOWED,1
COND:equipment,CAUSES,EVT:PROCEDURE_NOT_FOLLOWED,1
COND:equipment,CONTRIBUTES_TO,EVT:PROCEDURE_NOT_FOLLOWED,1
COND:equipment,CONTRIBUTES_TO,COND:cognitive,1
EVT:ORG_OR_REGULATORY_INADEQUATE,INDUCED_CONDITION,COND:regulatory,1
EVT:ORG_OR_REGULATORY_INADEQUATE,CAUSES,COND:regulatory,1
EVT:ORG_OR_REGULATORY_INADEQUATE,UNDER_CONDITION,COND:regulatory,2
EVT:ORG_OR_REGULATORY_INADEQUATE,CONTRIBUTES_TO,EVT:THUNDERSTORM_OR_CONVECTIVE,1
EVT:ORG_OR_REGULATORY_INADEQUATE,CAUSES,EVT:GROUND_PERSONNEL_ERROR,1
EVT:ORG_OR_REGULATORY_INADEQUATE,CAUSES,COND:organizational,7
EVT:ORG_OR_REGULATORY_INADEQUATE,CAUSES,COND:information,1
EVT:ORG_OR_REGULATORY_INADEQUATE,CONTRIBUTES_TO,EVT:DECISION_INAPPROPRIATE,1
EVT:ORG_OR_REGULATORY_INADEQUATE,CAUSES,EVT:DECISION_INAPPROPRIATE,1
EVT:ORG_OR_REGULATORY_INADEQUATE,CONTRIBUTES_TO,EVT:PILOT_INCAPACITATION_OR_IMPAIRMENT,1
EVT:ORG_OR_REGULATORY_INADEQUATE,CAUSES,COND:environmental,2
EVT:ORG_OR_REGULATORY_INADEQUATE,CAUSES,COND:operational,1
EVT:ORG_OR_REGULATORY_INADEQUATE,CAUSES,EVT:TRAINING_OR_CURRENCY_GAP,1
EVT:ORG_OR_REGULATORY_INADEQUATE,INHIBITS,COND:mechanical,1
EVT:ORG_OR_REGULATORY_INADEQUATE,UNDER_CONDITION,COND:mechanical,1
EVT:ORG_OR_REGULATORY_INADEQUATE,UNDER_CONDITION,COND:security,1
COND:regulatory,ENABLES,EVT:ORG_OR_REGULATORY_INADEQUATE,2
COND:regulatory,CAUSES,EVT:ORG_OR_REGULATORY_INADEQUATE,1
COND:regulatory,CONTRIBUTES_TO,EVT:ALTITUDE_DEVIATION_UNCONTROLLED,1
COND:regulatory,CAUSES,COND:regulatory,1
COND:regulatory,ENABLES,EVT:PROCEDURE_NOT_FOLLOWED,6
COND:regulatory,INHIBITS,EVT:PROCEDURE_NOT_FOLLOWED,3
COND:regulatory,CAUSES,EVT:PROCEDURE_NOT_FOLLOWED,1
COND:regulatory,CONTRIBUTES_TO,EVT:DECISION_INAPPROPRIATE,1
COND:regulatory,ENABLES,EVT:DECISION_INAPPROPRIATE,3
COND:regulatory,UNDER_CONDITION,EVT:DECISION_INAPPROPRIATE,1
COND:regulatory,ENABLES,EVT:PILOT_INCAPACITATION_OR_IMPAIRMENT,1
COND:regulatory,ENABLES,ENT:aircraft,1
COND:regulatory,ENABLES,EVT:SPATIAL_DISORIENTATION,1
COND:regulatory,CONTRIBUTES_TO,EVT:LOSS_OF_CONTROL_INFLIGHT,2
COND:regulatory,ENABLES,EVT:CONTROL_INPUT_IMPROPER,1
COND:regulatory,UNDER_CONDITION,ENT:person,4
COND:regulatory,ENABLES,COND:mechanical,1
COND:regulatory,ENABLES,EVT:TRAINING_OR_CURRENCY_GAP,1
COND:training,CONTRIBUTES_TO,EVT:LOSS_OF_CONTROL_INFLIGHT,1
COND:training,CONTRIBUTES_TO,EVT:DECISION_INAPPROPRIATE,4
COND:training,CAUSES,EVT:CONTROL_INPUT_IMPROPER,2
COND:training,CONTRIBUTES_TO,EVT:CONTROL_INPUT_IMPROPER,2
COND:training,CAUSES,EVT:PERCEPTION_FAILURE,1
COND:training,CAUSES,EVT:TRAINING_OR_CURRENCY_GAP,1
COND:training,CAUSES,COND:knowledge,1
EVT:WIND_SHEAR_OR_GUST,UNDER_CONDITION,COND:weather,61
EVT:WIND_SHEAR_OR_GUST,INDUCED_CONDITION,COND:weather,6
EVT:WIND_SHEAR_OR_GUST,DETECTS,COND:weather,1
EVT:WIND_SHEAR_OR_GUST,CAUSES,EVT:CONTROL_INPUT_IMPROPER,23
EVT:WIND_SHEAR_OR_GUST,CONTRIBUTES_TO,EVT:CONTROL_INPUT_IMPROPER,8
EVT:WIND_SHEAR_OR_GUST,TRIGGERS,EVT:CONTROL_INPUT_IMPROPER,22
EVT:WIND_SHEAR_OR_GUST,RESPONDS_TO,EVT:CONTROL_INPUT_IMPROPER,15
EVT:WIND_SHEAR_OR_GUST,RESPONDS_TO,EVT:DECISION_INAPPROPRIATE,4
EVT:WIND_SHEAR_OR_GUST,CAUSES,EVT:DECISION_INAPPROPRIATE,3
EVT:WIND_SHEAR_OR_GUST,TRIGGERS,EVT:DECISION_INAPPROPRIATE,5
EVT:WIND_SHEAR_OR_GUST,CAUSES,EVT:LOSS_OF_CONTROL_INFLIGHT,23
EVT:WIND_SHEAR_OR_GUST,CONTRIBUTES_TO,EVT:LOSS_OF_CONTROL_INFLIGHT,2
EVT:WIND_SHEAR_OR_GUST,CAUSES,EVT:LOSS_OF_CONTROL_GROUND,29
EVT:WIND_SHEAR_OR_GUST,CONTRIBUTES_TO,EVT:LOSS_OF_CONTROL_GROUND,4
EVT:WIND_SHEAR_OR_GUST,CAUSES,EVT:GROUND_IMPACT,19
EVT:WIND_SHEAR_OR_GUST,CONTRIBUTES_TO,EVT:GROUND_IMPACT,2
EVT:WIND_SHEAR_OR_GUST,TRIGGERS,COND:mechanical,1
EVT:WIND_SHEAR_OR_GUST,UNDER_CONDITION,COND:mechanical,1
EVT:WIND_SHEAR_OR_GUST,INDUCED_CONDITION,COND:mechanical,2
EVT:WIND_SHEAR_OR_GUST,CAUSES,EVT:STALL,3
EVT:WIND_SHEAR_OR_GUST,CONTRIBUTES_TO,EVT:STALL,1
EVT:WIND_SHEAR_OR_GUST,CAUSES,EVT:ALTITUDE_DEVIATION_UNCONTROLLED,10
EVT:WIND_SHEAR_OR_GUST,CAUSES,COND:aerodynamic,7
EVT:WIND_SHEAR_OR_GUST,CONTRIBUTES_TO,COND:aerodynamic,3
EVT:WIND_SHEAR_OR_GUST,INDUCED_CONDITION,COND:aerodynamic,2
EVT:WIND_SHEAR_OR_GUST,CAUSES,EVT:RUNWAY_EXCURSION_OR_OVERRUN,11
EVT:WIND_SHEAR_OR_GUST,CONTRIBUTES_TO,EVT:RUNWAY_EXCURSION_OR_OVERRUN,2
EVT:WIND_SHEAR_OR_GUST,UNDER_CONDITION,COND:environmental,7
EVT:WIND_SHEAR_OR_GUST,INDUCED_CONDITION,COND:environmental,1
EVT:WIND_SHEAR_OR_GUST,CAUSES,EVT:INJURY_OR_FATALITY,1
EVT:WIND_SHEAR_OR_GUST,CAUSES,EVT:TERRAIN_OR_OBSTACLE_PROXIMITY,1
EVT:WIND_SHEAR_OR_GUST,CONTRIBUTES_TO,EVT:TERRAIN_OR_OBSTACLE_PROXIMITY,1
EVT:WIND_SHEAR_OR_GUST,UNDER_CONDITION,COND:terrain,1
EVT:WIND_SHEAR_OR_GUST,TRIGGERS,EVT:LANDING_GEAR_ANOMALY,1
EVT:WIND_SHEAR_OR_GUST,CAUSES,EVT:LANDING_GEAR_ANOMALY,1
EVT:WIND_SHEAR_OR_GUST,CONTRIBUTES_TO,EVT:LANDING_GEAR_ANOMALY,2
EVT:WIND_SHEAR_OR_GUST,CAUSES,EVT:GROUND_DAMAGE,1
EVT:WIND_SHEAR_OR_GUST,CAUSES,COND:resource,2
EVT:WIND_SHEAR_OR_GUST,CONCURRENT,EVT:WIND_SHEAR_OR_GUST,2
EVT:WIND_SHEAR_OR_GUST,TRIGGERS,EVT:PROCEDURE_NOT_FOLLOWED,3
EVT:WIND_SHEAR_OR_GUST,CONTRIBUTES_TO,EVT:PROCEDURE_NOT_FOLLOWED,1
EVT:WIND_SHEAR_OR_GUST,RESPONDS_TO,EVT:PROCEDURE_NOT_FOLLOWED,1
EVT:WIND_SHEAR_OR_GUST,CAUSES,EVT:PERCEPTION_FAILURE,1
EVT:WIND_SHEAR_OR_GUST,CONTRIBUTES_TO,EVT:PERCEPTION_FAILURE,1
EVT:WIND_SHEAR_OR_GUST,UNDER_CONDITION,COND:aircraft_state,1
EVT:INFLIGHT_FIRE_OR_SMOKE,CAUSES,EVT:LOSS_OF_CONTROL_GROUND,2
EVT:INFLIGHT_FIRE_OR_SMOKE,UNDER_CONDITION,COND:mechanical,26
EVT:INFLIGHT_FIRE_OR_SMOKE,INDUCED_CONDITION,COND:mechanical,18
EVT:INFLIGHT_FIRE_OR_SMOKE,CAUSES,COND:mechanical,7
EVT:INFLIGHT_FIRE_OR_SMOKE,MASKED_BY_CONDITION,COND:mechanical,1
EVT:INFLIGHT_FIRE_OR_SMOKE,RESPONDS_TO,EVT:PROCEDURE_NOT_FOLLOWED,20
EVT:INFLIGHT_FIRE_OR_SMOKE,TRIGGERS,EVT:PROCEDURE_NOT_FOLLOWED,9
EVT:INFLIGHT_FIRE_OR_SMOKE,CAUSES,EVT:PROCEDURE_NOT_FOLLOWED,3
EVT:INFLIGHT_FIRE_OR_SMOKE,CAUSES,EVT:GROUND_IMPACT,20
EVT:INFLIGHT_FIRE_OR_SMOKE,TRIGGERS,EVT:SUCCESSFUL_RECOVERY,5
EVT:INFLIGHT_FIRE_OR_SMOKE,RESPONDS_TO,EVT:SUCCESSFUL_RECOVERY,5
EVT:INFLIGHT_FIRE_OR_SMOKE,CAUSES,EVT:SUCCESSFUL_RECOVERY,5
EVT:INFLIGHT_FIRE_OR_SMOKE,CAUSES,EVT:INJURY_OR_FATALITY,34
EVT:INFLIGHT_FIRE_OR_SMOKE,CONTRIBUTES_TO,EVT:INJURY_OR_FATALITY,22
EVT:INFLIGHT_FIRE_OR_SMOKE,RESPONDS_TO,EVT:DECISION_INAPPROPRIATE,7
EVT:INFLIGHT_FIRE_OR_SMOKE,TRIGGERS,EVT:DECISION_INAPPROPRIATE,11
EVT:INFLIGHT_FIRE_OR_SMOKE,CAUSES,EVT:DECISION_INAPPROPRIATE,3
EVT:INFLIGHT_FIRE_OR_SMOKE,CAUSES,COND:environmental,2
EVT:INFLIGHT_FIRE_OR_SMOKE,INDUCED_CONDITION,COND:environmental,15
EVT:INFLIGHT_FIRE_OR_SMOKE,UNDER_CONDITION,COND:environmental,2
EVT:INFLIGHT_FIRE_OR_SMOKE,CAUSES,EVT:AIRFRAME_STRUCTURAL_FAILURE,4
EVT:INFLIGHT_FIRE_OR_SMOKE,PRECEDES,EVT:AIRFRAME_STRUCTURAL_FAILURE,1
EVT:INFLIGHT_FIRE_OR_SMOKE,CAUSES,EVT:INFLIGHT_FIRE_OR_SMOKE,23
EVT:INFLIGHT_FIRE_OR_SMOKE,CONCURRENT,EVT:INFLIGHT_FIRE_OR_SMOKE,2
EVT:INFLIGHT_FIRE_OR_SMOKE,INDUCED_CONDITION,COND:physical,1
EVT:INFLIGHT_FIRE_OR_SMOKE,CAUSES,COND:physical,1
EVT:INFLIGHT_FIRE_OR_SMOKE,TRIGGERS,EVT:EMERGENCY_LANDING,2
EVT:INFLIGHT_FIRE_OR_SMOKE,CAUSES,EVT:EMERGENCY_LANDING,6
EVT:INFLIGHT_FIRE_OR_SMOKE,RESPONDS_TO,EVT:EMERGENCY_LANDING,1
EVT:INFLIGHT_FIRE_OR_SMOKE,RESPONDS_TO,EVT:PERCEPTION_FAILURE,2
EVT:INFLIGHT_FIRE_OR_SMOKE,TRIGGERS,EVT:PERCEPTION_FAILURE,5
EVT:INFLIGHT_FIRE_OR_SMOKE,CAUSES,EVT:PERCEPTION_FAILURE,4
EVT:INFLIGHT_FIRE_OR_SMOKE,CAUSES,ENT:aircraft,2
EVT:INFLIGHT_FIRE_OR_SMOKE,CAUSES,ENT:person,1
EVT:INFLIGHT_FIRE_OR_SMOKE,CAUSES,EVT:INSTRUMENT_OR_AVIONICS_FAILURE,2
EVT:INFLIGHT_FIRE_OR_SMOKE,TRIGGERS,EVT:INSTRUMENT_OR_AVIONICS_FAILURE,1
EVT:INFLIGHT_FIRE_OR_SMOKE,ENABLES,COND:material,1
EVT:INFLIGHT_FIRE_OR_SMOKE,CAUSES,EVT:INFLIGHT_BREAKUP,2
EVT:INFLIGHT_FIRE_OR_SMOKE,CAUSES,EVT:LOSS_OF_CONTROL_INFLIGHT,2
EVT:INFLIGHT_FIRE_OR_SMOKE,TRIGGERS,EVT:MAINTENANCE_INADEQUATE,1
EVT:INFLIGHT_FIRE_OR_SMOKE,CAUSES,EVT:MAINTENANCE_INADEQUATE,1
EVT:INFLIGHT_FIRE_OR_SMOKE,CAUSES,EVT:ENGINE_FAILURE,2
EVT:INFLIGHT_FIRE_OR_SMOKE,RESPONDS_TO,EVT:PROCEDURE_FOLLOWED,1
EVT:INFLIGHT_FIRE_OR_SMOKE,CONTRIBUTES_TO,EVT:FUEL_SYSTEM_ANOMALY,1
EVT:INFLIGHT_FIRE_OR_SMOKE,TRIGGERS,EVT:CREW_COORDINATION_FAILURE,1
EVT:INFLIGHT_FIRE_OR_SMOKE,TRIGGERS,EVT:RUNWAY_EXCURSION_OR_OVERRUN,1
EVT:INFLIGHT_FIRE_OR_SMOKE,CAUSES,EVT:RUNWAY_EXCURSION_OR_OVERRUN,1
EVT:INFLIGHT_FIRE_OR_SMOKE,RESPONDS_TO,EVT:CONTROL_INPUT_IMPROPER,1
EVT:INFLIGHT_FIRE_OR_SMOKE,UNDER_CONDITION,COND:weather,1
EVT:RUNWAY_CONDITION_HAZARD,CAUSES,EVT:RUNWAY_EXCURSION_OR_OVERRUN,10
EVT:RUNWAY_CONDITION_HAZARD,CONTRIBUTES_TO,EVT:RUNWAY_EXCURSION_OR_OVERRUN,1
EVT:RUNWAY_CONDITION_HAZARD,CAUSES,EVT:LOSS_OF_CONTROL_GROUND,21
EVT:RUNWAY_CONDITION_HAZARD,TRIGGERS,EVT:LOSS_OF_CONTROL_GROUND,1
EVT:RUNWAY_CONDITION_HAZARD,CONTRIBUTES_TO,EVT:LOSS_OF_CONTROL_GROUND,2
EVT:RUNWAY_CONDITION_HAZARD,TRIGGERS,EVT:GROUND_PERSONNEL_ERROR,1
EVT:RUNWAY_CONDITION_HAZARD,CONTRIBUTES_TO,EVT:GROUND_PERSONNEL_ERROR,1
EVT:RUNWAY_CONDITION_HAZARD,UNDER_CONDITION,COND:environmental,19
EVT:RUNWAY_CONDITION_HAZARD,INDUCED_CONDITION,COND:environmental,2
EVT:RUNWAY_CONDITION_HAZARD,CONTRIBUTES_TO,EVT:LOSS_OF_CONTROL_INFLIGHT,1
EVT:RUNWAY_CONDITION_HAZARD,CAUSES,EVT:LOSS_OF_CONTROL_INFLIGHT,1
EVT:RUNWAY_CONDITION_HAZARD,UNDER_CONDITION,COND:weather,19
EVT:RUNWAY_CONDITION_HAZARD,TRIGGERS,EVT:CONTROL_INPUT_IMPROPER,10
EVT:RUNWAY_CONDITION_HAZARD,CONTRIBUTES_TO,EVT:CONTROL_INPUT_IMPROPER,5
EVT:RUNWAY_CONDITION_HAZARD,CAUSES,EVT:CONTROL_INPUT_IMPROPER,5
EVT:RUNWAY_CONDITION_HAZARD,CAUSES,COND:aerodynamic,1
EVT:RUNWAY_CONDITION_HAZARD,TRIGGERS,EVT:DECISION_INAPPROPRIATE,4
EVT:RUNWAY_CONDITION_HAZARD,CAUSES,EVT:GROUND_IMPACT,3
EVT:RUNWAY_CONDITION_HAZARD,ENABLES,EVT:WIND_SHEAR_OR_GUST,1
EVT:RUNWAY_CONDITION_HAZARD,TRIGGERS,EVT:WIND_SHEAR_OR_GUST,1
EVT:RUNWAY_CONDITION_HAZARD,UNDER_CONDITION,EVT:WIND_SHEAR_OR_GUST,1
EVT:RUNWAY_CONDITION_HAZARD,CAUSES,EVT:AIRFRAME_STRUCTURAL_FAILURE,2
EVT:RUNWAY_CONDITION_HAZARD,CONTRIBUTES_TO,EVT:AIRFRAME_STRUCTURAL_FAILURE,1
EVT:RUNWAY_CONDITION_HAZARD,TRIGGERS,EVT:PROCEDURE_NOT_FOLLOWED,1
EVT:RUNWAY_CONDITION_HAZARD,CAUSES,EVT:STALL,2
EVT:RUNWAY_CONDITION_HAZARD,UNDER_CONDITION,COND:infrastructure,1
EVT:RUNWAY_CONDITION_HAZARD,CAUSES,EVT:BRAKE_ANOMALY,1
EVT:RUNWAY_CONDITION_HAZARD,UNDER_CONDITION,COND:terrain,1
EVT:RUNWAY_CONDITION_HAZARD,CAUSES,EVT:LANDING_GEAR_ANOMALY,2
EVT:RUNWAY_CONDITION_HAZARD,CONTRIBUTES_TO,EVT:LANDING_GEAR_ANOMALY,1
EVT:RUNWAY_CONDITION_HAZARD,TRIGGERS,EVT:LANDING_GEAR_ANOMALY,1
EVT:RUNWAY_CONDITION_HAZARD,UNDER_CONDITION,COND:infrastructure_defect,1
EVT:RUNWAY_CONDITION_HAZARD,UNDER_CONDITION,COND:mechanical,2
EVT:RUNWAY_CONDITION_HAZARD,CONTRIBUTES_TO,EVT:TURBULENCE_ENCOUNTER,1
EVT:RUNWAY_CONDITION_HAZARD,CAUSES,EVT:ALTITUDE_DEVIATION_UNCONTROLLED,1
EVT:RUNWAY_CONDITION_HAZARD,CONTRIBUTES_TO,EVT:ALTITUDE_DEVIATION_UNCONTROLLED,1
EVT:RUNWAY_CONDITION_HAZARD,UNDER_CONDITION,COND:surface,1
EVT:RUNWAY_CONDITION_HAZARD,ENABLES,EVT:BIRD_OR_WILDLIFE_STRIKE,1
EVT:RUNWAY_CONDITION_HAZARD,CAUSES,EVT:GROUND_DAMAGE,1
EVT:RUNWAY_CONDITION_HAZARD,CAUSES,EVT:STRUCTURAL_OVERLOAD,1
EVT:RUNWAY_CONDITION_HAZARD,TRIGGERS,EVT:CONTROL_SURFACE_ANOMALY,1
EVT:LANDING_GEAR_ANOMALY,CAUSES,EVT:RUNWAY_EXCURSION_OR_OVERRUN,100
EVT:LANDING_GEAR_ANOMALY,CONTRIBUTES_TO,EVT:RUNWAY_EXCURSION_OR_OVERRUN,1
EVT:LANDING_GEAR_ANOMALY,CAUSES,EVT:GROUND_IMPACT,211
EVT:LANDING_GEAR_ANOMALY,CONTRIBUTES_TO,EVT:GROUND_IMPACT,4
EVT:LANDING_GEAR_ANOMALY,ENABLES,EVT:GROUND_IMPACT,3
EVT:LANDING_GEAR_ANOMALY,CAUSES,EVT:LOSS_OF_CONTROL_GROUND,24
EVT:LANDING_GEAR_ANOMALY,CONTRIBUTES_TO,EVT:LOSS_OF_CONTROL_GROUND,2
EVT:LANDING_GEAR_ANOMALY,UNDER_CONDITION,ENT:component,1
EVT:LANDING_GEAR_ANOMALY,INDUCED_CONDITION,COND:mechanical,93
EVT:LANDING_GEAR_ANOMALY,UNDER_CONDITION,COND:mechanical,83
EVT:LANDING_GEAR_ANOMALY,CAUSES,COND:mechanical,14
EVT:LANDING_GEAR_ANOMALY,DETECTS,COND:mechanical,1
EVT:LANDING_GEAR_ANOMALY,CO_OCCURS,COND:mechanical,1
EVT:LANDING_GEAR_ANOMALY,TRIGGERS,COND:mechanical,1
EVT:LANDING_GEAR_ANOMALY,CONCURRENT,COND:mechanical,1
EVT:LANDING_GEAR_ANOMALY,RESPONDS_TO,EVT:PROCEDURE_NOT_FOLLOWED,66
EVT:LANDING_GEAR_ANOMALY,CAUSES,EVT:PROCEDURE_NOT_FOLLOWED,6
EVT:LANDING_GEAR_ANOMALY,TRIGGERS,EVT:PROCEDURE_NOT_FOLLOWED,9
EVT:LANDING_GEAR_ANOMALY,CONCURRENT,EVT:PROCEDURE_NOT_FOLLOWED,1
EVT:LANDING_GEAR_ANOMALY,UNDER_CONDITION,COND:environmental,5
EVT:LANDING_GEAR_ANOMALY,TRIGGERS,EVT:APPROACH_LANDING,1
EVT:LANDING_GEAR_ANOMALY,CAUSES,COND:instrument,2
EVT:LANDING_GEAR_ANOMALY,INDUCED_CONDITION,COND:instrument,2
EVT:LANDING_GEAR_ANOMALY,CAUSES,EVT:STRUCTURAL_OVERLOAD,5
EVT:LANDING_GEAR_ANOMALY,RESPONDS_TO,EVT:CONTROL_INPUT_IMPROPER,7
EVT:LANDING_GEAR_ANOMALY,TRIGGERS,EVT:CONTROL_INPUT_IMPROPER,6
EVT:LANDING_GEAR_ANOMALY,TRIGGERS,EVT:MAINTENANCE_INADEQUATE,2
EVT:LANDING_GEAR_ANOMALY,RESPONDS_TO,EVT:MAINTENANCE_INADEQUATE,1
EVT:LANDING_GEAR_ANOMALY,CAUSES,COND:information,2
EVT:LANDING_GEAR_ANOMALY,UNDER_CONDITION,COND:structural,1
EVT:LANDING_GEAR_ANOMALY,CAUSES,COND:structural,1
EVT:LANDING_GEAR_ANOMALY,CAUSES,EVT:INFLIGHT_FIRE_OR_SMOKE,7
EVT:LANDING_GEAR_ANOMALY,CAUSES,EVT:LANDING_GEAR_ANOMALY,19
EVT:LANDING_GEAR_ANOMALY,CONCURRENT,EVT:LANDING_GEAR_ANOMALY,2
EVT:LANDING_GEAR_ANOMALY,CONTRIBUTES_TO,EVT:LANDING_GEAR_ANOMALY,2
EVT:LANDING_GEAR_ANOMALY,RESPONDS_TO,EVT:LANDING_GEAR_ANOMALY,1
EVT:LANDING_GEAR_ANOMALY,INHIBITS,EVT:LANDING_GEAR_ANOMALY,1
EVT:LANDING_GEAR_ANOMALY,TRIGGERS,EVT:LANDING_GEAR_ANOMALY,1
EVT:LANDING_GEAR_ANOMALY,CAUSES,EVT:EMERGENCY_LANDING,9
EVT:LANDING_GEAR_ANOMALY,CAUSES,EVT:AIRFRAME_STRUCTURAL_FAILURE,11
EVT:LANDING_GEAR_ANOMALY,CONTRIBUTES_TO,EVT:AIRFRAME_STRUCTURAL_FAILURE,1
EVT:LANDING_GEAR_ANOMALY,RESPONDS_TO,EVT:DECISION_INAPPROPRIATE,18
EVT:LANDING_GEAR_ANOMALY,CAUSES,EVT:DECISION_INAPPROPRIATE,9
EVT:LANDING_GEAR_ANOMALY,TRIGGERS,EVT:DECISION_INAPPROPRIATE,3
EVT:LANDING_GEAR_ANOMALY,CONTRIBUTES_TO,EVT:DECISION_INAPPROPRIATE,1
EVT:LANDING_GEAR_ANOMALY,TRIGGERS,EVT:PERCEPTION_FAILURE,8
EVT:LANDING_GEAR_ANOMALY,CAUSES,EVT:PERCEPTION_FAILURE,3
EVT:LANDING_GEAR_ANOMALY,RESPONDS_TO,EVT:PERCEPTION_FAILURE,1
EVT:LANDING_GEAR_ANOMALY,MASKED_BY_CONDITION,EVT:PERCEPTION_FAILURE,1
EVT:LANDING_GEAR_ANOMALY,CONTRIBUTES_TO,EVT:WATER_IMPACT,1
EVT:LANDING_GEAR_ANOMALY,CAUSES,EVT:RUNWAY_CONDITION_HAZARD,1
EVT:LANDING_GEAR_ANOMALY,TRIGGERS,EVT:CREW_COORDINATION_FAILURE,1
EVT:LANDING_GEAR_ANOMALY,CAUSES,COND:procedural,1
EVT:LANDING_GEAR_ANOMALY,CAUSES,EVT:SUCCESSFUL_RECOVERY,5
EVT:LANDING_GEAR_ANOMALY,RESPONDS_TO,EVT:SUCCESSFUL_RECOVERY,1
EVT:LANDING_GEAR_ANOMALY,MITIGATES,EVT:SUCCESSFUL_RECOVERY,1
EVT:LANDING_GEAR_ANOMALY,TRIGGERS,EVT:SUCCESSFUL_RECOVERY,2
EVT:LANDING_GEAR_ANOMALY,INDUCED_CONDITION,COND:cognitive,1
EVT:LANDING_GEAR_ANOMALY,CAUSES,EVT:INSTRUMENT_OR_AVIONICS_FAILURE,5
EVT:LANDING_GEAR_ANOMALY,TRIGGERS,EVT:INSTRUMENT_OR_AVIONICS_FAILURE,1
EVT:LANDING_GEAR_ANOMALY,CONCURRENT,EVT:INSTRUMENT_OR_AVIONICS_FAILURE,1
EVT:LANDING_GEAR_ANOMALY,CAUSES,COND:instrumentation,1
EVT:LANDING_GEAR_ANOMALY,INDUCED_CONDITION,COND:instrumentation,2
EVT:LANDING_GEAR_ANOMALY,TRIGGERS,EVT:ATC_OR_DISPATCH_INADEQUATE,1
EVT:LANDING_GEAR_ANOMALY,CAUSES,EVT:INJURY_OR_FATALITY,2
EVT:LANDING_GEAR_ANOMALY,CAUSES,EVT:ENGINE_FAILURE,1
EVT:LANDING_GEAR_ANOMALY,INDUCED_CONDITION,COND:structural_integrity,1
EVT:LANDING_GEAR_ANOMALY,CAUSES,EVT:LOSS_OF_CONTROL_INFLIGHT,1
EVT:CONTROL_SURFACE_ANOMALY,CAUSES,EVT:LOSS_OF_CONTROL_INFLIGHT,36
EVT:CONTROL_SURFACE_ANOMALY,CAUSES,EVT:GROUND_IMPACT,34
EVT:CONTROL_SURFACE_ANOMALY,CONTRIBUTES_TO,EVT:GROUND_IMPACT,3
EVT:CONTROL_SURFACE_ANOMALY,INDUCED_CONDITION,COND:mechanical,44
EVT:CONTROL_SURFACE_ANOMALY,UNDER_CONDITION,COND:mechanical,30
EVT:CONTROL_SURFACE_ANOMALY,CAUSES,COND:mechanical,3
EVT:CONTROL_SURFACE_ANOMALY,MASKED_BY_CONDITION,COND:mechanical,1
EVT:CONTROL_SURFACE_ANOMALY,RESPONDS_TO,EVT:CONTROL_INPUT_IMPROPER,9
EVT:CONTROL_SURFACE_ANOMALY,INHIBITS,EVT:CONTROL_INPUT_IMPROPER,3
EVT:CONTROL_SURFACE_ANOMALY,TRIGGERS,EVT:CONTROL_INPUT_IMPROPER,5
EVT:CONTROL_SURFACE_ANOMALY,CAUSES,EVT:CONTROL_INPUT_IMPROPER,2
EVT:CONTROL_SURFACE_ANOMALY,UNDER_CONDITION,ENT:aircraft,2
EVT:CONTROL_SURFACE_ANOMALY,TRIGGERS,EVT:PERCEPTION_FAILURE,4
EVT:CONTROL_SURFACE_ANOMALY,CAUSES,EVT:PERCEPTION_FAILURE,1
EVT:CONTROL_SURFACE_ANOMALY,RESPONDS_TO,EVT:DECISION_INAPPROPRIATE,8
EVT:CONTROL_SURFACE_ANOMALY,TRIGGERS,EVT:DECISION_INAPPROPRIATE,6
EVT:CONTROL_SURFACE_ANOMALY,CONTRIBUTES_TO,EVT:DECISION_INAPPROPRIATE,2
EVT:CONTROL_SURFACE_ANOMALY,CAUSES,EVT:DECISION_INAPPROPRIATE,1
EVT:CONTROL_SURFACE_ANOMALY,CAUSES,EVT:STALL,2
EVT:CONTROL_SURFACE_ANOMALY,RESPONDS_TO,EVT:PROCEDURE_NOT_FOLLOWED,4
EVT:CONTROL_SURFACE_ANOMALY,CAUSES,EVT:PROCEDURE_NOT_FOLLOWED,2
EVT:CONTROL_SURFACE_ANOMALY,TRIGGERS,EVT:PROCEDURE_NOT_FOLLOWED,3
EVT:CONTROL_SURFACE_ANOMALY,INHIBITS,EVT:PROCEDURE_NOT_FOLLOWED,1
EVT:CONTROL_SURFACE_ANOMALY,CAUSES,EVT:LANDING_GEAR_ANOMALY,2
EVT:CONTROL_SURFACE_ANOMALY,CONTRIBUTES_TO,EVT:LANDING_GEAR_ANOMALY,1
EVT:CONTROL_SURFACE_ANOMALY,RESPONDS_TO,EVT:EMERGENCY_LANDING,1
EVT:CONTROL_SURFACE_ANOMALY,CAUSES,EVT:EMERGENCY_LANDING,4
EVT:CONTROL_SURFACE_ANOMALY,CAUSES,EVT:AIRFRAME_STRUCTURAL_FAILURE,13
EVT:CONTROL_SURFACE_ANOMALY,CONCURRENT,EVT:ENGINE_FAILURE,1
EVT:CONTROL_SURFACE_ANOMALY,CAUSES,EVT:ENGINE_FAILURE,3
EVT:CONTROL_SURFACE_ANOMALY,CAUSES,EVT:INJURY_OR_FATALITY,3
EVT:CONTROL_SURFACE_ANOMALY,INDUCED_CONDITION,COND:situational_awareness,1
EVT:CONTROL_SURFACE_ANOMALY,CAUSES,EVT:MIDAIR_COLLISION,1
EVT:CONTROL_SURFACE_ANOMALY,CAUSES,EVT:LOSS_OF_CONTROL_GROUND,9
EVT:CONTROL_SURFACE_ANOMALY,CAUSES,EVT:STRUCTURAL_OVERLOAD,1
EVT:CONTROL_SURFACE_ANOMALY,CONTRIBUTES_TO,EVT:STRUCTURAL_OVERLOAD,1
EVT:CONTROL_SURFACE_ANOMALY,UNDER_CONDITION,COND:environmental,2
EVT:CONTROL_SURFACE_ANOMALY,CONCURRENT,COND:environmental,2
EVT:CONTROL_SURFACE_ANOMALY,CO_OCCURS,COND:environmental,1
EVT:CONTROL_SURFACE_ANOMALY,UNDER_CONDITION,ENT:component,1
EVT:CONTROL_SURFACE_ANOMALY,CAUSES,EVT:CONTROL_SURFACE_ANOMALY,4
EVT:CONTROL_SURFACE_ANOMALY,TRIGGERS,EVT:CONTROL_SURFACE_ANOMALY,1
EVT:CONTROL_SURFACE_ANOMALY,CONCURRENT,EVT:CONTROL_SURFACE_ANOMALY,1
EVT:CONTROL_SURFACE_ANOMALY,CAUSES,EVT:RUNWAY_EXCURSION_OR_OVERRUN,6
EVT:CONTROL_SURFACE_ANOMALY,INDUCED_CONDITION,COND:aerodynamic,2
EVT:CONTROL_SURFACE_ANOMALY,CAUSES,COND:aerodynamic,2
EVT:CONTROL_SURFACE_ANOMALY,CONTRIBUTES_TO,EVT:TERRAIN_OR_OBSTACLE_PROXIMITY,2
EVT:CONTROL_SURFACE_ANOMALY,CAUSES,EVT:AUTOMATION_ANOMALY,1
EVT:CONTROL_SURFACE_ANOMALY,CONCURRENT,EVT:AUTOMATION_ANOMALY,1
EVT:CONTROL_SURFACE_ANOMALY,RESPONDS_TO,EVT:SUCCESSFUL_RECOVERY,1
EVT:CONTROL_SURFACE_ANOMALY,CAUSES,EVT:LOSS_OF_PRESSURE,1
EVT:CONTROL_SURFACE_ANOMALY,TRIGGERS,EVT:CREW_COORDINATION_FAILURE,1
EVT:CONTROL_SURFACE_ANOMALY,INDUCED_CONDITION,COND:aircraft_configuration,1
EVT:TURBULENCE_ENCOUNTER,CONTRIBUTES_TO,COND:mechanical,1
EVT:TURBULENCE_ENCOUNTER,CAUSES,COND:mechanical,1
EVT:TURBULENCE_ENCOUNTER,CAUSES,EVT:ALTITUDE_DEVIATION_UNCONTROLLED,8
EVT:TURBULENCE_ENCOUNTER,CAUSES,EVT:INJURY_OR_FATALITY,22
EVT:TURBULENCE_ENCOUNTER,TRIGGERS,EVT:INJURY_OR_FATALITY,1
EVT:TURBULENCE_ENCOUNTER,CAUSES,EVT:GROUND_IMPACT,10
EVT:TURBULENCE_ENCOUNTER,CONTRIBUTES_TO,EVT:GROUND_IMPACT,1
EVT:TURBULENCE_ENCOUNTER,CAUSES,COND:aerodynamic,1
EVT:TURBULENCE_ENCOUNTER,INDUCED_CONDITION,COND:aerodynamic,3
EVT:TURBULENCE_ENCOUNTER,CAUSES,EVT:LOSS_OF_CONTROL_INFLIGHT,7
EVT:TURBULENCE_ENCOUNTER,CONTRIBUTES_TO,EVT:LOSS_OF_CONTROL_INFLIGHT,1
EVT:TURBULENCE_ENCOUNTER,UNDER_CONDITION,COND:weather,44
EVT:TURBULENCE_ENCOUNTER,CAUSES,COND:weather,1
EVT:TURBULENCE_ENCOUNTER,CAUSES,EVT:PERCEPTION_FAILURE,2
EVT:TURBULENCE_ENCOUNTER,RESPONDS_TO,EVT:CONTROL_INPUT_IMPROPER,4
EVT:TURBULENCE_ENCOUNTER,CAUSES,EVT:CONTROL_INPUT_IMPROPER,3
EVT:TURBULENCE_ENCOUNTER,CONTRIBUTES_TO,EVT:CONTROL_INPUT_IMPROPER,1
EVT:TURBULENCE_ENCOUNTER,TRIGGERS,EVT:CONTROL_INPUT_IMPROPER,5
EVT:TURBULENCE_ENCOUNTER,CAUSES,EVT:EMERGENCY_LANDING,1
EVT:TURBULENCE_ENCOUNTER,UNDER_CONDITION,COND:environmental,3
EVT:TURBULENCE_ENCOUNTER,INDUCED_CONDITION,COND:environmental,1
EVT:TURBULENCE_ENCOUNTER,RESPONDS_TO,EVT:PROCEDURE_NOT_FOLLOWED,1
EVT:TURBULENCE_ENCOUNTER,PRECEDES,EVT:PROCEDURE_NOT_FOLLOWED,1
EVT:TURBULENCE_ENCOUNTER,CAUSES,EVT:PROCEDURE_NOT_FOLLOWED,1
EVT:TURBULENCE_ENCOUNTER,TRIGGERS,EVT:PROCEDURE_NOT_FOLLOWED,4
EVT:TURBULENCE_ENCOUNTER,ENABLES,COND:hazard,1
EVT:TURBULENCE_ENCOUNTER,INDUCED_CONDITION,COND:human_performance,1
EVT:TURBULENCE_ENCOUNTER,CAUSES,EVT:LOSS_OF_CONTROL_GROUND,3
EVT:TURBULENCE_ENCOUNTER,CONTRIBUTES_TO,EVT:LOSS_OF_CONTROL_GROUND,1
EVT:TURBULENCE_ENCOUNTER,CAUSES,EVT:STALL,2
EVT:TURBULENCE_ENCOUNTER,CAUSES,EVT:WATER_IMPACT,1
EVT:TURBULENCE_ENCOUNTER,TRIGGERS,EVT:DECISION_INAPPROPRIATE,1
EVT:TURBULENCE_ENCOUNTER,RESPONDS_TO,EVT:DECISION_INAPPROPRIATE,1
EVT:TURBULENCE_ENCOUNTER,CAUSES,EVT:DECISION_INAPPROPRIATE,1
EVT:TURBULENCE_ENCOUNTER,CAUSES,EVT:CONTROL_SURFACE_ANOMALY,2
EVT:TURBULENCE_ENCOUNTER,CAUSES,EVT:AUTOMATION_ANOMALY,1
EVT:TURBULENCE_ENCOUNTER,CAUSES,EVT:SUCCESSFUL_RECOVERY,3
EVT:TURBULENCE_ENCOUNTER,CAUSES,EVT:STRUCTURAL_OVERLOAD,1
EVT:TURBULENCE_ENCOUNTER,CAUSES,EVT:GROUND_DAMAGE,1
EVT:TURBULENCE_ENCOUNTER,CAUSES,EVT:AIRFRAME_STRUCTURAL_FAILURE,4
EVT:TURBULENCE_ENCOUNTER,TRIGGERS,EVT:AIRFRAME_STRUCTURAL_FAILURE,1
EVT:TURBULENCE_ENCOUNTER,CAUSES,EVT:INSTRUMENT_OR_AVIONICS_FAILURE,1
EVT:TURBULENCE_ENCOUNTER,TRIGGERS,EVT:INSTRUMENT_OR_AVIONICS_FAILURE,1
EVT:TURBULENCE_ENCOUNTER,CAUSES,EVT:ENGINE_FAILURE,1
EVT:TURBULENCE_ENCOUNTER,CAUSES,COND:operational,1
EVT:TURBULENCE_ENCOUNTER,CAUSES,EVT:GROUND_BOUNCE,1
EVT:TURBULENCE_ENCOUNTER,CONTRIBUTES_TO,EVT:WIND_SHEAR_OR_GUST,1
EVT:TURBULENCE_ENCOUNTER,CAUSES,EVT:RUNWAY_EXCURSION_OR_OVERRUN,1
EVT:INFLIGHT_BREAKUP,CAUSES,EVT:WATER_IMPACT,2
EVT:INFLIGHT_BREAKUP,CAUSES,EVT:INJURY_OR_FATALITY,7
EVT:INFLIGHT_BREAKUP,CAUSES,EVT:GROUND_IMPACT,26
EVT:INFLIGHT_BREAKUP,CAUSES,EVT:SUCCESSFUL_RECOVERY,1
EVT:INFLIGHT_BREAKUP,UNDER_CONDITION,COND:structural,1
EVT:INFLIGHT_BREAKUP,INDUCED_CONDITION,COND:structural,1
EVT:INFLIGHT_BREAKUP,CAUSES,EVT:AIRFRAME_STRUCTURAL_FAILURE,1
EVT:INFLIGHT_BREAKUP,CAUSES,EVT:ENGINE_FAILURE,1
EVT:INFLIGHT_BREAKUP,CAUSES,EVT:LOSS_OF_CONTROL_INFLIGHT,2
EVT:INFLIGHT_BREAKUP,CAUSES,EVT:INFLIGHT_FIRE_OR_SMOKE,1
COND:human_factors,UNDER_CONDITION,EVT:CONTROL_INPUT_IMPROPER,3
COND:human_factors,CAUSES,EVT:CONTROL_INPUT_IMPROPER,5
COND:human_factors,CONTRIBUTES_TO,EVT:CONTROL_INPUT_IMPROPER,7
COND:human_factors,ENABLES,EVT:CONTROL_INPUT_IMPROPER,1
COND:human_factors,CONTRIBUTES_TO,EVT:LOSS_OF_CONTROL_INFLIGHT,2
COND:human_factors,CAUSES,EVT:LOSS_OF_CONTROL_INFLIGHT,1
COND:human_factors,ENABLES,EVT:LOSS_OF_CONTROL_INFLIGHT,1
COND:human_factors,CONTRIBUTES_TO,EVT:PROCEDURE_NOT_FOLLOWED,4
COND:human_factors,CAUSES,EVT:PROCEDURE_NOT_FOLLOWED,11
COND:human_factors,CAUSES,EVT:PERCEPTION_FAILURE,11
COND:human_factors,CONTRIBUTES_TO,EVT:PERCEPTION_FAILURE,5
COND:human_factors,INHIBITS,EVT:PERCEPTION_FAILURE,1
COND:human_factors,CONTRIBUTES_TO,EVT:DECISION_INAPPROPRIATE,6
COND:human_factors,CAUSES,EVT:DECISION_INAPPROPRIATE,4
COND:human_factors,ENABLES,COND:mechanical,1
COND:human_factors,CAUSES,COND:human_factors,4
COND:human_factors,CONTRIBUTES_TO,COND:human_factors,2
COND:human_factors,CAUSES,EVT:GROUND_IMPACT,2
COND:human_factors,ENABLES,EVT:TRAINING_OR_CURRENCY_GAP,1
COND:human_factors,CONTRIBUTES_TO,EVT:INJURY_OR_FATALITY,1
COND:human_factors,CONTRIBUTES_TO,EVT:CREW_COORDINATION_FAILURE,1
COND:human_factors,INHIBITS,EVT:CREW_COORDINATION_FAILURE,1
COND:human_factors,CAUSES,EVT:ALTITUDE_DEVIATION_UNCONTROLLED,1
COND:human_factors,CONTRIBUTES_TO,EVT:RUNWAY_EXCURSION_OR_OVERRUN,1
COND:human_factors,CONTRIBUTES_TO,EVT:LANDING_GEAR_ANOMALY,1
COND:human_factors,CAUSES,EVT:LOSS_OF_CONTROL_GROUND,1
COND:human_factors,UNDER_CONDITION,EVT:SPATIAL_DISORIENTATION,1
COND:resource,CAUSES,EVT:FUEL_SYSTEM_ANOMALY,9
COND:resource,CAUSES,EVT:ENGINE_FAILURE,10
COND:resource,ENABLES,EVT:ENGINE_FAILURE,1
COND:resource,CAUSES,COND:resource,1
COND:resource,UNDER_CONDITION,EVT:DECISION_INAPPROPRIATE,2
COND:resource,CAUSES,EVT:DECISION_INAPPROPRIATE,2
COND:resource,CAUSES,EVT:TERRAIN_OR_OBSTACLE_PROXIMITY,1
COND:resource,CAUSES,EVT:RUNWAY_EXCURSION_OR_OVERRUN,1
COND:resource,CAUSES,EVT:PROCEDURE_NOT_FOLLOWED,1
EVT:FUEL_SYSTEM_ANOMALY,CAUSES,EVT:ENGINE_FAILURE,39
EVT:FUEL_SYSTEM_ANOMALY,CONTRIBUTES_TO,EVT:ENGINE_FAILURE,3
EVT:FUEL_SYSTEM_ANOMALY,UNDER_CONDITION,COND:resource,1
EVT:FUEL_SYSTEM_ANOMALY,INDUCED_CONDITION,COND:resource,2
EVT:FUEL_SYSTEM_ANOMALY,TRIGGERS,EVT:PROCEDURE_NOT_FOLLOWED,2
EVT:FUEL_SYSTEM_ANOMALY,RESPONDS_TO,EVT:PROCEDURE_NOT_FOLLOWED,11
EVT:FUEL_SYSTEM_ANOMALY,CAUSES,EVT:PROCEDURE_NOT_FOLLOWED,1
EVT:FUEL_SYSTEM_ANOMALY,UNDER_CONDITION,COND:mechanical,22
EVT:FUEL_SYSTEM_ANOMALY,INDUCED_CONDITION,COND:mechanical,22
EVT:FUEL_SYSTEM_ANOMALY,CAUSES,COND:mechanical,13
EVT:FUEL_SYSTEM_ANOMALY,DETECTS,COND:mechanical,1
EVT:FUEL_SYSTEM_ANOMALY,INDUCED_CONDITION,COND:environmental,1
EVT:FUEL_SYSTEM_ANOMALY,UNDER_CONDITION,COND:environmental,5
EVT:FUEL_SYSTEM_ANOMALY,INDUCED_CONDITION,COND:fuel_state,1
EVT:FUEL_SYSTEM_ANOMALY,CAUSES,EVT:RUNWAY_EXCURSION_OR_OVERRUN,2
EVT:FUEL_SYSTEM_ANOMALY,CAUSES,EVT:DECISION_INAPPROPRIATE,4
EVT:FUEL_SYSTEM_ANOMALY,TRIGGERS,EVT:DECISION_INAPPROPRIATE,2
EVT:FUEL_SYSTEM_ANOMALY,RESPONDS_TO,EVT:DECISION_INAPPROPRIATE,5
EVT:FUEL_SYSTEM_ANOMALY,CAUSES,EVT:GROUND_IMPACT,13
EVT:FUEL_SYSTEM_ANOMALY,RESPONDS_TO,EVT:EMERGENCY_LANDING,2
EVT:FUEL_SYSTEM_ANOMALY,TRIGGERS,EVT:EMERGENCY_LANDING,3
EVT:FUEL_SYSTEM_ANOMALY,CAUSES,EVT:EMERGENCY_LANDING,7
EVT:FUEL_SYSTEM_ANOMALY,CONCURRENT,EVT:TURBULENCE_ENCOUNTER,1
EVT:FUEL_SYSTEM_ANOMALY,CAUSES,EVT:INFLIGHT_FIRE_OR_SMOKE,5
EVT:FUEL_SYSTEM_ANOMALY,CAUSES,EVT:LOSS_OF_CONTROL_INFLIGHT,5
EVT:FUEL_SYSTEM_ANOMALY,CAUSES,EVT:FUEL_SYSTEM_ANOMALY,1
EVT:FUEL_SYSTEM_ANOMALY,PRECEDES,EVT:FUEL_SYSTEM_ANOMALY,1
EVT:FUEL_SYSTEM_ANOMALY,CAUSES,EVT:WATER_IMPACT,1
EVT:FUEL_SYSTEM_ANOMALY,UNDER_CONDITION,COND:location,1
EVT:FUEL_SYSTEM_ANOMALY,RESPONDS_TO,EVT:CONTROL_INPUT_IMPROPER,4
EVT:FUEL_SYSTEM_ANOMALY,CONTRIBUTES_TO,EVT:STALL,1
EVT:FUEL_SYSTEM_ANOMALY,CAUSES,COND:instrument,1
EVT:FUEL_SYSTEM_ANOMALY,INDUCED_CONDITION,COND:instrument,1
EVT:FUEL_SYSTEM_ANOMALY,CONTRIBUTES_TO,EVT:LOSS_OF_CONTROL_GROUND,1
EVT:FUEL_SYSTEM_ANOMALY,CAUSES,EVT:AIRFRAME_STRUCTURAL_FAILURE,1
EVT:FUEL_SYSTEM_ANOMALY,RESPONDS_TO,EVT:PERCEPTION_FAILURE,1
EVT:FUEL_SYSTEM_ANOMALY,TRIGGERS,EVT:PERCEPTION_FAILURE,1
EVT:FUEL_SYSTEM_ANOMALY,CONTRIBUTES_TO,EVT:PERCEPTION_FAILURE,1
EVT:FUEL_SYSTEM_ANOMALY,CAUSES,EVT:INJURY_OR_FATALITY,1
EVT:FUEL_SYSTEM_ANOMALY,TRIGGERS,EVT:AUTOMATION_ANOMALY,1
EVT:FUEL_SYSTEM_ANOMALY,CAUSES,EVT:CONTROL_SURFACE_ANOMALY,1
EVT:FUEL_SYSTEM_ANOMALY,CAUSES,EVT:INSTRUMENT_OR_AVIONICS_FAILURE,1
EVT:WATER_IMPACT,CAUSES,EVT:INJURY_OR_FATALITY,50
EVT:WATER_IMPACT,CONCURRENT,EVT:INJURY_OR_FATALITY,1
EVT:WATER_IMPACT,CAUSES,EVT:AIRFRAME_STRUCTURAL_FAILURE,4
EVT:WATER_IMPACT,TRIGGERS,EVT:SUCCESSFUL_RECOVERY,3
EVT:WATER_IMPACT,CAUSES,EVT:SUCCESSFUL_RECOVERY,1
EVT:WATER_IMPACT,CAUSES,EVT:WATER_IMPACT,1
EVT:WATER_IMPACT,UNDER_CONDITION,COND:environmental,8
EVT:WATER_IMPACT,INDUCED_CONDITION,COND:environmental,1
EVT:WATER_IMPACT,CAUSES,EVT:LOSS_OF_CONTROL_INFLIGHT,3
EVT:WATER_IMPACT,CAUSES,EVT:GROUND_IMPACT,4
EVT:WATER_IMPACT,CAUSES,EVT:STRUCTURAL_OVERLOAD,6
EVT:WATER_IMPACT,TRIGGERS,EVT:LOSS_OF_CONTROL_GROUND,1
EVT:WATER_IMPACT,CAUSES,EVT:EQUIPMENT_FAILURE,1
EVT:WATER_IMPACT,INDUCED_CONDITION,COND:physiological,1
EVT:WATER_IMPACT,PRECEDES,EVT:PROCEDURE_NOT_FOLLOWED,1
EVT:WATER_IMPACT,CAUSES,EVT:INFLIGHT_BREAKUP,1
EVT:LOW_VISIBILITY_OR_IMC,UNDER_CONDITION,COND:weather,81
EVT:LOW_VISIBILITY_OR_IMC,CO_OCCURS,COND:weather,2
EVT:LOW_VISIBILITY_OR_IMC,CAUSES,COND:weather,1
EVT:LOW_VISIBILITY_OR_IMC,CONTRIBUTES_TO,EVT:GROUND_IMPACT,1
EVT:LOW_VISIBILITY_OR_IMC,CAUSES,EVT:GROUND_IMPACT,12
EVT:LOW_VISIBILITY_OR_IMC,PRECEDES,EVT:GROUND_IMPACT,1
EVT:LOW_VISIBILITY_OR_IMC,INDUCED_CONDITION,COND:pilot_state,1
EVT:LOW_VISIBILITY_OR_IMC,CAUSES,EVT:TERRAIN_OR_OBSTACLE_PROXIMITY,2
EVT:LOW_VISIBILITY_OR_IMC,CAUSES,EVT:CONTROL_INPUT_IMPROPER,2
EVT:LOW_VISIBILITY_OR_IMC,UNDER_CONDITION,EVT:CONTROL_INPUT_IMPROPER,1
EVT:LOW_VISIBILITY_OR_IMC,TRIGGERS,EVT:CONTROL_INPUT_IMPROPER,1
EVT:LOW_VISIBILITY_OR_IMC,RESPONDS_TO,EVT:CONTROL_INPUT_IMPROPER,2
EVT:LOW_VISIBILITY_OR_IMC,CAUSES,EVT:SPATIAL_DISORIENTATION,10
EVT:LOW_VISIBILITY_OR_IMC,CAUSES,EVT:DECISION_INAPPROPRIATE,3
EVT:LOW_VISIBILITY_OR_IMC,TRIGGERS,EVT:DECISION_INAPPROPRIATE,9
EVT:LOW_VISIBILITY_OR_IMC,CONTRIBUTES_TO,EVT:DECISION_INAPPROPRIATE,2
EVT:LOW_VISIBILITY_OR_IMC,CAUSES,EVT:LOSS_OF_CONTROL_INFLIGHT,5
EVT:LOW_VISIBILITY_OR_IMC,UNDER_CONDITION,EVT:LOSS_OF_CONTROL_INFLIGHT,1
EVT:LOW_VISIBILITY_OR_IMC,CAUSES,EVT:PERCEPTION_FAILURE,8
EVT:LOW_VISIBILITY_OR_IMC,INHIBITS,EVT:PERCEPTION_FAILURE,1
EVT:LOW_VISIBILITY_OR_IMC,INDUCED_CONDITION,COND:spatial,1
EVT:LOW_VISIBILITY_OR_IMC,CAUSES,EVT:STRUCTURAL_OVERLOAD,1
EVT:LOW_VISIBILITY_OR_IMC,UNDER_CONDITION,COND:environmental,9
EVT:LOW_VISIBILITY_OR_IMC,ENABLES,COND:environmental,1
EVT:LOW_VISIBILITY_OR_IMC,INDUCED_CONDITION,COND:environmental,1
EVT:LOW_VISIBILITY_OR_IMC,CO_OCCURS,COND:terrain,1
EVT:LOW_VISIBILITY_OR_IMC,UNDER_CONDITION,COND:terrain,2
EVT:LOW_VISIBILITY_OR_IMC,CAUSES,EVT:WATER_IMPACT,1
EVT:LOW_VISIBILITY_OR_IMC,CAUSES,EVT:PROCEDURE_NOT_FOLLOWED,1
EVT:LOW_VISIBILITY_OR_IMC,CONTRIBUTES_TO,EVT:PROCEDURE_NOT_FOLLOWED,1
EVT:LOW_VISIBILITY_OR_IMC,INDUCED_CONDITION,COND:situational_awareness,1
EVT:LOW_VISIBILITY_OR_IMC,CAUSES,EVT:INFLIGHT_BREAKUP,1
EVT:LOW_VISIBILITY_OR_IMC,INDUCED_CONDITION,COND:spatial_reference,1
EVT:GROUND_PERSONNEL_ERROR,CAUSES,EVT:CONTROL_SURFACE_ANOMALY,2
EVT:GROUND_PERSONNEL_ERROR,INHIBITS,EVT:DECISION_INAPPROPRIATE,1
EVT:GROUND_PERSONNEL_ERROR,RESPONDS_TO,EVT:DECISION_INAPPROPRIATE,1
EVT:GROUND_PERSONNEL_ERROR,TRIGGERS,EVT:DECISION_INAPPROPRIATE,1
EVT:GROUND_PERSONNEL_ERROR,CAUSES,EVT:DECISION_INAPPROPRIATE,1
EVT:GROUND_PERSONNEL_ERROR,CONTRIBUTES_TO,EVT:TERRAIN_OR_OBSTACLE_PROXIMITY,1
EVT:GROUND_PERSONNEL_ERROR,CAUSES,EVT:TERRAIN_OR_OBSTACLE_PROXIMITY,1
EVT:GROUND_PERSONNEL_ERROR,CAUSES,EVT:GROUND_PERSONNEL_ERROR,11
EVT:GROUND_PERSONNEL_ERROR,CONCURRENT,EVT:GROUND_PERSONNEL_ERROR,3
EVT:GROUND_PERSONNEL_ERROR,ENABLES,EVT:GROUND_PERSONNEL_ERROR,1
EVT:GROUND_PERSONNEL_ERROR,CONTRIBUTES_TO,EVT:GROUND_PERSONNEL_ERROR,1
EVT:GROUND_PERSONNEL_ERROR,CAUSES,EVT:GROUND_COLLISION,7
EVT:GROUND_PERSONNEL_ERROR,CONTRIBUTES_TO,EVT:GROUND_COLLISION,1
EVT:GROUND_PERSONNEL_ERROR,UNDER_CONDITION,COND:environmental,3
EVT:GROUND_PERSONNEL_ERROR,CAUSES,COND:environmental,5
EVT:GROUND_PERSONNEL_ERROR,INDUCED_CONDITION,COND:environmental,5
EVT:GROUND_PERSONNEL_ERROR,UNDER_CONDITION,COND:mechanical,2
EVT:GROUND_PERSONNEL_ERROR,CAUSES,COND:mechanical,11
EVT:GROUND_PERSONNEL_ERROR,INDUCED_CONDITION,COND:mechanical,3
EVT:GROUND_PERSONNEL_ERROR,CAUSES,EVT:GROUND_IMPACT,14
EVT:GROUND_PERSONNEL_ERROR,CONTRIBUTES_TO,EVT:GROUND_IMPACT,1
EVT:GROUND_PERSONNEL_ERROR,TRIGGERS,EVT:CONTROL_INPUT_IMPROPER,4
EVT:GROUND_PERSONNEL_ERROR,CAUSES,EVT:CONTROL_INPUT_IMPROPER,2
EVT:GROUND_PERSONNEL_ERROR,CONTRIBUTES_TO,EVT:CONTROL_INPUT_IMPROPER,1
EVT:GROUND_PERSONNEL_ERROR,CAUSES,EVT:LANDING_GEAR_ANOMALY,2
EVT:GROUND_PERSONNEL_ERROR,CAUSES,EVT:MIDAIR_COLLISION,2
EVT:GROUND_PERSONNEL_ERROR,CAUSES,EVT:RUNWAY_EXCURSION_OR_OVERRUN,1
EVT:GROUND_PERSONNEL_ERROR,CAUSES,EVT:STRUCTURAL_OVERLOAD,1
EVT:GROUND_PERSONNEL_ERROR,AFFECTS,ENT:aircraft,1
EVT:GROUND_PERSONNEL_ERROR,CAUSES,ENT:aircraft,1
EVT:GROUND_PERSONNEL_ERROR,CAUSES,EVT:GROUND_DAMAGE,7
EVT:GROUND_PERSONNEL_ERROR,UNDER_CONDITION,COND:weather,1
EVT:GROUND_PERSONNEL_ERROR,CONTRIBUTES_TO,EVT:INJURY_OR_FATALITY,1
EVT:GROUND_PERSONNEL_ERROR,CAUSES,EVT:INJURY_OR_FATALITY,2
EVT:GROUND_PERSONNEL_ERROR,RESPONDS_TO,EVT:PERCEPTION_FAILURE,1
EVT:GROUND_PERSONNEL_ERROR,INHIBITS,EVT:PERCEPTION_FAILURE,1
EVT:GROUND_PERSONNEL_ERROR,TRIGGERS,EVT:PERCEPTION_FAILURE,1
EVT:GROUND_PERSONNEL_ERROR,CONTRIBUTES_TO,EVT:PERCEPTION_FAILURE,1
EVT:GROUND_PERSONNEL_ERROR,CAUSES,EVT:PERCEPTION_FAILURE,1
EVT:GROUND_PERSONNEL_ERROR,INDUCED_CONDITION,COND:communication,1
EVT:GROUND_PERSONNEL_ERROR,CAUSES,COND:communication,1
EVT:GROUND_PERSONNEL_ERROR,CAUSES,COND:perception,1
EVT:GROUND_PERSONNEL_ERROR,CONCURRENT,EVT:PROCEDURE_NOT_FOLLOWED,1
EVT:GROUND_PERSONNEL_ERROR,RESPONDS_TO,EVT:PROCEDURE_NOT_FOLLOWED,1
EVT:GROUND_PERSONNEL_ERROR,CAUSES,COND:spatial,2
EVT:GROUND_PERSONNEL_ERROR,INDUCED_CONDITION,COND:procedural,1
EVT:GROUND_PERSONNEL_ERROR,INDUCED_CONDITION,COND:situational,1
EVT:GROUND_PERSONNEL_ERROR,CAUSES,COND:physical,2
EVT:GROUND_PERSONNEL_ERROR,CAUSES,COND:regulatory,1
EVT:GROUND_PERSONNEL_ERROR,RESPONDS_TO,EVT:CREW_COORDINATION_FAILURE,1
EVT:GROUND_PERSONNEL_ERROR,UNDER_CONDITION,COND:human,1
EVT:GROUND_PERSONNEL_ERROR,CONTRIBUTES_TO,EVT:ENGINE_FAILURE,1
EVT:GROUND_PERSONNEL_ERROR,CONCURRENT,EVT:TAXI_INCIDENT,1
EVT:GROUND_PERSONNEL_ERROR,AFFECTED_BY,ENT:equipment,1
EVT:GROUND_PERSONNEL_ERROR,PERFORMED_BY,ENT:person,1
ENT:component,SUPERVISED_BY,COND:mechanical,1
ENT:component,UNDER_CONDITION,COND:mechanical,7
ENT:component,ENABLES,COND:mechanical,1
ENT:component,HAS_CONDITION,COND:mechanical,4
ENT:component,CAUSES,COND:mechanical,2
ENT:component,CAUSES,EVT:ENGINE_FAILURE,3
ENT:component,CAUSES,EVT:INSTRUMENT_OR_AVIONICS_FAILURE,1
ENT:component,UNDER_CONDITION,EVT:AIRFRAME_STRUCTURAL_FAILURE,1
ENT:component,CAUSES,EVT:AIRFRAME_STRUCTURAL_FAILURE,1
ENT:component,SUPERVISED_BY,ENT:component,2
ENT:component,UNDER_CONDITION,COND:material,1
ENT:component,SUPERVISED_BY,ENT:object,1
ENT:component,UNDER_CONDITION,EVT:GROUND_PERSONNEL_ERROR,1
EVT:INSTRUMENT_OR_AVIONICS_FAILURE,INDUCED_CONDITION,COND:mechanical,19
EVT:INSTRUMENT_OR_AVIONICS_FAILURE,UNDER_CONDITION,COND:mechanical,37
EVT:INSTRUMENT_OR_AVIONICS_FAILURE,MASKED_BY_CONDITION,COND:mechanical,1
EVT:INSTRUMENT_OR_AVIONICS_FAILURE,CAUSES,COND:mechanical,10
EVT:INSTRUMENT_OR_AVIONICS_FAILURE,DETECTS,COND:mechanical,1
EVT:INSTRUMENT_OR_AVIONICS_FAILURE,CONTRIBUTES_TO,EVT:EMERGENCY_LANDING,1
EVT:INSTRUMENT_OR_AVIONICS_FAILURE,CAUSES,EVT:EMERGENCY_LANDING,3
EVT:INSTRUMENT_OR_AVIONICS_FAILURE,RESPONDS_TO,EVT:PROCEDURE_NOT_FOLLOWED,20
EVT:INSTRUMENT_OR_AVIONICS_FAILURE,CONTRIBUTES_TO,EVT:PROCEDURE_NOT_FOLLOWED,2
EVT:INSTRUMENT_OR_AVIONICS_FAILURE,TRIGGERS,EVT:PROCEDURE_NOT_FOLLOWED,8
EVT:INSTRUMENT_OR_AVIONICS_FAILURE,MASKED_BY_CONDITION,EVT:PROCEDURE_NOT_FOLLOWED,2
EVT:INSTRUMENT_OR_AVIONICS_FAILURE,ENABLES,EVT:PROCEDURE_NOT_FOLLOWED,1
EVT:INSTRUMENT_OR_AVIONICS_FAILURE,INHIBITS,EVT:PROCEDURE_NOT_FOLLOWED,1
EVT:INSTRUMENT_OR_AVIONICS_FAILURE,CAUSES,EVT:ALTITUDE_DEVIATION_UNCONTROLLED,3
EVT:INSTRUMENT_OR_AVIONICS_FAILURE,RESPONDS_TO,EVT:CONTROL_INPUT_IMPROPER,3
EVT:INSTRUMENT_OR_AVIONICS_FAILURE,TRIGGERS,EVT:CONTROL_INPUT_IMPROPER,1
EVT:INSTRUMENT_OR_AVIONICS_FAILURE,ENABLES,EVT:CONTROL_INPUT_IMPROPER,1
EVT:INSTRUMENT_OR_AVIONICS_FAILURE,CONTRIBUTES_TO,EVT:CONTROL_INPUT_IMPROPER,1
EVT:INSTRUMENT_OR_AVIONICS_FAILURE,UNDER_CONDITION,COND:environmental,2
EVT:INSTRUMENT_OR_AVIONICS_FAILURE,CAUSES,COND:environmental,2
EVT:INSTRUMENT_OR_AVIONICS_FAILURE,CAUSES,EVT:DECISION_INAPPROPRIATE,10
EVT:INSTRUMENT_OR_AVIONICS_FAILURE,TRIGGERS,EVT:DECISION_INAPPROPRIATE,4
EVT:INSTRUMENT_OR_AVIONICS_FAILURE,RESPONDS_TO,EVT:DECISION_INAPPROPRIATE,5
EVT:INSTRUMENT_OR_AVIONICS_FAILURE,CAUSES,EVT:SPATIAL_DISORIENTATION,1
EVT:INSTRUMENT_OR_AVIONICS_FAILURE,CAUSES,EVT:LANDING_GEAR_ANOMALY,2
EVT:INSTRUMENT_OR_AVIONICS_FAILURE,INHIBITS,EVT:LANDING_GEAR_ANOMALY,1
EVT:INSTRUMENT_OR_AVIONICS_FAILURE,RESPONDS_TO,EVT:MAINTENANCE_INADEQUATE,3
EVT:INSTRUMENT_OR_AVIONICS_FAILURE,CONTRIBUTES_TO,EVT:GROUND_IMPACT,2
EVT:INSTRUMENT_OR_AVIONICS_FAILURE,CAUSES,EVT:GROUND_IMPACT,1
EVT:INSTRUMENT_OR_AVIONICS_FAILURE,TRIGGERS,EVT:PERCEPTION_FAILURE,5
EVT:INSTRUMENT_OR_AVIONICS_FAILURE,RESPONDS_TO,EVT:PERCEPTION_FAILURE,3
EVT:INSTRUMENT_OR_AVIONICS_FAILURE,INHIBITS,EVT:PERCEPTION_FAILURE,1
EVT:INSTRUMENT_OR_AVIONICS_FAILURE,MASKED_BY_CONDITION,EVT:PERCEPTION_FAILURE,2
EVT:INSTRUMENT_OR_AVIONICS_FAILURE,CAUSES,EVT:PERCEPTION_FAILURE,4
EVT:INSTRUMENT_OR_AVIONICS_FAILURE,CONTRIBUTES_TO,EVT:PERCEPTION_FAILURE,2
EVT:INSTRUMENT_OR_AVIONICS_FAILURE,INDUCED_CONDITION,COND:instrument,2
EVT:INSTRUMENT_OR_AVIONICS_FAILURE,TRIGGERS,EVT:INSTRUMENT_OR_AVIONICS_FAILURE,2
EVT:INSTRUMENT_OR_AVIONICS_FAILURE,CAUSES,EVT:INSTRUMENT_OR_AVIONICS_FAILURE,7
EVT:INSTRUMENT_OR_AVIONICS_FAILURE,CONCURRENT,EVT:INSTRUMENT_OR_AVIONICS_FAILURE,1
EVT:INSTRUMENT_OR_AVIONICS_FAILURE,RESPONDS_TO,EVT:PROCEDURE_FOLLOWED,1
EVT:INSTRUMENT_OR_AVIONICS_FAILURE,CAUSES,EVT:SUCCESSFUL_RECOVERY,1
EVT:INSTRUMENT_OR_AVIONICS_FAILURE,CAUSES,EVT:INFLIGHT_FIRE_OR_SMOKE,1
EVT:INSTRUMENT_OR_AVIONICS_FAILURE,INDUCED_CONDITION,COND:configuration,1
EVT:INSTRUMENT_OR_AVIONICS_FAILURE,TRIGGERS,EVT:AIRFRAME_STRUCTURAL_FAILURE,1
EVT:INSTRUMENT_OR_AVIONICS_FAILURE,UNDER_CONDITION,ENT:component,1
EVT:INSTRUMENT_OR_AVIONICS_FAILURE,INDUCED_CONDITION,COND:equipment,2
EVT:INSTRUMENT_OR_AVIONICS_FAILURE,UNDER_CONDITION,COND:equipment,1
EVT:INSTRUMENT_OR_AVIONICS_FAILURE,CAUSES,EVT:ENGINE_FAILURE,4
EVT:INSTRUMENT_OR_AVIONICS_FAILURE,CONCURRENT,EVT:ENGINE_FAILURE,1
EVT:INSTRUMENT_OR_AVIONICS_FAILURE,CONTRIBUTES_TO,EVT:ENGINE_FAILURE,1
EVT:INSTRUMENT_OR_AVIONICS_FAILURE,CAUSES,COND:system,1
EVT:INSTRUMENT_OR_AVIONICS_FAILURE,CONTRIBUTES_TO,EVT:TERRAIN_OR_OBSTACLE_PROXIMITY,1
EVT:INSTRUMENT_OR_AVIONICS_FAILURE,CAUSES,COND:auditory,1
EVT:INSTRUMENT_OR_AVIONICS_FAILURE,INDUCED_CONDITION,COND:communication,1
EVT:INSTRUMENT_OR_AVIONICS_FAILURE,INDUCED_CONDITION,COND:instrument_error,1
EVT:INSTRUMENT_OR_AVIONICS_FAILURE,CAUSES,COND:psychological,1
EVT:INSTRUMENT_OR_AVIONICS_FAILURE,CONTRIBUTES_TO,EVT:RUNWAY_EXCURSION_OR_OVERRUN,1
EVT:SPATIAL_DISORIENTATION,UNDER_CONDITION,COND:weather,7
EVT:SPATIAL_DISORIENTATION,CAUSES,EVT:GROUND_IMPACT,38
EVT:SPATIAL_DISORIENTATION,CAUSES,EVT:LOSS_OF_CONTROL_INFLIGHT,10
EVT:SPATIAL_DISORIENTATION,UNDER_CONDITION,COND:terrain,3
EVT:SPATIAL_DISORIENTATION,CAUSES,COND:terrain,1
EVT:SPATIAL_DISORIENTATION,CAUSES,EVT:ALTITUDE_DEVIATION_UNCONTROLLED,6
EVT:SPATIAL_DISORIENTATION,CAUSES,EVT:PERCEPTION_FAILURE,3
EVT:SPATIAL_DISORIENTATION,CAUSES,EVT:TERRAIN_OR_OBSTACLE_PROXIMITY,3
EVT:SPATIAL_DISORIENTATION,CAUSES,EVT:CONTROL_INPUT_IMPROPER,7
EVT:SPATIAL_DISORIENTATION,RESPONDS_TO,EVT:CONTROL_INPUT_IMPROPER,1
EVT:SPATIAL_DISORIENTATION,INDUCED_CONDITION,COND:spatial,2
EVT:SPATIAL_DISORIENTATION,CAUSES,EVT:WATER_IMPACT,3
EVT:SPATIAL_DISORIENTATION,UNDER_CONDITION,COND:environmental,3
EVT:SPATIAL_DISORIENTATION,CAUSES,EVT:DECISION_INAPPROPRIATE,1
EVT:SPATIAL_DISORIENTATION,CAUSES,EVT:PROCEDURE_NOT_FOLLOWED,1
EVT:SPATIAL_DISORIENTATION,RESPONDS_TO,EVT:PROCEDURE_NOT_FOLLOWED,1
EVT:SPATIAL_DISORIENTATION,INDUCED_CONDITION,COND:physiological,1
EVT:SPATIAL_DISORIENTATION,CAUSES,EVT:ENGINE_FAILURE,1
EVT:SPATIAL_DISORIENTATION,INDUCED_CONDITION,COND:human_factors,1
EVT:SPATIAL_DISORIENTATION,UNDER_CONDITION,COND:other,1
EVT:SPATIAL_DISORIENTATION,CAUSES,EVT:PILOT_INCAPACITATION_OR_IMPAIRMENT,1
EVT:SPATIAL_DISORIENTATION,CAUSES,EVT:STRUCTURAL_OVERLOAD,1
COND:cognitive,CAUSES,COND:resource_depletion,1
COND:cognitive,CAUSES,EVT:PERCEPTION_FAILURE,8
COND:cognitive,CONTRIBUTES_TO,EVT:PERCEPTION_FAILURE,1
COND:cognitive,MASKED_BY_CONDITION,EVT:PERCEPTION_FAILURE,1
COND:cognitive,CAUSES,EVT:DECISION_INAPPROPRIATE,8
COND:cognitive,CONTRIBUTES_TO,EVT:DECISION_INAPPROPRIATE,1
COND:cognitive,CAUSES,EVT:LOSS_OF_CONTROL_INFLIGHT,1
COND:cognitive,CONTRIBUTES_TO,EVT:PROCEDURE_NOT_FOLLOWED,3
COND:cognitive,CAUSES,EVT:PROCEDURE_NOT_FOLLOWED,13
COND:cognitive,CAUSES,EVT:CONTROL_INPUT_IMPROPER,5
COND:cognitive,CAUSES,COND:mechanical,4
COND:cognitive,CAUSES,EVT:RUNWAY_EXCURSION_OR_OVERRUN,2
COND:cognitive,CAUSES,COND:cognitive,1
COND:cognitive,UNDER_CONDITION,EVT:SPATIAL_DISORIENTATION,1
COND:resource_depletion,UNDER_CONDITION,EVT:FUEL_SYSTEM_ANOMALY,1
COND:resource_depletion,CAUSES,EVT:ENGINE_FAILURE,2
COND:surface,CAUSES,EVT:RUNWAY_EXCURSION_OR_OVERRUN,4
COND:surface,CONTRIBUTES_TO,EVT:RUNWAY_EXCURSION_OR_OVERRUN,2
COND:surface,UNDER_CONDITION,EVT:RUNWAY_EXCURSION_OR_OVERRUN,1
COND:surface,ENABLES,EVT:LOSS_OF_CONTROL_GROUND,1
COND:surface,CONTRIBUTES_TO,EVT:CONTROL_INPUT_IMPROPER,1
COND:surface,CAUSES,EVT:GROUND_IMPACT,1
COND:fatigue,CONTRIBUTES_TO,EVT:DECISION_INAPPROPRIATE,3
COND:fatigue,UNDER_CONDITION,EVT:TRAINING_OR_CURRENCY_GAP,1
COND:fatigue,UNDER_CONDITION,ENT:person,1
COND:fatigue,CONTRIBUTES_TO,EVT:CONTROL_INPUT_IMPROPER,2
COND:fatigue,CONTRIBUTES_TO,EVT:PROCEDURE_NOT_FOLLOWED,1
COND:fatigue,CONTRIBUTES_TO,COND:fuel,1
COND:fatigue,CONTRIBUTES_TO,EVT:PERCEPTION_FAILURE,3
COND:fatigue,CAUSES,EVT:PERCEPTION_FAILURE,1
COND:fatigue,CONTRIBUTES_TO,COND:distraction,1
COND:fuel_state,CAUSES,EVT:FUEL_SYSTEM_ANOMALY,7
COND:fuel_state,CAUSES,EVT:ENGINE_FAILURE,15
COND:fuel_state,CAUSES,COND:fuel_flow,1
COND:fuel_state,CAUSES,EVT:DECISION_INAPPROPRIATE,2
COND:fuel_state,CAUSES,EVT:PERCEPTION_FAILURE,1
COND:fuel_state,INDUCED_CONDITION,COND:fuel_state,1
COND:fuel_state,CAUSES,COND:fuel_state,1
ENT:aircraft,UNDER_CONDITION,EVT:DECISION_INAPPROPRIATE,1
ENT:aircraft,CAUSES,COND:environmental,1
ENT:aircraft,CAUSES,COND:weather,1
ENT:aircraft,CAUSES,EVT:TURBULENCE_ENCOUNTER,1
EVT:SUCCESSFUL_RECOVERY,PRECEDES,EVT:GROUND_MOVEMENT,1
EVT:SUCCESSFUL_RECOVERY,PRECEDES,EVT:CONTROL_INPUT_IMPROPER,2
EVT:SUCCESSFUL_RECOVERY,CAUSES,EVT:GROUND_IMPACT,3
EVT:SUCCESSFUL_RECOVERY,CONCURRENT,EVT:GROUND_IMPACT,1
EVT:SUCCESSFUL_RECOVERY,MITIGATES,EVT:GROUND_IMPACT,1
EVT:SUCCESSFUL_RECOVERY,PRECEDES,EVT:GROUND_IMPACT,1
EVT:SUCCESSFUL_RECOVERY,CONTRIBUTES_TO,EVT:GROUND_IMPACT,1
EVT:SUCCESSFUL_RECOVERY,INDUCED_CONDITION,COND:environmental,1
EVT:SUCCESSFUL_RECOVERY,CAUSES,EVT:EMERGENCY_LANDING,3
EVT:SUCCESSFUL_RECOVERY,ENABLES,EVT:EMERGENCY_LANDING,1
EVT:SUCCESSFUL_RECOVERY,PRECEDES,EVT:EMERGENCY_LANDING,1
EVT:SUCCESSFUL_RECOVERY,CAUSES,EVT:INJURY_OR_FATALITY,4
EVT:SUCCESSFUL_RECOVERY,PRECEDES,EVT:PROCEDURE_NOT_FOLLOWED,3
EVT:SUCCESSFUL_RECOVERY,RESPONDS_TO,EVT:PROCEDURE_NOT_FOLLOWED,1
EVT:SUCCESSFUL_RECOVERY,INDUCED_CONDITION,COND:mechanical,1
EVT:SUCCESSFUL_RECOVERY,RESPONDS_TO,EVT:INFLIGHT_FIRE_OR_SMOKE,1
EVT:SUCCESSFUL_RECOVERY,PRECEDES,EVT:INFLIGHT_FIRE_OR_SMOKE,1
EVT:SUCCESSFUL_RECOVERY,CAUSES,EVT:SUCCESSFUL_RECOVERY,1
EVT:SUCCESSFUL_RECOVERY,CONCURRENT,EVT:SUCCESSFUL_RECOVERY,1
EVT:SUCCESSFUL_RECOVERY,CAUSES,EVT:DECISION_INAPPROPRIATE,2
EVT:SUCCESSFUL_RECOVERY,CAUSES,EVT:RUNWAY_EXCURSION_OR_OVERRUN,2
COND:latent_defect,CAUSES,COND:mental_model,1
COND:latent_defect,CAUSES,COND:mechanical,13
COND:latent_defect,CONTRIBUTES_TO,COND:mechanical,1
COND:latent_defect,ENABLES,COND:mechanical,1
COND:latent_defect,CAUSES,EVT:PERCEPTION_FAILURE,1
COND:latent_defect,CONTRIBUTES_TO,EVT:PERCEPTION_FAILURE,1
COND:latent_defect,MASKED_BY_CONDITION,EVT:PERCEPTION_FAILURE,1
COND:latent_defect,CONTRIBUTES_TO,EVT:STALL,1
COND:latent_defect,INHIBITS,EVT:MAINTENANCE_INADEQUATE,1
COND:latent_defect,CAUSES,COND:weight_balance,1
COND:latent_defect,ENABLES,EVT:TERRAIN_OR_OBSTACLE_PROXIMITY,1
COND:latent_defect,CONTRIBUTES_TO,EVT:LOSS_OF_CONTROL_INFLIGHT,1
COND:latent_defect,CAUSES,EVT:ENGINE_FAILURE,1
COND:latent_defect,CONTRIBUTES_TO,EVT:PROCEDURE_NOT_FOLLOWED,1
COND:latent_defect,CONTRIBUTES_TO,EVT:DECISION_INAPPROPRIATE,1
COND:latent_defect,CAUSES,EVT:DECISION_INAPPROPRIATE,1
COND:latent_defect,CONTRIBUTES_TO,COND:training_or_currency_gap,1
COND:latent_defect,CONTRIBUTES_TO,EVT:CONTROL_INPUT_IMPROPER,1
COND:latent_defect,CAUSES,EVT:LANDING_GEAR_ANOMALY,1
COND:latent_defect,ENABLES,EVT:RUNWAY_EXCURSION_OR_OVERRUN,1
COND:mental_model,CAUSES,EVT:PERCEPTION_FAILURE,1
COND:mental_model,CAUSES,EVT:DECISION_INAPPROPRIATE,1
COND:weight,CAUSES,EVT:LOSS_OF_CONTROL_INFLIGHT,4
COND:weight,CONTRIBUTES_TO,EVT:LOSS_OF_CONTROL_INFLIGHT,1
COND:weight,CAUSES,EVT:LOSS_OF_CONTROL_GROUND,2
COND:weight,CAUSES,EVT:TERRAIN_OR_OBSTACLE_PROXIMITY,2
COND:weight,CAUSES,COND:aerodynamic,3
COND:weight,CONTRIBUTES_TO,COND:aerodynamic,1
COND:weight,CAUSES,COND:performance,2
COND:weight,CONTRIBUTES_TO,EVT:CONTROL_INPUT_IMPROPER,2
COND:weight,UNDER_CONDITION,EVT:EMERGENCY_LANDING,1
COND:weight,CONTRIBUTES_TO,EVT:STALL,1
COND:weight,CONTRIBUTES_TO,EVT:ALTITUDE_DEVIATION_UNCONTROLLED,1
COND:ergonomic,CONTRIBUTES_TO,EVT:CONTROL_INPUT_IMPROPER,2
EVT:TAKEOFF,PRECEDES,EVT:CONTROL_INPUT_IMPROPER,1
EVT:TAKEOFF,CAUSES,EVT:CONTROL_INPUT_IMPROPER,1
EVT:TAKEOFF,UNDER_CONDITION,COND:weather,1
EVT:TAKEOFF,UNDER_CONDITION,COND:environmental,4
EVT:TAKEOFF,CAUSES,EVT:LOSS_OF_CONTROL_INFLIGHT,1
EVT:TAKEOFF,PRECEDES,EVT:ROTATION,1
EVT:TAKEOFF,PRECEDES,EVT:ENGINE_FAILURE,3
EVT:TAKEOFF,CAUSES,EVT:ENGINE_FAILURE,1
EVT:TAKEOFF,TRIGGERS,EVT:ENGINE_FAILURE,1
EVT:TAKEOFF,CAUSES,EVT:LOW_VISIBILITY_OR_IMC,1
EVT:TAKEOFF,CAUSES,EVT:GROUND_IMPACT,2
EVT:TAKEOFF,PRECEDES,EVT:AIRFRAME_STRUCTURAL_FAILURE,1
COND:unknown,CAUSES,EVT:LOSS_OF_CONTROL_INFLIGHT,6
COND:unknown,UNDER_CONDITION,EVT:LOSS_OF_CONTROL_INFLIGHT,1
COND:unknown,CAUSES,EVT:PERCEPTION_FAILURE,2
COND:unknown,CAUSES,EVT:GROUND_IMPACT,6
COND:unknown,UNDER_CONDITION,EVT:GROUND_IMPACT,1
COND:unknown,CAUSES,EVT:RUNWAY_EXCURSION_OR_OVERRUN,3
COND:unknown,CAUSES,EVT:AIRFRAME_STRUCTURAL_FAILURE,1
COND:unknown,TRIGGERS,EVT:CONTROL_INPUT_IMPROPER,1
COND:unknown,CAUSES,EVT:CONTROL_INPUT_IMPROPER,1
COND:unknown,CAUSES,EVT:ALTITUDE_DEVIATION_UNCONTROLLED,2
COND:unknown,INDUCED_CONDITION,EVT:PILOT_INCAPACITATION_OR_IMPAIRMENT,1
COND:unknown,CAUSES,COND:unknown,1
COND:unknown,CAUSES,EVT:LOSS_OF_CONTROL_GROUND,1
COND:unknown,CAUSES,EVT:PROCEDURE_NOT_FOLLOWED,1
COND:structural,CAUSES,EVT:AIRFRAME_STRUCTURAL_FAILURE,3
COND:structural,INDUCED_CONDITION,EVT:AIRFRAME_STRUCTURAL_FAILURE,1
COND:structural,CAUSES,EVT:LANDING_GEAR_ANOMALY,4
COND:structural,CAUSES,EVT:GROUND_IMPACT,1
COND:structural,CAUSES,EVT:INFLIGHT_BREAKUP,1
COND:structural,CAUSES,COND:structural,1
COND:structural,CONTRIBUTES_TO,EVT:INJURY_OR_FATALITY,1
COND:structural,CAUSES,EVT:EMERGENCY_LANDING,1
COND:structural,UNDER_CONDITION,EVT:DECISION_INAPPROPRIATE,1
COND:operational,ENABLES,EVT:DECISION_INAPPROPRIATE,3
COND:operational,CONTRIBUTES_TO,EVT:DECISION_INAPPROPRIATE,6
COND:operational,UNDER_CONDITION,EVT:DECISION_INAPPROPRIATE,2
COND:operational,CAUSES,EVT:DECISION_INAPPROPRIATE,2
COND:operational,CAUSES,EVT:RUNWAY_EXCURSION_OR_OVERRUN,2
COND:operational,CONTRIBUTES_TO,EVT:RUNWAY_EXCURSION_OR_OVERRUN,2
COND:operational,CAUSES,EVT:FUEL_SYSTEM_ANOMALY,2
COND:operational,INDUCED_CONDITION,EVT:FUEL_SYSTEM_ANOMALY,1
COND:operational,CONTRIBUTES_TO,EVT:FUEL_SYSTEM_ANOMALY,1
COND:operational,ENABLES,EVT:PROCEDURE_NOT_FOLLOWED,3
COND:operational,UNDER_CONDITION,EVT:PROCEDURE_NOT_FOLLOWED,3
COND:operational,CAUSES,EVT:PROCEDURE_NOT_FOLLOWED,1
COND:operational,CONTRIBUTES_TO,EVT:PROCEDURE_NOT_FOLLOWED,2
COND:operational,CAUSES,COND:mechanical,7
COND:operational,CONTRIBUTES_TO,EVT:LOSS_OF_CONTROL_INFLIGHT,3
COND:operational,INHIBITS,EVT:LOSS_OF_CONTROL_INFLIGHT,1
COND:operational,CAUSES,EVT:LOSS_OF_CONTROL_INFLIGHT,1
COND:operational,CONTRIBUTES_TO,EVT:LOW_VISIBILITY_OR_IMC,2
COND:operational,CAUSES,EVT:ENGINE_FAILURE,1
COND:operational,CONTRIBUTES_TO,EVT:ENGINE_FAILURE,2
COND:operational,CONTRIBUTES_TO,EVT:CONTROL_INPUT_IMPROPER,5
COND:operational,CONTRIBUTES_TO,EVT:INJURY_OR_FATALITY,3
COND:operational,CAUSES,COND:aerodynamic,1
COND:operational,ENABLES,EVT:TERRAIN_OR_OBSTACLE_PROXIMITY,1
COND:operational,CAUSES,EVT:GROUND_DAMAGE,1
COND:operational,CONTRIBUTES_TO,EVT:CREW_COORDINATION_FAILURE,1
COND:operational,ENABLES,EVT:TRAINING_OR_CURRENCY_GAP,1
COND:operational,CONTEXT,ENT:aircraft,1
COND:operational,CAUSES,EVT:EMERGENCY_LANDING,2
COND:operational,CONTRIBUTES_TO,EVT:LANDING_GEAR_ANOMALY,2
COND:operational,CAUSES,EVT:GROUND_IMPACT,2
COND:physiological,CAUSES,EVT:DECISION_INAPPROPRIATE,2
COND:physiological,CONTRIBUTES_TO,EVT:DECISION_INAPPROPRIATE,2
COND:physiological,CAUSES,EVT:PROCEDURE_NOT_FOLLOWED,5
COND:physiological,ENABLES,EVT:PROCEDURE_NOT_FOLLOWED,1
COND:physiological,CONTRIBUTES_TO,EVT:PROCEDURE_NOT_FOLLOWED,1
COND:physiological,CAUSES,EVT:SPATIAL_DISORIENTATION,3
COND:physiological,UNDER_CONDITION,EVT:SPATIAL_DISORIENTATION,1
COND:physiological,INDUCED_CONDITION,EVT:SPATIAL_DISORIENTATION,1
COND:physiological,CAUSES,EVT:LOSS_OF_CONTROL_INFLIGHT,2
COND:physiological,CAUSES,EVT:PERCEPTION_FAILURE,1
COND:physiological,CAUSES,EVT:PILOT_INCAPACITATION_OR_IMPAIRMENT,8
COND:physiological,UNDER_CONDITION,EVT:PILOT_INCAPACITATION_OR_IMPAIRMENT,1
COND:physiological,CAUSES,EVT:INJURY_OR_FATALITY,2
COND:physiological,CAUSES,EVT:CONTROL_INPUT_IMPROPER,3
COND:physiological,CONTRIBUTES_TO,EVT:CONTROL_INPUT_IMPROPER,2
COND:physiological,CONTRIBUTES_TO,EVT:ALTITUDE_DEVIATION_UNCONTROLLED,1
COND:physiological,CAUSES,EVT:ALTITUDE_DEVIATION_UNCONTROLLED,1
COND:physiological,CONTRIBUTES_TO,COND:mechanical,1
EVT:BIRD_OR_WILDLIFE_STRIKE,CAUSES,COND:mechanical,13
EVT:BIRD_OR_WILDLIFE_STRIKE,TRIGGERS,COND:mechanical,1
EVT:BIRD_OR_WILDLIFE_STRIKE,INDUCED_CONDITION,COND:mechanical,1
EVT:BIRD_OR_WILDLIFE_STRIKE,CONCURRENT,EVT:PROCEDURE_NOT_FOLLOWED,1
EVT:BIRD_OR_WILDLIFE_STRIKE,TRIGGERS,EVT:PROCEDURE_NOT_FOLLOWED,5
EVT:BIRD_OR_WILDLIFE_STRIKE,MASKED_BY_CONDITION,EVT:PROCEDURE_NOT_FOLLOWED,1
EVT:BIRD_OR_WILDLIFE_STRIKE,CAUSES,EVT:AIRFRAME_STRUCTURAL_FAILURE,15
EVT:BIRD_OR_WILDLIFE_STRIKE,UNDER_CONDITION,COND:weather,1
EVT:BIRD_OR_WILDLIFE_STRIKE,TRIGGERS,EVT:DECISION_INAPPROPRIATE,6
EVT:BIRD_OR_WILDLIFE_STRIKE,CAUSES,EVT:DECISION_INAPPROPRIATE,2
EVT:BIRD_OR_WILDLIFE_STRIKE,UNDER_CONDITION,COND:environmental,2
EVT:BIRD_OR_WILDLIFE_STRIKE,INDUCED_CONDITION,COND:environmental,1
EVT:BIRD_OR_WILDLIFE_STRIKE,CO_OCCURS,COND:environmental,1
EVT:BIRD_OR_WILDLIFE_STRIKE,TRIGGERS,EVT:CREW_COORDINATION_FAILURE,1
EVT:BIRD_OR_WILDLIFE_STRIKE,CAUSES,COND:physiological,1
EVT:BIRD_OR_WILDLIFE_STRIKE,CAUSES,EVT:ENGINE_FAILURE,3
EVT:BIRD_OR_WILDLIFE_STRIKE,RESPONDS_TO,EVT:CONTROL_INPUT_IMPROPER,1
EVT:BIRD_OR_WILDLIFE_STRIKE,TRIGGERS,EVT:CONTROL_INPUT_IMPROPER,8
EVT:BIRD_OR_WILDLIFE_STRIKE,CAUSES,EVT:GROUND_IMPACT,6
EVT:BIRD_OR_WILDLIFE_STRIKE,CAUSES,EVT:LOSS_OF_CONTROL_INFLIGHT,3
EVT:BIRD_OR_WILDLIFE_STRIKE,CONTRIBUTES_TO,EVT:LOSS_OF_CONTROL_INFLIGHT,1
EVT:BIRD_OR_WILDLIFE_STRIKE,CAUSES,EVT:INFLIGHT_FIRE_OR_SMOKE,1
EVT:BIRD_OR_WILDLIFE_STRIKE,CAUSES,EVT:EMERGENCY_LANDING,4
EVT:BIRD_OR_WILDLIFE_STRIKE,AFFECTED_BY,ENT:aircraft,1
EVT:BIRD_OR_WILDLIFE_STRIKE,CAUSES,EVT:BIRD_OR_WILDLIFE_STRIKE,2
EVT:BIRD_OR_WILDLIFE_STRIKE,CAUSES,EVT:SUCCESSFUL_RECOVERY,4
EVT:BIRD_OR_WILDLIFE_STRIKE,CONCURRENT,EVT:SUCCESSFUL_RECOVERY,2
EVT:BIRD_OR_WILDLIFE_STRIKE,CAUSES,EVT:INJURY_OR_FATALITY,2
EVT:BIRD_OR_WILDLIFE_STRIKE,CAUSES,EVT:INSTRUMENT_OR_AVIONICS_FAILURE,1
EVT:BIRD_OR_WILDLIFE_STRIKE,CAUSES,EVT:LANDING_GEAR_ANOMALY,3
EVT:BIRD_OR_WILDLIFE_STRIKE,CAUSES,EVT:PERCEPTION_FAILURE,1
EVT:BIRD_OR_WILDLIFE_STRIKE,CAUSES,EVT:CONTROL_SURFACE_ANOMALY,1
EVT:BIRD_OR_WILDLIFE_STRIKE,AFFECTED_BY,ENT:component,1
COND:infrastructure,UNDER_CONDITION,EVT:PERCEPTION_FAILURE,1
COND:infrastructure,CONTRIBUTES_TO,EVT:PERCEPTION_FAILURE,2
COND:infrastructure,ENABLES,EVT:GROUND_IMPACT,2
COND:infrastructure,CAUSES,EVT:LOSS_OF_CONTROL_GROUND,1
COND:infrastructure,ENABLES,EVT:PROCEDURE_NOT_FOLLOWED,1
COND:infrastructure,UNDER_CONDITION,EVT:PROCEDURE_NOT_FOLLOWED,1
COND:infrastructure,ENABLES,EVT:CONTROL_INPUT_IMPROPER,1
COND:infrastructure,ENABLES,EVT:ATC_OR_DISPATCH_INADEQUATE,1
COND:infrastructure,ENABLES,COND:weather,1
COND:infrastructure,CONTRIBUTES_TO,EVT:RUNWAY_EXCURSION_OR_OVERRUN,1
COND:infrastructure,CAUSES,EVT:RUNWAY_EXCURSION_OR_OVERRUN,1
COND:infrastructure,ENABLES,EVT:DECISION_INAPPROPRIATE,1
COND:infrastructure,CONTRIBUTES_TO,EVT:DECISION_INAPPROPRIATE,2
COND:infrastructure,UNDER_CONDITION,EVT:RUNWAY_CONDITION_HAZARD,1
COND:location,CONTRIBUTES_TO,EVT:CONTROL_INPUT_IMPROPER,1
COND:location,CAUSES,EVT:GROUND_IMPACT,1
COND:location,CONTRIBUTES_TO,EVT:DECISION_INAPPROPRIATE,1
ENT:object,SUPERVISED_BY,ENT:person,1
ENT:object,CAUSES,COND:environmental,1
COND:pilot_state,UNDER_CONDITION,EVT:SPATIAL_DISORIENTATION,1
COND:pilot_state,CAUSES,EVT:DECISION_INAPPROPRIATE,1
COND:pilot_state,UNDER_CONDITION,EVT:CONTROL_INPUT_IMPROPER,1
EVT:GROUND_MOVEMENT,CONCURRENT,EVT:PERCEPTION_FAILURE,1
EVT:GROUND_MOVEMENT,CAUSES,EVT:GROUND_COLLISION,1
COND:organizational_defect,CAUSES,EVT:PROCEDURE_NOT_FOLLOWED,1
COND:weight_and_balance,CAUSES,EVT:LOSS_OF_CONTROL_INFLIGHT,3
COND:weight_and_balance,CONTRIBUTES_TO,EVT:LOSS_OF_CONTROL_INFLIGHT,1
COND:weight_and_balance,CONTRIBUTES_TO,EVT:CONTROL_INPUT_IMPROPER,1
COND:weight_and_balance,CAUSES,EVT:CONTROL_INPUT_IMPROPER,1
COND:weight_and_balance,ENABLES,EVT:CONTROL_INPUT_IMPROPER,1
COND:weight_and_balance,CONTRIBUTES_TO,COND:terrain,1
COND:weight_and_balance,CAUSES,EVT:LOSS_OF_CONTROL_GROUND,1
COND:weight_and_balance,CAUSES,COND:aerodynamic,2
COND:weight_and_balance,CAUSES,EVT:RUNWAY_EXCURSION_OR_OVERRUN,1
COND:other,CONTRIBUTES_TO,EVT:LOW_VISIBILITY_OR_IMC,1
COND:other,CONTRIBUTES_TO,EVT:TERRAIN_OR_OBSTACLE_PROXIMITY,1
COND:other,CAUSES,EVT:ALTITUDE_DEVIATION_UNCONTROLLED,2
COND:other,CONTRIBUTES_TO,EVT:ALTITUDE_DEVIATION_UNCONTROLLED,1
COND:other,ENABLES,EVT:CONTROL_INPUT_IMPROPER,1
COND:other,INHIBITS,EVT:CONTROL_INPUT_IMPROPER,1
COND:other,CONTRIBUTES_TO,EVT:CONTROL_INPUT_IMPROPER,1
COND:other,CAUSES,EVT:CONTROL_INPUT_IMPROPER,1
COND:other,MASKED_BY_CONDITION,EVT:PROCEDURE_NOT_FOLLOWED,1
COND:other,TRIGGERS,EVT:DECISION_INAPPROPRIATE,1
COND:other,CAUSES,EVT:INFLIGHT_FIRE_OR_SMOKE,1
COND:other,CAUSES,EVT:GROUND_IMPACT,1
COND:other,CAUSES,EVT:LOSS_OF_CONTROL_GROUND,1
COND:other,CAUSES,EVT:MIDAIR_COLLISION,1
COND:other,TRIGGERS,EVT:AUTOMATION_ANOMALY,1
COND:other,CAUSES,COND:mechanical,1
COND:other,ENABLES,EVT:PERCEPTION_FAILURE,1
EVT:AUTOMATION_ANOMALY,CONTRIBUTES_TO,EVT:LOSS_OF_CONTROL_GROUND,1
EVT:AUTOMATION_ANOMALY,CONTRIBUTES_TO,EVT:CONTROL_INPUT_IMPROPER,1
EVT:AUTOMATION_ANOMALY,RESPONDS_TO,EVT:CONTROL_INPUT_IMPROPER,1
EVT:AUTOMATION_ANOMALY,INDUCED_CONDITION,COND:mechanical,5
EVT:AUTOMATION_ANOMALY,UNDER_CONDITION,COND:mechanical,4
EVT:AUTOMATION_ANOMALY,CAUSES,COND:mechanical,1
EVT:AUTOMATION_ANOMALY,CONCURRENT,COND:mechanical,1
EVT:AUTOMATION_ANOMALY,CONTRIBUTES_TO,EVT:ENGINE_FAILURE,1
EVT:AUTOMATION_ANOMALY,CAUSES,EVT:ENGINE_FAILURE,1
EVT:AUTOMATION_ANOMALY,MITIGATES,EVT:ENGINE_FAILURE,1
EVT:AUTOMATION_ANOMALY,CAUSES,EVT:PARACHUTE_ENTANGLEMENT,1
EVT:AUTOMATION_ANOMALY,CAUSES,EVT:AIRFRAME_STRUCTURAL_FAILURE,2
EVT:AUTOMATION_ANOMALY,UNDER_CONDITION,ENT:component,2
EVT:AUTOMATION_ANOMALY,CAUSES,EVT:CONTROL_SURFACE_ANOMALY,1
EVT:AUTOMATION_ANOMALY,TRIGGERS,EVT:PERCEPTION_FAILURE,1
EVT:AUTOMATION_ANOMALY,CONTRIBUTES_TO,EVT:PERCEPTION_FAILURE,1
EVT:AUTOMATION_ANOMALY,CONCURRENT,EVT:PERCEPTION_FAILURE,1
EVT:AUTOMATION_ANOMALY,UNDER_CONDITION,COND:automation,1
EVT:AUTOMATION_ANOMALY,CAUSES,EVT:LOSS_OF_CONTROL_INFLIGHT,7
EVT:AUTOMATION_ANOMALY,INDUCED_CONDITION,COND:system_status,1
EVT:AUTOMATION_ANOMALY,RESPONDS_TO,EVT:PROCEDURE_NOT_FOLLOWED,2
EVT:AUTOMATION_ANOMALY,CAUSES,EVT:PROCEDURE_NOT_FOLLOWED,1
EVT:AUTOMATION_ANOMALY,CAUSES,EVT:GROUND_IMPACT,2
EVT:AUTOMATION_ANOMALY,INHIBITS,EVT:GROUND_IMPACT,1
EVT:AUTOMATION_ANOMALY,CAUSES,COND:instrument,1
EVT:AUTOMATION_ANOMALY,UNDER_CONDITION,COND:weather,1
EVT:AUTOMATION_ANOMALY,INDUCED_CONDITION,COND:aerodynamic,1
EVT:AUTOMATION_ANOMALY,CAUSES,COND:aerodynamic,1
EVT:AUTOMATION_ANOMALY,UNDER_CONDITION,COND:operational,1
EVT:AUTOMATION_ANOMALY,CAUSES,EVT:PILOT_INCAPACITATION_OR_IMPAIRMENT,1
COND:aircraft_configuration,UNDER_CONDITION,EVT:CONTROL_INPUT_IMPROPER,2
COND:aircraft_configuration,CONTRIBUTES_TO,EVT:CONTROL_INPUT_IMPROPER,1
COND:aircraft_configuration,ENABLES,EVT:CONTROL_INPUT_IMPROPER,1
COND:aircraft_configuration,UNDER_CONDITION,EVT:PERCEPTION_FAILURE,1
COND:aircraft_configuration,CAUSES,EVT:PERCEPTION_FAILURE,1
COND:aircraft_configuration,CAUSES,COND:aerodynamic_state,1
COND:aircraft_configuration,CAUSES,EVT:RUNWAY_EXCURSION_OR_OVERRUN,1
COND:aircraft_configuration,CONTRIBUTES_TO,EVT:RUNWAY_EXCURSION_OR_OVERRUN,1
COND:aircraft_configuration,ENABLES,EVT:LOSS_OF_CONTROL_GROUND,1
COND:aircraft_configuration,CONTRIBUTES_TO,EVT:LOSS_OF_CONTROL_INFLIGHT,1
COND:aircraft_configuration,INHIBITS,EVT:LOSS_OF_CONTROL_INFLIGHT,1
COND:aircraft_configuration,CONTRIBUTES_TO,EVT:DECISION_INAPPROPRIATE,1
COND:aircraft_configuration,CAUSES,COND:aircraft_performance,1
COND:training_scenario,ENABLES,EVT:PROCEDURE_NOT_FOLLOWED,1
EVT:CREW_COORDINATION_FAILURE,CAUSES,EVT:MIDAIR_COLLISION,2
EVT:CREW_COORDINATION_FAILURE,CONTRIBUTES_TO,EVT:PERCEPTION_FAILURE,5
EVT:CREW_COORDINATION_FAILURE,INDUCED_CONDITION,COND:mechanical,1
EVT:CREW_COORDINATION_FAILURE,CAUSES,EVT:PROCEDURE_NOT_FOLLOWED,2
EVT:CREW_COORDINATION_FAILURE,RESPONDS_TO,EVT:PROCEDURE_NOT_FOLLOWED,1
EVT:CREW_COORDINATION_FAILURE,CONTRIBUTES_TO,EVT:PROCEDURE_NOT_FOLLOWED,3
EVT:CREW_COORDINATION_FAILURE,CONTRIBUTES_TO,EVT:GROUND_IMPACT,11
EVT:CREW_COORDINATION_FAILURE,INHIBITS,EVT:GROUND_IMPACT,1
EVT:CREW_COORDINATION_FAILURE,CAUSES,EVT:GROUND_IMPACT,1
EVT:CREW_COORDINATION_FAILURE,CAUSES,EVT:EMERGENCY_LANDING,2
EVT:CREW_COORDINATION_FAILURE,RESPONDS_TO,EVT:EMERGENCY_LANDING,1
EVT:CREW_COORDINATION_FAILURE,RESPONDS_TO,EVT:CONTROL_INPUT_IMPROPER,2
EVT:CREW_COORDINATION_FAILURE,CONCURRENT,EVT:CONTROL_INPUT_IMPROPER,1
EVT:CREW_COORDINATION_FAILURE,CONTRIBUTES_TO,EVT:CONTROL_INPUT_IMPROPER,5
EVT:CREW_COORDINATION_FAILURE,CAUSES,EVT:CONTROL_INPUT_IMPROPER,5
EVT:CREW_COORDINATION_FAILURE,INDUCED_CONDITION,COND:cognitive,1
EVT:CREW_COORDINATION_FAILURE,CONCURRENT,EVT:TURBULENCE_ENCOUNTER,1
EVT:CREW_COORDINATION_FAILURE,INDUCED_CONDITION,COND:human_factor,1
EVT:CREW_COORDINATION_FAILURE,CAUSES,EVT:LOSS_OF_CONTROL_GROUND,1
EVT:CREW_COORDINATION_FAILURE,CONTRIBUTES_TO,EVT:LOSS_OF_CONTROL_GROUND,1
EVT:CREW_COORDINATION_FAILURE,UNDER_CONDITION,COND:operational,1
EVT:CREW_COORDINATION_FAILURE,CONTRIBUTES_TO,EVT:RUNWAY_EXCURSION_OR_OVERRUN,2
EVT:CREW_COORDINATION_FAILURE,CAUSES,EVT:RUNWAY_EXCURSION_OR_OVERRUN,2
EVT:CREW_COORDINATION_FAILURE,MITIGATES,EVT:SUCCESSFUL_RECOVERY,1
EVT:CREW_COORDINATION_FAILURE,CAUSES,EVT:SUCCESSFUL_RECOVERY,2
EVT:CREW_COORDINATION_FAILURE,CAUSES,EVT:DECISION_INAPPROPRIATE,3
EVT:CREW_COORDINATION_FAILURE,CAUSES,EVT:LOSS_OF_CONTROL_INFLIGHT,2
EVT:CREW_COORDINATION_FAILURE,CONTRIBUTES_TO,EVT:STALL,1
EVT:CREW_COORDINATION_FAILURE,INDUCED_CONDITION,COND:situational_awareness,1
EVT:CREW_COORDINATION_FAILURE,CAUSES,COND:attention,1
EVT:CREW_COORDINATION_FAILURE,INHIBITS,EVT:GROUND_COLLISION,1
EVT:CREW_COORDINATION_FAILURE,PREVENTS,EVT:GROUND_COLLISION,1
EVT:CREW_COORDINATION_FAILURE,CONTRIBUTES_TO,EVT:ENGINE_FAILURE,1
EVT:CREW_COORDINATION_FAILURE,CONTRIBUTES_TO,EVT:GROUND_PERSONNEL_ERROR,1
EVT:GROUND_CONTACT,UNDER_CONDITION,COND:terrain,1
EVT:GROUND_CONTACT,CAUSES,EVT:AIRFRAME_STRUCTURAL_FAILURE,1
COND:human_factor,CONTRIBUTES_TO,EVT:DECISION_INAPPROPRIATE,6
COND:human_factor,CAUSES,EVT:DECISION_INAPPROPRIATE,5
COND:human_factor,ENABLES,EVT:DECISION_INAPPROPRIATE,2
COND:human_factor,CONTRIBUTES_TO,EVT:RUNWAY_EXCURSION_OR_OVERRUN,1
COND:human_factor,CONTRIBUTES_TO,EVT:GROUND_IMPACT,1
COND:human_factor,CONTRIBUTES_TO,EVT:CONTROL_INPUT_IMPROPER,12
COND:human_factor,CAUSES,EVT:CONTROL_INPUT_IMPROPER,7
COND:human_factor,ENABLES,EVT:CONTROL_INPUT_IMPROPER,1
COND:human_factor,CONTRIBUTES_TO,EVT:INJURY_OR_FATALITY,2
COND:human_factor,CONTRIBUTES_TO,EVT:LOSS_OF_CONTROL_GROUND,1
COND:human_factor,CAUSES,EVT:PERCEPTION_FAILURE,6
COND:human_factor,CONTRIBUTES_TO,EVT:PERCEPTION_FAILURE,2
COND:human_factor,UNDER_CONDITION,EVT:PERCEPTION_FAILURE,1
COND:human_factor,UNDER_CONDITION,EVT:SPATIAL_DISORIENTATION,1
COND:human_factor,CAUSES,EVT:SPATIAL_DISORIENTATION,1
COND:human_factor,CAUSES,EVT:CREW_COORDINATION_FAILURE,1
COND:human_factor,UNDER_CONDITION,EVT:CREW_COORDINATION_FAILURE,2
COND:human_factor,TRIGGERS,EVT:AUTOMATION_ANOMALY,1
COND:human_factor,CAUSES,EVT:PROCEDURE_NOT_FOLLOWED,6
COND:human_factor,CONTRIBUTES_TO,EVT:PROCEDURE_NOT_FOLLOWED,2
COND:human_factor,UNDER_CONDITION,EVT:PROCEDURE_NOT_FOLLOWED,1
COND:human_factor,ENABLES,EVT:PROCEDURE_NOT_FOLLOWED,1
COND:human_factor,UNDER_CONDITION,EVT:TRAINING_OR_CURRENCY_GAP,1
COND:human_factor,CONTRIBUTES_TO,EVT:LOSS_OF_CONTROL_INFLIGHT,1
COND:human_factor,CONTRIBUTES_TO,EVT:LOW_VISIBILITY_OR_IMC,1
COND:human_factor,CAUSES,COND:human_factor,1
COND:human_factor,ENABLES,COND:mechanical,1
COND:pilot_qualification,CONTRIBUTES_TO,EVT:DECISION_INAPPROPRIATE,3
COND:pilot_qualification,ENABLES,EVT:DECISION_INAPPROPRIATE,3
COND:pilot_qualification,CONTRIBUTES_TO,EVT:SPATIAL_DISORIENTATION,1
EVT:RESPONDS_TO,RESPONDS_TO,EVT:PROCEDURE_NOT_FOLLOWED,1
EVT:RESPONDS_TO,PRECEDES,EVT:PROCEDURE_NOT_FOLLOWED,1
EVT:GROUND_DELAY,INDUCED_CONDITION,COND:psychological,1
COND:psychological,CAUSES,EVT:PROCEDURE_NOT_FOLLOWED,2
COND:psychological,CAUSES,EVT:DECISION_INAPPROPRIATE,4
COND:psychological,CAUSES,EVT:CONTROL_INPUT_IMPROPER,9
COND:psychological,CAUSES,EVT:LOSS_OF_CONTROL_INFLIGHT,1
COND:psychological,CAUSES,EVT:PERCEPTION_FAILURE,1
COND:physical,CAUSES,EVT:LOSS_OF_CONTROL_INFLIGHT,1
COND:physical,ENABLES,EVT:LOSS_OF_CONTROL_INFLIGHT,1
COND:physical,UNDER_CONDITION,EVT:TERRAIN_OR_OBSTACLE_PROXIMITY,1
COND:physical,CONTRIBUTES_TO,EVT:CONTROL_INPUT_IMPROPER,3
COND:physical,CAUSES,EVT:CONTROL_INPUT_IMPROPER,3
COND:physical,INHIBITS,EVT:CONTROL_INPUT_IMPROPER,1
COND:physical,ENABLES,EVT:CONTROL_INPUT_IMPROPER,1
COND:physical,UNDER_CONDITION,EVT:INFLIGHT_FIRE_OR_SMOKE,1
COND:physical,CAUSES,EVT:EMERGENCY_LANDING,1
COND:physical,UNDER_CONDITION,EVT:PILOT_INCAPACITATION_OR_IMPAIRMENT,1
COND:physical,CAUSES,EVT:PILOT_INCAPACITATION_OR_IMPAIRMENT,1
COND:physical,CAUSES,EVT:CONTROL_SURFACE_ANOMALY,1
COND:physical,CAUSES,EVT:DECISION_INAPPROPRIATE,1
COND:physical,CAUSES,EVT:STALL,1
COND:physical,CONTRIBUTES_TO,EVT:PERCEPTION_FAILURE,1
COND:physical,UNDER_CONDITION,EVT:PERCEPTION_FAILURE,1
COND:physical,CAUSES,EVT:PERCEPTION_FAILURE,1
COND:physical,CAUSES,COND:operational,1
COND:physical,CAUSES,COND:physical,1
COND:physical,ENABLES,COND:physical,1
COND:physical,INHIBITS,EVT:PROCEDURE_NOT_FOLLOWED,1
COND:physical,CAUSES,COND:organizational,1
COND:physical,CAUSES,EVT:GROUND_COLLISION,1
COND:physical,ENABLES,EVT:GROUND_COLLISION,1
COND:physical,UNDER_CONDITION,EVT:STRUCTURAL_OVERLOAD,1
COND:maintenance,CAUSES,COND:mechanical,18
COND:maintenance,CONTRIBUTES_TO,COND:mechanical,5
COND:maintenance,ENABLES,COND:mechanical,2
COND:maintenance,CONTRIBUTES_TO,COND:structural,1
COND:maintenance,CONTRIBUTES_TO,EVT:EQUIPMENT_FAILURE,1
COND:maintenance,CONTRIBUTES_TO,EVT:LANDING_GEAR_ANOMALY,1
COND:procedure,ENABLES,EVT:PERCEPTION_FAILURE,1
EVT:GROUND_COLLISION,CAUSES,EVT:GROUND_DAMAGE,10
EVT:GROUND_COLLISION,AFFECTS,ENT:aircraft,7
EVT:GROUND_COLLISION,CAUSES,ENT:aircraft,1
EVT:GROUND_COLLISION,CAUSES,EVT:GROUND_IMPACT,2
EVT:GROUND_COLLISION,CAUSES,EVT:AIRFRAME_STRUCTURAL_FAILURE,8
EVT:GROUND_COLLISION,TRIGGERS,EVT:PROCEDURE_NOT_FOLLOWED,1
EVT:GROUND_COLLISION,CAUSES,EVT:PROCEDURE_NOT_FOLLOWED,2
EVT:GROUND_COLLISION,CAUSES,EVT:GROUND_COLLISION,5
EVT:GROUND_COLLISION,CONCURRENT,EVT:GROUND_COLLISION,2
EVT:GROUND_COLLISION,CAUSES,EVT:STRUCTURAL_DAMAGE,3
EVT:GROUND_COLLISION,CAUSES,COND:mechanical,1
EVT:GROUND_COLLISION,CAUSES,EVT:INJURY_OR_FATALITY,5
EVT:GROUND_COLLISION,CAUSES,EVT:PERCEPTION_FAILURE,2
EVT:GROUND_COLLISION,PRECEDES,EVT:PERCEPTION_FAILURE,1
EVT:GROUND_COLLISION,RESPONDS_TO,EVT:DECISION_INAPPROPRIATE,1
EVT:GROUND_COLLISION,UNDER_CONDITION,COND:environmental,4
EVT:GROUND_COLLISION,AFFECTS,COND:environmental,1
EVT:GROUND_COLLISION,TRIGGERS,EVT:CONTROL_INPUT_IMPROPER,1
EVT:GROUND_COLLISION,UNDER_CONDITION,COND:spatial,1
EVT:GROUND_COLLISION,TRIGGERS,EVT:COMMUNICATION,1
EVT:GROUND_COLLISION,CAUSES,EVT:LOSS_OF_CONTROL_GROUND,1
EVT:GROUND_COLLISION,TRIGGERS,EVT:BRAKE_SYSTEM_FAILURE,1
EVT:GROUND_DAMAGE,TRIGGERS,EVT:MAINTENANCE_INADEQUATE,1
EVT:GROUND_DAMAGE,CAUSES,COND:physical_damage,1
EVT:GROUND_DAMAGE,CAUSES,EVT:INJURY_OR_FATALITY,1
EVT:GROUND_DAMAGE,AFFECTS,ENT:aircraft,1
EVT:GROUND_DAMAGE,CAUSES,EVT:AIRFRAME_STRUCTURAL_FAILURE,1
EVT:GROUND_DAMAGE,UNDER_CONDITION,ENT:object,1
EVT:GROUND_DAMAGE,CAUSES,EVT:GROUND_IMPACT,1
EVT:GROUND_DAMAGE,CAUSES,EVT:PROCEDURE_NOT_FOLLOWED,1
EVT:GROUND_DAMAGE,CAUSES,EVT:EMERGENCY_LANDING,1
EVT:APPROACH_LANDING,CAUSES,EVT:CONTROL_INPUT_IMPROPER,1
EVT:APPROACH_LANDING,CAUSES,EVT:LANDING_GEAR_ANOMALY,1
ENT:person,UNDER_CONDITION,COND:regulatory,2
ENT:person,UNDER_CONDITION,COND:human,1
ENT:person,RESPONDS_TO,EVT:EMERGENCY_LANDING,1
ENT:person,UNDER_CONDITION,COND:organizational,2
ENT:person,CAUSES,COND:organizational,1
ENT:person,RESPONDS_TO,EVT:CONTROL_INPUT_IMPROPER,1
ENT:person,PERFORMED_BY,EVT:PROCEDURE_NOT_FOLLOWED,1
ENT:person,?,EVT:PROCEDURE_NOT_FOLLOWED,1
ENT:person,?,EVT:DECISION_INAPPROPRIATE,1
ENT:person,UNDER_CONDITION,COND:procedural,1
ENT:person,SUPERVISED_BY,ENT:organization,1
ENT:person,RESPONDS_TO,EVT:GROUND_DAMAGE,1
COND:design,ENABLES,COND:human_factors,1
COND:design,CONTRIBUTES_TO,EVT:CONTROL_INPUT_IMPROPER,1
COND:design,ENABLES,EVT:CONTROL_INPUT_IMPROPER,1
COND:design,CONTRIBUTES_TO,EVT:ENGINE_FAILURE,2
COND:design,CAUSES,EVT:INFLIGHT_FIRE_OR_SMOKE,1
COND:design,CAUSES,COND:structural,1
COND:design,CONTRIBUTES_TO,EVT:MAINTENANCE_INADEQUATE,1
COND:design,CAUSES,COND:mechanical,1
COND:design,ENABLES,EVT:GROUND_PERSONNEL_ERROR,1
COND:design,INHIBITS,EVT:PROCEDURE_NOT_FOLLOWED,1
COND:perceptual,CONTRIBUTES_TO,EVT:RUNWAY_EXCURSION_OR_OVERRUN,1
COND:perceptual,ENABLES,EVT:RUNWAY_EXCURSION_OR_OVERRUN,1
COND:perceptual,CAUSES,EVT:DECISION_INAPPROPRIATE,2
COND:perceptual,CONTRIBUTES_TO,EVT:PERCEPTION_FAILURE,1
COND:perceptual,CAUSES,EVT:PERCEPTION_FAILURE,2
COND:perceptual,CONTRIBUTES_TO,EVT:GROUND_COLLISION,1
COND:perceptual,CAUSES,EVT:PROCEDURE_NOT_FOLLOWED,1
COND:perceptual,CAUSES,EVT:CONTROL_INPUT_IMPROPER,2
EVT:TAIL_ROTOR_STRIKE,CAUSES,EVT:GROUND_IMPACT,1
COND:visibility,MASKED_BY_CONDITION,EVT:DECISION_INAPPROPRIATE,1
COND:visibility,UNDER_CONDITION,EVT:STALL,1
COND:visibility,CAUSES,EVT:PERCEPTION_FAILURE,2
COND:instrument,MASKED_BY_CONDITION,EVT:DECISION_INAPPROPRIATE,2
COND:instrument,CONTRIBUTES_TO,EVT:DECISION_INAPPROPRIATE,2
COND:instrument,CAUSES,EVT:DECISION_INAPPROPRIATE,1
COND:instrument,MASKED_BY_CONDITION,EVT:PERCEPTION_FAILURE,2
COND:instrument,CAUSES,EVT:PERCEPTION_FAILURE,6
COND:instrument,TRIGGERS,EVT:PERCEPTION_FAILURE,1
COND:instrument,UNDER_CONDITION,EVT:INSTRUMENT_OR_AVIONICS_FAILURE,1
COND:instrument,CAUSES,EVT:GROUND_IMPACT,1
COND:instrument,INHIBITS,COND:environmental,1
COND:instrument,MASKED_BY_CONDITION,EVT:PROCEDURE_NOT_FOLLOWED,1
COND:instrument,MASKED_BY_CONDITION,COND:mechanical,1
COND:instrument,CAUSES,COND:mechanical,1
COND:instrument,CAUSES,EVT:ALTITUDE_DEVIATION_UNCONTROLLED,1
COND:instrument,MASKED_BY_CONDITION,EVT:LANDING_GEAR_ANOMALY,1
COND:instrument,CONTRIBUTES_TO,EVT:SPATIAL_DISORIENTATION,1
ENT:location,UNDER_CONDITION,ENT:person,1
COND:fuel_quantity,CAUSES,EVT:ENGINE_FAILURE,1
COND:instrument_error,CONTRIBUTES_TO,EVT:DECISION_INAPPROPRIATE,2
COND:instrument_error,CAUSES,EVT:PERCEPTION_FAILURE,1
COND:medical,UNDER_CONDITION,EVT:PILOT_INCAPACITATION_OR_IMPAIRMENT,3
COND:medical,CAUSES,EVT:PILOT_INCAPACITATION_OR_IMPAIRMENT,9
COND:medical,CAUSES,EVT:CONTROL_INPUT_IMPROPER,1
COND:medical,CAUSES,COND:regulatory,1
COND:medical,CAUSES,COND:medical,2
COND:medical,CONTRIBUTES_TO,EVT:SPATIAL_DISORIENTATION,1
COND:fuel,CAUSES,EVT:ENGINE_FAILURE,15
COND:fuel,CONTRIBUTES_TO,EVT:ENGINE_FAILURE,1
COND:fuel,CAUSES,EVT:FUEL_SYSTEM_ANOMALY,4
COND:fuel,UNDER_CONDITION,EVT:FUEL_SYSTEM_ANOMALY,1
COND:fuel,CONTRIBUTES_TO,EVT:STALL,1
COND:performance,CAUSES,EVT:LOSS_OF_CONTROL_INFLIGHT,2
COND:performance,UNDER_CONDITION,EVT:LOSS_OF_CONTROL_INFLIGHT,1
COND:performance,CAUSES,EVT:ALTITUDE_DEVIATION_UNCONTROLLED,2
COND:performance,CONTRIBUTES_TO,EVT:CONTROL_INPUT_IMPROPER,1
COND:performance,CAUSES,EVT:CONTROL_INPUT_IMPROPER,1
COND:performance,CAUSES,EVT:RUNWAY_EXCURSION_OR_OVERRUN,1
COND:water,CONTRIBUTES_TO,COND:performance,1
COND:information,CAUSES,COND:mechanical,1
COND:information,UNDER_CONDITION,EVT:WIND_SHEAR_OR_GUST,1
COND:information,INHIBITS,EVT:PROCEDURE_NOT_FOLLOWED,2
COND:information,RESPONDS_TO,EVT:PROCEDURE_NOT_FOLLOWED,1
COND:information,CONTRIBUTES_TO,EVT:PROCEDURE_NOT_FOLLOWED,1
COND:information,CAUSES,EVT:PROCEDURE_NOT_FOLLOWED,1
COND:information,CONTRIBUTES_TO,EVT:CONTROL_INPUT_IMPROPER,3
COND:information,CONTRIBUTES_TO,EVT:TURBULENCE_ENCOUNTER,1
COND:information,CAUSES,EVT:PERCEPTION_FAILURE,2
COND:information,DETECTS,EVT:PERCEPTION_FAILURE,1
COND:information,CAUSES,EVT:INSTRUMENT_OR_AVIONICS_FAILURE,1
COND:information,CAUSES,EVT:AUTOMATION_ANOMALY,1
COND:information,CONTRIBUTES_TO,EVT:AUTOMATION_ANOMALY,1
COND:information,ENABLES,EVT:DECISION_INAPPROPRIATE,1
COND:information,CAUSES,EVT:DECISION_INAPPROPRIATE,3
COND:information,INHIBITS,EVT:DECISION_INAPPROPRIATE,1
COND:information,CONTRIBUTES_TO,EVT:DECISION_INAPPROPRIATE,2
COND:information,MASKED_BY_CONDITION,COND:weather,1
COND:information,CAUSES,COND:weather,1
COND:information,ENABLES,COND:environmental,1
EVT:TAXIING,UNDER_CONDITION,COND:environmental,7
EVT:TAXIING,CONCURRENT,EVT:PERCEPTION_FAILURE,4
EVT:TAXIING,PRECEDES,EVT:PERCEPTION_FAILURE,1
EVT:TAXIING,TRIGGERS,EVT:CONTROL_INPUT_IMPROPER,1
EVT:TAXIING,CAUSES,EVT:CONTROL_INPUT_IMPROPER,1
EVT:TAXIING,CAUSES,EVT:GROUND_COLLISION,1
EVT:TAXIING,CONCURRENT,EVT:GROUND_COLLISION,3
EVT:TAXIING,CAUSES,EVT:LOSS_OF_CONTROL_GROUND,1
EVT:TAXIING,ENABLES,EVT:BIRD_OR_WILDLIFE_STRIKE,1
EVT:TAXIING,ENABLES,EVT:WIND_SHEAR_OR_GUST,1
EVT:TAXIING,CAUSES,EVT:WIND_SHEAR_OR_GUST,1
EVT:TAXIING,CONCURRENT,EVT:WIND_SHEAR_OR_GUST,1
EVT:TAXIING,PRECEDES,EVT:GROUND_IMPACT,1
EVT:TAXIING,UNDER_CONDITION,COND:aircraft,1
EVT:TAXIING,UNDER_CONDITION,COND:spatial,1
COND:runway,CONTRIBUTES_TO,EVT:RUNWAY_EXCURSION_OR_OVERRUN,1
COND:runway,UNDER_CONDITION,EVT:CONTROL_INPUT_IMPROPER,1
COND:alcohol_intoxication,CONTRIBUTES_TO,COND:spatial_disorientation_risk,1
COND:spatial_disorientation_risk,CAUSES,COND:fuel_exhaustion,1
COND:fuel_exhaustion,CAUSES,EVT:ENGINE_FAILURE,1
EVT:DESIGN_DEFECT_LATENT,CAUSES,COND:mechanical,1
EVT:DESIGN_DEFECT_LATENT,INDUCED_CONDITION,COND:mechanical,3
EVT:DESIGN_DEFECT_LATENT,CAUSES,EVT:CONTROL_SURFACE_ANOMALY,1
EVT:DESIGN_DEFECT_LATENT,CONTRIBUTES_TO,EVT:PROCEDURE_NOT_FOLLOWED,1
COND:documentation,CONTRIBUTES_TO,EVT:DECISION_INAPPROPRIATE,1
COND:hazard,CAUSES,EVT:DECISION_INAPPROPRIATE,1
COND:hazard,ENABLES,EVT:INFLIGHT_FIRE_OR_SMOKE,1
COND:mental_state,CAUSES,EVT:PROCEDURE_NOT_FOLLOWED,2
COND:mental_state,CAUSES,EVT:LOSS_OF_CONTROL_INFLIGHT,1
COND:mental_state,CAUSES,EVT:PERCEPTION_FAILURE,3
COND:mental_state,CAUSES,EVT:CONTROL_INPUT_IMPROPER,1
COND:communication,UNDER_CONDITION,EVT:ATC_OR_DISPATCH_INADEQUATE,1
COND:communication,CONTRIBUTES_TO,EVT:ATC_OR_DISPATCH_INADEQUATE,1
COND:communication,CONTRIBUTES_TO,EVT:GROUND_PERSONNEL_ERROR,1
COND:communication,CONTRIBUTES_TO,EVT:CONTROL_INPUT_IMPROPER,1
COND:communication,CAUSES,EVT:PROCEDURE_NOT_FOLLOWED,1
COND:communication,UNDER_CONDITION,EVT:PROCEDURE_NOT_FOLLOWED,1
COND:communication,CONTRIBUTES_TO,EVT:GROUND_IMPACT,1
COND:communication,INHIBITS,EVT:GROUND_IMPACT,1
COND:communication,CONTRIBUTES_TO,EVT:PERCEPTION_FAILURE,2
COND:communication,ENABLES,EVT:PERCEPTION_FAILURE,1
COND:communication,UNDER_CONDITION,EVT:PERCEPTION_FAILURE,1
COND:communication,CAUSES,EVT:PERCEPTION_FAILURE,1
COND:communication,INHIBITS,EVT:CREW_COORDINATION_FAILURE,1
COND:communication,CONTRIBUTES_TO,COND:situational_awareness,1
COND:environmental_hazard,ENABLES,EVT:GROUND_IMPACT,1
COND:spatial_reference,CAUSES,EVT:TERRAIN_OR_OBSTACLE_PROXIMITY,1
COND:spatial_reference,CAUSES,EVT:LOSS_OF_CONTROL_GROUND,1
COND:spatial_reference,CAUSES,EVT:CONTROL_INPUT_IMPROPER,1
COND:human_performance,CAUSES,EVT:LOSS_OF_CONTROL_INFLIGHT,1
COND:human_performance,CAUSES,EVT:TRAINING_OR_CURRENCY_GAP,1
COND:human_performance,CONTRIBUTES_TO,EVT:PERCEPTION_FAILURE,1
COND:human_performance,CAUSES,EVT:PROCEDURE_NOT_FOLLOWED,1
COND:human_performance,CONTRIBUTES_TO,EVT:CONTROL_INPUT_IMPROPER,1
COND:qualification,CONTRIBUTES_TO,EVT:DECISION_INAPPROPRIATE,1
COND:qualification,ENABLES,EVT:DECISION_INAPPROPRIATE,1
COND:experience,CONTRIBUTES_TO,EVT:CONTROL_INPUT_IMPROPER,2
COND:spatial_relationship,ENABLES,EVT:PROCEDURE_NOT_FOLLOWED,1
EVT:RUNWAY_INCURSION,CAUSES,EVT:GROUND_IMPACT,1
EVT:RUNWAY_INCURSION,INDUCED_CONDITION,COND:environmental,1
COND:traffic,CONTRIBUTES_TO,EVT:PROCEDURE_NOT_FOLLOWED,1
COND:aircraft_state,CAUSES,EVT:LOSS_OF_CONTROL_GROUND,1
COND:aircraft_state,CONTRIBUTES_TO,EVT:DECISION_INAPPROPRIATE,1
COND:aircraft_state,CONTRIBUTES_TO,EVT:RUNWAY_CONDITION_HAZARD,1
COND:aircraft_state,CONTRIBUTES_TO,EVT:TURBULENCE_ENCOUNTER,1
COND:aircraft_state,TRIGGERS,EVT:CONTROL_INPUT_IMPROPER,1
COND:aircraft_state,INHIBITS,EVT:CONTROL_INPUT_IMPROPER,1
COND:aircraft_state,CAUSES,EVT:LOSS_OF_CONTROL_INFLIGHT,1
EVT:ELECTRICAL_SYSTEM_FAILURE,DETECTS,COND:mechanical,1
EVT:ELECTRICAL_SYSTEM_FAILURE,UNDER_CONDITION,COND:mechanical,3
EVT:ELECTRICAL_SYSTEM_FAILURE,CAUSES,COND:mechanical,2
EVT:ELECTRICAL_SYSTEM_FAILURE,RESPONDS_TO,EVT:PROCEDURE_NOT_FOLLOWED,2
EVT:ELECTRICAL_SYSTEM_FAILURE,CAUSES,EVT:PROCEDURE_NOT_FOLLOWED,1
EVT:ELECTRICAL_SYSTEM_FAILURE,CAUSES,EVT:LANDING_APPROACH,1
EVT:ELECTRICAL_SYSTEM_FAILURE,CAUSES,EVT:ELECTRICAL_SYSTEM_RECOVERY,1
EVT:HYDRAULIC_SYSTEM_FAILURE,CAUSES,EVT:HYDRAULIC_SYSTEM_FAILURE,2
EVT:HYDRAULIC_SYSTEM_FAILURE,TRIGGERS,EVT:CONTROL_INPUT_IMPROPER,2
EVT:HYDRAULIC_SYSTEM_FAILURE,CAUSES,COND:mechanical,3
EVT:HYDRAULIC_SYSTEM_FAILURE,UNDER_CONDITION,COND:mechanical,7
EVT:HYDRAULIC_SYSTEM_FAILURE,RESPONDS_TO,EVT:DECISION_INAPPROPRIATE,2
EVT:HYDRAULIC_SYSTEM_FAILURE,CAUSES,EVT:LANDING_GEAR_ANOMALY,1
EVT:HYDRAULIC_SYSTEM_FAILURE,RESPONDS_TO,EVT:PROCEDURE_FOLLOWED,3
EVT:HYDRAULIC_SYSTEM_FAILURE,RESPONDS_TO,EVT:PROCEDURE_NOT_FOLLOWED,1
COND:fuel_flow,CAUSES,EVT:ENGINE_FAILURE,1
COND:aircraft_performance,CAUSES,EVT:DECISION_INAPPROPRIATE,1
COND:aircraft_performance,CAUSES,EVT:ENGINE_FAILURE,1
EVT:GROUND_EXCURSION_OR_OVERRUN,CONCURRENT,EVT:TURBULENCE_ENCOUNTER,1
EVT:GROUND_EXCURSION_OR_OVERRUN,PRECEDES,EVT:GROUND_COLLISION,1
EVT:TAXI_TAKEOFF_LANDING,CAUSES,EVT:ENGINE_FAILURE,1
COND:pilot,CONTRIBUTES_TO,EVT:CONTROL_INPUT_IMPROPER,5
COND:pilot,CONTRIBUTES_TO,EVT:DECISION_INAPPROPRIATE,1
COND:pilot,UNDER_CONDITION,EVT:DECISION_INAPPROPRIATE,1
COND:pilot,CONTRIBUTES_TO,EVT:LOSS_OF_CONTROL_GROUND,1
COND:pilot,CONTRIBUTES_TO,EVT:LOSS_OF_CONTROL_INFLIGHT,1
COND:pilot,CONTRIBUTES_TO,EVT:TERRAIN_OR_OBSTACLE_PROXIMITY,1
COND:visual,CONTRIBUTES_TO,EVT:PERCEPTION_FAILURE,1
COND:visual,UNDER_CONDITION,EVT:PERCEPTION_FAILURE,1
COND:visual,CAUSES,EVT:PERCEPTION_FAILURE,3
COND:visual,CAUSES,EVT:DECISION_INAPPROPRIATE,1
COND:planning,CONTRIBUTES_TO,EVT:PERCEPTION_FAILURE,1
EVT:PROCEDURE_FOLLOWED,CAUSES,EVT:GROUND_IMPACT,2
EVT:PROCEDURE_FOLLOWED,RESPONDS_TO,EVT:DECISION_INAPPROPRIATE,2
EVT:PROCEDURE_FOLLOWED,CAUSES,EVT:DECISION_INAPPROPRIATE,1
EVT:PROCEDURE_FOLLOWED,CAUSES,EVT:SUCCESSFUL_RECOVERY,3
EVT:PROCEDURE_FOLLOWED,CONTRIBUTES_TO,EVT:SUCCESSFUL_RECOVERY,1
EVT:PROCEDURE_FOLLOWED,MITIGATES,EVT:SUCCESSFUL_RECOVERY,1
EVT:PROCEDURE_FOLLOWED,PRECEDES,EVT:PROCEDURE_FOLLOWED,2
EVT:PROCEDURE_FOLLOWED,RESPONDS_TO,EVT:PROCEDURE_FOLLOWED,1
EVT:PROCEDURE_FOLLOWED,ENABLES,EVT:EMERGENCY_LANDING,1
EVT:PROCEDURE_FOLLOWED,CAUSES,EVT:EMERGENCY_LANDING,1
EVT:PROCEDURE_FOLLOWED,CAUSES,EVT:LANDING,1
EVT:PROCEDURE_FOLLOWED,CONTRIBUTES_TO,EVT:RUNWAY_EXCURSION_OR_OVERRUN,1
EVT:PROCEDURE_FOLLOWED,CAUSES,COND:mechanical,1
EVT:PROCEDURE_FOLLOWED,MITIGATES,COND:mechanical,1
EVT:PROCEDURE_FOLLOWED,PREVENTS,EVT:INFLIGHT_FIRE_OR_SMOKE,1
EVT:PROCEDURE_FOLLOWED,CAUSES,EVT:LANDING_GEAR_ANOMALY,1
EVT:PROCEDURE_FOLLOWED,CONCURRENT,EVT:GROUND_COLLISION,1
EVT:PROCEDURE_FOLLOWED,PRECEDES,EVT:PARACHUTE_FAILURE,1
EVT:PROCEDURE_FOLLOWED,CAUSES,EVT:CONTROL_INPUT_IMPROPER,1
EVT:PROCEDURE_FOLLOWED,PRECEDES,EVT:CONTROL_INPUT_IMPROPER,1
COND:pilot_experience,CONTRIBUTES_TO,EVT:DECISION_INAPPROPRIATE,1
COND:pilot_experience,CONTRIBUTES_TO,EVT:CONTROL_INPUT_IMPROPER,1
COND:pilot_experience,CONTRIBUTES_TO,EVT:LOSS_OF_CONTROL_GROUND,1
COND:position,ENABLES,EVT:GROUND_IMPACT,1
COND:task,CAUSES,EVT:PROCEDURE_NOT_FOLLOWED,1
COND:task,CONTRIBUTES_TO,EVT:CONTROL_INPUT_IMPROPER,2
COND:task,CAUSES,EVT:PERCEPTION_FAILURE,1
COND:task,ENABLES,EVT:TERRAIN_OR_OBSTACLE_PROXIMITY,1
COND:visual_reference,CAUSES,EVT:CONTROL_INPUT_IMPROPER,1
COND:material,CAUSES,COND:mechanical,1
COND:material,CONTRIBUTES_TO,EVT:INFLIGHT_FIRE_OR_SMOKE,1
COND:material,CAUSES,EVT:INFLIGHT_FIRE_OR_SMOKE,1
COND:terrain_obstacle,UNDER_CONDITION,EVT:GROUND_IMPACT,1
EVT:GROUND_RESONANCE,RESPONDS_TO,EVT:CONTROL_INPUT_IMPROPER,1
EVT:GROUND_RESONANCE,RESPONDS_TO,EVT:PROCEDURE_NOT_FOLLOWED,2
EVT:GROUND_RESONANCE,CAUSES,EVT:GROUND_IMPACT,2
COND:aerodynamic_state,CAUSES,EVT:RUNWAY_EXCURSION_OR_OVERRUN,1
COND:aerodynamic_state,CAUSES,EVT:STALL,1
EVT:HOVER,PRECEDES,EVT:CONTROL_INPUT_IMPROPER,1
COND:lack_of_knowledge,CONTRIBUTES_TO,EVT:PERCEPTION_FAILURE,1
COND:flight_phase,CONTRIBUTES_TO,EVT:STALL,1
EVT:TOW_LAUNCH,CAUSES,EVT:LOSS_OF_CONTROL_INFLIGHT,1
EVT:PARACHUTE_DEPLOYMENT_FAILURE,TRIGGERS,EVT:AUTOMATION_ANOMALY,1
EVT:PARACHUTE_DEPLOYMENT_FAILURE,RESPONDS_TO,EVT:PROCEDURE_NOT_FOLLOWED,1
EVT:PARACHUTE_DEPLOYMENT_FAILURE,INDUCED_CONDITION,COND:human_performance,1
EVT:PARACHUTE_DEPLOYMENT_FAILURE,CAUSES,EVT:PARACHUTE_DEPLOYMENT_FAILURE,1
EVT:PARACHUTE_DEPLOYMENT_FAILURE,CAUSES,EVT:GROUND_IMPACT,1
EVT:PARACHUTE_ENTANGLEMENT,CAUSES,EVT:GROUND_IMPACT,1
EVT:PARACHUTE_ENTANGLEMENT,CAUSES,EVT:PARACHUTE_FAILURE,1
COND:posture,ENABLES,EVT:PARACHUTE_ENTANGLEMENT,1
COND:altitude,ENABLES,EVT:AUTOMATION_ANOMALY,1
COND:altitude,CAUSES,EVT:GROUND_IMPACT,1
COND:speed,ENABLES,EVT:AUTOMATION_ANOMALY,1
EVT:GROUND_TAXIING,CAUSES,EVT:GROUND_EXCURSION,1
EVT:GROUND_TAXIING,UNDER_CONDITION,COND:weather,1
EVT:GROUND_TAXIING,UNDER_CONDITION,COND:environmental,1
EVT:GROUND_EXCURSION,RESPONDS_TO,EVT:CONTROL_INPUT_IMPROPER,1
EVT:GROUND_EXCURSION,UNDER_CONDITION,COND:environmental,1
EVT:LANDING,UNDER_CONDITION,COND:environmental,1
EVT:LANDING,PRECEDES,EVT:RUNWAY_EXCURSION_OR_OVERRUN,1
EVT:LANDING,PRECEDES,EVT:CONTROL_INPUT_IMPROPER,1
EVT:GROUND_LOOP,CAUSES,EVT:LANDING_GEAR_ANOMALY,1
EVT:GROUND_LOOP,CAUSES,EVT:GROUND_IMPACT,2
EVT:GROUND_LOOP,RESPONDS_TO,EVT:CONTROL_INPUT_IMPROPER,2
EVT:GROUND_VEHICLE_MOVEMENT,CAUSES,EVT:GROUND_COLLISION,1
EVT:GROUND_VEHICLE_MOVEMENT,UNDER_CONDITION,COND:environmental,1
COND:wildlife,UNDER_CONDITION,EVT:BIRD_OR_WILDLIFE_STRIKE,1
COND:mental,CONTRIBUTES_TO,EVT:DECISION_INAPPROPRIATE,1
COND:mental,CAUSES,EVT:ALTITUDE_DEVIATION_UNCONTROLLED,1
COND:mental,INDUCED_CONDITION,EVT:PERCEPTION_FAILURE,1
EVT:UNKNOWN,INDUCED_CONDITION,COND:mechanical,1
EVT:UNKNOWN,RESPONDS_TO,EVT:PROCEDURE_NOT_FOLLOWED,1
EVT:UNKNOWN,CAUSES,EVT:INJURY_OR_FATALITY,1
EVT:UNKNOWN,TRIGGERS,EVT:CONTROL_INPUT_IMPROPER,1
EVT:UNKNOWN,CAUSES,EVT:AIRFRAME_STRUCTURAL_FAILURE,1
EVT:UNKNOWN,CAUSES,EVT:RUNWAY_EXCURSION_OR_OVERRUN,1
EVT:UNKNOWN,CAUSES,EVT:DECISION_INAPPROPRIATE,1
COND:physical_damage,CAUSES,EVT:SUCCESSFUL_RECOVERY,1
COND:perception,CAUSES,EVT:CONTROL_INPUT_IMPROPER,1
COND:perception,CAUSES,EVT:GROUND_PERSONNEL_ERROR,1
COND:perception,CAUSES,EVT:DECISION_INAPPROPRIATE,1
COND:perception,CAUSES,EVT:PERCEPTION_FAILURE,1
COND:infrastructure_defect,CAUSES,EVT:RUNWAY_CONDITION_HAZARD,1
COND:infrastructure_defect,CAUSES,EVT:RUNWAY_EXCURSION_OR_OVERRUN,1
COND:visual_reference_limitation,CAUSES,COND:spatial_disorientation,1
COND:spatial_disorientation,CAUSES,EVT:PERCEPTION_FAILURE,3
EVT:BRAKE_FAILURE,CAUSES,EVT:LOSS_OF_CONTROL_GROUND,2
EVT:BRAKE_FAILURE,RESPONDS_TO,EVT:PROCEDURE_FOLLOWED,1
EVT:BRAKE_FAILURE,CAUSES,EVT:RUNWAY_EXCURSION_OR_OVERRUN,1
EVT:BRAKE_FAILURE,CAUSES,COND:mechanical,1
EVT:BRAKE_FAILURE,INDUCED_CONDITION,COND:mechanical,1
EVT:BRAKE_FAILURE,CAUSES,EVT:GROUND_IMPACT,1
EVT:GROUND_INCIDENT,CAUSES,EVT:GROUND_INCIDENT,2
EVT:GROUND_INCIDENT,CAUSES,EVT:GROUND_IMPACT,2
EVT:GROUND_INCIDENT,TRIGGERS,EVT:CONTROL_INPUT_IMPROPER,2
EVT:GROUND_INCIDENT,INDUCED_CONDITION,COND:environmental,1
EVT:GROUND_INCIDENT,UNDER_CONDITION,COND:mechanical,2
EVT:GROUND_INCIDENT,CAUSES,COND:maintenance,1
EVT:ROTATION,TRIGGERS,EVT:LOSS_OF_CONTROL_INFLIGHT,1
EVT:EQUIPMENT_FAILURE,CONTRIBUTES_TO,EVT:INJURY_OR_FATALITY,1
EVT:EQUIPMENT_FAILURE,CAUSES,EVT:INJURY_OR_FATALITY,1
EVT:EQUIPMENT_FAILURE,TRIGGERS,EVT:PROCEDURE_NOT_FOLLOWED,1
EVT:EQUIPMENT_FAILURE,CONCURRENT,EVT:EQUIPMENT_FAILURE,1
COND:operational_gap,CONTRIBUTES_TO,EVT:DECISION_INAPPROPRIATE,1
EVT:PASSENGER_DISTURBANCE,CONCURRENT,EVT:PASSENGER_DISTURBANCE,1
EVT:PASSENGER_DISTURBANCE,CAUSES,EVT:PASSENGER_DISTURBANCE,1
EVT:PASSENGER_DISTURBANCE,CONTRIBUTES_TO,EVT:PASSENGER_DISTURBANCE,1
EVT:PASSENGER_DISTURBANCE,RESPONDS_TO,EVT:PROCEDURE_FOLLOWED,1
EVT:PASSENGER_DISTURBANCE,TRIGGERS,EVT:PROCEDURE_FOLLOWED,1
EVT:COMMUNICATION_FAILURE,RESPONDS_TO,EVT:PERCEPTION_FAILURE,1
EVT:BRAKING_FAILURE,TRIGGERS,EVT:CONTROL_INPUT_IMPROPER,1
EVT:BRAKING_FAILURE,INDUCED_CONDITION,COND:mechanical,1
EVT:LOSS_OF_BALANCE,CAUSES,EVT:INJURY_OR_FATALITY,1
COND:system,CAUSES,COND:system,1
COND:system,CAUSES,EVT:INFLIGHT_FIRE_OR_SMOKE,1
COND:system,UNDER_CONDITION,EVT:PERCEPTION_FAILURE,1
COND:system,MASKED_BY_CONDITION,EVT:PERCEPTION_FAILURE,1
COND:weight_balance,CAUSES,EVT:LOSS_OF_CONTROL_GROUND,1
COND:weight_balance,CAUSES,EVT:STALL,1
COND:weight_balance,CAUSES,COND:aerodynamic,1
COND:structural_integrity,CAUSES,EVT:AIRFRAME_STRUCTURAL_FAILURE,2
EVT:TAXI_OR_TAKEOFF,TRIGGERS,EVT:LOSS_OF_CONTROL_INFLIGHT,2
EVT:TAXI_OR_TAKEOFF,PRECEDES,EVT:GROUND_IMPACT,1
EVT:TAXI_OR_TAKEOFF,PRECEDES,EVT:CONTROL_INPUT_IMPROPER,1
EVT:TAXI_OR_TAKEOFF,CAUSES,EVT:WATER_IMPACT,1
EVT:TAXI_OR_TAKEOFF,UNDER_CONDITION,COND:environmental,1
EVT:TAXI_OR_TAKEOFF,UNDER_CONDITION,COND:operational,1
EVT:TAXI_OR_TAKEOFF,INDUCED_CONDITION,COND:spatial,1
COND:interface,CAUSES,EVT:PERCEPTION_FAILURE,1
EVT:PROPELLER_FAILURE,CAUSES,EVT:ENGINE_FAILURE,1
EVT:PROPELLER_FAILURE,CAUSES,EVT:STRUCTURAL_OVERLOAD,1
COND:lighting,CAUSES,EVT:ALTITUDE_DEVIATION_UNCONTROLLED,1
EVT:HARD_LANDING,CAUSES,COND:mechanical,1
COND:training_or_currency_gap,CONTRIBUTES_TO,EVT:DECISION_INAPPROPRIATE,1
COND:training_or_currency_gap,CAUSES,EVT:DECISION_INAPPROPRIATE,1
COND:training_or_currency_gap,CAUSES,EVT:CONTROL_INPUT_IMPROPER,2
COND:training_or_currency_gap,CAUSES,EVT:PROCEDURE_NOT_FOLLOWED,1
COND:physical_state,CAUSES,EVT:DECISION_INAPPROPRIATE,1
EVT:LOSS_OF_BALANCE_OR_FATIGUE,CAUSES,EVT:GROUND_IMPACT,1
COND:system_status,CAUSES,EVT:PERCEPTION_FAILURE,1
COND:skill/knowledge,ENABLES,EVT:DECISION_INAPPROPRIATE,2
EVT:DESCENT_BELOW_MINIMUMS,CAUSES,EVT:DECISION_INAPPROPRIATE,1
EVT:DESCENT_BELOW_MINIMUMS,CAUSES,EVT:CONTROL_INPUT_IMPROPER,1
EVT:TAXI_INCIDENT,CAUSES,EVT:GROUND_INCURSION,1
EVT:TAXI_INCIDENT,UNDER_CONDITION,COND:environmental,1
EVT:TAXI_INCIDENT,PRECEDES,EVT:INSTRUMENT_OR_AVIONICS_FAILURE,1
EVT:TAXI_INCIDENT,UNDER_CONDITION,COND:mechanical,1
EVT:TAXI_INCIDENT,CAUSES,EVT:CONTROL_INPUT_IMPROPER,1
EVT:TAXI_INCIDENT,CAUSES,EVT:GROUND_COLLISION,1
EVT:GROUND_INCURSION,UNDER_CONDITION,COND:terrain,1
EVT:GROUND_INCURSION,TRIGGERS,EVT:DECISION_INAPPROPRIATE,1
COND:runway_geometry,UNDER_CONDITION,EVT:LOSS_OF_CONTROL_GROUND,1
COND:obstacle,CAUSES,EVT:PROCEDURE_NOT_FOLLOWED,1
EVT:TRAFFIC_AWARENESS,TRIGGERS,EVT:PROCEDURE_NOT_FOLLOWED,1
COND:time_pressure,CONTRIBUTES_TO,EVT:DECISION_INAPPROPRIATE,1
COND:terrain_surface,ENABLES,EVT:GROUND_IMPACT,1
COND:thermal,CAUSES,COND:material,1
COND:chemical_exposure,INDUCED_CONDITION,COND:pilot_impairment,1
COND:pilot_impairment,CAUSES,EVT:LOSS_OF_CONTROL_INFLIGHT,1
COND:instrumentation,TRIGGERS,EVT:PROCEDURE_NOT_FOLLOWED,1
COND:instrumentation,ENABLES,EVT:PERCEPTION_FAILURE,1
COND:instrumentation,CAUSES,EVT:PERCEPTION_FAILURE,1
COND:instrumentation,CAUSES,COND:fuel_state,1
COND:navigation_error,CAUSES,COND:fuel_state,1
COND:pilot_factor,CONTRIBUTES_TO,EVT:CONTROL_INPUT_IMPROPER,1
EVT:LANDING_APPROACH,CONTRIBUTES_TO,EVT:LANDING_GEAR_ANOMALY,1
EVT:GROUND_BOUNCE,TRIGGERS,EVT:DECISION_INAPPROPRIATE,2
COND:procedural_gap,CAUSES,EVT:GROUND_IMPACT,1
COND:distraction,CAUSES,EVT:PERCEPTION_FAILURE,2
COND:non_standard_procedure,CONTRIBUTES_TO,EVT:PERCEPTION_FAILURE,1
COND:crew_state,CAUSES,EVT:LOSS_OF_CONTROL_GROUND,1
COND:attention,CAUSES,EVT:STALL,1
COND:attention,CAUSES,EVT:RUNWAY_EXCURSION_OR_OVERRUN,1
COND:flight_parameter,CAUSES,EVT:TERRAIN_OR_OBSTACLE_PROXIMITY,1
EVT:PARACHUTE_FAILURE,CAUSES,EVT:PARACHUTE_ENTANGLEMENT,1
EVT:PARACHUTE_FAILURE,RESPONDS_TO,EVT:PROCEDURE_FOLLOWED,1
EVT:PARACHUTE_FAILURE,CAUSES,EVT:GROUND_IMPACT,1
COND:auditory_confusion,CAUSES,EVT:PERCEPTION_FAILURE,1
COND:aircraft_characteristic,CONTRIBUTES_TO,EVT:LOSS_OF_CONTROL_INFLIGHT,1
EVT:ELECTRICAL_SYSTEM_RECOVERY,ENABLES,EVT:CONTROL_INPUT_IMPROPER,1
COND:system_state,CAUSES,EVT:LANDING_GEAR_ANOMALY,1
COND:external_load,CAUSES,EVT:GROUND_IMPACT,1
ENT:cargo,AFFECTED_BY,EVT:GROUND_PERSONNEL_ERROR,1
EVT:PARACHUE_TANGLE,CAUSES,EVT:GROUND_IMPACT,1
EVT:TAXI_TAKEOFF_LAND,PRECEDES,EVT:CONTROL_INPUT_IMPROPER,1
EVT:TAXI_TAKEOFF_LAND,PRECEDES,EVT:LOSS_OF_CONTROL_INFLIGHT,1
COND:auditory,RESPONDS_TO,EVT:PERCEPTION_FAILURE,1
COND:state,INHIBITS,EVT:PROCEDURE_NOT_FOLLOWED,1
COND:state,CAUSES,EVT:GROUND_IMPACT,1
COND:skill,CAUSES,EVT:CONTROL_INPUT_IMPROPER,2
COND:training_gap,CAUSES,EVT:CONTROL_INPUT_IMPROPER,1
COND:training_gap,CAUSES,EVT:RUNWAY_EXCURSION_OR_OVERRUN,1
EVT:APPROACH,PRECEDES,EVT:CONTROL_INPUT_IMPROPER,2
EVT:TAXI_OPERATION,CAUSES,COND:situational_awareness,1
COND:design_defect,INHIBITS,EVT:DECISION_INAPPROPRIATE,1
COND:design_defect,CAUSES,EVT:GROUND_PERSONNEL_ERROR,1
COND:communication_failure,CAUSES,EVT:PERCEPTION_FAILURE,1
EVT:PRESSURIZATION_SYSTEM_FAILURE,CAUSES,EVT:RAPID_DECOMPRESSION,1
EVT:RAPID_DECOMPRESSION,INDUCED_CONDITION,COND:physiological,1
EVT:BRAKE_OVERHEAT,CAUSES,COND:mechanical,1
EVT:BRAKE_OVERHEAT,INDUCED_CONDITION,COND:mechanical,1
EVT:APPROACH_LAND,UNDER_CONDITION,COND:environmental,1
COND:energy_state,CAUSES,EVT:STALL,1
COND:crew_coordination,CONTRIBUTES_TO,EVT:CONTROL_INPUT_IMPROPER,1
COND:attentional,CAUSES,EVT:PROCEDURE_NOT_FOLLOWED,1
COND:flight_path,UNDER_CONDITION,EVT:CONTROL_INPUT_IMPROPER,1
EVT:TAXIING_INCIDENT,TRIGGERS,EVT:CONTROL_INPUT_IMPROPER,1
EVT:TAXIING_INCIDENT,UNDER_CONDITION,COND:spatial,1
COND:workload,CAUSES,EVT:PROCEDURE_NOT_FOLLOWED,1
COND:animal,CAUSES,EVT:BIRD_OR_WILDLIFE_STRIKE,1
COND:latent,CAUSES,COND:mechanical,1
EVT:TAXIWAY_INCURSION,CAUSES,EVT:GROUND_COLLISION,1
EVT:TAXI_SPEED_EXCESSIVE,CONTRIBUTES_TO,EVT:GROUND_COLLISION,1
COND:knowledge_gap,CAUSES,EVT:PROCEDURE_NOT_FOLLOWED,1
EVT:GROUND_OBSTACLE_CONTACT,CAUSES,EVT:AIRFRAME_STRUCTURAL_FAILURE,1
EVT:GROUND_OBSTACLE_CONTACT,UNDER_CONDITION,COND:equipment,1
EVT:GROUND_OBSTACLE_CONTACT,UNDER_CONDITION,COND:environmental,1
EVT:GROUND_EXCURSION_OR_COLLISION,UNDER_CONDITION,COND:environmental,1
EVT:GROUND_EXCURSION_OR_COLLISION,CAUSES,EVT:GROUND_COLLISION,1
EVT:GO_AROUND,CONTRIBUTES_TO,EVT:CONTROL_INPUT_IMPROPER,1
EVT:BRAKE_SYSTEM_FAILURE,CAUSES,EVT:GROUND_COLLISION,1
EVT:BRAKE_SYSTEM_FAILURE,INDUCED_CONDITION,COND:mechanical,1
EVT:TAXI,TRIGGERS,EVT:AIRFRAME_STRUCTURAL_FAILURE,1
EVT:TAXI,TRIGGERS,EVT:CONTROL_INPUT_IMPROPER,1
EVT:TAXI,PRECEDES,EVT:CONTROL_INPUT_IMPROPER,1
COND:aircraft,CONTRIBUTES_TO,EVT:PERCEPTION_FAILURE,1
COND:electrical,RESPONDS_TO,EVT:PROCEDURE_NOT_FOLLOWED,1
COND:structural_defect,CAUSES,EVT:LOSS_OF_CONTROL_INFLIGHT,1
COND:maintenance_inadequate,CAUSES,COND:structural_defect,1
COND:regulatory_non_compliance,ENABLES,EVT:PILOT_INCAPACITATION_OR_IMPAIRMENT,1
COND:aircraft_loading,CONTRIBUTES_TO,EVT:CONTROL_INPUT_IMPROPER,1
COND:security,ENABLES,EVT:ORG_OR_REGULATORY_INADEQUATE,1
COND:security,ENABLES,EVT:PROCEDURE_NOT_FOLLOWED,1
COND:hazmat,CONTRIBUTES_TO,EVT:INFLIGHT_FIRE_OR_SMOKE,1
