src,edge_type,dst,count
EVT:GROUND_IMPACT,CAUSES,EVT:INJURY_OR_FATALITY,4678
EVT:GROUND_IMPACT,CONTRIBUTES_TO,EVT:INJURY_OR_FATALITY,7
EVT:GROUND_IMPACT,TRIGGERS,EVT:INJURY_OR_FATALITY,2
EVT:GROUND_IMPACT,CONCURRENT,EVT:INJURY_OR_FATALITY,2
EVT:GROUND_IMPACT,CAUSES,EVT:GROUND_IMPACT,2007
EVT:GROUND_IMPACT,CONCURRENT,EVT:GROUND_IMPACT,199
EVT:GROUND_IMPACT,TRIGGERS,EVT:GROUND_IMPACT,8
EVT:GROUND_IMPACT,CONTRIBUTES_TO,EVT:GROUND_IMPACT,34
EVT:GROUND_IMPACT,PRECEDES,EVT:GROUND_IMPACT,44
EVT:GROUND_IMPACT,ENABLES,EVT:GROUND_IMPACT,4
EVT:GROUND_IMPACT,CO_OCCURS,EVT:GROUND_IMPACT,1
EVT:GROUND_IMPACT,RESPONDS_TO,EVT:CONTROL_INPUT_IMPROPER,77
EVT:GROUND_IMPACT,TRIGGERS,EVT:CONTROL_INPUT_IMPROPER,165
EVT:GROUND_IMPACT,PRECEDES,EVT:CONTROL_INPUT_IMPROPER,35
EVT:GROUND_IMPACT,CONCURRENT,EVT:CONTROL_INPUT_IMPROPER,7
EVT:GROUND_IMPACT,CAUSES,EVT:CONTROL_INPUT_IMPROPER,34
EVT:GROUND_IMPACT,UNDER_CONDITION,EVT:CONTROL_INPUT_IMPROPER,1
EVT:GROUND_IMPACT,CONTRIBUTES_TO,EVT:CONTROL_INPUT_IMPROPER,1
EVT:GROUND_IMPACT,UNDER_CONDITION,COND:environmental,1117
EVT:GROUND_IMPACT,CAUSES,COND:environmental,10
EVT:GROUND_IMPACT,INDUCED_CONDITION,COND:environmental,3
EVT:GROUND_IMPACT,CONTRIBUTES_TO,COND:environmental,3
EVT:GROUND_IMPACT,ENABLES,COND:environmental,2
EVT:GROUND_IMPACT,RESPONDS_TO,COND:environmental,2
EVT:GROUND_IMPACT,CONCURRENT,COND:environmental,2
EVT:GROUND_IMPACT,AFFECTS,COND:environmental,1
EVT:GROUND_IMPACT,CAUSES,EVT:AIRFRAME_STRUCTURAL_FAILURE,875
EVT:GROUND_IMPACT,PRECEDES,EVT:AIRFRAME_STRUCTURAL_FAILURE,1
EVT:GROUND_IMPACT,CONCURRENT,EVT:AIRFRAME_STRUCTURAL_FAILURE,4
EVT:GROUND_IMPACT,TRIGGERS,EVT:AIRFRAME_STRUCTURAL_FAILURE,7
EVT:GROUND_IMPACT,CONTRIBUTES_TO,EVT:AIRFRAME_STRUCTURAL_FAILURE,2
EVT:GROUND_IMPACT,CONCURRENT,EVT:STALL,2
EVT:GROUND_IMPACT,TRIGGERS,EVT:STALL,3
EVT:GROUND_IMPACT,CAUSES,EVT:STALL,10
EVT:GROUND_IMPACT,CAUSES,EVT:LANDING_GEAR_ANOMALY,347
EVT:GROUND_IMPACT,CONTRIBUTES_TO,EVT:LANDING_GEAR_ANOMALY,7
EVT:GROUND_IMPACT,TRIGGERS,EVT:LANDING_GEAR_ANOMALY,37
EVT:GROUND_IMPACT,CONCURRENT,EVT:LANDING_GEAR_ANOMALY,3
EVT:GROUND_IMPACT,PRECEDES,EVT:LANDING_GEAR_ANOMALY,1
EVT:GROUND_IMPACT,UNDER_CONDITION,COND:terrain,296
EVT:GROUND_IMPACT,CAUSES,COND:terrain,3
EVT:GROUND_IMPACT,ENABLES,COND:terrain,1
EVT:GROUND_IMPACT,CAUSES,EVT:RUNWAY_EXCURSION_OR_OVERRUN,230
EVT:GROUND_IMPACT,CONTRIBUTES_TO,EVT:RUNWAY_EXCURSION_OR_OVERRUN,6
EVT:GROUND_IMPACT,CONCURRENT,EVT:RUNWAY_EXCURSION_OR_OVERRUN,10
EVT:GROUND_IMPACT,PRECEDES,EVT:RUNWAY_EXCURSION_OR_OVERRUN,5
EVT:GROUND_IMPACT,TRIGGERS,EVT:RUNWAY_EXCURSION_OR_OVERRUN,8
EVT:GROUND_IMPACT,CAUSES,EVT:INFLIGHT_FIRE_OR_SMOKE,690
EVT:GROUND_IMPACT,TRIGGERS,EVT:INFLIGHT_FIRE_OR_SMOKE,8
EVT:GROUND_IMPACT,ENABLES,EVT:INFLIGHT_FIRE_OR_SMOKE,1
EVT:GROUND_IMPACT,CONTRIBUTES_TO,EVT:INFLIGHT_FIRE_OR_SMOKE,1
EVT:GROUND_IMPACT,CONCURRENT,EVT:INFLIGHT_FIRE_OR_SMOKE,1
EVT:GROUND_IMPACT,UNDER_CONDITION,COND:surface,15
EVT:GROUND_IMPACT,CAUSES,EVT:LOSS_OF_CONTROL_GROUND,245
EVT:GROUND_IMPACT,TRIGGERS,EVT:LOSS_OF_CONTROL_GROUND,40
EVT:GROUND_IMPACT,CONTRIBUTES_TO,EVT:LOSS_OF_CONTROL_GROUND,4
EVT:GROUND_IMPACT,PRECEDES,EVT:LOSS_OF_CONTROL_GROUND,7
EVT:GROUND_IMPACT,CONCURRENT,EVT:LOSS_OF_CONTROL_GROUND,2
EVT:GROUND_IMPACT,CAUSES,EVT:STRUCTURAL_OVERLOAD,948
EVT:GROUND_IMPACT,CONCURRENT,EVT:STRUCTURAL_OVERLOAD,3
EVT:GROUND_IMPACT,CONTRIBUTES_TO,EVT:STRUCTURAL_OVERLOAD,2
EVT:GROUND_IMPACT,TRIGGERS,EVT:STRUCTURAL_OVERLOAD,1
EVT:GROUND_IMPACT,RESPONDS_TO,EVT:SUCCESSFUL_RECOVERY,8
EVT:GROUND_IMPACT,CONCURRENT,EVT:SUCCESSFUL_RECOVERY,11
EVT:GROUND_IMPACT,PREVENTS,EVT:SUCCESSFUL_RECOVERY,2
EVT:GROUND_IMPACT,TRIGGERS,EVT:SUCCESSFUL_RECOVERY,15
EVT:GROUND_IMPACT,CAUSES,EVT:SUCCESSFUL_RECOVERY,19
EVT:GROUND_IMPACT,PRECEDES,EVT:SUCCESSFUL_RECOVERY,12
EVT:GROUND_IMPACT,AFFECTS,ENT:aircraft,95
EVT:GROUND_IMPACT,AFFECTED_BY,ENT:aircraft,5
EVT:GROUND_IMPACT,CAUSES,ENT:aircraft,143
EVT:GROUND_IMPACT,OUTCOME,ENT:aircraft,1
EVT:GROUND_IMPACT,AFFECTED,ENT:aircraft,1
EVT:GROUND_IMPACT,INDUCED_CONDITION,COND:aerodynamic,6
EVT:GROUND_IMPACT,TRIGGERS,COND:aerodynamic,1
EVT:GROUND_IMPACT,RESPONDS_TO,EVT:PROCEDURE_NOT_FOLLOWED,15
EVT:GROUND_IMPACT,PRECEDES,EVT:PROCEDURE_NOT_FOLLOWED,5
EVT:GROUND_IMPACT,TRIGGERS,EVT:PROCEDURE_NOT_FOLLOWED,43
EVT:GROUND_IMPACT,CAUSES,EVT:PROCEDURE_NOT_FOLLOWED,2
EVT:GROUND_IMPACT,CONCURRENT,EVT:PROCEDURE_NOT_FOLLOWED,2
EVT:GROUND_IMPACT,INHIBITS,EVT:PROCEDURE_NOT_FOLLOWED,1
EVT:GROUND_IMPACT,ENABLES,EVT:PROCEDURE_NOT_FOLLOWED,1
EVT:GROUND_IMPACT,CAUSES,EVT:INFLIGHT_BREAKUP,69
EVT:GROUND_IMPACT,TRIGGERS,EVT:CREW_COORDINATION_FAILURE,1
EVT:GROUND_IMPACT,CONCURRENT,EVT:CREW_COORDINATION_FAILURE,1
EVT:GROUND_IMPACT,CAUSES,COND:mechanical,51
EVT:GROUND_IMPACT,INDUCED_CONDITION,COND:mechanical,26
EVT:GROUND_IMPACT,PREVENTS,COND:mechanical,1
EVT:GROUND_IMPACT,CONTRIBUTES_TO,COND:mechanical,2
EVT:GROUND_IMPACT,UNDER_CONDITION,COND:mechanical,9
EVT:GROUND_IMPACT,MASKED_BY_CONDITION,COND:mechanical,1
EVT:GROUND_IMPACT,ENABLES,COND:mechanical,2
EVT:GROUND_IMPACT,CAUSES,EVT:LOSS_OF_CONTROL_INFLIGHT,48
EVT:GROUND_IMPACT,TRIGGERS,EVT:LOSS_OF_CONTROL_INFLIGHT,5
EVT:GROUND_IMPACT,CONTRIBUTES_TO,EVT:LOSS_OF_CONTROL_INFLIGHT,1
EVT:GROUND_IMPACT,UNDER_CONDITION,COND:location,12
EVT:GROUND_IMPACT,CAUSES,EVT:ENGINE_FAILURE,13
EVT:GROUND_IMPACT,CONCURRENT,EVT:ENGINE_FAILURE,1
EVT:GROUND_IMPACT,CONTRIBUTES_TO,EVT:ENGINE_FAILURE,1
EVT:GROUND_IMPACT,TRIGGERS,EVT:DECISION_INAPPROPRIATE,39
EVT:GROUND_IMPACT,PRECEDES,EVT:DECISION_INAPPROPRIATE,2
EVT:GROUND_IMPACT,CAUSES,EVT:DECISION_INAPPROPRIATE,10
EVT:GROUND_IMPACT,RESPONDS_TO,EVT:DECISION_INAPPROPRIATE,12
EVT:GROUND_IMPACT,CONCURRENT,EVT:DECISION_INAPPROPRIATE,1
EVT:GROUND_IMPACT,ENABLES,EVT:PERCEPTION_FAILURE,1
EVT:GROUND_IMPACT,CAUSES,EVT:PERCEPTION_FAILURE,6
EVT:GROUND_IMPACT,CONCURRENT,EVT:PERCEPTION_FAILURE,3
EVT:GROUND_IMPACT,TRIGGERS,EVT:PERCEPTION_FAILURE,8
EVT:GROUND_IMPACT,PRECEDES,EVT:PERCEPTION_FAILURE,2
EVT:GROUND_IMPACT,UNDER_CONDITION,COND:weather,50
EVT:GROUND_IMPACT,CONTRIBUTES_TO,COND:weather,1
EVT:GROUND_IMPACT,CONCURRENT,COND:weather,2
EVT:GROUND_IMPACT,INDUCED_CONDITION,COND:weather,1
EVT:GROUND_IMPACT,MASKED_BY_CONDITION,COND:weather,1
EVT:GROUND_IMPACT,CAUSES,EVT:EMERGENCY_LANDING,28
EVT:GROUND_IMPACT,PREVENTS,EVT:EMERGENCY_LANDING,1
EVT:GROUND_IMPACT,TRIGGERS,EVT:EMERGENCY_LANDING,11
EVT:GROUND_IMPACT,CONCURRENT,EVT:EMERGENCY_LANDING,4
EVT:GROUND_IMPACT,RESPONDS_TO,EVT:EMERGENCY_LANDING,1
EVT:GROUND_IMPACT,CAUSES,EVT:ALTITUDE_DEVIATION_UNCONTROLLED,16
EVT:GROUND_IMPACT,TRIGGERS,EVT:ALTITUDE_DEVIATION_UNCONTROLLED,1
EVT:GROUND_IMPACT,CAUSES,EVT:WATER_IMPACT,56
EVT:GROUND_IMPACT,CONCURRENT,EVT:WATER_IMPACT,1
EVT:GROUND_IMPACT,CAUSES,EVT:STRUCTURAL_DAMAGE,5
EVT:GROUND_IMPACT,PRECEDES,EVT:WIND_SHEAR_OR_GUST,2
EVT:GROUND_IMPACT,TRIGGERS,EVT:WIND_SHEAR_OR_GUST,2
EVT:GROUND_IMPACT,CAUSES,EVT:WIND_SHEAR_OR_GUST,1
EVT:GROUND_IMPACT,CONCURRENT,EVT:WIND_SHEAR_OR_GUST,1
EVT:GROUND_IMPACT,CAUSES,COND:latent_defect,1
EVT:GROUND_IMPACT,INDUCED_CONDITION,COND:latent_defect,1
EVT:GROUND_IMPACT,CAUSES,COND:structural,7
EVT:GROUND_IMPACT,INDUCED_CONDITION,COND:structural,3
EVT:GROUND_IMPACT,TRIGGERS,COND:structural,1
EVT:GROUND_IMPACT,CONCURRENT,EVT:TERRAIN_OR_OBSTACLE_PROXIMITY,5
EVT:GROUND_IMPACT,CAUSES,EVT:TERRAIN_OR_OBSTACLE_PROXIMITY,12
EVT:GROUND_IMPACT,UNDER_CONDITION,ENT:location,9
EVT:GROUND_IMPACT,CO_OCCURS,ENT:location,2
EVT:GROUND_IMPACT,AT_LOCATION,ENT:location,1
EVT:GROUND_IMPACT,AFFECTS,ENT:location,3
EVT:GROUND_IMPACT,CAUSES,ENT:location,6
EVT:GROUND_IMPACT,AFFECTED_BY,ENT:location,1
EVT:GROUND_IMPACT,TRIGGERS,EVT:CONTROL_SURFACE_ANOMALY,2
EVT:GROUND_IMPACT,CAUSES,EVT:CONTROL_SURFACE_ANOMALY,13
EVT:GROUND_IMPACT,PRECEDES,EVT:CONTROL_SURFACE_ANOMALY,1
EVT:GROUND_IMPACT,AFFECTS,ENT:component,1
EVT:GROUND_IMPACT,AFFECTED_BY,ENT:component,1
EVT:GROUND_IMPACT,INDUCED_CONDITION,COND:human_factor,1
EVT:GROUND_IMPACT,AFFECTS,ENT:person,4
EVT:GROUND_IMPACT,CAUSES,ENT:person,4
EVT:GROUND_IMPACT,RESPONDS_TO,ENT:person,1
EVT:GROUND_IMPACT,AFFECTED_BY,ENT:object,4
EVT:GROUND_IMPACT,AFFECTS,ENT:object,8
EVT:GROUND_IMPACT,CAUSES,ENT:object,3
EVT:GROUND_IMPACT,ENABLES,COND:situational_awareness,1
EVT:GROUND_IMPACT,AFFECTS,ENT:infrastructure,3
EVT:GROUND_IMPACT,UNDER_CONDITION,ENT:infrastructure,1
EVT:GROUND_IMPACT,CAUSES,ENT:infrastructure,3
EVT:GROUND_IMPACT,CAUSES,EVT:PILOT_INCAPACITATION_OR_IMPAIRMENT,11
EVT:GROUND_IMPACT,TRIGGERS,EVT:PILOT_INCAPACITATION_OR_IMPAIRMENT,1
EVT:GROUND_IMPACT,INDUCED_CONDITION,COND:human,1
EVT:GROUND_IMPACT,UNDER_CONDITION,COND:infrastructure,14
EVT:GROUND_IMPACT,AFFECTS,COND:infrastructure,1
EVT:GROUND_IMPACT,CAUSES,ENT:vehicle,1
EVT:GROUND_IMPACT,AFFECTS,ENT:vehicle,1
EVT:GROUND_IMPACT,AFFECTED_BY,ENT:vehicle,1
EVT:GROUND_IMPACT,CAUSES,EVT:GROUND_PERSONNEL_ERROR,1
EVT:GROUND_IMPACT,TRIGGERS,EVT:GROUND_PERSONNEL_ERROR,1
EVT:GROUND_IMPACT,TRIGGERS,EVT:GROUND_RESONANCE,2
EVT:GROUND_IMPACT,UNDER_CONDITION,COND:terrain_obstacle,6
EVT:GROUND_IMPACT,UNDER_CONDITION,COND:geometric,1
EVT:GROUND_IMPACT,CAUSES,EVT:MIDAIR_COLLISION,2
EVT:GROUND_IMPACT,CONTRIBUTES_TO,EVT:MIDAIR_COLLISION,1
EVT:GROUND_IMPACT,UNDER_CONDITION,COND:resource,1
EVT:GROUND_IMPACT,UNDER_CONDITION,COND:environmental_hazard,5
EVT:GROUND_IMPACT,TRIGGERS,EVT:TURBULENCE_ENCOUNTER,2
EVT:GROUND_IMPACT,CONCURRENT,EVT:TURBULENCE_ENCOUNTER,1
EVT:GROUND_IMPACT,ENABLES,EVT:BIRD_OR_WILDLIFE_STRIKE,1
EVT:GROUND_IMPACT,PRECEDES,EVT:BIRD_OR_WILDLIFE_STRIKE,2
EVT:GROUND_IMPACT,CAUSES,EVT:BIRD_OR_WILDLIFE_STRIKE,2
EVT:GROUND_IMPACT,CAUSES,EVT:FUEL_SYSTEM_ANOMALY,3
EVT:GROUND_IMPACT,TRIGGERS,EVT:RUNWAY_CONDITION_HAZARD,1
EVT:GROUND_IMPACT,CONCURRENT,EVT:INSTRUMENT_OR_AVIONICS_FAILURE,1
EVT:GROUND_IMPACT,UNDER_CONDITION,COND:obstacle,5
EVT:GROUND_IMPACT,UNDER_CONDITION,COND:spatial,2
EVT:GROUND_IMPACT,MASKED_BY_CONDITION,COND:spatial,1
EVT:GROUND_IMPACT,CAUSES,COND:organizational,1
EVT:GROUND_IMPACT,AFFECTS,ENT:equipment,1
EVT:GROUND_IMPACT,UNDER_CONDITION,COND:physical,7
EVT:GROUND_IMPACT,INDUCED_CONDITION,COND:physical,2
EVT:GROUND_IMPACT,UNDER_CONDITION,COND:terrain_surface,1
EVT:GROUND_IMPACT,UNDER_CONDITION,COND:weight,1
EVT:GROUND_IMPACT,CAUSES,COND:maintenance,1
EVT:GROUND_IMPACT,TRIGGERS,COND:equipment,1
EVT:GROUND_IMPACT,CAUSES,COND:equipment,1
EVT:GROUND_IMPACT,UNDER_CONDITION,COND:runway,2
EVT:GROUND_IMPACT,UNDER_CONDITION,COND:aircraft_configuration,1
EVT:GROUND_IMPACT,UNDER_CONDITION,ENT:obstacle,1
EVT:GROUND_IMPACT,INDUCED_CONDITION,COND:aircraft_state,1
EVT:GROUND_IMPACT,CAUSES,COND:structural_damage,1
EVT:GROUND_IMPACT,INDUCED_CONDITION,COND:performance,1
EVT:GROUND_IMPACT,CAUSES,COND:human_factors,1
EVT:LOSS_OF_CONTROL_GROUND,CAUSES,EVT:GROUND_IMPACT,2032
EVT:LOSS_OF_CONTROL_GROUND,CONTRIBUTES_TO,EVT:GROUND_IMPACT,38
EVT:LOSS_OF_CONTROL_GROUND,CONCURRENT,EVT:GROUND_IMPACT,4
EVT:LOSS_OF_CONTROL_GROUND,CAUSES,EVT:RUNWAY_EXCURSION_OR_OVERRUN,849
EVT:LOSS_OF_CONTROL_GROUND,CONTRIBUTES_TO,EVT:RUNWAY_EXCURSION_OR_OVERRUN,11
EVT:LOSS_OF_CONTROL_GROUND,CONCURRENT,EVT:RUNWAY_EXCURSION_OR_OVERRUN,1
EVT:LOSS_OF_CONTROL_GROUND,UNDER_CONDITION,COND:mechanical,59
EVT:LOSS_OF_CONTROL_GROUND,CONTRIBUTES_TO,COND:mechanical,3
EVT:LOSS_OF_CONTROL_GROUND,CAUSES,COND:mechanical,2
EVT:LOSS_OF_CONTROL_GROUND,INHIBITS,COND:mechanical,3
EVT:LOSS_OF_CONTROL_GROUND,INDUCED_CONDITION,COND:mechanical,11
EVT:LOSS_OF_CONTROL_GROUND,RESPONDS_TO,COND:mechanical,1
EVT:LOSS_OF_CONTROL_GROUND,IF_THEN,COND:mechanical,1
EVT:LOSS_OF_CONTROL_GROUND,UNDER_CONDITION,COND:weather,161
EVT:LOSS_OF_CONTROL_GROUND,INDUCED_CONDITION,COND:weather,1
EVT:LOSS_OF_CONTROL_GROUND,RESPONDS_TO,EVT:CONTROL_INPUT_IMPROPER,607
EVT:LOSS_OF_CONTROL_GROUND,TRIGGERS,EVT:CONTROL_INPUT_IMPROPER,160
EVT:LOSS_OF_CONTROL_GROUND,CONCURRENT,EVT:CONTROL_INPUT_IMPROPER,12
EVT:LOSS_OF_CONTROL_GROUND,CAUSES,EVT:CONTROL_INPUT_IMPROPER,32
EVT:LOSS_OF_CONTROL_GROUND,CONTRIBUTES_TO,EVT:CONTROL_INPUT_IMPROPER,4
EVT:LOSS_OF_CONTROL_GROUND,RESPONDS_TO,EVT:DECISION_INAPPROPRIATE,56
EVT:LOSS_OF_CONTROL_GROUND,CAUSES,EVT:DECISION_INAPPROPRIATE,12
EVT:LOSS_OF_CONTROL_GROUND,TRIGGERS,EVT:DECISION_INAPPROPRIATE,96
EVT:LOSS_OF_CONTROL_GROUND,CONCURRENT,EVT:DECISION_INAPPROPRIATE,2
EVT:LOSS_OF_CONTROL_GROUND,CONTRIBUTES_TO,EVT:STALL,2
EVT:LOSS_OF_CONTROL_GROUND,CAUSES,EVT:STALL,10
EVT:LOSS_OF_CONTROL_GROUND,RESPONDS_TO,EVT:STALL,1
EVT:LOSS_OF_CONTROL_GROUND,CONCURRENT,EVT:STALL,1
EVT:LOSS_OF_CONTROL_GROUND,UNDER_CONDITION,COND:environmental,216
EVT:LOSS_OF_CONTROL_GROUND,ENABLES,COND:environmental,8
EVT:LOSS_OF_CONTROL_GROUND,CAUSES,COND:environmental,5
EVT:LOSS_OF_CONTROL_GROUND,INHIBITS,COND:environmental,1
EVT:LOSS_OF_CONTROL_GROUND,IF_THEN,COND:environmental,1
EVT:LOSS_OF_CONTROL_GROUND,CONCURRENT,COND:environmental,1
EVT:LOSS_OF_CONTROL_GROUND,CONTRIBUTES_TO,COND:environmental,1
EVT:LOSS_OF_CONTROL_GROUND,CAUSES,EVT:LANDING_GEAR_ANOMALY,172
EVT:LOSS_OF_CONTROL_GROUND,TRIGGERS,EVT:LANDING_GEAR_ANOMALY,3
EVT:LOSS_OF_CONTROL_GROUND,CONTRIBUTES_TO,EVT:LANDING_GEAR_ANOMALY,3
EVT:LOSS_OF_CONTROL_GROUND,UNDER_CONDITION,COND:terrain,22
EVT:LOSS_OF_CONTROL_GROUND,CONTRIBUTES_TO,COND:terrain,1
EVT:LOSS_OF_CONTROL_GROUND,IF_THEN,COND:terrain,1
EVT:LOSS_OF_CONTROL_GROUND,UNDER_CONDITION,COND:runway_condition,2
EVT:LOSS_OF_CONTROL_GROUND,CAUSES,EVT:AIRFRAME_STRUCTURAL_FAILURE,77
EVT:LOSS_OF_CONTROL_GROUND,CONCURRENT,EVT:AIRFRAME_STRUCTURAL_FAILURE,1
EVT:LOSS_OF_CONTROL_GROUND,CAUSES,EVT:STRUCTURAL_OVERLOAD,65
EVT:LOSS_OF_CONTROL_GROUND,CONTRIBUTES_TO,EVT:STRUCTURAL_OVERLOAD,1
EVT:LOSS_OF_CONTROL_GROUND,TRIGGERS,EVT:STRUCTURAL_OVERLOAD,1
EVT:LOSS_OF_CONTROL_GROUND,CAUSES,EVT:LOSS_OF_CONTROL_GROUND,78
EVT:LOSS_OF_CONTROL_GROUND,CONTRIBUTES_TO,EVT:LOSS_OF_CONTROL_GROUND,3
EVT:LOSS_OF_CONTROL_GROUND,CONCURRENT,EVT:LOSS_OF_CONTROL_GROUND,1
EVT:LOSS_OF_CONTROL_GROUND,INDUCED_CONDITION,COND:aerodynamic,16
EVT:LOSS_OF_CONTROL_GROUND,UNDER_CONDITION,COND:aerodynamic,7
EVT:LOSS_OF_CONTROL_GROUND,CAUSES,EVT:INJURY_OR_FATALITY,39
EVT:LOSS_OF_CONTROL_GROUND,CONTRIBUTES_TO,EVT:INJURY_OR_FATALITY,1
EVT:LOSS_OF_CONTROL_GROUND,ENABLES,EVT:GROUND_PERSONNEL_ERROR,1
EVT:LOSS_OF_CONTROL_GROUND,CONTRIBUTES_TO,EVT:GROUND_PERSONNEL_ERROR,1
EVT:LOSS_OF_CONTROL_GROUND,TRIGGERS,EVT:GROUND_PERSONNEL_ERROR,1
EVT:LOSS_OF_CONTROL_GROUND,UNDER_CONDITION,COND:surface,14
EVT:LOSS_OF_CONTROL_GROUND,INDUCED_CONDITION,COND:surface,1
EVT:LOSS_OF_CONTROL_GROUND,CONTRIBUTES_TO,COND:surface,1
EVT:LOSS_OF_CONTROL_GROUND,UNDER_CONDITION,COND:aircraft_configuration,4
EVT:LOSS_OF_CONTROL_GROUND,UNDER_CONDITION,ENT:location,3
EVT:LOSS_OF_CONTROL_GROUND,RESPONDS_TO,EVT:SUCCESSFUL_RECOVERY,7
EVT:LOSS_OF_CONTROL_GROUND,CAUSES,EVT:SUCCESSFUL_RECOVERY,1
EVT:LOSS_OF_CONTROL_GROUND,TRIGGERS,EVT:SUCCESSFUL_RECOVERY,2
EVT:LOSS_OF_CONTROL_GROUND,CAUSES,EVT:WATER_IMPACT,19
EVT:LOSS_OF_CONTROL_GROUND,UNDER_CONDITION,COND:physical,2
EVT:LOSS_OF_CONTROL_GROUND,UNDER_CONDITION,ENT:person,1
EVT:LOSS_OF_CONTROL_GROUND,RESPONDS_TO,ENT:person,2
EVT:LOSS_OF_CONTROL_GROUND,TRIGGERS,EVT:PERCEPTION_FAILURE,4
EVT:LOSS_OF_CONTROL_GROUND,CAUSES,EVT:PERCEPTION_FAILURE,3
EVT:LOSS_OF_CONTROL_GROUND,PRECEDES,EVT:PERCEPTION_FAILURE,1
EVT:LOSS_OF_CONTROL_GROUND,CONCURRENT,EVT:PERCEPTION_FAILURE,1
EVT:LOSS_OF_CONTROL_GROUND,CONTRIBUTES_TO,EVT:PERCEPTION_FAILURE,1
EVT:LOSS_OF_CONTROL_GROUND,CAUSES,EVT:RUNWAY_CONDITION_HAZARD,3
EVT:LOSS_OF_CONTROL_GROUND,CAUSES,EVT:PROCEDURE_NOT_FOLLOWED,3
EVT:LOSS_OF_CONTROL_GROUND,TRIGGERS,EVT:PROCEDURE_NOT_FOLLOWED,12
EVT:LOSS_OF_CONTROL_GROUND,RESPONDS_TO,EVT:PROCEDURE_NOT_FOLLOWED,42
EVT:LOSS_OF_CONTROL_GROUND,CONCURRENT,EVT:PROCEDURE_NOT_FOLLOWED,3
EVT:LOSS_OF_CONTROL_GROUND,PRECEDES,EVT:PROCEDURE_NOT_FOLLOWED,1
EVT:LOSS_OF_CONTROL_GROUND,CAUSES,EVT:TERRAIN_OR_OBSTACLE_PROXIMITY,37
EVT:LOSS_OF_CONTROL_GROUND,CONTRIBUTES_TO,EVT:TERRAIN_OR_OBSTACLE_PROXIMITY,1
EVT:LOSS_OF_CONTROL_GROUND,PRECEDES,EVT:TERRAIN_OR_OBSTACLE_PROXIMITY,1
EVT:LOSS_OF_CONTROL_GROUND,TRIGGERS,EVT:RESPONDS_TO,3
EVT:LOSS_OF_CONTROL_GROUND,CAUSES,EVT:INFLIGHT_FIRE_OR_SMOKE,5
EVT:LOSS_OF_CONTROL_GROUND,CAUSES,EVT:ALTITUDE_DEVIATION_UNCONTROLLED,14
EVT:LOSS_OF_CONTROL_GROUND,PRECEDES,EVT:CREW_COORDINATION_FAILURE,1
EVT:LOSS_OF_CONTROL_GROUND,TRIGGERS,EVT:CREW_COORDINATION_FAILURE,7
EVT:LOSS_OF_CONTROL_GROUND,RESPONDS_TO,EVT:CREW_COORDINATION_FAILURE,3
EVT:LOSS_OF_CONTROL_GROUND,CONTRIBUTES_TO,EVT:CREW_COORDINATION_FAILURE,1
EVT:LOSS_OF_CONTROL_GROUND,TRIGGERS,EVT:WIND_SHEAR_OR_GUST,1
EVT:LOSS_OF_CONTROL_GROUND,CAUSES,EVT:WIND_SHEAR_OR_GUST,1
EVT:LOSS_OF_CONTROL_GROUND,CO_OCCURS,EVT:WIND_SHEAR_OR_GUST,1
EVT:LOSS_OF_CONTROL_GROUND,CONCURRENT,EVT:WIND_SHEAR_OR_GUST,4
EVT:LOSS_OF_CONTROL_GROUND,ENABLES,EVT:WIND_SHEAR_OR_GUST,2
EVT:LOSS_OF_CONTROL_GROUND,CAUSES,EVT:CONTROL_SURFACE_ANOMALY,5
EVT:LOSS_OF_CONTROL_GROUND,UNDER_CONDITION,COND:physiological,1
EVT:LOSS_OF_CONTROL_GROUND,UNDER_CONDITION,COND:aircraft_characteristic,4
EVT:LOSS_OF_CONTROL_GROUND,CAUSES,EVT:GROUND_COLLISION,8
EVT:LOSS_OF_CONTROL_GROUND,CAUSES,EVT:INFLIGHT_BREAKUP,1
EVT:LOSS_OF_CONTROL_GROUND,CAUSES,EVT:MIDAIR_COLLISION,5
EVT:LOSS_OF_CONTROL_GROUND,CAUSES,EVT:LOSS_OF_CONTROL_INFLIGHT,2
EVT:LOSS_OF_CONTROL_GROUND,UNDER_CONDITION,COND:human_factor,1
EVT:LOSS_OF_CONTROL_GROUND,CONTRIBUTES_TO,COND:human_factor,1
EVT:LOSS_OF_CONTROL_GROUND,UNDER_CONDITION,COND:human,2
EVT:LOSS_OF_CONTROL_GROUND,UNDER_CONDITION,COND:fatigue,1
EVT:LOSS_OF_CONTROL_GROUND,UNDER_CONDITION,COND:aircraft_state,1
EVT:LOSS_OF_CONTROL_GROUND,CONTRIBUTES_TO,EVT:BIRD_OR_WILDLIFE_STRIKE,1
EVT:LOSS_OF_CONTROL_GROUND,UNDER_CONDITION,COND:infrastructure,5
EVT:LOSS_OF_CONTROL_GROUND,ENABLES,COND:infrastructure,1
EVT:LOSS_OF_CONTROL_GROUND,UNDER_CONDITION,COND:aircraft_characteristics,1
EVT:LOSS_OF_CONTROL_GROUND,UNDER_CONDITION,COND:aircraft_limitation,1
EVT:LOSS_OF_CONTROL_GROUND,CAUSES,EVT:GROUND_LOOP,3
EVT:LOSS_OF_CONTROL_GROUND,CAUSES,ENT:aircraft,3
EVT:LOSS_OF_CONTROL_GROUND,AFFECTED_BY,ENT:aircraft,1
EVT:LOSS_OF_CONTROL_GROUND,UNDER_CONDITION,COND:other,1
EVT:LOSS_OF_CONTROL_GROUND,ENABLES,COND:location,1
EVT:LOSS_OF_CONTROL_GROUND,UNDER_CONDITION,COND:location,3
EVT:LOSS_OF_CONTROL_GROUND,UNDER_CONDITION,COND:surface_condition,1
EVT:LOSS_OF_CONTROL_GROUND,UNDER_CONDITION,COND:operational,1
EVT:LOSS_OF_CONTROL_GROUND,UNDER_CONDITION,COND:airport,1
EVT:LOSS_OF_CONTROL_GROUND,UNDER_CONDITION,COND:situational_awareness,1
EVT:LOSS_OF_CONTROL_GROUND,CAUSES,EVT:ENGINE_FAILURE,2
EVT:LOSS_OF_CONTROL_GROUND,INDUCED_CONDITION,COND:structural,1
EVT:LOSS_OF_CONTROL_GROUND,CAUSES,EVT:PILOT_INCAPACITATION_OR_IMPAIRMENT,1
EVT:CONTROL_INPUT_IMPROPER,CAUSES,EVT:LOSS_OF_CONTROL_GROUND,1679
EVT:CONTROL_INPUT_IMPROPER,RESPONDS_TO,EVT:LOSS_OF_CONTROL_GROUND,37
EVT:CONTROL_INPUT_IMPROPER,CONTRIBUTES_TO,EVT:LOSS_OF_CONTROL_GROUND,195
EVT:CONTROL_INPUT_IMPROPER,TRIGGERS,EVT:LOSS_OF_CONTROL_GROUND,14
EVT:CONTROL_INPUT_IMPROPER,PREVENTS,EVT:LOSS_OF_CONTROL_GROUND,16
EVT:CONTROL_INPUT_IMPROPER,INHIBITS,EVT:LOSS_OF_CONTROL_GROUND,8
EVT:CONTROL_INPUT_IMPROPER,CAUSES,EVT:INJURY_OR_FATALITY,13
EVT:CONTROL_INPUT_IMPROPER,CONTRIBUTES_TO,EVT:INJURY_OR_FATALITY,1
EVT:CONTROL_INPUT_IMPROPER,CAUSES,EVT:STALL,1682
EVT:CONTROL_INPUT_IMPROPER,CONTRIBUTES_TO,EVT:STALL,88
EVT:CONTROL_INPUT_IMPROPER,TRIGGERS,EVT:STALL,4
EVT:CONTROL_INPUT_IMPROPER,RESPONDS_TO,EVT:STALL,2
EVT:CONTROL_INPUT_IMPROPER,PREVENTS,EVT:STALL,1
EVT:CONTROL_INPUT_IMPROPER,INHIBITS,EVT:STALL,1
EVT:CONTROL_INPUT_IMPROPER,UNDER_CONDITION,COND:weather,585
EVT:CONTROL_INPUT_IMPROPER,RESPONDS_TO,COND:weather,22
EVT:CONTROL_INPUT_IMPROPER,CONTRIBUTES_TO,COND:weather,3
EVT:CONTROL_INPUT_IMPROPER,ENABLES,COND:weather,1
EVT:CONTROL_INPUT_IMPROPER,CONCURRENT,COND:weather,2
EVT:CONTROL_INPUT_IMPROPER,MASKED_BY_CONDITION,COND:weather,1
EVT:CONTROL_INPUT_IMPROPER,CAUSES,EVT:GROUND_IMPACT,3886
EVT:CONTROL_INPUT_IMPROPER,CONTRIBUTES_TO,EVT:GROUND_IMPACT,458
EVT:CONTROL_INPUT_IMPROPER,TRIGGERS,EVT:GROUND_IMPACT,2
EVT:CONTROL_INPUT_IMPROPER,ENABLES,EVT:GROUND_IMPACT,1
EVT:CONTROL_INPUT_IMPROPER,PREVENTS,EVT:GROUND_IMPACT,16
EVT:CONTROL_INPUT_IMPROPER,PRECEDES,EVT:GROUND_IMPACT,1
EVT:CONTROL_INPUT_IMPROPER,INHIBITS,EVT:GROUND_IMPACT,15
EVT:CONTROL_INPUT_IMPROPER,CONCURRENT,EVT:GROUND_IMPACT,5
EVT:CONTROL_INPUT_IMPROPER,MITIGATES,EVT:GROUND_IMPACT,3
EVT:CONTROL_INPUT_IMPROPER,RESPONDS_TO,EVT:GROUND_IMPACT,6
EVT:CONTROL_INPUT_IMPROPER,UNDER_CONDITION,COND:mechanical,113
EVT:CONTROL_INPUT_IMPROPER,CAUSES,COND:mechanical,132
EVT:CONTROL_INPUT_IMPROPER,INDUCED_CONDITION,COND:mechanical,107
EVT:CONTROL_INPUT_IMPROPER,TRIGGERS,COND:mechanical,39
EVT:CONTROL_INPUT_IMPROPER,INHIBITS,COND:mechanical,5
EVT:CONTROL_INPUT_IMPROPER,MASKED_BY_CONDITION,COND:mechanical,2
EVT:CONTROL_INPUT_IMPROPER,CONTRIBUTES_TO,COND:mechanical,13
EVT:CONTROL_INPUT_IMPROPER,ENABLES,COND:mechanical,1
EVT:CONTROL_INPUT_IMPROPER,RESPONDS_TO,COND:mechanical,15
EVT:CONTROL_INPUT_IMPROPER,CONCURRENT,COND:mechanical,3
EVT:CONTROL_INPUT_IMPROPER,PREVENTS,COND:mechanical,2
EVT:CONTROL_INPUT_IMPROPER,MITIGATES,COND:mechanical,1
EVT:CONTROL_INPUT_IMPROPER,CAUSES,EVT:RUNWAY_EXCURSION_OR_OVERRUN,1684
EVT:CONTROL_INPUT_IMPROPER,CONTRIBUTES_TO,EVT:RUNWAY_EXCURSION_OR_OVERRUN,165
EVT:CONTROL_INPUT_IMPROPER,RESPONDS_TO,EVT:RUNWAY_EXCURSION_OR_OVERRUN,11
EVT:CONTROL_INPUT_IMPROPER,CONCURRENT,EVT:RUNWAY_EXCURSION_OR_OVERRUN,1
EVT:CONTROL_INPUT_IMPROPER,MITIGATES,EVT:RUNWAY_EXCURSION_OR_OVERRUN,6
EVT:CONTROL_INPUT_IMPROPER,PREVENTS,EVT:RUNWAY_EXCURSION_OR_OVERRUN,6
EVT:CONTROL_INPUT_IMPROPER,TRIGGERS,EVT:RUNWAY_EXCURSION_OR_OVERRUN,2
EVT:CONTROL_INPUT_IMPROPER,INHIBITS,EVT:RUNWAY_EXCURSION_OR_OVERRUN,1
EVT:CONTROL_INPUT_IMPROPER,CAUSES,COND:infrastructure,1
EVT:CONTROL_INPUT_IMPROPER,UNDER_CONDITION,COND:infrastructure,10
EVT:CONTROL_INPUT_IMPROPER,CAUSES,EVT:LOSS_OF_CONTROL_INFLIGHT,955
EVT:CONTROL_INPUT_IMPROPER,CONTRIBUTES_TO,EVT:LOSS_OF_CONTROL_INFLIGHT,137
EVT:CONTROL_INPUT_IMPROPER,MITIGATES,EVT:LOSS_OF_CONTROL_INFLIGHT,3
EVT:CONTROL_INPUT_IMPROPER,RESPONDS_TO,EVT:LOSS_OF_CONTROL_INFLIGHT,18
EVT:CONTROL_INPUT_IMPROPER,INHIBITS,EVT:LOSS_OF_CONTROL_INFLIGHT,7
EVT:CONTROL_INPUT_IMPROPER,TRIGGERS,EVT:LOSS_OF_CONTROL_INFLIGHT,18
EVT:CONTROL_INPUT_IMPROPER,CONCURRENT,EVT:LOSS_OF_CONTROL_INFLIGHT,9
EVT:CONTROL_INPUT_IMPROPER,PREVENTS,EVT:LOSS_OF_CONTROL_INFLIGHT,13
EVT:CONTROL_INPUT_IMPROPER,CONTRIBUTES_TO,EVT:DECISION_INAPPROPRIATE,22
EVT:CONTROL_INPUT_IMPROPER,CAUSES,EVT:DECISION_INAPPROPRIATE,128
EVT:CONTROL_INPUT_IMPROPER,TRIGGERS,EVT:DECISION_INAPPROPRIATE,136
EVT:CONTROL_INPUT_IMPROPER,CONCURRENT,EVT:DECISION_INAPPROPRIATE,27
EVT:CONTROL_INPUT_IMPROPER,RESPONDS_TO,EVT:DECISION_INAPPROPRIATE,33
EVT:CONTROL_INPUT_IMPROPER,PRECEDES,EVT:DECISION_INAPPROPRIATE,7
EVT:CONTROL_INPUT_IMPROPER,INHIBITS,EVT:DECISION_INAPPROPRIATE,1
EVT:CONTROL_INPUT_IMPROPER,ENABLES,EVT:DECISION_INAPPROPRIATE,1
EVT:CONTROL_INPUT_IMPROPER,CAUSES,EVT:WATER_IMPACT,82
EVT:CONTROL_INPUT_IMPROPER,CONTRIBUTES_TO,EVT:WATER_IMPACT,12
EVT:CONTROL_INPUT_IMPROPER,CAUSES,COND:aerodynamic,297
EVT:CONTROL_INPUT_IMPROPER,INDUCED_CONDITION,COND:aerodynamic,379
EVT:CONTROL_INPUT_IMPROPER,UNDER_CONDITION,COND:aerodynamic,50
EVT:CONTROL_INPUT_IMPROPER,CONTRIBUTES_TO,COND:aerodynamic,9
EVT:CONTROL_INPUT_IMPROPER,TRIGGERS,COND:aerodynamic,6
EVT:CONTROL_INPUT_IMPROPER,RESPONDS_TO,COND:aerodynamic,4
EVT:CONTROL_INPUT_IMPROPER,INHIBITS,COND:aerodynamic,3
EVT:CONTROL_INPUT_IMPROPER,MITIGATES,COND:aerodynamic,3
EVT:CONTROL_INPUT_IMPROPER,MAINTAINS,COND:aerodynamic,1
EVT:CONTROL_INPUT_IMPROPER,TRIGGERS,EVT:PROCEDURE_NOT_FOLLOWED,126
EVT:CONTROL_INPUT_IMPROPER,CAUSES,EVT:PROCEDURE_NOT_FOLLOWED,132
EVT:CONTROL_INPUT_IMPROPER,CONCURRENT,EVT:PROCEDURE_NOT_FOLLOWED,48
EVT:CONTROL_INPUT_IMPROPER,RESPONDS_TO,EVT:PROCEDURE_NOT_FOLLOWED,27
EVT:CONTROL_INPUT_IMPROPER,PRECEDES,EVT:PROCEDURE_NOT_FOLLOWED,13
EVT:CONTROL_INPUT_IMPROPER,CONTRIBUTES_TO,EVT:PROCEDURE_NOT_FOLLOWED,14
EVT:CONTROL_INPUT_IMPROPER,CO_OCCURS,EVT:PROCEDURE_NOT_FOLLOWED,1
EVT:CONTROL_INPUT_IMPROPER,CAUSES,EVT:CONTROL_INPUT_IMPROPER,420
EVT:CONTROL_INPUT_IMPROPER,CONTRIBUTES_TO,EVT:CONTROL_INPUT_IMPROPER,86
EVT:CONTROL_INPUT_IMPROPER,TRIGGERS,EVT:CONTROL_INPUT_IMPROPER,154
EVT:CONTROL_INPUT_IMPROPER,CONCURRENT,EVT:CONTROL_INPUT_IMPROPER,137
EVT:CONTROL_INPUT_IMPROPER,PRECEDES,EVT:CONTROL_INPUT_IMPROPER,78
EVT:CONTROL_INPUT_IMPROPER,RESPONDS_TO,EVT:CONTROL_INPUT_IMPROPER,44
EVT:CONTROL_INPUT_IMPROPER,CO_OCCURS,EVT:CONTROL_INPUT_IMPROPER,2
EVT:CONTROL_INPUT_IMPROPER,ENABLES,EVT:CONTROL_INPUT_IMPROPER,1
EVT:CONTROL_INPUT_IMPROPER,CONTINUES_AS,EVT:CONTROL_INPUT_IMPROPER,1
EVT:CONTROL_INPUT_IMPROPER,CAUSES,COND:situational,1
EVT:CONTROL_INPUT_IMPROPER,UNDER_CONDITION,COND:situational,1
EVT:CONTROL_INPUT_IMPROPER,INDUCED_CONDITION,COND:situational,2
EVT:CONTROL_INPUT_IMPROPER,UNDER_CONDITION,COND:environmental,819
EVT:CONTROL_INPUT_IMPROPER,CAUSES,COND:environmental,31
EVT:CONTROL_INPUT_IMPROPER,RESPONDS_TO,COND:environmental,27
EVT:CONTROL_INPUT_IMPROPER,INDUCED_CONDITION,COND:environmental,31
EVT:CONTROL_INPUT_IMPROPER,TRIGGERS,COND:environmental,4
EVT:CONTROL_INPUT_IMPROPER,ENABLES,COND:environmental,4
EVT:CONTROL_INPUT_IMPROPER,CONTRIBUTES_TO,COND:environmental,7
EVT:CONTROL_INPUT_IMPROPER,IF_THEN,COND:environmental,2
EVT:CONTROL_INPUT_IMPROPER,CONCURRENT,COND:environmental,2
EVT:CONTROL_INPUT_IMPROPER,MASKED_BY_CONDITION,COND:environmental,2
EVT:CONTROL_INPUT_IMPROPER,CO_OCCURS,COND:environmental,1
EVT:CONTROL_INPUT_IMPROPER,CAUSES,EVT:TERRAIN_OR_OBSTACLE_PROXIMITY,428
EVT:CONTROL_INPUT_IMPROPER,CONTRIBUTES_TO,EVT:TERRAIN_OR_OBSTACLE_PROXIMITY,19
EVT:CONTROL_INPUT_IMPROPER,RESPONDS_TO,EVT:TERRAIN_OR_OBSTACLE_PROXIMITY,3
EVT:CONTROL_INPUT_IMPROPER,MITIGATES,EVT:TERRAIN_OR_OBSTACLE_PROXIMITY,4
EVT:CONTROL_INPUT_IMPROPER,IF_THEN,EVT:TERRAIN_OR_OBSTACLE_PROXIMITY,1
EVT:CONTROL_INPUT_IMPROPER,CAUSES,EVT:STRUCTURAL_OVERLOAD,128
EVT:CONTROL_INPUT_IMPROPER,CONTRIBUTES_TO,EVT:STRUCTURAL_OVERLOAD,8
EVT:CONTROL_INPUT_IMPROPER,TRIGGERS,EVT:STRUCTURAL_OVERLOAD,1
EVT:CONTROL_INPUT_IMPROPER,CAUSES,EVT:ALTITUDE_DEVIATION_UNCONTROLLED,320
EVT:CONTROL_INPUT_IMPROPER,CONTRIBUTES_TO,EVT:ALTITUDE_DEVIATION_UNCONTROLLED,33
EVT:CONTROL_INPUT_IMPROPER,CONCURRENT,EVT:ALTITUDE_DEVIATION_UNCONTROLLED,1
EVT:CONTROL_INPUT_IMPROPER,TRIGGERS,EVT:ALTITUDE_DEVIATION_UNCONTROLLED,1
EVT:CONTROL_INPUT_IMPROPER,MITIGATES,EVT:ALTITUDE_DEVIATION_UNCONTROLLED,3
EVT:CONTROL_INPUT_IMPROPER,INHIBITS,EVT:ALTITUDE_DEVIATION_UNCONTROLLED,1
EVT:CONTROL_INPUT_IMPROPER,CONTRIBUTES_TO,EVT:LANDING_GEAR_ANOMALY,33
EVT:CONTROL_INPUT_IMPROPER,CAUSES,EVT:LANDING_GEAR_ANOMALY,259
EVT:CONTROL_INPUT_IMPROPER,TRIGGERS,EVT:LANDING_GEAR_ANOMALY,36
EVT:CONTROL_INPUT_IMPROPER,RESPONDS_TO,EVT:LANDING_GEAR_ANOMALY,4
EVT:CONTROL_INPUT_IMPROPER,CAUSES,COND:resource,1
EVT:CONTROL_INPUT_IMPROPER,RESPONDS_TO,EVT:CREW_COORDINATION_FAILURE,19
EVT:CONTROL_INPUT_IMPROPER,TRIGGERS,EVT:CREW_COORDINATION_FAILURE,27
EVT:CONTROL_INPUT_IMPROPER,PRECEDES,EVT:CREW_COORDINATION_FAILURE,6
EVT:CONTROL_INPUT_IMPROPER,CONTRIBUTES_TO,EVT:CREW_COORDINATION_FAILURE,3
EVT:CONTROL_INPUT_IMPROPER,CONCURRENT,EVT:CREW_COORDINATION_FAILURE,12
EVT:CONTROL_INPUT_IMPROPER,CAUSES,EVT:CREW_COORDINATION_FAILURE,5
EVT:CONTROL_INPUT_IMPROPER,CAUSES,EVT:SPATIAL_DISORIENTATION,18
EVT:CONTROL_INPUT_IMPROPER,CONCURRENT,EVT:SPATIAL_DISORIENTATION,1
EVT:CONTROL_INPUT_IMPROPER,CONTRIBUTES_TO,EVT:SPATIAL_DISORIENTATION,3
EVT:CONTROL_INPUT_IMPROPER,TRIGGERS,EVT:SPATIAL_DISORIENTATION,1
EVT:CONTROL_INPUT_IMPROPER,CAUSES,EVT:TURBULENCE_ENCOUNTER,11
EVT:CONTROL_INPUT_IMPROPER,CONCURRENT,EVT:TURBULENCE_ENCOUNTER,4
EVT:CONTROL_INPUT_IMPROPER,TRIGGERS,EVT:TURBULENCE_ENCOUNTER,2
EVT:CONTROL_INPUT_IMPROPER,CONTRIBUTES_TO,EVT:TURBULENCE_ENCOUNTER,3
EVT:CONTROL_INPUT_IMPROPER,UNDER_CONDITION,EVT:TURBULENCE_ENCOUNTER,1
EVT:CONTROL_INPUT_IMPROPER,CAUSES,EVT:SUCCESSFUL_RECOVERY,47
EVT:CONTROL_INPUT_IMPROPER,MITIGATES,EVT:SUCCESSFUL_RECOVERY,2
EVT:CONTROL_INPUT_IMPROPER,RESPONDS_TO,EVT:SUCCESSFUL_RECOVERY,3
EVT:CONTROL_INPUT_IMPROPER,PRECEDES,EVT:SUCCESSFUL_RECOVERY,1
EVT:CONTROL_INPUT_IMPROPER,CAUSES,EVT:ENGINE_FAILURE,186
EVT:CONTROL_INPUT_IMPROPER,TRIGGERS,EVT:ENGINE_FAILURE,77
EVT:CONTROL_INPUT_IMPROPER,RESPONDS_TO,EVT:ENGINE_FAILURE,12
EVT:CONTROL_INPUT_IMPROPER,CONTRIBUTES_TO,EVT:ENGINE_FAILURE,26
EVT:CONTROL_INPUT_IMPROPER,INHIBITS,EVT:ENGINE_FAILURE,5
EVT:CONTROL_INPUT_IMPROPER,CONCURRENT,EVT:ENGINE_FAILURE,4
EVT:CONTROL_INPUT_IMPROPER,PREVENTS,EVT:ENGINE_FAILURE,4
EVT:CONTROL_INPUT_IMPROPER,IF_THEN,EVT:ENGINE_FAILURE,1
EVT:CONTROL_INPUT_IMPROPER,CAUSES,EVT:PERCEPTION_FAILURE,148
EVT:CONTROL_INPUT_IMPROPER,CONTRIBUTES_TO,EVT:PERCEPTION_FAILURE,59
EVT:CONTROL_INPUT_IMPROPER,TRIGGERS,EVT:PERCEPTION_FAILURE,17
EVT:CONTROL_INPUT_IMPROPER,CONCURRENT,EVT:PERCEPTION_FAILURE,19
EVT:CONTROL_INPUT_IMPROPER,PRECEDES,EVT:PERCEPTION_FAILURE,1
EVT:CONTROL_INPUT_IMPROPER,TRIGGERS,EVT:FUEL_SYSTEM_ANOMALY,4
EVT:CONTROL_INPUT_IMPROPER,CAUSES,EVT:FUEL_SYSTEM_ANOMALY,13
EVT:CONTROL_INPUT_IMPROPER,UNDER_CONDITION,COND:terrain,132
EVT:CONTROL_INPUT_IMPROPER,RESPONDS_TO,COND:terrain,8
EVT:CONTROL_INPUT_IMPROPER,CAUSES,COND:terrain,4
EVT:CONTROL_INPUT_IMPROPER,ENABLES,COND:terrain,1
EVT:CONTROL_INPUT_IMPROPER,IF_THEN,COND:terrain,1
EVT:CONTROL_INPUT_IMPROPER,INHIBITS,COND:terrain,1
EVT:CONTROL_INPUT_IMPROPER,TRIGGERS,COND:terrain,1
EVT:CONTROL_INPUT_IMPROPER,INDUCED_CONDITION,COND:terrain,1
EVT:CONTROL_INPUT_IMPROPER,CONTRIBUTES_TO,COND:terrain,1
EVT:CONTROL_INPUT_IMPROPER,CONCURRENT,EVT:WIND_SHEAR_OR_GUST,26
EVT:CONTROL_INPUT_IMPROPER,TRIGGERS,EVT:WIND_SHEAR_OR_GUST,4
EVT:CONTROL_INPUT_IMPROPER,CAUSES,EVT:WIND_SHEAR_OR_GUST,11
EVT:CONTROL_INPUT_IMPROPER,CONTRIBUTES_TO,EVT:WIND_SHEAR_OR_GUST,19
EVT:CONTROL_INPUT_IMPROPER,ENABLES,EVT:WIND_SHEAR_OR_GUST,6
EVT:CONTROL_INPUT_IMPROPER,RESPONDS_TO,EVT:WIND_SHEAR_OR_GUST,2
EVT:CONTROL_INPUT_IMPROPER,CAUSES,COND:human_factors,3
EVT:CONTROL_INPUT_IMPROPER,UNDER_CONDITION,COND:human_factors,14
EVT:CONTROL_INPUT_IMPROPER,RESPONDS_TO,COND:human_factors,1
EVT:CONTROL_INPUT_IMPROPER,INDUCED_CONDITION,COND:human_factors,5
EVT:CONTROL_INPUT_IMPROPER,MASKED_BY_CONDITION,COND:human_factors,1
EVT:CONTROL_INPUT_IMPROPER,CONTRIBUTES_TO,COND:human_factor,1
EVT:CONTROL_INPUT_IMPROPER,UNDER_CONDITION,COND:human_factor,13
EVT:CONTROL_INPUT_IMPROPER,INDUCED_CONDITION,COND:human_factor,6
EVT:CONTROL_INPUT_IMPROPER,TRIGGERS,COND:human_factor,1
EVT:CONTROL_INPUT_IMPROPER,CAUSES,EVT:GROUND_COLLISION,45
EVT:CONTROL_INPUT_IMPROPER,CONTRIBUTES_TO,EVT:GROUND_COLLISION,4
EVT:CONTROL_INPUT_IMPROPER,INHIBITS,EVT:GROUND_COLLISION,2
EVT:CONTROL_INPUT_IMPROPER,CONCURRENT,EVT:GROUND_COLLISION,1
EVT:CONTROL_INPUT_IMPROPER,MITIGATES,EVT:MIDAIR_COLLISION,2
EVT:CONTROL_INPUT_IMPROPER,CONTRIBUTES_TO,EVT:MIDAIR_COLLISION,23
EVT:CONTROL_INPUT_IMPROPER,CAUSES,EVT:MIDAIR_COLLISION,47
EVT:CONTROL_INPUT_IMPROPER,CONCURRENT,EVT:MIDAIR_COLLISION,3
EVT:CONTROL_INPUT_IMPROPER,PREVENTS,EVT:MIDAIR_COLLISION,3
EVT:CONTROL_INPUT_IMPROPER,TRIGGERS,EVT:MIDAIR_COLLISION,1
EVT:CONTROL_INPUT_IMPROPER,CAUSES,EVT:AIRFRAME_STRUCTURAL_FAILURE,108
EVT:CONTROL_INPUT_IMPROPER,TRIGGERS,EVT:AIRFRAME_STRUCTURAL_FAILURE,30
EVT:CONTROL_INPUT_IMPROPER,CONTRIBUTES_TO,EVT:AIRFRAME_STRUCTURAL_FAILURE,7
EVT:CONTROL_INPUT_IMPROPER,RESPONDS_TO,EVT:AIRFRAME_STRUCTURAL_FAILURE,1
EVT:CONTROL_INPUT_IMPROPER,RESPONDS_TO,EVT:ICING_ENCOUNTER,1
EVT:CONTROL_INPUT_IMPROPER,ENABLES,EVT:ICING_ENCOUNTER,1
EVT:CONTROL_INPUT_IMPROPER,CAUSES,EVT:ICING_ENCOUNTER,1
EVT:CONTROL_INPUT_IMPROPER,CAUSES,EVT:CONTROL_SURFACE_ANOMALY,41
EVT:CONTROL_INPUT_IMPROPER,TRIGGERS,EVT:CONTROL_SURFACE_ANOMALY,54
EVT:CONTROL_INPUT_IMPROPER,RESPONDS_TO,EVT:CONTROL_SURFACE_ANOMALY,5
EVT:CONTROL_INPUT_IMPROPER,CONCURRENT,EVT:CONTROL_SURFACE_ANOMALY,1
EVT:CONTROL_INPUT_IMPROPER,CONTRIBUTES_TO,EVT:CONTROL_SURFACE_ANOMALY,3
EVT:CONTROL_INPUT_IMPROPER,ENABLES,EVT:CONTROL_SURFACE_ANOMALY,1
EVT:CONTROL_INPUT_IMPROPER,PRECEDES,EVT:CONTROL_SURFACE_ANOMALY,1
EVT:CONTROL_INPUT_IMPROPER,INHIBITS,EVT:CONTROL_SURFACE_ANOMALY,1
EVT:CONTROL_INPUT_IMPROPER,MASKED_BY_CONDITION,COND:human,1
EVT:CONTROL_INPUT_IMPROPER,INDUCED_CONDITION,COND:human,3
EVT:CONTROL_INPUT_IMPROPER,UNDER_CONDITION,COND:human,7
EVT:CONTROL_INPUT_IMPROPER,CAUSES,COND:human,2
EVT:CONTROL_INPUT_IMPROPER,UNDER_CONDITION,COND:organizational,6
EVT:CONTROL_INPUT_IMPROPER,INHIBITS,COND:organizational,1
EVT:CONTROL_INPUT_IMPROPER,INDUCED_CONDITION,COND:structural,3
EVT:CONTROL_INPUT_IMPROPER,UNDER_CONDITION,COND:structural,4
EVT:CONTROL_INPUT_IMPROPER,CAUSES,COND:structural,3
EVT:CONTROL_INPUT_IMPROPER,RESPONDS_TO,COND:structural,1
EVT:CONTROL_INPUT_IMPROPER,UNDER_CONDITION,COND:location,8
EVT:CONTROL_INPUT_IMPROPER,UNDER_CONDITION,COND:terrain_obstacle,2
EVT:CONTROL_INPUT_IMPROPER,CAUSES,EVT:RUNWAY_CONDITION_HAZARD,18
EVT:CONTROL_INPUT_IMPROPER,CONTRIBUTES_TO,EVT:RUNWAY_CONDITION_HAZARD,5
EVT:CONTROL_INPUT_IMPROPER,TRIGGERS,EVT:RUNWAY_CONDITION_HAZARD,1
EVT:CONTROL_INPUT_IMPROPER,CONCURRENT,EVT:RUNWAY_CONDITION_HAZARD,3
EVT:CONTROL_INPUT_IMPROPER,PRECEDES,EVT:RUNWAY_CONDITION_HAZARD,1
EVT:CONTROL_INPUT_IMPROPER,UNDER_CONDITION,COND:attention,1
EVT:CONTROL_INPUT_IMPROPER,INDUCED_CONDITION,COND:attention,2
EVT:CONTROL_INPUT_IMPROPER,UNDER_CONDITION,COND:physiological,15
EVT:CONTROL_INPUT_IMPROPER,CAUSES,COND:physiological,3
EVT:CONTROL_INPUT_IMPROPER,INDUCED_CONDITION,COND:physiological,2
EVT:CONTROL_INPUT_IMPROPER,TRIGGERS,EVT:EMERGENCY_LANDING,1
EVT:CONTROL_INPUT_IMPROPER,CAUSES,EVT:EMERGENCY_LANDING,38
EVT:CONTROL_INPUT_IMPROPER,MITIGATES,EVT:EMERGENCY_LANDING,1
EVT:CONTROL_INPUT_IMPROPER,ENABLES,EVT:EMERGENCY_LANDING,2
EVT:CONTROL_INPUT_IMPROPER,CONTRIBUTES_TO,EVT:EMERGENCY_LANDING,1
EVT:CONTROL_INPUT_IMPROPER,PRECEDES,EVT:EMERGENCY_LANDING,1
EVT:CONTROL_INPUT_IMPROPER,CAUSES,COND:fuel,1
EVT:CONTROL_INPUT_IMPROPER,UNDER_CONDITION,ENT:location,3
EVT:CONTROL_INPUT_IMPROPER,RESPONDS_TO,ENT:location,1
EVT:CONTROL_INPUT_IMPROPER,IF_THEN,ENT:location,1
EVT:CONTROL_INPUT_IMPROPER,TRIGGERS,EVT:BRAKE_FAILURE,3
EVT:CONTROL_INPUT_IMPROPER,CAUSES,EVT:BRAKE_FAILURE,1
EVT:CONTROL_INPUT_IMPROPER,RESPONDS_TO,EVT:BRAKE_FAILURE,2
EVT:CONTROL_INPUT_IMPROPER,CAUSES,EVT:INFLIGHT_BREAKUP,5
EVT:CONTROL_INPUT_IMPROPER,CONTRIBUTES_TO,EVT:INFLIGHT_BREAKUP,1
EVT:CONTROL_INPUT_IMPROPER,CAUSES,COND:performance,2
EVT:CONTROL_INPUT_IMPROPER,INDUCED_CONDITION,COND:performance,3
EVT:CONTROL_INPUT_IMPROPER,UNDER_CONDITION,COND:performance,2
EVT:CONTROL_INPUT_IMPROPER,TRIGGERS,EVT:ATC_OR_DISPATCH_INADEQUATE,1
EVT:CONTROL_INPUT_IMPROPER,UNDER_CONDITION,COND:runway_condition,1
EVT:CONTROL_INPUT_IMPROPER,CAUSES,EVT:PORPOISE,1
EVT:CONTROL_INPUT_IMPROPER,CONTRIBUTES_TO,EVT:BIRD_OR_WILDLIFE_STRIKE,8
EVT:CONTROL_INPUT_IMPROPER,CONCURRENT,EVT:BIRD_OR_WILDLIFE_STRIKE,5
EVT:CONTROL_INPUT_IMPROPER,CAUSES,EVT:BIRD_OR_WILDLIFE_STRIKE,6
EVT:CONTROL_INPUT_IMPROPER,RESPONDS_TO,EVT:BIRD_OR_WILDLIFE_STRIKE,1
EVT:CONTROL_INPUT_IMPROPER,CAUSES,COND:operational,11
EVT:CONTROL_INPUT_IMPROPER,UNDER_CONDITION,COND:operational,27
EVT:CONTROL_INPUT_IMPROPER,INHIBITS,COND:operational,2
EVT:CONTROL_INPUT_IMPROPER,INDUCED_CONDITION,COND:operational,5
EVT:CONTROL_INPUT_IMPROPER,CONTRIBUTES_TO,COND:operational,1
EVT:CONTROL_INPUT_IMPROPER,UNDER_CONDITION,COND:surface,15
EVT:CONTROL_INPUT_IMPROPER,CONTRIBUTES_TO,COND:surface,1
EVT:CONTROL_INPUT_IMPROPER,TRIGGERS,EVT:INFLIGHT_FIRE_OR_SMOKE,8
EVT:CONTROL_INPUT_IMPROPER,CAUSES,EVT:INFLIGHT_FIRE_OR_SMOKE,9
EVT:CONTROL_INPUT_IMPROPER,CONTRIBUTES_TO,EVT:INFLIGHT_FIRE_OR_SMOKE,3
EVT:CONTROL_INPUT_IMPROPER,UNDER_CONDITION,COND:visual,5
EVT:CONTROL_INPUT_IMPROPER,MASKED_BY_CONDITION,COND:visual,1
EVT:CONTROL_INPUT_IMPROPER,INDUCED_CONDITION,COND:visual,2
EVT:CONTROL_INPUT_IMPROPER,CONTRIBUTES_TO,COND:attentional,1
EVT:CONTROL_INPUT_IMPROPER,UNDER_CONDITION,COND:attentional,2
EVT:CONTROL_INPUT_IMPROPER,TRIGGERS,EVT:BRAKE_ANOMALY,5
EVT:CONTROL_INPUT_IMPROPER,CAUSES,EVT:GROUND_CONTACT,1
EVT:CONTROL_INPUT_IMPROPER,UNDER_CONDITION,COND:spatial,9
EVT:CONTROL_INPUT_IMPROPER,INDUCED_CONDITION,COND:spatial,3
EVT:CONTROL_INPUT_IMPROPER,CONTRIBUTES_TO,COND:spatial,1
EVT:CONTROL_INPUT_IMPROPER,CAUSES,COND:spatial,4
EVT:CONTROL_INPUT_IMPROPER,INDUCED_CONDITION,COND:physical,4
EVT:CONTROL_INPUT_IMPROPER,UNDER_CONDITION,COND:physical,3
EVT:CONTROL_INPUT_IMPROPER,CAUSES,COND:physical,2
EVT:CONTROL_INPUT_IMPROPER,UNDER_CONDITION,COND:flight_phase,1
EVT:CONTROL_INPUT_IMPROPER,AFFECTED_BY,ENT:aircraft,1
EVT:CONTROL_INPUT_IMPROPER,RESPONDS_TO,ENT:aircraft,2
EVT:CONTROL_INPUT_IMPROPER,UNDER_CONDITION,ENT:aircraft,2
EVT:CONTROL_INPUT_IMPROPER,CAUSES,COND:structural_limit,2
EVT:CONTROL_INPUT_IMPROPER,UNDER_CONDITION,COND:structural_limit,1
EVT:CONTROL_INPUT_IMPROPER,UNDER_CONDITION,COND:latent_defect,2
EVT:CONTROL_INPUT_IMPROPER,INDUCED_CONDITION,COND:flight_attitude,1
EVT:CONTROL_INPUT_IMPROPER,UNDER_CONDITION,COND:situational_awareness,5
EVT:CONTROL_INPUT_IMPROPER,RESPONDS_TO,COND:situational_awareness,1
EVT:CONTROL_INPUT_IMPROPER,CAUSES,COND:situational_awareness,1
EVT:CONTROL_INPUT_IMPROPER,UNDER_CONDITION,COND:regulatory,2
EVT:CONTROL_INPUT_IMPROPER,INHIBITS,COND:regulatory,3
EVT:CONTROL_INPUT_IMPROPER,TRIGGERS,EVT:GROUND_RESONANCE,2
EVT:CONTROL_INPUT_IMPROPER,CONTRIBUTES_TO,EVT:GROUND_RESONANCE,2
EVT:CONTROL_INPUT_IMPROPER,CAUSES,EVT:GROUND_RESONANCE,5
EVT:CONTROL_INPUT_IMPROPER,CONCURRENT,EVT:AIRCRAFT_SYSTEMS,1
EVT:CONTROL_INPUT_IMPROPER,CAUSES,EVT:GROUND_PERSONNEL_ERROR,13
EVT:CONTROL_INPUT_IMPROPER,ENABLES,EVT:GROUND_PERSONNEL_ERROR,1
EVT:CONTROL_INPUT_IMPROPER,RESPONDS_TO,EVT:GROUND_PERSONNEL_ERROR,1
EVT:CONTROL_INPUT_IMPROPER,UNDER_CONDITION,COND:configuration,3
EVT:CONTROL_INPUT_IMPROPER,INDUCED_CONDITION,COND:configuration,3
EVT:CONTROL_INPUT_IMPROPER,CAUSES,COND:aircraft_state,2
EVT:CONTROL_INPUT_IMPROPER,INDUCED_CONDITION,COND:aircraft_state,5
EVT:CONTROL_INPUT_IMPROPER,RESPONDS_TO,COND:aircraft_state,1
EVT:CONTROL_INPUT_IMPROPER,UNDER_CONDITION,COND:procedural,1
EVT:CONTROL_INPUT_IMPROPER,CAUSES,COND:procedural,1
EVT:CONTROL_INPUT_IMPROPER,TRIGGERS,EVT:PILOT_INCAPACITATION_OR_IMPAIRMENT,3
EVT:CONTROL_INPUT_IMPROPER,CONCURRENT,EVT:PILOT_INCAPACITATION_OR_IMPAIRMENT,1
EVT:CONTROL_INPUT_IMPROPER,CAUSES,EVT:PILOT_INCAPACITATION_OR_IMPAIRMENT,7
EVT:CONTROL_INPUT_IMPROPER,UNDER_CONDITION,COND:skill,1
EVT:CONTROL_INPUT_IMPROPER,UNDER_CONDITION,COND:other,5
EVT:CONTROL_INPUT_IMPROPER,CAUSES,COND:other,3
EVT:CONTROL_INPUT_IMPROPER,INDUCED_CONDITION,COND:other,1
EVT:CONTROL_INPUT_IMPROPER,CAUSES,EVT:GROUND_INCURSION_OR_COLLISION,1
EVT:CONTROL_INPUT_IMPROPER,RESPONDS_TO,ENT:component,1
EVT:CONTROL_INPUT_IMPROPER,UNDER_CONDITION,COND:information,3
EVT:CONTROL_INPUT_IMPROPER,CAUSES,COND:information,1
EVT:CONTROL_INPUT_IMPROPER,CAUSES,EVT:INSTRUMENT_OR_AVIONICS_FAILURE,4
EVT:CONTROL_INPUT_IMPROPER,RESPONDS_TO,EVT:INSTRUMENT_OR_AVIONICS_FAILURE,1
EVT:CONTROL_INPUT_IMPROPER,TRIGGERS,EVT:INSTRUMENT_OR_AVIONICS_FAILURE,1
EVT:CONTROL_INPUT_IMPROPER,CAUSES,EVT:GROUND_INCIDENT,3
EVT:CONTROL_INPUT_IMPROPER,UNDER_CONDITION,COND:task,1
EVT:CONTROL_INPUT_IMPROPER,AFFECTS,ENT:infrastructure,1
EVT:CONTROL_INPUT_IMPROPER,UNDER_CONDITION,COND:geographic,1
EVT:CONTROL_INPUT_IMPROPER,INDUCED_CONDITION,COND:cognitive,2
EVT:CONTROL_INPUT_IMPROPER,CAUSES,EVT:OUTCOME,1
EVT:CONTROL_INPUT_IMPROPER,CONTRIBUTES_TO,COND:training,1
EVT:CONTROL_INPUT_IMPROPER,UNDER_CONDITION,COND:training,3
EVT:CONTROL_INPUT_IMPROPER,UNDER_CONDITION,COND:aircraft_performance,1
EVT:CONTROL_INPUT_IMPROPER,CAUSES,COND:aircraft_performance,1
EVT:CONTROL_INPUT_IMPROPER,CAUSES,EVT:GROUND_LOOP,8
EVT:CONTROL_INPUT_IMPROPER,CONTRIBUTES_TO,EVT:GROUND_LOOP,3
EVT:CONTROL_INPUT_IMPROPER,UNDER_CONDITION,COND:psychological,3
EVT:CONTROL_INPUT_IMPROPER,INDUCED_CONDITION,COND:psychological,2
EVT:CONTROL_INPUT_IMPROPER,CAUSES,EVT:HYDRAULIC_SYSTEM_FAILURE,1
EVT:CONTROL_INPUT_IMPROPER,UNDER_CONDITION,COND:design_defect,1
EVT:CONTROL_INPUT_IMPROPER,INDUCED_CONDITION,COND:aircraft_configuration,1
EVT:CONTROL_INPUT_IMPROPER,UNDER_CONDITION,COND:aircraft_configuration,7
EVT:CONTROL_INPUT_IMPROPER,CAUSES,COND:aircraft_configuration,1
EVT:CONTROL_INPUT_IMPROPER,UNDER_CONDITION,COND:fatigue,1
EVT:CONTROL_INPUT_IMPROPER,PERFORMED_BY,ENT:person,3
EVT:CONTROL_INPUT_IMPROPER,SUPERVISED_BY,ENT:person,2
EVT:CONTROL_INPUT_IMPROPER,RESPONDS_TO,ENT:person,2
EVT:CONTROL_INPUT_IMPROPER,UNDER_CONDITION,ENT:person,1
EVT:CONTROL_INPUT_IMPROPER,RESPONDS_TO,COND:obstacle,3
EVT:CONTROL_INPUT_IMPROPER,UNDER_CONDITION,COND:obstacle,2
EVT:CONTROL_INPUT_IMPROPER,UNDER_CONDITION,COND:weight,2
EVT:CONTROL_INPUT_IMPROPER,UNDER_CONDITION,COND:traffic,1
EVT:CONTROL_INPUT_IMPROPER,CAUSES,EVT:AUTOMATION_ANOMALY,7
EVT:CONTROL_INPUT_IMPROPER,TRIGGERS,EVT:AUTOMATION_ANOMALY,2
EVT:CONTROL_INPUT_IMPROPER,UNDER_CONDITION,COND:crew_positioning,1
EVT:CONTROL_INPUT_IMPROPER,UNDER_CONDITION,COND:automation_state,1
EVT:CONTROL_INPUT_IMPROPER,RESPONDS_TO,COND:unknown,1
EVT:CONTROL_INPUT_IMPROPER,INDUCED_CONDITION,COND:unknown,1
EVT:CONTROL_INPUT_IMPROPER,CAUSES,COND:unknown,1
EVT:CONTROL_INPUT_IMPROPER,UNDER_CONDITION,COND:pilot,3
EVT:CONTROL_INPUT_IMPROPER,UNDER_CONDITION,COND:altitude,6
EVT:CONTROL_INPUT_IMPROPER,INDUCED_CONDITION,COND:altitude,1
EVT:CONTROL_INPUT_IMPROPER,UNDER_CONDITION,COND:equipment,1
EVT:CONTROL_INPUT_IMPROPER,CAUSES,COND:equipment,1
EVT:CONTROL_INPUT_IMPROPER,TRIGGERS,COND:equipment,1
EVT:CONTROL_INPUT_IMPROPER,UNDER_CONDITION,COND:runway,1
EVT:CONTROL_INPUT_IMPROPER,CAUSES,EVT:LOW_VISIBILITY_OR_IMC,1
EVT:CONTROL_INPUT_IMPROPER,CAUSES,EVT:EXTERNAL_LOAD_ANOMALY,2
EVT:CONTROL_INPUT_IMPROPER,CAUSES,EVT:GROUND_PROXIMITY_WARNING,1
EVT:CONTROL_INPUT_IMPROPER,UNDER_CONDITION,COND:fuel_state,1
EVT:CONTROL_INPUT_IMPROPER,CAUSES,COND:fuel_state,1
EVT:CONTROL_INPUT_IMPROPER,CAUSES,COND:crew_coordination,1
EVT:CONTROL_INPUT_IMPROPER,INDUCED_CONDITION,COND:crew_coordination,1
EVT:CONTROL_INPUT_IMPROPER,INHIBITS,COND:operational_constraint,1
EVT:CONTROL_INPUT_IMPROPER,TRIGGERS,EVT:EXTERNAL_OPERATOR_ERROR,1
EVT:CONTROL_INPUT_IMPROPER,CAUSES,EVT:AERODYNAMIC_STATE,1
EVT:CONTROL_INPUT_IMPROPER,CAUSES,EVT:NEAR_MIDAIR_COLLISION,1
EVT:CONTROL_INPUT_IMPROPER,TRIGGERS,EVT:GROUND_DAMAGE,1
EVT:CONTROL_INPUT_IMPROPER,UNDER_CONDITION,COND:knowledge,1
EVT:CONTROL_INPUT_IMPROPER,CAUSES,EVT:PILOT_INDUCED_OSCILLATION,1
EVT:CONTROL_INPUT_IMPROPER,UNDER_CONDITION,COND:state,1
EVT:CONTROL_INPUT_IMPROPER,CAUSES,EVT:DYNAMIC_ROLLOVER,2
EVT:CONTROL_INPUT_IMPROPER,UNDER_CONDITION,COND:medical,3
EVT:CONTROL_INPUT_IMPROPER,CONTRIBUTES_TO,EVT:UNLAWFUL_INTERFERENCE,1
EVT:CONTROL_INPUT_IMPROPER,TRIGGERS,COND:ground_effect,1
EVT:CONTROL_INPUT_IMPROPER,UNDER_CONDITION,COND:formation,1
EVT:CONTROL_INPUT_IMPROPER,UNDER_CONDITION,COND:training_gap,1
EVT:CONTROL_INPUT_IMPROPER,UNDER_CONDITION,COND:external_load,1
EVT:CONTROL_INPUT_IMPROPER,UNDER_CONDITION,COND:aircraft_characteristic,1
EVT:CONTROL_INPUT_IMPROPER,INDUCED_CONDITION,COND:perceptual,1
EVT:CONTROL_INPUT_IMPROPER,TRIGGERS,EVT:BRAKE_SYSTEM_FAILURE,1
EVT:CONTROL_INPUT_IMPROPER,CAUSES,EVT:GROUND_LOS_OF_CONTROL,1
EVT:CONTROL_INPUT_IMPROPER,CONTRIBUTES_TO,EVT:GROUND_LOS_OF_CONTROL,1
EVT:CONTROL_INPUT_IMPROPER,UNDER_CONDITION,COND:ergonomic,1
EVT:CONTROL_INPUT_IMPROPER,INDUCED_CONDITION,COND:human_performance,1
EVT:CONTROL_INPUT_IMPROPER,CAUSES,COND:aerodynamic_load,1
EVT:CONTROL_INPUT_IMPROPER,INDUCED_CONDITION,COND:aerodynamic_load,1
EVT:CONTROL_INPUT_IMPROPER,CAUSES,EVT:TAKEOFF,1
EVT:CONTROL_INPUT_IMPROPER,CAUSES,COND:pilot_performance,1
EVT:CONTROL_INPUT_IMPROPER,CAUSES,EVT:LANDING,1
EVT:CONTROL_INPUT_IMPROPER,MITIGATES,EVT:AERODYNAMIC_FLUTTER,1
EVT:CONTROL_INPUT_IMPROPER,UNDER_CONDITION,COND:visibility,1
EVT:CONTROL_INPUT_IMPROPER,UNDER_CONDITION,COND:aircraft_characteristics,1
EVT:CONTROL_INPUT_IMPROPER,UNDER_CONDITION,COND:pilot_qualification,1
EVT:CONTROL_INPUT_IMPROPER,AFFECTS,ENT:object,1
EVT:CONTROL_INPUT_IMPROPER,TRIGGERS,EVT:TCAS_RESOLUTION_ADVISORY,1
EVT:CONTROL_INPUT_IMPROPER,UNDER_CONDITION,COND:aircraft,1
EVT:CONTROL_INPUT_IMPROPER,MASKED_BY_CONDITION,COND:communication,1
EVT:CONTROL_INPUT_IMPROPER,RESPONDS_TO,EVT:RESPONDS_TO,1
EVT:CONTROL_INPUT_IMPROPER,CAUSES,EVT:HARD_LANDING,1
EVT:CONTROL_INPUT_IMPROPER,RESPONDS_TO,COND:training_or_currency_gap,1
EVT:CONTROL_INPUT_IMPROPER,CAUSES,COND:system,1
EVT:CONTROL_INPUT_IMPROPER,INDUCED_CONDITION,COND:pilot_state,1
EVT:CONTROL_INPUT_IMPROPER,CAUSES,COND:position,1
EVT:CONTROL_INPUT_IMPROPER,RESPONDS_TO,ENT:vehicle,1
EVT:RUNWAY_EXCURSION_OR_OVERRUN,CAUSES,EVT:GROUND_IMPACT,2861
EVT:RUNWAY_EXCURSION_OR_OVERRUN,CONTRIBUTES_TO,EVT:GROUND_IMPACT,18
EVT:RUNWAY_EXCURSION_OR_OVERRUN,PRECEDES,EVT:GROUND_IMPACT,4
EVT:RUNWAY_EXCURSION_OR_OVERRUN,TRIGGERS,EVT:GROUND_IMPACT,3
EVT:RUNWAY_EXCURSION_OR_OVERRUN,CO_OCCURS,EVT:GROUND_IMPACT,1
EVT:RUNWAY_EXCURSION_OR_OVERRUN,CONCURRENT,EVT:GROUND_IMPACT,14
EVT:RUNWAY_EXCURSION_OR_OVERRUN,ENABLES,EVT:GROUND_IMPACT,2
EVT:RUNWAY_EXCURSION_OR_OVERRUN,CAUSES,EVT:RUNWAY_EXCURSION_OR_OVERRUN,244
EVT:RUNWAY_EXCURSION_OR_OVERRUN,PRECEDES,EVT:RUNWAY_EXCURSION_OR_OVERRUN,3
EVT:RUNWAY_EXCURSION_OR_OVERRUN,CONCURRENT,EVT:RUNWAY_EXCURSION_OR_OVERRUN,10
EVT:RUNWAY_EXCURSION_OR_OVERRUN,CONTRIBUTES_TO,EVT:RUNWAY_EXCURSION_OR_OVERRUN,9
EVT:RUNWAY_EXCURSION_OR_OVERRUN,CO_OCCURS,EVT:RUNWAY_EXCURSION_OR_OVERRUN,5
EVT:RUNWAY_EXCURSION_OR_OVERRUN,RESPONDS_TO,EVT:RUNWAY_EXCURSION_OR_OVERRUN,1
EVT:RUNWAY_EXCURSION_OR_OVERRUN,TRIGGERS,EVT:RUNWAY_EXCURSION_OR_OVERRUN,1
EVT:RUNWAY_EXCURSION_OR_OVERRUN,CAUSES,EVT:LOSS_OF_CONTROL_GROUND,251
EVT:RUNWAY_EXCURSION_OR_OVERRUN,CONTRIBUTES_TO,EVT:LOSS_OF_CONTROL_GROUND,4
EVT:RUNWAY_EXCURSION_OR_OVERRUN,IF_THEN,EVT:LOSS_OF_CONTROL_GROUND,3
EVT:RUNWAY_EXCURSION_OR_OVERRUN,CONCURRENT,EVT:LOSS_OF_CONTROL_GROUND,17
EVT:RUNWAY_EXCURSION_OR_OVERRUN,TRIGGERS,EVT:LOSS_OF_CONTROL_GROUND,24
EVT:RUNWAY_EXCURSION_OR_OVERRUN,PRECEDES,EVT:LOSS_OF_CONTROL_GROUND,17
EVT:RUNWAY_EXCURSION_OR_OVERRUN,CONTAINS,EVT:LOSS_OF_CONTROL_GROUND,3
EVT:RUNWAY_EXCURSION_OR_OVERRUN,CAUSES,EVT:LANDING_GEAR_ANOMALY,241
EVT:RUNWAY_EXCURSION_OR_OVERRUN,PRECEDES,EVT:LANDING_GEAR_ANOMALY,3
EVT:RUNWAY_EXCURSION_OR_OVERRUN,TRIGGERS,EVT:LANDING_GEAR_ANOMALY,38
EVT:RUNWAY_EXCURSION_OR_OVERRUN,CONCURRENT,EVT:LANDING_GEAR_ANOMALY,8
EVT:RUNWAY_EXCURSION_OR_OVERRUN,UNDER_CONDITION,EVT:LANDING_GEAR_ANOMALY,2
EVT:RUNWAY_EXCURSION_OR_OVERRUN,CONTRIBUTES_TO,EVT:LANDING_GEAR_ANOMALY,3
EVT:RUNWAY_EXCURSION_OR_OVERRUN,CAUSES,EVT:AIRFRAME_STRUCTURAL_FAILURE,101
EVT:RUNWAY_EXCURSION_OR_OVERRUN,CONTRIBUTES_TO,EVT:AIRFRAME_STRUCTURAL_FAILURE,1
EVT:RUNWAY_EXCURSION_OR_OVERRUN,TRIGGERS,EVT:AIRFRAME_STRUCTURAL_FAILURE,4
EVT:RUNWAY_EXCURSION_OR_OVERRUN,UNDER_CONDITION,COND:terrain,99
EVT:RUNWAY_EXCURSION_OR_OVERRUN,CONCURRENT,COND:terrain,1
EVT:RUNWAY_EXCURSION_OR_OVERRUN,ENABLES,COND:terrain,2
EVT:RUNWAY_EXCURSION_OR_OVERRUN,CAUSES,COND:terrain,2
EVT:RUNWAY_EXCURSION_OR_OVERRUN,TRIGGERS,EVT:CONTROL_INPUT_IMPROPER,257
EVT:RUNWAY_EXCURSION_OR_OVERRUN,RESPONDS_TO,EVT:CONTROL_INPUT_IMPROPER,162
EVT:RUNWAY_EXCURSION_OR_OVERRUN,CAUSES,EVT:CONTROL_INPUT_IMPROPER,85
EVT:RUNWAY_EXCURSION_OR_OVERRUN,PRECEDES,EVT:CONTROL_INPUT_IMPROPER,43
EVT:RUNWAY_EXCURSION_OR_OVERRUN,CONCURRENT,EVT:CONTROL_INPUT_IMPROPER,26
EVT:RUNWAY_EXCURSION_OR_OVERRUN,CONTRIBUTES_TO,EVT:CONTROL_INPUT_IMPROPER,5
EVT:RUNWAY_EXCURSION_OR_OVERRUN,IF_THEN,EVT:CONTROL_INPUT_IMPROPER,7
EVT:RUNWAY_EXCURSION_OR_OVERRUN,CONTEXT,EVT:CONTROL_INPUT_IMPROPER,1
EVT:RUNWAY_EXCURSION_OR_OVERRUN,UNDER_CONDITION,COND:weather,203
EVT:RUNWAY_EXCURSION_OR_OVERRUN,INDUCED_CONDITION,COND:weather,1
EVT:RUNWAY_EXCURSION_OR_OVERRUN,UNDER_CONDITION,COND:environmental,600
EVT:RUNWAY_EXCURSION_OR_OVERRUN,ENABLES,COND:environmental,12
EVT:RUNWAY_EXCURSION_OR_OVERRUN,CONTRIBUTES_TO,COND:environmental,4
EVT:RUNWAY_EXCURSION_OR_OVERRUN,CAUSES,COND:environmental,6
EVT:RUNWAY_EXCURSION_OR_OVERRUN,CO_OCCURS,COND:environmental,1
EVT:RUNWAY_EXCURSION_OR_OVERRUN,INDUCED_CONDITION,COND:environmental,6
EVT:RUNWAY_EXCURSION_OR_OVERRUN,TRIGGERS,COND:environmental,1
EVT:RUNWAY_EXCURSION_OR_OVERRUN,UNDER_CONDITION,ENT:location,10
EVT:RUNWAY_EXCURSION_OR_OVERRUN,CONCURRENT,ENT:location,2
EVT:RUNWAY_EXCURSION_OR_OVERRUN,CAUSES,COND:mechanical,10
EVT:RUNWAY_EXCURSION_OR_OVERRUN,UNDER_CONDITION,COND:mechanical,50
EVT:RUNWAY_EXCURSION_OR_OVERRUN,INDUCED_CONDITION,COND:mechanical,10
EVT:RUNWAY_EXCURSION_OR_OVERRUN,CONCURRENT,COND:mechanical,1
EVT:RUNWAY_EXCURSION_OR_OVERRUN,TRIGGERS,COND:mechanical,1
EVT:RUNWAY_EXCURSION_OR_OVERRUN,CONTRIBUTES_TO,COND:mechanical,1
EVT:RUNWAY_EXCURSION_OR_OVERRUN,TRIGGERS,EVT:DECISION_INAPPROPRIATE,129
EVT:RUNWAY_EXCURSION_OR_OVERRUN,CAUSES,EVT:DECISION_INAPPROPRIATE,15
EVT:RUNWAY_EXCURSION_OR_OVERRUN,RESPONDS_TO,EVT:DECISION_INAPPROPRIATE,24
EVT:RUNWAY_EXCURSION_OR_OVERRUN,PRECEDES,EVT:DECISION_INAPPROPRIATE,2
EVT:RUNWAY_EXCURSION_OR_OVERRUN,CONTEXT,EVT:DECISION_INAPPROPRIATE,1
EVT:RUNWAY_EXCURSION_OR_OVERRUN,CAUSES,EVT:STRUCTURAL_OVERLOAD,135
EVT:RUNWAY_EXCURSION_OR_OVERRUN,CONTRIBUTES_TO,EVT:STRUCTURAL_OVERLOAD,2
EVT:RUNWAY_EXCURSION_OR_OVERRUN,UNDER_CONDITION,COND:aircraft_configuration,5
EVT:RUNWAY_EXCURSION_OR_OVERRUN,CONTRIBUTES_TO,COND:aircraft_configuration,2
EVT:RUNWAY_EXCURSION_OR_OVERRUN,CAUSES,EVT:LOSS_OF_CONTROL_INFLIGHT,20
EVT:RUNWAY_EXCURSION_OR_OVERRUN,TRIGGERS,EVT:LOSS_OF_CONTROL_INFLIGHT,1
EVT:RUNWAY_EXCURSION_OR_OVERRUN,CONTRIBUTES_TO,EVT:LOSS_OF_CONTROL_INFLIGHT,1
EVT:RUNWAY_EXCURSION_OR_OVERRUN,TRIGGERS,EVT:PROCEDURE_NOT_FOLLOWED,66
EVT:RUNWAY_EXCURSION_OR_OVERRUN,CAUSES,EVT:PROCEDURE_NOT_FOLLOWED,5
EVT:RUNWAY_EXCURSION_OR_OVERRUN,CONCURRENT,EVT:PROCEDURE_NOT_FOLLOWED,3
EVT:RUNWAY_EXCURSION_OR_OVERRUN,RESPONDS_TO,EVT:PROCEDURE_NOT_FOLLOWED,10
EVT:RUNWAY_EXCURSION_OR_OVERRUN,PRECEDES,EVT:PROCEDURE_NOT_FOLLOWED,2
EVT:RUNWAY_EXCURSION_OR_OVERRUN,ENABLES,EVT:PROCEDURE_NOT_FOLLOWED,1
EVT:RUNWAY_EXCURSION_OR_OVERRUN,CO_OCCURS,EVT:TERRAIN_OR_OBSTACLE_PROXIMITY,1
EVT:RUNWAY_EXCURSION_OR_OVERRUN,CAUSES,EVT:TERRAIN_OR_OBSTACLE_PROXIMITY,45
EVT:RUNWAY_EXCURSION_OR_OVERRUN,CONCURRENT,EVT:TERRAIN_OR_OBSTACLE_PROXIMITY,1
EVT:RUNWAY_EXCURSION_OR_OVERRUN,CAUSES,EVT:MIDAIR_COLLISION,16
EVT:RUNWAY_EXCURSION_OR_OVERRUN,CONCURRENT,EVT:MIDAIR_COLLISION,1
EVT:RUNWAY_EXCURSION_OR_OVERRUN,ENABLES,EVT:MIDAIR_COLLISION,2
EVT:RUNWAY_EXCURSION_OR_OVERRUN,CAUSES,ENT:aircraft,7
EVT:RUNWAY_EXCURSION_OR_OVERRUN,AFFECTED_BY,ENT:aircraft,1
EVT:RUNWAY_EXCURSION_OR_OVERRUN,UNDER_CONDITION,ENT:aircraft,1
EVT:RUNWAY_EXCURSION_OR_OVERRUN,AFFECTS,ENT:aircraft,5
EVT:RUNWAY_EXCURSION_OR_OVERRUN,TRIGGERS,EVT:PERCEPTION_FAILURE,11
EVT:RUNWAY_EXCURSION_OR_OVERRUN,CONCURRENT,EVT:PERCEPTION_FAILURE,3
EVT:RUNWAY_EXCURSION_OR_OVERRUN,PRECEDES,EVT:PERCEPTION_FAILURE,4
EVT:RUNWAY_EXCURSION_OR_OVERRUN,CAUSES,EVT:PERCEPTION_FAILURE,1
EVT:RUNWAY_EXCURSION_OR_OVERRUN,CAUSES,EVT:ALTITUDE_DEVIATION_UNCONTROLLED,4
EVT:RUNWAY_EXCURSION_OR_OVERRUN,CONTRIBUTES_TO,EVT:ALTITUDE_DEVIATION_UNCONTROLLED,1
EVT:RUNWAY_EXCURSION_OR_OVERRUN,CONTRIBUTES_TO,EVT:STALL,1
EVT:RUNWAY_EXCURSION_OR_OVERRUN,CAUSES,EVT:STALL,10
EVT:RUNWAY_EXCURSION_OR_OVERRUN,PRECEDES,EVT:STALL,1
EVT:RUNWAY_EXCURSION_OR_OVERRUN,CAUSES,EVT:INFLIGHT_FIRE_OR_SMOKE,27
EVT:RUNWAY_EXCURSION_OR_OVERRUN,CONCURRENT,EVT:INFLIGHT_FIRE_OR_SMOKE,2
EVT:RUNWAY_EXCURSION_OR_OVERRUN,CONTRIBUTES_TO,EVT:INFLIGHT_FIRE_OR_SMOKE,1
EVT:RUNWAY_EXCURSION_OR_OVERRUN,ENABLES,EVT:INFLIGHT_FIRE_OR_SMOKE,1
EVT:RUNWAY_EXCURSION_OR_OVERRUN,TRIGGERS,EVT:INFLIGHT_FIRE_OR_SMOKE,1
EVT:RUNWAY_EXCURSION_OR_OVERRUN,CAUSES,EVT:WATER_IMPACT,7
EVT:RUNWAY_EXCURSION_OR_OVERRUN,CAUSES,EVT:INJURY_OR_FATALITY,22
EVT:RUNWAY_EXCURSION_OR_OVERRUN,INDUCED_CONDITION,COND:structural,3
EVT:RUNWAY_EXCURSION_OR_OVERRUN,UNDER_CONDITION,COND:human_factor,2
EVT:RUNWAY_EXCURSION_OR_OVERRUN,CAUSES,EVT:PILOT_INCAPACITATION_OR_IMPAIRMENT,1
EVT:RUNWAY_EXCURSION_OR_OVERRUN,INDUCED_CONDITION,COND:aerodynamic,13
EVT:RUNWAY_EXCURSION_OR_OVERRUN,CAUSES,COND:aerodynamic,3
EVT:RUNWAY_EXCURSION_OR_OVERRUN,UNDER_CONDITION,COND:aerodynamic,3
EVT:RUNWAY_EXCURSION_OR_OVERRUN,UNDER_CONDITION,COND:infrastructure,13
EVT:RUNWAY_EXCURSION_OR_OVERRUN,ENABLES,COND:infrastructure,1
EVT:RUNWAY_EXCURSION_OR_OVERRUN,TRIGGERS,EVT:WIND_SHEAR_OR_GUST,3
EVT:RUNWAY_EXCURSION_OR_OVERRUN,CONCURRENT,EVT:WIND_SHEAR_OR_GUST,10
EVT:RUNWAY_EXCURSION_OR_OVERRUN,ENABLES,EVT:WIND_SHEAR_OR_GUST,3
EVT:RUNWAY_EXCURSION_OR_OVERRUN,PRECEDES,EVT:WIND_SHEAR_OR_GUST,6
EVT:RUNWAY_EXCURSION_OR_OVERRUN,UNDER_CONDITION,EVT:WIND_SHEAR_OR_GUST,2
EVT:RUNWAY_EXCURSION_OR_OVERRUN,CAUSES,EVT:WIND_SHEAR_OR_GUST,1
EVT:RUNWAY_EXCURSION_OR_OVERRUN,TRIGGERS,EVT:BRAKING_FAILURE,1
EVT:RUNWAY_EXCURSION_OR_OVERRUN,UNDER_CONDITION,COND:other,1
EVT:RUNWAY_EXCURSION_OR_OVERRUN,UNDER_CONDITION,COND:surface,35
EVT:RUNWAY_EXCURSION_OR_OVERRUN,ENABLES,COND:surface,1
EVT:RUNWAY_EXCURSION_OR_OVERRUN,UNDER_CONDITION,COND:regulatory,1
EVT:RUNWAY_EXCURSION_OR_OVERRUN,PRECEDES,EVT:BIRD_OR_WILDLIFE_STRIKE,1
EVT:RUNWAY_EXCURSION_OR_OVERRUN,CONCURRENT,EVT:BIRD_OR_WILDLIFE_STRIKE,2
EVT:RUNWAY_EXCURSION_OR_OVERRUN,ENABLES,EVT:BIRD_OR_WILDLIFE_STRIKE,2
EVT:RUNWAY_EXCURSION_OR_OVERRUN,INDUCED_CONDITION,COND:pilot_state,1
EVT:RUNWAY_EXCURSION_OR_OVERRUN,CAUSES,EVT:RUNWAY_CONDITION_HAZARD,8
EVT:RUNWAY_EXCURSION_OR_OVERRUN,UNDER_CONDITION,EVT:RUNWAY_CONDITION_HAZARD,1
EVT:RUNWAY_EXCURSION_OR_OVERRUN,UNDER_CONDITION,COND:surface_condition,1
EVT:RUNWAY_EXCURSION_OR_OVERRUN,CAUSES,EVT:ENGINE_FAILURE,1
EVT:RUNWAY_EXCURSION_OR_OVERRUN,PRECEDES,EVT:ENGINE_FAILURE,2
EVT:RUNWAY_EXCURSION_OR_OVERRUN,TRIGGERS,EVT:EMERGENCY_LANDING,2
EVT:RUNWAY_EXCURSION_OR_OVERRUN,CAUSES,EVT:EMERGENCY_LANDING,1
EVT:RUNWAY_EXCURSION_OR_OVERRUN,INDUCED_CONDITION,COND:physical,1
EVT:RUNWAY_EXCURSION_OR_OVERRUN,UNDER_CONDITION,COND:physical,3
EVT:RUNWAY_EXCURSION_OR_OVERRUN,CAUSES,EVT:GROUND_COLLISION,5
EVT:RUNWAY_EXCURSION_OR_OVERRUN,ENABLES,EVT:GROUND_COLLISION,1
EVT:RUNWAY_EXCURSION_OR_OVERRUN,PRECEDES,EVT:GROUND_COLLISION,1
EVT:RUNWAY_EXCURSION_OR_OVERRUN,UNDER_CONDITION,COND:terrain_surface,1
EVT:RUNWAY_EXCURSION_OR_OVERRUN,TRIGGERS,COND:psychological,1
EVT:RUNWAY_EXCURSION_OR_OVERRUN,TRIGGERS,EVT:FUEL_SYSTEM_ANOMALY,1
EVT:RUNWAY_EXCURSION_OR_OVERRUN,TRIGGERS,EVT:CREW_COORDINATION_FAILURE,4
EVT:RUNWAY_EXCURSION_OR_OVERRUN,UNDER_CONDITION,COND:location,8
EVT:RUNWAY_EXCURSION_OR_OVERRUN,CAUSES,ENT:structure,1
EVT:RUNWAY_EXCURSION_OR_OVERRUN,CAUSES,EVT:INFLIGHT_BREAKUP,1
EVT:RUNWAY_EXCURSION_OR_OVERRUN,UNDER_CONDITION,COND:runway_surface,1
EVT:RUNWAY_EXCURSION_OR_OVERRUN,CAUSES,EVT:SUCCESSFUL_RECOVERY,2
EVT:RUNWAY_EXCURSION_OR_OVERRUN,PREVENTS,EVT:SUCCESSFUL_RECOVERY,1
EVT:RUNWAY_EXCURSION_OR_OVERRUN,TRIGGERS,EVT:SUCCESSFUL_RECOVERY,1
EVT:RUNWAY_EXCURSION_OR_OVERRUN,RESPONDS_TO,EVT:SUCCESSFUL_RECOVERY,1
EVT:RUNWAY_EXCURSION_OR_OVERRUN,INDUCED_CONDITION,COND:aircraft_performance,1
EVT:RUNWAY_EXCURSION_OR_OVERRUN,UNDER_CONDITION,COND:environmental_hazard,4
EVT:RUNWAY_EXCURSION_OR_OVERRUN,TRIGGERS,EVT:GROUND_PERSONNEL_ERROR,1
EVT:RUNWAY_EXCURSION_OR_OVERRUN,MASKED_BY_CONDITION,COND:visual,1
EVT:RUNWAY_EXCURSION_OR_OVERRUN,TRIGGERS,EVT:CONTROL_SURFACE_ANOMALY,1
EVT:RUNWAY_EXCURSION_OR_OVERRUN,CAUSES,EVT:CONTROL_SURFACE_ANOMALY,1
EVT:RUNWAY_EXCURSION_OR_OVERRUN,CONCURRENT,EVT:CONTROL_SURFACE_ANOMALY,1
EVT:RUNWAY_EXCURSION_OR_OVERRUN,TRIGGERS,EVT:ATC_OR_DISPATCH_INADEQUATE,3
EVT:RUNWAY_EXCURSION_OR_OVERRUN,PRECEDES,EVT:ATC_OR_DISPATCH_INADEQUATE,1
EVT:RUNWAY_EXCURSION_OR_OVERRUN,CONTRIBUTES_TO,EVT:ATC_OR_DISPATCH_INADEQUATE,1
EVT:RUNWAY_EXCURSION_OR_OVERRUN,CO_OCCURS,EVT:ATC_OR_DISPATCH_INADEQUATE,1
EVT:RUNWAY_EXCURSION_OR_OVERRUN,UNDER_CONDITION,COND:runway_condition_hazard,1
EVT:RUNWAY_EXCURSION_OR_OVERRUN,UNDER_CONDITION,COND:obstacle,1
EVT:RUNWAY_EXCURSION_OR_OVERRUN,UNDER_CONDITION,COND:procedural,2
EVT:RUNWAY_EXCURSION_OR_OVERRUN,CAUSES,EVT:PILOT_INDUCED_OSCILLATION,1
EVT:RUNWAY_EXCURSION_OR_OVERRUN,TRIGGERS,EVT:GROUND_RESONANCE,1
EVT:RUNWAY_EXCURSION_OR_OVERRUN,UNDER_CONDITION,COND:organizational,1
EVT:RUNWAY_EXCURSION_OR_OVERRUN,TRIGGERS,EVT:BRAKE_ANOMALY,2
EVT:RUNWAY_EXCURSION_OR_OVERRUN,CAUSES,EVT:GROUND_LOSS_OF_CONTROL,1
EVT:RUNWAY_EXCURSION_OR_OVERRUN,TRIGGERS,EVT:INSTRUMENT_OR_AVIONICS_FAILURE,1
EVT:RUNWAY_CONDITION_HAZARD,UNDER_CONDITION,COND:weather,110
EVT:RUNWAY_CONDITION_HAZARD,CO_OCCURS,COND:weather,1
EVT:RUNWAY_CONDITION_HAZARD,INDUCED_CONDITION,COND:weather,1
EVT:RUNWAY_CONDITION_HAZARD,CONTRIBUTES_TO,EVT:LOSS_OF_CONTROL_GROUND,27
EVT:RUNWAY_CONDITION_HAZARD,CAUSES,EVT:LOSS_OF_CONTROL_GROUND,121
EVT:RUNWAY_CONDITION_HAZARD,TRIGGERS,EVT:LOSS_OF_CONTROL_GROUND,4
EVT:RUNWAY_CONDITION_HAZARD,UNDER_CONDITION,EVT:LOSS_OF_CONTROL_GROUND,4
EVT:RUNWAY_CONDITION_HAZARD,PRECEDES,EVT:LOSS_OF_CONTROL_GROUND,2
EVT:RUNWAY_CONDITION_HAZARD,CONTEXT,EVT:LOSS_OF_CONTROL_GROUND,1
EVT:RUNWAY_CONDITION_HAZARD,CAUSES,EVT:WIND_SHEAR_OR_GUST,6
EVT:RUNWAY_CONDITION_HAZARD,PRECEDES,EVT:WIND_SHEAR_OR_GUST,4
EVT:RUNWAY_CONDITION_HAZARD,CONCURRENT,EVT:WIND_SHEAR_OR_GUST,4
EVT:RUNWAY_CONDITION_HAZARD,UNDER_CONDITION,EVT:WIND_SHEAR_OR_GUST,1
EVT:RUNWAY_CONDITION_HAZARD,CAUSES,EVT:CONTROL_INPUT_IMPROPER,63
EVT:RUNWAY_CONDITION_HAZARD,TRIGGERS,EVT:CONTROL_INPUT_IMPROPER,36
EVT:RUNWAY_CONDITION_HAZARD,CONTRIBUTES_TO,EVT:CONTROL_INPUT_IMPROPER,38
EVT:RUNWAY_CONDITION_HAZARD,RESPONDS_TO,EVT:CONTROL_INPUT_IMPROPER,3
EVT:RUNWAY_CONDITION_HAZARD,UNDER_CONDITION,EVT:CONTROL_INPUT_IMPROPER,2
EVT:RUNWAY_CONDITION_HAZARD,ENABLES,EVT:CONTROL_INPUT_IMPROPER,2
EVT:RUNWAY_CONDITION_HAZARD,PRECEDES,EVT:CONTROL_INPUT_IMPROPER,2
EVT:RUNWAY_CONDITION_HAZARD,CONTEXT,EVT:CONTROL_INPUT_IMPROPER,1
EVT:RUNWAY_CONDITION_HAZARD,UNDER_CONDITION,COND:environmental,137
EVT:RUNWAY_CONDITION_HAZARD,INDUCED_CONDITION,COND:environmental,3
EVT:RUNWAY_CONDITION_HAZARD,CONTRIBUTES_TO,EVT:RUNWAY_EXCURSION_OR_OVERRUN,6
EVT:RUNWAY_CONDITION_HAZARD,CAUSES,EVT:RUNWAY_EXCURSION_OR_OVERRUN,28
EVT:RUNWAY_CONDITION_HAZARD,PRECEDES,EVT:RUNWAY_EXCURSION_OR_OVERRUN,1
EVT:RUNWAY_CONDITION_HAZARD,CAUSES,EVT:ENGINE_FAILURE,3
EVT:RUNWAY_CONDITION_HAZARD,CONTRIBUTES_TO,EVT:ENGINE_FAILURE,2
EVT:RUNWAY_CONDITION_HAZARD,UNDER_CONDITION,COND:runway,1
EVT:RUNWAY_CONDITION_HAZARD,UNDER_CONDITION,EVT:CONTROL_SURFACE_ANOMALY,1
EVT:RUNWAY_CONDITION_HAZARD,TRIGGERS,EVT:CONTROL_SURFACE_ANOMALY,2
EVT:RUNWAY_CONDITION_HAZARD,CONCURRENT,EVT:CONTROL_SURFACE_ANOMALY,1
EVT:RUNWAY_CONDITION_HAZARD,CAUSES,EVT:CONTROL_SURFACE_ANOMALY,3
EVT:RUNWAY_CONDITION_HAZARD,CONTRIBUTES_TO,EVT:GROUND_IMPACT,6
EVT:RUNWAY_CONDITION_HAZARD,CAUSES,EVT:GROUND_IMPACT,22
EVT:RUNWAY_CONDITION_HAZARD,TRIGGERS,EVT:DECISION_INAPPROPRIATE,22
EVT:RUNWAY_CONDITION_HAZARD,RESPONDS_TO,EVT:DECISION_INAPPROPRIATE,6
EVT:RUNWAY_CONDITION_HAZARD,CONTRIBUTES_TO,EVT:DECISION_INAPPROPRIATE,5
EVT:RUNWAY_CONDITION_HAZARD,CAUSES,EVT:DECISION_INAPPROPRIATE,2
EVT:RUNWAY_CONDITION_HAZARD,CONCURRENT,EVT:TURBULENCE_ENCOUNTER,1
EVT:RUNWAY_CONDITION_HAZARD,CAUSES,EVT:TERRAIN_OR_OBSTACLE_PROXIMITY,8
EVT:RUNWAY_CONDITION_HAZARD,PRECEDES,EVT:TERRAIN_OR_OBSTACLE_PROXIMITY,1
EVT:RUNWAY_CONDITION_HAZARD,CO_OCCURS,COND:terrain,1
EVT:RUNWAY_CONDITION_HAZARD,UNDER_CONDITION,COND:terrain,11
EVT:RUNWAY_CONDITION_HAZARD,UNDER_CONDITION,COND:surface,6
EVT:RUNWAY_CONDITION_HAZARD,CO_OCCURS,EVT:RUNWAY_CONDITION_HAZARD,1
EVT:RUNWAY_CONDITION_HAZARD,CAUSES,EVT:RUNWAY_CONDITION_HAZARD,6
EVT:RUNWAY_CONDITION_HAZARD,CAUSES,COND:operational,1
EVT:RUNWAY_CONDITION_HAZARD,CONTRIBUTES_TO,EVT:LOSS_OF_CONTROL_INFLIGHT,6
EVT:RUNWAY_CONDITION_HAZARD,CAUSES,EVT:LOSS_OF_CONTROL_INFLIGHT,8
EVT:RUNWAY_CONDITION_HAZARD,CAUSES,EVT:PROCEDURE_NOT_FOLLOWED,1
EVT:RUNWAY_CONDITION_HAZARD,CONCURRENT,EVT:PROCEDURE_NOT_FOLLOWED,1
EVT:RUNWAY_CONDITION_HAZARD,TRIGGERS,EVT:PROCEDURE_NOT_FOLLOWED,2
EVT:RUNWAY_CONDITION_HAZARD,CAUSES,EVT:STRUCTURAL_OVERLOAD,8
EVT:RUNWAY_CONDITION_HAZARD,CAUSES,COND:mechanical,4
EVT:RUNWAY_CONDITION_HAZARD,UNDER_CONDITION,COND:mechanical,4
EVT:RUNWAY_CONDITION_HAZARD,INDUCED_CONDITION,COND:mechanical,3
EVT:RUNWAY_CONDITION_HAZARD,CAUSES,EVT:PERCEPTION_FAILURE,1
EVT:RUNWAY_CONDITION_HAZARD,CONTRIBUTES_TO,EVT:PERCEPTION_FAILURE,3
EVT:RUNWAY_CONDITION_HAZARD,TRIGGERS,EVT:PERCEPTION_FAILURE,2
EVT:RUNWAY_CONDITION_HAZARD,CAUSES,EVT:LANDING_GEAR_ANOMALY,23
EVT:RUNWAY_CONDITION_HAZARD,CONTRIBUTES_TO,EVT:LANDING_GEAR_ANOMALY,10
EVT:RUNWAY_CONDITION_HAZARD,TRIGGERS,EVT:LANDING_GEAR_ANOMALY,3
EVT:RUNWAY_CONDITION_HAZARD,CAUSES,EVT:ICING_ENCOUNTER,1
EVT:RUNWAY_CONDITION_HAZARD,UNDER_CONDITION,ENT:location,1
EVT:RUNWAY_CONDITION_HAZARD,CAUSES,EVT:ALTITUDE_DEVIATION_UNCONTROLLED,8
EVT:RUNWAY_CONDITION_HAZARD,CAUSES,EVT:BIRD_OR_WILDLIFE_STRIKE,4
EVT:RUNWAY_CONDITION_HAZARD,ENABLES,EVT:BIRD_OR_WILDLIFE_STRIKE,2
EVT:RUNWAY_CONDITION_HAZARD,CONTRIBUTES_TO,EVT:STALL,4
EVT:RUNWAY_CONDITION_HAZARD,CAUSES,EVT:STALL,3
EVT:RUNWAY_CONDITION_HAZARD,CAUSES,COND:aerodynamic,5
EVT:RUNWAY_CONDITION_HAZARD,INDUCED_CONDITION,COND:aerodynamic,2
EVT:RUNWAY_CONDITION_HAZARD,CAUSES,EVT:EXTERNAL_OPERATORS,1
EVT:RUNWAY_CONDITION_HAZARD,CAUSES,EVT:INFLIGHT_FIRE_OR_SMOKE,1
EVT:RUNWAY_CONDITION_HAZARD,UNDER_CONDITION,COND:infrastructure,4
EVT:RUNWAY_CONDITION_HAZARD,CONTRIBUTES_TO,COND:infrastructure,1
EVT:RUNWAY_CONDITION_HAZARD,CAUSES,EVT:GROUND_PERSONNEL_ERROR,1
EVT:RUNWAY_CONDITION_HAZARD,CAUSES,EVT:GROUND_EXCURSION,1
EVT:RUNWAY_CONDITION_HAZARD,UNDER_CONDITION,ENT:aircraft,1
EVT:RUNWAY_CONDITION_HAZARD,TRIGGERS,EVT:AIRFRAME_STRUCTURAL_FAILURE,3
EVT:RUNWAY_CONDITION_HAZARD,CAUSES,EVT:AIRFRAME_STRUCTURAL_FAILURE,1
EVT:RUNWAY_CONDITION_HAZARD,INDUCED_CONDITION,COND:latent,1
EVT:RUNWAY_CONDITION_HAZARD,CAUSES,EVT:GROUND_INCIDENT,1
EVT:RUNWAY_CONDITION_HAZARD,CONTRIBUTES_TO,EVT:PERFORMANCE_FAILURE,1
EVT:RUNWAY_CONDITION_HAZARD,CAUSES,EVT:PORPOISE,1
EVT:RUNWAY_CONDITION_HAZARD,CAUSES,COND:performance,1
EVT:PROCEDURE_NOT_FOLLOWED,TRIGGERS,COND:aerodynamic,1
EVT:PROCEDURE_NOT_FOLLOWED,CAUSES,COND:aerodynamic,84
EVT:PROCEDURE_NOT_FOLLOWED,INDUCED_CONDITION,COND:aerodynamic,61
EVT:PROCEDURE_NOT_FOLLOWED,CONTRIBUTES_TO,COND:aerodynamic,14
EVT:PROCEDURE_NOT_FOLLOWED,MAINTAINS_CONDITION,COND:aerodynamic,1
EVT:PROCEDURE_NOT_FOLLOWED,UNDER_CONDITION,COND:aerodynamic,13
EVT:PROCEDURE_NOT_FOLLOWED,INHIBITS,COND:aerodynamic,3
EVT:PROCEDURE_NOT_FOLLOWED,ENABLES,COND:aerodynamic,1
EVT:PROCEDURE_NOT_FOLLOWED,PREVENTS,COND:aerodynamic,1
EVT:PROCEDURE_NOT_FOLLOWED,INDUCED_CONDITION,COND:mechanical,430
EVT:PROCEDURE_NOT_FOLLOWED,CAUSES,COND:mechanical,1398
EVT:PROCEDURE_NOT_FOLLOWED,UNDER_CONDITION,COND:mechanical,123
EVT:PROCEDURE_NOT_FOLLOWED,CONTRIBUTES_TO,COND:mechanical,64
EVT:PROCEDURE_NOT_FOLLOWED,RESPONDS_TO,COND:mechanical,17
EVT:PROCEDURE_NOT_FOLLOWED,IF_THEN,COND:mechanical,1
EVT:PROCEDURE_NOT_FOLLOWED,ENABLES,COND:mechanical,109
EVT:PROCEDURE_NOT_FOLLOWED,INHIBITS,COND:mechanical,18
EVT:PROCEDURE_NOT_FOLLOWED,PREVENTS,COND:mechanical,20
EVT:PROCEDURE_NOT_FOLLOWED,MASKED_BY_CONDITION,COND:mechanical,27
EVT:PROCEDURE_NOT_FOLLOWED,TRIGGERS,COND:mechanical,16
EVT:PROCEDURE_NOT_FOLLOWED,DETECTS,COND:mechanical,2
EVT:PROCEDURE_NOT_FOLLOWED,MAINTAINS,COND:mechanical,1
EVT:PROCEDURE_NOT_FOLLOWED,MITIGATES,COND:mechanical,8
EVT:PROCEDURE_NOT_FOLLOWED,CONCURRENT,COND:mechanical,2
EVT:PROCEDURE_NOT_FOLLOWED,CONTRIBUTES_TO,EVT:CONTROL_INPUT_IMPROPER,198
EVT:PROCEDURE_NOT_FOLLOWED,CAUSES,EVT:CONTROL_INPUT_IMPROPER,342
EVT:PROCEDURE_NOT_FOLLOWED,CONCURRENT,EVT:CONTROL_INPUT_IMPROPER,97
EVT:PROCEDURE_NOT_FOLLOWED,TRIGGERS,EVT:CONTROL_INPUT_IMPROPER,76
EVT:PROCEDURE_NOT_FOLLOWED,RESPONDS_TO,EVT:CONTROL_INPUT_IMPROPER,14
EVT:PROCEDURE_NOT_FOLLOWED,PRECEDES,EVT:CONTROL_INPUT_IMPROPER,47
EVT:PROCEDURE_NOT_FOLLOWED,CONTAINS,EVT:CONTROL_INPUT_IMPROPER,1
EVT:PROCEDURE_NOT_FOLLOWED,ENABLES,EVT:CONTROL_INPUT_IMPROPER,12
EVT:PROCEDURE_NOT_FOLLOWED,CONTEXT,EVT:CONTROL_INPUT_IMPROPER,2
EVT:PROCEDURE_NOT_FOLLOWED,CO_OCCURS,EVT:CONTROL_INPUT_IMPROPER,1
EVT:PROCEDURE_NOT_FOLLOWED,MITIGATES,EVT:CONTROL_INPUT_IMPROPER,1
EVT:PROCEDURE_NOT_FOLLOWED,IF_THEN,EVT:CONTROL_INPUT_IMPROPER,1
EVT:PROCEDURE_NOT_FOLLOWED,CONTEXT_FOR,EVT:CONTROL_INPUT_IMPROPER,1
EVT:PROCEDURE_NOT_FOLLOWED,CAUSES,EVT:LOSS_OF_CONTROL_GROUND,147
EVT:PROCEDURE_NOT_FOLLOWED,CONTRIBUTES_TO,EVT:LOSS_OF_CONTROL_GROUND,49
EVT:PROCEDURE_NOT_FOLLOWED,TRIGGERS,EVT:LOSS_OF_CONTROL_GROUND,4
EVT:PROCEDURE_NOT_FOLLOWED,CONCURRENT,EVT:LOSS_OF_CONTROL_GROUND,3
EVT:PROCEDURE_NOT_FOLLOWED,ENABLES,EVT:LOSS_OF_CONTROL_GROUND,1
EVT:PROCEDURE_NOT_FOLLOWED,PREVENTS,EVT:LOSS_OF_CONTROL_GROUND,1
EVT:PROCEDURE_NOT_FOLLOWED,CAUSES,EVT:GROUND_IMPACT,1144
EVT:PROCEDURE_NOT_FOLLOWED,CONTRIBUTES_TO,EVT:GROUND_IMPACT,202
EVT:PROCEDURE_NOT_FOLLOWED,CONCURRENT,EVT:GROUND_IMPACT,16
EVT:PROCEDURE_NOT_FOLLOWED,INHIBITS,EVT:GROUND_IMPACT,5
EVT:PROCEDURE_NOT_FOLLOWED,TRIGGERS,EVT:GROUND_IMPACT,1
EVT:PROCEDURE_NOT_FOLLOWED,PRECEDES,EVT:GROUND_IMPACT,7
EVT:PROCEDURE_NOT_FOLLOWED,PREVENTS,EVT:GROUND_IMPACT,3
EVT:PROCEDURE_NOT_FOLLOWED,MITIGATES,EVT:GROUND_IMPACT,2
EVT:PROCEDURE_NOT_FOLLOWED,RESPONDS_TO,EVT:GROUND_IMPACT,1
EVT:PROCEDURE_NOT_FOLLOWED,CAUSES,EVT:STALL,152
EVT:PROCEDURE_NOT_FOLLOWED,CONTRIBUTES_TO,EVT:STALL,54
EVT:PROCEDURE_NOT_FOLLOWED,TRIGGERS,EVT:STALL,1
EVT:PROCEDURE_NOT_FOLLOWED,RESPONDS_TO,EVT:STALL,2
EVT:PROCEDURE_NOT_FOLLOWED,CONCURRENT,EVT:PROCEDURE_NOT_FOLLOWED,77
EVT:PROCEDURE_NOT_FOLLOWED,PREVENTS,EVT:PROCEDURE_NOT_FOLLOWED,1
EVT:PROCEDURE_NOT_FOLLOWED,TRIGGERS,EVT:PROCEDURE_NOT_FOLLOWED,19
EVT:PROCEDURE_NOT_FOLLOWED,CONTRIBUTES_TO,EVT:PROCEDURE_NOT_FOLLOWED,71
EVT:PROCEDURE_NOT_FOLLOWED,CAUSES,EVT:PROCEDURE_NOT_FOLLOWED,83
EVT:PROCEDURE_NOT_FOLLOWED,PRECEDES,EVT:PROCEDURE_NOT_FOLLOWED,40
EVT:PROCEDURE_NOT_FOLLOWED,ENABLES,EVT:PROCEDURE_NOT_FOLLOWED,2
EVT:PROCEDURE_NOT_FOLLOWED,CO_OCCURS,EVT:PROCEDURE_NOT_FOLLOWED,2
EVT:PROCEDURE_NOT_FOLLOWED,RESPONDS_TO,EVT:PROCEDURE_NOT_FOLLOWED,14
EVT:PROCEDURE_NOT_FOLLOWED,INHIBITS,EVT:PROCEDURE_NOT_FOLLOWED,1
EVT:PROCEDURE_NOT_FOLLOWED,PREVENTS,EVT:ENGINE_FAILURE,39
EVT:PROCEDURE_NOT_FOLLOWED,CONTRIBUTES_TO,EVT:ENGINE_FAILURE,104
EVT:PROCEDURE_NOT_FOLLOWED,CAUSES,EVT:ENGINE_FAILURE,359
EVT:PROCEDURE_NOT_FOLLOWED,TRIGGERS,EVT:ENGINE_FAILURE,30
EVT:PROCEDURE_NOT_FOLLOWED,INHIBITS,EVT:ENGINE_FAILURE,28
EVT:PROCEDURE_NOT_FOLLOWED,RESPONDS_TO,EVT:ENGINE_FAILURE,26
EVT:PROCEDURE_NOT_FOLLOWED,UNDER_CONDITION,EVT:ENGINE_FAILURE,1
EVT:PROCEDURE_NOT_FOLLOWED,PRECEDES,EVT:ENGINE_FAILURE,5
EVT:PROCEDURE_NOT_FOLLOWED,CONCURRENT,EVT:ENGINE_FAILURE,19
EVT:PROCEDURE_NOT_FOLLOWED,MITIGATES,EVT:ENGINE_FAILURE,10
EVT:PROCEDURE_NOT_FOLLOWED,IF_THEN,EVT:ENGINE_FAILURE,1
EVT:PROCEDURE_NOT_FOLLOWED,UNDER_CONDITION,COND:weather,309
EVT:PROCEDURE_NOT_FOLLOWED,CAUSES,COND:weather,14
EVT:PROCEDURE_NOT_FOLLOWED,ENABLES,COND:weather,3
EVT:PROCEDURE_NOT_FOLLOWED,INDUCED_CONDITION,COND:weather,25
EVT:PROCEDURE_NOT_FOLLOWED,PREVENTS,COND:weather,1
EVT:PROCEDURE_NOT_FOLLOWED,RESPONDS_TO,COND:weather,4
EVT:PROCEDURE_NOT_FOLLOWED,MASKED_BY_CONDITION,COND:weather,1
EVT:PROCEDURE_NOT_FOLLOWED,MITIGATES,COND:weather,1
EVT:PROCEDURE_NOT_FOLLOWED,CAUSES,EVT:BIRD_OR_WILDLIFE_STRIKE,9
EVT:PROCEDURE_NOT_FOLLOWED,CONTRIBUTES_TO,EVT:BIRD_OR_WILDLIFE_STRIKE,1
EVT:PROCEDURE_NOT_FOLLOWED,CAUSES,EVT:RUNWAY_EXCURSION_OR_OVERRUN,294
EVT:PROCEDURE_NOT_FOLLOWED,CONTRIBUTES_TO,EVT:RUNWAY_EXCURSION_OR_OVERRUN,62
EVT:PROCEDURE_NOT_FOLLOWED,PRECEDES,EVT:RUNWAY_EXCURSION_OR_OVERRUN,5
EVT:PROCEDURE_NOT_FOLLOWED,INHIBITS,EVT:RUNWAY_EXCURSION_OR_OVERRUN,2
EVT:PROCEDURE_NOT_FOLLOWED,CONCURRENT,EVT:RUNWAY_EXCURSION_OR_OVERRUN,4
EVT:PROCEDURE_NOT_FOLLOWED,ENABLES,EVT:RUNWAY_EXCURSION_OR_OVERRUN,1
EVT:PROCEDURE_NOT_FOLLOWED,RESPONDS_TO,EVT:RUNWAY_EXCURSION_OR_OVERRUN,2
EVT:PROCEDURE_NOT_FOLLOWED,PREVENTS,EVT:RUNWAY_EXCURSION_OR_OVERRUN,1
EVT:PROCEDURE_NOT_FOLLOWED,MITIGATES,EVT:RUNWAY_EXCURSION_OR_OVERRUN,2
EVT:PROCEDURE_NOT_FOLLOWED,UNDER_CONDITION,COND:human_factor,4
EVT:PROCEDURE_NOT_FOLLOWED,INDUCED_CONDITION,COND:human_factor,16
EVT:PROCEDURE_NOT_FOLLOWED,CONTRIBUTES_TO,COND:human_factor,2
EVT:PROCEDURE_NOT_FOLLOWED,MITIGATES,COND:human_factor,1
EVT:PROCEDURE_NOT_FOLLOWED,CAUSES,COND:human_factor,8
EVT:PROCEDURE_NOT_FOLLOWED,CONTRIBUTES_TO,EVT:DECISION_INAPPROPRIATE,111
EVT:PROCEDURE_NOT_FOLLOWED,ENABLES,EVT:DECISION_INAPPROPRIATE,4
EVT:PROCEDURE_NOT_FOLLOWED,CAUSES,EVT:DECISION_INAPPROPRIATE,178
EVT:PROCEDURE_NOT_FOLLOWED,TRIGGERS,EVT:DECISION_INAPPROPRIATE,44
EVT:PROCEDURE_NOT_FOLLOWED,PREVENTS,EVT:DECISION_INAPPROPRIATE,2
EVT:PROCEDURE_NOT_FOLLOWED,CONCURRENT,EVT:DECISION_INAPPROPRIATE,33
EVT:PROCEDURE_NOT_FOLLOWED,RESPONDS_TO,EVT:DECISION_INAPPROPRIATE,10
EVT:PROCEDURE_NOT_FOLLOWED,PRECEDES,EVT:DECISION_INAPPROPRIATE,13
EVT:PROCEDURE_NOT_FOLLOWED,CONTEXT,EVT:DECISION_INAPPROPRIATE,2
EVT:PROCEDURE_NOT_FOLLOWED,INDUCED_CONDITION,COND:organizational,25
EVT:PROCEDURE_NOT_FOLLOWED,CONTRIBUTES_TO,COND:organizational,6
EVT:PROCEDURE_NOT_FOLLOWED,UNDER_CONDITION,COND:organizational,29
EVT:PROCEDURE_NOT_FOLLOWED,CAUSES,COND:organizational,32
EVT:PROCEDURE_NOT_FOLLOWED,CO_OCCURS,COND:organizational,2
EVT:PROCEDURE_NOT_FOLLOWED,ENABLES,COND:organizational,1
EVT:PROCEDURE_NOT_FOLLOWED,MASKED_BY_CONDITION,COND:organizational,1
EVT:PROCEDURE_NOT_FOLLOWED,INHIBITS,COND:organizational,6
EVT:PROCEDURE_NOT_FOLLOWED,CONCURRENT,COND:organizational,1
EVT:PROCEDURE_NOT_FOLLOWED,CAUSES,EVT:INJURY_OR_FATALITY,45
EVT:PROCEDURE_NOT_FOLLOWED,CONTRIBUTES_TO,EVT:INJURY_OR_FATALITY,41
EVT:PROCEDURE_NOT_FOLLOWED,MITIGATES,EVT:INJURY_OR_FATALITY,2
EVT:PROCEDURE_NOT_FOLLOWED,ENABLES,EVT:INJURY_OR_FATALITY,2
EVT:PROCEDURE_NOT_FOLLOWED,CAUSES,COND:fuel_state,19
EVT:PROCEDURE_NOT_FOLLOWED,CONTRIBUTES_TO,COND:fuel_state,2
EVT:PROCEDURE_NOT_FOLLOWED,INDUCED_CONDITION,COND:fuel_state,4
EVT:PROCEDURE_NOT_FOLLOWED,INHIBITS,COND:fuel_state,1
EVT:PROCEDURE_NOT_FOLLOWED,INHIBITS,EVT:ALTITUDE_DEVIATION_UNCONTROLLED,1
EVT:PROCEDURE_NOT_FOLLOWED,CAUSES,EVT:ALTITUDE_DEVIATION_UNCONTROLLED,98
EVT:PROCEDURE_NOT_FOLLOWED,CONTRIBUTES_TO,EVT:ALTITUDE_DEVIATION_UNCONTROLLED,19
EVT:PROCEDURE_NOT_FOLLOWED,CONCURRENT,EVT:ALTITUDE_DEVIATION_UNCONTROLLED,2
EVT:PROCEDURE_NOT_FOLLOWED,RESPONDS_TO,EVT:ALTITUDE_DEVIATION_UNCONTROLLED,2
EVT:PROCEDURE_NOT_FOLLOWED,CONTRIBUTES_TO,EVT:LOSS_OF_CONTROL_INFLIGHT,70
EVT:PROCEDURE_NOT_FOLLOWED,CAUSES,EVT:LOSS_OF_CONTROL_INFLIGHT,172
EVT:PROCEDURE_NOT_FOLLOWED,TRIGGERS,EVT:LOSS_OF_CONTROL_INFLIGHT,4
EVT:PROCEDURE_NOT_FOLLOWED,CONCURRENT,EVT:LOSS_OF_CONTROL_INFLIGHT,3
EVT:PROCEDURE_NOT_FOLLOWED,MITIGATES,EVT:LOSS_OF_CONTROL_INFLIGHT,1
EVT:PROCEDURE_NOT_FOLLOWED,INHIBITS,EVT:LOSS_OF_CONTROL_INFLIGHT,5
EVT:PROCEDURE_NOT_FOLLOWED,ENABLES,EVT:LOSS_OF_CONTROL_INFLIGHT,1
EVT:PROCEDURE_NOT_FOLLOWED,RESPONDS_TO,EVT:LOSS_OF_CONTROL_INFLIGHT,1
EVT:PROCEDURE_NOT_FOLLOWED,PREVENTS,EVT:LOSS_OF_CONTROL_INFLIGHT,1
EVT:PROCEDURE_NOT_FOLLOWED,PRECEDES,EVT:LOSS_OF_CONTROL_INFLIGHT,1
EVT:PROCEDURE_NOT_FOLLOWED,UNDER_CONDITION,COND:environmental,263
EVT:PROCEDURE_NOT_FOLLOWED,INDUCED_CONDITION,COND:environmental,26
EVT:PROCEDURE_NOT_FOLLOWED,CAUSES,COND:environmental,25
EVT:PROCEDURE_NOT_FOLLOWED,CONCURRENT,COND:environmental,4
EVT:PROCEDURE_NOT_FOLLOWED,CONTRIBUTES_TO,COND:environmental,6
EVT:PROCEDURE_NOT_FOLLOWED,PREVENTS,COND:environmental,2
EVT:PROCEDURE_NOT_FOLLOWED,RESPONDS_TO,COND:environmental,1
EVT:PROCEDURE_NOT_FOLLOWED,INHIBITS,COND:environmental,3
EVT:PROCEDURE_NOT_FOLLOWED,ENABLES,COND:environmental,7
EVT:PROCEDURE_NOT_FOLLOWED,MASKED_BY_CONDITION,COND:environmental,3
EVT:PROCEDURE_NOT_FOLLOWED,CO_OCCURS,COND:environmental,1
EVT:PROCEDURE_NOT_FOLLOWED,MAINTAINS,COND:environmental,1
EVT:PROCEDURE_NOT_FOLLOWED,CAUSES,EVT:MIDAIR_COLLISION,51
EVT:PROCEDURE_NOT_FOLLOWED,CONCURRENT,EVT:MIDAIR_COLLISION,5
EVT:PROCEDURE_NOT_FOLLOWED,CONTRIBUTES_TO,EVT:MIDAIR_COLLISION,34
EVT:PROCEDURE_NOT_FOLLOWED,ENABLES,EVT:MIDAIR_COLLISION,3
EVT:PROCEDURE_NOT_FOLLOWED,UNDER_CONDITION,ENT:location,10
EVT:PROCEDURE_NOT_FOLLOWED,CO_OCCURS,ENT:location,1
EVT:PROCEDURE_NOT_FOLLOWED,CONCURRENT,ENT:location,1
EVT:PROCEDURE_NOT_FOLLOWED,CAUSES,ENT:location,1
EVT:PROCEDURE_NOT_FOLLOWED,INDUCED_CONDITION,COND:fuel,1
EVT:PROCEDURE_NOT_FOLLOWED,CAUSES,COND:fuel,12
EVT:PROCEDURE_NOT_FOLLOWED,UNDER_CONDITION,COND:fuel,1
EVT:PROCEDURE_NOT_FOLLOWED,CONTRIBUTES_TO,COND:fuel,2
EVT:PROCEDURE_NOT_FOLLOWED,ENABLES,EVT:GROUND_PERSONNEL_ERROR,2
EVT:PROCEDURE_NOT_FOLLOWED,CAUSES,EVT:GROUND_PERSONNEL_ERROR,16
EVT:PROCEDURE_NOT_FOLLOWED,CONCURRENT,EVT:GROUND_PERSONNEL_ERROR,1
EVT:PROCEDURE_NOT_FOLLOWED,CONTRIBUTES_TO,EVT:GROUND_PERSONNEL_ERROR,8
EVT:PROCEDURE_NOT_FOLLOWED,TRIGGERS,EVT:GROUND_PERSONNEL_ERROR,1
EVT:PROCEDURE_NOT_FOLLOWED,MITIGATES,EVT:GROUND_PERSONNEL_ERROR,1
EVT:PROCEDURE_NOT_FOLLOWED,CAUSES,EVT:LANDING_GEAR_ANOMALY,97
EVT:PROCEDURE_NOT_FOLLOWED,TRIGGERS,EVT:LANDING_GEAR_ANOMALY,16
EVT:PROCEDURE_NOT_FOLLOWED,CONCURRENT,EVT:LANDING_GEAR_ANOMALY,3
EVT:PROCEDURE_NOT_FOLLOWED,CONTRIBUTES_TO,EVT:LANDING_GEAR_ANOMALY,24
EVT:PROCEDURE_NOT_FOLLOWED,PREVENTS,EVT:LANDING_GEAR_ANOMALY,4
EVT:PROCEDURE_NOT_FOLLOWED,PRECEDES,EVT:LANDING_GEAR_ANOMALY,5
EVT:PROCEDURE_NOT_FOLLOWED,INHIBITS,EVT:LANDING_GEAR_ANOMALY,1
EVT:PROCEDURE_NOT_FOLLOWED,RESPONDS_TO,EVT:LANDING_GEAR_ANOMALY,5
EVT:PROCEDURE_NOT_FOLLOWED,MASKED_BY_CONDITION,EVT:LANDING_GEAR_ANOMALY,1
EVT:PROCEDURE_NOT_FOLLOWED,CAUSES,EVT:INFLIGHT_BREAKUP,1
EVT:PROCEDURE_NOT_FOLLOWED,CAUSES,EVT:EMERGENCY_LANDING,147
EVT:PROCEDURE_NOT_FOLLOWED,CONTRIBUTES_TO,EVT:EMERGENCY_LANDING,16
EVT:PROCEDURE_NOT_FOLLOWED,PRECEDES,EVT:EMERGENCY_LANDING,4
EVT:PROCEDURE_NOT_FOLLOWED,CONCURRENT,EVT:EMERGENCY_LANDING,5
EVT:PROCEDURE_NOT_FOLLOWED,RESPONDS_TO,EVT:EMERGENCY_LANDING,5
EVT:PROCEDURE_NOT_FOLLOWED,ENABLES,EVT:EMERGENCY_LANDING,4
EVT:PROCEDURE_NOT_FOLLOWED,MITIGATES,EVT:EMERGENCY_LANDING,1
EVT:PROCEDURE_NOT_FOLLOWED,TRIGGERS,EVT:EMERGENCY_LANDING,1
EVT:PROCEDURE_NOT_FOLLOWED,UNDER_CONDITION,COND:human_factors,5
EVT:PROCEDURE_NOT_FOLLOWED,INDUCED_CONDITION,COND:human_factors,8
EVT:PROCEDURE_NOT_FOLLOWED,CONTRIBUTES_TO,COND:human_factors,1
EVT:PROCEDURE_NOT_FOLLOWED,CAUSES,COND:human_factors,4
EVT:PROCEDURE_NOT_FOLLOWED,TRIGGERS,EVT:PERCEPTION_FAILURE,10
EVT:PROCEDURE_NOT_FOLLOWED,CAUSES,EVT:PERCEPTION_FAILURE,103
EVT:PROCEDURE_NOT_FOLLOWED,CONTRIBUTES_TO,EVT:PERCEPTION_FAILURE,95
EVT:PROCEDURE_NOT_FOLLOWED,CONCURRENT,EVT:PERCEPTION_FAILURE,34
EVT:PROCEDURE_NOT_FOLLOWED,ENABLES,EVT:PERCEPTION_FAILURE,3
EVT:PROCEDURE_NOT_FOLLOWED,RESPONDS_TO,EVT:PERCEPTION_FAILURE,5
EVT:PROCEDURE_NOT_FOLLOWED,PRECEDES,EVT:PERCEPTION_FAILURE,5
EVT:PROCEDURE_NOT_FOLLOWED,PREVENTS,EVT:PERCEPTION_FAILURE,1
EVT:PROCEDURE_NOT_FOLLOWED,MITIGATES,EVT:PERCEPTION_FAILURE,1
EVT:PROCEDURE_NOT_FOLLOWED,CO_OCCURS,EVT:PERCEPTION_FAILURE,1
EVT:PROCEDURE_NOT_FOLLOWED,CAUSES,EVT:GROUND_COLLISION,17
EVT:PROCEDURE_NOT_FOLLOWED,CONTRIBUTES_TO,EVT:GROUND_COLLISION,4
EVT:PROCEDURE_NOT_FOLLOWED,ENABLES,EVT:GROUND_COLLISION,1
EVT:PROCEDURE_NOT_FOLLOWED,CAUSES,EVT:TERRAIN_OR_OBSTACLE_PROXIMITY,86
EVT:PROCEDURE_NOT_FOLLOWED,CONTRIBUTES_TO,EVT:TERRAIN_OR_OBSTACLE_PROXIMITY,12
EVT:PROCEDURE_NOT_FOLLOWED,CONCURRENT,EVT:TERRAIN_OR_OBSTACLE_PROXIMITY,1
EVT:PROCEDURE_NOT_FOLLOWED,CAUSES,EVT:SUCCESSFUL_RECOVERY,68
EVT:PROCEDURE_NOT_FOLLOWED,RESPONDS_TO,EVT:SUCCESSFUL_RECOVERY,3
EVT:PROCEDURE_NOT_FOLLOWED,CONTRIBUTES_TO,EVT:SUCCESSFUL_RECOVERY,5
EVT:PROCEDURE_NOT_FOLLOWED,CONCURRENT,EVT:SUCCESSFUL_RECOVERY,2
EVT:PROCEDURE_NOT_FOLLOWED,MITIGATES,EVT:SUCCESSFUL_RECOVERY,3
EVT:PROCEDURE_NOT_FOLLOWED,ENABLES,EVT:SUCCESSFUL_RECOVERY,1
EVT:PROCEDURE_NOT_FOLLOWED,TRIGGERS,EVT:SUCCESSFUL_RECOVERY,1
EVT:PROCEDURE_NOT_FOLLOWED,CONCURRENT,EVT:CREW_COORDINATION_FAILURE,8
EVT:PROCEDURE_NOT_FOLLOWED,CAUSES,EVT:CREW_COORDINATION_FAILURE,6
EVT:PROCEDURE_NOT_FOLLOWED,CONTRIBUTES_TO,EVT:CREW_COORDINATION_FAILURE,4
EVT:PROCEDURE_NOT_FOLLOWED,TRIGGERS,EVT:CREW_COORDINATION_FAILURE,7
EVT:PROCEDURE_NOT_FOLLOWED,RESPONDS_TO,EVT:CREW_COORDINATION_FAILURE,4
EVT:PROCEDURE_NOT_FOLLOWED,PRECEDES,EVT:CREW_COORDINATION_FAILURE,1
EVT:PROCEDURE_NOT_FOLLOWED,PREVENTS,EVT:CREW_COORDINATION_FAILURE,1
EVT:PROCEDURE_NOT_FOLLOWED,CONTRIBUTES_TO,COND:fatigue,1
EVT:PROCEDURE_NOT_FOLLOWED,INDUCED_CONDITION,COND:fatigue,1
EVT:PROCEDURE_NOT_FOLLOWED,UNDER_CONDITION,COND:fatigue,1
EVT:PROCEDURE_NOT_FOLLOWED,CAUSES,EVT:CONTROL_SURFACE_ANOMALY,35
EVT:PROCEDURE_NOT_FOLLOWED,TRIGGERS,EVT:CONTROL_SURFACE_ANOMALY,14
EVT:PROCEDURE_NOT_FOLLOWED,ENABLES,EVT:CONTROL_SURFACE_ANOMALY,3
EVT:PROCEDURE_NOT_FOLLOWED,CONTRIBUTES_TO,EVT:CONTROL_SURFACE_ANOMALY,3
EVT:PROCEDURE_NOT_FOLLOWED,RESPONDS_TO,EVT:CONTROL_SURFACE_ANOMALY,2
EVT:PROCEDURE_NOT_FOLLOWED,PREVENTS,EVT:CONTROL_SURFACE_ANOMALY,1
EVT:PROCEDURE_NOT_FOLLOWED,PRECEDES,EVT:CONTROL_SURFACE_ANOMALY,1
EVT:PROCEDURE_NOT_FOLLOWED,CONCURRENT,EVT:CONTROL_SURFACE_ANOMALY,2
EVT:PROCEDURE_NOT_FOLLOWED,INDUCED_CONDITION,COND:operational,21
EVT:PROCEDURE_NOT_FOLLOWED,CAUSES,COND:operational,18
EVT:PROCEDURE_NOT_FOLLOWED,UNDER_CONDITION,COND:operational,13
EVT:PROCEDURE_NOT_FOLLOWED,PREVENTS,COND:operational,2
EVT:PROCEDURE_NOT_FOLLOWED,CONCURRENT,COND:operational,1
EVT:PROCEDURE_NOT_FOLLOWED,CONTRIBUTES_TO,COND:operational,2
EVT:PROCEDURE_NOT_FOLLOWED,ENABLES,COND:operational,1
EVT:PROCEDURE_NOT_FOLLOWED,CAUSES,EVT:WATER_IMPACT,51
EVT:PROCEDURE_NOT_FOLLOWED,CONTRIBUTES_TO,EVT:WATER_IMPACT,9
EVT:PROCEDURE_NOT_FOLLOWED,CONCURRENT,EVT:WATER_IMPACT,1
EVT:PROCEDURE_NOT_FOLLOWED,PRECEDES,EVT:WATER_IMPACT,1
EVT:PROCEDURE_NOT_FOLLOWED,CONTRIBUTES_TO,COND:medical,1
EVT:PROCEDURE_NOT_FOLLOWED,UNDER_CONDITION,COND:medical,2
EVT:PROCEDURE_NOT_FOLLOWED,CAUSES,COND:medical,2
EVT:PROCEDURE_NOT_FOLLOWED,INDUCED_CONDITION,COND:medical,1
EVT:PROCEDURE_NOT_FOLLOWED,ENABLES,COND:medical,2
EVT:PROCEDURE_NOT_FOLLOWED,CAUSES,COND:weight,7
EVT:PROCEDURE_NOT_FOLLOWED,ENABLES,COND:weight,1
EVT:PROCEDURE_NOT_FOLLOWED,INDUCED_CONDITION,COND:weight,3
EVT:PROCEDURE_NOT_FOLLOWED,CONCURRENT,COND:weight,1
EVT:PROCEDURE_NOT_FOLLOWED,UNDER_CONDITION,COND:weight,1
EVT:PROCEDURE_NOT_FOLLOWED,CAUSES,EVT:LOW_VISIBILITY_OR_IMC,14
EVT:PROCEDURE_NOT_FOLLOWED,ENABLES,EVT:LOW_VISIBILITY_OR_IMC,2
EVT:PROCEDURE_NOT_FOLLOWED,CONTRIBUTES_TO,EVT:LOW_VISIBILITY_OR_IMC,4
EVT:PROCEDURE_NOT_FOLLOWED,PRECEDES,EVT:LOW_VISIBILITY_OR_IMC,1
EVT:PROCEDURE_NOT_FOLLOWED,CAUSES,EVT:FUEL_SYSTEM_ANOMALY,60
EVT:PROCEDURE_NOT_FOLLOWED,RESPONDS_TO,EVT:FUEL_SYSTEM_ANOMALY,1
EVT:PROCEDURE_NOT_FOLLOWED,PREVENTS,EVT:FUEL_SYSTEM_ANOMALY,2
EVT:PROCEDURE_NOT_FOLLOWED,TRIGGERS,EVT:FUEL_SYSTEM_ANOMALY,5
EVT:PROCEDURE_NOT_FOLLOWED,CONTRIBUTES_TO,EVT:FUEL_SYSTEM_ANOMALY,5
EVT:PROCEDURE_NOT_FOLLOWED,INHIBITS,EVT:FUEL_SYSTEM_ANOMALY,2
EVT:PROCEDURE_NOT_FOLLOWED,MITIGATES,EVT:FUEL_SYSTEM_ANOMALY,1
EVT:PROCEDURE_NOT_FOLLOWED,CONTRIBUTES_TO,EVT:INFLIGHT_FIRE_OR_SMOKE,10
EVT:PROCEDURE_NOT_FOLLOWED,PREVENTS,EVT:INFLIGHT_FIRE_OR_SMOKE,2
EVT:PROCEDURE_NOT_FOLLOWED,CAUSES,EVT:INFLIGHT_FIRE_OR_SMOKE,20
EVT:PROCEDURE_NOT_FOLLOWED,TRIGGERS,EVT:INFLIGHT_FIRE_OR_SMOKE,7
EVT:PROCEDURE_NOT_FOLLOWED,ENABLES,EVT:INFLIGHT_FIRE_OR_SMOKE,2
EVT:PROCEDURE_NOT_FOLLOWED,INHIBITS,EVT:INFLIGHT_FIRE_OR_SMOKE,2
EVT:PROCEDURE_NOT_FOLLOWED,RESPONDS_TO,EVT:INFLIGHT_FIRE_OR_SMOKE,5
EVT:PROCEDURE_NOT_FOLLOWED,MITIGATES,EVT:INFLIGHT_FIRE_OR_SMOKE,1
EVT:PROCEDURE_NOT_FOLLOWED,CAUSES,EVT:TURBULENCE_ENCOUNTER,6
EVT:PROCEDURE_NOT_FOLLOWED,CONTRIBUTES_TO,EVT:TURBULENCE_ENCOUNTER,3
EVT:PROCEDURE_NOT_FOLLOWED,ENABLES,EVT:TURBULENCE_ENCOUNTER,2
EVT:PROCEDURE_NOT_FOLLOWED,CONCURRENT,EVT:TURBULENCE_ENCOUNTER,2
EVT:PROCEDURE_NOT_FOLLOWED,PRECEDES,EVT:TURBULENCE_ENCOUNTER,5
EVT:PROCEDURE_NOT_FOLLOWED,MITIGATES,EVT:TURBULENCE_ENCOUNTER,2
EVT:PROCEDURE_NOT_FOLLOWED,CO_OCCURS,EVT:TURBULENCE_ENCOUNTER,1
EVT:PROCEDURE_NOT_FOLLOWED,PREVENTS,EVT:TURBULENCE_ENCOUNTER,1
EVT:PROCEDURE_NOT_FOLLOWED,INDUCED_CONDITION,COND:aircraft_configuration,4
EVT:PROCEDURE_NOT_FOLLOWED,ENABLES,COND:aircraft_configuration,1
EVT:PROCEDURE_NOT_FOLLOWED,ENABLES,COND:procedural,2
EVT:PROCEDURE_NOT_FOLLOWED,UNDER_CONDITION,COND:procedural,20
EVT:PROCEDURE_NOT_FOLLOWED,INDUCED_CONDITION,COND:procedural,36
EVT:PROCEDURE_NOT_FOLLOWED,CAUSES,COND:procedural,23
EVT:PROCEDURE_NOT_FOLLOWED,CONCURRENT,COND:procedural,2
EVT:PROCEDURE_NOT_FOLLOWED,MASKED_BY_CONDITION,COND:procedural,2
EVT:PROCEDURE_NOT_FOLLOWED,INHIBITS,COND:procedural,7
EVT:PROCEDURE_NOT_FOLLOWED,CONTRIBUTES_TO,EVT:GROUND_INCIDENT,1
EVT:PROCEDURE_NOT_FOLLOWED,CAUSES,EVT:GROUND_INCIDENT,1
EVT:PROCEDURE_NOT_FOLLOWED,CAUSES,COND:terrain,1
EVT:PROCEDURE_NOT_FOLLOWED,UNDER_CONDITION,COND:terrain,26
EVT:PROCEDURE_NOT_FOLLOWED,IF_THEN,COND:terrain,1
EVT:PROCEDURE_NOT_FOLLOWED,ENABLES,COND:terrain,1
EVT:PROCEDURE_NOT_FOLLOWED,CAUSES,COND:resource,19
EVT:PROCEDURE_NOT_FOLLOWED,CONTRIBUTES_TO,COND:resource,4
EVT:PROCEDURE_NOT_FOLLOWED,ENABLES,COND:resource,2
EVT:PROCEDURE_NOT_FOLLOWED,ENABLES,COND:training_or_currency,1
EVT:PROCEDURE_NOT_FOLLOWED,CONTRIBUTES_TO,EVT:MAINTENANCE_INADEQUATE,2
EVT:PROCEDURE_NOT_FOLLOWED,CAUSES,EVT:MAINTENANCE_INADEQUATE,1
EVT:PROCEDURE_NOT_FOLLOWED,CAUSES,EVT:AIRFRAME_STRUCTURAL_FAILURE,22
EVT:PROCEDURE_NOT_FOLLOWED,INHIBITS,EVT:AIRFRAME_STRUCTURAL_FAILURE,2
EVT:PROCEDURE_NOT_FOLLOWED,TRIGGERS,EVT:AIRFRAME_STRUCTURAL_FAILURE,2
EVT:PROCEDURE_NOT_FOLLOWED,CONTRIBUTES_TO,EVT:AIRFRAME_STRUCTURAL_FAILURE,6
EVT:PROCEDURE_NOT_FOLLOWED,PREVENTS,EVT:AIRFRAME_STRUCTURAL_FAILURE,1
EVT:PROCEDURE_NOT_FOLLOWED,CONTRIBUTES_TO,EVT:ICING_ENCOUNTER,1
EVT:PROCEDURE_NOT_FOLLOWED,CAUSES,EVT:ICING_ENCOUNTER,16
EVT:PROCEDURE_NOT_FOLLOWED,RESPONDS_TO,EVT:ICING_ENCOUNTER,1
EVT:PROCEDURE_NOT_FOLLOWED,CAUSES,COND:resource_depletion,1
EVT:PROCEDURE_NOT_FOLLOWED,AFFECTED_BY,ENT:component,2
EVT:PROCEDURE_NOT_FOLLOWED,ENABLES,ENT:component,1
EVT:PROCEDURE_NOT_FOLLOWED,UNDER_CONDITION,ENT:component,1
EVT:PROCEDURE_NOT_FOLLOWED,AFFECTS,ENT:component,2
EVT:PROCEDURE_NOT_FOLLOWED,INDUCED_CONDITION,COND:cognitive,7
EVT:PROCEDURE_NOT_FOLLOWED,UNDER_CONDITION,COND:cognitive,2
EVT:PROCEDURE_NOT_FOLLOWED,CAUSES,COND:cognitive,1
EVT:PROCEDURE_NOT_FOLLOWED,CONTRIBUTES_TO,COND:cognitive,1
EVT:PROCEDURE_NOT_FOLLOWED,CAUSES,COND:situational_awareness,5
EVT:PROCEDURE_NOT_FOLLOWED,INDUCED_CONDITION,COND:situational_awareness,11
EVT:PROCEDURE_NOT_FOLLOWED,CONTRIBUTES_TO,COND:situational_awareness,2
EVT:PROCEDURE_NOT_FOLLOWED,INHIBITS,COND:situational_awareness,2
EVT:PROCEDURE_NOT_FOLLOWED,UNDER_CONDITION,COND:situational_awareness,3
EVT:PROCEDURE_NOT_FOLLOWED,CONTRIBUTES_TO,EVT:PASSENGER_INJURY,1
EVT:PROCEDURE_NOT_FOLLOWED,UNDER_CONDITION,COND:location,3
EVT:PROCEDURE_NOT_FOLLOWED,CONTRIBUTES_TO,EVT:WIND_SHEAR_OR_GUST,8
EVT:PROCEDURE_NOT_FOLLOWED,CONCURRENT,EVT:WIND_SHEAR_OR_GUST,11
EVT:PROCEDURE_NOT_FOLLOWED,ENABLES,EVT:WIND_SHEAR_OR_GUST,3
EVT:PROCEDURE_NOT_FOLLOWED,UNDER_CONDITION,EVT:WIND_SHEAR_OR_GUST,1
EVT:PROCEDURE_NOT_FOLLOWED,CAUSES,EVT:WIND_SHEAR_OR_GUST,6
EVT:PROCEDURE_NOT_FOLLOWED,UNDER_CONDITION,COND:environmental_hazard,1
EVT:PROCEDURE_NOT_FOLLOWED,CAUSES,COND:configuration,10
EVT:PROCEDURE_NOT_FOLLOWED,INDUCED_CONDITION,COND:configuration,19
EVT:PROCEDURE_NOT_FOLLOWED,UNDER_CONDITION,COND:configuration,4
EVT:PROCEDURE_NOT_FOLLOWED,CAUSES,EVT:SPATIAL_DISORIENTATION,15
EVT:PROCEDURE_NOT_FOLLOWED,TRIGGERS,EVT:SPATIAL_DISORIENTATION,1
EVT:PROCEDURE_NOT_FOLLOWED,CONTRIBUTES_TO,EVT:SPATIAL_DISORIENTATION,11
EVT:PROCEDURE_NOT_FOLLOWED,RESPONDS_TO,EVT:SPATIAL_DISORIENTATION,1
EVT:PROCEDURE_NOT_FOLLOWED,CAUSES,COND:human,4
EVT:PROCEDURE_NOT_FOLLOWED,UNDER_CONDITION,COND:human,5
EVT:PROCEDURE_NOT_FOLLOWED,INDUCED_CONDITION,COND:human,4
EVT:PROCEDURE_NOT_FOLLOWED,MITIGATES,COND:human,1
EVT:PROCEDURE_NOT_FOLLOWED,CONTRIBUTES_TO,COND:human,1
EVT:PROCEDURE_NOT_FOLLOWED,UNDER_CONDITION,COND:design,2
EVT:PROCEDURE_NOT_FOLLOWED,MITIGATES,EVT:AUTOMATION_ANOMALY,1
EVT:PROCEDURE_NOT_FOLLOWED,RESPONDS_TO,EVT:AUTOMATION_ANOMALY,1
EVT:PROCEDURE_NOT_FOLLOWED,CAUSES,EVT:AUTOMATION_ANOMALY,4
EVT:PROCEDURE_NOT_FOLLOWED,TRIGGERS,EVT:AUTOMATION_ANOMALY,2
EVT:PROCEDURE_NOT_FOLLOWED,INDUCED_CONDITION,COND:altitude,1
EVT:PROCEDURE_NOT_FOLLOWED,CAUSES,COND:fluid_contamination,1
EVT:PROCEDURE_NOT_FOLLOWED,CAUSES,COND:communication,5
EVT:PROCEDURE_NOT_FOLLOWED,UNDER_CONDITION,COND:communication,1
EVT:PROCEDURE_NOT_FOLLOWED,CAUSES,EVT:RUNWAY_CONDITION_HAZARD,4
EVT:PROCEDURE_NOT_FOLLOWED,CONTRIBUTES_TO,EVT:RUNWAY_CONDITION_HAZARD,2
EVT:PROCEDURE_NOT_FOLLOWED,UNDER_CONDITION,EVT:RUNWAY_CONDITION_HAZARD,1
EVT:PROCEDURE_NOT_FOLLOWED,CONCURRENT,EVT:RUNWAY_CONDITION_HAZARD,1
EVT:PROCEDURE_NOT_FOLLOWED,RESPONDS_TO,COND:information,1
EVT:PROCEDURE_NOT_FOLLOWED,INDUCED_CONDITION,COND:information,6
EVT:PROCEDURE_NOT_FOLLOWED,CAUSES,COND:information,6
EVT:PROCEDURE_NOT_FOLLOWED,MASKED_BY_CONDITION,COND:information,3
EVT:PROCEDURE_NOT_FOLLOWED,UNDER_CONDITION,COND:information,2
EVT:PROCEDURE_NOT_FOLLOWED,CONTRIBUTES_TO,COND:information,1
EVT:PROCEDURE_NOT_FOLLOWED,CAUSES,COND:other,4
EVT:PROCEDURE_NOT_FOLLOWED,INDUCED_CONDITION,COND:other,6
EVT:PROCEDURE_NOT_FOLLOWED,UNDER_CONDITION,COND:other,2
EVT:PROCEDURE_NOT_FOLLOWED,UNDER_CONDITION,COND:regulatory,7
EVT:PROCEDURE_NOT_FOLLOWED,INDUCED_CONDITION,COND:spatial,8
EVT:PROCEDURE_NOT_FOLLOWED,CAUSES,COND:spatial,6
EVT:PROCEDURE_NOT_FOLLOWED,UNDER_CONDITION,COND:spatial,4
EVT:PROCEDURE_NOT_FOLLOWED,RESPONDS_TO,COND:spatial,1
EVT:PROCEDURE_NOT_FOLLOWED,CONTRIBUTES_TO,COND:spatial,1
EVT:PROCEDURE_NOT_FOLLOWED,CAUSES,EVT:INSTRUMENT_OR_AVIONICS_FAILURE,13
EVT:PROCEDURE_NOT_FOLLOWED,RESPONDS_TO,EVT:INSTRUMENT_OR_AVIONICS_FAILURE,1
EVT:PROCEDURE_NOT_FOLLOWED,CAUSES,COND:equipment,1
EVT:PROCEDURE_NOT_FOLLOWED,INDUCED_CONDITION,COND:equipment,2
EVT:PROCEDURE_NOT_FOLLOWED,UNDER_CONDITION,COND:equipment,1
EVT:PROCEDURE_NOT_FOLLOWED,INHIBITS,COND:equipment,1
EVT:PROCEDURE_NOT_FOLLOWED,CONTRIBUTES_TO,COND:equipment,1
EVT:PROCEDURE_NOT_FOLLOWED,RESPONDS_TO,COND:equipment,1
EVT:PROCEDURE_NOT_FOLLOWED,UNDER_CONDITION,ENT:aircraft,3
EVT:PROCEDURE_NOT_FOLLOWED,AFFECTED_BY,ENT:aircraft,1
EVT:PROCEDURE_NOT_FOLLOWED,SUPERVISED_BY,ENT:aircraft,1
EVT:PROCEDURE_NOT_FOLLOWED,UNDER_CONDITION,COND:knowledge,4
EVT:PROCEDURE_NOT_FOLLOWED,CAUSES,COND:knowledge,7
EVT:PROCEDURE_NOT_FOLLOWED,MASKED_BY_CONDITION,COND:knowledge,1
EVT:PROCEDURE_NOT_FOLLOWED,CONTRIBUTES_TO,COND:knowledge,1
EVT:PROCEDURE_NOT_FOLLOWED,INDUCED_CONDITION,COND:knowledge,1
EVT:PROCEDURE_NOT_FOLLOWED,UNDER_CONDITION,COND:training,3
EVT:PROCEDURE_NOT_FOLLOWED,CONTRIBUTES_TO,EVT:TRAINING_OR_CURRENCY_GAP,1
EVT:PROCEDURE_NOT_FOLLOWED,CAUSES,EVT:TRAINING_OR_CURRENCY_GAP,1
EVT:PROCEDURE_NOT_FOLLOWED,CAUSES,EVT:ATC_OR_DISPATCH_INADEQUATE,3
EVT:PROCEDURE_NOT_FOLLOWED,CONTRIBUTES_TO,EVT:ATC_OR_DISPATCH_INADEQUATE,1
EVT:PROCEDURE_NOT_FOLLOWED,TRIGGERS,EVT:ATC_OR_DISPATCH_INADEQUATE,1
EVT:PROCEDURE_NOT_FOLLOWED,RESPONDS_TO,EVT:ATC_OR_DISPATCH_INADEQUATE,2
EVT:PROCEDURE_NOT_FOLLOWED,CAUSES,COND:instrument_error,1
EVT:PROCEDURE_NOT_FOLLOWED,CAUSES,COND:fuel_flow,1
EVT:PROCEDURE_NOT_FOLLOWED,INDUCED_CONDITION,COND:latent_defect,5
EVT:PROCEDURE_NOT_FOLLOWED,CAUSES,COND:latent_defect,9
EVT:PROCEDURE_NOT_FOLLOWED,ENABLES,COND:latent_defect,5
EVT:PROCEDURE_NOT_FOLLOWED,UNDER_CONDITION,COND:latent_defect,2
EVT:PROCEDURE_NOT_FOLLOWED,MASKED_BY_CONDITION,COND:latent_defect,1
EVT:PROCEDURE_NOT_FOLLOWED,CONTRIBUTES_TO,COND:latent_defect,1
EVT:PROCEDURE_NOT_FOLLOWED,RESPONDS_TO,ENT:person,1
EVT:PROCEDURE_NOT_FOLLOWED,UNDER_CONDITION,ENT:person,4
EVT:PROCEDURE_NOT_FOLLOWED,SUPERVISED_BY,ENT:person,1
EVT:PROCEDURE_NOT_FOLLOWED,PERFORMED_BY,ENT:person,1
EVT:PROCEDURE_NOT_FOLLOWED,MASKED_BY_CONDITION,COND:infrastructure,1
EVT:PROCEDURE_NOT_FOLLOWED,UNDER_CONDITION,COND:infrastructure,7
EVT:PROCEDURE_NOT_FOLLOWED,CONTRIBUTES_TO,EVT:GROUND_ROLLOVER,1
EVT:PROCEDURE_NOT_FOLLOWED,CAUSES,COND:visual,1
EVT:PROCEDURE_NOT_FOLLOWED,ENABLES,COND:visual,1
EVT:PROCEDURE_NOT_FOLLOWED,UNDER_CONDITION,COND:visual,1
EVT:PROCEDURE_NOT_FOLLOWED,UNDER_CONDITION,COND:aircraft_state,1
EVT:PROCEDURE_NOT_FOLLOWED,CONTRIBUTES_TO,COND:aircraft_state,1
EVT:PROCEDURE_NOT_FOLLOWED,CAUSES,COND:aircraft_state,1
EVT:PROCEDURE_NOT_FOLLOWED,INDUCED_CONDITION,COND:situational,1
EVT:PROCEDURE_NOT_FOLLOWED,UNDER_CONDITION,COND:situational,1
EVT:PROCEDURE_NOT_FOLLOWED,INDUCED_CONDITION,COND:human_performance,1
EVT:PROCEDURE_NOT_FOLLOWED,UNDER_CONDITION,COND:human_performance,1
EVT:PROCEDURE_NOT_FOLLOWED,CAUSES,COND:human_performance,1
EVT:PROCEDURE_NOT_FOLLOWED,CAUSES,EVT:STRUCTURAL_OVERLOAD,12
EVT:PROCEDURE_NOT_FOLLOWED,CONTRIBUTES_TO,EVT:STRUCTURAL_OVERLOAD,4
EVT:PROCEDURE_NOT_FOLLOWED,INDUCED_CONDITION,COND:psychological,1
EVT:PROCEDURE_NOT_FOLLOWED,CONTRIBUTES_TO,EVT:PILOT_INCAPACITATION_OR_IMPAIRMENT,4
EVT:PROCEDURE_NOT_FOLLOWED,CAUSES,EVT:PILOT_INCAPACITATION_OR_IMPAIRMENT,2
EVT:PROCEDURE_NOT_FOLLOWED,PRECEDES,EVT:PILOT_INCAPACITATION_OR_IMPAIRMENT,1
EVT:PROCEDURE_NOT_FOLLOWED,UNDER_CONDITION,COND:pilot_qualification,1
EVT:PROCEDURE_NOT_FOLLOWED,CONTRIBUTES_TO,EVT:ORG_OR_REGULATORY_INADEQUATE,1
EVT:PROCEDURE_NOT_FOLLOWED,CAUSES,EVT:ORG_OR_REGULATORY_INADEQUATE,1
EVT:PROCEDURE_NOT_FOLLOWED,CAUSES,COND:weight_and_balance,3
EVT:PROCEDURE_NOT_FOLLOWED,CAUSES,COND:instrument,1
EVT:PROCEDURE_NOT_FOLLOWED,MASKED_BY_CONDITION,COND:instrument,1
EVT:PROCEDURE_NOT_FOLLOWED,ENABLES,COND:physiological,2
EVT:PROCEDURE_NOT_FOLLOWED,CAUSES,COND:physiological,2
EVT:PROCEDURE_NOT_FOLLOWED,CAUSES,COND:physical,2
EVT:PROCEDURE_NOT_FOLLOWED,INDUCED_CONDITION,COND:physical,2
EVT:PROCEDURE_NOT_FOLLOWED,UNDER_CONDITION,COND:physical,1
EVT:PROCEDURE_NOT_FOLLOWED,CAUSES,COND:latent,4
EVT:PROCEDURE_NOT_FOLLOWED,INDUCED_CONDITION,COND:latent,2
EVT:PROCEDURE_NOT_FOLLOWED,CAUSES,COND:state,1
EVT:PROCEDURE_NOT_FOLLOWED,INDUCED_CONDITION,COND:state,1
EVT:PROCEDURE_NOT_FOLLOWED,UNDER_CONDITION,COND:navigation,1
EVT:PROCEDURE_NOT_FOLLOWED,CAUSES,COND:equipment_status,1
EVT:PROCEDURE_NOT_FOLLOWED,INDUCED_CONDITION,COND:behavioral,2
EVT:PROCEDURE_NOT_FOLLOWED,PREVENTS,COND:behavioral,1
EVT:PROCEDURE_NOT_FOLLOWED,CAUSES,EVT:ELECTRICAL_SYSTEM_FAILURE,1
EVT:PROCEDURE_NOT_FOLLOWED,RESPONDS_TO,EVT:THUNDERSTORM_OR_CONVECTIVE,1
EVT:PROCEDURE_NOT_FOLLOWED,CAUSES,COND:system_state,1
EVT:PROCEDURE_NOT_FOLLOWED,CAUSES,COND:pilot,1
EVT:PROCEDURE_NOT_FOLLOWED,UNDER_CONDITION,COND:pilot,1
EVT:PROCEDURE_NOT_FOLLOWED,UNDER_CONDITION,COND:perceptual,1
EVT:PROCEDURE_NOT_FOLLOWED,TRIGGERS,COND:perceptual,1
EVT:PROCEDURE_NOT_FOLLOWED,CAUSES,COND:weight_balance,1
EVT:PROCEDURE_NOT_FOLLOWED,CAUSES,COND:performance,2
EVT:PROCEDURE_NOT_FOLLOWED,CAUSES,EVT:GROUND_COLLISION_RISK,1
EVT:PROCEDURE_NOT_FOLLOWED,INDUCED_CONDITION,COND:procedural_violation,2
EVT:PROCEDURE_NOT_FOLLOWED,INDUCED_CONDITION,COND:structural,1
EVT:PROCEDURE_NOT_FOLLOWED,CONTRIBUTES_TO,COND:structural,1
EVT:PROCEDURE_NOT_FOLLOWED,CAUSES,COND:structural,1
EVT:PROCEDURE_NOT_FOLLOWED,CAUSES,COND:fuel_starvation,1
EVT:PROCEDURE_NOT_FOLLOWED,UNDER_CONDITION,COND:surface,4
EVT:PROCEDURE_NOT_FOLLOWED,UNDER_CONDITION,COND:obstacle,1
EVT:PROCEDURE_NOT_FOLLOWED,ENABLES,COND:traffic,1
EVT:PROCEDURE_NOT_FOLLOWED,UNDER_CONDITION,COND:ergonomic,1
EVT:PROCEDURE_NOT_FOLLOWED,CAUSES,EVT:LANDING_WITH_IMPROPER_CONFIG,1
EVT:PROCEDURE_NOT_FOLLOWED,CAUSES,EVT:AERODYNAMIC_STATE_CHANGE,1
EVT:PROCEDURE_NOT_FOLLOWED,CAUSES,COND:contamination,1
EVT:PROCEDURE_NOT_FOLLOWED,UNDER_CONDITION,COND:training_scenario,1
EVT:PROCEDURE_NOT_FOLLOWED,CAUSES,EVT:EXTERNAL_OBJECT_STRIKE,1
EVT:PROCEDURE_NOT_FOLLOWED,TRIGGERS,EVT:FLIGHT_CONTROL_ANOMALY,1
EVT:PROCEDURE_NOT_FOLLOWED,CAUSES,EVT:HYDRAULIC_FAILURE,1
EVT:PROCEDURE_NOT_FOLLOWED,TRIGGERS,EVT:HYDRAULIC_SYSTEM_FAILURE,1
EVT:PROCEDURE_NOT_FOLLOWED,CAUSES,EVT:RUNWAY_INCURSION,2
EVT:PROCEDURE_NOT_FOLLOWED,CONTRIBUTES_TO,COND:performance_limitation,1
EVT:PROCEDURE_NOT_FOLLOWED,CAUSES,EVT:TAXIING_INCIDENT,1
EVT:PROCEDURE_NOT_FOLLOWED,CONTRIBUTES_TO,EVT:TAXIING_INCIDENT,1
EVT:PROCEDURE_NOT_FOLLOWED,CAUSES,EVT:BRAKE_ANOMALY,1
EVT:PROCEDURE_NOT_FOLLOWED,UNDER_CONDITION,COND:formation,1
EVT:PROCEDURE_NOT_FOLLOWED,CAUSES,COND:training_or_currency_gap,1
EVT:PROCEDURE_NOT_FOLLOWED,ENABLES,COND:infrastructure_defect,1
EVT:PROCEDURE_NOT_FOLLOWED,CAUSES,EVT:GROUND_RESONANCE,1
EVT:PROCEDURE_NOT_FOLLOWED,CAUSES,COND:wake_turbulence,1
EVT:PROCEDURE_NOT_FOLLOWED,INDUCED_CONDITION,COND:electrical,1
EVT:PROCEDURE_NOT_FOLLOWED,CAUSES,EVT:GROUND_DAMAGE,1
EVT:PROCEDURE_NOT_FOLLOWED,PRECEDES,EVT:COMMUNICATION_FAILURE,1
EVT:PROCEDURE_NOT_FOLLOWED,CAUSES,COND:unknown,1
EVT:PROCEDURE_NOT_FOLLOWED,RESPONDS_TO,ENT:infrastructure,1
EVT:PROCEDURE_NOT_FOLLOWED,CONTRIBUTES_TO,EVT:TIRE_FAILURE,1
EVT:PROCEDURE_NOT_FOLLOWED,CAUSES,COND:maintenance,1
EVT:PROCEDURE_NOT_FOLLOWED,INDUCED_CONDITION,COND:system,1
EVT:PROCEDURE_NOT_FOLLOWED,CAUSES,ENT:vehicle,1
EVT:DECISION_INAPPROPRIATE,CAUSES,EVT:ICING_ENCOUNTER,91
EVT:DECISION_INAPPROPRIATE,CONTRIBUTES_TO,EVT:ICING_ENCOUNTER,2
EVT:DECISION_INAPPROPRIATE,ENABLES,EVT:ICING_ENCOUNTER,1
EVT:DECISION_INAPPROPRIATE,UNDER_CONDITION,COND:human_factors,8
EVT:DECISION_INAPPROPRIATE,INDUCED_CONDITION,COND:human_factors,8
EVT:DECISION_INAPPROPRIATE,INHIBITS,COND:human_factors,1
EVT:DECISION_INAPPROPRIATE,ENABLES,COND:human_factors,3
EVT:DECISION_INAPPROPRIATE,CAUSES,COND:human_factors,5
EVT:DECISION_INAPPROPRIATE,CONTRIBUTES_TO,COND:human_factors,3
EVT:DECISION_INAPPROPRIATE,UNDER_CONDITION,COND:weather,824
EVT:DECISION_INAPPROPRIATE,RESPONDS_TO,COND:weather,29
EVT:DECISION_INAPPROPRIATE,MASKED_BY_CONDITION,COND:weather,6
EVT:DECISION_INAPPROPRIATE,CAUSES,COND:weather,26
EVT:DECISION_INAPPROPRIATE,IF_THEN,COND:weather,4
EVT:DECISION_INAPPROPRIATE,INDUCED_CONDITION,COND:weather,17
EVT:DECISION_INAPPROPRIATE,ENABLES,COND:weather,13
EVT:DECISION_INAPPROPRIATE,IGNORES,COND:weather,1
EVT:DECISION_INAPPROPRIATE,CONTRIBUTES_TO,COND:weather,3
EVT:DECISION_INAPPROPRIATE,CONCURRENT,COND:weather,1
EVT:DECISION_INAPPROPRIATE,RESPONDS_TO,EVT:CONTROL_INPUT_IMPROPER,47
EVT:DECISION_INAPPROPRIATE,CAUSES,EVT:CONTROL_INPUT_IMPROPER,1155
EVT:DECISION_INAPPROPRIATE,CONTRIBUTES_TO,EVT:CONTROL_INPUT_IMPROPER,319
EVT:DECISION_INAPPROPRIATE,TRIGGERS,EVT:CONTROL_INPUT_IMPROPER,92
EVT:DECISION_INAPPROPRIATE,PRECEDES,EVT:CONTROL_INPUT_IMPROPER,25
EVT:DECISION_INAPPROPRIATE,CONCURRENT,EVT:CONTROL_INPUT_IMPROPER,40
EVT:DECISION_INAPPROPRIATE,ENABLES,EVT:CONTROL_INPUT_IMPROPER,11
EVT:DECISION_INAPPROPRIATE,UNDER_CONDITION,COND:organizational,46
EVT:DECISION_INAPPROPRIATE,CAUSES,COND:organizational,25
EVT:DECISION_INAPPROPRIATE,RESPONDS_TO,COND:organizational,2
EVT:DECISION_INAPPROPRIATE,INDUCED_CONDITION,COND:organizational,10
EVT:DECISION_INAPPROPRIATE,INHIBITS,COND:organizational,7
EVT:DECISION_INAPPROPRIATE,CONTRIBUTES_TO,COND:organizational,3
EVT:DECISION_INAPPROPRIATE,CONCURRENT,COND:organizational,3
EVT:DECISION_INAPPROPRIATE,RESPONDS_TO,COND:environmental,21
EVT:DECISION_INAPPROPRIATE,INDUCED_CONDITION,COND:environmental,76
EVT:DECISION_INAPPROPRIATE,UNDER_CONDITION,COND:environmental,719
EVT:DECISION_INAPPROPRIATE,CAUSES,COND:environmental,78
EVT:DECISION_INAPPROPRIATE,ENABLES,COND:environmental,20
EVT:DECISION_INAPPROPRIATE,CONCURRENT,COND:environmental,5
EVT:DECISION_INAPPROPRIATE,MAINTAINS,COND:environmental,1
EVT:DECISION_INAPPROPRIATE,MASKED_BY_CONDITION,COND:environmental,2
EVT:DECISION_INAPPROPRIATE,CONTRIBUTES_TO,COND:environmental,5
EVT:DECISION_INAPPROPRIATE,IF_THEN,COND:environmental,3
EVT:DECISION_INAPPROPRIATE,DETECTS,COND:environmental,1
EVT:DECISION_INAPPROPRIATE,INHIBITS,COND:environmental,2
EVT:DECISION_INAPPROPRIATE,CAUSES,EVT:RUNWAY_EXCURSION_OR_OVERRUN,632
EVT:DECISION_INAPPROPRIATE,CONTRIBUTES_TO,EVT:RUNWAY_EXCURSION_OR_OVERRUN,75
EVT:DECISION_INAPPROPRIATE,CAUSES,COND:terrain,7
EVT:DECISION_INAPPROPRIATE,UNDER_CONDITION,COND:terrain,191
EVT:DECISION_INAPPROPRIATE,IF_THEN,COND:terrain,1
EVT:DECISION_INAPPROPRIATE,INDUCED_CONDITION,COND:terrain,5
EVT:DECISION_INAPPROPRIATE,ENABLES,COND:terrain,3
EVT:DECISION_INAPPROPRIATE,MASKED_BY_CONDITION,COND:terrain,1
EVT:DECISION_INAPPROPRIATE,RESPONDS_TO,COND:terrain,5
EVT:DECISION_INAPPROPRIATE,INHIBITS,COND:terrain,1
EVT:DECISION_INAPPROPRIATE,CONTRIBUTES_TO,EVT:PERCEPTION_FAILURE,113
EVT:DECISION_INAPPROPRIATE,CAUSES,EVT:PERCEPTION_FAILURE,239
EVT:DECISION_INAPPROPRIATE,CONCURRENT,EVT:PERCEPTION_FAILURE,10
EVT:DECISION_INAPPROPRIATE,TRIGGERS,EVT:PERCEPTION_FAILURE,1
EVT:DECISION_INAPPROPRIATE,INHIBITS,EVT:PERCEPTION_FAILURE,1
EVT:DECISION_INAPPROPRIATE,ENABLES,EVT:PERCEPTION_FAILURE,1
EVT:DECISION_INAPPROPRIATE,PRECEDES,EVT:PERCEPTION_FAILURE,4
EVT:DECISION_INAPPROPRIATE,CONTRIBUTES_TO,EVT:WIND_SHEAR_OR_GUST,22
EVT:DECISION_INAPPROPRIATE,CAUSES,EVT:WIND_SHEAR_OR_GUST,57
EVT:DECISION_INAPPROPRIATE,PRECEDES,EVT:WIND_SHEAR_OR_GUST,3
EVT:DECISION_INAPPROPRIATE,ENABLES,EVT:WIND_SHEAR_OR_GUST,13
EVT:DECISION_INAPPROPRIATE,CONCURRENT,EVT:WIND_SHEAR_OR_GUST,10
EVT:DECISION_INAPPROPRIATE,IF_THEN,EVT:WIND_SHEAR_OR_GUST,1
EVT:DECISION_INAPPROPRIATE,CAUSES,EVT:GROUND_IMPACT,2239
EVT:DECISION_INAPPROPRIATE,CONTRIBUTES_TO,EVT:GROUND_IMPACT,190
EVT:DECISION_INAPPROPRIATE,CONCURRENT,EVT:GROUND_IMPACT,6
EVT:DECISION_INAPPROPRIATE,CAUSES,EVT:PILOT_INCAPACITATION_OR_IMPAIRMENT,8
EVT:DECISION_INAPPROPRIATE,CONTRIBUTES_TO,EVT:PILOT_INCAPACITATION_OR_IMPAIRMENT,6
EVT:DECISION_INAPPROPRIATE,ENABLES,EVT:PILOT_INCAPACITATION_OR_IMPAIRMENT,1
EVT:DECISION_INAPPROPRIATE,CONCURRENT,EVT:PILOT_INCAPACITATION_OR_IMPAIRMENT,1
EVT:DECISION_INAPPROPRIATE,CAUSES,EVT:DECISION_INAPPROPRIATE,147
EVT:DECISION_INAPPROPRIATE,CONCURRENT,EVT:DECISION_INAPPROPRIATE,22
EVT:DECISION_INAPPROPRIATE,CONTRIBUTES_TO,EVT:DECISION_INAPPROPRIATE,69
EVT:DECISION_INAPPROPRIATE,PRECEDES,EVT:DECISION_INAPPROPRIATE,13
EVT:DECISION_INAPPROPRIATE,RESPONDS_TO,EVT:DECISION_INAPPROPRIATE,4
EVT:DECISION_INAPPROPRIATE,TRIGGERS,EVT:DECISION_INAPPROPRIATE,5
EVT:DECISION_INAPPROPRIATE,UNDER_CONDITION,COND:physiological,13
EVT:DECISION_INAPPROPRIATE,INDUCED_CONDITION,COND:physiological,8
EVT:DECISION_INAPPROPRIATE,CAUSES,COND:physiological,13
EVT:DECISION_INAPPROPRIATE,ENABLES,COND:physiological,2
EVT:DECISION_INAPPROPRIATE,CAUSES,EVT:TERRAIN_OR_OBSTACLE_PROXIMITY,243
EVT:DECISION_INAPPROPRIATE,CONCURRENT,EVT:TERRAIN_OR_OBSTACLE_PROXIMITY,1
EVT:DECISION_INAPPROPRIATE,CONTRIBUTES_TO,EVT:TERRAIN_OR_OBSTACLE_PROXIMITY,17
EVT:DECISION_INAPPROPRIATE,MITIGATES,EVT:TERRAIN_OR_OBSTACLE_PROXIMITY,1
EVT:DECISION_INAPPROPRIATE,CAUSES,COND:mechanical,935
EVT:DECISION_INAPPROPRIATE,INDUCED_CONDITION,COND:mechanical,64
EVT:DECISION_INAPPROPRIATE,ENABLES,COND:mechanical,47
EVT:DECISION_INAPPROPRIATE,UNDER_CONDITION,COND:mechanical,93
EVT:DECISION_INAPPROPRIATE,MITIGATES,COND:mechanical,2
EVT:DECISION_INAPPROPRIATE,CONTRIBUTES_TO,COND:mechanical,27
EVT:DECISION_INAPPROPRIATE,INHIBITS,COND:mechanical,5
EVT:DECISION_INAPPROPRIATE,RESPONDS_TO,COND:mechanical,5
EVT:DECISION_INAPPROPRIATE,CONCURRENT,COND:mechanical,1
EVT:DECISION_INAPPROPRIATE,MASKED_BY_CONDITION,COND:mechanical,3
EVT:DECISION_INAPPROPRIATE,TRIGGERS,COND:mechanical,1
EVT:DECISION_INAPPROPRIATE,CAUSES,EVT:ENGINE_FAILURE,147
EVT:DECISION_INAPPROPRIATE,CONTRIBUTES_TO,EVT:ENGINE_FAILURE,85
EVT:DECISION_INAPPROPRIATE,TRIGGERS,EVT:ENGINE_FAILURE,23
EVT:DECISION_INAPPROPRIATE,CONCURRENT,EVT:ENGINE_FAILURE,26
EVT:DECISION_INAPPROPRIATE,ENABLES,EVT:ENGINE_FAILURE,7
EVT:DECISION_INAPPROPRIATE,INHIBITS,EVT:ENGINE_FAILURE,2
EVT:DECISION_INAPPROPRIATE,IF_THEN,EVT:ENGINE_FAILURE,1
EVT:DECISION_INAPPROPRIATE,RESPONDS_TO,EVT:ENGINE_FAILURE,1
EVT:DECISION_INAPPROPRIATE,CAUSES,EVT:FUEL_SYSTEM_ANOMALY,69
EVT:DECISION_INAPPROPRIATE,CONTRIBUTES_TO,EVT:FUEL_SYSTEM_ANOMALY,10
EVT:DECISION_INAPPROPRIATE,ENABLES,EVT:FUEL_SYSTEM_ANOMALY,2
EVT:DECISION_INAPPROPRIATE,TRIGGERS,EVT:FUEL_SYSTEM_ANOMALY,1
EVT:DECISION_INAPPROPRIATE,CONCURRENT,EVT:FUEL_SYSTEM_ANOMALY,1
EVT:DECISION_INAPPROPRIATE,CAUSES,COND:aircraft_state,8
EVT:DECISION_INAPPROPRIATE,UNDER_CONDITION,COND:aircraft_state,4
EVT:DECISION_INAPPROPRIATE,INDUCED_CONDITION,COND:aircraft_state,3
EVT:DECISION_INAPPROPRIATE,CONTRIBUTES_TO,COND:aircraft_state,2
EVT:DECISION_INAPPROPRIATE,CAUSES,EVT:STALL,191
EVT:DECISION_INAPPROPRIATE,CONTRIBUTES_TO,EVT:STALL,32
EVT:DECISION_INAPPROPRIATE,CAUSES,EVT:ALTITUDE_DEVIATION_UNCONTROLLED,150
EVT:DECISION_INAPPROPRIATE,CONTRIBUTES_TO,EVT:ALTITUDE_DEVIATION_UNCONTROLLED,20
EVT:DECISION_INAPPROPRIATE,CONTRIBUTES_TO,EVT:AIRFRAME_STRUCTURAL_FAILURE,4
EVT:DECISION_INAPPROPRIATE,CAUSES,EVT:AIRFRAME_STRUCTURAL_FAILURE,6
EVT:DECISION_INAPPROPRIATE,TRIGGERS,EVT:AIRFRAME_STRUCTURAL_FAILURE,1
EVT:DECISION_INAPPROPRIATE,CONCURRENT,EVT:AIRFRAME_STRUCTURAL_FAILURE,1
EVT:DECISION_INAPPROPRIATE,UNDER_CONDITION,COND:surface,6
EVT:DECISION_INAPPROPRIATE,RESPONDS_TO,EVT:PROCEDURE_NOT_FOLLOWED,23
EVT:DECISION_INAPPROPRIATE,CONTRIBUTES_TO,EVT:PROCEDURE_NOT_FOLLOWED,71
EVT:DECISION_INAPPROPRIATE,CAUSES,EVT:PROCEDURE_NOT_FOLLOWED,534
EVT:DECISION_INAPPROPRIATE,TRIGGERS,EVT:PROCEDURE_NOT_FOLLOWED,33
EVT:DECISION_INAPPROPRIATE,CONCURRENT,EVT:PROCEDURE_NOT_FOLLOWED,36
EVT:DECISION_INAPPROPRIATE,PRECEDES,EVT:PROCEDURE_NOT_FOLLOWED,33
EVT:DECISION_INAPPROPRIATE,ENABLES,EVT:PROCEDURE_NOT_FOLLOWED,5
EVT:DECISION_INAPPROPRIATE,INHIBITS,EVT:PROCEDURE_NOT_FOLLOWED,1
EVT:DECISION_INAPPROPRIATE,IF_THEN,EVT:PROCEDURE_NOT_FOLLOWED,1
EVT:DECISION_INAPPROPRIATE,INDUCED_CONDITION,COND:weight_and_balance,4
EVT:DECISION_INAPPROPRIATE,CAUSES,COND:weight_and_balance,10
EVT:DECISION_INAPPROPRIATE,UNDER_CONDITION,COND:weight_and_balance,1
EVT:DECISION_INAPPROPRIATE,ENABLES,EVT:CONTROL_SURFACE_ANOMALY,3
EVT:DECISION_INAPPROPRIATE,CONTRIBUTES_TO,EVT:CONTROL_SURFACE_ANOMALY,2
EVT:DECISION_INAPPROPRIATE,CAUSES,EVT:CONTROL_SURFACE_ANOMALY,5
EVT:DECISION_INAPPROPRIATE,UNDER_CONDITION,COND:mental,1
EVT:DECISION_INAPPROPRIATE,CAUSES,EVT:LOSS_OF_CONTROL_GROUND,151
EVT:DECISION_INAPPROPRIATE,CONTRIBUTES_TO,EVT:LOSS_OF_CONTROL_GROUND,37
EVT:DECISION_INAPPROPRIATE,CONCURRENT,EVT:LOSS_OF_CONTROL_GROUND,1
EVT:DECISION_INAPPROPRIATE,ENABLES,EVT:LOSS_OF_CONTROL_GROUND,1
EVT:DECISION_INAPPROPRIATE,CAUSES,EVT:LOW_VISIBILITY_OR_IMC,241
EVT:DECISION_INAPPROPRIATE,CONTRIBUTES_TO,EVT:LOW_VISIBILITY_OR_IMC,11
EVT:DECISION_INAPPROPRIATE,UNDER_CONDITION,EVT:LOW_VISIBILITY_OR_IMC,2
EVT:DECISION_INAPPROPRIATE,TRIGGERS,EVT:LOW_VISIBILITY_OR_IMC,1
EVT:DECISION_INAPPROPRIATE,CAUSES,EVT:LOSS_OF_CONTROL_INFLIGHT,301
EVT:DECISION_INAPPROPRIATE,CONTRIBUTES_TO,EVT:LOSS_OF_CONTROL_INFLIGHT,49
EVT:DECISION_INAPPROPRIATE,ENABLES,EVT:LOSS_OF_CONTROL_INFLIGHT,1
EVT:DECISION_INAPPROPRIATE,PRECEDES,EVT:LOSS_OF_CONTROL_INFLIGHT,2
EVT:DECISION_INAPPROPRIATE,CAUSES,COND:fuel_state,86
EVT:DECISION_INAPPROPRIATE,CONTRIBUTES_TO,COND:fuel_state,3
EVT:DECISION_INAPPROPRIATE,UNDER_CONDITION,COND:fuel_state,1
EVT:DECISION_INAPPROPRIATE,INDUCED_CONDITION,COND:fuel_state,1
EVT:DECISION_INAPPROPRIATE,INDUCED_CONDITION,COND:psychological,4
EVT:DECISION_INAPPROPRIATE,CAUSES,COND:psychological,1
EVT:DECISION_INAPPROPRIATE,UNDER_CONDITION,COND:psychological,1
EVT:DECISION_INAPPROPRIATE,INDUCED_CONDITION,COND:situational_awareness,6
EVT:DECISION_INAPPROPRIATE,CAUSES,COND:situational_awareness,2
EVT:DECISION_INAPPROPRIATE,MASKED_BY_CONDITION,COND:situational_awareness,1
EVT:DECISION_INAPPROPRIATE,RESPONDS_TO,COND:situational_awareness,1
EVT:DECISION_INAPPROPRIATE,UNDER_CONDITION,COND:situational_awareness,3
EVT:DECISION_INAPPROPRIATE,UNDER_CONDITION,COND:human_factor,17
EVT:DECISION_INAPPROPRIATE,ENABLES,COND:human_factor,2
EVT:DECISION_INAPPROPRIATE,INDUCED_CONDITION,COND:human_factor,5
EVT:DECISION_INAPPROPRIATE,CAUSES,COND:human_factor,1
EVT:DECISION_INAPPROPRIATE,CONTRIBUTES_TO,COND:human_factor,1
EVT:DECISION_INAPPROPRIATE,CAUSES,EVT:RUNWAY_CONDITION_HAZARD,76
EVT:DECISION_INAPPROPRIATE,ENABLES,EVT:RUNWAY_CONDITION_HAZARD,1
EVT:DECISION_INAPPROPRIATE,CONTRIBUTES_TO,EVT:RUNWAY_CONDITION_HAZARD,3
EVT:DECISION_INAPPROPRIATE,CONCURRENT,EVT:RUNWAY_CONDITION_HAZARD,1
EVT:DECISION_INAPPROPRIATE,CAUSES,EVT:WATER_IMPACT,94
EVT:DECISION_INAPPROPRIATE,CONTRIBUTES_TO,EVT:WATER_IMPACT,5
EVT:DECISION_INAPPROPRIATE,CONCURRENT,EVT:WATER_IMPACT,2
EVT:DECISION_INAPPROPRIATE,CAUSES,EVT:EMERGENCY_LANDING,148
EVT:DECISION_INAPPROPRIATE,CONTRIBUTES_TO,EVT:EMERGENCY_LANDING,7
EVT:DECISION_INAPPROPRIATE,PRECEDES,EVT:EMERGENCY_LANDING,1
EVT:DECISION_INAPPROPRIATE,TRIGGERS,EVT:EMERGENCY_LANDING,1
EVT:DECISION_INAPPROPRIATE,RESPONDS_TO,EVT:EMERGENCY_LANDING,1
EVT:DECISION_INAPPROPRIATE,CONTRIBUTES_TO,EVT:LANDING_GEAR_ANOMALY,18
EVT:DECISION_INAPPROPRIATE,CAUSES,EVT:LANDING_GEAR_ANOMALY,57
EVT:DECISION_INAPPROPRIATE,TRIGGERS,EVT:LANDING_GEAR_ANOMALY,4
EVT:DECISION_INAPPROPRIATE,ENABLES,EVT:LANDING_GEAR_ANOMALY,4
EVT:DECISION_INAPPROPRIATE,CONCURRENT,EVT:LANDING_GEAR_ANOMALY,2
EVT:DECISION_INAPPROPRIATE,PRECEDES,EVT:LANDING_GEAR_ANOMALY,1
EVT:DECISION_INAPPROPRIATE,CAUSES,EVT:SPATIAL_DISORIENTATION,92
EVT:DECISION_INAPPROPRIATE,CONTRIBUTES_TO,EVT:SPATIAL_DISORIENTATION,7
EVT:DECISION_INAPPROPRIATE,CAUSES,COND:resource,107
EVT:DECISION_INAPPROPRIATE,CONTRIBUTES_TO,COND:resource,8
EVT:DECISION_INAPPROPRIATE,INDUCED_CONDITION,COND:resource,3
EVT:DECISION_INAPPROPRIATE,UNDER_CONDITION,COND:resource,2
EVT:DECISION_INAPPROPRIATE,CONCURRENT,COND:resource,1
EVT:DECISION_INAPPROPRIATE,CONTRIBUTES_TO,COND:other,2
EVT:DECISION_INAPPROPRIATE,UNDER_CONDITION,COND:other,5
EVT:DECISION_INAPPROPRIATE,CAUSES,COND:other,7
EVT:DECISION_INAPPROPRIATE,INDUCED_CONDITION,COND:other,4
EVT:DECISION_INAPPROPRIATE,CAUSES,COND:training,2
EVT:DECISION_INAPPROPRIATE,UNDER_CONDITION,COND:training,1
EVT:DECISION_INAPPROPRIATE,UNDER_CONDITION,COND:pilot_qualification,7
EVT:DECISION_INAPPROPRIATE,ENABLES,COND:pilot_qualification,1
EVT:DECISION_INAPPROPRIATE,UNDER_CONDITION,COND:information,8
EVT:DECISION_INAPPROPRIATE,CAUSES,COND:information,5
EVT:DECISION_INAPPROPRIATE,INHIBITS,COND:information,1
EVT:DECISION_INAPPROPRIATE,MASKED_BY_CONDITION,COND:information,2
EVT:DECISION_INAPPROPRIATE,CAUSES,EVT:THUNDERSTORM_OR_CONVECTIVE,41
EVT:DECISION_INAPPROPRIATE,CONTRIBUTES_TO,EVT:THUNDERSTORM_OR_CONVECTIVE,2
EVT:DECISION_INAPPROPRIATE,CONCURRENT,EVT:THUNDERSTORM_OR_CONVECTIVE,1
EVT:DECISION_INAPPROPRIATE,CAUSES,COND:operational,47
EVT:DECISION_INAPPROPRIATE,INHIBITS,COND:operational,2
EVT:DECISION_INAPPROPRIATE,UNDER_CONDITION,COND:operational,24
EVT:DECISION_INAPPROPRIATE,INDUCED_CONDITION,COND:operational,35
EVT:DECISION_INAPPROPRIATE,ENABLES,COND:operational,2
EVT:DECISION_INAPPROPRIATE,CONTRIBUTES_TO,COND:operational,3
EVT:DECISION_INAPPROPRIATE,MASKED_BY_CONDITION,COND:operational,1
EVT:DECISION_INAPPROPRIATE,CAUSES,COND:weight,54
EVT:DECISION_INAPPROPRIATE,UNDER_CONDITION,COND:weight,8
EVT:DECISION_INAPPROPRIATE,INDUCED_CONDITION,COND:weight,8
EVT:DECISION_INAPPROPRIATE,MAINTAINS,COND:weight,1
EVT:DECISION_INAPPROPRIATE,RESPONDS_TO,COND:weight,1
EVT:DECISION_INAPPROPRIATE,INDUCED_CONDITION,COND:knowledge,7
EVT:DECISION_INAPPROPRIATE,CONTRIBUTES_TO,COND:knowledge,1
EVT:DECISION_INAPPROPRIATE,CAUSES,COND:knowledge,8
EVT:DECISION_INAPPROPRIATE,UNDER_CONDITION,COND:knowledge,8
EVT:DECISION_INAPPROPRIATE,INHIBITS,COND:knowledge,2
EVT:DECISION_INAPPROPRIATE,MASKED_BY_CONDITION,COND:knowledge,1
EVT:DECISION_INAPPROPRIATE,CONTRIBUTES_TO,EVT:TURBULENCE_ENCOUNTER,19
EVT:DECISION_INAPPROPRIATE,ENABLES,EVT:TURBULENCE_ENCOUNTER,4
EVT:DECISION_INAPPROPRIATE,CAUSES,EVT:TURBULENCE_ENCOUNTER,81
EVT:DECISION_INAPPROPRIATE,CONCURRENT,EVT:TURBULENCE_ENCOUNTER,4
EVT:DECISION_INAPPROPRIATE,UNDER_CONDITION,EVT:TURBULENCE_ENCOUNTER,1
EVT:DECISION_INAPPROPRIATE,RESPONDS_TO,EVT:TURBULENCE_ENCOUNTER,1
EVT:DECISION_INAPPROPRIATE,CAUSES,ENT:location,3
EVT:DECISION_INAPPROPRIATE,UNDER_CONDITION,ENT:location,15
EVT:DECISION_INAPPROPRIATE,RESPONDS_TO,ENT:location,3
EVT:DECISION_INAPPROPRIATE,CO_OCCURS,ENT:location,1
EVT:DECISION_INAPPROPRIATE,UNDER_CONDITION,COND:physical,4
EVT:DECISION_INAPPROPRIATE,CAUSES,COND:physical,4
EVT:DECISION_INAPPROPRIATE,INDUCED_CONDITION,COND:aerodynamic,46
EVT:DECISION_INAPPROPRIATE,UNDER_CONDITION,COND:aerodynamic,11
EVT:DECISION_INAPPROPRIATE,CAUSES,COND:aerodynamic,75
EVT:DECISION_INAPPROPRIATE,CONTRIBUTES_TO,COND:aerodynamic,3
EVT:DECISION_INAPPROPRIATE,CAUSES,EVT:SUCCESSFUL_RECOVERY,36
EVT:DECISION_INAPPROPRIATE,CONTRIBUTES_TO,EVT:SUCCESSFUL_RECOVERY,1
EVT:DECISION_INAPPROPRIATE,CAUSES,EVT:INJURY_OR_FATALITY,7
EVT:DECISION_INAPPROPRIATE,CONTRIBUTES_TO,EVT:INJURY_OR_FATALITY,4
EVT:DECISION_INAPPROPRIATE,MASKED_BY_CONDITION,COND:latent_defect,2
EVT:DECISION_INAPPROPRIATE,CAUSES,COND:latent_defect,2
EVT:DECISION_INAPPROPRIATE,UNDER_CONDITION,COND:latent_defect,4
EVT:DECISION_INAPPROPRIATE,CONCURRENT,COND:latent_defect,1
EVT:DECISION_INAPPROPRIATE,ENABLES,COND:latent_defect,1
EVT:DECISION_INAPPROPRIATE,CAUSES,EVT:STRUCTURAL_OVERLOAD,19
EVT:DECISION_INAPPROPRIATE,CONTRIBUTES_TO,EVT:STRUCTURAL_OVERLOAD,3
EVT:DECISION_INAPPROPRIATE,UNDER_CONDITION,COND:regulatory,9
EVT:DECISION_INAPPROPRIATE,CAUSES,COND:regulatory,2
EVT:DECISION_INAPPROPRIATE,INHIBITS,COND:regulatory,9
EVT:DECISION_INAPPROPRIATE,CO_OCCURS,COND:regulatory,1
EVT:DECISION_INAPPROPRIATE,MASKED_BY_CONDITION,COND:structural,1
EVT:DECISION_INAPPROPRIATE,CAUSES,COND:structural,1
EVT:DECISION_INAPPROPRIATE,UNDER_CONDITION,COND:performance,3
EVT:DECISION_INAPPROPRIATE,CAUSES,COND:performance,8
EVT:DECISION_INAPPROPRIATE,ENABLES,COND:performance,1
EVT:DECISION_INAPPROPRIATE,INDUCED_CONDITION,COND:human,7
EVT:DECISION_INAPPROPRIATE,UNDER_CONDITION,COND:human,10
EVT:DECISION_INAPPROPRIATE,ENABLES,COND:human,1
EVT:DECISION_INAPPROPRIATE,CAUSES,COND:human,2
EVT:DECISION_INAPPROPRIATE,UNDER_CONDITION,COND:infrastructure,16
EVT:DECISION_INAPPROPRIATE,RESPONDS_TO,COND:infrastructure,1
EVT:DECISION_INAPPROPRIATE,ENABLES,COND:infrastructure,1
EVT:DECISION_INAPPROPRIATE,CAUSES,COND:fuel,38
EVT:DECISION_INAPPROPRIATE,CONTRIBUTES_TO,COND:fuel,5
EVT:DECISION_INAPPROPRIATE,UNDER_CONDITION,COND:fuel,1
EVT:DECISION_INAPPROPRIATE,INDUCED_CONDITION,COND:fuel,2
EVT:DECISION_INAPPROPRIATE,INDUCED_CONDITION,COND:cognitive,22
EVT:DECISION_INAPPROPRIATE,CAUSES,COND:cognitive,11
EVT:DECISION_INAPPROPRIATE,UNDER_CONDITION,COND:cognitive,3
EVT:DECISION_INAPPROPRIATE,CONTRIBUTES_TO,COND:cognitive,2
EVT:DECISION_INAPPROPRIATE,INDUCED_CONDITION,COND:spatial,4
EVT:DECISION_INAPPROPRIATE,CAUSES,COND:spatial,9
EVT:DECISION_INAPPROPRIATE,UNDER_CONDITION,COND:spatial,2
EVT:DECISION_INAPPROPRIATE,UNDER_CONDITION,COND:equipment,5
EVT:DECISION_INAPPROPRIATE,MASKED_BY_CONDITION,COND:equipment,1
EVT:DECISION_INAPPROPRIATE,ENABLES,COND:equipment,1
EVT:DECISION_INAPPROPRIATE,UNDER_CONDITION,COND:location,18
EVT:DECISION_INAPPROPRIATE,RESPONDS_TO,COND:location,1
EVT:DECISION_INAPPROPRIATE,CAUSES,COND:location,3
EVT:DECISION_INAPPROPRIATE,ENABLES,COND:location,1
EVT:DECISION_INAPPROPRIATE,UNDER_CONDITION,COND:planning_deficiency,1
EVT:DECISION_INAPPROPRIATE,UNDER_CONDITION,COND:aircraft_configuration,4
EVT:DECISION_INAPPROPRIATE,CAUSES,COND:aircraft_configuration,2
EVT:DECISION_INAPPROPRIATE,INDUCED_CONDITION,COND:aircraft_configuration,1
EVT:DECISION_INAPPROPRIATE,CONTRIBUTES_TO,EVT:MIDAIR_COLLISION,4
EVT:DECISION_INAPPROPRIATE,CAUSES,EVT:MIDAIR_COLLISION,7
EVT:DECISION_INAPPROPRIATE,CAUSES,COND:design,1
EVT:DECISION_INAPPROPRIATE,ENABLES,COND:design,1
EVT:DECISION_INAPPROPRIATE,UNDER_CONDITION,COND:terrain_hazard,1
EVT:DECISION_INAPPROPRIATE,UNDER_CONDITION,COND:altitude,4
EVT:DECISION_INAPPROPRIATE,INDUCED_CONDITION,COND:altitude,2
EVT:DECISION_INAPPROPRIATE,CAUSES,EVT:GROUND_CONTACT,1
EVT:DECISION_INAPPROPRIATE,CAUSES,COND:visibility,1
EVT:DECISION_INAPPROPRIATE,INDUCED_CONDITION,COND:visibility,2
EVT:DECISION_INAPPROPRIATE,UNDER_CONDITION,COND:visibility,2
EVT:DECISION_INAPPROPRIATE,RESPONDS_TO,COND:visibility,1
EVT:DECISION_INAPPROPRIATE,RESPONDS_TO,ENT:person,2
EVT:DECISION_INAPPROPRIATE,UNDER_CONDITION,ENT:person,2
EVT:DECISION_INAPPROPRIATE,INDUCED_CONDITION,COND:latent,2
EVT:DECISION_INAPPROPRIATE,UNDER_CONDITION,COND:latent,1
EVT:DECISION_INAPPROPRIATE,CAUSES,EVT:INFLIGHT_FIRE_OR_SMOKE,6
EVT:DECISION_INAPPROPRIATE,CONTRIBUTES_TO,EVT:INFLIGHT_FIRE_OR_SMOKE,5
EVT:DECISION_INAPPROPRIATE,CONCURRENT,EVT:INFLIGHT_FIRE_OR_SMOKE,1
EVT:DECISION_INAPPROPRIATE,INDUCED_CONDITION,COND:decision,1
EVT:DECISION_INAPPROPRIATE,CAUSES,EVT:INSTRUMENT_OR_AVIONICS_FAILURE,5
EVT:DECISION_INAPPROPRIATE,ENABLES,EVT:INSTRUMENT_OR_AVIONICS_FAILURE,1
EVT:DECISION_INAPPROPRIATE,CONTRIBUTES_TO,EVT:INSTRUMENT_OR_AVIONICS_FAILURE,3
EVT:DECISION_INAPPROPRIATE,PRECEDES,EVT:INSTRUMENT_OR_AVIONICS_FAILURE,1
EVT:DECISION_INAPPROPRIATE,TRIGGERS,EVT:INSTRUMENT_OR_AVIONICS_FAILURE,1
EVT:DECISION_INAPPROPRIATE,CAUSES,COND:procedural,5
EVT:DECISION_INAPPROPRIATE,UNDER_CONDITION,COND:procedural,1
EVT:DECISION_INAPPROPRIATE,INHIBITS,COND:procedural,2
EVT:DECISION_INAPPROPRIATE,CONCURRENT,COND:procedural,1
EVT:DECISION_INAPPROPRIATE,INDUCED_CONDITION,COND:procedural,5
EVT:DECISION_INAPPROPRIATE,UNDER_CONDITION,COND:crew,1
EVT:DECISION_INAPPROPRIATE,CAUSES,COND:crew,1
EVT:DECISION_INAPPROPRIATE,INDUCED_CONDITION,COND:visual,1
EVT:DECISION_INAPPROPRIATE,UNDER_CONDITION,COND:visual,2
EVT:DECISION_INAPPROPRIATE,CAUSES,COND:state,2
EVT:DECISION_INAPPROPRIATE,UNDER_CONDITION,COND:state,1
EVT:DECISION_INAPPROPRIATE,TRIGGERS,EVT:GROUND_PERSONNEL_ERROR,1
EVT:DECISION_INAPPROPRIATE,CAUSES,EVT:GROUND_PERSONNEL_ERROR,2
EVT:DECISION_INAPPROPRIATE,ENABLES,EVT:GROUND_PERSONNEL_ERROR,3
EVT:DECISION_INAPPROPRIATE,CONTRIBUTES_TO,EVT:GROUND_PERSONNEL_ERROR,1
EVT:DECISION_INAPPROPRIATE,CONCURRENT,EVT:GROUND_PERSONNEL_ERROR,2
EVT:DECISION_INAPPROPRIATE,RESPONDS_TO,EVT:GROUND_PERSONNEL_ERROR,1
EVT:DECISION_INAPPROPRIATE,CAUSES,EVT:BIRD_OR_WILDLIFE_STRIKE,8
EVT:DECISION_INAPPROPRIATE,CONTRIBUTES_TO,EVT:BIRD_OR_WILDLIFE_STRIKE,1
EVT:DECISION_INAPPROPRIATE,ENABLES,EVT:BIRD_OR_WILDLIFE_STRIKE,1
EVT:DECISION_INAPPROPRIATE,CONCURRENT,EVT:BIRD_OR_WILDLIFE_STRIKE,1
EVT:DECISION_INAPPROPRIATE,CAUSES,EVT:TAKEOFF,7
EVT:DECISION_INAPPROPRIATE,CAUSES,COND:spatial_disorientation,2
EVT:DECISION_INAPPROPRIATE,CAUSES,COND:aircraft_performance,2
EVT:DECISION_INAPPROPRIATE,UNDER_CONDITION,COND:aircraft_performance,1
EVT:DECISION_INAPPROPRIATE,CAUSES,EVT:GROUND_COLLISION,8
EVT:DECISION_INAPPROPRIATE,ENABLES,EVT:GROUND_COLLISION,1
EVT:DECISION_INAPPROPRIATE,UNDER_CONDITION,COND:competence,1
EVT:DECISION_INAPPROPRIATE,CAUSES,COND:terrain_obstacle,1
EVT:DECISION_INAPPROPRIATE,UNDER_CONDITION,COND:terrain_obstacle,1
EVT:DECISION_INAPPROPRIATE,CAUSES,COND:maintenance,2
EVT:DECISION_INAPPROPRIATE,UNDER_CONDITION,COND:maintenance,1
EVT:DECISION_INAPPROPRIATE,CAUSES,EVT:CREW_COORDINATION_FAILURE,7
EVT:DECISION_INAPPROPRIATE,INHIBITS,EVT:CREW_COORDINATION_FAILURE,1
EVT:DECISION_INAPPROPRIATE,CONCURRENT,EVT:CREW_COORDINATION_FAILURE,1
EVT:DECISION_INAPPROPRIATE,RESPONDS_TO,EVT:CREW_COORDINATION_FAILURE,1
EVT:DECISION_INAPPROPRIATE,USED,ENT:substance,1
EVT:DECISION_INAPPROPRIATE,CAUSES,EVT:TIRE_FAILURE,1
EVT:DECISION_INAPPROPRIATE,RESPONDS_TO,EVT:AUTOMATION_ANOMALY,1
EVT:DECISION_INAPPROPRIATE,TRIGGERS,EVT:AUTOMATION_ANOMALY,1
EVT:DECISION_INAPPROPRIATE,CAUSES,EVT:AUTOMATION_ANOMALY,1
EVT:DECISION_INAPPROPRIATE,UNDER_CONDITION,COND:obstacle,1
EVT:DECISION_INAPPROPRIATE,CAUSES,COND:aircraft_capability,1
EVT:DECISION_INAPPROPRIATE,TRIGGERS,EVT:BRAKE_FAILURE,1
EVT:DECISION_INAPPROPRIATE,CONCURRENT,EVT:BRAKE_FAILURE,1
EVT:DECISION_INAPPROPRIATE,ENABLES,EVT:BRAKE_FAILURE,1
EVT:DECISION_INAPPROPRIATE,CAUSES,EVT:BRAKE_FAILURE,1
EVT:DECISION_INAPPROPRIATE,RESPONDS_TO,EVT:BRAKE_FAILURE,1
EVT:DECISION_INAPPROPRIATE,INDUCED_CONDITION,COND:weight_balance,1
EVT:DECISION_INAPPROPRIATE,CAUSES,COND:weight_balance,5
EVT:DECISION_INAPPROPRIATE,CAUSES,COND:ergonomic,1
EVT:DECISION_INAPPROPRIATE,UNDER_CONDITION,COND:crew_qualification,1
EVT:DECISION_INAPPROPRIATE,CAUSES,COND:aircraft_loading,1
EVT:DECISION_INAPPROPRIATE,CAUSES,EVT:ATC_OR_DISPATCH_INADEQUATE,1
EVT:DECISION_INAPPROPRIATE,PRECEDES,EVT:ATC_OR_DISPATCH_INADEQUATE,1
EVT:DECISION_INAPPROPRIATE,ENABLES,EVT:ATC_OR_DISPATCH_INADEQUATE,1
EVT:DECISION_INAPPROPRIATE,CONTRIBUTES_TO,EVT:ATC_OR_DISPATCH_INADEQUATE,1
EVT:DECISION_INAPPROPRIATE,RESPONDS_TO,EVT:ATC_OR_DISPATCH_INADEQUATE,4
EVT:DECISION_INAPPROPRIATE,ENABLES,EVT:TAXI_OR_TAKEOFF,1
EVT:DECISION_INAPPROPRIATE,CAUSES,EVT:LANDING,3
EVT:DECISION_INAPPROPRIATE,INDUCED_CONDITION,COND:skill,1
EVT:DECISION_INAPPROPRIATE,UNDER_CONDITION,COND:task,1
EVT:DECISION_INAPPROPRIATE,UNDER_CONDITION,COND:configuration,1
EVT:DECISION_INAPPROPRIATE,INDUCED_CONDITION,COND:configuration,2
EVT:DECISION_INAPPROPRIATE,CAUSES,COND:configuration,1
EVT:DECISION_INAPPROPRIATE,UNDER_CONDITION,COND:fatigue,1
EVT:DECISION_INAPPROPRIATE,INDUCED_CONDITION,COND:training_or_currency_gap,1
EVT:DECISION_INAPPROPRIATE,ENABLES,COND:training_or_currency_gap,1
EVT:DECISION_INAPPROPRIATE,ENABLES,COND:medical,1
EVT:DECISION_INAPPROPRIATE,UNDER_CONDITION,COND:medical,1
EVT:DECISION_INAPPROPRIATE,MASKED_BY_CONDITION,COND:medical,1
EVT:DECISION_INAPPROPRIATE,CAUSES,COND:medical,2
EVT:DECISION_INAPPROPRIATE,CAUSES,COND:resource_depletion,5
EVT:DECISION_INAPPROPRIATE,INDUCED_CONDITION,COND:flight_path,1
EVT:DECISION_INAPPROPRIATE,CAUSES,COND:flight_path,1
EVT:DECISION_INAPPROPRIATE,CONTRIBUTES_TO,EVT:INFLIGHT_BREAKUP,1
EVT:DECISION_INAPPROPRIATE,CAUSES,EVT:INFLIGHT_BREAKUP,1
EVT:DECISION_INAPPROPRIATE,CAUSES,COND:aircraft,1
EVT:DECISION_INAPPROPRIATE,PRECEDES,EVT:MAINTENANCE_INADEQUATE,1
EVT:DECISION_INAPPROPRIATE,CAUSES,EVT:MAINTENANCE_INADEQUATE,1
EVT:DECISION_INAPPROPRIATE,RESPONDS_TO,COND:environmental_hazard,1
EVT:DECISION_INAPPROPRIATE,UNDER_CONDITION,COND:environmental_hazard,2
EVT:DECISION_INAPPROPRIATE,UNDER_CONDITION,COND:perceptual,1
EVT:DECISION_INAPPROPRIATE,CAUSES,COND:perceptual,1
EVT:DECISION_INAPPROPRIATE,CAUSES,EVT:LANDING_IMPROPER,1
EVT:DECISION_INAPPROPRIATE,CONCURRENT,COND:instrument,1
EVT:DECISION_INAPPROPRIATE,UNDER_CONDITION,COND:instrument,2
EVT:DECISION_INAPPROPRIATE,CO_OCCURS,ENT:aircraft,1
EVT:DECISION_INAPPROPRIATE,CAUSES,ENT:aircraft,1
EVT:DECISION_INAPPROPRIATE,CAUSES,EVT:GROUND_INJURY_OR_FATALITY,1
EVT:DECISION_INAPPROPRIATE,CAUSES,EVT:GROUND_EXCURSION,1
EVT:DECISION_INAPPROPRIATE,CONTRIBUTES_TO,EVT:GROUND_INCIDENT,1
EVT:DECISION_INAPPROPRIATE,CAUSES,EVT:GROUND_INCIDENT,1
EVT:DECISION_INAPPROPRIATE,CAUSES,EVT:TAXIING,1
EVT:DECISION_INAPPROPRIATE,CAUSES,EVT:WAKE_TURBULENCE_ENCOUNTER,3
EVT:DECISION_INAPPROPRIATE,CAUSES,EVT:PERFORMANCE_INADEQUATE,1
EVT:DECISION_INAPPROPRIATE,UNDER_CONDITION,COND:wind,2
EVT:DECISION_INAPPROPRIATE,INDUCED_CONDITION,COND:pilot_state,1
EVT:DECISION_INAPPROPRIATE,UNDER_CONDITION,COND:runway,1
EVT:DECISION_INAPPROPRIATE,PRECEDES,EVT:TAXI,1
EVT:DECISION_INAPPROPRIATE,INHIBITS,COND:aircraft_limitation,1
EVT:DECISION_INAPPROPRIATE,CAUSES,EVT:DESCENT,1
EVT:DECISION_INAPPROPRIATE,CAUSES,COND:position,2
EVT:DECISION_INAPPROPRIATE,CONTRIBUTES_TO,COND:human_performance,1
EVT:DECISION_INAPPROPRIATE,UNDER_CONDITION,COND:formation,1
EVT:DECISION_INAPPROPRIATE,CAUSES,EVT:TRAINING_OR_CURRENCY_GAP,1
EVT:DECISION_INAPPROPRIATE,INDUCED_CONDITION,COND:task_load,1
EVT:DECISION_INAPPROPRIATE,CAUSES,COND:situational,1
EVT:DECISION_INAPPROPRIATE,UNDER_CONDITION,COND:unknown,2
EVT:DECISION_INAPPROPRIATE,CAUSES,COND:unknown,1
EVT:DECISION_INAPPROPRIATE,CAUSES,COND:behavioral,1
EVT:DECISION_INAPPROPRIATE,CAUSES,EVT:GROUND_VEER,1
EVT:DECISION_INAPPROPRIATE,INDUCED_CONDITION,COND:crew_resource_management,1
EVT:DECISION_INAPPROPRIATE,INDUCED_CONDITION,COND:flight_phase,1
EVT:DECISION_INAPPROPRIATE,CAUSES,COND:energy_state,1
EVT:DECISION_INAPPROPRIATE,CAUSES,COND:external,1
EVT:DECISION_INAPPROPRIATE,INDUCED_CONDITION,COND:perception,1
EVT:DECISION_INAPPROPRIATE,CAUSES,COND:perception,1
EVT:DECISION_INAPPROPRIATE,CONTRIBUTES_TO,EVT:HYDRAULIC_SYSTEM_FAILURE,1
EVT:DECISION_INAPPROPRIATE,UNDER_CONDITION,COND:mental_state,1
EVT:DECISION_INAPPROPRIATE,ENABLES,COND:operational_limitation,1
EVT:DECISION_INAPPROPRIATE,CAUSES,COND:low_fuel,1
EVT:DECISION_INAPPROPRIATE,UNDER_CONDITION,COND:visual_reference,1
EVT:DECISION_INAPPROPRIATE,RESPONDS_TO,ENT:component,1
EVT:DECISION_INAPPROPRIATE,CAUSES,COND:cg,1
EVT:ICING_ENCOUNTER,CAUSES,EVT:LOSS_OF_CONTROL_INFLIGHT,13
EVT:ICING_ENCOUNTER,UNDER_CONDITION,COND:weather,192
EVT:ICING_ENCOUNTER,INDUCED_CONDITION,COND:weather,13
EVT:ICING_ENCOUNTER,CO_OCCURS,COND:weather,2
EVT:ICING_ENCOUNTER,CAUSES,COND:weather,3
EVT:ICING_ENCOUNTER,INDUCED_CONDITION,COND:mechanical,69
EVT:ICING_ENCOUNTER,ENABLES,COND:mechanical,2
EVT:ICING_ENCOUNTER,CAUSES,COND:mechanical,15
EVT:ICING_ENCOUNTER,UNDER_CONDITION,COND:mechanical,7
EVT:ICING_ENCOUNTER,CONTRIBUTES_TO,COND:mechanical,1
EVT:ICING_ENCOUNTER,CAUSES,EVT:STALL,9
EVT:ICING_ENCOUNTER,CONTRIBUTES_TO,EVT:STALL,2
EVT:ICING_ENCOUNTER,CAUSES,EVT:LANDING_GEAR_ANOMALY,1
EVT:ICING_ENCOUNTER,CAUSES,EVT:ALTITUDE_DEVIATION_UNCONTROLLED,7
EVT:ICING_ENCOUNTER,CONTRIBUTES_TO,EVT:ALTITUDE_DEVIATION_UNCONTROLLED,1
EVT:ICING_ENCOUNTER,RESPONDS_TO,EVT:DECISION_INAPPROPRIATE,4
EVT:ICING_ENCOUNTER,CAUSES,EVT:DECISION_INAPPROPRIATE,6
EVT:ICING_ENCOUNTER,TRIGGERS,EVT:DECISION_INAPPROPRIATE,2
EVT:ICING_ENCOUNTER,CONTRIBUTES_TO,EVT:DECISION_INAPPROPRIATE,1
EVT:ICING_ENCOUNTER,CONTRIBUTES_TO,EVT:CONTROL_INPUT_IMPROPER,3
EVT:ICING_ENCOUNTER,RESPONDS_TO,EVT:CONTROL_INPUT_IMPROPER,1
EVT:ICING_ENCOUNTER,CAUSES,EVT:CONTROL_INPUT_IMPROPER,2
EVT:ICING_ENCOUNTER,CAUSES,EVT:PROCEDURE_NOT_FOLLOWED,2
EVT:ICING_ENCOUNTER,RESPONDS_TO,EVT:PROCEDURE_NOT_FOLLOWED,4
EVT:ICING_ENCOUNTER,CONTEXT,EVT:PROCEDURE_NOT_FOLLOWED,1
EVT:ICING_ENCOUNTER,TRIGGERS,EVT:PROCEDURE_NOT_FOLLOWED,1
EVT:ICING_ENCOUNTER,INDUCED_CONDITION,COND:aerodynamic,7
EVT:ICING_ENCOUNTER,CAUSES,COND:aerodynamic,3
EVT:ICING_ENCOUNTER,CAUSES,EVT:INSTRUMENT_OR_AVIONICS_FAILURE,5
EVT:ICING_ENCOUNTER,CAUSES,EVT:FUEL_SYSTEM_ANOMALY,1
EVT:ICING_ENCOUNTER,CAUSES,EVT:ICING_ENCOUNTER,9
EVT:ICING_ENCOUNTER,CAUSES,EVT:ENGINE_FAILURE,50
EVT:ICING_ENCOUNTER,CONTRIBUTES_TO,EVT:ENGINE_FAILURE,2
EVT:ICING_ENCOUNTER,ENABLES,EVT:ENGINE_FAILURE,1
EVT:ICING_ENCOUNTER,CAUSES,EVT:AIRFRAME_STRUCTURAL_FAILURE,5
EVT:ICING_ENCOUNTER,UNDER_CONDITION,COND:environmental,5
EVT:ICING_ENCOUNTER,INDUCED_CONDITION,COND:environmental,1
EVT:ICING_ENCOUNTER,CONTRIBUTES_TO,EVT:PERCEPTION_FAILURE,1
EVT:ICING_ENCOUNTER,CAUSES,EVT:PERCEPTION_FAILURE,2
EVT:ICING_ENCOUNTER,CONTRIBUTES_TO,EVT:INFLIGHT_BREAKUP,1
EVT:ICING_ENCOUNTER,CAUSES,EVT:SPATIAL_DISORIENTATION,3
EVT:ICING_ENCOUNTER,CONTRIBUTES_TO,EVT:SPATIAL_DISORIENTATION,1
EVT:ICING_ENCOUNTER,CAUSES,EVT:CONTROL_SURFACE_ANOMALY,1
EVT:ICING_ENCOUNTER,CAUSES,EVT:AERODYNAMIC_DEGRADATION,1
EVT:ICING_ENCOUNTER,INDUCED_CONDITION,COND:aircraft_state,1
EVT:ICING_ENCOUNTER,CAUSES,EVT:INFLIGHT_FIRE_OR_SMOKE,2
EVT:ICING_ENCOUNTER,INDUCED_CONDITION,COND:airframe,1
EVT:LOSS_OF_CONTROL_INFLIGHT,CAUSES,EVT:GROUND_IMPACT,3196
EVT:LOSS_OF_CONTROL_INFLIGHT,CONTRIBUTES_TO,EVT:GROUND_IMPACT,20
EVT:LOSS_OF_CONTROL_INFLIGHT,CONCURRENT,EVT:GROUND_IMPACT,3
EVT:LOSS_OF_CONTROL_INFLIGHT,CAUSES,EVT:LOSS_OF_CONTROL_INFLIGHT,87
EVT:LOSS_OF_CONTROL_INFLIGHT,CONCURRENT,EVT:LOSS_OF_CONTROL_INFLIGHT,5
EVT:LOSS_OF_CONTROL_INFLIGHT,TRIGGERS,EVT:LOSS_OF_CONTROL_INFLIGHT,4
EVT:LOSS_OF_CONTROL_INFLIGHT,PRECEDES,EVT:LOSS_OF_CONTROL_INFLIGHT,1
EVT:LOSS_OF_CONTROL_INFLIGHT,CONTRIBUTES_TO,EVT:LOSS_OF_CONTROL_INFLIGHT,1
EVT:LOSS_OF_CONTROL_INFLIGHT,CAUSES,EVT:WATER_IMPACT,234
EVT:LOSS_OF_CONTROL_INFLIGHT,CAUSES,EVT:TERRAIN_OR_OBSTACLE_PROXIMITY,84
EVT:LOSS_OF_CONTROL_INFLIGHT,CONTRIBUTES_TO,EVT:TERRAIN_OR_OBSTACLE_PROXIMITY,1
EVT:LOSS_OF_CONTROL_INFLIGHT,CONCURRENT,EVT:TERRAIN_OR_OBSTACLE_PROXIMITY,1
EVT:LOSS_OF_CONTROL_INFLIGHT,RESPONDS_TO,EVT:PROCEDURE_NOT_FOLLOWED,187
EVT:LOSS_OF_CONTROL_INFLIGHT,TRIGGERS,EVT:PROCEDURE_NOT_FOLLOWED,32
EVT:LOSS_OF_CONTROL_INFLIGHT,CAUSES,EVT:PROCEDURE_NOT_FOLLOWED,15
EVT:LOSS_OF_CONTROL_INFLIGHT,ENABLES,EVT:PROCEDURE_NOT_FOLLOWED,1
EVT:LOSS_OF_CONTROL_INFLIGHT,CONCURRENT,EVT:PROCEDURE_NOT_FOLLOWED,3
EVT:LOSS_OF_CONTROL_INFLIGHT,INHIBITS,EVT:PROCEDURE_NOT_FOLLOWED,1
EVT:LOSS_OF_CONTROL_INFLIGHT,UNDER_CONDITION,COND:environmental,174
EVT:LOSS_OF_CONTROL_INFLIGHT,INDUCED_CONDITION,COND:environmental,5
EVT:LOSS_OF_CONTROL_INFLIGHT,CAUSES,COND:environmental,2
EVT:LOSS_OF_CONTROL_INFLIGHT,CONCURRENT,COND:environmental,2
EVT:LOSS_OF_CONTROL_INFLIGHT,CAUSES,EVT:STALL,132
EVT:LOSS_OF_CONTROL_INFLIGHT,CONTRIBUTES_TO,EVT:STALL,4
EVT:LOSS_OF_CONTROL_INFLIGHT,TRIGGERS,EVT:STALL,2
EVT:LOSS_OF_CONTROL_INFLIGHT,PRECEDES,EVT:STALL,1
EVT:LOSS_OF_CONTROL_INFLIGHT,CAUSES,EVT:STRUCTURAL_OVERLOAD,64
EVT:LOSS_OF_CONTROL_INFLIGHT,CONTRIBUTES_TO,EVT:STRUCTURAL_OVERLOAD,1
EVT:LOSS_OF_CONTROL_INFLIGHT,RESPONDS_TO,EVT:CONTROL_INPUT_IMPROPER,486
EVT:LOSS_OF_CONTROL_INFLIGHT,TRIGGERS,EVT:CONTROL_INPUT_IMPROPER,62
EVT:LOSS_OF_CONTROL_INFLIGHT,CAUSES,EVT:CONTROL_INPUT_IMPROPER,45
EVT:LOSS_OF_CONTROL_INFLIGHT,CONCURRENT,EVT:CONTROL_INPUT_IMPROPER,11
EVT:LOSS_OF_CONTROL_INFLIGHT,PRECEDES,EVT:CONTROL_INPUT_IMPROPER,1
EVT:LOSS_OF_CONTROL_INFLIGHT,IF_THEN,EVT:CONTROL_INPUT_IMPROPER,1
EVT:LOSS_OF_CONTROL_INFLIGHT,CONTRIBUTES_TO,EVT:CONTROL_INPUT_IMPROPER,2
EVT:LOSS_OF_CONTROL_INFLIGHT,CAUSES,EVT:RUNWAY_EXCURSION_OR_OVERRUN,56
EVT:LOSS_OF_CONTROL_INFLIGHT,CONTRIBUTES_TO,EVT:RUNWAY_EXCURSION_OR_OVERRUN,3
EVT:LOSS_OF_CONTROL_INFLIGHT,CONCURRENT,EVT:RUNWAY_EXCURSION_OR_OVERRUN,1
EVT:LOSS_OF_CONTROL_INFLIGHT,TRIGGERS,EVT:DECISION_INAPPROPRIATE,86
EVT:LOSS_OF_CONTROL_INFLIGHT,RESPONDS_TO,EVT:DECISION_INAPPROPRIATE,111
EVT:LOSS_OF_CONTROL_INFLIGHT,CONCURRENT,EVT:DECISION_INAPPROPRIATE,2
EVT:LOSS_OF_CONTROL_INFLIGHT,CAUSES,EVT:DECISION_INAPPROPRIATE,9
EVT:LOSS_OF_CONTROL_INFLIGHT,CONTRIBUTES_TO,EVT:DECISION_INAPPROPRIATE,1
EVT:LOSS_OF_CONTROL_INFLIGHT,CAUSES,EVT:ALTITUDE_DEVIATION_UNCONTROLLED,66
EVT:LOSS_OF_CONTROL_INFLIGHT,CONCURRENT,EVT:ALTITUDE_DEVIATION_UNCONTROLLED,2
EVT:LOSS_OF_CONTROL_INFLIGHT,UNDER_CONDITION,COND:aerodynamic,29
EVT:LOSS_OF_CONTROL_INFLIGHT,INDUCED_CONDITION,COND:aerodynamic,84
EVT:LOSS_OF_CONTROL_INFLIGHT,CAUSES,COND:aerodynamic,3
EVT:LOSS_OF_CONTROL_INFLIGHT,UNDER_CONDITION,COND:weather,124
EVT:LOSS_OF_CONTROL_INFLIGHT,CONTRIBUTES_TO,COND:weather,1
EVT:LOSS_OF_CONTROL_INFLIGHT,INDUCED_CONDITION,COND:weather,2
EVT:LOSS_OF_CONTROL_INFLIGHT,RESPONDS_TO,COND:weather,1
EVT:LOSS_OF_CONTROL_INFLIGHT,CAUSES,EVT:INFLIGHT_BREAKUP,26
EVT:LOSS_OF_CONTROL_INFLIGHT,INDUCED_CONDITION,COND:mechanical,13
EVT:LOSS_OF_CONTROL_INFLIGHT,UNDER_CONDITION,COND:mechanical,34
EVT:LOSS_OF_CONTROL_INFLIGHT,CAUSES,COND:mechanical,5
EVT:LOSS_OF_CONTROL_INFLIGHT,MASKED_BY_CONDITION,COND:mechanical,3
EVT:LOSS_OF_CONTROL_INFLIGHT,CO_OCCURS,COND:mechanical,1
EVT:LOSS_OF_CONTROL_INFLIGHT,CAUSES,EVT:SUCCESSFUL_RECOVERY,11
EVT:LOSS_OF_CONTROL_INFLIGHT,RESPONDS_TO,EVT:SUCCESSFUL_RECOVERY,56
EVT:LOSS_OF_CONTROL_INFLIGHT,CONCURRENT,EVT:SUCCESSFUL_RECOVERY,1
EVT:LOSS_OF_CONTROL_INFLIGHT,TRIGGERS,EVT:SUCCESSFUL_RECOVERY,2
EVT:LOSS_OF_CONTROL_INFLIGHT,RESPONDS_TO,EVT:EMERGENCY_LANDING,33
EVT:LOSS_OF_CONTROL_INFLIGHT,CAUSES,EVT:EMERGENCY_LANDING,37
EVT:LOSS_OF_CONTROL_INFLIGHT,TRIGGERS,EVT:EMERGENCY_LANDING,2
EVT:LOSS_OF_CONTROL_INFLIGHT,UNDER_CONDITION,COND:terrain,60
EVT:LOSS_OF_CONTROL_INFLIGHT,CAUSES,COND:terrain,6
EVT:LOSS_OF_CONTROL_INFLIGHT,TRIGGERS,COND:terrain,1
EVT:LOSS_OF_CONTROL_INFLIGHT,CAUSES,EVT:INFLIGHT_FIRE_OR_SMOKE,2
EVT:LOSS_OF_CONTROL_INFLIGHT,TRIGGERS,EVT:CREW_COORDINATION_FAILURE,8
EVT:LOSS_OF_CONTROL_INFLIGHT,RESPONDS_TO,EVT:CREW_COORDINATION_FAILURE,5
EVT:LOSS_OF_CONTROL_INFLIGHT,CAUSES,EVT:AIRFRAME_STRUCTURAL_FAILURE,33
EVT:LOSS_OF_CONTROL_INFLIGHT,TRIGGERS,EVT:AIRFRAME_STRUCTURAL_FAILURE,1
EVT:LOSS_OF_CONTROL_INFLIGHT,CONTRIBUTES_TO,EVT:AIRFRAME_STRUCTURAL_FAILURE,1
EVT:LOSS_OF_CONTROL_INFLIGHT,CONCURRENT,EVT:MIDAIR_COLLISION,2
EVT:LOSS_OF_CONTROL_INFLIGHT,CAUSES,EVT:MIDAIR_COLLISION,9
EVT:LOSS_OF_CONTROL_INFLIGHT,CONTRIBUTES_TO,EVT:MIDAIR_COLLISION,1
EVT:LOSS_OF_CONTROL_INFLIGHT,CAUSES,EVT:INJURY_OR_FATALITY,27
EVT:LOSS_OF_CONTROL_INFLIGHT,CONCURRENT,EVT:PERCEPTION_FAILURE,3
EVT:LOSS_OF_CONTROL_INFLIGHT,TRIGGERS,EVT:PERCEPTION_FAILURE,7
EVT:LOSS_OF_CONTROL_INFLIGHT,RESPONDS_TO,EVT:PERCEPTION_FAILURE,4
EVT:LOSS_OF_CONTROL_INFLIGHT,CAUSES,EVT:PERCEPTION_FAILURE,6
EVT:LOSS_OF_CONTROL_INFLIGHT,CONTRIBUTES_TO,EVT:PERCEPTION_FAILURE,1
EVT:LOSS_OF_CONTROL_INFLIGHT,INDUCED_CONDITION,COND:human_factors,3
EVT:LOSS_OF_CONTROL_INFLIGHT,UNDER_CONDITION,COND:human_factors,3
EVT:LOSS_OF_CONTROL_INFLIGHT,CAUSES,EVT:CONTROL_SURFACE_ANOMALY,5
EVT:LOSS_OF_CONTROL_INFLIGHT,TRIGGERS,EVT:PILOT_INCAPACITATION_OR_IMPAIRMENT,3
EVT:LOSS_OF_CONTROL_INFLIGHT,CAUSES,EVT:PILOT_INCAPACITATION_OR_IMPAIRMENT,5
EVT:LOSS_OF_CONTROL_INFLIGHT,UNDER_CONDITION,COND:procedural,1
EVT:LOSS_OF_CONTROL_INFLIGHT,UNDER_CONDITION,COND:operational,9
EVT:LOSS_OF_CONTROL_INFLIGHT,INDUCED_CONDITION,COND:operational,1
EVT:LOSS_OF_CONTROL_INFLIGHT,UNDER_CONDITION,COND:unknown,10
EVT:LOSS_OF_CONTROL_INFLIGHT,CAUSES,COND:unknown,1
EVT:LOSS_OF_CONTROL_INFLIGHT,CAUSES,EVT:LOSS_OF_CONTROL_GROUND,4
EVT:LOSS_OF_CONTROL_INFLIGHT,CAUSES,EVT:LANDING_GEAR_ANOMALY,4
EVT:LOSS_OF_CONTROL_INFLIGHT,CAUSES,EVT:ENGINE_FAILURE,5
EVT:LOSS_OF_CONTROL_INFLIGHT,CONCURRENT,EVT:ENGINE_FAILURE,1
EVT:LOSS_OF_CONTROL_INFLIGHT,IF_THEN,EVT:ENGINE_FAILURE,1
EVT:LOSS_OF_CONTROL_INFLIGHT,RESPONDS_TO,ENT:person,1
EVT:LOSS_OF_CONTROL_INFLIGHT,UNDER_CONDITION,COND:physiological,4
EVT:LOSS_OF_CONTROL_INFLIGHT,UNDER_CONDITION,COND:traffic,1
EVT:LOSS_OF_CONTROL_INFLIGHT,UNDER_CONDITION,COND:spatial,4
EVT:LOSS_OF_CONTROL_INFLIGHT,INDUCED_CONDITION,COND:spatial,1
EVT:LOSS_OF_CONTROL_INFLIGHT,UNDER_CONDITION,COND:organizational,1
EVT:LOSS_OF_CONTROL_INFLIGHT,TRIGGERS,EVT:INSTRUMENT_OR_AVIONICS_FAILURE,2
EVT:LOSS_OF_CONTROL_INFLIGHT,UNDER_CONDITION,COND:visual,1
EVT:LOSS_OF_CONTROL_INFLIGHT,TRIGGERS,EVT:RESPONDS_TO,2
EVT:LOSS_OF_CONTROL_INFLIGHT,CAUSES,EVT:SPATIAL_DISORIENTATION,3
EVT:LOSS_OF_CONTROL_INFLIGHT,CAUSES,COND:cognitive,1
EVT:LOSS_OF_CONTROL_INFLIGHT,CONTRIBUTES_TO,COND:cognitive,1
EVT:LOSS_OF_CONTROL_INFLIGHT,CONCURRENT,EVT:TURBULENCE_ENCOUNTER,1
EVT:LOSS_OF_CONTROL_INFLIGHT,UNDER_CONDITION,COND:location,2
EVT:LOSS_OF_CONTROL_INFLIGHT,TRIGGERS,EVT:AUTOMATION_ANOMALY,1
EVT:LOSS_OF_CONTROL_INFLIGHT,UNDER_CONDITION,COND:altitude,1
EVT:LOSS_OF_CONTROL_INFLIGHT,CAUSES,COND:altitude,1
EVT:LOSS_OF_CONTROL_INFLIGHT,INDUCED_CONDITION,COND:human_factor,1
EVT:LOSS_OF_CONTROL_INFLIGHT,MASKED_BY_CONDITION,COND:human_factor,1
EVT:LOSS_OF_CONTROL_INFLIGHT,UNDER_CONDITION,COND:other,1
EVT:LOSS_OF_CONTROL_INFLIGHT,ENABLES,EVT:WIND_SHEAR_OR_GUST,1
EVT:LOSS_OF_CONTROL_INFLIGHT,CONCURRENT,EVT:WIND_SHEAR_OR_GUST,1
EVT:LOSS_OF_CONTROL_INFLIGHT,CAUSES,EVT:WIND_SHEAR_OR_GUST,1
EVT:LOSS_OF_CONTROL_INFLIGHT,UNDER_CONDITION,COND:performance,2
EVT:LOSS_OF_CONTROL_INFLIGHT,INDUCED_CONDITION,COND:spatial_disorientation,1
EVT:LOSS_OF_CONTROL_INFLIGHT,INDUCED_CONDITION,COND:weight_balance,1
EVT:LOSS_OF_CONTROL_INFLIGHT,UNDER_CONDITION,COND:latent_defect,2
EVT:LOSS_OF_CONTROL_INFLIGHT,UNDER_CONDITION,COND:terrain_obstacle,1
EVT:LOSS_OF_CONTROL_INFLIGHT,CONCURRENT,EVT:UNKNOWN,2
EVT:LOSS_OF_CONTROL_INFLIGHT,INDUCED_CONDITION,COND:human_performance,1
EVT:LOSS_OF_CONTROL_INFLIGHT,UNDER_CONDITION,COND:human_performance,1
EVT:LOSS_OF_CONTROL_INFLIGHT,UNDER_CONDITION,COND:aircraft_state,1
EVT:LOSS_OF_CONTROL_INFLIGHT,UNDER_CONDITION,COND:task,2
EVT:LOSS_OF_CONTROL_INFLIGHT,UNDER_CONDITION,COND:obstacle,1
EVT:LOSS_OF_CONTROL_INFLIGHT,RESPONDS_TO,EVT:PROCEDURE_FOLLOWED,1
EVT:LOSS_OF_CONTROL_INFLIGHT,INDUCED_CONDITION,COND:physical,1
EVT:LOSS_OF_CONTROL_INFLIGHT,UNDER_CONDITION,COND:infrastructure,1
EVT:LOSS_OF_CONTROL_INFLIGHT,CAUSES,COND:structural,1
EVT:LOSS_OF_CONTROL_INFLIGHT,UNDER_CONDITION,ENT:location,1
EVT:LOSS_OF_CONTROL_INFLIGHT,INDUCED_CONDITION,COND:human,1
EVT:LOSS_OF_CONTROL_INFLIGHT,CAUSES,EVT:BIRD_OR_WILDLIFE_STRIKE,1
EVT:INJURY_OR_FATALITY,CAUSES,EVT:INJURY_OR_FATALITY,2
EVT:INJURY_OR_FATALITY,CONCURRENT,EVT:INJURY_OR_FATALITY,1
EVT:INJURY_OR_FATALITY,UNDER_CONDITION,COND:environmental,1
EVT:INJURY_OR_FATALITY,UNDER_CONDITION,COND:organizational,1
EVT:INJURY_OR_FATALITY,TRIGGERS,EVT:DECISION_INAPPROPRIATE,4
EVT:INJURY_OR_FATALITY,RESPONDS_TO,EVT:DECISION_INAPPROPRIATE,1
EVT:INJURY_OR_FATALITY,CAUSES,EVT:DECISION_INAPPROPRIATE,2
EVT:INJURY_OR_FATALITY,CAUSES,EVT:LOSS_OF_CONTROL_INFLIGHT,1
EVT:INJURY_OR_FATALITY,RESPONDS_TO,EVT:PROCEDURE_NOT_FOLLOWED,1
EVT:INJURY_OR_FATALITY,CAUSES,EVT:EMERGENCY_LANDING,5
EVT:INJURY_OR_FATALITY,TRIGGERS,EVT:EMERGENCY_LANDING,1
EVT:INJURY_OR_FATALITY,UNDER_CONDITION,COND:operational,3
EVT:INJURY_OR_FATALITY,TRIGGERS,EVT:PROCEDURE_FOLLOWED,1
EVT:INJURY_OR_FATALITY,UNDER_CONDITION,COND:human_factors,1
EVT:INJURY_OR_FATALITY,CAUSES,EVT:ALTITUDE_DEVIATION_UNCONTROLLED,2
EVT:INJURY_OR_FATALITY,CAUSES,EVT:RUNWAY_EXCURSION_OR_OVERRUN,1
EVT:INJURY_OR_FATALITY,CAUSES,EVT:AIRFRAME_STRUCTURAL_FAILURE,1
EVT:INJURY_OR_FATALITY,UNDER_CONDITION,COND:weather,1
EVT:TCAS_TRAFFIC_ADVISORY,TRIGGERS,EVT:DECISION_INAPPROPRIATE,1
EVT:TCAS_TRAFFIC_ADVISORY,UNDER_CONDITION,COND:weather,1
EVT:TCAS_TRAFFIC_ADVISORY,TRIGGERS,EVT:TCAS_RESOLUTION_ADVISORY,1
EVT:TCAS_TRAFFIC_ADVISORY,TRIGGERS,EVT:PERCEPTION_FAILURE,1
EVT:LANDING_GEAR_ANOMALY,CAUSES,EVT:GROUND_IMPACT,929
EVT:LANDING_GEAR_ANOMALY,CONTRIBUTES_TO,EVT:GROUND_IMPACT,58
EVT:LANDING_GEAR_ANOMALY,ENABLES,EVT:GROUND_IMPACT,2
EVT:LANDING_GEAR_ANOMALY,CONCURRENT,EVT:GROUND_IMPACT,4
EVT:LANDING_GEAR_ANOMALY,PRECEDES,EVT:GROUND_IMPACT,2
EVT:LANDING_GEAR_ANOMALY,TRIGGERS,EVT:GROUND_IMPACT,1
EVT:LANDING_GEAR_ANOMALY,CAUSES,EVT:RUNWAY_EXCURSION_OR_OVERRUN,313
EVT:LANDING_GEAR_ANOMALY,CONTRIBUTES_TO,EVT:RUNWAY_EXCURSION_OR_OVERRUN,20
EVT:LANDING_GEAR_ANOMALY,INDUCED_CONDITION,COND:mechanical,126
EVT:LANDING_GEAR_ANOMALY,UNDER_CONDITION,COND:mechanical,223
EVT:LANDING_GEAR_ANOMALY,MASKED_BY_CONDITION,COND:mechanical,3
EVT:LANDING_GEAR_ANOMALY,CAUSES,COND:mechanical,30
EVT:LANDING_GEAR_ANOMALY,TRIGGERS,COND:mechanical,4
EVT:LANDING_GEAR_ANOMALY,RESPONDS_TO,COND:mechanical,1
EVT:LANDING_GEAR_ANOMALY,DETECTS,COND:mechanical,2
EVT:LANDING_GEAR_ANOMALY,INHIBITS,COND:mechanical,1
EVT:LANDING_GEAR_ANOMALY,UNDER_CONDITION,COND:environmental,16
EVT:LANDING_GEAR_ANOMALY,INDUCED_CONDITION,COND:environmental,1
EVT:LANDING_GEAR_ANOMALY,CO_OCCURS,COND:environmental,1
EVT:LANDING_GEAR_ANOMALY,MASKED_BY_CONDITION,COND:environmental,1
EVT:LANDING_GEAR_ANOMALY,RESPONDS_TO,EVT:DECISION_INAPPROPRIATE,37
EVT:LANDING_GEAR_ANOMALY,TRIGGERS,EVT:DECISION_INAPPROPRIATE,24
EVT:LANDING_GEAR_ANOMALY,CONTRIBUTES_TO,EVT:DECISION_INAPPROPRIATE,1
EVT:LANDING_GEAR_ANOMALY,CAUSES,EVT:DECISION_INAPPROPRIATE,14
EVT:LANDING_GEAR_ANOMALY,RESPONDS_TO,EVT:PROCEDURE_NOT_FOLLOWED,103
EVT:LANDING_GEAR_ANOMALY,TRIGGERS,EVT:PROCEDURE_NOT_FOLLOWED,27
EVT:LANDING_GEAR_ANOMALY,CAUSES,EVT:PROCEDURE_NOT_FOLLOWED,5
EVT:LANDING_GEAR_ANOMALY,CAUSES,EVT:LOSS_OF_CONTROL_INFLIGHT,6
EVT:LANDING_GEAR_ANOMALY,RESPONDS_TO,EVT:CONTROL_INPUT_IMPROPER,21
EVT:LANDING_GEAR_ANOMALY,TRIGGERS,EVT:CONTROL_INPUT_IMPROPER,13
EVT:LANDING_GEAR_ANOMALY,CAUSES,EVT:CONTROL_INPUT_IMPROPER,17
EVT:LANDING_GEAR_ANOMALY,CONTRIBUTES_TO,EVT:CONTROL_INPUT_IMPROPER,3
EVT:LANDING_GEAR_ANOMALY,CAUSES,EVT:FUEL_SYSTEM_ANOMALY,3
EVT:LANDING_GEAR_ANOMALY,TRIGGERS,EVT:FUEL_SYSTEM_ANOMALY,1
EVT:LANDING_GEAR_ANOMALY,CAUSES,EVT:INSTRUMENT_OR_AVIONICS_FAILURE,8
EVT:LANDING_GEAR_ANOMALY,MASKED_BY_CONDITION,EVT:INSTRUMENT_OR_AVIONICS_FAILURE,1
EVT:LANDING_GEAR_ANOMALY,TRIGGERS,EVT:INSTRUMENT_OR_AVIONICS_FAILURE,1
EVT:LANDING_GEAR_ANOMALY,CAUSES,EVT:LOSS_OF_CONTROL_GROUND,149
EVT:LANDING_GEAR_ANOMALY,CONTRIBUTES_TO,EVT:LOSS_OF_CONTROL_GROUND,6
EVT:LANDING_GEAR_ANOMALY,CAUSES,EVT:STRUCTURAL_OVERLOAD,22
EVT:LANDING_GEAR_ANOMALY,CAUSES,EVT:LANDING_GEAR_ANOMALY,88
EVT:LANDING_GEAR_ANOMALY,CONTRIBUTES_TO,EVT:LANDING_GEAR_ANOMALY,2
EVT:LANDING_GEAR_ANOMALY,ENABLES,EVT:LANDING_GEAR_ANOMALY,1
EVT:LANDING_GEAR_ANOMALY,CONCURRENT,EVT:LANDING_GEAR_ANOMALY,4
EVT:LANDING_GEAR_ANOMALY,TRIGGERS,EVT:LANDING_GEAR_ANOMALY,2
EVT:LANDING_GEAR_ANOMALY,CAUSES,EVT:EMERGENCY_LANDING,21
EVT:LANDING_GEAR_ANOMALY,CONTRIBUTES_TO,EVT:EMERGENCY_LANDING,1
EVT:LANDING_GEAR_ANOMALY,TRIGGERS,EVT:EMERGENCY_LANDING,1
EVT:LANDING_GEAR_ANOMALY,RESPONDS_TO,EVT:EMERGENCY_LANDING,2
EVT:LANDING_GEAR_ANOMALY,CONCURRENT,EVT:EMERGENCY_LANDING,1
EVT:LANDING_GEAR_ANOMALY,CAUSES,ENT:aircraft,7
EVT:LANDING_GEAR_ANOMALY,AFFECTS,ENT:aircraft,2
EVT:LANDING_GEAR_ANOMALY,CAUSES,EVT:AIRFRAME_STRUCTURAL_FAILURE,52
EVT:LANDING_GEAR_ANOMALY,CONTRIBUTES_TO,EVT:AIRFRAME_STRUCTURAL_FAILURE,1
EVT:LANDING_GEAR_ANOMALY,TRIGGERS,EVT:AIRFRAME_STRUCTURAL_FAILURE,1
EVT:LANDING_GEAR_ANOMALY,AFFECTS,ENT:component,2
EVT:LANDING_GEAR_ANOMALY,UNDER_CONDITION,ENT:component,2
EVT:LANDING_GEAR_ANOMALY,CONTRIBUTES_TO,EVT:INJURY_OR_FATALITY,4
EVT:LANDING_GEAR_ANOMALY,CAUSES,EVT:INJURY_OR_FATALITY,2
EVT:LANDING_GEAR_ANOMALY,CONTRIBUTES_TO,EVT:WATER_IMPACT,2
EVT:LANDING_GEAR_ANOMALY,CONTRIBUTES_TO,EVT:PERCEPTION_FAILURE,2
EVT:LANDING_GEAR_ANOMALY,CAUSES,EVT:PERCEPTION_FAILURE,5
EVT:LANDING_GEAR_ANOMALY,TRIGGERS,EVT:PERCEPTION_FAILURE,10
EVT:LANDING_GEAR_ANOMALY,MASKED_BY_CONDITION,EVT:PERCEPTION_FAILURE,2
EVT:LANDING_GEAR_ANOMALY,RESPONDS_TO,EVT:PERCEPTION_FAILURE,1
EVT:LANDING_GEAR_ANOMALY,CAUSES,EVT:CONTROL_SURFACE_ANOMALY,2
EVT:LANDING_GEAR_ANOMALY,TRIGGERS,EVT:CONTROL_SURFACE_ANOMALY,1
EVT:LANDING_GEAR_ANOMALY,CAUSES,EVT:INFLIGHT_FIRE_OR_SMOKE,18
EVT:LANDING_GEAR_ANOMALY,CONTRIBUTES_TO,EVT:INFLIGHT_FIRE_OR_SMOKE,2
EVT:LANDING_GEAR_ANOMALY,RESPONDS_TO,EVT:PROCEDURE_FOLLOWED,1
EVT:LANDING_GEAR_ANOMALY,CAUSES,COND:information,4
EVT:LANDING_GEAR_ANOMALY,INDUCED_CONDITION,COND:information,2
EVT:LANDING_GEAR_ANOMALY,MASKED_BY_CONDITION,COND:information,1
EVT:LANDING_GEAR_ANOMALY,UNDER_CONDITION,COND:weather,1
EVT:LANDING_GEAR_ANOMALY,CONCURRENT,COND:weather,1
EVT:LANDING_GEAR_ANOMALY,TRIGGERS,EVT:CREW_COORDINATION_FAILURE,1
EVT:LANDING_GEAR_ANOMALY,CONTRIBUTES_TO,EVT:ALTITUDE_DEVIATION_UNCONTROLLED,1
EVT:LANDING_GEAR_ANOMALY,CAUSES,EVT:ALTITUDE_DEVIATION_UNCONTROLLED,2
EVT:LANDING_GEAR_ANOMALY,INDUCED_CONDITION,COND:situational_awareness,1
EVT:LANDING_GEAR_ANOMALY,TRIGGERS,EVT:SUCCESSFUL_RECOVERY,1
EVT:LANDING_GEAR_ANOMALY,CONCURRENT,EVT:SUCCESSFUL_RECOVERY,1
EVT:LANDING_GEAR_ANOMALY,CONTRIBUTES_TO,EVT:SUCCESSFUL_RECOVERY,1
EVT:LANDING_GEAR_ANOMALY,INHIBITS,EVT:SUCCESSFUL_RECOVERY,1
EVT:LANDING_GEAR_ANOMALY,CAUSES,EVT:SUCCESSFUL_RECOVERY,1
EVT:LANDING_GEAR_ANOMALY,ENABLES,EVT:GROUND_PERSONNEL_ERROR,1
EVT:LANDING_GEAR_ANOMALY,UNDER_CONDITION,COND:terrain,1
EVT:LANDING_GEAR_ANOMALY,CAUSES,EVT:ENGINE_FAILURE,3
EVT:LANDING_GEAR_ANOMALY,TRIGGERS,EVT:ENGINE_FAILURE,1
EVT:LANDING_GEAR_ANOMALY,UNDER_CONDITION,COND:structural,2
EVT:LANDING_GEAR_ANOMALY,INDUCED_CONDITION,COND:structural,1
EVT:LANDING_GEAR_ANOMALY,CAUSES,EVT:HYDRAULIC_SYSTEM_FAILURE,2
EVT:LANDING_GEAR_ANOMALY,CAUSES,COND:physical,1
EVT:LANDING_GEAR_ANOMALY,TRIGGERS,EVT:RUNWAY_CONDITION_HAZARD,1
EVT:LANDING_GEAR_ANOMALY,CAUSES,EVT:TERRAIN_OR_OBSTACLE_PROXIMITY,1
EVT:LANDING_GEAR_ANOMALY,MASKED_BY_CONDITION,COND:design,1
EVT:LANDING_GEAR_ANOMALY,RESPONDS_TO,EVT:MAINTENANCE_INADEQUATE,1
EVT:LANDING_GEAR_ANOMALY,CAUSES,EVT:GEAR_UP_LANDING,1
EVT:LANDING_GEAR_ANOMALY,CAUSES,EVT:GROUND_INSPECTION,1
EVT:AIRFRAME_STRUCTURAL_FAILURE,CAUSES,EVT:EMERGENCY_LANDING,67
EVT:AIRFRAME_STRUCTURAL_FAILURE,ENABLES,EVT:EMERGENCY_LANDING,1
EVT:AIRFRAME_STRUCTURAL_FAILURE,TRIGGERS,EVT:EMERGENCY_LANDING,6
EVT:AIRFRAME_STRUCTURAL_FAILURE,CONTRIBUTES_TO,EVT:EMERGENCY_LANDING,3
EVT:AIRFRAME_STRUCTURAL_FAILURE,RESPONDS_TO,EVT:EMERGENCY_LANDING,2
EVT:AIRFRAME_STRUCTURAL_FAILURE,CAUSES,EVT:GROUND_IMPACT,397
EVT:AIRFRAME_STRUCTURAL_FAILURE,CONTRIBUTES_TO,EVT:GROUND_IMPACT,26
EVT:AIRFRAME_STRUCTURAL_FAILURE,CONCURRENT,EVT:GROUND_IMPACT,5
EVT:AIRFRAME_STRUCTURAL_FAILURE,PRECEDES,EVT:GROUND_IMPACT,1
EVT:AIRFRAME_STRUCTURAL_FAILURE,INDUCED_CONDITION,COND:mechanical,84
EVT:AIRFRAME_STRUCTURAL_FAILURE,CAUSES,COND:mechanical,29
EVT:AIRFRAME_STRUCTURAL_FAILURE,UNDER_CONDITION,COND:mechanical,74
EVT:AIRFRAME_STRUCTURAL_FAILURE,ENABLES,COND:mechanical,1
EVT:AIRFRAME_STRUCTURAL_FAILURE,MASKED_BY_CONDITION,COND:mechanical,2
EVT:AIRFRAME_STRUCTURAL_FAILURE,CAUSES,EVT:CONTROL_INPUT_IMPROPER,6
EVT:AIRFRAME_STRUCTURAL_FAILURE,RESPONDS_TO,EVT:CONTROL_INPUT_IMPROPER,11
EVT:AIRFRAME_STRUCTURAL_FAILURE,TRIGGERS,EVT:CONTROL_INPUT_IMPROPER,6
EVT:AIRFRAME_STRUCTURAL_FAILURE,CONTRIBUTES_TO,EVT:CONTROL_INPUT_IMPROPER,2
EVT:AIRFRAME_STRUCTURAL_FAILURE,CAUSES,EVT:DECISION_INAPPROPRIATE,4
EVT:AIRFRAME_STRUCTURAL_FAILURE,TRIGGERS,EVT:DECISION_INAPPROPRIATE,20
EVT:AIRFRAME_STRUCTURAL_FAILURE,RESPONDS_TO,EVT:DECISION_INAPPROPRIATE,2
EVT:AIRFRAME_STRUCTURAL_FAILURE,CAUSES,EVT:INFLIGHT_FIRE_OR_SMOKE,53
EVT:AIRFRAME_STRUCTURAL_FAILURE,CONTRIBUTES_TO,EVT:INFLIGHT_FIRE_OR_SMOKE,4
EVT:AIRFRAME_STRUCTURAL_FAILURE,TRIGGERS,EVT:INFLIGHT_FIRE_OR_SMOKE,1
EVT:AIRFRAME_STRUCTURAL_FAILURE,CAUSES,COND:structural,4
EVT:AIRFRAME_STRUCTURAL_FAILURE,INDUCED_CONDITION,COND:structural,3
EVT:AIRFRAME_STRUCTURAL_FAILURE,UNDER_CONDITION,COND:structural,4
EVT:AIRFRAME_STRUCTURAL_FAILURE,CAUSES,EVT:CONTROL_SURFACE_ANOMALY,29
EVT:AIRFRAME_STRUCTURAL_FAILURE,CAUSES,ENT:component,5
EVT:AIRFRAME_STRUCTURAL_FAILURE,UNDER_CONDITION,ENT:component,8
EVT:AIRFRAME_STRUCTURAL_FAILURE,AFFECTED_BY,ENT:component,2
EVT:AIRFRAME_STRUCTURAL_FAILURE,AFFECTS,ENT:component,2
EVT:AIRFRAME_STRUCTURAL_FAILURE,CAUSES,EVT:LOSS_OF_CONTROL_INFLIGHT,196
EVT:AIRFRAME_STRUCTURAL_FAILURE,CONTRIBUTES_TO,EVT:LOSS_OF_CONTROL_INFLIGHT,5
EVT:AIRFRAME_STRUCTURAL_FAILURE,CAUSES,EVT:ENGINE_FAILURE,116
EVT:AIRFRAME_STRUCTURAL_FAILURE,CONTRIBUTES_TO,EVT:ENGINE_FAILURE,2
EVT:AIRFRAME_STRUCTURAL_FAILURE,CAUSES,EVT:AUTOMATION_ANOMALY,1
EVT:AIRFRAME_STRUCTURAL_FAILURE,CAUSES,EVT:LANDING_GEAR_ANOMALY,25
EVT:AIRFRAME_STRUCTURAL_FAILURE,TRIGGERS,EVT:LANDING_GEAR_ANOMALY,1
EVT:AIRFRAME_STRUCTURAL_FAILURE,CONTRIBUTES_TO,EVT:LANDING_GEAR_ANOMALY,1
EVT:AIRFRAME_STRUCTURAL_FAILURE,CAUSES,EVT:BIRD_OR_WILDLIFE_STRIKE,3
EVT:AIRFRAME_STRUCTURAL_FAILURE,CAUSES,EVT:AIRFRAME_STRUCTURAL_FAILURE,112
EVT:AIRFRAME_STRUCTURAL_FAILURE,CONCURRENT,EVT:AIRFRAME_STRUCTURAL_FAILURE,1
EVT:AIRFRAME_STRUCTURAL_FAILURE,CONTRIBUTES_TO,EVT:AIRFRAME_STRUCTURAL_FAILURE,2
EVT:AIRFRAME_STRUCTURAL_FAILURE,PRECEDES,EVT:AIRFRAME_STRUCTURAL_FAILURE,1
EVT:AIRFRAME_STRUCTURAL_FAILURE,CO_OCCURS,EVT:AIRFRAME_STRUCTURAL_FAILURE,1
EVT:AIRFRAME_STRUCTURAL_FAILURE,RESPONDS_TO,EVT:SUCCESSFUL_RECOVERY,6
EVT:AIRFRAME_STRUCTURAL_FAILURE,CAUSES,EVT:SUCCESSFUL_RECOVERY,17
EVT:AIRFRAME_STRUCTURAL_FAILURE,CONCURRENT,EVT:SUCCESSFUL_RECOVERY,5
EVT:AIRFRAME_STRUCTURAL_FAILURE,TRIGGERS,EVT:SUCCESSFUL_RECOVERY,2
EVT:AIRFRAME_STRUCTURAL_FAILURE,CONTRIBUTES_TO,EVT:SUCCESSFUL_RECOVERY,1
EVT:AIRFRAME_STRUCTURAL_FAILURE,ENABLES,EVT:SUCCESSFUL_RECOVERY,2
EVT:AIRFRAME_STRUCTURAL_FAILURE,CAUSES,EVT:STRUCTURAL_OVERLOAD,6
EVT:AIRFRAME_STRUCTURAL_FAILURE,CONTRIBUTES_TO,EVT:STRUCTURAL_OVERLOAD,1
EVT:AIRFRAME_STRUCTURAL_FAILURE,RESPONDS_TO,EVT:PROCEDURE_NOT_FOLLOWED,11
EVT:AIRFRAME_STRUCTURAL_FAILURE,TRIGGERS,EVT:PROCEDURE_NOT_FOLLOWED,9
EVT:AIRFRAME_STRUCTURAL_FAILURE,CAUSES,EVT:PROCEDURE_NOT_FOLLOWED,2
EVT:AIRFRAME_STRUCTURAL_FAILURE,ENABLES,EVT:PROCEDURE_NOT_FOLLOWED,1
EVT:AIRFRAME_STRUCTURAL_FAILURE,CONTRIBUTES_TO,EVT:RUNWAY_EXCURSION_OR_OVERRUN,3
EVT:AIRFRAME_STRUCTURAL_FAILURE,CAUSES,EVT:RUNWAY_EXCURSION_OR_OVERRUN,20
EVT:AIRFRAME_STRUCTURAL_FAILURE,CAUSES,EVT:PROPELLER_FAILURE,2
EVT:AIRFRAME_STRUCTURAL_FAILURE,CAUSES,EVT:INFLIGHT_BREAKUP,28
EVT:AIRFRAME_STRUCTURAL_FAILURE,CAUSES,EVT:FUEL_SYSTEM_ANOMALY,7
EVT:AIRFRAME_STRUCTURAL_FAILURE,CAUSES,EVT:STALL,3
EVT:AIRFRAME_STRUCTURAL_FAILURE,CONTRIBUTES_TO,EVT:STALL,1
EVT:AIRFRAME_STRUCTURAL_FAILURE,CAUSES,EVT:INJURY_OR_FATALITY,18
EVT:AIRFRAME_STRUCTURAL_FAILURE,CONTRIBUTES_TO,EVT:INJURY_OR_FATALITY,5
EVT:AIRFRAME_STRUCTURAL_FAILURE,CAUSES,EVT:LOSS_OF_CONTROL_GROUND,28
EVT:AIRFRAME_STRUCTURAL_FAILURE,CAUSES,EVT:PILOT_INCAPACITATION_OR_IMPAIRMENT,4
EVT:AIRFRAME_STRUCTURAL_FAILURE,CAUSES,COND:environmental,1
EVT:AIRFRAME_STRUCTURAL_FAILURE,UNDER_CONDITION,COND:environmental,8
EVT:AIRFRAME_STRUCTURAL_FAILURE,INDUCED_CONDITION,COND:environmental,2
EVT:AIRFRAME_STRUCTURAL_FAILURE,ENABLES,COND:environmental,1
EVT:AIRFRAME_STRUCTURAL_FAILURE,CONCURRENT,COND:environmental,1
EVT:AIRFRAME_STRUCTURAL_FAILURE,CAUSES,EVT:ALTITUDE_DEVIATION_UNCONTROLLED,4
EVT:AIRFRAME_STRUCTURAL_FAILURE,CAUSES,EVT:HYDRAULIC_SYSTEM_FAILURE,1
EVT:AIRFRAME_STRUCTURAL_FAILURE,CAUSES,EVT:PERCEPTION_FAILURE,12
EVT:AIRFRAME_STRUCTURAL_FAILURE,TRIGGERS,EVT:PERCEPTION_FAILURE,11
EVT:AIRFRAME_STRUCTURAL_FAILURE,CAUSES,EVT:TURBULENCE_ENCOUNTER,1
EVT:AIRFRAME_STRUCTURAL_FAILURE,CAUSES,ENT:aircraft,8
EVT:AIRFRAME_STRUCTURAL_FAILURE,AFFECTS,ENT:aircraft,3
EVT:AIRFRAME_STRUCTURAL_FAILURE,INDUCED_CONDITION,COND:aerodynamic,4
EVT:AIRFRAME_STRUCTURAL_FAILURE,CAUSES,COND:aerodynamic,2
EVT:AIRFRAME_STRUCTURAL_FAILURE,TRIGGERS,EVT:CREW_COORDINATION_FAILURE,2
EVT:AIRFRAME_STRUCTURAL_FAILURE,UNDER_CONDITION,COND:weather,3
EVT:AIRFRAME_STRUCTURAL_FAILURE,CAUSES,EVT:INSTRUMENT_OR_AVIONICS_FAILURE,6
EVT:AIRFRAME_STRUCTURAL_FAILURE,TRIGGERS,EVT:INSTRUMENT_OR_AVIONICS_FAILURE,4
EVT:AIRFRAME_STRUCTURAL_FAILURE,CAUSES,EVT:LOSS_OF_PRESSURE,1
EVT:AIRFRAME_STRUCTURAL_FAILURE,CAUSES,EVT:WATER_IMPACT,15
EVT:AIRFRAME_STRUCTURAL_FAILURE,CONTRIBUTES_TO,EVT:WATER_IMPACT,1
EVT:AIRFRAME_STRUCTURAL_FAILURE,CAUSES,EVT:TERRAIN_OR_OBSTACLE_PROXIMITY,2
EVT:AIRFRAME_STRUCTURAL_FAILURE,UNDER_CONDITION,COND:latent_defect,1
EVT:AIRFRAME_STRUCTURAL_FAILURE,CAUSES,EVT:RUNWAY_CONDITION_HAZARD,1
EVT:AIRFRAME_STRUCTURAL_FAILURE,CAUSES,EVT:PROPULSION_ANOMALY,1
EVT:AIRFRAME_STRUCTURAL_FAILURE,TRIGGERS,EVT:PROCEDURE_FOLLOWED,1
EVT:AIRFRAME_STRUCTURAL_FAILURE,CAUSES,EVT:POWERTRAIN_ANOMALY,1
EVT:AIRFRAME_STRUCTURAL_FAILURE,MASKED_BY_CONDITION,COND:structural_integrity,1
EVT:STALL,CAUSES,EVT:GROUND_IMPACT,2177
EVT:STALL,CONTRIBUTES_TO,EVT:GROUND_IMPACT,26
EVT:STALL,CAUSES,EVT:LOSS_OF_CONTROL_INFLIGHT,549
EVT:STALL,TRIGGERS,EVT:LOSS_OF_CONTROL_INFLIGHT,1
EVT:STALL,CONCURRENT,EVT:LOSS_OF_CONTROL_INFLIGHT,1
EVT:STALL,CONTRIBUTES_TO,EVT:LOSS_OF_CONTROL_INFLIGHT,1
EVT:STALL,TRIGGERS,EVT:CONTROL_INPUT_IMPROPER,45
EVT:STALL,RESPONDS_TO,EVT:CONTROL_INPUT_IMPROPER,113
EVT:STALL,CAUSES,EVT:CONTROL_INPUT_IMPROPER,27
EVT:STALL,CONTRIBUTES_TO,EVT:CONTROL_INPUT_IMPROPER,1
EVT:STALL,CONCURRENT,EVT:CONTROL_INPUT_IMPROPER,1
EVT:STALL,PRECEDES,EVT:CONTROL_INPUT_IMPROPER,1
EVT:STALL,RESPONDS_TO,EVT:PROCEDURE_NOT_FOLLOWED,26
EVT:STALL,TRIGGERS,EVT:PROCEDURE_NOT_FOLLOWED,8
EVT:STALL,CONTRIBUTES_TO,EVT:PROCEDURE_NOT_FOLLOWED,1
EVT:STALL,CAUSES,EVT:PROCEDURE_NOT_FOLLOWED,1
EVT:STALL,INDUCED_CONDITION,COND:aerodynamic,84
EVT:STALL,UNDER_CONDITION,COND:aerodynamic,40
EVT:STALL,DETECTS,COND:aerodynamic,1
EVT:STALL,TRIGGERS,COND:aerodynamic,1
EVT:STALL,CAUSES,COND:aerodynamic,2
EVT:STALL,INDUCED_CONDITION,COND:operational,3
EVT:STALL,UNDER_CONDITION,COND:operational,4
EVT:STALL,CAUSES,EVT:WATER_IMPACT,58
EVT:STALL,CAUSES,EVT:AIRFRAME_STRUCTURAL_FAILURE,9
EVT:STALL,UNDER_CONDITION,COND:environmental,84
EVT:STALL,INDUCED_CONDITION,COND:environmental,1
EVT:STALL,CAUSES,COND:environmental,2
EVT:STALL,ENABLES,COND:environmental,1
EVT:STALL,IF_THEN,COND:environmental,1
EVT:STALL,CONTRIBUTES_TO,COND:environmental,1
EVT:STALL,CONTRIBUTES_TO,EVT:EMERGENCY_LANDING,1
EVT:STALL,CAUSES,EVT:EMERGENCY_LANDING,5
EVT:STALL,UNDER_CONDITION,COND:weather,32
EVT:STALL,INDUCED_CONDITION,COND:weather,3
EVT:STALL,CONTRIBUTES_TO,COND:weather,2
EVT:STALL,CAUSES,EVT:ENGINE_FAILURE,4
EVT:STALL,CONCURRENT,EVT:ENGINE_FAILURE,1
EVT:STALL,CONTRIBUTES_TO,EVT:ENGINE_FAILURE,1
EVT:STALL,UNDER_CONDITION,COND:aircraft_performance,1
EVT:STALL,RESPONDS_TO,EVT:DECISION_INAPPROPRIATE,23
EVT:STALL,TRIGGERS,EVT:DECISION_INAPPROPRIATE,37
EVT:STALL,CAUSES,EVT:DECISION_INAPPROPRIATE,5
EVT:STALL,CAUSES,EVT:RUNWAY_EXCURSION_OR_OVERRUN,32
EVT:STALL,CONTRIBUTES_TO,EVT:RUNWAY_EXCURSION_OR_OVERRUN,2
EVT:STALL,CAUSES,EVT:TERRAIN_OR_OBSTACLE_PROXIMITY,32
EVT:STALL,CAUSES,EVT:ALTITUDE_DEVIATION_UNCONTROLLED,18
EVT:STALL,CONCURRENT,EVT:ALTITUDE_DEVIATION_UNCONTROLLED,1
EVT:STALL,CONTRIBUTES_TO,EVT:ALTITUDE_DEVIATION_UNCONTROLLED,1
EVT:STALL,UNDER_CONDITION,COND:terrain,14
EVT:STALL,ENABLES,COND:terrain,1
EVT:STALL,CAUSES,EVT:LOSS_OF_CONTROL_GROUND,21
EVT:STALL,CONTRIBUTES_TO,EVT:LOSS_OF_CONTROL_GROUND,1
EVT:STALL,CAUSES,EVT:STALL,4
EVT:STALL,CONTRIBUTES_TO,EVT:STALL,1
EVT:STALL,CAUSES,EVT:STRUCTURAL_OVERLOAD,5
EVT:STALL,TRIGGERS,EVT:PERCEPTION_FAILURE,4
EVT:STALL,CAUSES,EVT:PERCEPTION_FAILURE,2
EVT:STALL,TRIGGERS,EVT:SPATIAL_DISORIENTATION,1
EVT:STALL,CAUSES,EVT:SPATIAL_DISORIENTATION,1
EVT:STALL,TRIGGERS,EVT:PILOT_INCAPACITATION_OR_IMPAIRMENT,1
EVT:STALL,TRIGGERS,EVT:CREW_COORDINATION_FAILURE,5
EVT:STALL,UNDER_CONDITION,COND:pilot,1
EVT:STALL,CAUSES,EVT:SUCCESSFUL_RECOVERY,1
EVT:STALL,RESPONDS_TO,EVT:SUCCESSFUL_RECOVERY,9
EVT:STALL,TRIGGERS,EVT:SUCCESSFUL_RECOVERY,1
EVT:STALL,UNDER_CONDITION,COND:physiological,1
EVT:STALL,CAUSES,EVT:INJURY_OR_FATALITY,1
EVT:STALL,UNDER_CONDITION,COND:mechanical,10
EVT:STALL,INHIBITS,COND:mechanical,1
EVT:STALL,INDUCED_CONDITION,COND:mechanical,3
EVT:STALL,UNDER_CONDITION,COND:aircraft_characteristic,1
EVT:STALL,CAUSES,EVT:MIDAIR_COLLISION,1
EVT:STALL,TRIGGERS,EVT:INSTRUMENT_OR_AVIONICS_FAILURE,1
EVT:STALL,UNDER_CONDITION,COND:physical,1
EVT:STALL,INDUCED_CONDITION,COND:human,1
EVT:STALL,INDUCED_CONDITION,COND:aircraft_state,1
EVT:STALL,UNDER_CONDITION,COND:aircraft_state,1
EVT:STALL,TRIGGERS,EVT:AUTOMATION_ANOMALY,1
EVT:MAINTENANCE_INADEQUATE,CAUSES,COND:mechanical,1224
EVT:MAINTENANCE_INADEQUATE,INDUCED_CONDITION,COND:mechanical,187
EVT:MAINTENANCE_INADEQUATE,ENABLES,COND:mechanical,84
EVT:MAINTENANCE_INADEQUATE,CONTRIBUTES_TO,COND:mechanical,28
EVT:MAINTENANCE_INADEQUATE,PREVENTS,COND:mechanical,8
EVT:MAINTENANCE_INADEQUATE,UNDER_CONDITION,COND:mechanical,9
EVT:MAINTENANCE_INADEQUATE,MASKED_BY_CONDITION,COND:mechanical,11
EVT:MAINTENANCE_INADEQUATE,INHIBITS,COND:mechanical,7
EVT:MAINTENANCE_INADEQUATE,MITIGATES,COND:mechanical,6
EVT:MAINTENANCE_INADEQUATE,INDUCES_CONDITION,COND:mechanical,1
EVT:MAINTENANCE_INADEQUATE,DETECTS,COND:mechanical,1
EVT:MAINTENANCE_INADEQUATE,PREVENTS,COND:latent_defect,1
EVT:MAINTENANCE_INADEQUATE,CAUSES,COND:latent_defect,56
EVT:MAINTENANCE_INADEQUATE,INDUCED_CONDITION,COND:latent_defect,4
EVT:MAINTENANCE_INADEQUATE,UNDER_CONDITION,COND:latent_defect,3
EVT:MAINTENANCE_INADEQUATE,ENABLES,COND:latent_defect,3
EVT:MAINTENANCE_INADEQUATE,CAUSES,EVT:AIRFRAME_STRUCTURAL_FAILURE,4
EVT:MAINTENANCE_INADEQUATE,PRECEDES,EVT:AIRFRAME_STRUCTURAL_FAILURE,1
EVT:MAINTENANCE_INADEQUATE,CONTRIBUTES_TO,EVT:AIRFRAME_STRUCTURAL_FAILURE,2
EVT:MAINTENANCE_INADEQUATE,CAUSES,EVT:MAINTENANCE_INADEQUATE,6
EVT:MAINTENANCE_INADEQUATE,CONTRIBUTES_TO,EVT:MAINTENANCE_INADEQUATE,4
EVT:MAINTENANCE_INADEQUATE,CONCURRENT,EVT:MAINTENANCE_INADEQUATE,1
EVT:MAINTENANCE_INADEQUATE,CAUSES,COND:organizational,120
EVT:MAINTENANCE_INADEQUATE,INDUCED_CONDITION,COND:organizational,16
EVT:MAINTENANCE_INADEQUATE,CONTRIBUTES_TO,COND:organizational,4
EVT:MAINTENANCE_INADEQUATE,UNDER_CONDITION,COND:organizational,9
EVT:MAINTENANCE_INADEQUATE,CONCURRENT,COND:organizational,1
EVT:MAINTENANCE_INADEQUATE,MITIGATES,COND:organizational,1
EVT:MAINTENANCE_INADEQUATE,RESPONDS_TO,COND:organizational,1
EVT:MAINTENANCE_INADEQUATE,CAUSES,COND:environmental,8
EVT:MAINTENANCE_INADEQUATE,MASKED_BY_CONDITION,COND:environmental,1
EVT:MAINTENANCE_INADEQUATE,CAUSES,COND:procedural,7
EVT:MAINTENANCE_INADEQUATE,INDUCED_CONDITION,COND:procedural,1
EVT:MAINTENANCE_INADEQUATE,ENABLES,COND:procedural,1
EVT:MAINTENANCE_INADEQUATE,AFFECTS,ENT:component,7
EVT:MAINTENANCE_INADEQUATE,CAUSES,ENT:component,4
EVT:MAINTENANCE_INADEQUATE,SUPERVISED_BY,ENT:component,3
EVT:MAINTENANCE_INADEQUATE,AFFECTED,ENT:component,4
EVT:MAINTENANCE_INADEQUATE,AFFECTED_BY,ENT:component,6
EVT:MAINTENANCE_INADEQUATE,ENABLES,EVT:DECISION_INAPPROPRIATE,1
EVT:MAINTENANCE_INADEQUATE,CONTRIBUTES_TO,EVT:DECISION_INAPPROPRIATE,3
EVT:MAINTENANCE_INADEQUATE,CAUSES,EVT:DECISION_INAPPROPRIATE,2
EVT:MAINTENANCE_INADEQUATE,PRECEDES,EVT:DECISION_INAPPROPRIATE,1
EVT:MAINTENANCE_INADEQUATE,CAUSES,COND:maintenance,16
EVT:MAINTENANCE_INADEQUATE,MASKED_BY_CONDITION,COND:maintenance,1
EVT:MAINTENANCE_INADEQUATE,UNDER_CONDITION,COND:maintenance,2
EVT:MAINTENANCE_INADEQUATE,INDUCED_CONDITION,COND:maintenance,4
EVT:MAINTENANCE_INADEQUATE,CONCURRENT,EVT:PERCEPTION_FAILURE,1
EVT:MAINTENANCE_INADEQUATE,CO_OCCURS,EVT:PERCEPTION_FAILURE,1
EVT:MAINTENANCE_INADEQUATE,CONTRIBUTES_TO,EVT:PERCEPTION_FAILURE,3
EVT:MAINTENANCE_INADEQUATE,CAUSES,COND:regulatory,3
EVT:MAINTENANCE_INADEQUATE,CAUSES,ENT:object,1
EVT:MAINTENANCE_INADEQUATE,CONTRIBUTES_TO,EVT:EMERGENCY_LANDING,1
EVT:MAINTENANCE_INADEQUATE,CAUSES,EVT:EMERGENCY_LANDING,1
EVT:MAINTENANCE_INADEQUATE,CAUSES,EVT:FUEL_SYSTEM_ANOMALY,8
EVT:MAINTENANCE_INADEQUATE,CONTRIBUTES_TO,EVT:FUEL_SYSTEM_ANOMALY,1
EVT:MAINTENANCE_INADEQUATE,SUPERVISED_BY,ENT:organization,8
EVT:MAINTENANCE_INADEQUATE,UNDER_CONDITION,ENT:organization,1
EVT:MAINTENANCE_INADEQUATE,CAUSES,ENT:organization,1
EVT:MAINTENANCE_INADEQUATE,CAUSES,COND:latent,13
EVT:MAINTENANCE_INADEQUATE,PREVENTS,COND:latent,1
EVT:MAINTENANCE_INADEQUATE,CAUSES,EVT:ORG_OR_REGULATORY_INADEQUATE,1
EVT:MAINTENANCE_INADEQUATE,CONTRIBUTES_TO,EVT:ORG_OR_REGULATORY_INADEQUATE,1
EVT:MAINTENANCE_INADEQUATE,CAUSES,EVT:INJURY_OR_FATALITY,1
EVT:MAINTENANCE_INADEQUATE,CAUSES,EVT:CARGO_SHIFTING,1
EVT:MAINTENANCE_INADEQUATE,CAUSES,EVT:PROCEDURE_NOT_FOLLOWED,5
EVT:MAINTENANCE_INADEQUATE,ENABLES,EVT:PROCEDURE_NOT_FOLLOWED,1
EVT:MAINTENANCE_INADEQUATE,CONTRIBUTES_TO,EVT:PROCEDURE_NOT_FOLLOWED,1
EVT:MAINTENANCE_INADEQUATE,CONCURRENT,EVT:PROCEDURE_NOT_FOLLOWED,1
EVT:MAINTENANCE_INADEQUATE,CONTRIBUTES_TO,EVT:INFLIGHT_FIRE_OR_SMOKE,3
EVT:MAINTENANCE_INADEQUATE,CAUSES,EVT:INFLIGHT_FIRE_OR_SMOKE,1
EVT:MAINTENANCE_INADEQUATE,CAUSES,COND:material,1
EVT:MAINTENANCE_INADEQUATE,CONTRIBUTES_TO,EVT:ENGINE_FAILURE,2
EVT:MAINTENANCE_INADEQUATE,CAUSES,EVT:ENGINE_FAILURE,4
EVT:MAINTENANCE_INADEQUATE,INHIBITS,EVT:ENGINE_FAILURE,1
EVT:MAINTENANCE_INADEQUATE,ENABLES,EVT:LANDING_GEAR_ANOMALY,1
EVT:MAINTENANCE_INADEQUATE,CAUSES,EVT:LANDING_GEAR_ANOMALY,4
EVT:MAINTENANCE_INADEQUATE,CAUSES,EVT:CONTROL_SURFACE_ANOMALY,6
EVT:MAINTENANCE_INADEQUATE,CONTRIBUTES_TO,EVT:CONTROL_SURFACE_ANOMALY,1
EVT:MAINTENANCE_INADEQUATE,SUPERVISED_BY,ENT:aircraft,5
EVT:MAINTENANCE_INADEQUATE,AFFECTS,ENT:aircraft,2
EVT:MAINTENANCE_INADEQUATE,ENABLES,COND:structural,2
EVT:MAINTENANCE_INADEQUATE,INDUCED_CONDITION,COND:structural,2
EVT:MAINTENANCE_INADEQUATE,CAUSES,COND:structural,3
EVT:MAINTENANCE_INADEQUATE,SUPERVISED_BY,ENT:person,3
EVT:MAINTENANCE_INADEQUATE,PERFORMED_BY,ENT:person,1
EVT:MAINTENANCE_INADEQUATE,CAUSES,COND:weight,1
EVT:MAINTENANCE_INADEQUATE,CAUSES,COND:information,1
EVT:MAINTENANCE_INADEQUATE,CAUSES,EVT:DESIGN_DEFECT_LATENT,1
EVT:MAINTENANCE_INADEQUATE,PRECEDES,EVT:CONTROL_INPUT_IMPROPER,2
EVT:MAINTENANCE_INADEQUATE,CAUSES,COND:maintenance_inadequate,1
EVT:MAINTENANCE_INADEQUATE,CAUSES,COND:instrument_error,1
EVT:MAINTENANCE_INADEQUATE,CONTRIBUTES_TO,COND:design,1
EVT:MAINTENANCE_INADEQUATE,CAUSES,COND:design,2
EVT:MAINTENANCE_INADEQUATE,CAUSES,COND:structural_defect,2
EVT:MAINTENANCE_INADEQUATE,CAUSES,COND:infrastructure,1
EVT:MAINTENANCE_INADEQUATE,RESPONDS_TO,ENT:document,1
EVT:MAINTENANCE_INADEQUATE,CAUSES,COND:unknown,1
EVT:MAINTENANCE_INADEQUATE,CAUSES,COND:latent defect,1
EVT:MAINTENANCE_INADEQUATE,INHIBITS,COND:latent defect,1
EVT:MAINTENANCE_INADEQUATE,CONTRIBUTES_TO,EVT:GROUND_IMPACT,1
EVT:GROUND_RESONANCE,CAUSES,EVT:GROUND_IMPACT,6
EVT:GROUND_RESONANCE,CAUSES,EVT:AIRFRAME_STRUCTURAL_FAILURE,5
EVT:GROUND_RESONANCE,CAUSES,EVT:STRUCTURAL_OVERLOAD,1
EVT:GROUND_RESONANCE,RESPONDS_TO,EVT:CONTROL_INPUT_IMPROPER,5
EVT:GROUND_RESONANCE,INDUCED_CONDITION,COND:aerodynamic,1
EVT:GROUND_RESONANCE,RESPONDS_TO,EVT:DECISION_INAPPROPRIATE,1
EVT:GROUND_RESONANCE,CAUSES,EVT:INFLIGHT_BREAKUP,2
EVT:GROUND_RESONANCE,CAUSES,EVT:RUNWAY_EXCURSION_OR_OVERRUN,1
EVT:GROUND_RESONANCE,UNDER_CONDITION,COND:mechanical,1
EVT:GROUND_RESONANCE,INDUCED_CONDITION,COND:mechanical,1
EVT:GROUND_RESONANCE,RESPONDS_TO,EVT:PROCEDURE_NOT_FOLLOWED,1
EVT:GROUND_RESONANCE,CAUSES,EVT:INJURY_OR_FATALITY,1
EVT:GROUND_INCIDENT,ENABLES,COND:mechanical,1
EVT:GROUND_INCIDENT,INDUCED_CONDITION,COND:mechanical,1
EVT:GROUND_INCIDENT,UNDER_CONDITION,COND:mechanical,2
EVT:GROUND_INCIDENT,CAUSES,COND:mechanical,2
EVT:GROUND_INCIDENT,TRIGGERS,COND:mechanical,1
EVT:GROUND_INCIDENT,CAUSES,EVT:GROUND_IMPACT,5
EVT:GROUND_INCIDENT,PRECEDES,EVT:GROUND_IMPACT,1
EVT:GROUND_INCIDENT,CAUSES,EVT:GROUND_INCIDENT,3
EVT:GROUND_INCIDENT,RESPONDS_TO,EVT:CONTROL_INPUT_IMPROPER,2
EVT:GROUND_INCIDENT,CONCURRENT,EVT:CONTROL_INPUT_IMPROPER,1
EVT:GROUND_INCIDENT,TRIGGERS,EVT:CONTROL_INPUT_IMPROPER,1
EVT:GROUND_INCIDENT,CONCURRENT,EVT:LOSS_OF_CONTROL_GROUND,1
EVT:GROUND_INCIDENT,CAUSES,EVT:LOSS_OF_CONTROL_GROUND,2
EVT:GROUND_INCIDENT,UNDER_CONDITION,EVT:CONTROL_SURFACE_ANOMALY,2
EVT:GROUND_INCIDENT,PRECEDES,EVT:PERCEPTION_FAILURE,3
EVT:GROUND_INCIDENT,ENABLES,EVT:PERCEPTION_FAILURE,1
EVT:GROUND_INCIDENT,UNDER_CONDITION,COND:environmental,3
EVT:GROUND_INCIDENT,CAUSES,COND:spatial,1
EVT:GROUND_INCIDENT,UNDER_CONDITION,COND:terrain,1
EVT:GROUND_INCIDENT,CAUSES,EVT:LANDING_GEAR_ANOMALY,1
EVT:GROUND_INCIDENT,TRIGGERS,EVT:AIRFRAME_STRUCTURAL_FAILURE,1
EVT:GROUND_INCIDENT,TRIGGERS,EVT:DECISION_INAPPROPRIATE,1
EVT:GROUND_INCIDENT,CAUSES,EVT:GROUND_DAMAGE,1
EVT:INSTRUMENT_OR_AVIONICS_FAILURE,UNDER_CONDITION,COND:mechanical,68
EVT:INSTRUMENT_OR_AVIONICS_FAILURE,CAUSES,COND:mechanical,34
EVT:INSTRUMENT_OR_AVIONICS_FAILURE,INDUCED_CONDITION,COND:mechanical,38
EVT:INSTRUMENT_OR_AVIONICS_FAILURE,DETECTS,COND:mechanical,6
EVT:INSTRUMENT_OR_AVIONICS_FAILURE,CONCURRENT,COND:mechanical,1
EVT:INSTRUMENT_OR_AVIONICS_FAILURE,MASKED_BY_CONDITION,COND:mechanical,6
EVT:INSTRUMENT_OR_AVIONICS_FAILURE,CAUSES,EVT:DECISION_INAPPROPRIATE,27
EVT:INSTRUMENT_OR_AVIONICS_FAILURE,TRIGGERS,EVT:DECISION_INAPPROPRIATE,17
EVT:INSTRUMENT_OR_AVIONICS_FAILURE,RESPONDS_TO,EVT:DECISION_INAPPROPRIATE,27
EVT:INSTRUMENT_OR_AVIONICS_FAILURE,CONTRIBUTES_TO,EVT:DECISION_INAPPROPRIATE,3
EVT:INSTRUMENT_OR_AVIONICS_FAILURE,ENABLES,EVT:DECISION_INAPPROPRIATE,1
EVT:INSTRUMENT_OR_AVIONICS_FAILURE,CAUSES,EVT:PERCEPTION_FAILURE,26
EVT:INSTRUMENT_OR_AVIONICS_FAILURE,RESPONDS_TO,EVT:PERCEPTION_FAILURE,3
EVT:INSTRUMENT_OR_AVIONICS_FAILURE,TRIGGERS,EVT:PERCEPTION_FAILURE,4
EVT:INSTRUMENT_OR_AVIONICS_FAILURE,CONTRIBUTES_TO,EVT:PERCEPTION_FAILURE,3
EVT:INSTRUMENT_OR_AVIONICS_FAILURE,ENABLES,EVT:PERCEPTION_FAILURE,1
EVT:INSTRUMENT_OR_AVIONICS_FAILURE,INHIBITS,EVT:PERCEPTION_FAILURE,2
EVT:INSTRUMENT_OR_AVIONICS_FAILURE,MASKED_BY_CONDITION,EVT:PERCEPTION_FAILURE,2
EVT:INSTRUMENT_OR_AVIONICS_FAILURE,CONCURRENT,EVT:PERCEPTION_FAILURE,1
EVT:INSTRUMENT_OR_AVIONICS_FAILURE,UNDER_CONDITION,COND:weather,6
EVT:INSTRUMENT_OR_AVIONICS_FAILURE,CAUSES,COND:weather,1
EVT:INSTRUMENT_OR_AVIONICS_FAILURE,CONCURRENT,COND:weather,1
EVT:INSTRUMENT_OR_AVIONICS_FAILURE,INDUCED_CONDITION,COND:weather,1
EVT:INSTRUMENT_OR_AVIONICS_FAILURE,CAUSES,EVT:LOSS_OF_CONTROL_INFLIGHT,4
EVT:INSTRUMENT_OR_AVIONICS_FAILURE,CONTRIBUTES_TO,EVT:LOSS_OF_CONTROL_INFLIGHT,3
EVT:INSTRUMENT_OR_AVIONICS_FAILURE,CAUSES,EVT:MIDAIR_COLLISION,1
EVT:INSTRUMENT_OR_AVIONICS_FAILURE,RESPONDS_TO,EVT:PROCEDURE_NOT_FOLLOWED,48
EVT:INSTRUMENT_OR_AVIONICS_FAILURE,CAUSES,EVT:PROCEDURE_NOT_FOLLOWED,8
EVT:INSTRUMENT_OR_AVIONICS_FAILURE,INHIBITS,EVT:PROCEDURE_NOT_FOLLOWED,7
EVT:INSTRUMENT_OR_AVIONICS_FAILURE,TRIGGERS,EVT:PROCEDURE_NOT_FOLLOWED,14
EVT:INSTRUMENT_OR_AVIONICS_FAILURE,CONTRIBUTES_TO,EVT:PROCEDURE_NOT_FOLLOWED,6
EVT:INSTRUMENT_OR_AVIONICS_FAILURE,MASKED_BY_CONDITION,EVT:PROCEDURE_NOT_FOLLOWED,1
EVT:INSTRUMENT_OR_AVIONICS_FAILURE,CAUSES,EVT:ENGINE_FAILURE,33
EVT:INSTRUMENT_OR_AVIONICS_FAILURE,CONTRIBUTES_TO,EVT:ENGINE_FAILURE,2
EVT:INSTRUMENT_OR_AVIONICS_FAILURE,PRECEDES,EVT:ENGINE_FAILURE,2
EVT:INSTRUMENT_OR_AVIONICS_FAILURE,CONCURRENT,EVT:ENGINE_FAILURE,1
EVT:INSTRUMENT_OR_AVIONICS_FAILURE,CONTRIBUTES_TO,EVT:SPATIAL_DISORIENTATION,2
EVT:INSTRUMENT_OR_AVIONICS_FAILURE,CAUSES,EVT:SPATIAL_DISORIENTATION,9
EVT:INSTRUMENT_OR_AVIONICS_FAILURE,CAUSES,EVT:INSTRUMENT_OR_AVIONICS_FAILURE,17
EVT:INSTRUMENT_OR_AVIONICS_FAILURE,PRECEDES,EVT:INSTRUMENT_OR_AVIONICS_FAILURE,1
EVT:INSTRUMENT_OR_AVIONICS_FAILURE,TRIGGERS,EVT:INSTRUMENT_OR_AVIONICS_FAILURE,1
EVT:INSTRUMENT_OR_AVIONICS_FAILURE,CONCURRENT,EVT:INSTRUMENT_OR_AVIONICS_FAILURE,1
EVT:INSTRUMENT_OR_AVIONICS_FAILURE,CONTRIBUTES_TO,EVT:INSTRUMENT_OR_AVIONICS_FAILURE,1
EVT:INSTRUMENT_OR_AVIONICS_FAILURE,MASKED_BY_CONDITION,COND:environmental,1
EVT:INSTRUMENT_OR_AVIONICS_FAILURE,UNDER_CONDITION,COND:environmental,3
EVT:INSTRUMENT_OR_AVIONICS_FAILURE,CAUSES,COND:environmental,2
EVT:INSTRUMENT_OR_AVIONICS_FAILURE,INDUCED_CONDITION,COND:environmental,1
EVT:INSTRUMENT_OR_AVIONICS_FAILURE,PREVENTS,EVT:GROUND_IMPACT,3
EVT:INSTRUMENT_OR_AVIONICS_FAILURE,CONTRIBUTES_TO,EVT:GROUND_IMPACT,4
EVT:INSTRUMENT_OR_AVIONICS_FAILURE,CAUSES,EVT:GROUND_IMPACT,2
EVT:INSTRUMENT_OR_AVIONICS_FAILURE,INHIBITS,EVT:GROUND_IMPACT,2
EVT:INSTRUMENT_OR_AVIONICS_FAILURE,INDUCED_CONDITION,COND:human,1
EVT:INSTRUMENT_OR_AVIONICS_FAILURE,CAUSES,EVT:AUTOMATION_ANOMALY,5
EVT:INSTRUMENT_OR_AVIONICS_FAILURE,CONCURRENT,EVT:AUTOMATION_ANOMALY,1
EVT:INSTRUMENT_OR_AVIONICS_FAILURE,CAUSES,COND:instrument,4
EVT:INSTRUMENT_OR_AVIONICS_FAILURE,INDUCED_CONDITION,COND:instrument,3
EVT:INSTRUMENT_OR_AVIONICS_FAILURE,UNDER_CONDITION,COND:instrument,1
EVT:INSTRUMENT_OR_AVIONICS_FAILURE,CAUSES,EVT:EMERGENCY_LANDING,6
EVT:INSTRUMENT_OR_AVIONICS_FAILURE,CONCURRENT,EVT:CONTROL_SURFACE_ANOMALY,1
EVT:INSTRUMENT_OR_AVIONICS_FAILURE,CAUSES,EVT:CONTROL_SURFACE_ANOMALY,6
EVT:INSTRUMENT_OR_AVIONICS_FAILURE,CAUSES,COND:system,1
EVT:INSTRUMENT_OR_AVIONICS_FAILURE,CAUSES,ENT:component,1
EVT:INSTRUMENT_OR_AVIONICS_FAILURE,UNDER_CONDITION,ENT:component,2
EVT:INSTRUMENT_OR_AVIONICS_FAILURE,CONTRIBUTES_TO,EVT:GROUND_PERSONNEL_ERROR,1
EVT:INSTRUMENT_OR_AVIONICS_FAILURE,CAUSES,COND:information,4
EVT:INSTRUMENT_OR_AVIONICS_FAILURE,INDUCED_CONDITION,COND:information,1
EVT:INSTRUMENT_OR_AVIONICS_FAILURE,UNDER_CONDITION,COND:equipment,1
EVT:INSTRUMENT_OR_AVIONICS_FAILURE,CONTRIBUTES_TO,EVT:TURBULENCE_ENCOUNTER,1
EVT:INSTRUMENT_OR_AVIONICS_FAILURE,MASKED_BY_CONDITION,EVT:CONTROL_INPUT_IMPROPER,1
EVT:INSTRUMENT_OR_AVIONICS_FAILURE,CAUSES,EVT:CONTROL_INPUT_IMPROPER,2
EVT:INSTRUMENT_OR_AVIONICS_FAILURE,TRIGGERS,EVT:CONTROL_INPUT_IMPROPER,5
EVT:INSTRUMENT_OR_AVIONICS_FAILURE,RESPONDS_TO,EVT:CONTROL_INPUT_IMPROPER,6
EVT:INSTRUMENT_OR_AVIONICS_FAILURE,CONTRIBUTES_TO,EVT:CONTROL_INPUT_IMPROPER,4
EVT:INSTRUMENT_OR_AVIONICS_FAILURE,CAUSES,EVT:ALTITUDE_DEVIATION_UNCONTROLLED,1
EVT:INSTRUMENT_OR_AVIONICS_FAILURE,CONTRIBUTES_TO,EVT:ALTITUDE_DEVIATION_UNCONTROLLED,4
EVT:INSTRUMENT_OR_AVIONICS_FAILURE,CONTRIBUTES_TO,EVT:INFLIGHT_FIRE_OR_SMOKE,1
EVT:INSTRUMENT_OR_AVIONICS_FAILURE,CAUSES,EVT:INFLIGHT_FIRE_OR_SMOKE,3
EVT:INSTRUMENT_OR_AVIONICS_FAILURE,PRECEDES,EVT:INFLIGHT_FIRE_OR_SMOKE,1
EVT:INSTRUMENT_OR_AVIONICS_FAILURE,TRIGGERS,EVT:ATC_OR_DISPATCH_INADEQUATE,3
EVT:INSTRUMENT_OR_AVIONICS_FAILURE,RESPONDS_TO,EVT:ATC_OR_DISPATCH_INADEQUATE,1
EVT:INSTRUMENT_OR_AVIONICS_FAILURE,INHIBITS,EVT:ATC_OR_DISPATCH_INADEQUATE,1
EVT:INSTRUMENT_OR_AVIONICS_FAILURE,INHIBITS,EVT:STALL,1
EVT:INSTRUMENT_OR_AVIONICS_FAILURE,CAUSES,COND:communication,1
EVT:INSTRUMENT_OR_AVIONICS_FAILURE,INDUCED_CONDITION,COND:perception,1
EVT:INSTRUMENT_OR_AVIONICS_FAILURE,RESPONDS_TO,EVT:PROCEDURE_FOLLOWED,1
EVT:INSTRUMENT_OR_AVIONICS_FAILURE,INDUCED_CONDITION,COND:psychological,1
EVT:INSTRUMENT_OR_AVIONICS_FAILURE,CAUSES,COND:situational_awareness,1
EVT:INSTRUMENT_OR_AVIONICS_FAILURE,CONTRIBUTES_TO,EVT:AIRFRAME_STRUCTURAL_FAILURE,1
EVT:INSTRUMENT_OR_AVIONICS_FAILURE,CAUSES,COND:organizational,1
EVT:INSTRUMENT_OR_AVIONICS_FAILURE,TRIGGERS,EVT:MAINTENANCE_INADEQUATE,1
EVT:INSTRUMENT_OR_AVIONICS_FAILURE,RESPONDS_TO,EVT:MAINTENANCE_INADEQUATE,1
EVT:INSTRUMENT_OR_AVIONICS_FAILURE,CAUSES,EVT:LOSS_OF_CONTROL_GROUND,1
EVT:INSTRUMENT_OR_AVIONICS_FAILURE,CONTRIBUTES_TO,EVT:RUNWAY_EXCURSION_OR_OVERRUN,2
EVT:INSTRUMENT_OR_AVIONICS_FAILURE,CONTRIBUTES_TO,EVT:LANDING_GEAR_ANOMALY,1
EVT:INSTRUMENT_OR_AVIONICS_FAILURE,CAUSES,EVT:LANDING_GEAR_ANOMALY,2
EVT:INSTRUMENT_OR_AVIONICS_FAILURE,INDUCED_CONDITION,COND:human_factor,1
EVT:INSTRUMENT_OR_AVIONICS_FAILURE,CAUSES,EVT:SUCCESSFUL_RECOVERY,2
EVT:INSTRUMENT_OR_AVIONICS_FAILURE,MITIGATES,EVT:SUCCESSFUL_RECOVERY,4
EVT:INSTRUMENT_OR_AVIONICS_FAILURE,RESPONDS_TO,EVT:SUCCESSFUL_RECOVERY,1
EVT:INSTRUMENT_OR_AVIONICS_FAILURE,INDUCED_CONDITION,COND:cognitive,1
EVT:INSTRUMENT_OR_AVIONICS_FAILURE,CAUSES,COND:electrical,1
EVT:INSTRUMENT_OR_AVIONICS_FAILURE,CAUSES,EVT:FUEL_SYSTEM_ANOMALY,2
EVT:INSTRUMENT_OR_AVIONICS_FAILURE,MASKED_BY_CONDITION,EVT:WIND_SHEAR_OR_GUST,1
EVT:PERCEPTION_FAILURE,CAUSES,EVT:MIDAIR_COLLISION,194
EVT:PERCEPTION_FAILURE,CONTRIBUTES_TO,EVT:MIDAIR_COLLISION,41
EVT:PERCEPTION_FAILURE,MITIGATES,EVT:MIDAIR_COLLISION,1
EVT:PERCEPTION_FAILURE,UNDER_CONDITION,COND:environmental,287
EVT:PERCEPTION_FAILURE,INDUCED_CONDITION,COND:environmental,9
EVT:PERCEPTION_FAILURE,MASKED_BY_CONDITION,COND:environmental,23
EVT:PERCEPTION_FAILURE,DETECTS,COND:environmental,2
EVT:PERCEPTION_FAILURE,CAUSES,COND:environmental,11
EVT:PERCEPTION_FAILURE,CONTRIBUTES_TO,COND:environmental,3
EVT:PERCEPTION_FAILURE,ENABLES,COND:environmental,2
EVT:PERCEPTION_FAILURE,RESPONDS_TO,COND:environmental,3
EVT:PERCEPTION_FAILURE,CAUSES,EVT:CONTROL_INPUT_IMPROPER,655
EVT:PERCEPTION_FAILURE,CONTRIBUTES_TO,EVT:CONTROL_INPUT_IMPROPER,112
EVT:PERCEPTION_FAILURE,RESPONDS_TO,EVT:CONTROL_INPUT_IMPROPER,74
EVT:PERCEPTION_FAILURE,TRIGGERS,EVT:CONTROL_INPUT_IMPROPER,52
EVT:PERCEPTION_FAILURE,ENABLES,EVT:CONTROL_INPUT_IMPROPER,2
EVT:PERCEPTION_FAILURE,CONCURRENT,EVT:CONTROL_INPUT_IMPROPER,8
EVT:PERCEPTION_FAILURE,PRECEDES,EVT:CONTROL_INPUT_IMPROPER,2
EVT:PERCEPTION_FAILURE,INHIBITS,EVT:CONTROL_INPUT_IMPROPER,1
EVT:PERCEPTION_FAILURE,INDUCED_CONDITION,COND:mechanical,21
EVT:PERCEPTION_FAILURE,UNDER_CONDITION,COND:mechanical,42
EVT:PERCEPTION_FAILURE,CONTRIBUTES_TO,COND:mechanical,14
EVT:PERCEPTION_FAILURE,CAUSES,COND:mechanical,120
EVT:PERCEPTION_FAILURE,MASKED_BY_CONDITION,COND:mechanical,52
EVT:PERCEPTION_FAILURE,ENABLES,COND:mechanical,48
EVT:PERCEPTION_FAILURE,RESPONDS_TO,COND:mechanical,1
EVT:PERCEPTION_FAILURE,INHIBITS,COND:mechanical,8
EVT:PERCEPTION_FAILURE,DETECTS,COND:mechanical,6
EVT:PERCEPTION_FAILURE,CAUSES,EVT:TERRAIN_OR_OBSTACLE_PROXIMITY,274
EVT:PERCEPTION_FAILURE,CONTRIBUTES_TO,EVT:TERRAIN_OR_OBSTACLE_PROXIMITY,12
EVT:PERCEPTION_FAILURE,CONCURRENT,EVT:TERRAIN_OR_OBSTACLE_PROXIMITY,1
EVT:PERCEPTION_FAILURE,MITIGATES,EVT:TERRAIN_OR_OBSTACLE_PROXIMITY,1
EVT:PERCEPTION_FAILURE,CAUSES,EVT:GROUND_IMPACT,565
EVT:PERCEPTION_FAILURE,CONTRIBUTES_TO,EVT:GROUND_IMPACT,94
EVT:PERCEPTION_FAILURE,INHIBITS,EVT:GROUND_IMPACT,3
EVT:PERCEPTION_FAILURE,PREVENTS,EVT:GROUND_IMPACT,2
EVT:PERCEPTION_FAILURE,CONCURRENT,EVT:GROUND_IMPACT,1
EVT:PERCEPTION_FAILURE,CAUSES,EVT:STALL,161
EVT:PERCEPTION_FAILURE,CONTRIBUTES_TO,EVT:STALL,20
EVT:PERCEPTION_FAILURE,TRIGGERS,EVT:STALL,1
EVT:PERCEPTION_FAILURE,MASKED_BY_CONDITION,EVT:STALL,1
EVT:PERCEPTION_FAILURE,CAUSES,EVT:RUNWAY_EXCURSION_OR_OVERRUN,83
EVT:PERCEPTION_FAILURE,CONTRIBUTES_TO,EVT:RUNWAY_EXCURSION_OR_OVERRUN,12
EVT:PERCEPTION_FAILURE,CAUSES,EVT:WATER_IMPACT,12
EVT:PERCEPTION_FAILURE,CONTRIBUTES_TO,EVT:WATER_IMPACT,2
EVT:PERCEPTION_FAILURE,CAUSES,EVT:SPATIAL_DISORIENTATION,34
EVT:PERCEPTION_FAILURE,CONCURRENT,EVT:SPATIAL_DISORIENTATION,1
EVT:PERCEPTION_FAILURE,CONTRIBUTES_TO,EVT:SPATIAL_DISORIENTATION,5
EVT:PERCEPTION_FAILURE,CAUSES,EVT:DECISION_INAPPROPRIATE,377
EVT:PERCEPTION_FAILURE,CONTRIBUTES_TO,EVT:DECISION_INAPPROPRIATE,75
EVT:PERCEPTION_FAILURE,CONCURRENT,EVT:DECISION_INAPPROPRIATE,2
EVT:PERCEPTION_FAILURE,TRIGGERS,EVT:DECISION_INAPPROPRIATE,37
EVT:PERCEPTION_FAILURE,RESPONDS_TO,EVT:DECISION_INAPPROPRIATE,51
EVT:PERCEPTION_FAILURE,CAUSES,EVT:LOSS_OF_CONTROL_INFLIGHT,77
EVT:PERCEPTION_FAILURE,CONTRIBUTES_TO,EVT:LOSS_OF_CONTROL_INFLIGHT,31
EVT:PERCEPTION_FAILURE,PRECEDES,EVT:LOSS_OF_CONTROL_INFLIGHT,1
EVT:PERCEPTION_FAILURE,CONCURRENT,EVT:LOSS_OF_CONTROL_INFLIGHT,1
EVT:PERCEPTION_FAILURE,UNDER_CONDITION,ENT:location,4
EVT:PERCEPTION_FAILURE,TRIGGERS,EVT:PROCEDURE_NOT_FOLLOWED,12
EVT:PERCEPTION_FAILURE,CAUSES,EVT:PROCEDURE_NOT_FOLLOWED,228
EVT:PERCEPTION_FAILURE,CONTRIBUTES_TO,EVT:PROCEDURE_NOT_FOLLOWED,59
EVT:PERCEPTION_FAILURE,CONCURRENT,EVT:PROCEDURE_NOT_FOLLOWED,6
EVT:PERCEPTION_FAILURE,RESPONDS_TO,EVT:PROCEDURE_NOT_FOLLOWED,62
EVT:PERCEPTION_FAILURE,PRECEDES,EVT:PROCEDURE_NOT_FOLLOWED,1
EVT:PERCEPTION_FAILURE,INHIBITS,EVT:PROCEDURE_NOT_FOLLOWED,9
EVT:PERCEPTION_FAILURE,ENABLES,EVT:PROCEDURE_NOT_FOLLOWED,1
EVT:PERCEPTION_FAILURE,CO_OCCURS,EVT:PROCEDURE_NOT_FOLLOWED,1
EVT:PERCEPTION_FAILURE,CAUSES,EVT:ALTITUDE_DEVIATION_UNCONTROLLED,93
EVT:PERCEPTION_FAILURE,CONTRIBUTES_TO,EVT:ALTITUDE_DEVIATION_UNCONTROLLED,12
EVT:PERCEPTION_FAILURE,CONCURRENT,EVT:ALTITUDE_DEVIATION_UNCONTROLLED,1
EVT:PERCEPTION_FAILURE,CAUSES,EVT:GROUND_COLLISION,54
EVT:PERCEPTION_FAILURE,CONCURRENT,EVT:GROUND_COLLISION,1
EVT:PERCEPTION_FAILURE,CONTRIBUTES_TO,EVT:GROUND_COLLISION,8
EVT:PERCEPTION_FAILURE,CONCURRENT,EVT:INFLIGHT_FIRE_OR_SMOKE,3
EVT:PERCEPTION_FAILURE,CONTRIBUTES_TO,EVT:INFLIGHT_FIRE_OR_SMOKE,1
EVT:PERCEPTION_FAILURE,RESPONDS_TO,EVT:INFLIGHT_FIRE_OR_SMOKE,1
EVT:PERCEPTION_FAILURE,CONTRIBUTES_TO,COND:resource,4
EVT:PERCEPTION_FAILURE,CAUSES,COND:resource,15
EVT:PERCEPTION_FAILURE,ENABLES,COND:resource,1
EVT:PERCEPTION_FAILURE,INDUCED_CONDITION,COND:resource,1
EVT:PERCEPTION_FAILURE,CONTRIBUTES_TO,EVT:ENGINE_FAILURE,17
EVT:PERCEPTION_FAILURE,CAUSES,EVT:ENGINE_FAILURE,11
EVT:PERCEPTION_FAILURE,TRIGGERS,EVT:ENGINE_FAILURE,1
EVT:PERCEPTION_FAILURE,INHIBITS,EVT:ENGINE_FAILURE,2
EVT:PERCEPTION_FAILURE,ENABLES,EVT:ENGINE_FAILURE,1
EVT:PERCEPTION_FAILURE,CAUSES,EVT:PERCEPTION_FAILURE,72
EVT:PERCEPTION_FAILURE,RESPONDS_TO,EVT:PERCEPTION_FAILURE,4
EVT:PERCEPTION_FAILURE,TRIGGERS,EVT:PERCEPTION_FAILURE,1
EVT:PERCEPTION_FAILURE,CONTRIBUTES_TO,EVT:PERCEPTION_FAILURE,22
EVT:PERCEPTION_FAILURE,CO_OCCURS,EVT:PERCEPTION_FAILURE,2
EVT:PERCEPTION_FAILURE,CONCURRENT,EVT:PERCEPTION_FAILURE,8
EVT:PERCEPTION_FAILURE,INHIBITS,EVT:PERCEPTION_FAILURE,1
EVT:PERCEPTION_FAILURE,CAUSES,EVT:TAXIING_INCIDENT,3
EVT:PERCEPTION_FAILURE,MASKED_BY_CONDITION,COND:terrain,2
EVT:PERCEPTION_FAILURE,UNDER_CONDITION,COND:terrain,37
EVT:PERCEPTION_FAILURE,CAUSES,COND:terrain,2
EVT:PERCEPTION_FAILURE,DETECTS,COND:terrain,1
EVT:PERCEPTION_FAILURE,CAUSES,EVT:ATC_OR_DISPATCH_INADEQUATE,8
EVT:PERCEPTION_FAILURE,CONTRIBUTES_TO,EVT:ATC_OR_DISPATCH_INADEQUATE,1
EVT:PERCEPTION_FAILURE,RESPONDS_TO,EVT:ATC_OR_DISPATCH_INADEQUATE,3
EVT:PERCEPTION_FAILURE,INDUCED_CONDITION,COND:attention,14
EVT:PERCEPTION_FAILURE,UNDER_CONDITION,COND:attention,2
EVT:PERCEPTION_FAILURE,CAUSES,COND:attention,1
EVT:PERCEPTION_FAILURE,CAUSES,COND:procedural,4
EVT:PERCEPTION_FAILURE,INDUCED_CONDITION,COND:procedural,4
EVT:PERCEPTION_FAILURE,CONTRIBUTES_TO,EVT:INJURY_OR_FATALITY,3
EVT:PERCEPTION_FAILURE,CAUSES,EVT:INJURY_OR_FATALITY,9
EVT:PERCEPTION_FAILURE,MASKED_BY_CONDITION,COND:weather,17
EVT:PERCEPTION_FAILURE,UNDER_CONDITION,COND:weather,168
EVT:PERCEPTION_FAILURE,CONCURRENT,COND:weather,2
EVT:PERCEPTION_FAILURE,INDUCED_CONDITION,COND:weather,1
EVT:PERCEPTION_FAILURE,RESPONDS_TO,COND:weather,2
EVT:PERCEPTION_FAILURE,CAUSES,COND:weather,3
EVT:PERCEPTION_FAILURE,INDUCED_CONDITION,COND:cognitive,24
EVT:PERCEPTION_FAILURE,CAUSES,COND:cognitive,9
EVT:PERCEPTION_FAILURE,UNDER_CONDITION,COND:cognitive,3
EVT:PERCEPTION_FAILURE,CONTRIBUTES_TO,COND:cognitive,2
EVT:PERCEPTION_FAILURE,MASKED_BY_CONDITION,COND:cognitive,1
EVT:PERCEPTION_FAILURE,TRIGGERS,COND:cognitive,1
EVT:PERCEPTION_FAILURE,CONTRIBUTES_TO,EVT:GROUND_PERSONNEL_ERROR,3
EVT:PERCEPTION_FAILURE,RESPONDS_TO,EVT:GROUND_PERSONNEL_ERROR,2
EVT:PERCEPTION_FAILURE,CAUSES,EVT:GROUND_PERSONNEL_ERROR,19
EVT:PERCEPTION_FAILURE,INDUCED_CONDITION,COND:psychological,2
EVT:PERCEPTION_FAILURE,CAUSES,COND:psychological,2
EVT:PERCEPTION_FAILURE,CONTRIBUTES_TO,COND:psychological,1
EVT:PERCEPTION_FAILURE,INHIBITS,EVT:CREW_COORDINATION_FAILURE,1
EVT:PERCEPTION_FAILURE,CAUSES,EVT:CREW_COORDINATION_FAILURE,6
EVT:PERCEPTION_FAILURE,CONTRIBUTES_TO,EVT:CREW_COORDINATION_FAILURE,4
EVT:PERCEPTION_FAILURE,RESPONDS_TO,EVT:CREW_COORDINATION_FAILURE,1
EVT:PERCEPTION_FAILURE,TRIGGERS,EVT:CREW_COORDINATION_FAILURE,1
EVT:PERCEPTION_FAILURE,CONCURRENT,EVT:CREW_COORDINATION_FAILURE,1
EVT:PERCEPTION_FAILURE,CAUSES,COND:aerodynamic,48
EVT:PERCEPTION_FAILURE,INDUCED_CONDITION,COND:aerodynamic,27
EVT:PERCEPTION_FAILURE,UNDER_CONDITION,COND:aerodynamic,7
EVT:PERCEPTION_FAILURE,CONTRIBUTES_TO,COND:aerodynamic,2
EVT:PERCEPTION_FAILURE,DETECTS,COND:aerodynamic,1
EVT:PERCEPTION_FAILURE,CONCURRENT,COND:aerodynamic,1
EVT:PERCEPTION_FAILURE,INDUCED_CONDITION,COND:situational_awareness,20
EVT:PERCEPTION_FAILURE,CAUSES,COND:situational_awareness,9
EVT:PERCEPTION_FAILURE,UNDER_CONDITION,COND:situational_awareness,7
EVT:PERCEPTION_FAILURE,CONTRIBUTES_TO,COND:fuel_state,3
EVT:PERCEPTION_FAILURE,CAUSES,COND:latent_defect,3
EVT:PERCEPTION_FAILURE,ENABLES,COND:latent_defect,1
EVT:PERCEPTION_FAILURE,UNDER_CONDITION,COND:latent_defect,2
EVT:PERCEPTION_FAILURE,INDUCED_CONDITION,COND:spatial,6
EVT:PERCEPTION_FAILURE,UNDER_CONDITION,COND:spatial,7
EVT:PERCEPTION_FAILURE,CAUSES,COND:spatial,3
EVT:PERCEPTION_FAILURE,MASKED_BY_CONDITION,COND:spatial,2
EVT:PERCEPTION_FAILURE,CAUSES,COND:latent,1
EVT:PERCEPTION_FAILURE,MASKED_BY_CONDITION,COND:latent,1
EVT:PERCEPTION_FAILURE,UNDER_CONDITION,COND:latent,1
EVT:PERCEPTION_FAILURE,INDUCED_CONDITION,COND:attentional,2
EVT:PERCEPTION_FAILURE,INDUCED_CONDITION,COND:human,7
EVT:PERCEPTION_FAILURE,UNDER_CONDITION,COND:human,3
EVT:PERCEPTION_FAILURE,CAUSES,COND:human,5
EVT:PERCEPTION_FAILURE,MASKED_BY_CONDITION,COND:human,1
EVT:PERCEPTION_FAILURE,UNDER_CONDITION,COND:visual,10
EVT:PERCEPTION_FAILURE,INDUCED_CONDITION,COND:visual,2
EVT:PERCEPTION_FAILURE,CAUSES,COND:visual,1
EVT:PERCEPTION_FAILURE,CONTRIBUTES_TO,EVT:LOSS_OF_CONTROL_GROUND,16
EVT:PERCEPTION_FAILURE,CAUSES,EVT:LOSS_OF_CONTROL_GROUND,39
EVT:PERCEPTION_FAILURE,INHIBITS,EVT:LOSS_OF_CONTROL_GROUND,1
EVT:PERCEPTION_FAILURE,CAUSES,EVT:INSTRUMENT_OR_AVIONICS_FAILURE,1
EVT:PERCEPTION_FAILURE,CONTRIBUTES_TO,EVT:TURBULENCE_ENCOUNTER,3
EVT:PERCEPTION_FAILURE,CAUSES,EVT:TURBULENCE_ENCOUNTER,5
EVT:PERCEPTION_FAILURE,UNDER_CONDITION,COND:organizational,9
EVT:PERCEPTION_FAILURE,INDUCED_CONDITION,COND:organizational,4
EVT:PERCEPTION_FAILURE,CAUSES,COND:organizational,3
EVT:PERCEPTION_FAILURE,CONTRIBUTES_TO,COND:organizational,2
EVT:PERCEPTION_FAILURE,INHIBITS,COND:organizational,1
EVT:PERCEPTION_FAILURE,CAUSES,COND:fuel,5
EVT:PERCEPTION_FAILURE,CONTRIBUTES_TO,COND:fuel,1
EVT:PERCEPTION_FAILURE,INDUCED_CONDITION,COND:spatial_reference,1
EVT:PERCEPTION_FAILURE,UNDER_CONDITION,COND:spatial_reference,1
EVT:PERCEPTION_FAILURE,CONCURRENT,EVT:THUNDERSTORM_OR_CONVECTIVE,1
EVT:PERCEPTION_FAILURE,CAUSES,COND:communication,1
EVT:PERCEPTION_FAILURE,INDUCED_CONDITION,COND:communication,2
EVT:PERCEPTION_FAILURE,INDUCED_CONDITION,COND:perception,1
EVT:PERCEPTION_FAILURE,CAUSES,COND:perception,1
EVT:PERCEPTION_FAILURE,UNDER_CONDITION,COND:information,5
EVT:PERCEPTION_FAILURE,CAUSES,COND:information,5
EVT:PERCEPTION_FAILURE,INDUCED_CONDITION,COND:information,1
EVT:PERCEPTION_FAILURE,MASKED_BY_CONDITION,COND:information,1
EVT:PERCEPTION_FAILURE,INDUCED_CONDITION,COND:flight_phase,1
EVT:PERCEPTION_FAILURE,CAUSES,EVT:RUNWAY_CONDITION_HAZARD,1
EVT:PERCEPTION_FAILURE,CONTRIBUTES_TO,EVT:RUNWAY_CONDITION_HAZARD,1
EVT:PERCEPTION_FAILURE,CAUSES,COND:knowledge,1
EVT:PERCEPTION_FAILURE,CAUSES,COND:perceptual,4
EVT:PERCEPTION_FAILURE,INDUCED_CONDITION,COND:perceptual,7
EVT:PERCEPTION_FAILURE,UNDER_CONDITION,COND:perceptual,2
EVT:PERCEPTION_FAILURE,MASKED_BY_CONDITION,COND:physical,1
EVT:PERCEPTION_FAILURE,UNDER_CONDITION,COND:physical,4
EVT:PERCEPTION_FAILURE,UNDER_CONDITION,COND:obstacle,1
EVT:PERCEPTION_FAILURE,INDUCED_CONDITION,COND:human_factors,15
EVT:PERCEPTION_FAILURE,CAUSES,COND:human_factors,3
EVT:PERCEPTION_FAILURE,UNDER_CONDITION,COND:human_factors,5
EVT:PERCEPTION_FAILURE,RESPONDS_TO,EVT:SUCCESSFUL_RECOVERY,5
EVT:PERCEPTION_FAILURE,TRIGGERS,EVT:SUCCESSFUL_RECOVERY,1
EVT:PERCEPTION_FAILURE,CAUSES,EVT:SUCCESSFUL_RECOVERY,3
EVT:PERCEPTION_FAILURE,INDUCED_CONDITION,COND:situational,2
EVT:PERCEPTION_FAILURE,UNDER_CONDITION,COND:situational,1
EVT:PERCEPTION_FAILURE,CAUSES,COND:situational,1
EVT:PERCEPTION_FAILURE,CAUSES,EVT:BIRD_OR_WILDLIFE_STRIKE,10
EVT:PERCEPTION_FAILURE,CONTRIBUTES_TO,EVT:BIRD_OR_WILDLIFE_STRIKE,5
EVT:PERCEPTION_FAILURE,UNDER_CONDITION,COND:infrastructure,4
EVT:PERCEPTION_FAILURE,ENABLES,COND:infrastructure,1
EVT:PERCEPTION_FAILURE,CAUSES,COND:infrastructure,1
EVT:PERCEPTION_FAILURE,UNDER_CONDITION,COND:human_factor,8
EVT:PERCEPTION_FAILURE,INDUCED_CONDITION,COND:human_factor,8
EVT:PERCEPTION_FAILURE,CAUSES,COND:human_factor,4
EVT:PERCEPTION_FAILURE,CAUSES,EVT:FUEL_SYSTEM_ANOMALY,9
EVT:PERCEPTION_FAILURE,CONTRIBUTES_TO,EVT:FUEL_SYSTEM_ANOMALY,5
EVT:PERCEPTION_FAILURE,UNDER_CONDITION,COND:other,6
EVT:PERCEPTION_FAILURE,CAUSES,COND:other,1
EVT:PERCEPTION_FAILURE,INDUCED_CONDITION,COND:other,2
EVT:PERCEPTION_FAILURE,INDUCED_CONDITION,COND:fuel_quantity,1
EVT:PERCEPTION_FAILURE,UNDER_CONDITION,COND:unknown,2
EVT:PERCEPTION_FAILURE,CONTRIBUTES_TO,EVT:LANDING_GEAR_ANOMALY,12
EVT:PERCEPTION_FAILURE,CAUSES,EVT:LANDING_GEAR_ANOMALY,12
EVT:PERCEPTION_FAILURE,ENABLES,EVT:LANDING_GEAR_ANOMALY,1
EVT:PERCEPTION_FAILURE,CONCURRENT,EVT:LANDING_GEAR_ANOMALY,2
EVT:PERCEPTION_FAILURE,CAUSES,COND:physiological,1
EVT:PERCEPTION_FAILURE,INDUCED_CONDITION,COND:physiological,5
EVT:PERCEPTION_FAILURE,UNDER_CONDITION,COND:physiological,4
EVT:PERCEPTION_FAILURE,CONTRIBUTES_TO,EVT:CARGO_SHIFTING,1
EVT:PERCEPTION_FAILURE,RESPONDS_TO,EVT:EMERGENCY_LANDING,8
EVT:PERCEPTION_FAILURE,CAUSES,EVT:EMERGENCY_LANDING,4
EVT:PERCEPTION_FAILURE,UNDER_CONDITION,ENT:aircraft,2
EVT:PERCEPTION_FAILURE,AFFECTED_BY,ENT:aircraft,1
EVT:PERCEPTION_FAILURE,CAUSES,EVT:AIRFRAME_STRUCTURAL_FAILURE,2
EVT:PERCEPTION_FAILURE,PRECEDES,EVT:AIRFRAME_STRUCTURAL_FAILURE,1
EVT:PERCEPTION_FAILURE,MASKED_BY_CONDITION,COND:maintenance,1
EVT:PERCEPTION_FAILURE,CONTRIBUTES_TO,COND:maintenance,1
EVT:PERCEPTION_FAILURE,INDUCED_CONDITION,COND:maintenance,1
EVT:PERCEPTION_FAILURE,UNDER_CONDITION,COND:design,1
EVT:PERCEPTION_FAILURE,CAUSES,EVT:CONTROL_SURFACE_ANOMALY,4
EVT:PERCEPTION_FAILURE,CONTRIBUTES_TO,EVT:CONTROL_SURFACE_ANOMALY,1
EVT:PERCEPTION_FAILURE,INHIBITS,EVT:CONTROL_SURFACE_ANOMALY,2
EVT:PERCEPTION_FAILURE,UNDER_CONDITION,COND:visibility,6
EVT:PERCEPTION_FAILURE,CAUSES,EVT:LOW_VISIBILITY_OR_IMC,5
EVT:PERCEPTION_FAILURE,CONTRIBUTES_TO,EVT:LOW_VISIBILITY_OR_IMC,2
EVT:PERCEPTION_FAILURE,CAUSES,COND:resource_depletion,1
EVT:PERCEPTION_FAILURE,CAUSES,COND:mental_state,1
EVT:PERCEPTION_FAILURE,CAUSES,COND:mental_model,1
EVT:PERCEPTION_FAILURE,INDUCED_CONDITION,COND:mental_model,1
EVT:PERCEPTION_FAILURE,CAUSES,EVT:GROUND_VEHICLE_INCIDENT,1
EVT:PERCEPTION_FAILURE,MASKED_BY_CONDITION,ENT:obstacle,1
EVT:PERCEPTION_FAILURE,ENABLES,COND:skill,1
EVT:PERCEPTION_FAILURE,ENABLES,COND:equipment,1
EVT:PERCEPTION_FAILURE,UNDER_CONDITION,COND:equipment,1
EVT:PERCEPTION_FAILURE,CONTRIBUTES_TO,COND:equipment,1
EVT:PERCEPTION_FAILURE,PRECEDES,EVT:PILOT_INCAPACITATION_OR_IMPAIRMENT,2
EVT:PERCEPTION_FAILURE,CAUSES,EVT:WIND_SHEAR_OR_GUST,1
EVT:PERCEPTION_FAILURE,CONTRIBUTES_TO,EVT:WIND_SHEAR_OR_GUST,1
EVT:PERCEPTION_FAILURE,TRIGGERS,EVT:MAINTENANCE_INADEQUATE,2
EVT:PERCEPTION_FAILURE,CONTRIBUTES_TO,EVT:MAINTENANCE_INADEQUATE,1
EVT:PERCEPTION_FAILURE,CAUSES,EVT:GROUND_INJURY_OR_FATALITY,1
EVT:PERCEPTION_FAILURE,CONCURRENT,EVT:NEAR_MIDAIR_COLLISION,1
EVT:PERCEPTION_FAILURE,UNDER_CONDITION,COND:operational,3
EVT:PERCEPTION_FAILURE,INDUCED_CONDITION,COND:operational,1
EVT:PERCEPTION_FAILURE,MASKED_BY_CONDITION,COND:operational,1
EVT:PERCEPTION_FAILURE,MASKED_BY_CONDITION,COND:infrastructure_defect,1
EVT:PERCEPTION_FAILURE,CONTRIBUTES_TO,COND:medical,1
EVT:PERCEPTION_FAILURE,UNDER_CONDITION,COND:medical,1
EVT:PERCEPTION_FAILURE,ENABLES,COND:pilot_qualification,1
EVT:PERCEPTION_FAILURE,CAUSES,EVT:GROUND_MOVEMENT,1
EVT:PERCEPTION_FAILURE,CAUSES,EVT:TAXIING,1
EVT:PERCEPTION_FAILURE,CAUSES,COND:aircraft_configuration,1
EVT:PERCEPTION_FAILURE,UNDER_CONDITION,COND:state,1
EVT:PERCEPTION_FAILURE,CAUSES,COND:state,1
EVT:PERCEPTION_FAILURE,MASKED_BY_CONDITION,COND:state,1
EVT:PERCEPTION_FAILURE,CAUSES,COND:aircraft_state,1
EVT:PERCEPTION_FAILURE,UNDER_CONDITION,COND:visual_obsstruction,1
EVT:PERCEPTION_FAILURE,CAUSES,EVT:RUNWAY_INCURSION,1
EVT:PERCEPTION_FAILURE,UNDER_CONDITION,COND:environmental_hazard,1
EVT:PERCEPTION_FAILURE,INDUCED_CONDITION,COND:task_load,1
EVT:PERCEPTION_FAILURE,CONTRIBUTES_TO,EVT:PROPELLER_FAILURE,1
EVT:PERCEPTION_FAILURE,INDUCED_CONDITION,COND:human_performance,1
EVT:PERCEPTION_FAILURE,INDUCED_CONDITION,COND:navigation,1
EVT:PERCEPTION_FAILURE,UNDER_CONDITION,COND:performance,1
EVT:PERCEPTION_FAILURE,INDUCED_CONDITION,COND:spatial_disorientation,1
EVT:PERCEPTION_FAILURE,UNDER_CONDITION,COND:low_visibility_or_imc,1
EVT:PERCEPTION_FAILURE,UNDER_CONDITION,COND:instrument,1
EVT:PERCEPTION_FAILURE,CAUSES,COND:position,1
EVT:PERCEPTION_FAILURE,AFFECTED_BY,ENT:object,1
EVT:PERCEPTION_FAILURE,UNDER_CONDITION,COND:wind,1
EVT:PERCEPTION_FAILURE,UNDER_CONDITION,COND:visual_observation_limitation,1
EVT:PERCEPTION_FAILURE,UNDER_CONDITION,COND:terrain_or_obstacle,1
EVT:PERCEPTION_FAILURE,UNDER_CONDITION,COND:visual_reference,1
EVT:PERCEPTION_FAILURE,UNDER_CONDITION,COND:instrument_failure,1
EVT:PERCEPTION_FAILURE,CONTRIBUTES_TO,EVT:GROUND_DAMAGE,1
EVT:MIDAIR_COLLISION,CAUSES,EVT:GROUND_IMPACT,81
EVT:MIDAIR_COLLISION,CONCURRENT,EVT:GROUND_IMPACT,1
EVT:MIDAIR_COLLISION,CO_OCCURS,EVT:GROUND_IMPACT,1
EVT:MIDAIR_COLLISION,CAUSES,EVT:EMERGENCY_LANDING,13
EVT:MIDAIR_COLLISION,CAUSES,EVT:INJURY_OR_FATALITY,34
EVT:MIDAIR_COLLISION,CAUSES,EVT:SUCCESSFUL_RECOVERY,19
EVT:MIDAIR_COLLISION,CONCURRENT,EVT:SUCCESSFUL_RECOVERY,3
EVT:MIDAIR_COLLISION,RESPONDS_TO,EVT:SUCCESSFUL_RECOVERY,1
EVT:MIDAIR_COLLISION,CAUSES,EVT:RUNWAY_EXCURSION_OR_OVERRUN,3
EVT:MIDAIR_COLLISION,TRIGGERS,EVT:RUNWAY_EXCURSION_OR_OVERRUN,1
EVT:MIDAIR_COLLISION,CAUSES,COND:mechanical,1
EVT:MIDAIR_COLLISION,CAUSES,EVT:STRUCTURAL_OVERLOAD,3
EVT:MIDAIR_COLLISION,CAUSES,EVT:LOSS_OF_CONTROL_INFLIGHT,16
EVT:MIDAIR_COLLISION,UNDER_CONDITION,COND:weather,8
EVT:MIDAIR_COLLISION,TRIGGERS,EVT:CONTROL_INPUT_IMPROPER,10
EVT:MIDAIR_COLLISION,RESPONDS_TO,EVT:CONTROL_INPUT_IMPROPER,2
EVT:MIDAIR_COLLISION,CONCURRENT,EVT:CONTROL_INPUT_IMPROPER,1
EVT:MIDAIR_COLLISION,CAUSES,EVT:WATER_IMPACT,7
EVT:MIDAIR_COLLISION,CAUSES,EVT:INFLIGHT_BREAKUP,3
EVT:MIDAIR_COLLISION,CAUSES,EVT:AIRFRAME_STRUCTURAL_FAILURE,12
EVT:MIDAIR_COLLISION,AFFECTED_BY,ENT:aircraft,6
EVT:MIDAIR_COLLISION,AFFECTS,ENT:aircraft,3
EVT:MIDAIR_COLLISION,CAUSES,ENT:aircraft,2
EVT:MIDAIR_COLLISION,AFFECTED,ENT:aircraft,1
EVT:MIDAIR_COLLISION,UNDER_CONDITION,ENT:aircraft,1
EVT:MIDAIR_COLLISION,TRIGGERS,EVT:PROCEDURE_NOT_FOLLOWED,1
EVT:MIDAIR_COLLISION,CAUSES,EVT:INFLIGHT_FIRE_OR_SMOKE,3
EVT:MIDAIR_COLLISION,TRIGGERS,COND:situational_awareness,1
EVT:MIDAIR_COLLISION,CAUSES,EVT:TURBULENCE_ENCOUNTER,1
EVT:MIDAIR_COLLISION,UNDER_CONDITION,COND:environmental,3
EVT:MIDAIR_COLLISION,CAUSES,EVT:CONTROL_SURFACE_ANOMALY,1
EVT:MIDAIR_COLLISION,CO_OCCURS,ENT:location,1
EVT:MIDAIR_COLLISION,UNDER_CONDITION,ENT:location,1
EVT:MIDAIR_COLLISION,CAUSES,EVT:PERCEPTION_FAILURE,1
EVT:MIDAIR_COLLISION,CAUSES,EVT:STALL,1
EVT:MIDAIR_COLLISION,TRIGGERS,EVT:DECISION_INAPPROPRIATE,1
EVT:MIDAIR_COLLISION,ENABLES,COND:organizational,1
EVT:WIND_SHEAR_OR_GUST,CAUSES,EVT:CONTROL_INPUT_IMPROPER,247
EVT:WIND_SHEAR_OR_GUST,TRIGGERS,EVT:CONTROL_INPUT_IMPROPER,237
EVT:WIND_SHEAR_OR_GUST,RESPONDS_TO,EVT:CONTROL_INPUT_IMPROPER,70
EVT:WIND_SHEAR_OR_GUST,CONTRIBUTES_TO,EVT:CONTROL_INPUT_IMPROPER,130
EVT:WIND_SHEAR_OR_GUST,UNDER_CONDITION,COND:weather,564
EVT:WIND_SHEAR_OR_GUST,INDUCED_CONDITION,COND:weather,33
EVT:WIND_SHEAR_OR_GUST,CAUSES,COND:weather,6
EVT:WIND_SHEAR_OR_GUST,CAUSES,EVT:LOSS_OF_CONTROL_INFLIGHT,131
EVT:WIND_SHEAR_OR_GUST,CONTRIBUTES_TO,EVT:LOSS_OF_CONTROL_INFLIGHT,29
EVT:WIND_SHEAR_OR_GUST,TRIGGERS,EVT:LOSS_OF_CONTROL_INFLIGHT,5
EVT:WIND_SHEAR_OR_GUST,CAUSES,EVT:ALTITUDE_DEVIATION_UNCONTROLLED,63
EVT:WIND_SHEAR_OR_GUST,CONTRIBUTES_TO,EVT:ALTITUDE_DEVIATION_UNCONTROLLED,2
EVT:WIND_SHEAR_OR_GUST,CAUSES,EVT:GROUND_IMPACT,113
EVT:WIND_SHEAR_OR_GUST,CONTRIBUTES_TO,EVT:GROUND_IMPACT,36
EVT:WIND_SHEAR_OR_GUST,CONTRIBUTES_TO,EVT:STALL,21
EVT:WIND_SHEAR_OR_GUST,CAUSES,EVT:STALL,34
EVT:WIND_SHEAR_OR_GUST,INDUCED_CONDITION,COND:aerodynamic,14
EVT:WIND_SHEAR_OR_GUST,CAUSES,COND:aerodynamic,20
EVT:WIND_SHEAR_OR_GUST,CONTRIBUTES_TO,COND:aerodynamic,4
EVT:WIND_SHEAR_OR_GUST,CONCURRENT,COND:aerodynamic,1
EVT:WIND_SHEAR_OR_GUST,UNDER_CONDITION,COND:aerodynamic,1
EVT:WIND_SHEAR_OR_GUST,TRIGGERS,EVT:DECISION_INAPPROPRIATE,73
EVT:WIND_SHEAR_OR_GUST,CAUSES,EVT:DECISION_INAPPROPRIATE,18
EVT:WIND_SHEAR_OR_GUST,RESPONDS_TO,EVT:DECISION_INAPPROPRIATE,8
EVT:WIND_SHEAR_OR_GUST,CONTRIBUTES_TO,EVT:DECISION_INAPPROPRIATE,3
EVT:WIND_SHEAR_OR_GUST,CAUSES,EVT:RUNWAY_EXCURSION_OR_OVERRUN,61
EVT:WIND_SHEAR_OR_GUST,CONTRIBUTES_TO,EVT:RUNWAY_EXCURSION_OR_OVERRUN,20
EVT:WIND_SHEAR_OR_GUST,CAUSES,EVT:LOSS_OF_CONTROL_GROUND,158
EVT:WIND_SHEAR_OR_GUST,CONTRIBUTES_TO,EVT:LOSS_OF_CONTROL_GROUND,34
EVT:WIND_SHEAR_OR_GUST,TRIGGERS,EVT:LOSS_OF_CONTROL_GROUND,4
EVT:WIND_SHEAR_OR_GUST,CAUSES,COND:resource,1
EVT:WIND_SHEAR_OR_GUST,CONTRIBUTES_TO,COND:resource,2
EVT:WIND_SHEAR_OR_GUST,CONTRIBUTES_TO,EVT:WATER_IMPACT,1
EVT:WIND_SHEAR_OR_GUST,CONTRIBUTES_TO,COND:mechanical,3
EVT:WIND_SHEAR_OR_GUST,CAUSES,COND:mechanical,1
EVT:WIND_SHEAR_OR_GUST,CAUSES,EVT:TERRAIN_OR_OBSTACLE_PROXIMITY,16
EVT:WIND_SHEAR_OR_GUST,CONTRIBUTES_TO,EVT:TERRAIN_OR_OBSTACLE_PROXIMITY,5
EVT:WIND_SHEAR_OR_GUST,CONTRIBUTES_TO,COND:environmental,1
EVT:WIND_SHEAR_OR_GUST,UNDER_CONDITION,COND:environmental,24
EVT:WIND_SHEAR_OR_GUST,CAUSES,COND:environmental,1
EVT:WIND_SHEAR_OR_GUST,INDUCED_CONDITION,COND:environmental,4
EVT:WIND_SHEAR_OR_GUST,CO_OCCURS,COND:environmental,1
EVT:WIND_SHEAR_OR_GUST,TRIGGERS,EVT:PROCEDURE_NOT_FOLLOWED,18
EVT:WIND_SHEAR_OR_GUST,RESPONDS_TO,EVT:PROCEDURE_NOT_FOLLOWED,2
EVT:WIND_SHEAR_OR_GUST,CAUSES,EVT:PROCEDURE_NOT_FOLLOWED,2
EVT:WIND_SHEAR_OR_GUST,CONTRIBUTES_TO,EVT:PROCEDURE_NOT_FOLLOWED,3
EVT:WIND_SHEAR_OR_GUST,INDUCED_CONDITION,COND:cognitive,1
EVT:WIND_SHEAR_OR_GUST,TRIGGERS,EVT:PERCEPTION_FAILURE,4
EVT:WIND_SHEAR_OR_GUST,CAUSES,EVT:PERCEPTION_FAILURE,8
EVT:WIND_SHEAR_OR_GUST,CONTRIBUTES_TO,EVT:PERCEPTION_FAILURE,10
EVT:WIND_SHEAR_OR_GUST,CAUSES,EVT:WIND_SHEAR_OR_GUST,10
EVT:WIND_SHEAR_OR_GUST,CONCURRENT,EVT:WIND_SHEAR_OR_GUST,3
EVT:WIND_SHEAR_OR_GUST,TRIGGERS,EVT:WIND_SHEAR_OR_GUST,1
EVT:WIND_SHEAR_OR_GUST,PRECEDES,EVT:WIND_SHEAR_OR_GUST,1
EVT:WIND_SHEAR_OR_GUST,CAUSES,EVT:LANDING_GEAR_ANOMALY,3
EVT:WIND_SHEAR_OR_GUST,UNDER_CONDITION,COND:surface,1
EVT:WIND_SHEAR_OR_GUST,TRIGGERS,EVT:FUEL_SYSTEM_ANOMALY,1
EVT:WIND_SHEAR_OR_GUST,CAUSES,EVT:AUTOMATION_ANOMALY,1
EVT:WIND_SHEAR_OR_GUST,CAUSES,COND:human_factor,1
EVT:WIND_SHEAR_OR_GUST,UNDER_CONDITION,COND:aircraft_characteristic,1
EVT:WIND_SHEAR_OR_GUST,CONTRIBUTES_TO,EVT:CONTROL_SURFACE_ANOMALY,1
EVT:WIND_SHEAR_OR_GUST,CAUSES,EVT:CONTROL_SURFACE_ANOMALY,1
EVT:WIND_SHEAR_OR_GUST,TRIGGERS,EVT:CONTROL_SURFACE_ANOMALY,1
EVT:WIND_SHEAR_OR_GUST,CONTRIBUTES_TO,EVT:GROUND_PERSONNEL_ERROR,1
EVT:WIND_SHEAR_OR_GUST,CAUSES,EVT:GROUND_PERSONNEL_ERROR,1
EVT:WIND_SHEAR_OR_GUST,CONTRIBUTES_TO,EVT:AIRFRAME_STRUCTURAL_FAILURE,1
EVT:WIND_SHEAR_OR_GUST,CAUSES,EVT:AIRFRAME_STRUCTURAL_FAILURE,2
EVT:WIND_SHEAR_OR_GUST,CAUSES,COND:other,1
EVT:WIND_SHEAR_OR_GUST,UNDER_CONDITION,COND:location,1
EVT:WIND_SHEAR_OR_GUST,CONTRIBUTES_TO,COND:spatial,1
EVT:WIND_SHEAR_OR_GUST,CAUSES,COND:spatial,1
EVT:WIND_SHEAR_OR_GUST,CAUSES,EVT:INFLIGHT_FIRE_OR_SMOKE,1
EVT:WIND_SHEAR_OR_GUST,TRIGGERS,EVT:CREW_COORDINATION_FAILURE,1
EVT:WIND_SHEAR_OR_GUST,MASKED_BY_CONDITION,COND:perceptual,1
EVT:WIND_SHEAR_OR_GUST,CONCURRENT,EVT:ENGINE_FAILURE,1
EVT:WIND_SHEAR_OR_GUST,CAUSES,COND:performance,1
EVT:WIND_SHEAR_OR_GUST,CAUSES,EVT:STRUCTURAL_OVERLOAD,3
EVT:WIND_SHEAR_OR_GUST,UNDER_CONDITION,COND:terrain,1
EVT:ENGINE_FAILURE,TRIGGERS,EVT:DECISION_INAPPROPRIATE,940
EVT:ENGINE_FAILURE,RESPONDS_TO,EVT:DECISION_INAPPROPRIATE,936
EVT:ENGINE_FAILURE,CAUSES,EVT:DECISION_INAPPROPRIATE,235
EVT:ENGINE_FAILURE,CONCURRENT,EVT:DECISION_INAPPROPRIATE,1
EVT:ENGINE_FAILURE,CONTRIBUTES_TO,EVT:DECISION_INAPPROPRIATE,8
EVT:ENGINE_FAILURE,INHIBITS,EVT:DECISION_INAPPROPRIATE,1
EVT:ENGINE_FAILURE,PRECEDES,EVT:DECISION_INAPPROPRIATE,1
EVT:ENGINE_FAILURE,CONTRIBUTES_TO,EVT:GROUND_IMPACT,177
EVT:ENGINE_FAILURE,CAUSES,EVT:GROUND_IMPACT,1599
EVT:ENGINE_FAILURE,CONCURRENT,EVT:GROUND_IMPACT,2
EVT:ENGINE_FAILURE,TRIGGERS,EVT:GROUND_IMPACT,1
EVT:ENGINE_FAILURE,MITIGATES,EVT:GROUND_IMPACT,1
EVT:ENGINE_FAILURE,RESPONDS_TO,EVT:EMERGENCY_LANDING,245
EVT:ENGINE_FAILURE,CAUSES,EVT:EMERGENCY_LANDING,1266
EVT:ENGINE_FAILURE,TRIGGERS,EVT:EMERGENCY_LANDING,194
EVT:ENGINE_FAILURE,CONTRIBUTES_TO,EVT:EMERGENCY_LANDING,2
EVT:ENGINE_FAILURE,RESPONDS_TO,EVT:PROCEDURE_NOT_FOLLOWED,1479
EVT:ENGINE_FAILURE,TRIGGERS,EVT:PROCEDURE_NOT_FOLLOWED,467
EVT:ENGINE_FAILURE,CAUSES,EVT:PROCEDURE_NOT_FOLLOWED,28
EVT:ENGINE_FAILURE,PRECEDES,EVT:PROCEDURE_NOT_FOLLOWED,1
EVT:ENGINE_FAILURE,CONTRIBUTES_TO,EVT:PROCEDURE_NOT_FOLLOWED,4
EVT:ENGINE_FAILURE,CONCURRENT,EVT:PROCEDURE_NOT_FOLLOWED,3
EVT:ENGINE_FAILURE,UNDER_CONDITION,COND:mechanical,676
EVT:ENGINE_FAILURE,INDUCED_CONDITION,COND:mechanical,363
EVT:ENGINE_FAILURE,CAUSES,COND:mechanical,126
EVT:ENGINE_FAILURE,CONTRIBUTES_TO,COND:mechanical,4
EVT:ENGINE_FAILURE,MASKED_BY_CONDITION,COND:mechanical,6
EVT:ENGINE_FAILURE,CONCURRENT,COND:mechanical,3
EVT:ENGINE_FAILURE,TRIGGERS,COND:mechanical,3
EVT:ENGINE_FAILURE,UNDER_CONDITION,COND:weather,135
EVT:ENGINE_FAILURE,CO_OCCURS,COND:weather,2
EVT:ENGINE_FAILURE,MASKED_BY_CONDITION,COND:weather,1
EVT:ENGINE_FAILURE,INDUCED_CONDITION,COND:weather,1
EVT:ENGINE_FAILURE,CAUSES,EVT:CONTROL_INPUT_IMPROPER,102
EVT:ENGINE_FAILURE,RESPONDS_TO,EVT:CONTROL_INPUT_IMPROPER,436
EVT:ENGINE_FAILURE,CONTRIBUTES_TO,EVT:CONTROL_INPUT_IMPROPER,46
EVT:ENGINE_FAILURE,TRIGGERS,EVT:CONTROL_INPUT_IMPROPER,300
EVT:ENGINE_FAILURE,PRECEDES,EVT:CONTROL_INPUT_IMPROPER,1
EVT:ENGINE_FAILURE,CONCURRENT,EVT:CONTROL_INPUT_IMPROPER,4
EVT:ENGINE_FAILURE,UNDER_CONDITION,COND:environmental,215
EVT:ENGINE_FAILURE,CAUSES,COND:environmental,23
EVT:ENGINE_FAILURE,INDUCED_CONDITION,COND:environmental,23
EVT:ENGINE_FAILURE,CONCURRENT,COND:environmental,5
EVT:ENGINE_FAILURE,ENABLES,COND:environmental,10
EVT:ENGINE_FAILURE,CONTRIBUTES_TO,COND:environmental,1
EVT:ENGINE_FAILURE,TRIGGERS,COND:environmental,1
EVT:ENGINE_FAILURE,CONCURRENT,EVT:ENGINE_FAILURE,66
EVT:ENGINE_FAILURE,CAUSES,EVT:ENGINE_FAILURE,529
EVT:ENGINE_FAILURE,CONTRIBUTES_TO,EVT:ENGINE_FAILURE,13
EVT:ENGINE_FAILURE,PRECEDES,EVT:ENGINE_FAILURE,12
EVT:ENGINE_FAILURE,RESPONDS_TO,EVT:ENGINE_FAILURE,4
EVT:ENGINE_FAILURE,TRIGGERS,EVT:ENGINE_FAILURE,1
EVT:ENGINE_FAILURE,CAUSES,EVT:WATER_IMPACT,144
EVT:ENGINE_FAILURE,CONTRIBUTES_TO,EVT:WATER_IMPACT,7
EVT:ENGINE_FAILURE,CONTRIBUTES_TO,EVT:RUNWAY_EXCURSION_OR_OVERRUN,11
EVT:ENGINE_FAILURE,CAUSES,EVT:RUNWAY_EXCURSION_OR_OVERRUN,60
EVT:ENGINE_FAILURE,TRIGGERS,EVT:RUNWAY_EXCURSION_OR_OVERRUN,1
EVT:ENGINE_FAILURE,CAUSES,EVT:AIRFRAME_STRUCTURAL_FAILURE,33
EVT:ENGINE_FAILURE,TRIGGERS,EVT:AIRFRAME_STRUCTURAL_FAILURE,1
EVT:ENGINE_FAILURE,TRIGGERS,EVT:CREW_COORDINATION_FAILURE,7
EVT:ENGINE_FAILURE,RESPONDS_TO,EVT:CREW_COORDINATION_FAILURE,1
EVT:ENGINE_FAILURE,CAUSES,EVT:ALTITUDE_DEVIATION_UNCONTROLLED,145
EVT:ENGINE_FAILURE,TRIGGERS,EVT:ALTITUDE_DEVIATION_UNCONTROLLED,2
EVT:ENGINE_FAILURE,CONTRIBUTES_TO,EVT:ALTITUDE_DEVIATION_UNCONTROLLED,7
EVT:ENGINE_FAILURE,CAUSES,EVT:LOSS_OF_CONTROL_INFLIGHT,246
EVT:ENGINE_FAILURE,CONTRIBUTES_TO,EVT:LOSS_OF_CONTROL_INFLIGHT,32
EVT:ENGINE_FAILURE,TRIGGERS,EVT:LOSS_OF_CONTROL_INFLIGHT,10
EVT:ENGINE_FAILURE,CONCURRENT,EVT:LOSS_OF_CONTROL_INFLIGHT,1
EVT:ENGINE_FAILURE,INHIBITS,EVT:LOSS_OF_CONTROL_INFLIGHT,1
EVT:ENGINE_FAILURE,RESPONDS_TO,EVT:LOSS_OF_CONTROL_INFLIGHT,1
EVT:ENGINE_FAILURE,INDUCED_CONDITION,COND:aerodynamic,33
EVT:ENGINE_FAILURE,CAUSES,COND:aerodynamic,25
EVT:ENGINE_FAILURE,UNDER_CONDITION,COND:aerodynamic,5
EVT:ENGINE_FAILURE,CONTRIBUTES_TO,COND:aerodynamic,2
EVT:ENGINE_FAILURE,TRIGGERS,COND:aerodynamic,1
EVT:ENGINE_FAILURE,CAUSES,EVT:INFLIGHT_FIRE_OR_SMOKE,69
EVT:ENGINE_FAILURE,CONCURRENT,EVT:INFLIGHT_FIRE_OR_SMOKE,2
EVT:ENGINE_FAILURE,TRIGGERS,EVT:INFLIGHT_FIRE_OR_SMOKE,3
EVT:ENGINE_FAILURE,UNDER_CONDITION,ENT:component,19
EVT:ENGINE_FAILURE,AFFECTS,ENT:component,13
EVT:ENGINE_FAILURE,AFFECTED_BY,ENT:component,3
EVT:ENGINE_FAILURE,CAUSES,ENT:component,3
EVT:ENGINE_FAILURE,CAUSES,EVT:STALL,110
EVT:ENGINE_FAILURE,CONTRIBUTES_TO,EVT:STALL,57
EVT:ENGINE_FAILURE,TRIGGERS,EVT:STALL,1
EVT:ENGINE_FAILURE,CAUSES,EVT:CONTROL_SURFACE_ANOMALY,7
EVT:ENGINE_FAILURE,CONTRIBUTES_TO,EVT:CONTROL_SURFACE_ANOMALY,1
EVT:ENGINE_FAILURE,CONCURRENT,EVT:CONTROL_SURFACE_ANOMALY,1
EVT:ENGINE_FAILURE,CAUSES,EVT:LOSS_OF_CONTROL_GROUND,62
EVT:ENGINE_FAILURE,CONTRIBUTES_TO,EVT:LOSS_OF_CONTROL_GROUND,7
EVT:ENGINE_FAILURE,TRIGGERS,EVT:LOSS_OF_CONTROL_GROUND,4
EVT:ENGINE_FAILURE,ENABLES,EVT:LOSS_OF_CONTROL_GROUND,1
EVT:ENGINE_FAILURE,CONCURRENT,EVT:GROUND_VEHICLE_INCURSION,1
EVT:ENGINE_FAILURE,CAUSES,EVT:PERCEPTION_FAILURE,21
EVT:ENGINE_FAILURE,TRIGGERS,EVT:PERCEPTION_FAILURE,67
EVT:ENGINE_FAILURE,CONTRIBUTES_TO,EVT:PERCEPTION_FAILURE,10
EVT:ENGINE_FAILURE,RESPONDS_TO,EVT:PERCEPTION_FAILURE,11
EVT:ENGINE_FAILURE,MASKED_BY_CONDITION,EVT:PERCEPTION_FAILURE,1
EVT:ENGINE_FAILURE,CONCURRENT,EVT:PERCEPTION_FAILURE,1
EVT:ENGINE_FAILURE,CAUSES,EVT:INSTRUMENT_OR_AVIONICS_FAILURE,5
EVT:ENGINE_FAILURE,TRIGGERS,EVT:INSTRUMENT_OR_AVIONICS_FAILURE,3
EVT:ENGINE_FAILURE,CONTRIBUTES_TO,EVT:INSTRUMENT_OR_AVIONICS_FAILURE,1
EVT:ENGINE_FAILURE,UNDER_CONDITION,COND:resource,3
EVT:ENGINE_FAILURE,INDUCED_CONDITION,COND:resource,1
EVT:ENGINE_FAILURE,UNDER_CONDITION,COND:unknown,8
EVT:ENGINE_FAILURE,UNDER_CONDITION,COND:operational,6
EVT:ENGINE_FAILURE,INDUCED_CONDITION,COND:operational,4
EVT:ENGINE_FAILURE,CONTRIBUTES_TO,COND:operational,1
EVT:ENGINE_FAILURE,MASKED_BY_CONDITION,COND:operational,1
EVT:ENGINE_FAILURE,RESPONDS_TO,EVT:PROCEDURE_FOLLOWED,13
EVT:ENGINE_FAILURE,TRIGGERS,EVT:PROCEDURE_FOLLOWED,5
EVT:ENGINE_FAILURE,CAUSES,EVT:SUCCESSFUL_RECOVERY,3
EVT:ENGINE_FAILURE,RESPONDS_TO,EVT:SUCCESSFUL_RECOVERY,10
EVT:ENGINE_FAILURE,CAUSES,EVT:TERRAIN_OR_OBSTACLE_PROXIMITY,37
EVT:ENGINE_FAILURE,CONTRIBUTES_TO,EVT:TERRAIN_OR_OBSTACLE_PROXIMITY,6
EVT:ENGINE_FAILURE,UNDER_CONDITION,COND:fuel_state,5
EVT:ENGINE_FAILURE,CONCURRENT,EVT:LANDING_GEAR_ANOMALY,1
EVT:ENGINE_FAILURE,CAUSES,EVT:LANDING_GEAR_ANOMALY,2
EVT:ENGINE_FAILURE,CONTRIBUTES_TO,EVT:LANDING_GEAR_ANOMALY,1
EVT:ENGINE_FAILURE,TRIGGERS,EVT:PILOT_INCAPACITATION_OR_IMPAIRMENT,1
EVT:ENGINE_FAILURE,CONCURRENT,EVT:PILOT_INCAPACITATION_OR_IMPAIRMENT,1
EVT:ENGINE_FAILURE,CAUSES,EVT:PILOT_INCAPACITATION_OR_IMPAIRMENT,2
EVT:ENGINE_FAILURE,CAUSES,EVT:HYDRAULIC_SYSTEM_FAILURE,2
EVT:ENGINE_FAILURE,CAUSES,EVT:AERODYNAMIC_STATE,1
EVT:ENGINE_FAILURE,INDUCED_CONDITION,COND:cognitive,1
EVT:ENGINE_FAILURE,CAUSES,EVT:INFLIGHT_BREAKUP,11
EVT:ENGINE_FAILURE,CAUSES,EVT:FUEL_SYSTEM_ANOMALY,5
EVT:ENGINE_FAILURE,CONTRIBUTES_TO,EVT:FUEL_SYSTEM_ANOMALY,1
EVT:ENGINE_FAILURE,TRIGGERS,EVT:ATC_OR_DISPATCH_INADEQUATE,1
EVT:ENGINE_FAILURE,TRIGGERS,EVT:AUTOMATION_ANOMALY,1
EVT:ENGINE_FAILURE,CAUSES,EVT:AUTOMATION_ANOMALY,1
EVT:ENGINE_FAILURE,INDUCED_CONDITION,COND:organizational,1
EVT:ENGINE_FAILURE,CAUSES,COND:other,1
EVT:ENGINE_FAILURE,TRIGGERS,COND:other,1
EVT:ENGINE_FAILURE,UNDER_CONDITION,COND:terrain,3
EVT:ENGINE_FAILURE,TRIGGERS,EVT:RESPONDS_TO,1
EVT:ENGINE_FAILURE,CAUSES,EVT:SPATIAL_DISORIENTATION,1
EVT:ENGINE_FAILURE,CONTRIBUTES_TO,EVT:SPATIAL_DISORIENTATION,1
EVT:ENGINE_FAILURE,INDUCED_CONDITION,COND:visual,1
EVT:ENGINE_FAILURE,UNDER_CONDITION,ENT:aircraft,2
EVT:ENGINE_FAILURE,CAUSES,ENT:aircraft,1
EVT:ENGINE_FAILURE,INDUCED_CONDITION,COND:attention,1
EVT:ENGINE_FAILURE,CAUSES,EVT:INJURY_OR_FATALITY,2
EVT:ENGINE_FAILURE,TRIGGERS,EVT:MAINTENANCE_INADEQUATE,1
EVT:ENGINE_FAILURE,CONTRIBUTES_TO,EVT:MAINTENANCE_INADEQUATE,1
EVT:ENGINE_FAILURE,RESPONDS_TO,EVT:MAINTENANCE_INADEQUATE,1
EVT:ENGINE_FAILURE,UNDER_CONDITION,COND:fuel,3
EVT:ENGINE_FAILURE,INDUCED_CONDITION,COND:fuel,1
EVT:ENGINE_FAILURE,INDUCED_CONDITION,COND:maintenance,1
EVT:ENGINE_FAILURE,CONCURRENT,EVT:TURBULENCE_ENCOUNTER,1
EVT:ENGINE_FAILURE,ENABLES,EVT:TURBULENCE_ENCOUNTER,1
EVT:ENGINE_FAILURE,MASKED_BY_CONDITION,COND:latent_defect,2
EVT:ENGINE_FAILURE,TRIGGERS,EVT:TOWING_RELEASE,1
EVT:ENGINE_FAILURE,INDUCED_CONDITION,COND:workload,1
EVT:ENGINE_FAILURE,TRIGGERS,EVT:STRUCTURAL_OVERLOAD,1
EVT:ENGINE_FAILURE,CAUSES,EVT:STRUCTURAL_OVERLOAD,5
EVT:ENGINE_FAILURE,INDUCED_CONDITION,COND:thermal,2
EVT:ENGINE_FAILURE,INDUCED_CONDITION,COND:pilot,1
EVT:ENGINE_FAILURE,CONCURRENT,EVT:PROPULSION_ANOMALY,1
EVT:ENGINE_FAILURE,CAUSES,EVT:GROUND_RESONANCE,1
EVT:ENGINE_FAILURE,CONTRIBUTES_TO,EVT:GROUND_COLLISION,1
EVT:BIRD_OR_WILDLIFE_STRIKE,CAUSES,COND:physiological,2
EVT:BIRD_OR_WILDLIFE_STRIKE,CAUSES,EVT:INJURY_OR_FATALITY,8
EVT:BIRD_OR_WILDLIFE_STRIKE,UNDER_CONDITION,COND:environmental,33
EVT:BIRD_OR_WILDLIFE_STRIKE,INDUCED_CONDITION,COND:environmental,3
EVT:BIRD_OR_WILDLIFE_STRIKE,MASKED_BY_CONDITION,COND:environmental,1
EVT:BIRD_OR_WILDLIFE_STRIKE,CAUSES,EVT:AIRFRAME_STRUCTURAL_FAILURE,69
EVT:BIRD_OR_WILDLIFE_STRIKE,TRIGGERS,EVT:DECISION_INAPPROPRIATE,15
EVT:BIRD_OR_WILDLIFE_STRIKE,CAUSES,EVT:DECISION_INAPPROPRIATE,1
EVT:BIRD_OR_WILDLIFE_STRIKE,RESPONDS_TO,EVT:DECISION_INAPPROPRIATE,1
EVT:BIRD_OR_WILDLIFE_STRIKE,INHIBITS,COND:latent_defect,1
EVT:BIRD_OR_WILDLIFE_STRIKE,CAUSES,EVT:ENGINE_FAILURE,28
EVT:BIRD_OR_WILDLIFE_STRIKE,CAUSES,EVT:RUNWAY_EXCURSION_OR_OVERRUN,6
EVT:BIRD_OR_WILDLIFE_STRIKE,CONTRIBUTES_TO,EVT:RUNWAY_EXCURSION_OR_OVERRUN,2
EVT:BIRD_OR_WILDLIFE_STRIKE,TRIGGERS,EVT:CONTROL_INPUT_IMPROPER,46
EVT:BIRD_OR_WILDLIFE_STRIKE,CAUSES,EVT:CONTROL_INPUT_IMPROPER,1
EVT:BIRD_OR_WILDLIFE_STRIKE,RESPONDS_TO,EVT:CONTROL_INPUT_IMPROPER,6
EVT:BIRD_OR_WILDLIFE_STRIKE,CONTRIBUTES_TO,EVT:CONTROL_INPUT_IMPROPER,1
EVT:BIRD_OR_WILDLIFE_STRIKE,INDUCED_CONDITION,COND:mechanical,5
EVT:BIRD_OR_WILDLIFE_STRIKE,CAUSES,COND:mechanical,24
EVT:BIRD_OR_WILDLIFE_STRIKE,UNDER_CONDITION,COND:mechanical,3
EVT:BIRD_OR_WILDLIFE_STRIKE,CAUSES,EVT:CONTROL_SURFACE_ANOMALY,22
EVT:BIRD_OR_WILDLIFE_STRIKE,CAUSES,EVT:GROUND_IMPACT,49
EVT:BIRD_OR_WILDLIFE_STRIKE,CONCURRENT,EVT:GROUND_IMPACT,1
EVT:BIRD_OR_WILDLIFE_STRIKE,CAUSES,EVT:INSTRUMENT_OR_AVIONICS_FAILURE,1
EVT:BIRD_OR_WILDLIFE_STRIKE,TRIGGERS,EVT:SUCCESSFUL_RECOVERY,1
EVT:BIRD_OR_WILDLIFE_STRIKE,CAUSES,EVT:SUCCESSFUL_RECOVERY,5
EVT:BIRD_OR_WILDLIFE_STRIKE,CONCURRENT,EVT:SUCCESSFUL_RECOVERY,1
EVT:BIRD_OR_WILDLIFE_STRIKE,PRECEDES,EVT:GROUND_MOVEMENT,1
EVT:BIRD_OR_WILDLIFE_STRIKE,CAUSES,EVT:INFLIGHT_FIRE_OR_SMOKE,3
EVT:BIRD_OR_WILDLIFE_STRIKE,CAUSES,EVT:PERCEPTION_FAILURE,2
EVT:BIRD_OR_WILDLIFE_STRIKE,TRIGGERS,EVT:PERCEPTION_FAILURE,2
EVT:BIRD_OR_WILDLIFE_STRIKE,CAUSES,EVT:PILOT_INCAPACITATION_OR_IMPAIRMENT,4
EVT:BIRD_OR_WILDLIFE_STRIKE,CAUSES,EVT:FUEL_SYSTEM_ANOMALY,3
EVT:BIRD_OR_WILDLIFE_STRIKE,CAUSES,EVT:INFLIGHT_BREAKUP,1
EVT:BIRD_OR_WILDLIFE_STRIKE,UNDER_CONDITION,COND:weather,8
EVT:BIRD_OR_WILDLIFE_STRIKE,CAUSES,EVT:LANDING_GEAR_ANOMALY,7
EVT:BIRD_OR_WILDLIFE_STRIKE,INDUCED_CONDITION,COND:physical,1
EVT:BIRD_OR_WILDLIFE_STRIKE,CAUSES,EVT:LOSS_OF_CONTROL_INFLIGHT,9
EVT:BIRD_OR_WILDLIFE_STRIKE,CAUSES,EVT:BIRD_OR_WILDLIFE_STRIKE,8
EVT:BIRD_OR_WILDLIFE_STRIKE,CONCURRENT,EVT:BIRD_OR_WILDLIFE_STRIKE,2
EVT:BIRD_OR_WILDLIFE_STRIKE,UNDER_CONDITION,COND:equipment,1
EVT:BIRD_OR_WILDLIFE_STRIKE,UNDER_CONDITION,COND:object,1
EVT:BIRD_OR_WILDLIFE_STRIKE,CAUSES,EVT:STALL,1
EVT:BIRD_OR_WILDLIFE_STRIKE,CAUSES,EVT:STRUCTURAL_OVERLOAD,4
EVT:BIRD_OR_WILDLIFE_STRIKE,CAUSES,EVT:ALTITUDE_DEVIATION_UNCONTROLLED,1
EVT:BIRD_OR_WILDLIFE_STRIKE,UNDER_CONDITION,ENT:wildlife,1
EVT:BIRD_OR_WILDLIFE_STRIKE,CONTRIBUTES_TO,EVT:PROCEDURE_NOT_FOLLOWED,1
EVT:BIRD_OR_WILDLIFE_STRIKE,RESPONDS_TO,EVT:PROCEDURE_NOT_FOLLOWED,3
EVT:BIRD_OR_WILDLIFE_STRIKE,TRIGGERS,EVT:PROCEDURE_NOT_FOLLOWED,1
EVT:BIRD_OR_WILDLIFE_STRIKE,CAUSES,EVT:EMERGENCY_LANDING,4
EVT:BIRD_OR_WILDLIFE_STRIKE,CAUSES,EVT:LOSS_OF_CONTROL_GROUND,4
EVT:BIRD_OR_WILDLIFE_STRIKE,CONTRIBUTES_TO,EVT:LOSS_OF_CONTROL_GROUND,1
EVT:BIRD_OR_WILDLIFE_STRIKE,CAUSES,EVT:GROUND_PERSONNEL_ERROR,1
EVT:BIRD_OR_WILDLIFE_STRIKE,CAUSES,COND:structural,1
EVT:BIRD_OR_WILDLIFE_STRIKE,CAUSES,EVT:MIDAIR_COLLISION,1
EVT:BIRD_OR_WILDLIFE_STRIKE,UNDER_CONDITION,COND:information,1
EVT:BIRD_OR_WILDLIFE_STRIKE,TRIGGERS,EVT:PROCEDURE_FOLLOWED,1
EVT:PILOT_INCAPACITATION_OR_IMPAIRMENT,RESPONDS_TO,EVT:SUCCESSFUL_RECOVERY,2
EVT:PILOT_INCAPACITATION_OR_IMPAIRMENT,CAUSES,EVT:SUCCESSFUL_RECOVERY,1
EVT:PILOT_INCAPACITATION_OR_IMPAIRMENT,TRIGGERS,EVT:SUCCESSFUL_RECOVERY,1
EVT:PILOT_INCAPACITATION_OR_IMPAIRMENT,INDUCED_CONDITION,COND:medical,9
EVT:PILOT_INCAPACITATION_OR_IMPAIRMENT,UNDER_CONDITION,COND:medical,13
EVT:PILOT_INCAPACITATION_OR_IMPAIRMENT,CAUSES,COND:medical,2
EVT:PILOT_INCAPACITATION_OR_IMPAIRMENT,INDUCED_CONDITION,COND:physiological,56
EVT:PILOT_INCAPACITATION_OR_IMPAIRMENT,UNDER_CONDITION,COND:physiological,16
EVT:PILOT_INCAPACITATION_OR_IMPAIRMENT,CAUSES,COND:physiological,6
EVT:PILOT_INCAPACITATION_OR_IMPAIRMENT,CAUSES,EVT:LOSS_OF_CONTROL_INFLIGHT,91
EVT:PILOT_INCAPACITATION_OR_IMPAIRMENT,CONTRIBUTES_TO,EVT:LOSS_OF_CONTROL_INFLIGHT,3
EVT:PILOT_INCAPACITATION_OR_IMPAIRMENT,UNDER_CONDITION,COND:environmental,4
EVT:PILOT_INCAPACITATION_OR_IMPAIRMENT,CAUSES,EVT:CONTROL_INPUT_IMPROPER,27
EVT:PILOT_INCAPACITATION_OR_IMPAIRMENT,CONTRIBUTES_TO,EVT:CONTROL_INPUT_IMPROPER,5
EVT:PILOT_INCAPACITATION_OR_IMPAIRMENT,ENABLES,EVT:CONTROL_INPUT_IMPROPER,1
EVT:PILOT_INCAPACITATION_OR_IMPAIRMENT,RESPONDS_TO,EVT:CONTROL_INPUT_IMPROPER,1
EVT:PILOT_INCAPACITATION_OR_IMPAIRMENT,TRIGGERS,EVT:CONTROL_INPUT_IMPROPER,1
EVT:PILOT_INCAPACITATION_OR_IMPAIRMENT,PRECEDES,EVT:CONTROL_INPUT_IMPROPER,1
EVT:PILOT_INCAPACITATION_OR_IMPAIRMENT,INHIBITS,EVT:CONTROL_INPUT_IMPROPER,1
EVT:PILOT_INCAPACITATION_OR_IMPAIRMENT,CAUSES,EVT:GROUND_IMPACT,26
EVT:PILOT_INCAPACITATION_OR_IMPAIRMENT,CONTRIBUTES_TO,EVT:GROUND_IMPACT,9
EVT:PILOT_INCAPACITATION_OR_IMPAIRMENT,CONCURRENT,EVT:GROUND_IMPACT,1
EVT:PILOT_INCAPACITATION_OR_IMPAIRMENT,CAUSES,EVT:INJURY_OR_FATALITY,15
EVT:PILOT_INCAPACITATION_OR_IMPAIRMENT,CAUSES,EVT:PERCEPTION_FAILURE,19
EVT:PILOT_INCAPACITATION_OR_IMPAIRMENT,CONTRIBUTES_TO,EVT:PERCEPTION_FAILURE,2
EVT:PILOT_INCAPACITATION_OR_IMPAIRMENT,TRIGGERS,EVT:PERCEPTION_FAILURE,1
EVT:PILOT_INCAPACITATION_OR_IMPAIRMENT,CAUSES,EVT:PILOT_INCAPACITATION_OR_IMPAIRMENT,3
EVT:PILOT_INCAPACITATION_OR_IMPAIRMENT,RESPONDS_TO,EVT:PROCEDURE_NOT_FOLLOWED,4
EVT:PILOT_INCAPACITATION_OR_IMPAIRMENT,TRIGGERS,EVT:PROCEDURE_NOT_FOLLOWED,2
EVT:PILOT_INCAPACITATION_OR_IMPAIRMENT,CONTRIBUTES_TO,EVT:PROCEDURE_NOT_FOLLOWED,2
EVT:PILOT_INCAPACITATION_OR_IMPAIRMENT,CAUSES,EVT:PROCEDURE_NOT_FOLLOWED,3
EVT:PILOT_INCAPACITATION_OR_IMPAIRMENT,CONCURRENT,EVT:PROCEDURE_NOT_FOLLOWED,1
EVT:PILOT_INCAPACITATION_OR_IMPAIRMENT,CAUSES,EVT:DECISION_INAPPROPRIATE,16
EVT:PILOT_INCAPACITATION_OR_IMPAIRMENT,RESPONDS_TO,EVT:DECISION_INAPPROPRIATE,2
EVT:PILOT_INCAPACITATION_OR_IMPAIRMENT,TRIGGERS,EVT:DECISION_INAPPROPRIATE,2
EVT:PILOT_INCAPACITATION_OR_IMPAIRMENT,CONTRIBUTES_TO,EVT:DECISION_INAPPROPRIATE,4
EVT:PILOT_INCAPACITATION_OR_IMPAIRMENT,UNDER_CONDITION,COND:regulatory,2
EVT:PILOT_INCAPACITATION_OR_IMPAIRMENT,CAUSES,EVT:LANDING_GEAR_ANOMALY,1
EVT:PILOT_INCAPACITATION_OR_IMPAIRMENT,CONTRIBUTES_TO,EVT:TERRAIN_OR_OBSTACLE_PROXIMITY,2
EVT:PILOT_INCAPACITATION_OR_IMPAIRMENT,CAUSES,EVT:TERRAIN_OR_OBSTACLE_PROXIMITY,3
EVT:PILOT_INCAPACITATION_OR_IMPAIRMENT,CAUSES,EVT:ALTITUDE_DEVIATION_UNCONTROLLED,8
EVT:PILOT_INCAPACITATION_OR_IMPAIRMENT,CONTRIBUTES_TO,EVT:ALTITUDE_DEVIATION_UNCONTROLLED,1
EVT:PILOT_INCAPACITATION_OR_IMPAIRMENT,UNDER_CONDITION,COND:weather,4
EVT:PILOT_INCAPACITATION_OR_IMPAIRMENT,CAUSES,COND:physical,1
EVT:PILOT_INCAPACITATION_OR_IMPAIRMENT,INDUCED_CONDITION,COND:physical,3
EVT:PILOT_INCAPACITATION_OR_IMPAIRMENT,CAUSES,EVT:BIRD_OR_WILDLIFE_STRIKE,1
EVT:PILOT_INCAPACITATION_OR_IMPAIRMENT,INDUCED_CONDITION,COND:spatial_disorientation,1
EVT:PILOT_INCAPACITATION_OR_IMPAIRMENT,UNDER_CONDITION,COND:operational_limitation,1
EVT:PILOT_INCAPACITATION_OR_IMPAIRMENT,UNDER_CONDITION,ENT:person,2
EVT:PILOT_INCAPACITATION_OR_IMPAIRMENT,CAUSES,EVT:FUEL_SYSTEM_ANOMALY,1
EVT:PILOT_INCAPACITATION_OR_IMPAIRMENT,CONTRIBUTES_TO,EVT:FUEL_SYSTEM_ANOMALY,1
EVT:PILOT_INCAPACITATION_OR_IMPAIRMENT,CAUSES,EVT:LOSS_OF_CONTROL_GROUND,7
EVT:PILOT_INCAPACITATION_OR_IMPAIRMENT,CONTRIBUTES_TO,EVT:LOSS_OF_CONTROL_GROUND,1
EVT:PILOT_INCAPACITATION_OR_IMPAIRMENT,TRIGGERS,EVT:EMERGENCY_LANDING,1
EVT:PILOT_INCAPACITATION_OR_IMPAIRMENT,CAUSES,EVT:EMERGENCY_LANDING,1
EVT:PILOT_INCAPACITATION_OR_IMPAIRMENT,CAUSES,COND:human_factor,1
EVT:PILOT_INCAPACITATION_OR_IMPAIRMENT,INDUCED_CONDITION,COND:human_factor,1
EVT:PILOT_INCAPACITATION_OR_IMPAIRMENT,INDUCED_CONDITION,COND:unknown,1
EVT:PILOT_INCAPACITATION_OR_IMPAIRMENT,UNDER_CONDITION,COND:unknown,1
EVT:PILOT_INCAPACITATION_OR_IMPAIRMENT,CAUSES,COND:mechanical,2
EVT:PILOT_INCAPACITATION_OR_IMPAIRMENT,TRIGGERS,EVT:CREW_COORDINATION_FAILURE,2
EVT:PILOT_INCAPACITATION_OR_IMPAIRMENT,INHIBITS,EVT:CREW_COORDINATION_FAILURE,1
EVT:PILOT_INCAPACITATION_OR_IMPAIRMENT,CAUSES,EVT:RUNWAY_EXCURSION_OR_OVERRUN,1
EVT:PILOT_INCAPACITATION_OR_IMPAIRMENT,INDUCED_CONDITION,COND:human_factors,1
EVT:PILOT_INCAPACITATION_OR_IMPAIRMENT,CONTRIBUTES_TO,EVT:AIRFRAME_STRUCTURAL_FAILURE,1
EVT:PILOT_INCAPACITATION_OR_IMPAIRMENT,CAUSES,EVT:AIRFRAME_STRUCTURAL_FAILURE,1
EVT:PILOT_INCAPACITATION_OR_IMPAIRMENT,CAUSES,EVT:GROUND_PERSONNEL_ERROR,1
EVT:PILOT_INCAPACITATION_OR_IMPAIRMENT,CAUSES,EVT:WATER_IMPACT,4
EVT:PILOT_INCAPACITATION_OR_IMPAIRMENT,UNDER_CONDITION,COND:fatigue,1
EVT:PILOT_INCAPACITATION_OR_IMPAIRMENT,CONTRIBUTES_TO,EVT:GROUND_INCIDENT,1
EVT:PILOT_INCAPACITATION_OR_IMPAIRMENT,CONTRIBUTES_TO,EVT:STALL,2
EVT:PILOT_INCAPACITATION_OR_IMPAIRMENT,CAUSES,EVT:ENGINE_FAILURE,1
EVT:PILOT_INCAPACITATION_OR_IMPAIRMENT,CONTRIBUTES_TO,EVT:CONTROL_SURFACE_ANOMALY,1
EVT:SUCCESSFUL_RECOVERY,CAUSES,EVT:EMERGENCY_LANDING,11
EVT:SUCCESSFUL_RECOVERY,PRECEDES,EVT:EMERGENCY_LANDING,2
EVT:SUCCESSFUL_RECOVERY,CAUSES,EVT:GROUND_IMPACT,17
EVT:SUCCESSFUL_RECOVERY,CONTRIBUTES_TO,EVT:GROUND_IMPACT,4
EVT:SUCCESSFUL_RECOVERY,MITIGATES,EVT:GROUND_IMPACT,3
EVT:SUCCESSFUL_RECOVERY,PRECEDES,EVT:GROUND_IMPACT,1
EVT:SUCCESSFUL_RECOVERY,PRECEDES,EVT:DECISION_INAPPROPRIATE,1
EVT:SUCCESSFUL_RECOVERY,ENABLES,EVT:DECISION_INAPPROPRIATE,1
EVT:SUCCESSFUL_RECOVERY,TRIGGERS,EVT:DECISION_INAPPROPRIATE,1
EVT:SUCCESSFUL_RECOVERY,CAUSES,EVT:DECISION_INAPPROPRIATE,1
EVT:SUCCESSFUL_RECOVERY,PRECEDES,EVT:CONTROL_INPUT_IMPROPER,2
EVT:SUCCESSFUL_RECOVERY,TRIGGERS,EVT:CONTROL_INPUT_IMPROPER,1
EVT:SUCCESSFUL_RECOVERY,UNDER_CONDITION,COND:spatial,1
EVT:SUCCESSFUL_RECOVERY,CAUSES,EVT:ENGINE_FAILURE,2
EVT:SUCCESSFUL_RECOVERY,CAUSES,EVT:AIRFRAME_STRUCTURAL_FAILURE,1
EVT:SUCCESSFUL_RECOVERY,CAUSES,EVT:SUCCESSFUL_RECOVERY,5
EVT:SUCCESSFUL_RECOVERY,PRECEDES,EVT:SUCCESSFUL_RECOVERY,4
EVT:SUCCESSFUL_RECOVERY,CONCURRENT,EVT:SUCCESSFUL_RECOVERY,1
EVT:SUCCESSFUL_RECOVERY,CAUSES,EVT:INJURY_OR_FATALITY,5
EVT:SUCCESSFUL_RECOVERY,CAUSES,EVT:SPATIAL_DISORIENTATION,1
EVT:SUCCESSFUL_RECOVERY,CONCURRENT,EVT:LANDING_GEAR_ANOMALY,1
EVT:SUCCESSFUL_RECOVERY,CAUSES,EVT:WATER_IMPACT,5
EVT:SUCCESSFUL_RECOVERY,PRECEDES,EVT:PROCEDURE_NOT_FOLLOWED,3
EVT:SUCCESSFUL_RECOVERY,PRECEDES,EVT:RUNWAY_EXCURSION_OR_OVERRUN,1
EVT:SUCCESSFUL_RECOVERY,CAUSES,EVT:STRUCTURAL_OVERLOAD,1
EVT:SUCCESSFUL_RECOVERY,CAUSES,EVT:STALL,2
EVT:FUEL_SYSTEM_ANOMALY,CAUSES,EVT:ENGINE_FAILURE,322
EVT:FUEL_SYSTEM_ANOMALY,CONTRIBUTES_TO,EVT:ENGINE_FAILURE,5
EVT:FUEL_SYSTEM_ANOMALY,CONCURRENT,EVT:ENGINE_FAILURE,2
EVT:FUEL_SYSTEM_ANOMALY,TRIGGERS,EVT:ENGINE_FAILURE,1
EVT:FUEL_SYSTEM_ANOMALY,PRECEDES,EVT:ENGINE_FAILURE,1
EVT:FUEL_SYSTEM_ANOMALY,CAUSES,EVT:EMERGENCY_LANDING,65
EVT:FUEL_SYSTEM_ANOMALY,RESPONDS_TO,EVT:EMERGENCY_LANDING,8
EVT:FUEL_SYSTEM_ANOMALY,TRIGGERS,EVT:EMERGENCY_LANDING,18
EVT:FUEL_SYSTEM_ANOMALY,INDUCED_CONDITION,COND:mechanical,131
EVT:FUEL_SYSTEM_ANOMALY,UNDER_CONDITION,COND:mechanical,57
EVT:FUEL_SYSTEM_ANOMALY,CAUSES,COND:mechanical,64
EVT:FUEL_SYSTEM_ANOMALY,TRIGGERS,COND:mechanical,1
EVT:FUEL_SYSTEM_ANOMALY,MASKED_BY_CONDITION,COND:mechanical,2
EVT:FUEL_SYSTEM_ANOMALY,CONTRIBUTES_TO,COND:mechanical,2
EVT:FUEL_SYSTEM_ANOMALY,DETECTS,COND:mechanical,1
EVT:FUEL_SYSTEM_ANOMALY,CAUSES,EVT:GROUND_IMPACT,92
EVT:FUEL_SYSTEM_ANOMALY,CONTRIBUTES_TO,EVT:GROUND_IMPACT,4
EVT:FUEL_SYSTEM_ANOMALY,TRIGGERS,EVT:CONTROL_INPUT_IMPROPER,11
EVT:FUEL_SYSTEM_ANOMALY,RESPONDS_TO,EVT:CONTROL_INPUT_IMPROPER,15
EVT:FUEL_SYSTEM_ANOMALY,CAUSES,EVT:CONTROL_INPUT_IMPROPER,3
EVT:FUEL_SYSTEM_ANOMALY,CONTRIBUTES_TO,EVT:CONTROL_INPUT_IMPROPER,2
EVT:FUEL_SYSTEM_ANOMALY,TRIGGERS,EVT:PROCEDURE_NOT_FOLLOWED,27
EVT:FUEL_SYSTEM_ANOMALY,RESPONDS_TO,EVT:PROCEDURE_NOT_FOLLOWED,52
EVT:FUEL_SYSTEM_ANOMALY,CAUSES,EVT:PROCEDURE_NOT_FOLLOWED,1
EVT:FUEL_SYSTEM_ANOMALY,CONTRIBUTES_TO,EVT:PROCEDURE_NOT_FOLLOWED,1
EVT:FUEL_SYSTEM_ANOMALY,CAUSES,EVT:STALL,7
EVT:FUEL_SYSTEM_ANOMALY,CONTRIBUTES_TO,EVT:STALL,3
EVT:FUEL_SYSTEM_ANOMALY,INDUCED_CONDITION,COND:environmental,9
EVT:FUEL_SYSTEM_ANOMALY,CO_OCCURS,COND:environmental,1
EVT:FUEL_SYSTEM_ANOMALY,CAUSES,COND:environmental,11
EVT:FUEL_SYSTEM_ANOMALY,UNDER_CONDITION,COND:environmental,9
EVT:FUEL_SYSTEM_ANOMALY,CONCURRENT,COND:environmental,1
EVT:FUEL_SYSTEM_ANOMALY,CAUSES,EVT:FUEL_SYSTEM_ANOMALY,19
EVT:FUEL_SYSTEM_ANOMALY,TRIGGERS,EVT:FUEL_SYSTEM_ANOMALY,1
EVT:FUEL_SYSTEM_ANOMALY,CONTRIBUTES_TO,EVT:FUEL_SYSTEM_ANOMALY,4
EVT:FUEL_SYSTEM_ANOMALY,PRECEDES,EVT:FUEL_SYSTEM_ANOMALY,1
EVT:FUEL_SYSTEM_ANOMALY,CONCURRENT,EVT:FUEL_SYSTEM_ANOMALY,1
EVT:FUEL_SYSTEM_ANOMALY,TRIGGERS,EVT:DECISION_INAPPROPRIATE,32
EVT:FUEL_SYSTEM_ANOMALY,RESPONDS_TO,EVT:DECISION_INAPPROPRIATE,20
EVT:FUEL_SYSTEM_ANOMALY,CAUSES,EVT:DECISION_INAPPROPRIATE,13
EVT:FUEL_SYSTEM_ANOMALY,CAUSES,EVT:WATER_IMPACT,5
EVT:FUEL_SYSTEM_ANOMALY,CAUSES,EVT:LANDING_GEAR_ANOMALY,4
EVT:FUEL_SYSTEM_ANOMALY,CAUSES,EVT:INFLIGHT_FIRE_OR_SMOKE,33
EVT:FUEL_SYSTEM_ANOMALY,UNDER_CONDITION,ENT:component,2
EVT:FUEL_SYSTEM_ANOMALY,AFFECTS,ENT:component,1
EVT:FUEL_SYSTEM_ANOMALY,CAUSES,EVT:RUNWAY_EXCURSION_OR_OVERRUN,3
EVT:FUEL_SYSTEM_ANOMALY,CAUSES,COND:fuel,1
EVT:FUEL_SYSTEM_ANOMALY,UNDER_CONDITION,COND:fuel,1
EVT:FUEL_SYSTEM_ANOMALY,INDUCED_CONDITION,COND:fuel,2
EVT:FUEL_SYSTEM_ANOMALY,UNDER_CONDITION,COND:fluid_contamination,1
EVT:FUEL_SYSTEM_ANOMALY,CAUSES,EVT:LOSS_OF_CONTROL_INFLIGHT,14
EVT:FUEL_SYSTEM_ANOMALY,CAUSES,COND:resource,6
EVT:FUEL_SYSTEM_ANOMALY,INDUCED_CONDITION,COND:resource,6
EVT:FUEL_SYSTEM_ANOMALY,CONTRIBUTES_TO,COND:resource,2
EVT:FUEL_SYSTEM_ANOMALY,INDUCED_CONDITION,COND:aerodynamic,2
EVT:FUEL_SYSTEM_ANOMALY,UNDER_CONDITION,COND:fatigue,1
EVT:FUEL_SYSTEM_ANOMALY,MASKED_BY_CONDITION,COND:cognitive,2
EVT:FUEL_SYSTEM_ANOMALY,CAUSES,EVT:ALTITUDE_DEVIATION_UNCONTROLLED,1
EVT:FUEL_SYSTEM_ANOMALY,INDUCED_CONDITION,COND:fuel_state,3
EVT:FUEL_SYSTEM_ANOMALY,CAUSES,COND:fuel_state,1
EVT:FUEL_SYSTEM_ANOMALY,UNDER_CONDITION,COND:weather,2
EVT:FUEL_SYSTEM_ANOMALY,CAUSES,EVT:CONTROL_SURFACE_ANOMALY,2
EVT:FUEL_SYSTEM_ANOMALY,TRIGGERS,EVT:PERCEPTION_FAILURE,2
EVT:FUEL_SYSTEM_ANOMALY,CAUSES,EVT:PERCEPTION_FAILURE,1
EVT:FUEL_SYSTEM_ANOMALY,CAUSES,EVT:INSTRUMENT_OR_AVIONICS_FAILURE,2
EVT:FUEL_SYSTEM_ANOMALY,INDUCED_CONDITION,COND:physiological,1
EVT:FUEL_SYSTEM_ANOMALY,INDUCED_CONDITION,COND:structural_defect,1
EVT:FUEL_SYSTEM_ANOMALY,CAUSES,COND:instrument,1
EVT:FUEL_SYSTEM_ANOMALY,CAUSES,EVT:AUTOMATION_ANOMALY,1
EVT:FUEL_SYSTEM_ANOMALY,CAUSES,EVT:BIRD_OR_WILDLIFE_STRIKE,1
EVT:FUEL_SYSTEM_ANOMALY,INDUCED_CONDITION,COND:operational,1
EVT:FUEL_SYSTEM_ANOMALY,CAUSES,COND:information,1
EVT:FUEL_SYSTEM_ANOMALY,TRIGGERS,EVT:SUCCESSFUL_RECOVERY,1
EVT:EMERGENCY_LANDING,CAUSES,EVT:GROUND_IMPACT,1787
EVT:EMERGENCY_LANDING,CONTRIBUTES_TO,EVT:GROUND_IMPACT,7
EVT:EMERGENCY_LANDING,CONCURRENT,EVT:GROUND_IMPACT,13
EVT:EMERGENCY_LANDING,PRECEDES,EVT:GROUND_IMPACT,8
EVT:EMERGENCY_LANDING,MITIGATES,EVT:GROUND_IMPACT,1
EVT:EMERGENCY_LANDING,TRIGGERS,EVT:GROUND_IMPACT,2
EVT:EMERGENCY_LANDING,CAUSES,EVT:STRUCTURAL_OVERLOAD,33
EVT:EMERGENCY_LANDING,UNDER_CONDITION,COND:environmental,220
EVT:EMERGENCY_LANDING,CONTEXT,COND:environmental,1
EVT:EMERGENCY_LANDING,ENABLES,COND:environmental,1
EVT:EMERGENCY_LANDING,INDUCED_CONDITION,COND:environmental,1
EVT:EMERGENCY_LANDING,CAUSES,EVT:LANDING_GEAR_ANOMALY,41
EVT:EMERGENCY_LANDING,CONCURRENT,EVT:LANDING_GEAR_ANOMALY,3
EVT:EMERGENCY_LANDING,PRECEDES,EVT:LANDING_GEAR_ANOMALY,3
EVT:EMERGENCY_LANDING,TRIGGERS,EVT:LANDING_GEAR_ANOMALY,1
EVT:EMERGENCY_LANDING,CAUSES,EVT:INJURY_OR_FATALITY,18
EVT:EMERGENCY_LANDING,UNDER_CONDITION,COND:terrain,26
EVT:EMERGENCY_LANDING,CAUSES,COND:terrain,1
EVT:EMERGENCY_LANDING,PRECEDES,EVT:DECISION_INAPPROPRIATE,6
EVT:EMERGENCY_LANDING,RESPONDS_TO,EVT:DECISION_INAPPROPRIATE,1
EVT:EMERGENCY_LANDING,CAUSES,EVT:WATER_IMPACT,10
EVT:EMERGENCY_LANDING,CAUSES,EVT:RUNWAY_EXCURSION_OR_OVERRUN,36
EVT:EMERGENCY_LANDING,PRECEDES,EVT:RUNWAY_EXCURSION_OR_OVERRUN,3
EVT:EMERGENCY_LANDING,CONCURRENT,EVT:RUNWAY_EXCURSION_OR_OVERRUN,2
EVT:EMERGENCY_LANDING,TRIGGERS,EVT:RUNWAY_EXCURSION_OR_OVERRUN,1
EVT:EMERGENCY_LANDING,RESPONDS_TO,EVT:CONTROL_INPUT_IMPROPER,4
EVT:EMERGENCY_LANDING,CONCURRENT,EVT:CONTROL_INPUT_IMPROPER,14
EVT:EMERGENCY_LANDING,CAUSES,EVT:CONTROL_INPUT_IMPROPER,5
EVT:EMERGENCY_LANDING,PRECEDES,EVT:CONTROL_INPUT_IMPROPER,10
EVT:EMERGENCY_LANDING,TRIGGERS,EVT:CONTROL_INPUT_IMPROPER,8
EVT:EMERGENCY_LANDING,CONTRIBUTES_TO,EVT:CONTROL_INPUT_IMPROPER,2
EVT:EMERGENCY_LANDING,CAUSES,EVT:LOSS_OF_CONTROL_GROUND,2
EVT:EMERGENCY_LANDING,CONTRIBUTES_TO,EVT:LOSS_OF_CONTROL_GROUND,1
EVT:EMERGENCY_LANDING,RESPONDS_TO,EVT:PROCEDURE_NOT_FOLLOWED,1
EVT:EMERGENCY_LANDING,TRIGGERS,EVT:PROCEDURE_NOT_FOLLOWED,3
EVT:EMERGENCY_LANDING,CAUSES,EVT:PROCEDURE_NOT_FOLLOWED,2
EVT:EMERGENCY_LANDING,PRECEDES,EVT:PROCEDURE_NOT_FOLLOWED,7
EVT:EMERGENCY_LANDING,CONCURRENT,EVT:PROCEDURE_NOT_FOLLOWED,1
EVT:EMERGENCY_LANDING,CAUSES,EVT:AIRFRAME_STRUCTURAL_FAILURE,24
EVT:EMERGENCY_LANDING,CAUSES,EVT:SUCCESSFUL_RECOVERY,3
EVT:EMERGENCY_LANDING,TRIGGERS,EVT:SUCCESSFUL_RECOVERY,1
EVT:EMERGENCY_LANDING,CONCURRENT,EVT:TERRAIN_OR_OBSTACLE_PROXIMITY,1
EVT:EMERGENCY_LANDING,CAUSES,EVT:TERRAIN_OR_OBSTACLE_PROXIMITY,14
EVT:EMERGENCY_LANDING,CAUSES,EVT:INFLIGHT_BREAKUP,1
EVT:EMERGENCY_LANDING,UNDER_CONDITION,COND:weather,12
EVT:EMERGENCY_LANDING,CAUSES,EVT:STALL,4
EVT:EMERGENCY_LANDING,INDUCED_CONDITION,COND:mechanical,2
EVT:EMERGENCY_LANDING,CAUSES,COND:mechanical,1
EVT:EMERGENCY_LANDING,TRIGGERS,EVT:PERCEPTION_FAILURE,1
EVT:EMERGENCY_LANDING,CONCURRENT,EVT:PERCEPTION_FAILURE,2
EVT:EMERGENCY_LANDING,PRECEDES,EVT:MAINTENANCE_INADEQUATE,1
EVT:EMERGENCY_LANDING,CAUSES,EVT:MAINTENANCE_INADEQUATE,1
EVT:EMERGENCY_LANDING,RESPONDS_TO,EVT:INFLIGHT_FIRE_OR_SMOKE,1
EVT:EMERGENCY_LANDING,CAUSES,EVT:INFLIGHT_FIRE_OR_SMOKE,5
EVT:EMERGENCY_LANDING,CONCURRENT,EVT:INFLIGHT_FIRE_OR_SMOKE,2
EVT:EMERGENCY_LANDING,CONCURRENT,EVT:TURBULENCE_ENCOUNTER,1
EVT:EMERGENCY_LANDING,UNDER_CONDITION,COND:location,1
EVT:EMERGENCY_LANDING,CAUSES,ENT:aircraft,1
EVT:EMERGENCY_LANDING,CONCURRENT,EVT:WIND_SHEAR_OR_GUST,1
EVT:EMERGENCY_LANDING,PRECEDES,EVT:PILOT_INCAPACITATION_OR_IMPAIRMENT,1
EVT:EMERGENCY_LANDING,CAUSES,EVT:MIDAIR_COLLISION,1
EVT:EMERGENCY_LANDING,PRECEDES,EVT:ENGINE_FAILURE,1
EVT:WATER_IMPACT,PRECEDES,EVT:WIND_SHEAR_OR_GUST,1
EVT:WATER_IMPACT,UNDER_CONDITION,COND:weather,4
EVT:WATER_IMPACT,CAUSES,EVT:WATER_IMPACT,16
EVT:WATER_IMPACT,ENABLES,EVT:WATER_IMPACT,1
EVT:WATER_IMPACT,CONTRIBUTES_TO,EVT:WATER_IMPACT,1
EVT:WATER_IMPACT,CAUSES,EVT:AIRFRAME_STRUCTURAL_FAILURE,17
EVT:WATER_IMPACT,TRIGGERS,EVT:AIRFRAME_STRUCTURAL_FAILURE,1
EVT:WATER_IMPACT,CAUSES,EVT:INJURY_OR_FATALITY,323
EVT:WATER_IMPACT,CONCURRENT,EVT:INJURY_OR_FATALITY,1
EVT:WATER_IMPACT,CAUSES,EVT:GROUND_IMPACT,43
EVT:WATER_IMPACT,TRIGGERS,EVT:GROUND_IMPACT,1
EVT:WATER_IMPACT,CONCURRENT,EVT:GROUND_IMPACT,1
EVT:WATER_IMPACT,UNDER_CONDITION,COND:environmental,39
EVT:WATER_IMPACT,CAUSES,COND:environmental,2
EVT:WATER_IMPACT,CAUSES,EVT:STRUCTURAL_OVERLOAD,21
EVT:WATER_IMPACT,TRIGGERS,EVT:STRUCTURAL_OVERLOAD,1
EVT:WATER_IMPACT,CONCURRENT,EVT:STRUCTURAL_OVERLOAD,1
EVT:WATER_IMPACT,CAUSES,COND:mechanical,2
EVT:WATER_IMPACT,TRIGGERS,EVT:SUCCESSFUL_RECOVERY,7
EVT:WATER_IMPACT,CAUSES,EVT:SUCCESSFUL_RECOVERY,4
EVT:WATER_IMPACT,UNDER_CONDITION,EVT:LOSS_OF_CONTROL_GROUND,1
EVT:WATER_IMPACT,CAUSES,EVT:LOSS_OF_CONTROL_GROUND,1
EVT:WATER_IMPACT,CAUSES,EVT:CONTROL_SURFACE_ANOMALY,1
EVT:WATER_IMPACT,CAUSES,EVT:LOSS_OF_CONTROL_INFLIGHT,2
EVT:WATER_IMPACT,TRIGGERS,EVT:LOSS_OF_CONTROL_INFLIGHT,1
EVT:WATER_IMPACT,CAUSES,EVT:INFLIGHT_BREAKUP,11
EVT:WATER_IMPACT,CAUSES,EVT:STRUCTURAL_FAILURE,1
EVT:WATER_IMPACT,RESPONDS_TO,EVT:CONTROL_INPUT_IMPROPER,2
EVT:WATER_IMPACT,TRIGGERS,EVT:CONTROL_INPUT_IMPROPER,2
EVT:WATER_IMPACT,CAUSES,EVT:CONTROL_INPUT_IMPROPER,1
EVT:WATER_IMPACT,PRECEDES,EVT:CONTROL_INPUT_IMPROPER,1
EVT:WATER_IMPACT,CAUSES,EVT:PILOT_INCAPACITATION_OR_IMPAIRMENT,2
EVT:WATER_IMPACT,AFFECTS,ENT:aircraft,1
EVT:WATER_IMPACT,CAUSES,ENT:aircraft,1
EVT:WATER_IMPACT,TRIGGERS,EVT:LANDING_GEAR_ANOMALY,2
EVT:WATER_IMPACT,CAUSES,ENT:person,1
EVT:ORG_OR_REGULATORY_INADEQUATE,CONTRIBUTES_TO,EVT:PROCEDURE_NOT_FOLLOWED,12
EVT:ORG_OR_REGULATORY_INADEQUATE,CAUSES,EVT:PROCEDURE_NOT_FOLLOWED,2
EVT:ORG_OR_REGULATORY_INADEQUATE,ENABLES,EVT:DECISION_INAPPROPRIATE,2
EVT:ORG_OR_REGULATORY_INADEQUATE,CONTRIBUTES_TO,EVT:DECISION_INAPPROPRIATE,14
EVT:ORG_OR_REGULATORY_INADEQUATE,CAUSES,EVT:DECISION_INAPPROPRIATE,2
EVT:ORG_OR_REGULATORY_INADEQUATE,CONTRIBUTES_TO,EVT:LOSS_OF_CONTROL_INFLIGHT,4
EVT:ORG_OR_REGULATORY_INADEQUATE,CAUSES,COND:mechanical,19
EVT:ORG_OR_REGULATORY_INADEQUATE,ENABLES,COND:mechanical,5
EVT:ORG_OR_REGULATORY_INADEQUATE,CONTRIBUTES_TO,COND:mechanical,5
EVT:ORG_OR_REGULATORY_INADEQUATE,MASKED_BY_CONDITION,COND:mechanical,1
EVT:ORG_OR_REGULATORY_INADEQUATE,CAUSES,COND:information,19
EVT:ORG_OR_REGULATORY_INADEQUATE,ENABLES,EVT:CONTROL_INPUT_IMPROPER,1
EVT:ORG_OR_REGULATORY_INADEQUATE,CONTRIBUTES_TO,EVT:CONTROL_INPUT_IMPROPER,12
EVT:ORG_OR_REGULATORY_INADEQUATE,CAUSES,EVT:CONTROL_INPUT_IMPROPER,1
EVT:ORG_OR_REGULATORY_INADEQUATE,UNDER_CONDITION,COND:regulatory,1
EVT:ORG_OR_REGULATORY_INADEQUATE,CAUSES,COND:regulatory,1
EVT:ORG_OR_REGULATORY_INADEQUATE,ENABLES,COND:regulatory,1
EVT:ORG_OR_REGULATORY_INADEQUATE,INDUCED_CONDITION,COND:regulatory,1
EVT:ORG_OR_REGULATORY_INADEQUATE,INDUCED_CONDITION,COND:organizational,12
EVT:ORG_OR_REGULATORY_INADEQUATE,CAUSES,COND:organizational,54
EVT:ORG_OR_REGULATORY_INADEQUATE,UNDER_CONDITION,COND:organizational,2
EVT:ORG_OR_REGULATORY_INADEQUATE,CONTRIBUTES_TO,COND:organizational,2
EVT:ORG_OR_REGULATORY_INADEQUATE,CONTRIBUTES_TO,EVT:ORG_OR_REGULATORY_INADEQUATE,4
EVT:ORG_OR_REGULATORY_INADEQUATE,CAUSES,EVT:ORG_OR_REGULATORY_INADEQUATE,3
EVT:ORG_OR_REGULATORY_INADEQUATE,CAUSES,COND:procedural,4
EVT:ORG_OR_REGULATORY_INADEQUATE,CAUSES,COND:latent_defect,7
EVT:ORG_OR_REGULATORY_INADEQUATE,CONTRIBUTES_TO,COND:latent_defect,2
EVT:ORG_OR_REGULATORY_INADEQUATE,ENABLES,COND:latent_defect,1
EVT:ORG_OR_REGULATORY_INADEQUATE,INDUCED_CONDITION,COND:latent_defect,1
EVT:ORG_OR_REGULATORY_INADEQUATE,CAUSES,COND:equipment,2
EVT:ORG_OR_REGULATORY_INADEQUATE,CONTRIBUTES_TO,EVT:GROUND_IMPACT,2
EVT:ORG_OR_REGULATORY_INADEQUATE,CONTRIBUTES_TO,EVT:CREW_COORDINATION_FAILURE,2
EVT:ORG_OR_REGULATORY_INADEQUATE,CONTRIBUTES_TO,EVT:PERCEPTION_FAILURE,9
EVT:ORG_OR_REGULATORY_INADEQUATE,RESPONDS_TO,EVT:PERCEPTION_FAILURE,1
EVT:ORG_OR_REGULATORY_INADEQUATE,ENABLES,COND:weight,1
EVT:ORG_OR_REGULATORY_INADEQUATE,CAUSES,COND:environmental,6
EVT:ORG_OR_REGULATORY_INADEQUATE,MITIGATES,COND:design,1
EVT:ORG_OR_REGULATORY_INADEQUATE,CONTRIBUTES_TO,COND:design,1
EVT:ORG_OR_REGULATORY_INADEQUATE,CONTRIBUTES_TO,EVT:MAINTENANCE_INADEQUATE,4
EVT:ORG_OR_REGULATORY_INADEQUATE,CAUSES,EVT:MAINTENANCE_INADEQUATE,1
EVT:ORG_OR_REGULATORY_INADEQUATE,CAUSES,COND:human,2
EVT:ORG_OR_REGULATORY_INADEQUATE,CONTRIBUTES_TO,EVT:ATC_OR_DISPATCH_INADEQUATE,1
EVT:ORG_OR_REGULATORY_INADEQUATE,CAUSES,COND:other,1
EVT:ORG_OR_REGULATORY_INADEQUATE,INHIBITS,COND:other,1
EVT:ORG_OR_REGULATORY_INADEQUATE,CAUSES,EVT:ENGINE_FAILURE,1
EVT:ORG_OR_REGULATORY_INADEQUATE,CONTRIBUTES_TO,EVT:ENGINE_FAILURE,3
EVT:ORG_OR_REGULATORY_INADEQUATE,CAUSES,COND:infrastructure,2
EVT:ORG_OR_REGULATORY_INADEQUATE,CONTRIBUTES_TO,COND:human_factors,1
EVT:ORG_OR_REGULATORY_INADEQUATE,CONTRIBUTES_TO,EVT:SPATIAL_DISORIENTATION,3
EVT:ORG_OR_REGULATORY_INADEQUATE,CAUSES,EVT:FUEL_SYSTEM_ANOMALY,1
EVT:ORG_OR_REGULATORY_INADEQUATE,INDUCED_CONDITION,COND:information_gap,1
EVT:ORG_OR_REGULATORY_INADEQUATE,CAUSES,COND:information_gap,2
EVT:ORG_OR_REGULATORY_INADEQUATE,CAUSES,COND:chemical,1
EVT:ORG_OR_REGULATORY_INADEQUATE,SUPERVISED_BY,ENT:aircraft,1
EVT:ORG_OR_REGULATORY_INADEQUATE,CAUSES,COND:training,2
EVT:ORG_OR_REGULATORY_INADEQUATE,CAUSES,COND:latent,1
EVT:ORG_OR_REGULATORY_INADEQUATE,ENABLES,COND:medical,3
EVT:ORG_OR_REGULATORY_INADEQUATE,CONTRIBUTES_TO,EVT:DESIGN_DEFECT_LATENT,1
EVT:ORG_OR_REGULATORY_INADEQUATE,CONTRIBUTES_TO,EVT:PILOT_INCAPACITATION_OR_IMPAIRMENT,4
EVT:ORG_OR_REGULATORY_INADEQUATE,ENABLES,EVT:PILOT_INCAPACITATION_OR_IMPAIRMENT,1
EVT:ORG_OR_REGULATORY_INADEQUATE,MASKED_BY_CONDITION,COND:physical,1
EVT:ORG_OR_REGULATORY_INADEQUATE,INDUCED_CONDITION,COND:security,1
EVT:ORG_OR_REGULATORY_INADEQUATE,ENABLES,COND:weather,1
EVT:ORG_OR_REGULATORY_INADEQUATE,CAUSES,COND:weather,1
EVT:ORG_OR_REGULATORY_INADEQUATE,CONTRIBUTES_TO,EVT:STALL,2
EVT:ORG_OR_REGULATORY_INADEQUATE,CONTRIBUTES_TO,COND:human_factor,1
EVT:ORG_OR_REGULATORY_INADEQUATE,CAUSES,COND:human_factor,1
EVT:ORG_OR_REGULATORY_INADEQUATE,CONTRIBUTES_TO,EVT:LOSS_OF_CONTROL_GROUND,1
EVT:ORG_OR_REGULATORY_INADEQUATE,CONTRIBUTES_TO,EVT:TERRAIN_OR_OBSTACLE_PROXIMITY,1
EVT:ORG_OR_REGULATORY_INADEQUATE,ENABLES,EVT:LANDING_GEAR_ANOMALY,1
EVT:ORG_OR_REGULATORY_INADEQUATE,CONTRIBUTES_TO,EVT:TRAINING_OR_CURRENCY_GAP,1
EVT:ORG_OR_REGULATORY_INADEQUATE,CAUSES,COND:knowledge,1
EVT:ORG_OR_REGULATORY_INADEQUATE,CONTRIBUTES_TO,COND:physiological,1
EVT:ORG_OR_REGULATORY_INADEQUATE,CAUSES,COND:operational,1
EVT:ORG_OR_REGULATORY_INADEQUATE,CONTRIBUTES_TO,EVT:INFLIGHT_BREAKUP,1
EVT:TERRAIN_OR_OBSTACLE_PROXIMITY,UNDER_CONDITION,COND:obstacle,8
EVT:TERRAIN_OR_OBSTACLE_PROXIMITY,CAUSES,COND:obstacle,1
EVT:TERRAIN_OR_OBSTACLE_PROXIMITY,CAUSES,EVT:GROUND_IMPACT,1063
EVT:TERRAIN_OR_OBSTACLE_PROXIMITY,CONTRIBUTES_TO,EVT:GROUND_IMPACT,15
EVT:TERRAIN_OR_OBSTACLE_PROXIMITY,CONCURRENT,EVT:GROUND_IMPACT,1
EVT:TERRAIN_OR_OBSTACLE_PROXIMITY,TRIGGERS,EVT:GROUND_IMPACT,1
EVT:TERRAIN_OR_OBSTACLE_PROXIMITY,CAUSES,EVT:STRUCTURAL_OVERLOAD,22
EVT:TERRAIN_OR_OBSTACLE_PROXIMITY,UNDER_CONDITION,COND:environmental,425
EVT:TERRAIN_OR_OBSTACLE_PROXIMITY,ENABLES,COND:environmental,2
EVT:TERRAIN_OR_OBSTACLE_PROXIMITY,CAUSES,COND:environmental,3
EVT:TERRAIN_OR_OBSTACLE_PROXIMITY,CONCURRENT,COND:environmental,1
EVT:TERRAIN_OR_OBSTACLE_PROXIMITY,CAUSES,EVT:LOSS_OF_CONTROL_INFLIGHT,148
EVT:TERRAIN_OR_OBSTACLE_PROXIMITY,CONTRIBUTES_TO,EVT:LOSS_OF_CONTROL_INFLIGHT,5
EVT:TERRAIN_OR_OBSTACLE_PROXIMITY,TRIGGERS,EVT:LOSS_OF_CONTROL_INFLIGHT,1
EVT:TERRAIN_OR_OBSTACLE_PROXIMITY,UNDER_CONDITION,COND:terrain,149
EVT:TERRAIN_OR_OBSTACLE_PROXIMITY,CO_OCCURS,COND:terrain,1
EVT:TERRAIN_OR_OBSTACLE_PROXIMITY,TRIGGERS,EVT:CONTROL_INPUT_IMPROPER,45
EVT:TERRAIN_OR_OBSTACLE_PROXIMITY,CAUSES,EVT:CONTROL_INPUT_IMPROPER,20
EVT:TERRAIN_OR_OBSTACLE_PROXIMITY,PRECEDES,EVT:CONTROL_INPUT_IMPROPER,4
EVT:TERRAIN_OR_OBSTACLE_PROXIMITY,RESPONDS_TO,EVT:CONTROL_INPUT_IMPROPER,13
EVT:TERRAIN_OR_OBSTACLE_PROXIMITY,ENABLES,EVT:CONTROL_INPUT_IMPROPER,1
EVT:TERRAIN_OR_OBSTACLE_PROXIMITY,CONTRIBUTES_TO,EVT:CONTROL_INPUT_IMPROPER,5
EVT:TERRAIN_OR_OBSTACLE_PROXIMITY,CONTEXT,EVT:CONTROL_INPUT_IMPROPER,1
EVT:TERRAIN_OR_OBSTACLE_PROXIMITY,CONCURRENT,EVT:CONTROL_INPUT_IMPROPER,1
EVT:TERRAIN_OR_OBSTACLE_PROXIMITY,UNDER_CONDITION,EVT:CONTROL_INPUT_IMPROPER,1
EVT:TERRAIN_OR_OBSTACLE_PROXIMITY,UNDER_CONDITION,COND:weather,43
EVT:TERRAIN_OR_OBSTACLE_PROXIMITY,ENABLES,COND:weather,2
EVT:TERRAIN_OR_OBSTACLE_PROXIMITY,CONCURRENT,COND:weather,1
EVT:TERRAIN_OR_OBSTACLE_PROXIMITY,CO_OCCURS,COND:weather,1
EVT:TERRAIN_OR_OBSTACLE_PROXIMITY,RESPONDS_TO,EVT:EMERGENCY_LANDING,1
EVT:TERRAIN_OR_OBSTACLE_PROXIMITY,CAUSES,EVT:EMERGENCY_LANDING,11
EVT:TERRAIN_OR_OBSTACLE_PROXIMITY,TRIGGERS,EVT:EMERGENCY_LANDING,2
EVT:TERRAIN_OR_OBSTACLE_PROXIMITY,CAUSES,EVT:AIRFRAME_STRUCTURAL_FAILURE,105
EVT:TERRAIN_OR_OBSTACLE_PROXIMITY,CAUSES,EVT:TURBULENCE_ENCOUNTER,7
EVT:TERRAIN_OR_OBSTACLE_PROXIMITY,CONCURRENT,EVT:TURBULENCE_ENCOUNTER,1
EVT:TERRAIN_OR_OBSTACLE_PROXIMITY,CO_OCCURS,EVT:TURBULENCE_ENCOUNTER,1
EVT:TERRAIN_OR_OBSTACLE_PROXIMITY,PRECEDES,EVT:TURBULENCE_ENCOUNTER,1
EVT:TERRAIN_OR_OBSTACLE_PROXIMITY,CAUSES,ENT:infrastructure,1
EVT:TERRAIN_OR_OBSTACLE_PROXIMITY,AFFECTED_BY,ENT:infrastructure,2
EVT:TERRAIN_OR_OBSTACLE_PROXIMITY,AFFECTS,ENT:infrastructure,1
EVT:TERRAIN_OR_OBSTACLE_PROXIMITY,CO_OCCURS,ENT:infrastructure,1
EVT:TERRAIN_OR_OBSTACLE_PROXIMITY,CAUSES,EVT:ENGINE_FAILURE,11
EVT:TERRAIN_OR_OBSTACLE_PROXIMITY,CONCURRENT,EVT:ENGINE_FAILURE,1
EVT:TERRAIN_OR_OBSTACLE_PROXIMITY,CAUSES,EVT:STALL,16
EVT:TERRAIN_OR_OBSTACLE_PROXIMITY,TRIGGERS,EVT:STALL,3
EVT:TERRAIN_OR_OBSTACLE_PROXIMITY,CONTRIBUTES_TO,EVT:STALL,6
EVT:TERRAIN_OR_OBSTACLE_PROXIMITY,PRECEDES,EVT:STALL,1
EVT:TERRAIN_OR_OBSTACLE_PROXIMITY,CAUSES,EVT:LANDING_GEAR_ANOMALY,26
EVT:TERRAIN_OR_OBSTACLE_PROXIMITY,TRIGGERS,EVT:DECISION_INAPPROPRIATE,16
EVT:TERRAIN_OR_OBSTACLE_PROXIMITY,RESPONDS_TO,EVT:DECISION_INAPPROPRIATE,3
EVT:TERRAIN_OR_OBSTACLE_PROXIMITY,CAUSES,EVT:DECISION_INAPPROPRIATE,2
EVT:TERRAIN_OR_OBSTACLE_PROXIMITY,PRECEDES,EVT:DECISION_INAPPROPRIATE,1
EVT:TERRAIN_OR_OBSTACLE_PROXIMITY,CAUSES,EVT:TERRAIN_OR_OBSTACLE_PROXIMITY,38
EVT:TERRAIN_OR_OBSTACLE_PROXIMITY,CONCURRENT,EVT:TERRAIN_OR_OBSTACLE_PROXIMITY,6
EVT:TERRAIN_OR_OBSTACLE_PROXIMITY,ENABLES,EVT:TERRAIN_OR_OBSTACLE_PROXIMITY,1
EVT:TERRAIN_OR_OBSTACLE_PROXIMITY,CONTRIBUTES_TO,EVT:TERRAIN_OR_OBSTACLE_PROXIMITY,2
EVT:TERRAIN_OR_OBSTACLE_PROXIMITY,CAUSES,EVT:WATER_IMPACT,18
EVT:TERRAIN_OR_OBSTACLE_PROXIMITY,CONTRIBUTES_TO,EVT:WATER_IMPACT,1
EVT:TERRAIN_OR_OBSTACLE_PROXIMITY,CAUSES,EVT:LOSS_OF_CONTROL_GROUND,29
EVT:TERRAIN_OR_OBSTACLE_PROXIMITY,CONTRIBUTES_TO,EVT:LOSS_OF_CONTROL_GROUND,1
EVT:TERRAIN_OR_OBSTACLE_PROXIMITY,CAUSES,EVT:INJURY_OR_FATALITY,21
EVT:TERRAIN_OR_OBSTACLE_PROXIMITY,CAUSES,EVT:CONTROL_SURFACE_ANOMALY,30
EVT:TERRAIN_OR_OBSTACLE_PROXIMITY,PRECEDES,EVT:CONTROL_SURFACE_ANOMALY,1
EVT:TERRAIN_OR_OBSTACLE_PROXIMITY,UNDER_CONDITION,COND:infrastructure,5
EVT:TERRAIN_OR_OBSTACLE_PROXIMITY,CAUSES,EVT:BIRD_OR_WILDLIFE_STRIKE,2
EVT:TERRAIN_OR_OBSTACLE_PROXIMITY,UNDER_CONDITION,COND:unknown,2
EVT:TERRAIN_OR_OBSTACLE_PROXIMITY,CAUSES,COND:mechanical,6
EVT:TERRAIN_OR_OBSTACLE_PROXIMITY,INDUCED_CONDITION,COND:mechanical,4
EVT:TERRAIN_OR_OBSTACLE_PROXIMITY,TRIGGERS,COND:mechanical,1
EVT:TERRAIN_OR_OBSTACLE_PROXIMITY,CAUSES,EVT:SUCCESSFUL_RECOVERY,1
EVT:TERRAIN_OR_OBSTACLE_PROXIMITY,PREVENTS,EVT:SUCCESSFUL_RECOVERY,1
EVT:TERRAIN_OR_OBSTACLE_PROXIMITY,TRIGGERS,EVT:SUCCESSFUL_RECOVERY,2
EVT:TERRAIN_OR_OBSTACLE_PROXIMITY,CONCURRENT,EVT:SUCCESSFUL_RECOVERY,4
EVT:TERRAIN_OR_OBSTACLE_PROXIMITY,AFFECTS,ENT:location,1
EVT:TERRAIN_OR_OBSTACLE_PROXIMITY,CAUSES,ENT:location,3
EVT:TERRAIN_OR_OBSTACLE_PROXIMITY,UNDER_CONDITION,ENT:location,4
EVT:TERRAIN_OR_OBSTACLE_PROXIMITY,CAUSES,EVT:RUNWAY_EXCURSION_OR_OVERRUN,5
EVT:TERRAIN_OR_OBSTACLE_PROXIMITY,CONTRIBUTES_TO,EVT:RUNWAY_EXCURSION_OR_OVERRUN,1
EVT:TERRAIN_OR_OBSTACLE_PROXIMITY,CONCURRENT,EVT:RUNWAY_EXCURSION_OR_OVERRUN,1
EVT:TERRAIN_OR_OBSTACLE_PROXIMITY,PRECEDES,EVT:PROCEDURE_NOT_FOLLOWED,1
EVT:TERRAIN_OR_OBSTACLE_PROXIMITY,CAUSES,EVT:PROCEDURE_NOT_FOLLOWED,1
EVT:TERRAIN_OR_OBSTACLE_PROXIMITY,TRIGGERS,EVT:PROCEDURE_NOT_FOLLOWED,6
EVT:TERRAIN_OR_OBSTACLE_PROXIMITY,CAUSES,EVT:PILOT_INCAPACITATION_OR_IMPAIRMENT,1
EVT:TERRAIN_OR_OBSTACLE_PROXIMITY,TRIGGERS,EVT:PROCEDURE_FOLLOWED,1
EVT:TERRAIN_OR_OBSTACLE_PROXIMITY,UNDER_CONDITION,EVT:PERCEPTION_FAILURE,1
EVT:TERRAIN_OR_OBSTACLE_PROXIMITY,CAUSES,EVT:PERCEPTION_FAILURE,4
EVT:TERRAIN_OR_OBSTACLE_PROXIMITY,CONTRIBUTES_TO,EVT:PERCEPTION_FAILURE,7
EVT:TERRAIN_OR_OBSTACLE_PROXIMITY,ENABLES,EVT:PERCEPTION_FAILURE,4
EVT:TERRAIN_OR_OBSTACLE_PROXIMITY,TRIGGERS,EVT:PERCEPTION_FAILURE,8
EVT:TERRAIN_OR_OBSTACLE_PROXIMITY,CONTEXT,EVT:PERCEPTION_FAILURE,2
EVT:TERRAIN_OR_OBSTACLE_PROXIMITY,PRECEDES,EVT:PERCEPTION_FAILURE,2
EVT:TERRAIN_OR_OBSTACLE_PROXIMITY,CONCURRENT,EVT:PERCEPTION_FAILURE,6
EVT:TERRAIN_OR_OBSTACLE_PROXIMITY,CO_OCCURS,EVT:PERCEPTION_FAILURE,1
EVT:TERRAIN_OR_OBSTACLE_PROXIMITY,UNDER_CONDITION,COND:terrain_obstacle,4
EVT:TERRAIN_OR_OBSTACLE_PROXIMITY,UNDER_CONDITION,COND:spatial,5
EVT:TERRAIN_OR_OBSTACLE_PROXIMITY,INDUCED_CONDITION,COND:spatial,1
EVT:TERRAIN_OR_OBSTACLE_PROXIMITY,UNDER_CONDITION,COND:situational_awareness,1
EVT:TERRAIN_OR_OBSTACLE_PROXIMITY,INDUCED_CONDITION,COND:situational_awareness,1
EVT:TERRAIN_OR_OBSTACLE_PROXIMITY,UNDER_CONDITION,COND:aerodynamic,4
EVT:TERRAIN_OR_OBSTACLE_PROXIMITY,INDUCED_CONDITION,COND:aerodynamic,2
EVT:TERRAIN_OR_OBSTACLE_PROXIMITY,CAUSES,COND:aerodynamic,2
EVT:TERRAIN_OR_OBSTACLE_PROXIMITY,CAUSES,EVT:MIDAIR_COLLISION,8
EVT:TERRAIN_OR_OBSTACLE_PROXIMITY,ENABLES,EVT:MIDAIR_COLLISION,1
EVT:TERRAIN_OR_OBSTACLE_PROXIMITY,CONCURRENT,EVT:MIDAIR_COLLISION,2
EVT:TERRAIN_OR_OBSTACLE_PROXIMITY,CONTRIBUTES_TO,EVT:MIDAIR_COLLISION,1
EVT:TERRAIN_OR_OBSTACLE_PROXIMITY,UNDER_CONDITION,COND:physical,1
EVT:TERRAIN_OR_OBSTACLE_PROXIMITY,CAUSES,EVT:INFLIGHT_FIRE_OR_SMOKE,27
EVT:TERRAIN_OR_OBSTACLE_PROXIMITY,UNDER_CONDITION,COND:surface,4
EVT:TERRAIN_OR_OBSTACLE_PROXIMITY,INDUCED_CONDITION,COND:human_factors,3
EVT:TERRAIN_OR_OBSTACLE_PROXIMITY,ENABLES,EVT:GROUND_COLLISION,1
EVT:TERRAIN_OR_OBSTACLE_PROXIMITY,CAUSES,EVT:GROUND_COLLISION,1
EVT:TERRAIN_OR_OBSTACLE_PROXIMITY,AFFECTS,ENT:aircraft,1
EVT:TERRAIN_OR_OBSTACLE_PROXIMITY,UNDER_CONDITION,ENT:aircraft,1
EVT:TERRAIN_OR_OBSTACLE_PROXIMITY,UNDER_CONDITION,COND:operational,4
EVT:TERRAIN_OR_OBSTACLE_PROXIMITY,CONCURRENT,EVT:WIND_SHEAR_OR_GUST,3
EVT:TERRAIN_OR_OBSTACLE_PROXIMITY,CAUSES,EVT:WIND_SHEAR_OR_GUST,1
EVT:TERRAIN_OR_OBSTACLE_PROXIMITY,PRECEDES,EVT:WIND_SHEAR_OR_GUST,3
EVT:TERRAIN_OR_OBSTACLE_PROXIMITY,UNDER_CONDITION,COND:environmental_hazard,3
EVT:TERRAIN_OR_OBSTACLE_PROXIMITY,UNDER_CONDITION,COND:location,1
EVT:TERRAIN_OR_OBSTACLE_PROXIMITY,CAUSES,EVT:INFLIGHT_BREAKUP,4
EVT:TERRAIN_OR_OBSTACLE_PROXIMITY,UNDER_CONDITION,COND:other,3
EVT:TERRAIN_OR_OBSTACLE_PROXIMITY,UNDER_CONDITION,COND:equipment,1
EVT:TERRAIN_OR_OBSTACLE_PROXIMITY,CAUSES,EVT:ALTITUDE_DEVIATION_UNCONTROLLED,9
EVT:TERRAIN_OR_OBSTACLE_PROXIMITY,AFFECTED_BY,ENT:component,1
EVT:TERRAIN_OR_OBSTACLE_PROXIMITY,UNDER_CONDITION,ENT:object,1
EVT:TERRAIN_OR_OBSTACLE_PROXIMITY,CAUSES,ENT:object,2
EVT:TERRAIN_OR_OBSTACLE_PROXIMITY,AFFECTS,ENT:object,3
EVT:TERRAIN_OR_OBSTACLE_PROXIMITY,INDUCED_CONDITION,COND:cognitive,1
EVT:TERRAIN_OR_OBSTACLE_PROXIMITY,CONTRIBUTES_TO,COND:organizational,1
EVT:TERRAIN_OR_OBSTACLE_PROXIMITY,UNDER_CONDITION,COND:organizational,2
EVT:TERRAIN_OR_OBSTACLE_PROXIMITY,INDUCED_CONDITION,COND:human,1
EVT:TERRAIN_OR_OBSTACLE_PROXIMITY,TRIGGERS,EVT:INSTRUMENT_OR_AVIONICS_FAILURE,1
EVT:TERRAIN_OR_OBSTACLE_PROXIMITY,CONCURRENT,EVT:ATC_OR_DISPATCH_INADEQUATE,1
EVT:TERRAIN_OR_OBSTACLE_PROXIMITY,ENABLES,COND:human_factor,1
EVT:TERRAIN_OR_OBSTACLE_PROXIMITY,TRIGGERS,EVT:AUTOMATION_ANOMALY,1
EVT:ALTITUDE_DEVIATION_UNCONTROLLED,RESPONDS_TO,EVT:DECISION_INAPPROPRIATE,30
EVT:ALTITUDE_DEVIATION_UNCONTROLLED,TRIGGERS,EVT:DECISION_INAPPROPRIATE,61
EVT:ALTITUDE_DEVIATION_UNCONTROLLED,CAUSES,EVT:DECISION_INAPPROPRIATE,24
EVT:ALTITUDE_DEVIATION_UNCONTROLLED,CONTRIBUTES_TO,EVT:DECISION_INAPPROPRIATE,1
EVT:ALTITUDE_DEVIATION_UNCONTROLLED,CAUSES,EVT:GROUND_IMPACT,668
EVT:ALTITUDE_DEVIATION_UNCONTROLLED,CONTRIBUTES_TO,EVT:GROUND_IMPACT,10
EVT:ALTITUDE_DEVIATION_UNCONTROLLED,PRECEDES,EVT:GROUND_IMPACT,1
EVT:ALTITUDE_DEVIATION_UNCONTROLLED,CAUSES,EVT:RUNWAY_EXCURSION_OR_OVERRUN,36
EVT:ALTITUDE_DEVIATION_UNCONTROLLED,CONTRIBUTES_TO,EVT:RUNWAY_EXCURSION_OR_OVERRUN,1
EVT:ALTITUDE_DEVIATION_UNCONTROLLED,CONCURRENT,EVT:PROCEDURE_NOT_FOLLOWED,2
EVT:ALTITUDE_DEVIATION_UNCONTROLLED,CAUSES,EVT:PROCEDURE_NOT_FOLLOWED,6
EVT:ALTITUDE_DEVIATION_UNCONTROLLED,TRIGGERS,EVT:PROCEDURE_NOT_FOLLOWED,16
EVT:ALTITUDE_DEVIATION_UNCONTROLLED,RESPONDS_TO,EVT:PROCEDURE_NOT_FOLLOWED,8
EVT:ALTITUDE_DEVIATION_UNCONTROLLED,CONTRIBUTES_TO,EVT:PROCEDURE_NOT_FOLLOWED,1
EVT:ALTITUDE_DEVIATION_UNCONTROLLED,TRIGGERS,EVT:CREW_COORDINATION_FAILURE,5
EVT:ALTITUDE_DEVIATION_UNCONTROLLED,INDUCED_CONDITION,COND:aerodynamic,13
EVT:ALTITUDE_DEVIATION_UNCONTROLLED,CAUSES,COND:aerodynamic,4
EVT:ALTITUDE_DEVIATION_UNCONTROLLED,UNDER_CONDITION,COND:aerodynamic,8
EVT:ALTITUDE_DEVIATION_UNCONTROLLED,CONTRIBUTES_TO,COND:aerodynamic,1
EVT:ALTITUDE_DEVIATION_UNCONTROLLED,CAUSES,EVT:TERRAIN_OR_OBSTACLE_PROXIMITY,82
EVT:ALTITUDE_DEVIATION_UNCONTROLLED,CONTRIBUTES_TO,EVT:TERRAIN_OR_OBSTACLE_PROXIMITY,2
EVT:ALTITUDE_DEVIATION_UNCONTROLLED,CONCURRENT,EVT:TERRAIN_OR_OBSTACLE_PROXIMITY,1
EVT:ALTITUDE_DEVIATION_UNCONTROLLED,UNDER_CONDITION,COND:environmental,60
EVT:ALTITUDE_DEVIATION_UNCONTROLLED,TRIGGERS,COND:environmental,1
EVT:ALTITUDE_DEVIATION_UNCONTROLLED,INDUCED_CONDITION,COND:environmental,8
EVT:ALTITUDE_DEVIATION_UNCONTROLLED,CAUSES,COND:environmental,4
EVT:ALTITUDE_DEVIATION_UNCONTROLLED,CO_OCCURS,COND:environmental,1
EVT:ALTITUDE_DEVIATION_UNCONTROLLED,RESPONDS_TO,EVT:CONTROL_INPUT_IMPROPER,89
EVT:ALTITUDE_DEVIATION_UNCONTROLLED,CONTRIBUTES_TO,EVT:CONTROL_INPUT_IMPROPER,6
EVT:ALTITUDE_DEVIATION_UNCONTROLLED,TRIGGERS,EVT:CONTROL_INPUT_IMPROPER,57
EVT:ALTITUDE_DEVIATION_UNCONTROLLED,CAUSES,EVT:CONTROL_INPUT_IMPROPER,35
EVT:ALTITUDE_DEVIATION_UNCONTROLLED,CONCURRENT,EVT:CONTROL_INPUT_IMPROPER,1
EVT:ALTITUDE_DEVIATION_UNCONTROLLED,CAUSES,EVT:AIRFRAME_STRUCTURAL_FAILURE,4
EVT:ALTITUDE_DEVIATION_UNCONTROLLED,UNDER_CONDITION,COND:weather,59
EVT:ALTITUDE_DEVIATION_UNCONTROLLED,CAUSES,EVT:MIDAIR_COLLISION,7
EVT:ALTITUDE_DEVIATION_UNCONTROLLED,CAUSES,EVT:LOW_VISIBILITY_OR_IMC,2
EVT:ALTITUDE_DEVIATION_UNCONTROLLED,CONTRIBUTES_TO,EVT:LOSS_OF_CONTROL_INFLIGHT,8
EVT:ALTITUDE_DEVIATION_UNCONTROLLED,CAUSES,EVT:LOSS_OF_CONTROL_INFLIGHT,20
EVT:ALTITUDE_DEVIATION_UNCONTROLLED,CAUSES,EVT:EMERGENCY_LANDING,28
EVT:ALTITUDE_DEVIATION_UNCONTROLLED,TRIGGERS,EVT:EMERGENCY_LANDING,3
EVT:ALTITUDE_DEVIATION_UNCONTROLLED,RESPONDS_TO,EVT:EMERGENCY_LANDING,6
EVT:ALTITUDE_DEVIATION_UNCONTROLLED,RESPONDS_TO,EVT:PERCEPTION_FAILURE,1
EVT:ALTITUDE_DEVIATION_UNCONTROLLED,TRIGGERS,EVT:PERCEPTION_FAILURE,10
EVT:ALTITUDE_DEVIATION_UNCONTROLLED,CONTRIBUTES_TO,EVT:PERCEPTION_FAILURE,4
EVT:ALTITUDE_DEVIATION_UNCONTROLLED,CAUSES,EVT:PERCEPTION_FAILURE,8
EVT:ALTITUDE_DEVIATION_UNCONTROLLED,MASKED_BY_CONDITION,EVT:PERCEPTION_FAILURE,1
EVT:ALTITUDE_DEVIATION_UNCONTROLLED,CONCURRENT,EVT:PERCEPTION_FAILURE,1
EVT:ALTITUDE_DEVIATION_UNCONTROLLED,CONTRIBUTES_TO,COND:human_factor,1
EVT:ALTITUDE_DEVIATION_UNCONTROLLED,CAUSES,EVT:WATER_IMPACT,33
EVT:ALTITUDE_DEVIATION_UNCONTROLLED,UNDER_CONDITION,COND:latent_defect,1
EVT:ALTITUDE_DEVIATION_UNCONTROLLED,CAUSES,COND:mechanical,1
EVT:ALTITUDE_DEVIATION_UNCONTROLLED,CONTRIBUTES_TO,COND:mechanical,1
EVT:ALTITUDE_DEVIATION_UNCONTROLLED,UNDER_CONDITION,COND:mechanical,3
EVT:ALTITUDE_DEVIATION_UNCONTROLLED,CAUSES,EVT:STALL,21
EVT:ALTITUDE_DEVIATION_UNCONTROLLED,CONTRIBUTES_TO,EVT:STALL,2
EVT:ALTITUDE_DEVIATION_UNCONTROLLED,UNDER_CONDITION,COND:terrain,67
EVT:ALTITUDE_DEVIATION_UNCONTROLLED,CAUSES,COND:terrain,2
EVT:ALTITUDE_DEVIATION_UNCONTROLLED,ENABLES,COND:terrain,2
EVT:ALTITUDE_DEVIATION_UNCONTROLLED,INDUCED_CONDITION,COND:terrain,1
EVT:ALTITUDE_DEVIATION_UNCONTROLLED,UNDER_CONDITION,COND:operational,1
EVT:ALTITUDE_DEVIATION_UNCONTROLLED,INDUCED_CONDITION,COND:operational,1
EVT:ALTITUDE_DEVIATION_UNCONTROLLED,UNDER_CONDITION,COND:altitude,1
EVT:ALTITUDE_DEVIATION_UNCONTROLLED,CAUSES,EVT:ALTITUDE_DEVIATION_UNCONTROLLED,6
EVT:ALTITUDE_DEVIATION_UNCONTROLLED,CONTRIBUTES_TO,EVT:ALTITUDE_DEVIATION_UNCONTROLLED,1
EVT:ALTITUDE_DEVIATION_UNCONTROLLED,ENABLES,EVT:TURBULENCE_ENCOUNTER,2
EVT:ALTITUDE_DEVIATION_UNCONTROLLED,CONCURRENT,EVT:TURBULENCE_ENCOUNTER,1
EVT:ALTITUDE_DEVIATION_UNCONTROLLED,CAUSES,COND:fuel,1
EVT:ALTITUDE_DEVIATION_UNCONTROLLED,INDUCED_CONDITION,COND:physiological,1
EVT:ALTITUDE_DEVIATION_UNCONTROLLED,TRIGGERS,COND:physiological,1
EVT:ALTITUDE_DEVIATION_UNCONTROLLED,CONCURRENT,EVT:INFLIGHT_BREAKUP,1
EVT:ALTITUDE_DEVIATION_UNCONTROLLED,CAUSES,EVT:INFLIGHT_BREAKUP,1
EVT:ALTITUDE_DEVIATION_UNCONTROLLED,UNDER_CONDITION,COND:structural,1
EVT:ALTITUDE_DEVIATION_UNCONTROLLED,CAUSES,COND:structural,1
EVT:ALTITUDE_DEVIATION_UNCONTROLLED,INDUCED_CONDITION,COND:structural,1
EVT:ALTITUDE_DEVIATION_UNCONTROLLED,CAUSES,EVT:ICING_ENCOUNTER,2
EVT:ALTITUDE_DEVIATION_UNCONTROLLED,CAUSES,EVT:STRUCTURAL_OVERLOAD,5
EVT:ALTITUDE_DEVIATION_UNCONTROLLED,RESPONDS_TO,EVT:SUCCESSFUL_RECOVERY,4
EVT:ALTITUDE_DEVIATION_UNCONTROLLED,CAUSES,EVT:SUCCESSFUL_RECOVERY,2
EVT:ALTITUDE_DEVIATION_UNCONTROLLED,CONCURRENT,EVT:SUCCESSFUL_RECOVERY,1
EVT:ALTITUDE_DEVIATION_UNCONTROLLED,UNDER_CONDITION,COND:human_factors,2
EVT:ALTITUDE_DEVIATION_UNCONTROLLED,CAUSES,EVT:INJURY_OR_FATALITY,6
EVT:ALTITUDE_DEVIATION_UNCONTROLLED,CONTRIBUTES_TO,EVT:INJURY_OR_FATALITY,1
EVT:ALTITUDE_DEVIATION_UNCONTROLLED,INDUCED_CONDITION,COND:situational_awareness,2
EVT:ALTITUDE_DEVIATION_UNCONTROLLED,TRIGGERS,EVT:INSTRUMENT_OR_AVIONICS_FAILURE,1
EVT:ALTITUDE_DEVIATION_UNCONTROLLED,CAUSES,EVT:TCAS_RA_ISSUED,1
EVT:ALTITUDE_DEVIATION_UNCONTROLLED,CONTRIBUTES_TO,EVT:ENGINE_FAILURE,1
EVT:ALTITUDE_DEVIATION_UNCONTROLLED,TRIGGERS,EVT:ENGINE_FAILURE,1
EVT:ALTITUDE_DEVIATION_UNCONTROLLED,ENABLES,EVT:INFLIGHT_FIRE_OR_SMOKE,1
EVT:ALTITUDE_DEVIATION_UNCONTROLLED,CAUSES,EVT:INFLIGHT_FIRE_OR_SMOKE,1
EVT:ALTITUDE_DEVIATION_UNCONTROLLED,RESPONDS_TO,EVT:ATC_OR_DISPATCH_INADEQUATE,1
EVT:ALTITUDE_DEVIATION_UNCONTROLLED,TRIGGERS,EVT:ATC_OR_DISPATCH_INADEQUATE,2
EVT:ALTITUDE_DEVIATION_UNCONTROLLED,CAUSES,EVT:LOSS_OF_CONTROL_GROUND,9
EVT:ALTITUDE_DEVIATION_UNCONTROLLED,CONTRIBUTES_TO,EVT:LOSS_OF_CONTROL_GROUND,1
EVT:ALTITUDE_DEVIATION_UNCONTROLLED,CAUSES,EVT:LANDING_GEAR_ANOMALY,4
EVT:ALTITUDE_DEVIATION_UNCONTROLLED,TRIGGERS,EVT:GROUND_PERSONNEL_ERROR,1
EVT:ALTITUDE_DEVIATION_UNCONTROLLED,UNDER_CONDITION,COND:spatial,1
EVT:ALTITUDE_DEVIATION_UNCONTROLLED,INDUCED_CONDITION,COND:spatial,3
EVT:ALTITUDE_DEVIATION_UNCONTROLLED,CAUSES,COND:spatial,1
EVT:ALTITUDE_DEVIATION_UNCONTROLLED,CONCURRENT,EVT:WIND_SHEAR_OR_GUST,3
EVT:ALTITUDE_DEVIATION_UNCONTROLLED,UNDER_CONDITION,EVT:WIND_SHEAR_OR_GUST,1
EVT:ALTITUDE_DEVIATION_UNCONTROLLED,UNDER_CONDITION,COND:obstacle,1
EVT:ALTITUDE_DEVIATION_UNCONTROLLED,UNDER_CONDITION,COND:equipment,1
EVT:ALTITUDE_DEVIATION_UNCONTROLLED,INDUCED_CONDITION,COND:psychological,1
EVT:ALTITUDE_DEVIATION_UNCONTROLLED,TRIGGERS,EVT:PILOT_INCAPACITATION_OR_IMPAIRMENT,1
EVT:ALTITUDE_DEVIATION_UNCONTROLLED,INDUCED_CONDITION,COND:human_performance,1
EVT:ALTITUDE_DEVIATION_UNCONTROLLED,CAUSES,EVT:CONTROL_SURFACE_ANOMALY,1
EVT:ALTITUDE_DEVIATION_UNCONTROLLED,UNDER_CONDITION,COND:regulatory,1
EVT:ALTITUDE_DEVIATION_UNCONTROLLED,CAUSES,EVT:RUNWAY_CONDITION_HAZARD,1
EVT:ALTITUDE_DEVIATION_UNCONTROLLED,INDUCED_CONDITION,COND:procedural,1
EVT:ALTITUDE_DEVIATION_UNCONTROLLED,UNDER_CONDITION,COND:terrain_or_obstacle,1
EVT:ALTITUDE_DEVIATION_UNCONTROLLED,INDUCED_CONDITION,COND:performance,1
EVT:ALTITUDE_DEVIATION_UNCONTROLLED,UNDER_CONDITION,COND:performance,1
EVT:ALTITUDE_DEVIATION_UNCONTROLLED,INDUCED_CONDITION,COND:visual,1
EVT:ALTITUDE_DEVIATION_UNCONTROLLED,UNDER_CONDITION,COND:weight,1
EVT:INFLIGHT_FIRE_OR_SMOKE,CAUSES,EVT:CONTROL_SURFACE_ANOMALY,2
EVT:INFLIGHT_FIRE_OR_SMOKE,RESPONDS_TO,EVT:PROCEDURE_NOT_FOLLOWED,94
EVT:INFLIGHT_FIRE_OR_SMOKE,TRIGGERS,EVT:PROCEDURE_NOT_FOLLOWED,21
EVT:INFLIGHT_FIRE_OR_SMOKE,CAUSES,EVT:PROCEDURE_NOT_FOLLOWED,1
EVT:INFLIGHT_FIRE_OR_SMOKE,CAUSES,EVT:INFLIGHT_FIRE_OR_SMOKE,73
EVT:INFLIGHT_FIRE_OR_SMOKE,TRIGGERS,EVT:INFLIGHT_FIRE_OR_SMOKE,3
EVT:INFLIGHT_FIRE_OR_SMOKE,CONCURRENT,EVT:INFLIGHT_FIRE_OR_SMOKE,3
EVT:INFLIGHT_FIRE_OR_SMOKE,CONTRIBUTES_TO,EVT:INFLIGHT_FIRE_OR_SMOKE,3
EVT:INFLIGHT_FIRE_OR_SMOKE,CAUSES,EVT:INJURY_OR_FATALITY,88
EVT:INFLIGHT_FIRE_OR_SMOKE,CONTRIBUTES_TO,EVT:INJURY_OR_FATALITY,66
EVT:INFLIGHT_FIRE_OR_SMOKE,INDUCED_CONDITION,COND:environmental,47
EVT:INFLIGHT_FIRE_OR_SMOKE,CAUSES,COND:environmental,27
EVT:INFLIGHT_FIRE_OR_SMOKE,UNDER_CONDITION,COND:environmental,9
EVT:INFLIGHT_FIRE_OR_SMOKE,TRIGGERS,COND:environmental,1
EVT:INFLIGHT_FIRE_OR_SMOKE,UNDER_CONDITION,COND:mechanical,45
EVT:INFLIGHT_FIRE_OR_SMOKE,INDUCED_CONDITION,COND:mechanical,41
EVT:INFLIGHT_FIRE_OR_SMOKE,CAUSES,COND:mechanical,22
EVT:INFLIGHT_FIRE_OR_SMOKE,MASKED_BY_CONDITION,COND:mechanical,1
EVT:INFLIGHT_FIRE_OR_SMOKE,CAUSES,EVT:INFLIGHT_BREAKUP,11
EVT:INFLIGHT_FIRE_OR_SMOKE,CONTRIBUTES_TO,EVT:INFLIGHT_BREAKUP,2
EVT:INFLIGHT_FIRE_OR_SMOKE,CAUSES,EVT:GROUND_IMPACT,137
EVT:INFLIGHT_FIRE_OR_SMOKE,CONTRIBUTES_TO,EVT:GROUND_IMPACT,7
EVT:INFLIGHT_FIRE_OR_SMOKE,CO_OCCURS,EVT:GROUND_IMPACT,1
EVT:INFLIGHT_FIRE_OR_SMOKE,CAUSES,EVT:CONTROL_INPUT_IMPROPER,1
EVT:INFLIGHT_FIRE_OR_SMOKE,RESPONDS_TO,EVT:CONTROL_INPUT_IMPROPER,5
EVT:INFLIGHT_FIRE_OR_SMOKE,INHIBITS,EVT:CONTROL_INPUT_IMPROPER,1
EVT:INFLIGHT_FIRE_OR_SMOKE,TRIGGERS,EVT:CONTROL_INPUT_IMPROPER,3
EVT:INFLIGHT_FIRE_OR_SMOKE,CAUSES,EVT:HYDRAULIC_SYSTEM_FAILURE,1
EVT:INFLIGHT_FIRE_OR_SMOKE,TRIGGERS,EVT:DECISION_INAPPROPRIATE,27
EVT:INFLIGHT_FIRE_OR_SMOKE,CAUSES,EVT:DECISION_INAPPROPRIATE,13
EVT:INFLIGHT_FIRE_OR_SMOKE,RESPONDS_TO,EVT:DECISION_INAPPROPRIATE,15
EVT:INFLIGHT_FIRE_OR_SMOKE,CAUSES,EVT:EMERGENCY_LANDING,38
EVT:INFLIGHT_FIRE_OR_SMOKE,RESPONDS_TO,EVT:EMERGENCY_LANDING,5
EVT:INFLIGHT_FIRE_OR_SMOKE,TRIGGERS,EVT:EMERGENCY_LANDING,3
EVT:INFLIGHT_FIRE_OR_SMOKE,CONTRIBUTES_TO,EVT:EMERGENCY_LANDING,4
EVT:INFLIGHT_FIRE_OR_SMOKE,TRIGGERS,EVT:PERCEPTION_FAILURE,28
EVT:INFLIGHT_FIRE_OR_SMOKE,CAUSES,EVT:PERCEPTION_FAILURE,6
EVT:INFLIGHT_FIRE_OR_SMOKE,TRIGGERS,EVT:SUCCESSFUL_RECOVERY,6
EVT:INFLIGHT_FIRE_OR_SMOKE,RESPONDS_TO,EVT:SUCCESSFUL_RECOVERY,9
EVT:INFLIGHT_FIRE_OR_SMOKE,CAUSES,EVT:SUCCESSFUL_RECOVERY,5
EVT:INFLIGHT_FIRE_OR_SMOKE,MITIGATES,EVT:SUCCESSFUL_RECOVERY,1
EVT:INFLIGHT_FIRE_OR_SMOKE,RESPONDS_TO,EVT:PROCEDURE_FOLLOWED,8
EVT:INFLIGHT_FIRE_OR_SMOKE,TRIGGERS,EVT:PROCEDURE_FOLLOWED,1
EVT:INFLIGHT_FIRE_OR_SMOKE,CAUSES,ENT:aircraft,6
EVT:INFLIGHT_FIRE_OR_SMOKE,UNDER_CONDITION,ENT:aircraft,1
EVT:INFLIGHT_FIRE_OR_SMOKE,UNDER_CONDITION,ENT:component,5
EVT:INFLIGHT_FIRE_OR_SMOKE,AFFECTS,ENT:component,1
EVT:INFLIGHT_FIRE_OR_SMOKE,CONCURRENT,EVT:ENGINE_FAILURE,1
EVT:INFLIGHT_FIRE_OR_SMOKE,CAUSES,EVT:ENGINE_FAILURE,24
EVT:INFLIGHT_FIRE_OR_SMOKE,CONTRIBUTES_TO,EVT:ENGINE_FAILURE,3
EVT:INFLIGHT_FIRE_OR_SMOKE,CAUSES,EVT:AIRFRAME_STRUCTURAL_FAILURE,13
EVT:INFLIGHT_FIRE_OR_SMOKE,CAUSES,EVT:INSTRUMENT_OR_AVIONICS_FAILURE,11
EVT:INFLIGHT_FIRE_OR_SMOKE,TRIGGERS,EVT:INSTRUMENT_OR_AVIONICS_FAILURE,6
EVT:INFLIGHT_FIRE_OR_SMOKE,INHIBITS,EVT:INSTRUMENT_OR_AVIONICS_FAILURE,1
EVT:INFLIGHT_FIRE_OR_SMOKE,UNDER_CONDITION,COND:weather,2
EVT:INFLIGHT_FIRE_OR_SMOKE,CAUSES,EVT:FUEL_SYSTEM_ANOMALY,6
EVT:INFLIGHT_FIRE_OR_SMOKE,CONTRIBUTES_TO,EVT:FUEL_SYSTEM_ANOMALY,1
EVT:INFLIGHT_FIRE_OR_SMOKE,INDUCED_CONDITION,COND:physiological,5
EVT:INFLIGHT_FIRE_OR_SMOKE,CAUSES,COND:physiological,2
EVT:INFLIGHT_FIRE_OR_SMOKE,INDUCED_CONDITION,COND:psychological,1
EVT:INFLIGHT_FIRE_OR_SMOKE,CAUSES,EVT:GROUND_FIRE,1
EVT:INFLIGHT_FIRE_OR_SMOKE,CAUSES,EVT:LANDING_GEAR_ANOMALY,3
EVT:INFLIGHT_FIRE_OR_SMOKE,CONCURRENT,EVT:LANDING_GEAR_ANOMALY,1
EVT:INFLIGHT_FIRE_OR_SMOKE,CAUSES,EVT:LOSS_OF_CONTROL_INFLIGHT,5
EVT:INFLIGHT_FIRE_OR_SMOKE,CAUSES,EVT:PILOT_INCAPACITATION_OR_IMPAIRMENT,1
EVT:INFLIGHT_FIRE_OR_SMOKE,CAUSES,EVT:RUNWAY_EXCURSION_OR_OVERRUN,3
EVT:INFLIGHT_FIRE_OR_SMOKE,UNDER_CONDITION,COND:unknown,1
EVT:INFLIGHT_FIRE_OR_SMOKE,ENABLES,COND:information,1
EVT:INFLIGHT_FIRE_OR_SMOKE,MASKED_BY_CONDITION,COND:information,1
EVT:INFLIGHT_FIRE_OR_SMOKE,INDUCED_CONDITION,COND:thermal,1
EVT:INFLIGHT_FIRE_OR_SMOKE,CONCURRENT,EVT:TERRAIN_OR_OBSTACLE_PROXIMITY,1
EVT:INFLIGHT_FIRE_OR_SMOKE,CAUSES,EVT:TERRAIN_OR_OBSTACLE_PROXIMITY,1
EVT:INFLIGHT_FIRE_OR_SMOKE,INDUCED_CONDITION,COND:perceptual,1
EVT:INFLIGHT_FIRE_OR_SMOKE,INDUCED_CONDITION,COND:visual,2
EVT:INFLIGHT_FIRE_OR_SMOKE,TRIGGERS,EVT:GROUND_PERSONNEL_ERROR,1
EVT:INFLIGHT_FIRE_OR_SMOKE,CAUSES,COND:design,1
EVT:INFLIGHT_FIRE_OR_SMOKE,CAUSES,COND:structural,1
EVT:INFLIGHT_FIRE_OR_SMOKE,UNDER_CONDITION,COND:equipment,1
EVT:INFLIGHT_FIRE_OR_SMOKE,CAUSES,EVT:ALTITUDE_DEVIATION_UNCONTROLLED,1
EVT:CONTROL_SURFACE_ANOMALY,CAUSES,EVT:LOSS_OF_CONTROL_INFLIGHT,329
EVT:CONTROL_SURFACE_ANOMALY,CONTRIBUTES_TO,EVT:LOSS_OF_CONTROL_INFLIGHT,6
EVT:CONTROL_SURFACE_ANOMALY,TRIGGERS,EVT:LOSS_OF_CONTROL_INFLIGHT,1
EVT:CONTROL_SURFACE_ANOMALY,CAUSES,EVT:GROUND_IMPACT,89
EVT:CONTROL_SURFACE_ANOMALY,CONTRIBUTES_TO,EVT:GROUND_IMPACT,14
EVT:CONTROL_SURFACE_ANOMALY,CONCURRENT,EVT:GROUND_IMPACT,1
EVT:CONTROL_SURFACE_ANOMALY,CAUSES,EVT:INJURY_OR_FATALITY,2
EVT:CONTROL_SURFACE_ANOMALY,TRIGGERS,EVT:DECISION_INAPPROPRIATE,39
EVT:CONTROL_SURFACE_ANOMALY,RESPONDS_TO,EVT:DECISION_INAPPROPRIATE,37
EVT:CONTROL_SURFACE_ANOMALY,CAUSES,EVT:DECISION_INAPPROPRIATE,12
EVT:CONTROL_SURFACE_ANOMALY,CONTRIBUTES_TO,EVT:DECISION_INAPPROPRIATE,1
EVT:CONTROL_SURFACE_ANOMALY,UNDER_CONDITION,COND:mechanical,158
EVT:CONTROL_SURFACE_ANOMALY,CAUSES,COND:mechanical,43
EVT:CONTROL_SURFACE_ANOMALY,INDUCED_CONDITION,COND:mechanical,154
EVT:CONTROL_SURFACE_ANOMALY,TRIGGERS,COND:mechanical,2
EVT:CONTROL_SURFACE_ANOMALY,CAUSES,EVT:EMERGENCY_LANDING,23
EVT:CONTROL_SURFACE_ANOMALY,TRIGGERS,EVT:EMERGENCY_LANDING,1
EVT:CONTROL_SURFACE_ANOMALY,RESPONDS_TO,EVT:EMERGENCY_LANDING,1
EVT:CONTROL_SURFACE_ANOMALY,CONTRIBUTES_TO,EVT:EMERGENCY_LANDING,1
EVT:CONTROL_SURFACE_ANOMALY,CAUSES,EVT:PROCEDURE_NOT_FOLLOWED,5
EVT:CONTROL_SURFACE_ANOMALY,RESPONDS_TO,EVT:PROCEDURE_NOT_FOLLOWED,55
EVT:CONTROL_SURFACE_ANOMALY,CONCURRENT,EVT:PROCEDURE_NOT_FOLLOWED,1
EVT:CONTROL_SURFACE_ANOMALY,TRIGGERS,EVT:PROCEDURE_NOT_FOLLOWED,16
EVT:CONTROL_SURFACE_ANOMALY,PRECEDES,EVT:PROCEDURE_NOT_FOLLOWED,1
EVT:CONTROL_SURFACE_ANOMALY,UNDER_CONDITION,COND:environmental,8
EVT:CONTROL_SURFACE_ANOMALY,INDUCED_CONDITION,COND:environmental,9
EVT:CONTROL_SURFACE_ANOMALY,CAUSES,COND:environmental,6
EVT:CONTROL_SURFACE_ANOMALY,CO_OCCURS,COND:environmental,1
EVT:CONTROL_SURFACE_ANOMALY,CAUSES,EVT:STRUCTURAL_OVERLOAD,24
EVT:CONTROL_SURFACE_ANOMALY,CAUSES,EVT:INFLIGHT_BREAKUP,3
EVT:CONTROL_SURFACE_ANOMALY,CAUSES,EVT:RUNWAY_EXCURSION_OR_OVERRUN,24
EVT:CONTROL_SURFACE_ANOMALY,CAUSES,EVT:ENGINE_FAILURE,90
EVT:CONTROL_SURFACE_ANOMALY,CONTRIBUTES_TO,EVT:ENGINE_FAILURE,3
EVT:CONTROL_SURFACE_ANOMALY,CONCURRENT,EVT:ENGINE_FAILURE,2
EVT:CONTROL_SURFACE_ANOMALY,CAUSES,EVT:CONTROL_SURFACE_ANOMALY,36
EVT:CONTROL_SURFACE_ANOMALY,CONCURRENT,EVT:CONTROL_SURFACE_ANOMALY,2
EVT:CONTROL_SURFACE_ANOMALY,PRECEDES,EVT:CONTROL_SURFACE_ANOMALY,2
EVT:CONTROL_SURFACE_ANOMALY,CO_OCCURS,EVT:CONTROL_SURFACE_ANOMALY,1
EVT:CONTROL_SURFACE_ANOMALY,CAUSES,EVT:AIRFRAME_STRUCTURAL_FAILURE,67
EVT:CONTROL_SURFACE_ANOMALY,CONTRIBUTES_TO,EVT:AIRFRAME_STRUCTURAL_FAILURE,2
EVT:CONTROL_SURFACE_ANOMALY,TRIGGERS,EVT:AIRFRAME_STRUCTURAL_FAILURE,3
EVT:CONTROL_SURFACE_ANOMALY,CAUSES,EVT:PERCEPTION_FAILURE,16
EVT:CONTROL_SURFACE_ANOMALY,TRIGGERS,EVT:PERCEPTION_FAILURE,16
EVT:CONTROL_SURFACE_ANOMALY,RESPONDS_TO,EVT:PERCEPTION_FAILURE,1
EVT:CONTROL_SURFACE_ANOMALY,ENABLES,EVT:PERCEPTION_FAILURE,1
EVT:CONTROL_SURFACE_ANOMALY,CAUSES,EVT:LOSS_OF_CONTROL_GROUND,55
EVT:CONTROL_SURFACE_ANOMALY,CONTRIBUTES_TO,EVT:LOSS_OF_CONTROL_GROUND,8
EVT:CONTROL_SURFACE_ANOMALY,TRIGGERS,EVT:LOSS_OF_CONTROL_GROUND,1
EVT:CONTROL_SURFACE_ANOMALY,CAUSES,EVT:ALTITUDE_DEVIATION_UNCONTROLLED,10
EVT:CONTROL_SURFACE_ANOMALY,CONTRIBUTES_TO,EVT:ALTITUDE_DEVIATION_UNCONTROLLED,1
EVT:CONTROL_SURFACE_ANOMALY,CONTRIBUTES_TO,EVT:CONTROL_INPUT_IMPROPER,9
EVT:CONTROL_SURFACE_ANOMALY,RESPONDS_TO,EVT:CONTROL_INPUT_IMPROPER,48
EVT:CONTROL_SURFACE_ANOMALY,INHIBITS,EVT:CONTROL_INPUT_IMPROPER,5
EVT:CONTROL_SURFACE_ANOMALY,TRIGGERS,EVT:CONTROL_INPUT_IMPROPER,29
EVT:CONTROL_SURFACE_ANOMALY,CAUSES,EVT:CONTROL_INPUT_IMPROPER,21
EVT:CONTROL_SURFACE_ANOMALY,INDUCED_CONDITION,COND:aerodynamic,8
EVT:CONTROL_SURFACE_ANOMALY,CAUSES,COND:aerodynamic,6
EVT:CONTROL_SURFACE_ANOMALY,UNDER_CONDITION,COND:latent_defect,1
EVT:CONTROL_SURFACE_ANOMALY,CAUSES,COND:latent_defect,2
EVT:CONTROL_SURFACE_ANOMALY,CAUSES,EVT:BIRD_OR_WILDLIFE_STRIKE,2
EVT:CONTROL_SURFACE_ANOMALY,CAUSES,EVT:INSTRUMENT_OR_AVIONICS_FAILURE,4
EVT:CONTROL_SURFACE_ANOMALY,TRIGGERS,EVT:INSTRUMENT_OR_AVIONICS_FAILURE,2
EVT:CONTROL_SURFACE_ANOMALY,CAUSES,EVT:STALL,7
EVT:CONTROL_SURFACE_ANOMALY,INHIBITS,EVT:STALL,1
EVT:CONTROL_SURFACE_ANOMALY,CONTRIBUTES_TO,EVT:STALL,6
EVT:CONTROL_SURFACE_ANOMALY,UNDER_CONDITION,ENT:component,7
EVT:CONTROL_SURFACE_ANOMALY,AFFECTS,ENT:component,2
EVT:CONTROL_SURFACE_ANOMALY,AFFECTED_BY,ENT:component,2
EVT:CONTROL_SURFACE_ANOMALY,CAUSES,ENT:component,1
EVT:CONTROL_SURFACE_ANOMALY,UNDER_CONDITION,ENT:aircraft,1
EVT:CONTROL_SURFACE_ANOMALY,CAUSES,ENT:aircraft,1
EVT:CONTROL_SURFACE_ANOMALY,AFFECTS,ENT:aircraft,1
EVT:CONTROL_SURFACE_ANOMALY,TRIGGERS,EVT:AUTOMATION_ANOMALY,1
EVT:CONTROL_SURFACE_ANOMALY,CAUSES,EVT:AUTOMATION_ANOMALY,1
EVT:CONTROL_SURFACE_ANOMALY,CAUSES,EVT:EMERGENCY_SYSTEM_FAILURE,1
EVT:CONTROL_SURFACE_ANOMALY,CONTRIBUTES_TO,EVT:RUNWAY_CONDITION_HAZARD,1
EVT:CONTROL_SURFACE_ANOMALY,RESPONDS_TO,EVT:PROCEDURE_FOLLOWED,1
EVT:CONTROL_SURFACE_ANOMALY,INDUCED_CONDITION,COND:cognitive,1
EVT:CONTROL_SURFACE_ANOMALY,INDUCED_CONDITION,COND:human_factor,1
EVT:CONTROL_SURFACE_ANOMALY,RESPONDS_TO,EVT:SUCCESSFUL_RECOVERY,1
EVT:CONTROL_SURFACE_ANOMALY,CONCURRENT,EVT:SUCCESSFUL_RECOVERY,1
EVT:CONTROL_SURFACE_ANOMALY,CAUSES,EVT:SUCCESSFUL_RECOVERY,6
EVT:CONTROL_SURFACE_ANOMALY,CAUSES,EVT:WATER_IMPACT,4
EVT:CONTROL_SURFACE_ANOMALY,CONTRIBUTES_TO,EVT:WATER_IMPACT,1
EVT:CONTROL_SURFACE_ANOMALY,INDUCED_CONDITION,COND:procedural,1
EVT:CONTROL_SURFACE_ANOMALY,CAUSES,EVT:INFLIGHT_FIRE_OR_SMOKE,7
EVT:CONTROL_SURFACE_ANOMALY,CAUSES,EVT:PILOT_INCAPACITATION_OR_IMPAIRMENT,1
EVT:CONTROL_SURFACE_ANOMALY,TRIGGERS,EVT:PILOT_INCAPACITATION_OR_IMPAIRMENT,1
EVT:CONTROL_SURFACE_ANOMALY,UNDER_CONDITION,COND:weather,2
EVT:CONTROL_SURFACE_ANOMALY,ENABLES,COND:physical,1
EVT:CONTROL_SURFACE_ANOMALY,UNDER_CONDITION,COND:unknown,2
EVT:CONTROL_SURFACE_ANOMALY,MASKED_BY_CONDITION,COND:unknown,1
EVT:CONTROL_SURFACE_ANOMALY,CONTRIBUTES_TO,EVT:LANDING_GEAR_ANOMALY,1
EVT:CONTROL_SURFACE_ANOMALY,CAUSES,EVT:LANDING_GEAR_ANOMALY,1
EVT:CONTROL_SURFACE_ANOMALY,CAUSES,COND:physiological,1
EVT:CONTROL_SURFACE_ANOMALY,INDUCED_CONDITION,COND:operational,1
EVT:CONTROL_SURFACE_ANOMALY,CAUSES,EVT:GROUND_PERSONNEL_ERROR,1
EVT:CONTROL_SURFACE_ANOMALY,CAUSES,EVT:SPATIAL_DISORIENTATION,2
EVT:CONTROL_SURFACE_ANOMALY,CAUSES,EVT:AERODYNAMIC_STATE,1
EVT:CONTROL_SURFACE_ANOMALY,INDUCED_CONDITION,COND:human_factors,1
EVT:CONTROL_SURFACE_ANOMALY,INDUCED_CONDITION,COND:structural,1
EVT:CONTROL_SURFACE_ANOMALY,CAUSES,EVT:FUEL_SYSTEM_ANOMALY,1
EVT:STRUCTURAL_OVERLOAD,CAUSES,EVT:GROUND_IMPACT,259
EVT:STRUCTURAL_OVERLOAD,CONTRIBUTES_TO,EVT:GROUND_IMPACT,9
EVT:STRUCTURAL_OVERLOAD,CONCURRENT,EVT:GROUND_IMPACT,4
EVT:STRUCTURAL_OVERLOAD,CAUSES,EVT:INFLIGHT_BREAKUP,44
EVT:STRUCTURAL_OVERLOAD,CAUSES,EVT:AIRFRAME_STRUCTURAL_FAILURE,70
EVT:STRUCTURAL_OVERLOAD,TRIGGERS,EVT:AIRFRAME_STRUCTURAL_FAILURE,5
EVT:STRUCTURAL_OVERLOAD,RESPONDS_TO,EVT:PROCEDURE_NOT_FOLLOWED,10
EVT:STRUCTURAL_OVERLOAD,TRIGGERS,EVT:PROCEDURE_NOT_FOLLOWED,1
EVT:STRUCTURAL_OVERLOAD,INDUCED_CONDITION,COND:mechanical,10
EVT:STRUCTURAL_OVERLOAD,UNDER_CONDITION,COND:mechanical,6
EVT:STRUCTURAL_OVERLOAD,CAUSES,COND:mechanical,5
EVT:STRUCTURAL_OVERLOAD,IF_THEN,COND:mechanical,1
EVT:STRUCTURAL_OVERLOAD,CAUSES,EVT:INJURY_OR_FATALITY,57
EVT:STRUCTURAL_OVERLOAD,TRIGGERS,EVT:DECISION_INAPPROPRIATE,5
EVT:STRUCTURAL_OVERLOAD,RESPONDS_TO,EVT:DECISION_INAPPROPRIATE,2
EVT:STRUCTURAL_OVERLOAD,CAUSES,EVT:DECISION_INAPPROPRIATE,1
EVT:STRUCTURAL_OVERLOAD,PRECEDES,EVT:DECISION_INAPPROPRIATE,1
EVT:STRUCTURAL_OVERLOAD,RESPONDS_TO,EVT:CONTROL_INPUT_IMPROPER,13
EVT:STRUCTURAL_OVERLOAD,TRIGGERS,EVT:CONTROL_INPUT_IMPROPER,2
EVT:STRUCTURAL_OVERLOAD,UNDER_CONDITION,COND:environmental,3
EVT:STRUCTURAL_OVERLOAD,RESPONDS_TO,EVT:EMERGENCY_LANDING,3
EVT:STRUCTURAL_OVERLOAD,CAUSES,EVT:EMERGENCY_LANDING,1
EVT:STRUCTURAL_OVERLOAD,CAUSES,EVT:LANDING_GEAR_ANOMALY,13
EVT:STRUCTURAL_OVERLOAD,TRIGGERS,EVT:LANDING_GEAR_ANOMALY,2
EVT:STRUCTURAL_OVERLOAD,INDUCED_CONDITION,COND:human_factor,1
EVT:STRUCTURAL_OVERLOAD,CAUSES,EVT:ENGINE_FAILURE,1
EVT:STRUCTURAL_OVERLOAD,CAUSES,EVT:WATER_IMPACT,7
EVT:STRUCTURAL_OVERLOAD,CAUSES,EVT:LOSS_OF_CONTROL_GROUND,5
EVT:STRUCTURAL_OVERLOAD,CAUSES,EVT:CONTROL_SURFACE_ANOMALY,2
EVT:STRUCTURAL_OVERLOAD,INDUCED_CONDITION,COND:structural,8
EVT:STRUCTURAL_OVERLOAD,TRIGGERS,COND:structural,1
EVT:STRUCTURAL_OVERLOAD,CONCURRENT,EVT:ALTITUDE_DEVIATION_UNCONTROLLED,1
EVT:STRUCTURAL_OVERLOAD,CAUSES,EVT:ALTITUDE_DEVIATION_UNCONTROLLED,2
EVT:STRUCTURAL_OVERLOAD,RESPONDS_TO,EVT:SUCCESSFUL_RECOVERY,1
EVT:STRUCTURAL_OVERLOAD,CAUSES,EVT:SUCCESSFUL_RECOVERY,2
EVT:STRUCTURAL_OVERLOAD,PRECEDES,EVT:SUCCESSFUL_RECOVERY,1
EVT:STRUCTURAL_OVERLOAD,CAUSES,EVT:RUNWAY_EXCURSION_OR_OVERRUN,26
EVT:STRUCTURAL_OVERLOAD,CAUSES,EVT:LOSS_OF_CONTROL_INFLIGHT,12
EVT:STRUCTURAL_OVERLOAD,INDUCED_CONDITION,COND:aerodynamic,4
EVT:STRUCTURAL_OVERLOAD,CONCURRENT,EVT:STRUCTURAL_OVERLOAD,1
EVT:STRUCTURAL_OVERLOAD,CAUSES,EVT:STRUCTURAL_OVERLOAD,1
EVT:STRUCTURAL_OVERLOAD,CAUSES,ENT:aircraft,12
EVT:STRUCTURAL_OVERLOAD,AFFECTS,ENT:aircraft,1
EVT:STRUCTURAL_OVERLOAD,CAUSES,EVT:MIDAIR_COLLISION,1
EVT:STRUCTURAL_OVERLOAD,CAUSES,EVT:INFLIGHT_FIRE_OR_SMOKE,8
EVT:STRUCTURAL_OVERLOAD,CAUSES,EVT:PILOT_INCAPACITATION_OR_IMPAIRMENT,1
EVT:STRUCTURAL_OVERLOAD,UNDER_CONDITION,COND:structural_limit,1
EVT:STRUCTURAL_OVERLOAD,CAUSES,EVT:PERCEPTION_FAILURE,1
EVT:STRUCTURAL_OVERLOAD,UNDER_CONDITION,COND:physical,1
EVT:STRUCTURAL_OVERLOAD,CAUSES,EVT:RUNWAY_CONDITION_HAZARD,1
EVT:STRUCTURAL_OVERLOAD,UNDER_CONDITION,COND:surface,1
EVT:STRUCTURAL_OVERLOAD,UNDER_CONDITION,COND:terrain,1
EVT:STRUCTURAL_OVERLOAD,CAUSES,EVT:TERRAIN_OR_OBSTACLE_PROXIMITY,1
EVT:LOW_VISIBILITY_OR_IMC,INDUCED_CONDITION,COND:environmental,6
EVT:LOW_VISIBILITY_OR_IMC,UNDER_CONDITION,COND:environmental,45
EVT:LOW_VISIBILITY_OR_IMC,CAUSES,COND:environmental,5
EVT:LOW_VISIBILITY_OR_IMC,CO_OCCURS,COND:environmental,2
EVT:LOW_VISIBILITY_OR_IMC,UNDER_CONDITION,COND:weather,401
EVT:LOW_VISIBILITY_OR_IMC,CO_OCCURS,COND:weather,2
EVT:LOW_VISIBILITY_OR_IMC,INDUCED_CONDITION,COND:weather,9
EVT:LOW_VISIBILITY_OR_IMC,CAUSES,COND:weather,2
EVT:LOW_VISIBILITY_OR_IMC,ENABLES,COND:weather,1
EVT:LOW_VISIBILITY_OR_IMC,CAUSES,EVT:SPATIAL_DISORIENTATION,107
EVT:LOW_VISIBILITY_OR_IMC,CONTRIBUTES_TO,EVT:SPATIAL_DISORIENTATION,1
EVT:LOW_VISIBILITY_OR_IMC,TRIGGERS,EVT:SPATIAL_DISORIENTATION,1
EVT:LOW_VISIBILITY_OR_IMC,UNDER_CONDITION,EVT:SPATIAL_DISORIENTATION,1
EVT:LOW_VISIBILITY_OR_IMC,TRIGGERS,EVT:CONTROL_INPUT_IMPROPER,11
EVT:LOW_VISIBILITY_OR_IMC,CONTRIBUTES_TO,EVT:CONTROL_INPUT_IMPROPER,8
EVT:LOW_VISIBILITY_OR_IMC,CAUSES,EVT:CONTROL_INPUT_IMPROPER,12
EVT:LOW_VISIBILITY_OR_IMC,RESPONDS_TO,EVT:CONTROL_INPUT_IMPROPER,1
EVT:LOW_VISIBILITY_OR_IMC,UNDER_CONDITION,EVT:CONTROL_INPUT_IMPROPER,1
EVT:LOW_VISIBILITY_OR_IMC,CAUSES,EVT:TERRAIN_OR_OBSTACLE_PROXIMITY,17
EVT:LOW_VISIBILITY_OR_IMC,CONTRIBUTES_TO,EVT:TERRAIN_OR_OBSTACLE_PROXIMITY,1
EVT:LOW_VISIBILITY_OR_IMC,CONTRIBUTES_TO,EVT:PERCEPTION_FAILURE,5
EVT:LOW_VISIBILITY_OR_IMC,CAUSES,EVT:PERCEPTION_FAILURE,41
EVT:LOW_VISIBILITY_OR_IMC,TRIGGERS,EVT:PERCEPTION_FAILURE,2
EVT:LOW_VISIBILITY_OR_IMC,PRECEDES,EVT:PERCEPTION_FAILURE,1
EVT:LOW_VISIBILITY_OR_IMC,CAUSES,COND:physiological,1
EVT:LOW_VISIBILITY_OR_IMC,INDUCED_CONDITION,COND:physiological,5
EVT:LOW_VISIBILITY_OR_IMC,UNDER_CONDITION,COND:terrain,10
EVT:LOW_VISIBILITY_OR_IMC,CAUSES,EVT:LOSS_OF_CONTROL_INFLIGHT,45
EVT:LOW_VISIBILITY_OR_IMC,UNDER_CONDITION,EVT:LOSS_OF_CONTROL_INFLIGHT,1
EVT:LOW_VISIBILITY_OR_IMC,CONTRIBUTES_TO,EVT:LOSS_OF_CONTROL_INFLIGHT,4
EVT:LOW_VISIBILITY_OR_IMC,CAUSES,COND:visual,2
EVT:LOW_VISIBILITY_OR_IMC,INDUCED_CONDITION,COND:visual,2
EVT:LOW_VISIBILITY_OR_IMC,ENABLES,COND:visual,1
EVT:LOW_VISIBILITY_OR_IMC,CONCURRENT,EVT:ENGINE_FAILURE,1
EVT:LOW_VISIBILITY_OR_IMC,TRIGGERS,EVT:DECISION_INAPPROPRIATE,29
EVT:LOW_VISIBILITY_OR_IMC,CAUSES,EVT:DECISION_INAPPROPRIATE,24
EVT:LOW_VISIBILITY_OR_IMC,RESPONDS_TO,EVT:DECISION_INAPPROPRIATE,3
EVT:LOW_VISIBILITY_OR_IMC,CONTRIBUTES_TO,EVT:DECISION_INAPPROPRIATE,2
EVT:LOW_VISIBILITY_OR_IMC,CONCURRENT,EVT:DECISION_INAPPROPRIATE,1
EVT:LOW_VISIBILITY_OR_IMC,CAUSES,EVT:ICING_ENCOUNTER,4
EVT:LOW_VISIBILITY_OR_IMC,CAUSES,EVT:GROUND_IMPACT,18
EVT:LOW_VISIBILITY_OR_IMC,CONTRIBUTES_TO,EVT:GROUND_IMPACT,1
EVT:LOW_VISIBILITY_OR_IMC,INDUCED_CONDITION,COND:human_factor,2
EVT:LOW_VISIBILITY_OR_IMC,CAUSES,COND:human_factor,1
EVT:LOW_VISIBILITY_OR_IMC,CAUSES,EVT:WATER_IMPACT,5
EVT:LOW_VISIBILITY_OR_IMC,CAUSES,EVT:INSTRUMENT_OR_AVIONICS_FAILURE,2
EVT:LOW_VISIBILITY_OR_IMC,UNDER_CONDITION,EVT:INSTRUMENT_OR_AVIONICS_FAILURE,1
EVT:LOW_VISIBILITY_OR_IMC,INDUCED_CONDITION,COND:spatial,6
EVT:LOW_VISIBILITY_OR_IMC,UNDER_CONDITION,COND:spatial,1
EVT:LOW_VISIBILITY_OR_IMC,CAUSES,COND:spatial,4
EVT:LOW_VISIBILITY_OR_IMC,CONTRIBUTES_TO,EVT:ALTITUDE_DEVIATION_UNCONTROLLED,2
EVT:LOW_VISIBILITY_OR_IMC,CAUSES,EVT:ALTITUDE_DEVIATION_UNCONTROLLED,14
EVT:LOW_VISIBILITY_OR_IMC,CAUSES,EVT:PROCEDURE_NOT_FOLLOWED,4
EVT:LOW_VISIBILITY_OR_IMC,CONTRIBUTES_TO,EVT:PROCEDURE_NOT_FOLLOWED,1
EVT:LOW_VISIBILITY_OR_IMC,TRIGGERS,EVT:PROCEDURE_NOT_FOLLOWED,4
EVT:LOW_VISIBILITY_OR_IMC,INDUCED_CONDITION,COND:human_factors,5
EVT:LOW_VISIBILITY_OR_IMC,CAUSES,COND:human_factors,2
EVT:LOW_VISIBILITY_OR_IMC,UNDER_CONDITION,COND:hypoxia,1
EVT:LOW_VISIBILITY_OR_IMC,TRIGGERS,EVT:FUEL_SYSTEM_ANOMALY,1
EVT:LOW_VISIBILITY_OR_IMC,CONTRIBUTES_TO,EVT:FUEL_SYSTEM_ANOMALY,1
EVT:LOW_VISIBILITY_OR_IMC,CAUSES,EVT:TURBULENCE_ENCOUNTER,3
EVT:LOW_VISIBILITY_OR_IMC,CAUSES,COND:situational_awareness,1
EVT:LOW_VISIBILITY_OR_IMC,CAUSES,EVT:RUNWAY_EXCURSION_OR_OVERRUN,1
EVT:LOW_VISIBILITY_OR_IMC,UNDER_CONDITION,COND:aircraft_limitation,1
EVT:LOW_VISIBILITY_OR_IMC,CAUSES,EVT:PILOT_INCAPACITATION_OR_IMPAIRMENT,1
EVT:LOW_VISIBILITY_OR_IMC,INDUCED_CONDITION,COND:pilot_state,1
EVT:LOW_VISIBILITY_OR_IMC,UNDER_CONDITION,COND:aerodynamic,1
EVT:LOW_VISIBILITY_OR_IMC,CAUSES,EVT:STRUCTURAL_OVERLOAD,1
EVT:LOW_VISIBILITY_OR_IMC,CAUSES,COND:other,1
EVT:LOW_VISIBILITY_OR_IMC,UNDER_CONDITION,COND:other,1
EVT:LOW_VISIBILITY_OR_IMC,CAUSES,COND:spatial_reference,1
EVT:LOW_VISIBILITY_OR_IMC,CONCURRENT,EVT:BIRD_OR_WILDLIFE_STRIKE,1
EVT:LOW_VISIBILITY_OR_IMC,CAUSES,COND:mechanical,1
EVT:LOW_VISIBILITY_OR_IMC,ENABLES,COND:mechanical,1
EVT:LOW_VISIBILITY_OR_IMC,CONCURRENT,EVT:THUNDERSTORM_OR_CONVECTIVE,1
EVT:LOW_VISIBILITY_OR_IMC,INDUCED_CONDITION,COND:human,1
EVT:LOW_VISIBILITY_OR_IMC,UNDER_CONDITION,COND:geography,1
EVT:LOW_VISIBILITY_OR_IMC,CAUSES,EVT:STALL,2
EVT:LOW_VISIBILITY_OR_IMC,CAUSES,EVT:DESCENT_BELOW_MINIMUMS,1
EVT:TAXI,CAUSES,EVT:LANDING_GEAR_ANOMALY,1
EVT:TAXI,CAUSES,EVT:ENGINE_FAILURE,1
EVT:TAXI,CAUSES,EVT:DECISION_INAPPROPRIATE,1
EVT:TAXI,PRECEDES,EVT:CONTROL_INPUT_IMPROPER,1
EVT:TAXI,TRIGGERS,EVT:LOSS_OF_CONTROL_GROUND,2
EVT:TAXI,UNDER_CONDITION,COND:environmental,2
EVT:SPATIAL_DISORIENTATION,CAUSES,EVT:DECISION_INAPPROPRIATE,28
EVT:SPATIAL_DISORIENTATION,CONTRIBUTES_TO,EVT:DECISION_INAPPROPRIATE,4
EVT:SPATIAL_DISORIENTATION,INDUCED_CONDITION,COND:human_factor,17
EVT:SPATIAL_DISORIENTATION,UNDER_CONDITION,COND:human_factor,2
EVT:SPATIAL_DISORIENTATION,CAUSES,EVT:LOSS_OF_CONTROL_INFLIGHT,134
EVT:SPATIAL_DISORIENTATION,CAUSES,EVT:CONTROL_INPUT_IMPROPER,73
EVT:SPATIAL_DISORIENTATION,RESPONDS_TO,EVT:CONTROL_INPUT_IMPROPER,2
EVT:SPATIAL_DISORIENTATION,CONCURRENT,EVT:CONTROL_INPUT_IMPROPER,2
EVT:SPATIAL_DISORIENTATION,CONTRIBUTES_TO,EVT:CONTROL_INPUT_IMPROPER,2
EVT:SPATIAL_DISORIENTATION,TRIGGERS,EVT:CONTROL_INPUT_IMPROPER,1
EVT:SPATIAL_DISORIENTATION,CAUSES,COND:human,1
EVT:SPATIAL_DISORIENTATION,UNDER_CONDITION,COND:human,1
EVT:SPATIAL_DISORIENTATION,INDUCED_CONDITION,COND:human,4
EVT:SPATIAL_DISORIENTATION,CAUSES,EVT:WATER_IMPACT,10
EVT:SPATIAL_DISORIENTATION,CAUSES,EVT:PERCEPTION_FAILURE,12
EVT:SPATIAL_DISORIENTATION,CONCURRENT,EVT:PERCEPTION_FAILURE,2
EVT:SPATIAL_DISORIENTATION,PRECEDES,EVT:PERCEPTION_FAILURE,1
EVT:SPATIAL_DISORIENTATION,CONTRIBUTES_TO,EVT:PERCEPTION_FAILURE,4
EVT:SPATIAL_DISORIENTATION,CAUSES,EVT:GROUND_IMPACT,129
EVT:SPATIAL_DISORIENTATION,CONTRIBUTES_TO,EVT:GROUND_IMPACT,2
EVT:SPATIAL_DISORIENTATION,CAUSES,EVT:TERRAIN_OR_OBSTACLE_PROXIMITY,18
EVT:SPATIAL_DISORIENTATION,UNDER_CONDITION,COND:spatial,1
EVT:SPATIAL_DISORIENTATION,INDUCED_CONDITION,COND:spatial,9
EVT:SPATIAL_DISORIENTATION,UNDER_CONDITION,COND:environmental,15
EVT:SPATIAL_DISORIENTATION,CAUSES,COND:environmental,1
EVT:SPATIAL_DISORIENTATION,INDUCED_CONDITION,COND:environmental,1
EVT:SPATIAL_DISORIENTATION,MASKED_BY_CONDITION,COND:environmental,1
EVT:SPATIAL_DISORIENTATION,CAUSES,EVT:STRUCTURAL_OVERLOAD,4
EVT:SPATIAL_DISORIENTATION,CONTRIBUTES_TO,EVT:STRUCTURAL_OVERLOAD,1
EVT:SPATIAL_DISORIENTATION,UNDER_CONDITION,COND:terrain,15
EVT:SPATIAL_DISORIENTATION,ENABLES,COND:terrain,1
EVT:SPATIAL_DISORIENTATION,CAUSES,COND:terrain,2
EVT:SPATIAL_DISORIENTATION,CAUSES,EVT:FUEL_SYSTEM_ANOMALY,2
EVT:SPATIAL_DISORIENTATION,UNDER_CONDITION,COND:weather,27
EVT:SPATIAL_DISORIENTATION,CAUSES,EVT:PROCEDURE_NOT_FOLLOWED,17
EVT:SPATIAL_DISORIENTATION,RESPONDS_TO,EVT:PROCEDURE_NOT_FOLLOWED,1
EVT:SPATIAL_DISORIENTATION,CAUSES,COND:mechanical,3
EVT:SPATIAL_DISORIENTATION,CONTRIBUTES_TO,COND:mechanical,5
EVT:SPATIAL_DISORIENTATION,CAUSES,EVT:ENGINE_FAILURE,1
EVT:SPATIAL_DISORIENTATION,CONTRIBUTES_TO,EVT:ENGINE_FAILURE,1
EVT:SPATIAL_DISORIENTATION,INDUCED_CONDITION,COND:spatial_orientation,1
EVT:SPATIAL_DISORIENTATION,CAUSES,EVT:ALTITUDE_DEVIATION_UNCONTROLLED,21
EVT:SPATIAL_DISORIENTATION,CAUSES,COND:other,1
EVT:SPATIAL_DISORIENTATION,CONTRIBUTES_TO,COND:other,1
EVT:SPATIAL_DISORIENTATION,UNDER_CONDITION,COND:other,2
EVT:SPATIAL_DISORIENTATION,INDUCED_CONDITION,COND:other,1
EVT:SPATIAL_DISORIENTATION,UNDER_CONDITION,COND:human_factors,3
EVT:SPATIAL_DISORIENTATION,INDUCED_CONDITION,COND:human_factors,8
EVT:SPATIAL_DISORIENTATION,UNDER_CONDITION,COND:equipment,1
EVT:SPATIAL_DISORIENTATION,UNDER_CONDITION,COND:physiological,2
EVT:SPATIAL_DISORIENTATION,INDUCED_CONDITION,COND:physiological,6
EVT:SPATIAL_DISORIENTATION,CAUSES,EVT:EMERGENCY_LANDING,1
EVT:SPATIAL_DISORIENTATION,INDUCED_CONDITION,COND:cognitive,1
EVT:SPATIAL_DISORIENTATION,CAUSES,COND:resource,1
EVT:SPATIAL_DISORIENTATION,CAUSES,EVT:STALL,4
EVT:SPATIAL_DISORIENTATION,CAUSES,COND:situational_awareness,1
EVT:SPATIAL_DISORIENTATION,INDUCED_CONDITION,COND:situational_awareness,1
EVT:SPATIAL_DISORIENTATION,INDUCED_CONDITION,COND:mental_state,4
EVT:SPATIAL_DISORIENTATION,CAUSES,EVT:RUNWAY_EXCURSION_OR_OVERRUN,1
EVT:SPATIAL_DISORIENTATION,CAUSES,EVT:CREW_COORDINATION_FAILURE,1
EVT:SPATIAL_DISORIENTATION,INDUCED_CONDITION,COND:human_performance,1
EVT:SPATIAL_DISORIENTATION,CAUSES,EVT:MIDAIR_COLLISION,2
EVT:SPATIAL_DISORIENTATION,INDUCED_CONDITION,COND:spatial_disorientation,1
EVT:SPATIAL_DISORIENTATION,CAUSES,COND:spatial_disorientation,1
EVT:SPATIAL_DISORIENTATION,CAUSES,COND:operational,1
EVT:SPATIAL_DISORIENTATION,INDUCED_CONDITION,COND:mental,1
EVT:SPATIAL_DISORIENTATION,CAUSES,EVT:INFLIGHT_BREAKUP,2
EVT:SPATIAL_DISORIENTATION,CAUSES,COND:fuel,1
EVT:SPATIAL_DISORIENTATION,INDUCED_CONDITION,COND:pilot_state,1
EVT:ATC_OR_DISPATCH_INADEQUATE,CONTRIBUTES_TO,EVT:CONTROL_INPUT_IMPROPER,14
EVT:ATC_OR_DISPATCH_INADEQUATE,RESPONDS_TO,EVT:CONTROL_INPUT_IMPROPER,2
EVT:ATC_OR_DISPATCH_INADEQUATE,TRIGGERS,EVT:CONTROL_INPUT_IMPROPER,6
EVT:ATC_OR_DISPATCH_INADEQUATE,CAUSES,EVT:CONTROL_INPUT_IMPROPER,5
EVT:ATC_OR_DISPATCH_INADEQUATE,CAUSES,EVT:RUNWAY_EXCURSION_OR_OVERRUN,12
EVT:ATC_OR_DISPATCH_INADEQUATE,CONTRIBUTES_TO,EVT:RUNWAY_EXCURSION_OR_OVERRUN,2
EVT:ATC_OR_DISPATCH_INADEQUATE,CAUSES,COND:situational_awareness,4
EVT:ATC_OR_DISPATCH_INADEQUATE,RESPONDS_TO,COND:situational_awareness,1
EVT:ATC_OR_DISPATCH_INADEQUATE,CONTRIBUTES_TO,EVT:PERCEPTION_FAILURE,18
EVT:ATC_OR_DISPATCH_INADEQUATE,CAUSES,EVT:PERCEPTION_FAILURE,17
EVT:ATC_OR_DISPATCH_INADEQUATE,RESPONDS_TO,EVT:PERCEPTION_FAILURE,7
EVT:ATC_OR_DISPATCH_INADEQUATE,ENABLES,EVT:PERCEPTION_FAILURE,2
EVT:ATC_OR_DISPATCH_INADEQUATE,CAUSES,EVT:DECISION_INAPPROPRIATE,6
EVT:ATC_OR_DISPATCH_INADEQUATE,CONTRIBUTES_TO,EVT:DECISION_INAPPROPRIATE,17
EVT:ATC_OR_DISPATCH_INADEQUATE,ENABLES,EVT:DECISION_INAPPROPRIATE,2
EVT:ATC_OR_DISPATCH_INADEQUATE,TRIGGERS,EVT:DECISION_INAPPROPRIATE,2
EVT:ATC_OR_DISPATCH_INADEQUATE,CONTRIBUTES_TO,EVT:GROUND_IMPACT,9
EVT:ATC_OR_DISPATCH_INADEQUATE,INHIBITS,EVT:GROUND_IMPACT,4
EVT:ATC_OR_DISPATCH_INADEQUATE,CAUSES,EVT:GROUND_IMPACT,5
EVT:ATC_OR_DISPATCH_INADEQUATE,UNDER_CONDITION,COND:organizational,5
EVT:ATC_OR_DISPATCH_INADEQUATE,INDUCED_CONDITION,COND:organizational,4
EVT:ATC_OR_DISPATCH_INADEQUATE,CAUSES,COND:organizational,3
EVT:ATC_OR_DISPATCH_INADEQUATE,INDUCED_CONDITION,COND:procedural,4
EVT:ATC_OR_DISPATCH_INADEQUATE,CAUSES,COND:procedural,4
EVT:ATC_OR_DISPATCH_INADEQUATE,ENABLES,COND:procedural,1
EVT:ATC_OR_DISPATCH_INADEQUATE,INHIBITS,COND:procedural,1
EVT:ATC_OR_DISPATCH_INADEQUATE,CONTRIBUTES_TO,EVT:MIDAIR_COLLISION,8
EVT:ATC_OR_DISPATCH_INADEQUATE,CAUSES,EVT:MIDAIR_COLLISION,17
EVT:ATC_OR_DISPATCH_INADEQUATE,INHIBITS,EVT:MIDAIR_COLLISION,1
EVT:ATC_OR_DISPATCH_INADEQUATE,PREVENTS,EVT:MIDAIR_COLLISION,2
EVT:ATC_OR_DISPATCH_INADEQUATE,CONCURRENT,EVT:MIDAIR_COLLISION,1
EVT:ATC_OR_DISPATCH_INADEQUATE,CONCURRENT,EVT:PROCEDURE_NOT_FOLLOWED,2
EVT:ATC_OR_DISPATCH_INADEQUATE,PREVENTS,EVT:PROCEDURE_NOT_FOLLOWED,1
EVT:ATC_OR_DISPATCH_INADEQUATE,CONTRIBUTES_TO,EVT:PROCEDURE_NOT_FOLLOWED,15
EVT:ATC_OR_DISPATCH_INADEQUATE,CAUSES,EVT:PROCEDURE_NOT_FOLLOWED,9
EVT:ATC_OR_DISPATCH_INADEQUATE,RESPONDS_TO,EVT:PROCEDURE_NOT_FOLLOWED,3
EVT:ATC_OR_DISPATCH_INADEQUATE,ENABLES,EVT:PROCEDURE_NOT_FOLLOWED,1
EVT:ATC_OR_DISPATCH_INADEQUATE,TRIGGERS,EVT:PROCEDURE_NOT_FOLLOWED,1
EVT:ATC_OR_DISPATCH_INADEQUATE,CONCURRENT,EVT:UNKNOWN,1
EVT:ATC_OR_DISPATCH_INADEQUATE,UNDER_CONDITION,ENT:location,1
EVT:ATC_OR_DISPATCH_INADEQUATE,CONTRIBUTES_TO,EVT:ICING_ENCOUNTER,1
EVT:ATC_OR_DISPATCH_INADEQUATE,CONTRIBUTES_TO,EVT:TURBULENCE_ENCOUNTER,3
EVT:ATC_OR_DISPATCH_INADEQUATE,CAUSES,EVT:TURBULENCE_ENCOUNTER,4
EVT:ATC_OR_DISPATCH_INADEQUATE,TRIGGERS,EVT:SPATIAL_DISORIENTATION,1
EVT:ATC_OR_DISPATCH_INADEQUATE,CAUSES,EVT:TERRAIN_OR_OBSTACLE_PROXIMITY,5
EVT:ATC_OR_DISPATCH_INADEQUATE,CONTRIBUTES_TO,EVT:TERRAIN_OR_OBSTACLE_PROXIMITY,3
EVT:ATC_OR_DISPATCH_INADEQUATE,RESPONDS_TO,EVT:TERRAIN_OR_OBSTACLE_PROXIMITY,2
EVT:ATC_OR_DISPATCH_INADEQUATE,UNDER_CONDITION,COND:environmental,4
EVT:ATC_OR_DISPATCH_INADEQUATE,ENABLES,COND:environmental,1
EVT:ATC_OR_DISPATCH_INADEQUATE,DETECTS,COND:environmental,1
EVT:ATC_OR_DISPATCH_INADEQUATE,CAUSES,COND:environmental,2
EVT:ATC_OR_DISPATCH_INADEQUATE,MASKED_BY_CONDITION,COND:environmental,1
EVT:ATC_OR_DISPATCH_INADEQUATE,CONCURRENT,EVT:ATC_OR_DISPATCH_INADEQUATE,3
EVT:ATC_OR_DISPATCH_INADEQUATE,PRECEDES,EVT:ATC_OR_DISPATCH_INADEQUATE,2
EVT:ATC_OR_DISPATCH_INADEQUATE,CAUSES,EVT:ATC_OR_DISPATCH_INADEQUATE,3
EVT:ATC_OR_DISPATCH_INADEQUATE,TRIGGERS,EVT:ATC_OR_DISPATCH_INADEQUATE,1
EVT:ATC_OR_DISPATCH_INADEQUATE,CAUSES,EVT:LOSS_OF_CONTROL_INFLIGHT,2
EVT:ATC_OR_DISPATCH_INADEQUATE,CONTRIBUTES_TO,EVT:LOSS_OF_CONTROL_INFLIGHT,3
EVT:ATC_OR_DISPATCH_INADEQUATE,CAUSES,EVT:ALTITUDE_DEVIATION_UNCONTROLLED,1
EVT:ATC_OR_DISPATCH_INADEQUATE,CONTRIBUTES_TO,EVT:ALTITUDE_DEVIATION_UNCONTROLLED,3
EVT:ATC_OR_DISPATCH_INADEQUATE,CAUSES,COND:mechanical,2
EVT:ATC_OR_DISPATCH_INADEQUATE,CAUSES,COND:aerodynamic,2
EVT:ATC_OR_DISPATCH_INADEQUATE,UNDER_CONDITION,COND:weather,3
EVT:ATC_OR_DISPATCH_INADEQUATE,MASKED_BY_CONDITION,COND:weather,1
EVT:ATC_OR_DISPATCH_INADEQUATE,CONTRIBUTES_TO,COND:weather,1
EVT:ATC_OR_DISPATCH_INADEQUATE,CONTRIBUTES_TO,EVT:GROUND_COLLISION,5
EVT:ATC_OR_DISPATCH_INADEQUATE,TRIGGERS,EVT:GROUND_COLLISION,1
EVT:ATC_OR_DISPATCH_INADEQUATE,CAUSES,COND:procedural_gap,1
EVT:ATC_OR_DISPATCH_INADEQUATE,TRIGGERS,EVT:GROUND_PERSONNEL_ERROR,1
EVT:ATC_OR_DISPATCH_INADEQUATE,CAUSES,EVT:GROUND_PERSONNEL_ERROR,1
EVT:ATC_OR_DISPATCH_INADEQUATE,ENABLES,EVT:GROUND_PERSONNEL_ERROR,1
EVT:ATC_OR_DISPATCH_INADEQUATE,CAUSES,EVT:WAKE_TURBULENCE_ENCOUNTER,2
EVT:ATC_OR_DISPATCH_INADEQUATE,INDUCED_CONDITION,COND:information,2
EVT:ATC_OR_DISPATCH_INADEQUATE,CAUSES,COND:information,5
EVT:ATC_OR_DISPATCH_INADEQUATE,INDUCED_CONDITION,COND:human_factors,1
EVT:ATC_OR_DISPATCH_INADEQUATE,CAUSES,COND:human_factors,1
EVT:ATC_OR_DISPATCH_INADEQUATE,CONTRIBUTES_TO,COND:human_factors,1
EVT:ATC_OR_DISPATCH_INADEQUATE,CAUSES,EVT:GROUND_MOVEMENT,1
EVT:ATC_OR_DISPATCH_INADEQUATE,CONCURRENT,EVT:PROCEDURE_FOLLOWED,1
EVT:ATC_OR_DISPATCH_INADEQUATE,CAUSES,COND:cognitive,2
EVT:ATC_OR_DISPATCH_INADEQUATE,UNDER_CONDITION,COND:communication,1
EVT:ATC_OR_DISPATCH_INADEQUATE,CAUSES,COND:communication,1
EVT:ATC_OR_DISPATCH_INADEQUATE,CAUSES,COND:operational,2
EVT:ATC_OR_DISPATCH_INADEQUATE,CAUSES,EVT:TRAFFIC_CONFLICT,1
EVT:ATC_OR_DISPATCH_INADEQUATE,CONTRIBUTES_TO,EVT:BIRD_OR_WILDLIFE_STRIKE,1
EVT:ATC_OR_DISPATCH_INADEQUATE,CONTRIBUTES_TO,EVT:INJURY_OR_FATALITY,1
EVT:ATC_OR_DISPATCH_INADEQUATE,ENABLES,EVT:INFLIGHT_FIRE_OR_SMOKE,1
EVT:ATC_OR_DISPATCH_INADEQUATE,TRIGGERS,EVT:INFLIGHT_FIRE_OR_SMOKE,1
EVT:ATC_OR_DISPATCH_INADEQUATE,CONTRIBUTES_TO,EVT:LOSS_OF_CONTROL_GROUND,1
EVT:ATC_OR_DISPATCH_INADEQUATE,CAUSES,EVT:WIND_SHEAR_OR_GUST,1
EVT:ATC_OR_DISPATCH_INADEQUATE,CONTRIBUTES_TO,EVT:THUNDERSTORM_OR_CONVECTIVE,1
EVT:ATC_OR_DISPATCH_INADEQUATE,CONTRIBUTES_TO,EVT:WATER_IMPACT,1
EVT:ATC_OR_DISPATCH_INADEQUATE,INDUCED_CONDITION,COND:psychological,1
EVT:ATC_OR_DISPATCH_INADEQUATE,CAUSES,COND:spatial,1
EVT:ATC_OR_DISPATCH_INADEQUATE,CONCURRENT,EVT:INSTRUMENT_OR_AVIONICS_FAILURE,1
EVT:ATC_OR_DISPATCH_INADEQUATE,CAUSES,EVT:EMERGENCY_LANDING,1
EVT:ATC_OR_DISPATCH_INADEQUATE,CONCURRENT,EVT:GROUND_OPERATIONS,1
EVT:ATC_OR_DISPATCH_INADEQUATE,CAUSES,EVT:GROUND_OPERATIONS,1
EVT:ATC_OR_DISPATCH_INADEQUATE,CONTRIBUTES_TO,EVT:TAXIWAY_INCURSION,1
EVT:ATC_OR_DISPATCH_INADEQUATE,CAUSES,EVT:TAXI_OR_TAKEOFF,1
EVT:GROUND_DAMAGE,CAUSES,COND:mechanical,2
EVT:GROUND_DAMAGE,CAUSES,EVT:INJURY_OR_FATALITY,1
EVT:GROUND_DAMAGE,CAUSES,EVT:GROUND_DAMAGE,2
EVT:GROUND_DAMAGE,UNDER_CONDITION,ENT:location,1
EVT:CREW_COORDINATION_FAILURE,CONTRIBUTES_TO,EVT:GROUND_IMPACT,158
EVT:CREW_COORDINATION_FAILURE,INHIBITS,EVT:GROUND_IMPACT,5
EVT:CREW_COORDINATION_FAILURE,CAUSES,EVT:GROUND_IMPACT,26
EVT:CREW_COORDINATION_FAILURE,PREVENTS,EVT:GROUND_IMPACT,2
EVT:CREW_COORDINATION_FAILURE,CONTRIBUTES_TO,EVT:CONTROL_INPUT_IMPROPER,177
EVT:CREW_COORDINATION_FAILURE,CAUSES,EVT:CONTROL_INPUT_IMPROPER,32
EVT:CREW_COORDINATION_FAILURE,CONCURRENT,EVT:CONTROL_INPUT_IMPROPER,6
EVT:CREW_COORDINATION_FAILURE,ENABLES,EVT:CONTROL_INPUT_IMPROPER,3
EVT:CREW_COORDINATION_FAILURE,TRIGGERS,EVT:CONTROL_INPUT_IMPROPER,3
EVT:CREW_COORDINATION_FAILURE,RESPONDS_TO,EVT:CONTROL_INPUT_IMPROPER,5
EVT:CREW_COORDINATION_FAILURE,INHIBITS,EVT:CONTROL_INPUT_IMPROPER,2
EVT:CREW_COORDINATION_FAILURE,CONTRIBUTES_TO,EVT:PERCEPTION_FAILURE,22
EVT:CREW_COORDINATION_FAILURE,CAUSES,EVT:PERCEPTION_FAILURE,8
EVT:CREW_COORDINATION_FAILURE,INHIBITS,EVT:PERCEPTION_FAILURE,1
EVT:CREW_COORDINATION_FAILURE,RESPONDS_TO,EVT:PERCEPTION_FAILURE,2
EVT:CREW_COORDINATION_FAILURE,CONTRIBUTES_TO,EVT:LOSS_OF_CONTROL_GROUND,35
EVT:CREW_COORDINATION_FAILURE,MITIGATES,EVT:LOSS_OF_CONTROL_GROUND,1
EVT:CREW_COORDINATION_FAILURE,CAUSES,EVT:LOSS_OF_CONTROL_GROUND,2
EVT:CREW_COORDINATION_FAILURE,CONTRIBUTES_TO,EVT:PROCEDURE_NOT_FOLLOWED,48
EVT:CREW_COORDINATION_FAILURE,CAUSES,EVT:PROCEDURE_NOT_FOLLOWED,11
EVT:CREW_COORDINATION_FAILURE,MITIGATES,EVT:PROCEDURE_NOT_FOLLOWED,1
EVT:CREW_COORDINATION_FAILURE,CONCURRENT,EVT:PROCEDURE_NOT_FOLLOWED,1
EVT:CREW_COORDINATION_FAILURE,INHIBITS,EVT:PROCEDURE_NOT_FOLLOWED,3
EVT:CREW_COORDINATION_FAILURE,RESPONDS_TO,EVT:PROCEDURE_NOT_FOLLOWED,2
EVT:CREW_COORDINATION_FAILURE,CONTRIBUTES_TO,EVT:LOSS_OF_CONTROL_INFLIGHT,22
EVT:CREW_COORDINATION_FAILURE,CAUSES,EVT:LOSS_OF_CONTROL_INFLIGHT,4
EVT:CREW_COORDINATION_FAILURE,CONTRIBUTES_TO,EVT:DECISION_INAPPROPRIATE,26
EVT:CREW_COORDINATION_FAILURE,RESPONDS_TO,EVT:DECISION_INAPPROPRIATE,3
EVT:CREW_COORDINATION_FAILURE,CAUSES,EVT:DECISION_INAPPROPRIATE,4
EVT:CREW_COORDINATION_FAILURE,ENABLES,EVT:DECISION_INAPPROPRIATE,1
EVT:CREW_COORDINATION_FAILURE,CONCURRENT,EVT:DECISION_INAPPROPRIATE,1
EVT:CREW_COORDINATION_FAILURE,TRIGGERS,EVT:DECISION_INAPPROPRIATE,1
EVT:CREW_COORDINATION_FAILURE,PRECEDES,EVT:DECISION_INAPPROPRIATE,1
EVT:CREW_COORDINATION_FAILURE,CONTRIBUTES_TO,COND:environmental,1
EVT:CREW_COORDINATION_FAILURE,UNDER_CONDITION,COND:environmental,1
EVT:CREW_COORDINATION_FAILURE,CAUSES,COND:configuration,1
EVT:CREW_COORDINATION_FAILURE,CONTRIBUTES_TO,EVT:ALTITUDE_DEVIATION_UNCONTROLLED,9
EVT:CREW_COORDINATION_FAILURE,CAUSES,EVT:INJURY_OR_FATALITY,2
EVT:CREW_COORDINATION_FAILURE,CONTRIBUTES_TO,EVT:GROUND_PERSONNEL_ERROR,3
EVT:CREW_COORDINATION_FAILURE,CONTRIBUTES_TO,EVT:STALL,16
EVT:CREW_COORDINATION_FAILURE,INHIBITS,EVT:STALL,2
EVT:CREW_COORDINATION_FAILURE,INDUCED_CONDITION,COND:situational_awareness,1
EVT:CREW_COORDINATION_FAILURE,INHIBITS,COND:situational_awareness,1
EVT:CREW_COORDINATION_FAILURE,CONTRIBUTES_TO,COND:situational_awareness,1
EVT:CREW_COORDINATION_FAILURE,CAUSES,COND:situational_awareness,1
EVT:CREW_COORDINATION_FAILURE,CONTRIBUTES_TO,EVT:RUNWAY_EXCURSION_OR_OVERRUN,34
EVT:CREW_COORDINATION_FAILURE,CAUSES,EVT:RUNWAY_EXCURSION_OR_OVERRUN,6
EVT:CREW_COORDINATION_FAILURE,INDUCED_CONDITION,COND:mechanical,1
EVT:CREW_COORDINATION_FAILURE,CONTRIBUTES_TO,COND:mechanical,2
EVT:CREW_COORDINATION_FAILURE,UNDER_CONDITION,COND:mechanical,1
EVT:CREW_COORDINATION_FAILURE,ENABLES,COND:mechanical,1
EVT:CREW_COORDINATION_FAILURE,CAUSES,EVT:ATC_OR_DISPATCH_INADEQUATE,1
EVT:CREW_COORDINATION_FAILURE,INDUCED_CONDITION,COND:human_factors,2
EVT:CREW_COORDINATION_FAILURE,UNDER_CONDITION,COND:human_factors,2
EVT:CREW_COORDINATION_FAILURE,CONTRIBUTES_TO,EVT:ENGINE_FAILURE,1
EVT:CREW_COORDINATION_FAILURE,CONCURRENT,EVT:CREW_COORDINATION_FAILURE,1
EVT:CREW_COORDINATION_FAILURE,CAUSES,EVT:CREW_COORDINATION_FAILURE,1
EVT:CREW_COORDINATION_FAILURE,CONTRIBUTES_TO,EVT:CREW_COORDINATION_FAILURE,1
EVT:CREW_COORDINATION_FAILURE,INDUCED_CONDITION,COND:human_factor,2
EVT:CREW_COORDINATION_FAILURE,CAUSES,COND:human_factor,1
EVT:CREW_COORDINATION_FAILURE,CAUSES,EVT:SUCCESSFUL_RECOVERY,2
EVT:CREW_COORDINATION_FAILURE,MITIGATES,EVT:SUCCESSFUL_RECOVERY,1
EVT:CREW_COORDINATION_FAILURE,CONTRIBUTES_TO,EVT:LANDING_GEAR_ANOMALY,3
EVT:CREW_COORDINATION_FAILURE,UNDER_CONDITION,COND:knowledge,1
EVT:CREW_COORDINATION_FAILURE,UNDER_CONDITION,COND:organizational,4
EVT:CREW_COORDINATION_FAILURE,INDUCED_CONDITION,COND:organizational,2
EVT:CREW_COORDINATION_FAILURE,CAUSES,COND:organizational,1
EVT:CREW_COORDINATION_FAILURE,CONTRIBUTES_TO,EVT:STRUCTURAL_OVERLOAD,1
EVT:CREW_COORDINATION_FAILURE,PERFORMED_BY,ENT:person,2
EVT:CREW_COORDINATION_FAILURE,UNDER_CONDITION,ENT:person,1
EVT:CREW_COORDINATION_FAILURE,CONTRIBUTES_TO,EVT:GROUND_COLLISION,4
EVT:CREW_COORDINATION_FAILURE,CAUSES,EVT:GROUND_COLLISION,1
EVT:CREW_COORDINATION_FAILURE,CAUSES,COND:information,1
EVT:CREW_COORDINATION_FAILURE,INDUCED_CONDITION,COND:physical,1
EVT:CREW_COORDINATION_FAILURE,CAUSES,EVT:MIDAIR_COLLISION,2
EVT:CREW_COORDINATION_FAILURE,CONTRIBUTES_TO,EVT:MIDAIR_COLLISION,1
EVT:CREW_COORDINATION_FAILURE,CAUSES,EVT:TRAINING_OR_CURRENCY_GAP,1
EVT:CREW_COORDINATION_FAILURE,CAUSES,EVT:EMERGENCY_LANDING,1
EVT:CREW_COORDINATION_FAILURE,UNDER_CONDITION,COND:weather,2
EVT:CREW_COORDINATION_FAILURE,CONCURRENT,COND:weather,1
EVT:CREW_COORDINATION_FAILURE,CONTRIBUTES_TO,EVT:TERRAIN_OR_OBSTACLE_PROXIMITY,5
EVT:CREW_COORDINATION_FAILURE,CAUSES,COND:aerodynamic,1
EVT:CREW_COORDINATION_FAILURE,CAUSES,COND:cognitive,2
EVT:CREW_COORDINATION_FAILURE,UNDER_CONDITION,COND:crew_coordination,1
EVT:TURBULENCE_ENCOUNTER,TRIGGERS,COND:human_factor,2
EVT:TURBULENCE_ENCOUNTER,UNDER_CONDITION,COND:human_factor,1
EVT:TURBULENCE_ENCOUNTER,CAUSES,COND:human_factor,1
EVT:TURBULENCE_ENCOUNTER,CAUSES,EVT:INJURY_OR_FATALITY,150
EVT:TURBULENCE_ENCOUNTER,CONTRIBUTES_TO,EVT:INJURY_OR_FATALITY,4
EVT:TURBULENCE_ENCOUNTER,TRIGGERS,EVT:INJURY_OR_FATALITY,3
EVT:TURBULENCE_ENCOUNTER,CAUSES,EVT:AUTOMATION_ANOMALY,7
EVT:TURBULENCE_ENCOUNTER,TRIGGERS,EVT:AUTOMATION_ANOMALY,1
EVT:TURBULENCE_ENCOUNTER,TRIGGERS,EVT:CONTROL_INPUT_IMPROPER,51
EVT:TURBULENCE_ENCOUNTER,CONTRIBUTES_TO,EVT:CONTROL_INPUT_IMPROPER,43
EVT:TURBULENCE_ENCOUNTER,CAUSES,EVT:CONTROL_INPUT_IMPROPER,30
EVT:TURBULENCE_ENCOUNTER,RESPONDS_TO,EVT:CONTROL_INPUT_IMPROPER,35
EVT:TURBULENCE_ENCOUNTER,CONCURRENT,EVT:CONTROL_INPUT_IMPROPER,1
EVT:TURBULENCE_ENCOUNTER,PRECEDES,EVT:CONTROL_INPUT_IMPROPER,1
EVT:TURBULENCE_ENCOUNTER,CAUSES,COND:aerodynamic,10
EVT:TURBULENCE_ENCOUNTER,INDUCED_CONDITION,COND:aerodynamic,16
EVT:TURBULENCE_ENCOUNTER,CONTRIBUTES_TO,COND:aerodynamic,3
EVT:TURBULENCE_ENCOUNTER,UNDER_CONDITION,COND:aerodynamic,4
EVT:TURBULENCE_ENCOUNTER,CAUSES,EVT:STALL,18
EVT:TURBULENCE_ENCOUNTER,CONTRIBUTES_TO,EVT:STALL,6
EVT:TURBULENCE_ENCOUNTER,UNDER_CONDITION,COND:weather,344
EVT:TURBULENCE_ENCOUNTER,INDUCED_CONDITION,COND:weather,13
EVT:TURBULENCE_ENCOUNTER,CAUSES,COND:weather,5
EVT:TURBULENCE_ENCOUNTER,CONTRIBUTES_TO,COND:weather,1
EVT:TURBULENCE_ENCOUNTER,MASKED_BY_CONDITION,COND:weather,2
EVT:TURBULENCE_ENCOUNTER,CAUSES,EVT:LOSS_OF_CONTROL_INFLIGHT,116
EVT:TURBULENCE_ENCOUNTER,CONTRIBUTES_TO,EVT:LOSS_OF_CONTROL_INFLIGHT,16
EVT:TURBULENCE_ENCOUNTER,TRIGGERS,EVT:LOSS_OF_CONTROL_INFLIGHT,1
EVT:TURBULENCE_ENCOUNTER,CAUSES,EVT:ALTITUDE_DEVIATION_UNCONTROLLED,63
EVT:TURBULENCE_ENCOUNTER,CONTRIBUTES_TO,EVT:ALTITUDE_DEVIATION_UNCONTROLLED,4
EVT:TURBULENCE_ENCOUNTER,TRIGGERS,EVT:DECISION_INAPPROPRIATE,26
EVT:TURBULENCE_ENCOUNTER,CAUSES,EVT:DECISION_INAPPROPRIATE,24
EVT:TURBULENCE_ENCOUNTER,RESPONDS_TO,EVT:DECISION_INAPPROPRIATE,4
EVT:TURBULENCE_ENCOUNTER,CONTRIBUTES_TO,EVT:DECISION_INAPPROPRIATE,2
EVT:TURBULENCE_ENCOUNTER,TRIGGERS,EVT:CONTROL_SURFACE_ANOMALY,2
EVT:TURBULENCE_ENCOUNTER,CAUSES,EVT:CONTROL_SURFACE_ANOMALY,2
EVT:TURBULENCE_ENCOUNTER,CONTRIBUTES_TO,EVT:CONTROL_SURFACE_ANOMALY,1
EVT:TURBULENCE_ENCOUNTER,CAUSES,EVT:PERCEPTION_FAILURE,6
EVT:TURBULENCE_ENCOUNTER,CONTRIBUTES_TO,EVT:PERCEPTION_FAILURE,15
EVT:TURBULENCE_ENCOUNTER,TRIGGERS,EVT:PERCEPTION_FAILURE,1
EVT:TURBULENCE_ENCOUNTER,MASKED_BY_CONDITION,COND:instrumentation,1
EVT:TURBULENCE_ENCOUNTER,CAUSES,EVT:PASSENGER_INJURY,1
EVT:TURBULENCE_ENCOUNTER,UNDER_CONDITION,COND:environmental,31
EVT:TURBULENCE_ENCOUNTER,INDUCED_CONDITION,COND:environmental,8
EVT:TURBULENCE_ENCOUNTER,CAUSES,COND:environmental,2
EVT:TURBULENCE_ENCOUNTER,CO_OCCURS,COND:environmental,1
EVT:TURBULENCE_ENCOUNTER,CAUSES,EVT:AIRFRAME_STRUCTURAL_FAILURE,10
EVT:TURBULENCE_ENCOUNTER,CONTRIBUTES_TO,EVT:AIRFRAME_STRUCTURAL_FAILURE,2
EVT:TURBULENCE_ENCOUNTER,TRIGGERS,EVT:AIRFRAME_STRUCTURAL_FAILURE,3
EVT:TURBULENCE_ENCOUNTER,CONTRIBUTES_TO,EVT:GROUND_IMPACT,14
EVT:TURBULENCE_ENCOUNTER,CAUSES,EVT:GROUND_IMPACT,30
EVT:TURBULENCE_ENCOUNTER,CAUSES,EVT:SPATIAL_DISORIENTATION,3
EVT:TURBULENCE_ENCOUNTER,CONTRIBUTES_TO,EVT:SPATIAL_DISORIENTATION,1
EVT:TURBULENCE_ENCOUNTER,CAUSES,EVT:STRUCTURAL_OVERLOAD,13
EVT:TURBULENCE_ENCOUNTER,TRIGGERS,EVT:STRUCTURAL_OVERLOAD,1
EVT:TURBULENCE_ENCOUNTER,CONCURRENT,EVT:TURBULENCE_ENCOUNTER,3
EVT:TURBULENCE_ENCOUNTER,CAUSES,EVT:TURBULENCE_ENCOUNTER,2
EVT:TURBULENCE_ENCOUNTER,CAUSES,COND:mechanical,2
EVT:TURBULENCE_ENCOUNTER,CAUSES,EVT:EMERGENCY_LANDING,13
EVT:TURBULENCE_ENCOUNTER,CAUSES,EVT:PROCEDURE_NOT_FOLLOWED,6
EVT:TURBULENCE_ENCOUNTER,CONTRIBUTES_TO,EVT:PROCEDURE_NOT_FOLLOWED,2
EVT:TURBULENCE_ENCOUNTER,TRIGGERS,EVT:PROCEDURE_NOT_FOLLOWED,11
EVT:TURBULENCE_ENCOUNTER,RESPONDS_TO,EVT:PROCEDURE_NOT_FOLLOWED,5
EVT:TURBULENCE_ENCOUNTER,PRECEDES,EVT:PROCEDURE_NOT_FOLLOWED,2
EVT:TURBULENCE_ENCOUNTER,CONCURRENT,EVT:PROCEDURE_NOT_FOLLOWED,1
EVT:TURBULENCE_ENCOUNTER,UNDER_CONDITION,COND:operational,2
EVT:TURBULENCE_ENCOUNTER,INDUCED_CONDITION,COND:operational,2
EVT:TURBULENCE_ENCOUNTER,TRIGGERS,COND:operational,1
EVT:TURBULENCE_ENCOUNTER,CONTEXT,COND:operational,1
EVT:TURBULENCE_ENCOUNTER,CONTRIBUTES_TO,EVT:ENGINE_FAILURE,4
EVT:TURBULENCE_ENCOUNTER,CAUSES,EVT:ENGINE_FAILURE,3
EVT:TURBULENCE_ENCOUNTER,TRIGGERS,EVT:ENGINE_FAILURE,1
EVT:TURBULENCE_ENCOUNTER,CAUSES,EVT:TERRAIN_OR_OBSTACLE_PROXIMITY,3
EVT:TURBULENCE_ENCOUNTER,CONTRIBUTES_TO,EVT:TERRAIN_OR_OBSTACLE_PROXIMITY,1
EVT:TURBULENCE_ENCOUNTER,CAUSES,EVT:LOSS_OF_CONTROL_GROUND,17
EVT:TURBULENCE_ENCOUNTER,CONTRIBUTES_TO,EVT:LOSS_OF_CONTROL_GROUND,3
EVT:TURBULENCE_ENCOUNTER,RESPONDS_TO,EVT:SUCCESSFUL_RECOVERY,3
EVT:TURBULENCE_ENCOUNTER,CAUSES,EVT:SUCCESSFUL_RECOVERY,5
EVT:TURBULENCE_ENCOUNTER,CONCURRENT,EVT:SUCCESSFUL_RECOVERY,1
EVT:TURBULENCE_ENCOUNTER,UNDER_CONDITION,COND:wake_vortex,1
EVT:TURBULENCE_ENCOUNTER,CONTRIBUTES_TO,EVT:RUNWAY_EXCURSION_OR_OVERRUN,2
EVT:TURBULENCE_ENCOUNTER,CAUSES,EVT:RUNWAY_EXCURSION_OR_OVERRUN,3
EVT:TURBULENCE_ENCOUNTER,CAUSES,EVT:FUEL_SYSTEM_ANOMALY,1
EVT:TURBULENCE_ENCOUNTER,TRIGGERS,EVT:FUEL_SYSTEM_ANOMALY,1
EVT:TURBULENCE_ENCOUNTER,CAUSES,EVT:WIND_SHEAR_OR_GUST,3
EVT:TURBULENCE_ENCOUNTER,CONCURRENT,EVT:WIND_SHEAR_OR_GUST,1
EVT:TURBULENCE_ENCOUNTER,CAUSES,EVT:ICING_ENCOUNTER,1
EVT:TURBULENCE_ENCOUNTER,TRIGGERS,EVT:PROCEDURE_FOLLOWED,1
EVT:TURBULENCE_ENCOUNTER,INDUCED_CONDITION,COND:physiological,1
EVT:TURBULENCE_ENCOUNTER,UNDER_CONDITION,COND:altitude,1
EVT:TURBULENCE_ENCOUNTER,INDUCED_CONDITION,COND:terrain,1
EVT:TURBULENCE_ENCOUNTER,CO_OCCURS,COND:terrain,1
EVT:TURBULENCE_ENCOUNTER,ENABLES,COND:terrain,1
EVT:TURBULENCE_ENCOUNTER,UNDER_CONDITION,COND:terrain,1
EVT:TURBULENCE_ENCOUNTER,CAUSES,EVT:INFLIGHT_BREAKUP,2
EVT:TURBULENCE_ENCOUNTER,TRIGGERS,EVT:INSTRUMENT_OR_AVIONICS_FAILURE,1
EVT:TURBULENCE_ENCOUNTER,CAUSES,EVT:LANDING_GEAR_ANOMALY,1
EVT:TURBULENCE_ENCOUNTER,CAUSES,EVT:PERSONNEL_INJURY,1
EVT:TURBULENCE_ENCOUNTER,TRIGGERS,COND:human_factors,1
EVT:TURBULENCE_ENCOUNTER,MASKED_BY_CONDITION,COND:infrastructure,1
EVT:TURBULENCE_ENCOUNTER,CAUSES,COND:organizational,1
EVT:TURBULENCE_ENCOUNTER,CAUSES,EVT:PERSONAL_INJURY,1
EVT:TURBULENCE_ENCOUNTER,MASKED_BY_CONDITION,COND:information,1
EVT:INFLIGHT_BREAKUP,CAUSES,EVT:GROUND_IMPACT,73
EVT:INFLIGHT_BREAKUP,CAUSES,EVT:INJURY_OR_FATALITY,31
EVT:INFLIGHT_BREAKUP,CONTRIBUTES_TO,EVT:INJURY_OR_FATALITY,1
EVT:INFLIGHT_BREAKUP,CAUSES,EVT:LOSS_OF_CONTROL_INFLIGHT,6
EVT:INFLIGHT_BREAKUP,CAUSES,EVT:ENGINE_FAILURE,4
EVT:INFLIGHT_BREAKUP,CAUSES,EVT:WATER_IMPACT,6
EVT:INFLIGHT_BREAKUP,INDUCED_CONDITION,COND:mechanical,1
EVT:INFLIGHT_BREAKUP,UNDER_CONDITION,COND:mechanical,1
EVT:INFLIGHT_BREAKUP,RESPONDS_TO,EVT:SUCCESSFUL_RECOVERY,2
EVT:INFLIGHT_BREAKUP,TRIGGERS,EVT:SUCCESSFUL_RECOVERY,4
EVT:INFLIGHT_BREAKUP,CAUSES,EVT:SUCCESSFUL_RECOVERY,1
EVT:INFLIGHT_BREAKUP,CAUSES,ENT:aircraft,2
EVT:INFLIGHT_BREAKUP,CAUSES,EVT:AIRFRAME_STRUCTURAL_FAILURE,4
EVT:INFLIGHT_BREAKUP,CAUSES,EVT:EMERGENCY_LANDING,3
EVT:INFLIGHT_BREAKUP,CAUSES,EVT:INFLIGHT_FIRE_OR_SMOKE,2
EVT:INFLIGHT_BREAKUP,TRIGGERS,EVT:PROCEDURE_NOT_FOLLOWED,3
EVT:INFLIGHT_BREAKUP,RESPONDS_TO,EVT:PROCEDURE_NOT_FOLLOWED,1
EVT:INFLIGHT_BREAKUP,TRIGGERS,EVT:DECISION_INAPPROPRIATE,2
EVT:INFLIGHT_BREAKUP,CAUSES,EVT:INFLIGHT_BREAKUP,3
EVT:INFLIGHT_BREAKUP,UNDER_CONDITION,COND:structural,1
EVT:GROUND_PERSONNEL_ERROR,CAUSES,EVT:GROUND_IMPACT,83
EVT:GROUND_PERSONNEL_ERROR,CONTRIBUTES_TO,EVT:GROUND_IMPACT,16
EVT:GROUND_PERSONNEL_ERROR,ENABLES,EVT:GROUND_IMPACT,3
EVT:GROUND_PERSONNEL_ERROR,CONCURRENT,EVT:GROUND_IMPACT,1
EVT:GROUND_PERSONNEL_ERROR,INHIBITS,EVT:GROUND_IMPACT,1
EVT:GROUND_PERSONNEL_ERROR,CAUSES,EVT:GROUND_COLLISION,17
EVT:GROUND_PERSONNEL_ERROR,CONCURRENT,EVT:GROUND_COLLISION,1
EVT:GROUND_PERSONNEL_ERROR,CONTRIBUTES_TO,EVT:GROUND_COLLISION,3
EVT:GROUND_PERSONNEL_ERROR,UNDER_CONDITION,COND:weather,6
EVT:GROUND_PERSONNEL_ERROR,INDUCED_CONDITION,COND:weather,1
EVT:GROUND_PERSONNEL_ERROR,INDUCED_CONDITION,COND:mechanical,26
EVT:GROUND_PERSONNEL_ERROR,CAUSES,COND:mechanical,58
EVT:GROUND_PERSONNEL_ERROR,UNDER_CONDITION,COND:mechanical,9
EVT:GROUND_PERSONNEL_ERROR,CONTRIBUTES_TO,COND:mechanical,2
EVT:GROUND_PERSONNEL_ERROR,TRIGGERS,EVT:CONTROL_INPUT_IMPROPER,13
EVT:GROUND_PERSONNEL_ERROR,CAUSES,EVT:CONTROL_INPUT_IMPROPER,5
EVT:GROUND_PERSONNEL_ERROR,CONTRIBUTES_TO,EVT:CONTROL_INPUT_IMPROPER,5
EVT:GROUND_PERSONNEL_ERROR,RESPONDS_TO,EVT:CONTROL_INPUT_IMPROPER,3
EVT:GROUND_PERSONNEL_ERROR,CONTRIBUTES_TO,EVT:DECISION_INAPPROPRIATE,3
EVT:GROUND_PERSONNEL_ERROR,ENABLES,EVT:DECISION_INAPPROPRIATE,1
EVT:GROUND_PERSONNEL_ERROR,TRIGGERS,EVT:DECISION_INAPPROPRIATE,8
EVT:GROUND_PERSONNEL_ERROR,CAUSES,EVT:DECISION_INAPPROPRIATE,4
EVT:GROUND_PERSONNEL_ERROR,INHIBITS,EVT:DECISION_INAPPROPRIATE,2
EVT:GROUND_PERSONNEL_ERROR,CAUSES,EVT:PERCEPTION_FAILURE,18
EVT:GROUND_PERSONNEL_ERROR,RESPONDS_TO,EVT:PERCEPTION_FAILURE,2
EVT:GROUND_PERSONNEL_ERROR,CONTRIBUTES_TO,EVT:PERCEPTION_FAILURE,7
EVT:GROUND_PERSONNEL_ERROR,CO_OCCURS,EVT:PERCEPTION_FAILURE,1
EVT:GROUND_PERSONNEL_ERROR,INHIBITS,EVT:PERCEPTION_FAILURE,1
EVT:GROUND_PERSONNEL_ERROR,TRIGGERS,EVT:PERCEPTION_FAILURE,2
EVT:GROUND_PERSONNEL_ERROR,PREVENTS,EVT:PERCEPTION_FAILURE,1
EVT:GROUND_PERSONNEL_ERROR,UNDER_CONDITION,COND:environmental,27
EVT:GROUND_PERSONNEL_ERROR,CAUSES,COND:environmental,25
EVT:GROUND_PERSONNEL_ERROR,INDUCED_CONDITION,COND:environmental,14
EVT:GROUND_PERSONNEL_ERROR,CO_OCCURS,COND:environmental,2
EVT:GROUND_PERSONNEL_ERROR,MASKED_BY_CONDITION,COND:environmental,1
EVT:GROUND_PERSONNEL_ERROR,CAUSES,EVT:LOSS_OF_CONTROL_GROUND,5
EVT:GROUND_PERSONNEL_ERROR,ENABLES,EVT:LOSS_OF_CONTROL_GROUND,1
EVT:GROUND_PERSONNEL_ERROR,CONTRIBUTES_TO,EVT:LOSS_OF_CONTROL_GROUND,2
EVT:GROUND_PERSONNEL_ERROR,CONCURRENT,EVT:LOSS_OF_CONTROL_GROUND,1
EVT:GROUND_PERSONNEL_ERROR,TRIGGERS,EVT:LOSS_OF_CONTROL_GROUND,1
EVT:GROUND_PERSONNEL_ERROR,CAUSES,EVT:INJURY_OR_FATALITY,17
EVT:GROUND_PERSONNEL_ERROR,TRIGGERS,EVT:PROCEDURE_NOT_FOLLOWED,5
EVT:GROUND_PERSONNEL_ERROR,RESPONDS_TO,EVT:PROCEDURE_NOT_FOLLOWED,2
EVT:GROUND_PERSONNEL_ERROR,CONCURRENT,EVT:PROCEDURE_NOT_FOLLOWED,2
EVT:GROUND_PERSONNEL_ERROR,PREVENTS,EVT:PROCEDURE_NOT_FOLLOWED,1
EVT:GROUND_PERSONNEL_ERROR,CONTRIBUTES_TO,EVT:PROCEDURE_NOT_FOLLOWED,3
EVT:GROUND_PERSONNEL_ERROR,CAUSES,EVT:PROCEDURE_NOT_FOLLOWED,1
EVT:GROUND_PERSONNEL_ERROR,CAUSES,EVT:GROUND_PERSONNEL_ERROR,24
EVT:GROUND_PERSONNEL_ERROR,CONTRIBUTES_TO,EVT:GROUND_PERSONNEL_ERROR,3
EVT:GROUND_PERSONNEL_ERROR,PRECEDES,EVT:GROUND_PERSONNEL_ERROR,2
EVT:GROUND_PERSONNEL_ERROR,CONCURRENT,EVT:GROUND_PERSONNEL_ERROR,3
EVT:GROUND_PERSONNEL_ERROR,TRIGGERS,EVT:GROUND_PERSONNEL_ERROR,2
EVT:GROUND_PERSONNEL_ERROR,CAUSES,EVT:AIRFRAME_STRUCTURAL_FAILURE,4
EVT:GROUND_PERSONNEL_ERROR,CONTRIBUTES_TO,EVT:AIRFRAME_STRUCTURAL_FAILURE,1
EVT:GROUND_PERSONNEL_ERROR,CAUSES,EVT:FUEL_SYSTEM_ANOMALY,2
EVT:GROUND_PERSONNEL_ERROR,CONTRIBUTES_TO,EVT:FUEL_SYSTEM_ANOMALY,1
EVT:GROUND_PERSONNEL_ERROR,CAUSES,COND:unknown,1
EVT:GROUND_PERSONNEL_ERROR,MASKED_BY_CONDITION,COND:unknown,1
EVT:GROUND_PERSONNEL_ERROR,CAUSES,COND:infrastructure,3
EVT:GROUND_PERSONNEL_ERROR,CAUSES,COND:information,4
EVT:GROUND_PERSONNEL_ERROR,MASKED_BY_CONDITION,COND:information,1
EVT:GROUND_PERSONNEL_ERROR,CAUSES,COND:organizational,4
EVT:GROUND_PERSONNEL_ERROR,UNDER_CONDITION,COND:organizational,4
EVT:GROUND_PERSONNEL_ERROR,MASKED_BY_CONDITION,COND:organizational,1
EVT:GROUND_PERSONNEL_ERROR,INHIBITS,COND:organizational,1
EVT:GROUND_PERSONNEL_ERROR,INDUCED_CONDITION,COND:organizational,1
EVT:GROUND_PERSONNEL_ERROR,CAUSES,EVT:MIDAIR_COLLISION,3
EVT:GROUND_PERSONNEL_ERROR,CONTRIBUTES_TO,EVT:MIDAIR_COLLISION,2
EVT:GROUND_PERSONNEL_ERROR,CAUSES,EVT:ENGINE_FAILURE,3
EVT:GROUND_PERSONNEL_ERROR,CAUSES,EVT:LANDING_GEAR_ANOMALY,1
EVT:GROUND_PERSONNEL_ERROR,TRIGGERS,EVT:LANDING_GEAR_ANOMALY,1
EVT:GROUND_PERSONNEL_ERROR,ENABLES,COND:procedural,1
EVT:GROUND_PERSONNEL_ERROR,CAUSES,COND:procedural,3
EVT:GROUND_PERSONNEL_ERROR,UNDER_CONDITION,COND:procedural,1
EVT:GROUND_PERSONNEL_ERROR,UNDER_CONDITION,ENT:location,1
EVT:GROUND_PERSONNEL_ERROR,CAUSES,EVT:BIRD_OR_WILDLIFE_STRIKE,5
EVT:GROUND_PERSONNEL_ERROR,ENABLES,EVT:BIRD_OR_WILDLIFE_STRIKE,1
EVT:GROUND_PERSONNEL_ERROR,CONTRIBUTES_TO,EVT:BIRD_OR_WILDLIFE_STRIKE,1
EVT:GROUND_PERSONNEL_ERROR,INHIBITS,EVT:WIND_SHEAR_OR_GUST,1
EVT:GROUND_PERSONNEL_ERROR,CAUSES,EVT:WIND_SHEAR_OR_GUST,1
EVT:GROUND_PERSONNEL_ERROR,CAUSES,EVT:TERRAIN_OR_OBSTACLE_PROXIMITY,3
EVT:GROUND_PERSONNEL_ERROR,CONTRIBUTES_TO,EVT:TERRAIN_OR_OBSTACLE_PROXIMITY,1
EVT:GROUND_PERSONNEL_ERROR,UNDER_CONDITION,COND:other,1
EVT:GROUND_PERSONNEL_ERROR,CAUSES,COND:other,1
EVT:GROUND_PERSONNEL_ERROR,AFFECTED,ENT:aircraft,1
EVT:GROUND_PERSONNEL_ERROR,CAUSES,ENT:aircraft,1
EVT:GROUND_PERSONNEL_ERROR,CAUSES,EVT:CONTROL_SURFACE_ANOMALY,6
EVT:GROUND_PERSONNEL_ERROR,TRIGGERS,EVT:CONTROL_SURFACE_ANOMALY,1
EVT:GROUND_PERSONNEL_ERROR,CONCURRENT,EVT:CONTROL_SURFACE_ANOMALY,1
EVT:GROUND_PERSONNEL_ERROR,AFFECTS,ENT:component,1
EVT:GROUND_PERSONNEL_ERROR,AFFECTED_BY,ENT:component,1
EVT:GROUND_PERSONNEL_ERROR,INDUCED_CONDITION,COND:physical,2
EVT:GROUND_PERSONNEL_ERROR,CAUSES,COND:physical,2
EVT:GROUND_PERSONNEL_ERROR,RESPONDS_TO,EVT:ATC_OR_DISPATCH_INADEQUATE,1
EVT:GROUND_PERSONNEL_ERROR,CAUSES,COND:environmental_hazard,1
EVT:GROUND_PERSONNEL_ERROR,INDUCED_CONDITION,COND:spatial,1
EVT:GROUND_PERSONNEL_ERROR,CAUSES,COND:spatial,4
EVT:GROUND_PERSONNEL_ERROR,UNDER_CONDITION,COND:spatial,1
EVT:GROUND_PERSONNEL_ERROR,INDUCED_CONDITION,COND:human_factor,3
EVT:GROUND_PERSONNEL_ERROR,ENABLES,COND:human_factor,1
EVT:GROUND_PERSONNEL_ERROR,CAUSES,COND:physical_damage,1
EVT:GROUND_PERSONNEL_ERROR,INHIBITS,COND:regulatory,1
EVT:GROUND_PERSONNEL_ERROR,CAUSES,EVT:RUNWAY_EXCURSION_OR_OVERRUN,2
EVT:GROUND_PERSONNEL_ERROR,INDUCED_CONDITION,COND:security,1
EVT:GROUND_PERSONNEL_ERROR,CONTRIBUTES_TO,EVT:PILOT_INCAPACITATION_OR_IMPAIRMENT,1
EVT:GROUND_PERSONNEL_ERROR,INDUCED_CONDITION,COND:knowledge,1
EVT:GROUND_PERSONNEL_ERROR,CAUSES,COND:operational,2
EVT:GROUND_PERSONNEL_ERROR,UNDER_CONDITION,COND:operational,1
EVT:GROUND_PERSONNEL_ERROR,CAUSES,EVT:EMERGENCY_LANDING,1
EVT:GROUND_PERSONNEL_ERROR,TRIGGERS,EVT:INFLIGHT_FIRE_OR_SMOKE,1
EVT:GROUND_PERSONNEL_ERROR,CAUSES,EVT:INFLIGHT_FIRE_OR_SMOKE,3
EVT:GROUND_PERSONNEL_ERROR,CAUSES,COND:latent,1
EVT:GROUND_PERSONNEL_ERROR,CAUSES,ENT:equipment,2
EVT:GROUND_PERSONNEL_ERROR,UNDER_CONDITION,COND:human_factors,1
EVT:GROUND_PERSONNEL_ERROR,CAUSES,COND:situational_awareness,1
EVT:GROUND_PERSONNEL_ERROR,CAUSES,EVT:ALTITUDE_DEVIATION_UNCONTROLLED,1
EVT:GROUND_PERSONNEL_ERROR,CONTRIBUTES_TO,EVT:STALL,1
EVT:GROUND_PERSONNEL_ERROR,CAUSES,EVT:STALL,1
EVT:GROUND_PERSONNEL_ERROR,RESPONDS_TO,ENT:person,1
EVT:GROUND_PERSONNEL_ERROR,CAUSES,COND:positioning,1
EVT:GROUND_PERSONNEL_ERROR,CAUSES,EVT:GROUND_DAMAGE,2
EVT:GROUND_PERSONNEL_ERROR,CAUSES,EVT:STRUCTURAL_OVERLOAD,1
EVT:GROUND_PERSONNEL_ERROR,INDUCED_CONDITION,COND:communication,1
EVT:GROUND_PERSONNEL_ERROR,CAUSES,COND:maintenance,1
EVT:GROUND_PERSONNEL_ERROR,CAUSES,COND:resource,1
EVT:GROUND_PERSONNEL_ERROR,CAUSES,COND:structural,1
EVT:GROUND_PERSONNEL_ERROR,CONTRIBUTES_TO,EVT:LOSS_OF_CONTROL_INFLIGHT,1
EVT:GROUND_PERSONNEL_ERROR,ENABLES,EVT:LOSS_OF_CONTROL_INFLIGHT,1
EVT:GROUND_PERSONNEL_ERROR,INDUCED_CONDITION,COND:perceptual,1
EVT:AUTOMATION_ANOMALY,CONTRIBUTES_TO,EVT:CONTROL_INPUT_IMPROPER,1
EVT:AUTOMATION_ANOMALY,TRIGGERS,EVT:CONTROL_INPUT_IMPROPER,2
EVT:AUTOMATION_ANOMALY,RESPONDS_TO,EVT:CONTROL_INPUT_IMPROPER,5
EVT:AUTOMATION_ANOMALY,CAUSES,EVT:CONTROL_INPUT_IMPROPER,2
EVT:AUTOMATION_ANOMALY,CAUSES,EVT:LOSS_OF_CONTROL_INFLIGHT,11
EVT:AUTOMATION_ANOMALY,INHIBITS,EVT:PROCEDURE_NOT_FOLLOWED,1
EVT:AUTOMATION_ANOMALY,RESPONDS_TO,EVT:PROCEDURE_NOT_FOLLOWED,5
EVT:AUTOMATION_ANOMALY,CONTRIBUTES_TO,EVT:PROCEDURE_NOT_FOLLOWED,1
EVT:AUTOMATION_ANOMALY,TRIGGERS,EVT:PROCEDURE_NOT_FOLLOWED,1
EVT:AUTOMATION_ANOMALY,TRIGGERS,EVT:PERCEPTION_FAILURE,1
EVT:AUTOMATION_ANOMALY,CAUSES,EVT:CONTROL_SURFACE_ANOMALY,3
EVT:AUTOMATION_ANOMALY,INDUCED_CONDITION,COND:mechanical,11
EVT:AUTOMATION_ANOMALY,UNDER_CONDITION,COND:mechanical,7
EVT:AUTOMATION_ANOMALY,CAUSES,COND:mechanical,7
EVT:AUTOMATION_ANOMALY,CAUSES,EVT:DECISION_INAPPROPRIATE,2
EVT:AUTOMATION_ANOMALY,CONTRIBUTES_TO,EVT:GROUND_IMPACT,4
EVT:AUTOMATION_ANOMALY,CAUSES,EVT:GROUND_IMPACT,4
EVT:AUTOMATION_ANOMALY,CONTRIBUTES_TO,EVT:LOSS_OF_CONTROL_GROUND,1
EVT:AUTOMATION_ANOMALY,CAUSES,EVT:LOSS_OF_CONTROL_GROUND,1
EVT:AUTOMATION_ANOMALY,CONTRIBUTES_TO,EVT:STALL,1
EVT:AUTOMATION_ANOMALY,CAUSES,EVT:STALL,2
EVT:AUTOMATION_ANOMALY,INDUCED_CONDITION,COND:system,1
EVT:AUTOMATION_ANOMALY,CAUSES,EVT:ENGINE_FAILURE,1
EVT:AUTOMATION_ANOMALY,CAUSES,EVT:ALTITUDE_DEVIATION_UNCONTROLLED,2
EVT:AUTOMATION_ANOMALY,CONTRIBUTES_TO,EVT:ALTITUDE_DEVIATION_UNCONTROLLED,1
EVT:AUTOMATION_ANOMALY,CAUSES,EVT:FUEL_SYSTEM_ANOMALY,1
EVT:AUTOMATION_ANOMALY,CAUSES,EVT:RUNWAY_EXCURSION_OR_OVERRUN,1
EVT:AUTOMATION_ANOMALY,CONTRIBUTES_TO,EVT:RUNWAY_EXCURSION_OR_OVERRUN,1
EVT:AUTOMATION_ANOMALY,TRIGGERS,EVT:INSTRUMENT_OR_AVIONICS_FAILURE,1
EVT:AUTOMATION_ANOMALY,CONCURRENT,EVT:INSTRUMENT_OR_AVIONICS_FAILURE,1
EVT:AUTOMATION_ANOMALY,RESPONDS_TO,EVT:SUCCESSFUL_RECOVERY,1
EVT:AUTOMATION_ANOMALY,UNDER_CONDITION,COND:weather,1
EVT:AUTOMATION_ANOMALY,TRIGGERS,COND:human_factors,1
EVT:AUTOMATION_ANOMALY,CAUSES,EVT:EMERGENCY_LANDING,2
EVT:AUTOMATION_ANOMALY,TRIGGERS,EVT:PILOT_INCAPACITATION_OR_IMPAIRMENT,1
EVT:AUTOMATION_ANOMALY,CAUSES,EVT:GROUND_PERSONNEL_ERROR,1
EVT:AUTOMATION_ANOMALY,CAUSES,EVT:TOW_CABLE_RELEASE,1
EVT:GROUND_COLLISION,CAUSES,EVT:GROUND_COLLISION,9
EVT:GROUND_COLLISION,CONCURRENT,EVT:GROUND_COLLISION,4
EVT:GROUND_COLLISION,PRECEDES,EVT:GROUND_COLLISION,1
EVT:GROUND_COLLISION,CAUSES,EVT:GROUND_IMPACT,25
EVT:GROUND_COLLISION,CONTRIBUTES_TO,EVT:GROUND_IMPACT,1
EVT:GROUND_COLLISION,AFFECTS,ENT:aircraft,14
EVT:GROUND_COLLISION,CAUSES,ENT:aircraft,1
EVT:GROUND_COLLISION,CAUSES,EVT:GROUND_DAMAGE,15
EVT:GROUND_COLLISION,UNDER_CONDITION,ENT:object,1
EVT:GROUND_COLLISION,AFFECTED_BY,ENT:object,1
EVT:GROUND_COLLISION,UNDER_CONDITION,COND:weather,1
EVT:GROUND_COLLISION,CAUSES,EVT:LANDING_GEAR_ANOMALY,1
EVT:GROUND_COLLISION,CAUSES,EVT:INJURY_OR_FATALITY,6
EVT:GROUND_COLLISION,UNDER_CONDITION,ENT:location,1
EVT:GROUND_COLLISION,CO_OCCURS,ENT:location,1
EVT:GROUND_COLLISION,CAUSES,EVT:RUNWAY_EXCURSION_OR_OVERRUN,3
EVT:GROUND_COLLISION,CAUSES,EVT:AIRFRAME_STRUCTURAL_FAILURE,7
EVT:GROUND_COLLISION,UNDER_CONDITION,COND:environmental,5
EVT:GROUND_COLLISION,CAUSES,EVT:ENGINE_FAILURE,1
EVT:GROUND_COLLISION,CAUSES,EVT:EMERGENCY_LANDING,1
EVT:GROUND_COLLISION,UNDER_CONDITION,COND:terrain,1
EVT:GROUND_COLLISION,UNDER_CONDITION,COND:spatial,2
EVT:GROUND_COLLISION,CAUSES,EVT:LOSS_OF_CONTROL_GROUND,8
EVT:GROUND_COLLISION,TRIGGERS,EVT:LOSS_OF_CONTROL_GROUND,1
EVT:GROUND_COLLISION,AFFECTS,ENT:vehicle,2
EVT:GROUND_COLLISION,CAUSES,EVT:STRUCTURAL_DAMAGE,6
EVT:GROUND_COLLISION,CAUSES,EVT:GROUND_STOP,2
EVT:GROUND_COLLISION,CAUSES,EVT:LOSS_OF_CONTROL_INFLIGHT,3
EVT:GROUND_COLLISION,CONTRIBUTES_TO,COND:design,1
EVT:GROUND_COLLISION,CONTRIBUTES_TO,COND:organizational,1
EVT:GROUND_COLLISION,INDUCED_CONDITION,COND:mechanical,1
EVT:GROUND_COLLISION,RESPONDS_TO,EVT:PROCEDURE_NOT_FOLLOWED,1
EVT:GROUND_COLLISION,CAUSES,EVT:STRUCTURAL_OVERLOAD,1
EVT:GROUND_COLLISION,UNDER_CONDITION,COND:aircraft_configuration,1
EVT:GROUND_COLLISION,RESPONDS_TO,EVT:CONTROL_INPUT_IMPROPER,1
EVT:GROUND_COLLISION,CAUSES,EVT:ROTATION_CONTINUING,1
EVT:TAXIING,CONCURRENT,EVT:PERCEPTION_FAILURE,9
EVT:TAXIING,CAUSES,EVT:PERCEPTION_FAILURE,4
EVT:TAXIING,PRECEDES,EVT:PERCEPTION_FAILURE,5
EVT:TAXIING,TRIGGERS,EVT:PERCEPTION_FAILURE,2
EVT:TAXIING,CONCURRENT,EVT:GROUND_COLLISION,7
EVT:TAXIING,PRECEDES,EVT:GROUND_COLLISION,1
EVT:TAXIING,CO_OCCURS,EVT:GROUND_COLLISION,2
EVT:TAXIING,CONTRIBUTES_TO,EVT:GROUND_COLLISION,1
EVT:TAXIING,CAUSES,EVT:GROUND_COLLISION,2
EVT:TAXIING,ENABLES,EVT:GROUND_COLLISION,2
EVT:TAXIING,TRIGGERS,EVT:CONTROL_INPUT_IMPROPER,6
EVT:TAXIING,PRECEDES,EVT:CONTROL_INPUT_IMPROPER,10
EVT:TAXIING,CONCURRENT,EVT:CONTROL_INPUT_IMPROPER,5
EVT:TAXIING,CAUSES,EVT:CONTROL_INPUT_IMPROPER,1
EVT:TAXIING,ENABLES,EVT:CONTROL_INPUT_IMPROPER,1
EVT:TAXIING,TRIGGERS,EVT:LOSS_OF_CONTROL_GROUND,1
EVT:TAXIING,UNDER_CONDITION,EVT:LOSS_OF_CONTROL_GROUND,1
EVT:TAXIING,CAUSES,EVT:GROUND_PERSONNEL_ERROR,1
EVT:TAXIING,UNDER_CONDITION,ENT:location,2
EVT:TAXIING,CONCURRENT,ENT:location,1
EVT:TAXIING,UNDER_CONDITION,COND:environmental,21
EVT:TAXIING,UNDER_CONDITION,COND:weather,4
EVT:TAXIING,ENABLES,EVT:WIND_SHEAR_OR_GUST,1
EVT:TAXIING,UNDER_CONDITION,EVT:WIND_SHEAR_OR_GUST,3
EVT:TAXIING,PRECEDES,EVT:TAXIING,2
EVT:TAXIING,CO_OCCURS,EVT:TAXIING,1
EVT:TAXIING,CO_OCCURS,EVT:GROUND_VEHICLE_MOVEMENT,1
EVT:TAXIING,CONCURRENT,EVT:TAXIWAY_CONFLICT,1
EVT:TAXIING,CO_OCCURS,COND:spatial,1
EVT:TAXIING,CAUSES,EVT:MIDAIR_COLLISION,2
EVT:TAXIING,ENABLES,EVT:TURBULENCE_ENCOUNTER,1
EVT:TAXIING,CONCURRENT,EVT:TURBULENCE_ENCOUNTER,1
EVT:TAXIING,TRIGGERS,EVT:LANDING_GEAR_ANOMALY,2
EVT:TAXIING,PRECEDES,EVT:DECISION_INAPPROPRIATE,1
EVT:TAXIING,CO_OCCURS,EVT:ENGINE_START,1
EVT:TAXIING,CONTRIBUTES_TO,EVT:GROUND_IMPACT,1
EVT:ATC_DIRECTIVE_ISSUED,RESPONDS_TO,EVT:PROCEDURE_NOT_FOLLOWED,1
EVT:THUNDERSTORM_OR_CONVECTIVE,CAUSES,COND:fuel,1
EVT:THUNDERSTORM_OR_CONVECTIVE,CAUSES,EVT:INFLIGHT_BREAKUP,2
EVT:THUNDERSTORM_OR_CONVECTIVE,UNDER_CONDITION,COND:weather,42
EVT:THUNDERSTORM_OR_CONVECTIVE,INDUCED_CONDITION,COND:weather,9
EVT:THUNDERSTORM_OR_CONVECTIVE,CAUSES,EVT:TURBULENCE_ENCOUNTER,6
EVT:THUNDERSTORM_OR_CONVECTIVE,CAUSES,EVT:LOSS_OF_CONTROL_INFLIGHT,20
EVT:THUNDERSTORM_OR_CONVECTIVE,CONTRIBUTES_TO,EVT:LOSS_OF_CONTROL_INFLIGHT,2
EVT:THUNDERSTORM_OR_CONVECTIVE,CAUSES,EVT:INSTRUMENT_OR_AVIONICS_FAILURE,3
EVT:THUNDERSTORM_OR_CONVECTIVE,CAUSES,EVT:STRUCTURAL_OVERLOAD,7
EVT:THUNDERSTORM_OR_CONVECTIVE,CAUSES,EVT:INFLIGHT_FIRE_OR_SMOKE,1
EVT:THUNDERSTORM_OR_CONVECTIVE,RESPONDS_TO,EVT:DECISION_INAPPROPRIATE,3
EVT:THUNDERSTORM_OR_CONVECTIVE,CONTRIBUTES_TO,EVT:DECISION_INAPPROPRIATE,1
EVT:THUNDERSTORM_OR_CONVECTIVE,CAUSES,EVT:DECISION_INAPPROPRIATE,1
EVT:THUNDERSTORM_OR_CONVECTIVE,CAUSES,EVT:GROUND_IMPACT,3
EVT:THUNDERSTORM_OR_CONVECTIVE,CAUSES,COND:mechanical,3
EVT:THUNDERSTORM_OR_CONVECTIVE,TRIGGERS,EVT:PROCEDURE_NOT_FOLLOWED,2
EVT:THUNDERSTORM_OR_CONVECTIVE,CAUSES,EVT:SPATIAL_DISORIENTATION,2
EVT:THUNDERSTORM_OR_CONVECTIVE,CAUSES,EVT:AIRFRAME_STRUCTURAL_FAILURE,4
EVT:THUNDERSTORM_OR_CONVECTIVE,CAUSES,EVT:ENGINE_FAILURE,1
EVT:THUNDERSTORM_OR_CONVECTIVE,CAUSES,EVT:ALTITUDE_DEVIATION_UNCONTROLLED,1
EVT:THUNDERSTORM_OR_CONVECTIVE,CONTRIBUTES_TO,EVT:CONTROL_INPUT_IMPROPER,2
EVT:THUNDERSTORM_OR_CONVECTIVE,CAUSES,EVT:TERRAIN_OR_OBSTACLE_PROXIMITY,1
EVT:THUNDERSTORM_OR_CONVECTIVE,CAUSES,EVT:EMERGENCY_LANDING,1
EVT:THUNDERSTORM_OR_CONVECTIVE,CAUSES,COND:environmental,1
EVT:TAKEOFF,CAUSES,EVT:LOSS_OF_CONTROL_INFLIGHT,2
EVT:TAKEOFF,TRIGGERS,EVT:LOSS_OF_CONTROL_INFLIGHT,1
EVT:TAKEOFF,PRECEDES,EVT:LOSS_OF_CONTROL_INFLIGHT,4
EVT:TAKEOFF,UNDER_CONDITION,COND:weather,2
EVT:TAKEOFF,CAUSES,COND:weather,1
EVT:TAKEOFF,UNDER_CONDITION,COND:weight,1
EVT:TAKEOFF,PRECEDES,EVT:TURBULENCE_ENCOUNTER,2
EVT:TAKEOFF,CAUSES,EVT:TURBULENCE_ENCOUNTER,1
EVT:TAKEOFF,CONCURRENT,EVT:TURBULENCE_ENCOUNTER,1
EVT:TAKEOFF,TRIGGERS,EVT:ENGINE_FAILURE,3
EVT:TAKEOFF,PRECEDES,EVT:ENGINE_FAILURE,2
EVT:TAKEOFF,PRECEDES,EVT:CONTROL_SURFACE_ANOMALY,1
EVT:TAKEOFF,UNDER_CONDITION,COND:performance,1
EVT:TAKEOFF,UNDER_CONDITION,COND:environmental,3
EVT:TAKEOFF,CAUSES,COND:environmental,1
EVT:TAKEOFF,PRECEDES,EVT:AIRBORNE,1
EVT:TAKEOFF,CONCURRENT,EVT:BIRD_OR_WILDLIFE_STRIKE,1
EVT:TAKEOFF,PRECEDES,EVT:BIRD_OR_WILDLIFE_STRIKE,2
EVT:TAKEOFF,ENABLES,EVT:BIRD_OR_WILDLIFE_STRIKE,1
EVT:TAKEOFF,PRECEDES,EVT:STALL,1
EVT:TAKEOFF,TRIGGERS,EVT:STALL,1
EVT:TAKEOFF,PRECEDES,EVT:WIND_SHEAR_OR_GUST,3
EVT:TAKEOFF,CONCURRENT,EVT:WIND_SHEAR_OR_GUST,2
EVT:TAKEOFF,TRIGGERS,EVT:TERRAIN_OR_OBSTACLE_PROXIMITY,1
EVT:TAKEOFF,TRIGGERS,EVT:LANDING_GEAR_ANOMALY,1
EVT:TAKEOFF,PRECEDES,EVT:LOSS_OF_CONTROL_GROUND,2
EVT:TAKEOFF,CAUSES,COND:aerodynamic,2
EVT:TAKEOFF,PRECEDES,EVT:CONTROL_INPUT_IMPROPER,2
EVT:TAKEOFF,PRECEDES,EVT:DECISION_INAPPROPRIATE,1
EVT:TAKEOFF,CAUSES,EVT:EMERGENCY_LANDING,1
EVT:TAKEOFF,TRIGGERS,EVT:LOW_VISIBILITY_OR_IMC,1
EVT:WAKE_TURBULENCE_ENCOUNTER,INDUCED_CONDITION,COND:weather,2
EVT:WAKE_TURBULENCE_ENCOUNTER,UNDER_CONDITION,COND:weather,1
EVT:WAKE_TURBULENCE_ENCOUNTER,CAUSES,EVT:RUNWAY_EXCURSION_OR_OVERRUN,1
EVT:WAKE_TURBULENCE_ENCOUNTER,CAUSES,EVT:GROUND_IMPACT,1
EVT:WAKE_TURBULENCE_ENCOUNTER,UNDER_CONDITION,COND:environmental,4
EVT:WAKE_TURBULENCE_ENCOUNTER,INDUCED_CONDITION,COND:environmental,1
EVT:WAKE_TURBULENCE_ENCOUNTER,CAUSES,EVT:INJURY_OR_FATALITY,1
EVT:WAKE_TURBULENCE_ENCOUNTER,CAUSES,EVT:LOSS_OF_CONTROL_INFLIGHT,2
EVT:TAXIING_INCIDENT,CAUSES,EVT:GROUND_COLLISION,4
EVT:TAXIING_INCIDENT,UNDER_CONDITION,COND:environmental,1
EVT:TAXIING_INCIDENT,INDUCED_CONDITION,COND:mechanical,1
EVT:DESIGN_DEFECT_LATENT,CAUSES,COND:mechanical,59
EVT:DESIGN_DEFECT_LATENT,INDUCED_CONDITION,COND:mechanical,17
EVT:DESIGN_DEFECT_LATENT,ENABLES,COND:mechanical,1
EVT:DESIGN_DEFECT_LATENT,UNDER_CONDITION,COND:mechanical,4
EVT:DESIGN_DEFECT_LATENT,CAUSES,COND:design,3
EVT:DESIGN_DEFECT_LATENT,RESPONDS_TO,COND:design,1
EVT:DESIGN_DEFECT_LATENT,CAUSES,COND:latent_defect,5
EVT:DESIGN_DEFECT_LATENT,INDUCED_CONDITION,COND:latent_defect,1
EVT:DESIGN_DEFECT_LATENT,CAUSES,ENT:aircraft,1
EVT:DESIGN_DEFECT_LATENT,SUPERVISED_BY,ENT:aircraft,1
EVT:DESIGN_DEFECT_LATENT,CAUSES,ENT:component,2
EVT:DESIGN_DEFECT_LATENT,UNDER_CONDITION,ENT:component,1
EVT:DESIGN_DEFECT_LATENT,AFFECTED_BY,ENT:component,1
EVT:DESIGN_DEFECT_LATENT,CAUSES,EVT:ENGINE_FAILURE,1
EVT:DESIGN_DEFECT_LATENT,CAUSES,EVT:INSTRUMENT_OR_AVIONICS_FAILURE,1
EVT:DESIGN_DEFECT_LATENT,CAUSES,COND:organizational,1
EVT:DESIGN_DEFECT_LATENT,CAUSES,EVT:CONTROL_SURFACE_ANOMALY,2
EVT:DESIGN_DEFECT_LATENT,CONTRIBUTES_TO,EVT:PERCEPTION_FAILURE,1
EVT:DESIGN_DEFECT_LATENT,CAUSES,EVT:AIRFRAME_STRUCTURAL_FAILURE,2
EVT:DESIGN_DEFECT_LATENT,CAUSES,COND:structural,1
EVT:DESIGN_DEFECT_LATENT,CAUSES,EVT:LANDING_GEAR_ANOMALY,1
EVT:DESIGN_DEFECT_LATENT,CAUSES,EVT:FUEL_SYSTEM_ANOMALY,1
EVT:DESIGN_DEFECT_LATENT,CONTRIBUTES_TO,EVT:STALL,1
EVT:DESIGN_DEFECT_LATENT,ENABLES,COND:knowledge,1
EVT:GROUND_VEHICLE_INCURSION,TRIGGERS,EVT:CONTROL_INPUT_IMPROPER,1
EVT:HYDRAULIC_SYSTEM_FAILURE,RESPONDS_TO,EVT:PROCEDURE_NOT_FOLLOWED,1
EVT:HYDRAULIC_SYSTEM_FAILURE,TRIGGERS,EVT:PROCEDURE_NOT_FOLLOWED,3
EVT:HYDRAULIC_SYSTEM_FAILURE,CONTRIBUTES_TO,EVT:PROCEDURE_NOT_FOLLOWED,1
EVT:HYDRAULIC_SYSTEM_FAILURE,CAUSES,EVT:CONTROL_INPUT_IMPROPER,1
EVT:HYDRAULIC_SYSTEM_FAILURE,TRIGGERS,EVT:CONTROL_INPUT_IMPROPER,1
EVT:HYDRAULIC_SYSTEM_FAILURE,CAUSES,EVT:ALTITUDE_DEVIATION_UNCONTROLLED,1
EVT:HYDRAULIC_SYSTEM_FAILURE,UNDER_CONDITION,COND:mechanical,11
EVT:HYDRAULIC_SYSTEM_FAILURE,CAUSES,COND:mechanical,5
EVT:HYDRAULIC_SYSTEM_FAILURE,INDUCED_CONDITION,COND:mechanical,5
EVT:HYDRAULIC_SYSTEM_FAILURE,CAUSES,EVT:CONTROL_SURFACE_ANOMALY,5
EVT:HYDRAULIC_SYSTEM_FAILURE,CAUSES,EVT:LOSS_OF_CONTROL_INFLIGHT,4
EVT:HYDRAULIC_SYSTEM_FAILURE,CAUSES,EVT:INSTRUMENT_OR_AVIONICS_FAILURE,2
EVT:HYDRAULIC_SYSTEM_FAILURE,UNDER_CONDITION,ENT:component,1
EVT:HYDRAULIC_SYSTEM_FAILURE,CAUSES,EVT:INFLIGHT_FIRE_OR_SMOKE,3
EVT:HYDRAULIC_SYSTEM_FAILURE,CAUSES,EVT:LANDING_GEAR_ANOMALY,5
EVT:HYDRAULIC_SYSTEM_FAILURE,RESPONDS_TO,EVT:DECISION_INAPPROPRIATE,3
EVT:HYDRAULIC_SYSTEM_FAILURE,UNDER_CONDITION,ENT:aircraft,1
EVT:HYDRAULIC_SYSTEM_FAILURE,CAUSES,EVT:FLUID_LEAK,1
EVT:HYDRAULIC_SYSTEM_FAILURE,CAUSES,EVT:SYSTEM_PRESSURE_LOSS,1
EVT:HYDRAULIC_SYSTEM_FAILURE,CAUSES,EVT:PERCEPTION_FAILURE,1
EVT:HYDRAULIC_SYSTEM_FAILURE,RESPONDS_TO,EVT:PROCEDURE_FOLLOWED,2
EVT:HYDRAULIC_SYSTEM_FAILURE,CAUSES,EVT:SUCCESSFUL_RECOVERY,1
EVT:HYDRAULIC_SYSTEM_FAILURE,CAUSES,EVT:GROUND_IMPACT,1
EVT:HYDRAULIC_SYSTEM_FAILURE,CAUSES,EVT:FLAP_ANOMALY,1
EVT:HYDRAULIC_SYSTEM_FAILURE,CAUSES,EVT:EMERGENCY_LANDING,1
EVT:HYDRAULIC_SYSTEM_FAILURE,CAUSES,EVT:HYDRAULIC_SYSTEM_FAILURE,1
EVT:ELECTRICAL_SYSTEM_FAILURE,INDUCED_CONDITION,COND:mechanical,8
EVT:ELECTRICAL_SYSTEM_FAILURE,UNDER_CONDITION,COND:mechanical,6
EVT:ELECTRICAL_SYSTEM_FAILURE,CAUSES,COND:mechanical,4
EVT:ELECTRICAL_SYSTEM_FAILURE,TRIGGERS,EVT:PROCEDURE_NOT_FOLLOWED,1
EVT:ELECTRICAL_SYSTEM_FAILURE,RESPONDS_TO,EVT:DECISION_INAPPROPRIATE,1
EVT:ELECTRICAL_SYSTEM_FAILURE,CAUSES,EVT:ENGINE_FAILURE,2
EVT:ELECTRICAL_SYSTEM_FAILURE,CONTRIBUTES_TO,EVT:RUNWAY_EXCURSION_OR_OVERRUN,1
EVT:ELECTRICAL_SYSTEM_FAILURE,CAUSES,EVT:INSTRUMENT_OR_AVIONICS_FAILURE,1
EVT:ELECTRICAL_SYSTEM_FAILURE,TRIGGERS,EVT:CONTROL_INPUT_IMPROPER,1
EVT:ELECTRICAL_SYSTEM_FAILURE,CAUSES,EVT:LANDING_GEAR_ANOMALY,2
EVT:ELECTRICAL_SYSTEM_FAILURE,CAUSES,EVT:ELECTRICAL_SYSTEM_FAILURE,1
EVT:TRAINING_OR_CURRENCY_GAP,CAUSES,EVT:CONTROL_INPUT_IMPROPER,2
EVT:TRAINING_OR_CURRENCY_GAP,CONTRIBUTES_TO,EVT:CONTROL_INPUT_IMPROPER,17
EVT:TRAINING_OR_CURRENCY_GAP,CONTRIBUTES_TO,EVT:GROUND_IMPACT,3
EVT:TRAINING_OR_CURRENCY_GAP,CAUSES,EVT:GROUND_IMPACT,1
EVT:TRAINING_OR_CURRENCY_GAP,CONTRIBUTES_TO,EVT:LOSS_OF_CONTROL_INFLIGHT,6
EVT:TRAINING_OR_CURRENCY_GAP,CAUSES,EVT:LOSS_OF_CONTROL_INFLIGHT,1
EVT:TRAINING_OR_CURRENCY_GAP,CONTRIBUTES_TO,COND:experience,1
EVT:TRAINING_OR_CURRENCY_GAP,CONTRIBUTES_TO,EVT:PROCEDURE_NOT_FOLLOWED,4
EVT:TRAINING_OR_CURRENCY_GAP,CAUSES,COND:human_factors,2
EVT:TRAINING_OR_CURRENCY_GAP,UNDER_CONDITION,COND:human_factors,1
EVT:TRAINING_OR_CURRENCY_GAP,INDUCED_CONDITION,COND:human_factors,1
EVT:TRAINING_OR_CURRENCY_GAP,CAUSES,COND:organizational,4
EVT:TRAINING_OR_CURRENCY_GAP,CONTRIBUTES_TO,EVT:DECISION_INAPPROPRIATE,4
EVT:TRAINING_OR_CURRENCY_GAP,CAUSES,EVT:DECISION_INAPPROPRIATE,1
EVT:TRAINING_OR_CURRENCY_GAP,CAUSES,COND:regulatory_non_compliance,1
EVT:TRAINING_OR_CURRENCY_GAP,CONTRIBUTES_TO,EVT:PERCEPTION_FAILURE,2
EVT:TRAINING_OR_CURRENCY_GAP,CAUSES,COND:knowledge,4
EVT:TRAINING_OR_CURRENCY_GAP,CONTRIBUTES_TO,EVT:STALL,1
EVT:TRAINING_OR_CURRENCY_GAP,CAUSES,COND:latent_defect,1
EVT:TRAINING_OR_CURRENCY_GAP,INDUCED_CONDITION,COND:latent_defect,1
EVT:TRAINING_OR_CURRENCY_GAP,CONTRIBUTES_TO,EVT:PILOT_INCAPACITATION_OR_IMPAIRMENT,1
EVT:TRAINING_OR_CURRENCY_GAP,CONTEXT,COND:human_factor,1
EVT:TRAINING_OR_CURRENCY_GAP,CAUSES,COND:human_factor,2
EVT:TRAINING_OR_CURRENCY_GAP,INDUCED_CONDITION,COND:human_factor,1
EVT:TRAINING_OR_CURRENCY_GAP,UNDER_CONDITION,COND:operational,2
EVT:TRAINING_OR_CURRENCY_GAP,INDUCED_CONDITION,COND:operational,1
EVT:TRAINING_OR_CURRENCY_GAP,CAUSES,EVT:LOSS_OF_CONTROL_GROUND,1
EVT:TRAINING_OR_CURRENCY_GAP,CONTRIBUTES_TO,EVT:LOSS_OF_CONTROL_GROUND,3
EVT:TRAINING_OR_CURRENCY_GAP,CONTRIBUTES_TO,COND:mechanical,1
EVT:TRAINING_OR_CURRENCY_GAP,INDUCED_CONDITION,COND:mechanical,1
EVT:TRAINING_OR_CURRENCY_GAP,MASKED_BY_CONDITION,COND:mechanical,1
EVT:TRAINING_OR_CURRENCY_GAP,CAUSES,COND:weather,1
EVT:TRAINING_OR_CURRENCY_GAP,CONTRIBUTES_TO,EVT:CREW_COORDINATION_FAILURE,1
EVT:TRAINING_OR_CURRENCY_GAP,CAUSES,COND:physiological,1
EVT:TRAINING_OR_CURRENCY_GAP,INDUCED_CONDITION,COND:pharmacological,1
EVT:TRAINING_OR_CURRENCY_GAP,CAUSES,COND:training,2
EVT:TRAINING_OR_CURRENCY_GAP,CONTRIBUTES_TO,EVT:GROUND_PERSONNEL_ERROR,1
EVT:TRAINING_OR_CURRENCY_GAP,UNDER_CONDITION,COND:regulatory,1
EVT:BRAKE_ANOMALY,CAUSES,EVT:RUNWAY_EXCURSION_OR_OVERRUN,2
EVT:BRAKE_ANOMALY,CONTRIBUTES_TO,EVT:RUNWAY_EXCURSION_OR_OVERRUN,2
EVT:BRAKE_ANOMALY,CAUSES,EVT:LOSS_OF_CONTROL_GROUND,9
EVT:BRAKE_ANOMALY,CAUSES,EVT:GROUND_IMPACT,2
EVT:BRAKE_ANOMALY,CONTRIBUTES_TO,EVT:GROUND_IMPACT,1
EVT:BRAKE_ANOMALY,UNDER_CONDITION,COND:mechanical,5
EVT:BRAKE_ANOMALY,CAUSES,EVT:CONTROL_INPUT_IMPROPER,1
EVT:BRAKE_ANOMALY,RESPONDS_TO,EVT:CONTROL_INPUT_IMPROPER,1
EVT:BRAKE_ANOMALY,RESPONDS_TO,EVT:DECISION_INAPPROPRIATE,1
EVT:BRAKE_ANOMALY,CONTRIBUTES_TO,EVT:GROUND_LOOP,1
EVT:BRAKE_FAILURE,CAUSES,EVT:LOSS_OF_CONTROL_GROUND,8
EVT:BRAKE_FAILURE,UNDER_CONDITION,COND:mechanical,13
EVT:BRAKE_FAILURE,INDUCED_CONDITION,COND:mechanical,1
EVT:BRAKE_FAILURE,CAUSES,COND:mechanical,1
EVT:BRAKE_FAILURE,RESPONDS_TO,EVT:CONTROL_INPUT_IMPROPER,4
EVT:BRAKE_FAILURE,TRIGGERS,EVT:CONTROL_INPUT_IMPROPER,2
EVT:BRAKE_FAILURE,CAUSES,EVT:RUNWAY_EXCURSION_OR_OVERRUN,13
EVT:BRAKE_FAILURE,CAUSES,EVT:GROUND_COLLISION,2
EVT:BRAKE_FAILURE,TRIGGERS,EVT:DECISION_INAPPROPRIATE,3
EVT:BRAKE_FAILURE,RESPONDS_TO,EVT:DECISION_INAPPROPRIATE,2
EVT:BRAKE_FAILURE,UNDER_CONDITION,COND:environmental,1
EVT:BRAKE_FAILURE,CAUSES,EVT:GROUND_IMPACT,3
EVT:BRAKE_FAILURE,CAUSES,EVT:GROUND_LOOP,1
EVT:BRAKE_FAILURE,CAUSES,EVT:LOSS_OF_DIRECTIONAL_CONTROL,2
EVT:BRAKE_FAILURE,CAUSES,EVT:INFLIGHT_FIRE_OR_SMOKE,1
EVT:PROCEDURE_FOLLOWED,PREVENTS,COND:human_factor,4
EVT:PROCEDURE_FOLLOWED,CAUSES,EVT:SUCCESSFUL_RECOVERY,8
EVT:PROCEDURE_FOLLOWED,CONTRIBUTES_TO,EVT:SUCCESSFUL_RECOVERY,1
EVT:PROCEDURE_FOLLOWED,ENABLES,EVT:SUCCESSFUL_RECOVERY,1
EVT:PROCEDURE_FOLLOWED,CAUSES,EVT:INJURY_OR_FATALITY,1
EVT:PROCEDURE_FOLLOWED,CONCURRENT,EVT:PROCEDURE_FOLLOWED,1
EVT:PROCEDURE_FOLLOWED,PRECEDES,EVT:PROCEDURE_FOLLOWED,1
EVT:PROCEDURE_FOLLOWED,CAUSES,EVT:PROCEDURE_FOLLOWED,1
EVT:PROCEDURE_FOLLOWED,CAUSES,EVT:EMERGENCY_LANDING,7
EVT:PROCEDURE_FOLLOWED,CONTRIBUTES_TO,EVT:EMERGENCY_LANDING,1
EVT:PROCEDURE_FOLLOWED,ENABLES,EVT:EMERGENCY_LANDING,2
EVT:PROCEDURE_FOLLOWED,MITIGATES,EVT:EMERGENCY_LANDING,1
EVT:PROCEDURE_FOLLOWED,CONTRIBUTES_TO,EVT:PERCEPTION_FAILURE,1
EVT:PROCEDURE_FOLLOWED,RESPONDS_TO,EVT:ATC_OR_DISPATCH_INADEQUATE,1
EVT:PROCEDURE_FOLLOWED,INDUCED_CONDITION,COND:mechanical,1
EVT:PROCEDURE_FOLLOWED,CAUSES,COND:mechanical,1
EVT:PROCEDURE_FOLLOWED,CONCURRENT,EVT:MIDAIR_COLLISION,1
EVT:PROCEDURE_FOLLOWED,RESPONDS_TO,EVT:PROCEDURE_NOT_FOLLOWED,1
EVT:PROCEDURE_FOLLOWED,PRECEDES,EVT:PROCEDURE_NOT_FOLLOWED,1
EVT:PROCEDURE_FOLLOWED,CAUSES,EVT:GROUND_IMPACT,2
EVT:PROCEDURE_FOLLOWED,CONCURRENT,EVT:GROUND_IMPACT,2
EVT:PROCEDURE_FOLLOWED,CONTRIBUTES_TO,EVT:GROUND_IMPACT,2
EVT:PROCEDURE_FOLLOWED,ENABLES,EVT:GROUND_COLLISION,1
EVT:PROCEDURE_FOLLOWED,CONCURRENT,EVT:GROUND_COLLISION,1
EVT:PROCEDURE_FOLLOWED,CAUSES,EVT:LANDING_GEAR_ANOMALY,1
EVT:PROCEDURE_FOLLOWED,PREVENTS,COND:operational,1
EVT:PROCEDURE_FOLLOWED,PRECEDES,EVT:TURBULENCE_ENCOUNTER,1
EVT:PROCEDURE_FOLLOWED,INHIBITS,COND:human_state,1
EVT:LANDING,PRECEDES,EVT:CONTROL_INPUT_IMPROPER,2
EVT:LANDING,TRIGGERS,EVT:CONTROL_INPUT_IMPROPER,2
EVT:LANDING,UNDER_CONDITION,COND:weather,1
EVT:LANDING,UNDER_CONDITION,COND:environmental,3
EVT:LANDING,UNDER_CONDITION,COND:terrain,1
EVT:LANDING,CONCURRENT,EVT:PERCEPTION_FAILURE,1
EVT:LANDING,PRECEDES,EVT:PERCEPTION_FAILURE,1
EVT:LANDING,PRECEDES,EVT:GROUND_IMPACT,1
EVT:LANDING,PRECEDES,EVT:RUNWAY_CONDITION_HAZARD,1
EVT:LANDING,PRECEDES,EVT:PROCEDURE_NOT_FOLLOWED,1
EVT:LANDING,PRECEDES,EVT:TAXI,1
EVT:LANDING,PRECEDES,EVT:LANDING_GEAR_ANOMALY,1
EVT:STRUCTURAL_DAMAGE,CAUSES,EVT:GROUND_IMPACT,1
EVT:BRAKE_SYSTEM_FAILURE,CAUSES,EVT:RUNWAY_EXCURSION_OR_OVERRUN,2
EVT:BRAKE_SYSTEM_FAILURE,CAUSES,EVT:GROUND_LOOP,1
EVT:BRAKE_SYSTEM_FAILURE,CAUSES,EVT:LOSS_OF_CONTROL_GROUND,1
EVT:UNKNOWN_EVENT,CAUSES,EVT:UNKNOWN_EVENT,1
EVT:UNKNOWN_EVENT,CAUSES,EVT:LOSS_OF_CONTROL_INFLIGHT,2
EVT:UNKNOWN_EVENT,CAUSES,EVT:INJURY_OR_FATALITY,1
EVT:UNKNOWN,CONCURRENT,EVT:WATER_IMPACT,1
EVT:UNKNOWN,CAUSES,EVT:INJURY_OR_FATALITY,1
EVT:UNKNOWN,PRECEDES,EVT:UNKNOWN,1
EVT:UNKNOWN,CAUSES,EVT:UNKNOWN,1
EVT:UNKNOWN,UNDER_CONDITION,COND:weather,1
EVT:UNKNOWN,TRIGGERS,EVT:LANDING_GEAR_ANOMALY,1
EVT:UNKNOWN,CAUSES,EVT:GROUND_IMPACT,1
EVT:PROPELLER_FAILURE,CAUSES,EVT:ENGINE_FAILURE,3
EVT:PROPELLER_FAILURE,AFFECTS,ENT:aircraft,2
EVT:PROPELLER_FAILURE,CAUSES,EVT:STRUCTURAL_OVERLOAD,1
EVT:PROPELLER_FAILURE,CAUSES,EVT:EMERGENCY_LANDING,2
EVT:PROPELLER_FAILURE,UNDER_CONDITION,COND:mechanical,1
EVT:PROPELLER_FAILURE,CAUSES,EVT:AIRFRAME_STRUCTURAL_FAILURE,1
EVT:PROPELLER_FAILURE,TRIGGERS,EVT:PROCEDURE_FOLLOWED,1
EVT:PROPELLER_FAILURE,TRIGGERS,EVT:DECISION_INAPPROPRIATE,1
EVT:PROPELLER_FAILURE,CAUSES,EVT:ENGINE_ANOMALY,1
EVT:PROPELLER_FAILURE,CAUSES,EVT:LOSS_OF_CONTROL_INFLIGHT,1
EVT:GROUND_EXCURSION_OR_OVERRUN,UNDER_CONDITION,COND:environmental,4
EVT:GROUND_EXCURSION_OR_OVERRUN,CONCURRENT,EVT:PERCEPTION_FAILURE,1
EVT:GROUND_EXCURSION_OR_OVERRUN,CAUSES,EVT:GROUND_IMPACT,1
EVT:GROUND_MOVEMENT,CAUSES,EVT:PERCEPTION_FAILURE,2
EVT:GROUND_MOVEMENT,CONCURRENT,EVT:PERCEPTION_FAILURE,1
EVT:GROUND_MOVEMENT,PRECEDES,EVT:PERCEPTION_FAILURE,1
EVT:GROUND_MOVEMENT,CAUSES,EVT:MIDAIR_COLLISION,1
EVT:GROUND_MOVEMENT,CAUSES,EVT:GROUND_COLLISION,2
EVT:GROUND_MOVEMENT,PRECEDES,EVT:GROUND_MOVEMENT,1
EVT:GROUND_MOVEMENT,CO_OCCURS,EVT:GROUND_MOVEMENT,1
EVT:GROUND_MOVEMENT,CAUSES,EVT:GROUND_HAZARD,1
EVT:GROUND_MOVEMENT,ENABLES,ENT:location,1
EVT:GROUND_MOVEMENT,UNDER_CONDITION,ENT:location,1
EVT:GROUND_MOVEMENT,UNDER_CONDITION,COND:environmental,2
EVT:GROUND_MOVEMENT,ENABLES,COND:environmental,1
EVT:GROUND_MOVEMENT,CONCURRENT,EVT:TERRAIN_OR_OBSTACLE_PROXIMITY,1
EVT:GROUND_MOVEMENT,CAUSES,EVT:GROUND_IMPACT,1
EVT:GROUND_MOVEMENT,PRECEDES,EVT:CONTROL_INPUT_IMPROPER,1
EVT:PORPOISE,CAUSES,EVT:GROUND_IMPACT,2
EVT:PROPULSION_ANOMALY,CONTRIBUTES_TO,EVT:LOSS_OF_CONTROL_INFLIGHT,1
EVT:PROPULSION_ANOMALY,CAUSES,EVT:LOSS_OF_CONTROL_INFLIGHT,1
EVT:PROPULSION_ANOMALY,CAUSES,EVT:PROPULSION_ANOMALY,1
EVT:PROPULSION_ANOMALY,CAUSES,EVT:ENGINE_FAILURE,1
EVT:APPROACH_TO_LAND,UNDER_CONDITION,COND:visual,1
EVT:GROUND_CONTACT,INDUCED_CONDITION,COND:mechanical,1
EVT:GROUND_CONTACT,TRIGGERS,EVT:PROCEDURE_NOT_FOLLOWED,1
EVT:GROUND_CONTACT,UNDER_CONDITION,COND:environmental,1
EVT:GROUND_CONTACT,CAUSES,EVT:GROUND_CONTACT,1
EVT:GROUND_CONTACT,CAUSES,EVT:AIRFRAME_STRUCTURAL_FAILURE,1
EVT:GROUND_CONTACT,UNDER_CONDITION,COND:terrain,1
EVT:GROUND_CONTACT,TRIGGERS,EVT:EMERGENCY_LANDING,1
EVT:TAXI_OR_TAKEOFF,PRECEDES,EVT:PERCEPTION_FAILURE,1
EVT:TAXI_OR_TAKEOFF,TRIGGERS,EVT:DECISION_INAPPROPRIATE,1
EVT:TAXI_OR_TAKEOFF,TRIGGERS,EVT:LOSS_OF_CONTROL_INFLIGHT,2
EVT:TAXI_OR_TAKEOFF,CONCURRENT,EVT:LOSS_OF_CONTROL_INFLIGHT,1
EVT:TAXI_OR_TAKEOFF,CAUSES,EVT:CONTROL_SURFACE_ANOMALY,1
EVT:TAXI_OR_TAKEOFF,CAUSES,EVT:CONTROL_INPUT_IMPROPER,1
EVT:TAXI_OR_TAKEOFF,PRECEDES,EVT:CONTROL_INPUT_IMPROPER,2
EVT:TAXI_OR_TAKEOFF,CAUSES,EVT:BIRD_OR_WILDLIFE_STRIKE,1
EVT:TAXI_OR_TAKEOFF,PRECEDES,EVT:PROCEDURE_NOT_FOLLOWED,2
EVT:TAXI_OR_TAKEOFF,CAUSES,EVT:LOSS_OF_CONTROL_GROUND,1
EVT:TAXI_OR_TAKEOFF,CAUSES,EVT:TERRAIN_OR_OBSTACLE_PROXIMITY,1
EVT:TIRE_FAILURE,CAUSES,EVT:CONTROL_INPUT_IMPROPER,1
EVT:TIRE_FAILURE,CAUSES,EVT:STRUCTURAL_OVERLOAD,1
EVT:TIRE_FAILURE,UNDER_CONDITION,COND:mechanical,1
EVT:TIRE_FAILURE,CAUSES,EVT:GROUND_IMPACT,1
EVT:TIRE_FAILURE,TRIGGERS,EVT:DECISION_INAPPROPRIATE,1
EVT:TAKEOFF_IMPROPER,CONTRIBUTES_TO,EVT:ENGINE_FAILURE,1
EVT:TAKEOFF_IMPROPER,CAUSES,EVT:CONTROL_INPUT_IMPROPER,1
EVT:TAKEOFF_IMPROPER,CAUSES,EVT:PERFORMANCE_INADEQUATE,1
EVT:TAKEOFF_IMPROPER,CONCURRENT,EVT:TURBULENCE_ENCOUNTER,1
EVT:BRAKING_FAILURE,CAUSES,EVT:RUNWAY_EXCURSION_OR_OVERRUN,1
EVT:DESCENT_UNCONTROLLED,CONCURRENT,EVT:PERCEPTION_FAILURE,1
EVT:DESCENT_BELOW_MINIMA,CAUSES,EVT:TERRAIN_OR_OBSTACLE_PROXIMITY,1
EVT:LANDING_LANDS_LONG,TRIGGERS,EVT:DECISION_INAPPROPRIATE,1
EVT:RESPONDS_TO,INHIBITS,EVT:GROUND_IMPACT,1
EVT:RESPONDS_TO,CONTRIBUTES_TO,EVT:GROUND_IMPACT,2
EVT:RESPONDS_TO,CAUSES,EVT:GROUND_IMPACT,1
EVT:RESPONDS_TO,MITIGATES,EVT:GROUND_IMPACT,1
EVT:RESPONDS_TO,CONTRIBUTES_TO,EVT:RUNWAY_EXCURSION_OR_OVERRUN,1
EVT:RESPONDS_TO,CAUSES,EVT:PILOT_INCAPACITATION_OR_IMPAIRMENT,1
EVT:AIRCRAFT_SYSTEMS,CAUSES,EVT:ALTITUDE_DEVIATION_UNCONTROLLED,1
EVT:TAXIING_OR_TAKEOFF,PRECEDES,EVT:ENGINE_FAILURE,1
EVT:TAXIING_OR_TAKEOFF,CO_OCCURS,EVT:MIDAIR_COLLISION,1
EVT:TAXIING_OR_TAKEOFF,CONCURRENT,EVT:MIDAIR_COLLISION,1
EVT:TAXIING_OR_TAKEOFF,PRECEDES,EVT:LANDING_GEAR_ANOMALY,1
EVT:AERODYNAMIC_STATE,CAUSES,EVT:STALL,1
EVT:AERODYNAMIC_STATE,CONCURRENT,EVT:CONTROL_INPUT_IMPROPER,1
EVT:AERODYNAMIC_STATE,CAUSES,EVT:GROUND_IMPACT,2
EVT:AERODYNAMIC_STATE,TRIGGERS,EVT:DECISION_INAPPROPRIATE,1
EVT:GROUND_VEHICLE_OPERATION,CAUSES,EVT:PERCEPTION_FAILURE,1
EVT:GROUND_VEHICLE_OPERATION,CO_OCCURS,EVT:GROUND_COLLISION,1
EVT:TAKOFF,PRECEDES,EVT:ENGINE_FAILURE,1
EVT:TAKOFF,CAUSES,EVT:ENGINE_FAILURE,1
EVT:CARGO_SHIFTING,CAUSES,EVT:AIRFRAME_STRUCTURAL_FAILURE,1
EVT:GROUND_ROLLOVER,CAUSES,EVT:LOSS_OF_CONTROL_GROUND,1
EVT:GROUND_FIRE,CAUSES,EVT:INJURY_OR_FATALITY,1
EVT:EMERGENCY_SYSTEM_FAILURE,CAUSES,EVT:ENGINE_FAILURE,1
EVT:GROUND_COLLISION_RISK,TRIGGERS,EVT:CONTROL_INPUT_IMPROPER,1
EVT:GROUND_COLLISION_RISK,CAUSES,EVT:GROUND_COLLISION,1
EVT:GROUND_COLLISION_RISK,CONCURRENT,EVT:PROCEDURE_NOT_FOLLOWED,1
EVT:TAXI_INCIDENT,UNDER_CONDITION,COND:environmental,2
EVT:TAXI_INCIDENT,UNDER_CONDITION,COND:mechanical,1
EVT:TAXI_INCIDENT,CAUSES,EVT:GROUND_COLLISION,1
EVT:TAXI_INCIDENT,PRECEDES,EVT:LOSS_OF_CONTROL_GROUND,1
EVT:TAXI_INCIDENT,CONCURRENT,EVT:GROUND_IMPACT,1
EVT:TAXI_INCIDENT,CONCURRENT,EVT:WIND_SHEAR_OR_GUST,1
EVT:GROUND_VEHICLE_INCIDENT,ENABLES,COND:organizational,1
EVT:GROUND_VEHICLE_INCIDENT,CAUSES,EVT:GROUND_COLLISION,2
EVT:GROUND_TAXI,CONCURRENT,EVT:LOSS_OF_CONTROL_GROUND,1
EVT:TCAS_RA_ISSUED,RESPONDS_TO,EVT:PROCEDURE_FOLLOWED,1
EVT:TAKEOFF_PERFORMANCE_INADEQUATE,TRIGGERS,EVT:CONTROL_INPUT_IMPROPER,1
EVT:APPROACH,CO_OCCURS,EVT:MIDAIR_COLLISION,1
EVT:APPROACH,CONCURRENT,EVT:MIDAIR_COLLISION,1
EVT:APPROACH,CAUSES,EVT:GROUND_COLLISION,1
EVT:OUTCOME,CAUSES,EVT:DECISION_INAPPROPRIATE,1
EVT:LIFTOFF,PRECEDES,EVT:LOSS_OF_CONTROL_INFLIGHT,1
EVT:STARTING_ANOMALY,TRIGGERS,EVT:DECISION_INAPPROPRIATE,1
EVT:THRUST_REVERSER_ANOMALY,INDUCED_CONDITION,COND:mechanical,1
EVT:GROUND_OPERATIONS_ANOMALY,INDUCED_CONDITION,COND:environmental,1
EVT:EXTERNAL_OPERATORS,CAUSES,EVT:CONTROL_INPUT_IMPROPER,1
EVT:APPROACH_UNSTABLE,CAUSES,EVT:GROUND_IMPACT,1
EVT:APPROACH_UNSTABLE,TRIGGERS,EVT:DECISION_INAPPROPRIATE,1
EVT:APPROACH_UNSTABLE,CAUSES,EVT:CONTROL_INPUT_IMPROPER,1
EVT:GROUND_LOOP,CAUSES,EVT:GROUND_IMPACT,10
EVT:GROUND_LOOP,UNDER_CONDITION,COND:weather,1
EVT:GROUND_LOOP,CAUSES,EVT:STRUCTURAL_DAMAGE,1
EVT:GROUND_LOOP,CAUSES,EVT:RUNWAY_EXCURSION_OR_OVERRUN,2
EVT:GROUND_LOOP,CAUSES,EVT:FUEL_SYSTEM_ANOMALY,1
EVT:GROUND_LOOP,RESPONDS_TO,EVT:CONTROL_INPUT_IMPROPER,2
EVT:GROUND_LOOP,CAUSES,EVT:AIRFRAME_STRUCTURAL_FAILURE,1
EVT:GROUND_LOOP,RESPONDS_TO,ENT:person,1
EVT:GROUND_LOOP,CAUSES,EVT:STRUCTURAL_OVERLOAD,1
EVT:DESCENT_BELOW_MINIMUMS,CAUSES,EVT:GROUND_IMPACT,2
EVT:DESCENT_BELOW_MINIMUMS,CAUSES,EVT:TERRAIN_OR_OBSTACLE_PROXIMITY,2
EVT:DESCENT_BELOW_MINIMUMS,UNDER_CONDITION,COND:weather,1
EVT:DESCENT_BELOW_MINIMUMS,CAUSES,EVT:DECISION_INAPPROPRIATE,1
EVT:LOSS_OF_PRESSURE,RESPONDS_TO,EVT:CONTROL_INPUT_IMPROPER,1
EVT:COMMUNICATION,INDUCED_CONDITION,COND:attention,1
EVT:GROUND_VEHICLE_MOVEMENT,CAUSES,EVT:PROCEDURE_NOT_FOLLOWED,1
EVT:GROUND_OPERATIONS,CAUSES,COND:environmental,2
EVT:GROUND_OPERATIONS,INDUCED_CONDITION,COND:environmental,1
EVT:GROUND_OPERATIONS,INDUCED_CONDITION,COND:mechanical,1
EVT:GROUND_OPERATIONS,CAUSES,COND:weather,1
EVT:GROUND_OPERATIONS,CAUSES,EVT:GROUND_IMPACT,1
EVT:FLAP_ANOMALY,CAUSES,EVT:CONTROL_INPUT_IMPROPER,1
EVT:FLAP_ANOMALY,CONTRIBUTES_TO,EVT:CONTROL_INPUT_IMPROPER,1
EVT:FLAP_ANOMALY,CONTRIBUTES_TO,EVT:GEAR_UP_LANDING,1
EVT:PASSENGER_INTERFERENCE,CAUSES,EVT:LOSS_OF_CONTROL_INFLIGHT,1
EVT:FLIGHT_CONTROL_ANOMALY,CAUSES,EVT:FLIGHT_CONTROL_ANOMALY,2
EVT:FLIGHT_CONTROL_ANOMALY,CAUSES,COND:aerodynamic,1
EVT:FLIGHT_CONTROL_ANOMALY,CAUSES,EVT:LOSS_OF_CONTROL_INFLIGHT,1
EVT:FLIGHT_CONTROL_ANOMALY,CAUSES,COND:mechanical,1
EVT:FLIGHT_CONTROL_ANOMALY,CAUSES,EVT:PROCEDURE_NOT_FOLLOWED,1
EVT:TURBINE_OR_COMPRESSOR_STALL,CAUSES,EVT:ENGINE_FAILURE,1
EVT:AERODYNAMIC_DEGRADATION,CAUSES,EVT:ALTITUDE_DEVIATION_UNCONTROLLED,1
EVT:GROUND_TAKEOFF,TRIGGERS,EVT:LANDING_GEAR_ANOMALY,1
EVT:GROUND_TAKEOFF,CAUSES,EVT:CONTROL_INPUT_IMPROPER,1
EVT:GROUND_STOP,TRIGGERS,EVT:CONTROL_INPUT_IMPROPER,1
EVT:TAXIWAY_CONFLICT,TRIGGERS,EVT:CONTROL_INPUT_IMPROPER,1
EVT:ENGINE_START,TRIGGERS,EVT:ENGINE_FAILURE,1
EVT:ENGINE_START,INDUCED_CONDITION,COND:environmental,1
EVT:ENGINE_START,CAUSES,COND:environmental,1
EVT:ENGINE_START,TRIGGERS,EVT:ATC_OR_DISPATCH_INADEQUATE,1
EVT:ENGINE_START,ENABLES,COND:organizational,1
EVT:STRUCTURAL_FAILURE,CAUSES,EVT:EJECTION,1
EVT:EJECTION,CAUSES,EVT:INJURY_OR_FATALITY,1
EVT:HYDRAULIC_FAILURE,CONTRIBUTES_TO,EVT:LANDING_GEAR_ANOMALY,1
EVT:BRAKE_OVERHEAT,INDUCED_CONDITION,COND:mechanical,1
EVT:BRAKE_OVERHEAT,TRIGGERS,EVT:PERCEPTION_FAILURE,1
EVT:BRAKE_OVERHEAT,CAUSES,EVT:INFLIGHT_FIRE_OR_SMOKE,1
EVT:DIVERTED_ATTENTION,INDUCED_CONDITION,COND:human_factor,1
EVT:GROUND_TAXIING,UNDER_CONDITION,COND:weather,1
EVT:GROUND_TAXIING,UNDER_CONDITION,COND:mechanical,1
EVT:GROUND_TAXIING,CAUSES,EVT:CONTROL_INPUT_IMPROPER,2
EVT:GROUND_TAXIING,TRIGGERS,EVT:PERCEPTION_FAILURE,1
EVT:GROUND_TAXIING,CONCURRENT,EVT:GROUND_IMPACT,1
EVT:TAIL_ROTOR_FAILURE,CAUSES,EVT:LOSS_OF_CONTROL_INFLIGHT,1
EVT:TAIL_ROTOR_FAILURE,INDUCED_CONDITION,COND:mechanical,1
EVT:PERFORMANCE_INADEQUATE,TRIGGERS,EVT:DECISION_INAPPROPRIATE,1
EVT:PERFORMANCE_INADEQUATE,CAUSES,EVT:DECISION_INAPPROPRIATE,1
EVT:LANDING_IMPROPER,CAUSES,EVT:RUNWAY_EXCURSION_OR_OVERRUN,1
EVT:PROPULSION_FAILURE,TRIGGERS,EVT:CONTROL_INPUT_IMPROPER,1
EVT:EXTERNAL_LOAD_ANOMALY,CAUSES,EVT:BIRD_OR_WILDLIFE_STRIKE,1
EVT:EXTERNAL_LOAD_ANOMALY,TRIGGERS,EVT:PROCEDURE_NOT_FOLLOWED,1
EVT:EXTERNAL_LOAD_ANOMALY,CAUSES,EVT:GROUND_IMPACT,1
EVT:EXTERNAL_LOAD_ANOMALY,CAUSES,EVT:LOSS_OF_CONTROL_INFLIGHT,1
EVT:GROUND_PROXIMITY_WARNING,RESPONDS_TO,EVT:CONTROL_INPUT_IMPROPER,1
EVT:EXTERNAL_OPERATOR_ERROR,CAUSES,EVT:LOSS_OF_CONTROL_INFLIGHT,1
EVT:GROUND_EXCURSION,TRIGGERS,EVT:CONTROL_INPUT_IMPROPER,1
EVT:GROUND_EXCURSION,CAUSES,EVT:GROUND_IMPACT,1
EVT:GROUND_FIRE_OR_SMOKE,CAUSES,EVT:GROUND_IMPACT,1
EVT:GROUND_FIRE_OR_SMOKE,TRIGGERS,EVT:PERCEPTION_FAILURE,1
EVT:LANDING_APPROACH,CONCURRENT,EVT:WIND_SHEAR_OR_GUST,1
EVT:FLAP_OVERSPEED,CONTRIBUTES_TO,EVT:AIRFRAME_STRUCTURAL_FAILURE,1
EVT:LOAD_IMBALANCE_OR_OVERLOAD,CAUSES,EVT:TAKEOFF_IMPROPER,1
EVT:PERSONNEL_VIOLATION,CONTRIBUTES_TO,EVT:CONTROL_INPUT_IMPROPER,1
EVT:LOSS_OF_DIRECTIONAL_CONTROL,CAUSES,EVT:GROUND_LOOP,1
EVT:LOSS_OF_DIRECTIONAL_CONTROL,CAUSES,EVT:RUNWAY_EXCURSION_OR_OVERRUN,1
EVT:TRAFFIC_CONFLICT,RESPONDS_TO,EVT:CONTROL_INPUT_IMPROPER,1
EVT:TRAFFIC_CONFLICT,UNDER_CONDITION,COND:weather,1
EVT:PILOT_INDUCED_OSCILLATION,CAUSES,EVT:LOSS_OF_CONTROL_GROUND,1
EVT:PILOT_INDUCED_OSCILLATION,CAUSES,EVT:AIRFRAME_STRUCTURAL_FAILURE,1
EVT:PILOT_INDUCED_OSCILLATION,CONTRIBUTES_TO,EVT:GROUND_IMPACT,1
EVT:AERODYNAMIC_STATE_CHANGE,CAUSES,EVT:STALL,1
EVT:EXTERNAL_OBJECT_STRIKE,CAUSES,EVT:LOSS_OF_CONTROL_INFLIGHT,1
EVT:TAXIING_ACCIDENT,CAUSES,EVT:CONTROL_INPUT_IMPROPER,1
EVT:TAXIING_ACCIDENT,CAUSES,EVT:CREW_COORDINATION_FAILURE,1
EVT:TAXIING_ACCIDENT,UNDER_CONDITION,COND:weather,1
EVT:GROUND_HAZARD,CAUSES,EVT:GROUND_DAMAGE,1
EVT:TOWING_OPERATION,CAUSES,EVT:ENGINE_FAILURE,1
EVT:TCAS_RESOLUTION_ADVISORY,RESPONDS_TO,EVT:CONTROL_INPUT_IMPROPER,1
EVT:TCAS_RESOLUTION_ADVISORY,TRIGGERS,EVT:CONTROL_INPUT_IMPROPER,1
EVT:TCAS_RESOLUTION_ADVISORY,UNDER_CONDITION,COND:weather,1
EVT:TCAS_RESOLUTION_ADVISORY,RESPONDS_TO,EVT:PROCEDURE_NOT_FOLLOWED,1
EVT:DESCENT,UNDER_CONDITION,COND:environmental,1
EVT:DESCENT,CAUSES,EVT:GROUND_IMPACT,1
EVT:DYNAMIC_ROLLOVER,CAUSES,EVT:GROUND_IMPACT,3
EVT:DYNAMIC_ROLLOVER,UNDER_CONDITION,COND:environmental,1
EVT:DISPATCH_INADEQUATE,CAUSES,COND:information,1
EVT:GROUND_OPERATION,INDUCED_CONDITION,COND:state,1
EVT:RUNWAY_INCURSION,TRIGGERS,EVT:PERCEPTION_FAILURE,1
EVT:RUNWAY_INCURSION,UNDER_CONDITION,COND:procedural,1
EVT:RUNWAY_INCURSION,RESPONDS_TO,EVT:CONTROL_INPUT_IMPROPER,1
EVT:RUNWAY_INCURSION,CAUSES,EVT:GROUND_COLLISION,1
EVT:RUNWAY_INCURSION,CAUSES,EVT:TERRAIN_OR_OBSTACLE_PROXIMITY,1
EVT:RUNWAY_INCURSION,UNDER_CONDITION,COND:environmental,1
EVT:UNLAWFUL_INTERFERENCE,RESPONDS_TO,EVT:CONTROL_INPUT_IMPROPER,1
EVT:UNLAWFUL_INTERFERENCE,CAUSES,EVT:UNLAWFUL_INTERFERENCE,1
EVT:UNLAWFUL_INTERFERENCE,CAUSES,COND:mechanical,1
EVT:COMMUNICATION_FAILURE,CAUSES,COND:organizational,1
EVT:COMMUNICATION_FAILURE,CAUSES,EVT:PERCEPTION_FAILURE,1
EVT:COMMUNICATION_FAILURE,INDUCED_CONDITION,COND:situational_awareness,1
EVT:FLUID_LEAK,CAUSES,EVT:LANDING_GEAR_ANOMALY,1
EVT:TAIL_ROTOR_STRIKE,CAUSES,EVT:AIRFRAME_STRUCTURAL_FAILURE,1
EVT:THREAT_OR_UNLAWFUL_INTERFERENCE,CAUSES,EVT:DECISION_INAPPROPRIATE,1
EVT:LIGHTNING_STRIKE,UNDER_CONDITION,COND:weather,1
EVT:LIGHTNING_STRIKE,CAUSES,EVT:CONTROL_SURFACE_ANOMALY,1
EVT:SYSTEM_PRESSURE_LOSS,TRIGGERS,EVT:PROCEDURE_FOLLOWED,1
EVT:ENGINE_ANOMALY,TRIGGERS,EVT:DECISION_INAPPROPRIATE,1
EVT:WEATHER_VANING,TRIGGERS,EVT:CONTROL_INPUT_IMPROPER,1
EVT:PERFORMANCE_FAILURE,CAUSES,EVT:TERRAIN_OR_OBSTACLE_PROXIMITY,1
EVT:GROUND_LOS_OF_CONTROL,TRIGGERS,EVT:CONTROL_INPUT_IMPROPER,1
EVT:GROUND_LOS_OF_CONTROL,CAUSES,EVT:GROUND_IMPACT,1
EVT:GROUND_VEER,TRIGGERS,EVT:CONTROL_INPUT_IMPROPER,1
EVT:PROPULSION_SYSTEM_FAILURE,CAUSES,EVT:ENGINE_FAILURE,1
EVT:AERODYNAMIC_FLUTTER,CAUSES,EVT:AIRFRAME_STRUCTURAL_FAILURE,1
EVT:AERODYNAMIC_FLUTTER,RESPONDS_TO,EVT:CONTROL_INPUT_IMPROPER,1
EVT:PRESSURIZATION_ANOMALY,TRIGGERS,EVT:CONTROL_INPUT_IMPROPER,1
EVT:GEAR_UP_LANDING,CAUSES,EVT:RUNWAY_EXCURSION_OR_OVERRUN,1
EVT:CONCURRENT,CO_OCCURS,EVT:CONCURRENT,1
EVT:GROUND_COLLISION_OR_OBSTACLE_STRIKE,CAUSES,EVT:GROUND_COLLISION_OR_OBSTACLE_STRIKE,1
EVT:GROUND_COLLISION_OR_OBSTACLE_STRIKE,CAUSES,EVT:GROUND_DAMAGE,1
EVT:EXTERNAL_LOAD_SHIFT,CAUSES,EVT:LOSS_OF_CONTROL_INFLIGHT,1
EVT:TAKEOFF_WITH_IMPROPER_CONFIG,CAUSES,EVT:LOSS_OF_CONTROL_INFLIGHT,1
EVT:unknown,CAUSES,EVT:unknown,1
EVT:TURBINE_OR_COMPRESSOR_FAILURE,CAUSES,COND:mechanical,1
EVT:POWERTRAIN_ANOMALY,CAUSES,EVT:ENGINE_FAILURE,1
EVT:PROPELLER_ANOMALY,CAUSES,COND:operational,1
EVT:PROPELLER_ANOMALY,TRIGGERS,EVT:DECISION_INAPPROPRIATE,1
EVT:HOLDING_SHORT,CONCURRENT,EVT:GROUND_COLLISION,1
EVT:TOW_ROPE_BREAKAGE,TRIGGERS,EVT:DECISION_INAPPROPRIATE,1
EVT:HARD_LANDING,CAUSES,EVT:BOUNCE,1
EVT:HARD_LANDING,CAUSES,EVT:LANDING_GEAR_ANOMALY,1
EVT:BOUNCE,CONTRIBUTES_TO,EVT:LANDING_GEAR_ANOMALY,1
EVT:TAXIWAY_EXCURSION_OR_OVERRUN,CAUSES,EVT:LANDING_GEAR_ANOMALY,1
EVT:TAXIWAY_INCURSION,CAUSES,EVT:GROUND_COLLISION,1
EVT:COMPONENT_FAILURE,CAUSES,EVT:ENGINE_FAILURE,1
EVT:COMPONENT_FAILURE,AFFECTS,ENT:component,1
EVT:ROTATION_CONTINUING,ENABLES,EVT:PROCEDURE_NOT_FOLLOWED,1
EVT:GROUND_LOSS_OF_CONTROL,RESPONDS_TO,EVT:CONTROL_INPUT_IMPROPER,1
EVT:GROUND_LOSS_OF_CONTROL,CAUSES,EVT:GROUND_IMPACT,1
EVT:TOW_CABLE_RELEASE,CAUSES,EVT:LOSS_OF_CONTROL_INFLIGHT,1
EVT:TOW_CABLE_RELEASE,CONCURRENT,EVT:CONTROL_INPUT_IMPROPER,1
COND:mechanical,UNDER_CONDITION,EVT:CONTROL_INPUT_IMPROPER,44
COND:mechanical,TRIGGERS,EVT:CONTROL_INPUT_IMPROPER,37
COND:mechanical,CAUSES,EVT:CONTROL_INPUT_IMPROPER,164
COND:mechanical,CONTRIBUTES_TO,EVT:CONTROL_INPUT_IMPROPER,127
COND:mechanical,INHIBITS,EVT:CONTROL_INPUT_IMPROPER,62
COND:mechanical,ENABLES,EVT:CONTROL_INPUT_IMPROPER,108
COND:mechanical,RESPONDS_TO,EVT:CONTROL_INPUT_IMPROPER,13
COND:mechanical,MASKED_BY_CONDITION,EVT:CONTROL_INPUT_IMPROPER,2
COND:mechanical,CAUSES,EVT:LOSS_OF_CONTROL_GROUND,263
COND:mechanical,ENABLES,EVT:LOSS_OF_CONTROL_GROUND,16
COND:mechanical,CONTRIBUTES_TO,EVT:LOSS_OF_CONTROL_GROUND,56
COND:mechanical,INHIBITS,EVT:LOSS_OF_CONTROL_GROUND,2
COND:mechanical,UNDER_CONDITION,EVT:LOSS_OF_CONTROL_GROUND,6
COND:mechanical,INDUCED_CONDITION,EVT:LOSS_OF_CONTROL_GROUND,1
COND:mechanical,CAUSES,EVT:GROUND_RESONANCE,5
COND:mechanical,CONTRIBUTES_TO,EVT:GROUND_RESONANCE,3
COND:mechanical,ENABLES,EVT:GROUND_RESONANCE,3
COND:mechanical,UNDER_CONDITION,EVT:GROUND_RESONANCE,1
COND:mechanical,CAUSES,EVT:LANDING_GEAR_ANOMALY,725
COND:mechanical,UNDER_CONDITION,EVT:LANDING_GEAR_ANOMALY,50
COND:mechanical,ENABLES,EVT:LANDING_GEAR_ANOMALY,16
COND:mechanical,CONTRIBUTES_TO,EVT:LANDING_GEAR_ANOMALY,30
COND:mechanical,INDUCED_CONDITION,EVT:LANDING_GEAR_ANOMALY,2
COND:mechanical,CAUSES,EVT:RUNWAY_EXCURSION_OR_OVERRUN,148
COND:mechanical,ENABLES,EVT:RUNWAY_EXCURSION_OR_OVERRUN,3
COND:mechanical,CONTRIBUTES_TO,EVT:RUNWAY_EXCURSION_OR_OVERRUN,37
COND:mechanical,UNDER_CONDITION,EVT:RUNWAY_EXCURSION_OR_OVERRUN,11
COND:mechanical,CAUSES,EVT:DECISION_INAPPROPRIATE,168
COND:mechanical,UNDER_CONDITION,EVT:DECISION_INAPPROPRIATE,29
COND:mechanical,ENABLES,EVT:DECISION_INAPPROPRIATE,48
COND:mechanical,TRIGGERS,EVT:DECISION_INAPPROPRIATE,79
COND:mechanical,CONTRIBUTES_TO,EVT:DECISION_INAPPROPRIATE,63
COND:mechanical,MASKED_BY_CONDITION,EVT:DECISION_INAPPROPRIATE,10
COND:mechanical,RESPONDS_TO,EVT:DECISION_INAPPROPRIATE,9
COND:mechanical,IF_THEN,EVT:DECISION_INAPPROPRIATE,1
COND:mechanical,INHIBITS,EVT:DECISION_INAPPROPRIATE,5
COND:mechanical,CONTRIBUTES_TO,EVT:PERCEPTION_FAILURE,34
COND:mechanical,CAUSES,EVT:PERCEPTION_FAILURE,108
COND:mechanical,ENABLES,EVT:PERCEPTION_FAILURE,27
COND:mechanical,MASKED_BY_CONDITION,EVT:PERCEPTION_FAILURE,43
COND:mechanical,UNDER_CONDITION,EVT:PERCEPTION_FAILURE,19
COND:mechanical,INHIBITS,EVT:PERCEPTION_FAILURE,15
COND:mechanical,TRIGGERS,EVT:PERCEPTION_FAILURE,21
COND:mechanical,RESPONDS_TO,EVT:PERCEPTION_FAILURE,1
COND:mechanical,CAUSES,EVT:ENGINE_FAILURE,5619
COND:mechanical,UNDER_CONDITION,EVT:ENGINE_FAILURE,88
COND:mechanical,CONTRIBUTES_TO,EVT:ENGINE_FAILURE,129
COND:mechanical,IF_THEN,EVT:ENGINE_FAILURE,1
COND:mechanical,INHIBITS,EVT:ENGINE_FAILURE,5
COND:mechanical,ENABLES,EVT:ENGINE_FAILURE,13
COND:mechanical,MASKED_BY_CONDITION,EVT:ENGINE_FAILURE,1
COND:mechanical,INDUCED_CONDITION,EVT:ENGINE_FAILURE,7
COND:mechanical,CONCURRENT,EVT:ENGINE_FAILURE,1
COND:mechanical,CAUSES,COND:mechanical,1704
COND:mechanical,ENABLES,COND:mechanical,57
COND:mechanical,MASKED_BY_CONDITION,COND:mechanical,3
COND:mechanical,CONTRIBUTES_TO,COND:mechanical,126
COND:mechanical,CO_OCCURS,COND:mechanical,4
COND:mechanical,UNDER_CONDITION,COND:mechanical,5
COND:mechanical,CONCURRENT,COND:mechanical,6
COND:mechanical,INDUCED_CONDITION,COND:mechanical,5
COND:mechanical,INHIBITS,COND:mechanical,2
COND:mechanical,CAUSES,EVT:FUEL_SYSTEM_ANOMALY,503
COND:mechanical,UNDER_CONDITION,EVT:FUEL_SYSTEM_ANOMALY,79
COND:mechanical,ENABLES,EVT:FUEL_SYSTEM_ANOMALY,20
COND:mechanical,CONTRIBUTES_TO,EVT:FUEL_SYSTEM_ANOMALY,13
COND:mechanical,INDUCED_CONDITION,EVT:FUEL_SYSTEM_ANOMALY,3
COND:mechanical,MASKED_BY_CONDITION,EVT:FUEL_SYSTEM_ANOMALY,1
COND:mechanical,INHIBITS,EVT:FUEL_SYSTEM_ANOMALY,1
COND:mechanical,CAUSES,EVT:INFLIGHT_FIRE_OR_SMOKE,279
COND:mechanical,UNDER_CONDITION,EVT:INFLIGHT_FIRE_OR_SMOKE,15
COND:mechanical,ENABLES,EVT:INFLIGHT_FIRE_OR_SMOKE,21
COND:mechanical,CONTRIBUTES_TO,EVT:INFLIGHT_FIRE_OR_SMOKE,9
COND:mechanical,TRIGGERS,EVT:INFLIGHT_FIRE_OR_SMOKE,2
COND:mechanical,INDUCED_CONDITION,EVT:INFLIGHT_FIRE_OR_SMOKE,1
COND:mechanical,INHIBITS,EVT:INFLIGHT_FIRE_OR_SMOKE,1
COND:mechanical,CAUSES,EVT:TERRAIN_OR_OBSTACLE_PROXIMITY,9
COND:mechanical,UNDER_CONDITION,EVT:TERRAIN_OR_OBSTACLE_PROXIMITY,1
COND:mechanical,CONTRIBUTES_TO,EVT:TERRAIN_OR_OBSTACLE_PROXIMITY,3
COND:mechanical,ENABLES,EVT:TERRAIN_OR_OBSTACLE_PROXIMITY,1
COND:mechanical,CAUSES,COND:latent_defect,15
COND:mechanical,MASKED_BY_CONDITION,COND:latent_defect,4
COND:mechanical,CAUSES,EVT:INSTRUMENT_OR_AVIONICS_FAILURE,209
COND:mechanical,INHIBITS,EVT:INSTRUMENT_OR_AVIONICS_FAILURE,1
COND:mechanical,ENABLES,EVT:INSTRUMENT_OR_AVIONICS_FAILURE,2
COND:mechanical,UNDER_CONDITION,EVT:INSTRUMENT_OR_AVIONICS_FAILURE,21
COND:mechanical,INDUCED_CONDITION,EVT:INSTRUMENT_OR_AVIONICS_FAILURE,2
COND:mechanical,TRIGGERS,EVT:INSTRUMENT_OR_AVIONICS_FAILURE,3
COND:mechanical,CAUSES,EVT:CONTROL_SURFACE_ANOMALY,724
COND:mechanical,CONTRIBUTES_TO,EVT:CONTROL_SURFACE_ANOMALY,17
COND:mechanical,UNDER_CONDITION,EVT:CONTROL_SURFACE_ANOMALY,72
COND:mechanical,ENABLES,EVT:CONTROL_SURFACE_ANOMALY,40
COND:mechanical,INDUCED_CONDITION,EVT:CONTROL_SURFACE_ANOMALY,2
COND:mechanical,CAUSES,COND:aerodynamic,54
COND:mechanical,ENABLES,COND:aerodynamic,3
COND:mechanical,CONTRIBUTES_TO,COND:aerodynamic,7
COND:mechanical,CAUSES,EVT:AIRFRAME_STRUCTURAL_FAILURE,472
COND:mechanical,ENABLES,EVT:AIRFRAME_STRUCTURAL_FAILURE,10
COND:mechanical,UNDER_CONDITION,EVT:AIRFRAME_STRUCTURAL_FAILURE,22
COND:mechanical,CONTRIBUTES_TO,EVT:AIRFRAME_STRUCTURAL_FAILURE,23
COND:mechanical,INDUCED_CONDITION,EVT:AIRFRAME_STRUCTURAL_FAILURE,1
COND:mechanical,CONTRIBUTES_TO,EVT:STRUCTURAL_OVERLOAD,9
COND:mechanical,CAUSES,EVT:STRUCTURAL_OVERLOAD,21
COND:mechanical,UNDER_CONDITION,EVT:STRUCTURAL_OVERLOAD,2
COND:mechanical,ENABLES,EVT:STRUCTURAL_OVERLOAD,5
COND:mechanical,ENABLES,EVT:PROCEDURE_NOT_FOLLOWED,73
COND:mechanical,TRIGGERS,EVT:PROCEDURE_NOT_FOLLOWED,42
COND:mechanical,CONTRIBUTES_TO,EVT:PROCEDURE_NOT_FOLLOWED,28
COND:mechanical,CAUSES,EVT:PROCEDURE_NOT_FOLLOWED,54
COND:mechanical,INHIBITS,EVT:PROCEDURE_NOT_FOLLOWED,55
COND:mechanical,UNDER_CONDITION,EVT:PROCEDURE_NOT_FOLLOWED,35
COND:mechanical,RESPONDS_TO,EVT:PROCEDURE_NOT_FOLLOWED,15
COND:mechanical,MASKED_BY_CONDITION,EVT:PROCEDURE_NOT_FOLLOWED,11
COND:mechanical,CAUSES,EVT:GROUND_PERSONNEL_ERROR,19
COND:mechanical,ENABLES,EVT:GROUND_PERSONNEL_ERROR,13
COND:mechanical,CONTRIBUTES_TO,EVT:GROUND_PERSONNEL_ERROR,3
COND:mechanical,UNDER_CONDITION,EVT:GROUND_PERSONNEL_ERROR,5
COND:mechanical,CAUSES,EVT:LOSS_OF_CONTROL_INFLIGHT,359
COND:mechanical,CONTRIBUTES_TO,EVT:LOSS_OF_CONTROL_INFLIGHT,66
COND:mechanical,UNDER_CONDITION,EVT:LOSS_OF_CONTROL_INFLIGHT,17
COND:mechanical,ENABLES,EVT:LOSS_OF_CONTROL_INFLIGHT,5
COND:mechanical,INHIBITS,EVT:LOSS_OF_CONTROL_INFLIGHT,3
COND:mechanical,ENABLES,COND:resource,2
COND:mechanical,CAUSES,COND:resource,8
COND:mechanical,CONTRIBUTES_TO,COND:resource,9
COND:mechanical,CAUSES,EVT:GROUND_IMPACT,133
COND:mechanical,CONTRIBUTES_TO,EVT:GROUND_IMPACT,38
COND:mechanical,ENABLES,EVT:GROUND_IMPACT,12
COND:mechanical,UNDER_CONDITION,EVT:GROUND_IMPACT,6
COND:mechanical,CAUSES,COND:environmental,61
COND:mechanical,CONTRIBUTES_TO,COND:environmental,5
COND:mechanical,ENABLES,COND:environmental,9
COND:mechanical,CONCURRENT,COND:environmental,1
COND:mechanical,IF_THEN,COND:environmental,1
COND:mechanical,INDUCED_CONDITION,COND:environmental,1
COND:mechanical,UNDER_CONDITION,COND:environmental,2
COND:mechanical,MASKED_BY_CONDITION,COND:environmental,1
COND:mechanical,UNDER_CONDITION,ENT:aircraft,16
COND:mechanical,CAUSES,ENT:aircraft,1
COND:mechanical,MASKED_BY_CONDITION,ENT:aircraft,1
COND:mechanical,SUPERVISED_BY,ENT:aircraft,1
COND:mechanical,ENABLES,ENT:aircraft,1
COND:mechanical,UNDER_CONDITION,ENT:component,77
COND:mechanical,ENABLES,ENT:component,3
COND:mechanical,CAUSES,ENT:component,5
COND:mechanical,MASKED_BY_CONDITION,ENT:component,2
COND:mechanical,INDUCED_CONDITION,ENT:component,8
COND:mechanical,AFFECTS,ENT:component,1
COND:mechanical,CONTRIBUTES_TO,EVT:STALL,78
COND:mechanical,CAUSES,EVT:STALL,95
COND:mechanical,INHIBITS,EVT:STALL,3
COND:mechanical,UNDER_CONDITION,EVT:STALL,3
COND:mechanical,CAUSES,EVT:AUTOMATION_ANOMALY,23
COND:mechanical,UNDER_CONDITION,EVT:AUTOMATION_ANOMALY,2
COND:mechanical,ENABLES,EVT:AUTOMATION_ANOMALY,3
COND:mechanical,CAUSES,EVT:ATC_OR_DISPATCH_INADEQUATE,1
COND:mechanical,TRIGGERS,EVT:ATC_OR_DISPATCH_INADEQUATE,1
COND:mechanical,INHIBITS,EVT:ATC_OR_DISPATCH_INADEQUATE,1
COND:mechanical,CONTRIBUTES_TO,EVT:ATC_OR_DISPATCH_INADEQUATE,1
COND:mechanical,CAUSES,EVT:ALTITUDE_DEVIATION_UNCONTROLLED,36
COND:mechanical,UNDER_CONDITION,EVT:ALTITUDE_DEVIATION_UNCONTROLLED,3
COND:mechanical,CONTRIBUTES_TO,EVT:ALTITUDE_DEVIATION_UNCONTROLLED,9
COND:mechanical,CONTRIBUTES_TO,EVT:WATER_IMPACT,4
COND:mechanical,CAUSES,EVT:WATER_IMPACT,5
COND:mechanical,CAUSES,EVT:ELECTRICAL_SYSTEM_FAILURE,6
COND:mechanical,CONTRIBUTES_TO,EVT:ELECTRICAL_SYSTEM_FAILURE,1
COND:mechanical,CAUSES,EVT:BRAKE_ANOMALY,14
COND:mechanical,UNDER_CONDITION,EVT:BRAKE_ANOMALY,3
COND:mechanical,CAUSES,EVT:BRAKE_FAILURE,32
COND:mechanical,UNDER_CONDITION,EVT:BRAKE_FAILURE,4
COND:mechanical,CONTRIBUTES_TO,EVT:BRAKE_FAILURE,1
COND:mechanical,INHIBITS,EVT:EMERGENCY_LANDING,1
COND:mechanical,CAUSES,EVT:EMERGENCY_LANDING,22
COND:mechanical,CONTRIBUTES_TO,EVT:EMERGENCY_LANDING,2
COND:mechanical,CONTRIBUTES_TO,COND:fuel_state,1
COND:mechanical,ENABLES,COND:fuel_state,1
COND:mechanical,CAUSES,COND:fuel_state,2
COND:mechanical,CAUSES,EVT:HYDRAULIC_SYSTEM_FAILURE,30
COND:mechanical,UNDER_CONDITION,EVT:HYDRAULIC_SYSTEM_FAILURE,2
COND:mechanical,ENABLES,EVT:ICING_ENCOUNTER,6
COND:mechanical,UNDER_CONDITION,EVT:ICING_ENCOUNTER,5
COND:mechanical,CAUSES,EVT:ICING_ENCOUNTER,10
COND:mechanical,CONTRIBUTES_TO,EVT:ICING_ENCOUNTER,4
COND:mechanical,MASKED_BY_CONDITION,COND:perceptual,1
COND:mechanical,CAUSES,COND:perceptual,1
COND:mechanical,CAUSES,COND:structural,5
COND:mechanical,CAUSES,EVT:BRAKE_SYSTEM_FAILURE,3
COND:mechanical,UNDER_CONDITION,EVT:BRAKE_SYSTEM_FAILURE,1
COND:mechanical,SUPERVISED_BY,ENT:organization,2
COND:mechanical,UNDER_CONDITION,COND:thermal,1
COND:mechanical,CAUSES,COND:thermal,2
COND:mechanical,ENABLES,EVT:BIRD_OR_WILDLIFE_STRIKE,6
COND:mechanical,CAUSES,EVT:BIRD_OR_WILDLIFE_STRIKE,4
COND:mechanical,TRIGGERS,EVT:MAINTENANCE_INADEQUATE,3
COND:mechanical,CAUSES,EVT:MAINTENANCE_INADEQUATE,6
COND:mechanical,ENABLES,EVT:MAINTENANCE_INADEQUATE,2
COND:mechanical,CONTRIBUTES_TO,EVT:MAINTENANCE_INADEQUATE,1
COND:mechanical,CONTRIBUTES_TO,COND:equipment,1
COND:mechanical,CONTRIBUTES_TO,EVT:SPATIAL_DISORIENTATION,7
COND:mechanical,CAUSES,EVT:SPATIAL_DISORIENTATION,11
COND:mechanical,CAUSES,COND:information,11
COND:mechanical,CONTRIBUTES_TO,COND:information,1
COND:mechanical,ENABLES,COND:information,1
COND:mechanical,CAUSES,EVT:PROPULSION_ANOMALY,2
COND:mechanical,CAUSES,COND:organizational,4
COND:mechanical,INDUCED_CONDITION,COND:organizational,1
COND:mechanical,CONTRIBUTES_TO,COND:organizational,1
COND:mechanical,MASKED_BY_CONDITION,COND:organizational,2
COND:mechanical,TRIGGERS,COND:organizational,1
COND:mechanical,UNDER_CONDITION,COND:organizational,1
COND:mechanical,UNDER_CONDITION,EVT:RUNWAY_CONDITION_HAZARD,7
COND:mechanical,CONTRIBUTES_TO,EVT:RUNWAY_CONDITION_HAZARD,2
COND:mechanical,CAUSES,EVT:RUNWAY_CONDITION_HAZARD,9
COND:mechanical,CONTRIBUTES_TO,EVT:INJURY_OR_FATALITY,9
COND:mechanical,CAUSES,EVT:INJURY_OR_FATALITY,1
COND:mechanical,CAUSES,EVT:PROPELLER_FAILURE,8
COND:mechanical,CAUSES,EVT:GROUND_INCIDENT,4
COND:mechanical,CAUSES,EVT:BRAKING_FAILURE,1
COND:mechanical,CAUSES,COND:instrument,13
COND:mechanical,CONCURRENT,COND:instrument,1
COND:mechanical,MASKED_BY_CONDITION,COND:instrument,1
COND:mechanical,CAUSES,COND:material,2
COND:mechanical,CONTRIBUTES_TO,COND:other,1
COND:mechanical,ENABLES,EVT:PILOT_INCAPACITATION_OR_IMPAIRMENT,1
COND:mechanical,CONTRIBUTES_TO,EVT:THUNDERSTORM_OR_CONVECTIVE,1
COND:mechanical,ENABLES,COND:physiological,1
COND:mechanical,CAUSES,COND:physiological,3
COND:mechanical,CAUSES,COND:cognitive,3
COND:mechanical,MASKED_BY_CONDITION,COND:cognitive,1
COND:mechanical,CAUSES,EVT:AIRCRAFT_SYSTEMS,1
COND:mechanical,CAUSES,EVT:INFLIGHT_BREAKUP,2
COND:mechanical,CONTRIBUTES_TO,EVT:INFLIGHT_BREAKUP,1
COND:mechanical,CAUSES,COND:performance,7
COND:mechanical,CONTRIBUTES_TO,COND:performance,1
COND:mechanical,CAUSES,COND:operational,8
COND:mechanical,ENABLES,COND:operational,1
COND:mechanical,CAUSES,COND:aircraft_state,3
COND:mechanical,CAUSES,EVT:CARGO_SHIFTING,1
COND:mechanical,CAUSES,EVT:GROUND_ROLLOVER,1
COND:mechanical,CAUSES,COND:maintenance,5
COND:mechanical,CONTRIBUTES_TO,COND:maintenance,1
COND:mechanical,CAUSES,EVT:EMERGENCY_SYSTEM_FAILURE,1
COND:mechanical,INHIBITS,EVT:CREW_COORDINATION_FAILURE,2
COND:mechanical,TRIGGERS,EVT:CREW_COORDINATION_FAILURE,1
COND:mechanical,CAUSES,EVT:CREW_COORDINATION_FAILURE,1
COND:mechanical,CONCURRENT,COND:weather,1
COND:mechanical,CAUSES,COND:weather,2
COND:mechanical,ENABLES,COND:weather,4
COND:mechanical,CONTRIBUTES_TO,COND:weather,1
COND:mechanical,UNDER_CONDITION,COND:weather,1
COND:mechanical,CAUSES,EVT:TIRE_FAILURE,3
COND:mechanical,CAUSES,COND:instrumentation,1
COND:mechanical,CAUSES,EVT:STARTING_ANOMALY,1
COND:mechanical,CAUSES,COND:knowledge,1
COND:mechanical,MASKED_BY_CONDITION,COND:knowledge,1
COND:mechanical,CAUSES,EVT:DESIGN_DEFECT_LATENT,9
COND:mechanical,UNDER_CONDITION,EVT:DESIGN_DEFECT_LATENT,2
COND:mechanical,INDUCED_CONDITION,EVT:DESIGN_DEFECT_LATENT,1
COND:mechanical,ENABLES,EVT:DESIGN_DEFECT_LATENT,1
COND:mechanical,CONTRIBUTES_TO,COND:state,1
COND:mechanical,CAUSES,EVT:SUCCESSFUL_RECOVERY,1
COND:mechanical,MITIGATES,EVT:SUCCESSFUL_RECOVERY,1
COND:mechanical,UNDER_CONDITION,EVT:SUCCESSFUL_RECOVERY,1
COND:mechanical,CAUSES,COND:system,1
COND:mechanical,CAUSES,COND:training,1
COND:mechanical,CAUSES,EVT:FLAP_ANOMALY,2
COND:mechanical,CAUSES,EVT:FLIGHT_CONTROL_ANOMALY,2
COND:mechanical,CONTRIBUTES_TO,EVT:FLIGHT_CONTROL_ANOMALY,1
COND:mechanical,UNDER_CONDITION,EVT:FLIGHT_CONTROL_ANOMALY,1
COND:mechanical,CAUSES,EVT:TURBINE_OR_COMPRESSOR_STALL,1
COND:mechanical,CONTRIBUTES_TO,EVT:AERODYNAMIC_DEGRADATION,1
COND:mechanical,MASKED_BY_CONDITION,COND:latent,2
COND:mechanical,PRECEDES,COND:latent,1
COND:mechanical,UNDER_CONDITION,EVT:TURBULENCE_ENCOUNTER,1
COND:mechanical,CONTRIBUTES_TO,EVT:TURBULENCE_ENCOUNTER,2
COND:mechanical,CAUSES,EVT:TURBULENCE_ENCOUNTER,1
COND:mechanical,UNDER_CONDITION,EVT:HYDRAULIC_FAILURE,1
COND:mechanical,CAUSES,EVT:BRAKE_OVERHEAT,2
COND:mechanical,CONTRIBUTES_TO,EVT:BRAKE_OVERHEAT,1
COND:mechanical,CONTRIBUTES_TO,EVT:WIND_SHEAR_OR_GUST,1
COND:mechanical,ENABLES,EVT:WIND_SHEAR_OR_GUST,2
COND:mechanical,CAUSES,EVT:TAIL_ROTOR_FAILURE,1
COND:mechanical,ENABLES,EVT:TAIL_ROTOR_FAILURE,1
COND:mechanical,CAUSES,COND:regulatory,1
COND:mechanical,UNDER_CONDITION,EVT:PROPULSION_FAILURE,1
COND:mechanical,CONTRIBUTES_TO,COND:fuel,1
COND:mechanical,CAUSES,COND:fuel,1
COND:mechanical,CAUSES,EVT:GROUND_INJURY_OR_FATALITY,1
COND:mechanical,ENABLES,COND:unknown,1
COND:mechanical,ENABLES,EVT:GROUND_FIRE_OR_SMOKE,1
COND:mechanical,ENABLES,EVT:LOW_VISIBILITY_OR_IMC,2
COND:mechanical,CAUSES,COND:electrical,2
COND:mechanical,ENABLES,EVT:GROUND_DAMAGE,1
COND:mechanical,UNDER_CONDITION,EVT:EXTERNAL_LOAD_ANOMALY,1
COND:mechanical,ENABLES,EVT:FLAP_OVERSPEED,1
COND:mechanical,CAUSES,EVT:GROUND_COLLISION,1
COND:mechanical,CAUSES,COND:ergonomic,1
COND:mechanical,CAUSES,COND:human,5
COND:mechanical,CONCURRENT,COND:human,1
COND:mechanical,MASKED_BY_CONDITION,COND:situational_awareness,1
COND:mechanical,CAUSES,EVT:TAIL_ROTOR_STRIKE,1
COND:mechanical,CAUSES,COND:situational,1
COND:mechanical,CAUSES,COND:procedural,1
COND:mechanical,UNDER_CONDITION,EVT:PROCEDURE_FOLLOWED,1
COND:mechanical,CAUSES,EVT:PROPULSION_SYSTEM_FAILURE,1
COND:mechanical,CAUSES,EVT:AERODYNAMIC_FLUTTER,1
COND:mechanical,CAUSES,EVT:PRESSURIZATION_ANOMALY,1
COND:mechanical,CAUSES,EVT:DYNAMIC_ROLLOVER,1
COND:mechanical,CAUSES,EVT:EXTERNAL_LOAD_SHIFT,1
COND:mechanical,ENABLES,EVT:TAKEOFF_WITH_IMPROPER_CONFIG,1
COND:mechanical,CAUSES,EVT:TURBINE_OR_COMPRESSOR_FAILURE,1
COND:mechanical,CAUSES,EVT:PROPELLER_ANOMALY,1
COND:mechanical,CAUSES,EVT:COMPONENT_FAILURE,1
COND:mechanical,CAUSES,EVT:AERODYNAMIC_STATE,1
COND:mechanical,CAUSES,COND:design,1
COND:mechanical,CAUSES,COND:human_factors,1
COND:mechanical,CONTRIBUTES_TO,COND:human_factors,1
COND:human,CONTRIBUTES_TO,EVT:LOSS_OF_CONTROL_GROUND,5
COND:human,UNDER_CONDITION,EVT:LOSS_OF_CONTROL_GROUND,1
COND:human,CAUSES,EVT:LOSS_OF_CONTROL_GROUND,3
COND:human,CONTRIBUTES_TO,EVT:CONTROL_INPUT_IMPROPER,85
COND:human,ENABLES,EVT:CONTROL_INPUT_IMPROPER,3
COND:human,UNDER_CONDITION,EVT:CONTROL_INPUT_IMPROPER,4
COND:human,CAUSES,EVT:CONTROL_INPUT_IMPROPER,16
COND:human,CONTRIBUTES_TO,EVT:GROUND_IMPACT,1
COND:human,CAUSES,EVT:GROUND_IMPACT,1
COND:human,CAUSES,EVT:PERCEPTION_FAILURE,17
COND:human,CONTRIBUTES_TO,EVT:PERCEPTION_FAILURE,19
COND:human,MASKED_BY_CONDITION,EVT:PERCEPTION_FAILURE,1
COND:human,UNDER_CONDITION,EVT:PERCEPTION_FAILURE,2
COND:human,ENABLES,EVT:PERCEPTION_FAILURE,1
COND:human,CONTRIBUTES_TO,EVT:DECISION_INAPPROPRIATE,53
COND:human,CAUSES,EVT:DECISION_INAPPROPRIATE,13
COND:human,UNDER_CONDITION,EVT:DECISION_INAPPROPRIATE,1
COND:human,ENABLES,EVT:DECISION_INAPPROPRIATE,2
COND:human,CAUSES,COND:mechanical,12
COND:human,CONTRIBUTES_TO,COND:mechanical,2
COND:human,CONTRIBUTES_TO,EVT:PROCEDURE_NOT_FOLLOWED,29
COND:human,CAUSES,EVT:PROCEDURE_NOT_FOLLOWED,18
COND:human,INHIBITS,EVT:PROCEDURE_NOT_FOLLOWED,1
COND:human,UNDER_CONDITION,EVT:PROCEDURE_NOT_FOLLOWED,3
COND:human,ENABLES,EVT:PROCEDURE_NOT_FOLLOWED,2
COND:human,CONTRIBUTES_TO,EVT:SPATIAL_DISORIENTATION,4
COND:human,UNDER_CONDITION,EVT:SPATIAL_DISORIENTATION,1
COND:human,CAUSES,EVT:LOSS_OF_CONTROL_INFLIGHT,3
COND:human,CONTRIBUTES_TO,EVT:LOSS_OF_CONTROL_INFLIGHT,6
COND:human,CONTRIBUTES_TO,EVT:INJURY_OR_FATALITY,7
COND:human,CAUSES,EVT:INJURY_OR_FATALITY,2
COND:human,CONTRIBUTES_TO,EVT:STALL,7
COND:human,CAUSES,EVT:STALL,1
COND:human,CAUSES,EVT:CREW_COORDINATION_FAILURE,2
COND:human,CAUSES,EVT:GROUND_PERSONNEL_ERROR,2
COND:human,CONTRIBUTES_TO,EVT:RUNWAY_EXCURSION_OR_OVERRUN,3
COND:human,CONTRIBUTES_TO,EVT:DESCENT_BELOW_MINIMUMS,1
COND:human,CONTRIBUTES_TO,COND:human,2
COND:human,CAUSES,COND:human,1
COND:human,UNDER_CONDITION,ENT:person,1
COND:human,CAUSES,EVT:ENGINE_FAILURE,2
COND:human,CAUSES,EVT:FUEL_SYSTEM_ANOMALY,1
COND:human,ENABLES,EVT:FUEL_SYSTEM_ANOMALY,1
COND:human,CONTRIBUTES_TO,EVT:LANDING_GEAR_ANOMALY,1
COND:human,CAUSES,EVT:PILOT_INCAPACITATION_OR_IMPAIRMENT,1
COND:human,ENABLES,EVT:PILOT_INCAPACITATION_OR_IMPAIRMENT,1
COND:human,CAUSES,COND:fuel,1
COND:weather,CAUSES,COND:aerodynamic,55
COND:weather,CONTRIBUTES_TO,COND:aerodynamic,20
COND:weather,INDUCED_CONDITION,COND:aerodynamic,2
COND:weather,ENABLES,COND:aerodynamic,6
COND:weather,CONCURRENT,COND:aerodynamic,2
COND:weather,UNDER_CONDITION,EVT:RUNWAY_EXCURSION_OR_OVERRUN,100
COND:weather,CONTRIBUTES_TO,EVT:RUNWAY_EXCURSION_OR_OVERRUN,160
COND:weather,CAUSES,EVT:RUNWAY_EXCURSION_OR_OVERRUN,83
COND:weather,CONCURRENT,EVT:RUNWAY_EXCURSION_OR_OVERRUN,1
COND:weather,ENABLES,EVT:RUNWAY_EXCURSION_OR_OVERRUN,2
COND:weather,CONTRIBUTES_TO,EVT:CONTROL_INPUT_IMPROPER,487
COND:weather,CAUSES,EVT:CONTROL_INPUT_IMPROPER,186
COND:weather,UNDER_CONDITION,EVT:CONTROL_INPUT_IMPROPER,362
COND:weather,TRIGGERS,EVT:CONTROL_INPUT_IMPROPER,8
COND:weather,ENABLES,EVT:CONTROL_INPUT_IMPROPER,4
COND:weather,CONCURRENT,EVT:CONTROL_INPUT_IMPROPER,2
COND:weather,INHIBITS,EVT:CONTROL_INPUT_IMPROPER,3
COND:weather,MASKED_BY_CONDITION,EVT:CONTROL_INPUT_IMPROPER,1
COND:weather,UNDER_CONDITION,EVT:WIND_SHEAR_OR_GUST,675
COND:weather,CAUSES,EVT:WIND_SHEAR_OR_GUST,366
COND:weather,ENABLES,EVT:WIND_SHEAR_OR_GUST,8
COND:weather,INDUCED_CONDITION,EVT:WIND_SHEAR_OR_GUST,1
COND:weather,CONTRIBUTES_TO,EVT:WIND_SHEAR_OR_GUST,3
COND:weather,CO_OCCURS,EVT:WIND_SHEAR_OR_GUST,1
COND:weather,CAUSES,EVT:PROCEDURE_NOT_FOLLOWED,33
COND:weather,UNDER_CONDITION,EVT:PROCEDURE_NOT_FOLLOWED,118
COND:weather,ENABLES,EVT:PROCEDURE_NOT_FOLLOWED,10
COND:weather,CONTRIBUTES_TO,EVT:PROCEDURE_NOT_FOLLOWED,22
COND:weather,MASKED_BY_CONDITION,EVT:PROCEDURE_NOT_FOLLOWED,1
COND:weather,TRIGGERS,EVT:PROCEDURE_NOT_FOLLOWED,3
COND:weather,INHIBITS,EVT:PROCEDURE_NOT_FOLLOWED,2
COND:weather,UNDER_CONDITION,EVT:PERCEPTION_FAILURE,110
COND:weather,CAUSES,EVT:PERCEPTION_FAILURE,93
COND:weather,CONTRIBUTES_TO,EVT:PERCEPTION_FAILURE,63
COND:weather,INHIBITS,EVT:PERCEPTION_FAILURE,4
COND:weather,ENABLES,EVT:PERCEPTION_FAILURE,5
COND:weather,MASKED_BY_CONDITION,EVT:PERCEPTION_FAILURE,13
COND:weather,INDUCED_CONDITION,EVT:PERCEPTION_FAILURE,2
COND:weather,TRIGGERS,EVT:PERCEPTION_FAILURE,1
COND:weather,CAUSES,COND:mechanical,305
COND:weather,ENABLES,COND:mechanical,85
COND:weather,CONTRIBUTES_TO,COND:mechanical,20
COND:weather,INDUCED_CONDITION,COND:mechanical,7
COND:weather,UNDER_CONDITION,COND:mechanical,6
COND:weather,CONCURRENT,COND:mechanical,2
COND:weather,IF_THEN,COND:mechanical,2
COND:weather,CAUSES,EVT:DECISION_INAPPROPRIATE,168
COND:weather,CONTRIBUTES_TO,EVT:DECISION_INAPPROPRIATE,66
COND:weather,ENABLES,EVT:DECISION_INAPPROPRIATE,36
COND:weather,UNDER_CONDITION,EVT:DECISION_INAPPROPRIATE,199
COND:weather,INHIBITS,EVT:DECISION_INAPPROPRIATE,10
COND:weather,TRIGGERS,EVT:DECISION_INAPPROPRIATE,10
COND:weather,IF_THEN,EVT:DECISION_INAPPROPRIATE,1
COND:weather,MASKED_BY_CONDITION,EVT:DECISION_INAPPROPRIATE,1
COND:weather,CONTRIBUTES_TO,EVT:STALL,74
COND:weather,CAUSES,EVT:STALL,43
COND:weather,UNDER_CONDITION,EVT:STALL,4
COND:weather,INHIBITS,EVT:STALL,1
COND:weather,CAUSES,EVT:TURBULENCE_ENCOUNTER,168
COND:weather,UNDER_CONDITION,EVT:TURBULENCE_ENCOUNTER,220
COND:weather,INDUCED_CONDITION,EVT:TURBULENCE_ENCOUNTER,1
COND:weather,ENABLES,EVT:TURBULENCE_ENCOUNTER,4
COND:weather,CONCURRENT,EVT:TURBULENCE_ENCOUNTER,1
COND:weather,CONTRIBUTES_TO,EVT:TURBULENCE_ENCOUNTER,3
COND:weather,MASKED_BY_CONDITION,EVT:TURBULENCE_ENCOUNTER,1
COND:weather,INHIBITS,EVT:TURBULENCE_ENCOUNTER,1
COND:weather,CAUSES,EVT:LOSS_OF_CONTROL_GROUND,148
COND:weather,UNDER_CONDITION,EVT:LOSS_OF_CONTROL_GROUND,36
COND:weather,CONTRIBUTES_TO,EVT:LOSS_OF_CONTROL_GROUND,173
COND:weather,ENABLES,EVT:LOSS_OF_CONTROL_GROUND,4
COND:weather,UNDER_CONDITION,EVT:RUNWAY_CONDITION_HAZARD,153
COND:weather,ENABLES,EVT:RUNWAY_CONDITION_HAZARD,3
COND:weather,CAUSES,EVT:RUNWAY_CONDITION_HAZARD,24
COND:weather,CONTRIBUTES_TO,EVT:RUNWAY_CONDITION_HAZARD,2
COND:weather,CAUSES,COND:operational,1
COND:weather,CONTRIBUTES_TO,COND:operational,3
COND:weather,CONCURRENT,COND:operational,1
COND:weather,CONTRIBUTES_TO,EVT:LOSS_OF_CONTROL_INFLIGHT,111
COND:weather,UNDER_CONDITION,EVT:LOSS_OF_CONTROL_INFLIGHT,20
COND:weather,CAUSES,EVT:LOSS_OF_CONTROL_INFLIGHT,134
COND:weather,INHIBITS,EVT:LOSS_OF_CONTROL_INFLIGHT,1
COND:weather,UNDER_CONDITION,EVT:ALTITUDE_DEVIATION_UNCONTROLLED,15
COND:weather,CAUSES,EVT:ALTITUDE_DEVIATION_UNCONTROLLED,45
COND:weather,CONTRIBUTES_TO,EVT:ALTITUDE_DEVIATION_UNCONTROLLED,34
COND:weather,ENABLES,EVT:ALTITUDE_DEVIATION_UNCONTROLLED,1
COND:weather,INDUCED_CONDITION,COND:environmental,1
COND:weather,CAUSES,COND:environmental,67
COND:weather,ENABLES,COND:environmental,2
COND:weather,CONCURRENT,COND:environmental,6
COND:weather,CONTRIBUTES_TO,COND:environmental,2
COND:weather,UNDER_CONDITION,COND:environmental,1
COND:weather,UNDER_CONDITION,EVT:LOW_VISIBILITY_OR_IMC,118
COND:weather,ENABLES,EVT:LOW_VISIBILITY_OR_IMC,8
COND:weather,CAUSES,EVT:LOW_VISIBILITY_OR_IMC,25
COND:weather,CONTRIBUTES_TO,EVT:LOW_VISIBILITY_OR_IMC,2
COND:weather,UNDER_CONDITION,EVT:SPATIAL_DISORIENTATION,30
COND:weather,CONTRIBUTES_TO,EVT:SPATIAL_DISORIENTATION,15
COND:weather,CAUSES,EVT:SPATIAL_DISORIENTATION,64
COND:weather,ENABLES,EVT:SPATIAL_DISORIENTATION,4
COND:weather,CAUSES,EVT:ENGINE_FAILURE,163
COND:weather,UNDER_CONDITION,EVT:ENGINE_FAILURE,27
COND:weather,CONTRIBUTES_TO,EVT:ENGINE_FAILURE,25
COND:weather,ENABLES,EVT:ENGINE_FAILURE,1
COND:weather,CONTRIBUTES_TO,EVT:GROUND_IMPACT,71
COND:weather,CAUSES,EVT:GROUND_IMPACT,37
COND:weather,UNDER_CONDITION,EVT:GROUND_IMPACT,11
COND:weather,MASKED_BY_CONDITION,EVT:GROUND_IMPACT,2
COND:weather,ENABLES,EVT:GROUND_PERSONNEL_ERROR,2
COND:weather,CONTRIBUTES_TO,EVT:GROUND_PERSONNEL_ERROR,7
COND:weather,UNDER_CONDITION,EVT:GROUND_PERSONNEL_ERROR,2
COND:weather,CAUSES,COND:terrain,3
COND:weather,MASKED_BY_CONDITION,COND:terrain,1
COND:weather,CAUSES,EVT:THUNDERSTORM_OR_CONVECTIVE,7
COND:weather,UNDER_CONDITION,EVT:THUNDERSTORM_OR_CONVECTIVE,10
COND:weather,CO_OCCURS,EVT:THUNDERSTORM_OR_CONVECTIVE,1
COND:weather,CAUSES,EVT:WAKE_TURBULENCE_ENCOUNTER,1
COND:weather,CAUSES,COND:physiological,16
COND:weather,ENABLES,COND:physiological,1
COND:weather,CAUSES,COND:weather,62
COND:weather,ENABLES,COND:weather,3
COND:weather,IF_THEN,COND:weather,3
COND:weather,CO_OCCURS,COND:weather,3
COND:weather,CONTRIBUTES_TO,COND:weather,1
COND:weather,CONCURRENT,COND:weather,5
COND:weather,ENABLES,COND:human_factor,4
COND:weather,CAUSES,COND:human_factor,16
COND:weather,CONTRIBUTES_TO,COND:human_factor,3
COND:weather,INDUCED_CONDITION,COND:human_factor,1
COND:weather,CAUSES,COND:runway,1
COND:weather,CAUSES,EVT:CONTROL_SURFACE_ANOMALY,4
COND:weather,CONTRIBUTES_TO,EVT:CONTROL_SURFACE_ANOMALY,5
COND:weather,CAUSES,COND:infrastructure,1
COND:weather,MASKED_BY_CONDITION,COND:infrastructure,1
COND:weather,CONTRIBUTES_TO,COND:infrastructure,1
COND:weather,UNDER_CONDITION,ENT:aircraft,1
COND:weather,CAUSES,COND:spatial,12
COND:weather,ENABLES,COND:spatial,3
COND:weather,CAUSES,COND:fuel,3
COND:weather,CONTRIBUTES_TO,COND:fuel,2
COND:weather,CAUSES,COND:visual,12
COND:weather,ENABLES,COND:visual,1
COND:weather,CONTRIBUTES_TO,COND:visual,1
COND:weather,CONTRIBUTES_TO,EVT:TERRAIN_OR_OBSTACLE_PROXIMITY,19
COND:weather,UNDER_CONDITION,EVT:TERRAIN_OR_OBSTACLE_PROXIMITY,9
COND:weather,CAUSES,EVT:TERRAIN_OR_OBSTACLE_PROXIMITY,8
COND:weather,UNDER_CONDITION,EVT:ICING_ENCOUNTER,68
COND:weather,CAUSES,EVT:ICING_ENCOUNTER,21
COND:weather,ENABLES,EVT:ICING_ENCOUNTER,3
COND:weather,CONTRIBUTES_TO,EVT:ICING_ENCOUNTER,1
COND:weather,CAUSES,EVT:INFLIGHT_BREAKUP,1
COND:weather,ENABLES,COND:human,1
COND:weather,IF_THEN,COND:human,1
COND:weather,CONTRIBUTES_TO,COND:human,1
COND:weather,CAUSES,COND:spatial_reference,4
COND:weather,UNDER_CONDITION,EVT:TAXIING,1
COND:weather,CAUSES,EVT:FUEL_SYSTEM_ANOMALY,8
COND:weather,CONTRIBUTES_TO,EVT:FUEL_SYSTEM_ANOMALY,4
COND:weather,CAUSES,COND:visibility,6
COND:weather,CONTRIBUTES_TO,COND:resource,2
COND:weather,CAUSES,COND:resource,1
COND:weather,UNDER_CONDITION,EVT:DESCENT_BELOW_MINIMA,1
COND:weather,CAUSES,COND:human_factors,4
COND:weather,CONTRIBUTES_TO,COND:human_factors,2
COND:weather,INDUCED_CONDITION,COND:human_factors,1
COND:weather,CONTRIBUTES_TO,EVT:STRUCTURAL_OVERLOAD,6
COND:weather,CAUSES,EVT:STRUCTURAL_OVERLOAD,2
COND:weather,ENABLES,COND:spatial_disorientation,2
COND:weather,CAUSES,COND:spatial_disorientation,3
COND:weather,CONTRIBUTES_TO,COND:performance,3
COND:weather,CAUSES,COND:performance,6
COND:weather,CONTRIBUTES_TO,EVT:BIRD_OR_WILDLIFE_STRIKE,2
COND:weather,CAUSES,EVT:BIRD_OR_WILDLIFE_STRIKE,1
COND:weather,CAUSES,EVT:INFLIGHT_FIRE_OR_SMOKE,2
COND:weather,CAUSES,COND:latent_defect,2
COND:weather,CAUSES,COND:pilot_state,3
COND:weather,INDUCED_CONDITION,COND:pilot_state,1
COND:weather,CAUSES,COND:cognitive,3
COND:weather,CONTRIBUTES_TO,EVT:GROUND_COLLISION,1
COND:weather,CAUSES,EVT:GROUND_COLLISION,1
COND:weather,CAUSES,EVT:AIRFRAME_STRUCTURAL_FAILURE,2
COND:weather,CONTRIBUTES_TO,EVT:AIRFRAME_STRUCTURAL_FAILURE,4
COND:weather,CAUSES,EVT:INSTRUMENT_OR_AVIONICS_FAILURE,2
COND:weather,ENABLES,EVT:INSTRUMENT_OR_AVIONICS_FAILURE,1
COND:weather,CAUSES,COND:psychological,3
COND:weather,CONTRIBUTES_TO,COND:psychological,1
COND:weather,INHIBITS,COND:perceptual,1
COND:weather,INDUCED_CONDITION,COND:perceptual,1
COND:weather,CAUSES,COND:perceptual,1
COND:weather,CAUSES,EVT:DESIGN_DEFECT_LATENT,1
COND:weather,CAUSES,COND:aircraft_state,2
COND:weather,CONCURRENT,COND:aircraft_state,1
COND:weather,CONTRIBUTES_TO,COND:aircraft_state,1
COND:weather,CAUSES,COND:situational_awareness,1
COND:weather,UNDER_CONDITION,EVT:LANDING_GEAR_ANOMALY,1
COND:weather,CONTRIBUTES_TO,EVT:LANDING_GEAR_ANOMALY,5
COND:weather,CAUSES,EVT:LANDING_GEAR_ANOMALY,1
COND:weather,CAUSES,COND:information,1
COND:weather,MASKED_BY_CONDITION,COND:information,3
COND:weather,ENABLES,EVT:DESCENT_BELOW_MINIMUMS,1
COND:weather,UNDER_CONDITION,EVT:DESCENT_BELOW_MINIMUMS,2
COND:weather,UNDER_CONDITION,EVT:LANDING,1
COND:weather,ENABLES,EVT:WATER_IMPACT,1
COND:weather,CAUSES,EVT:PERFORMANCE_INADEQUATE,2
COND:weather,INHIBITS,COND:pilot_qualification,1
COND:weather,CONTRIBUTES_TO,EVT:BRAKE_FAILURE,1
COND:weather,CAUSES,EVT:BRAKE_FAILURE,1
COND:weather,CAUSES,COND:equipment,1
COND:weather,ENABLES,COND:infrastructure_defect,1
COND:weather,ENABLES,EVT:TAKEOFF,1
COND:weather,ENABLES,COND:contamination,1
COND:weather,CAUSES,EVT:INJURY_OR_FATALITY,4
COND:weather,CAUSES,COND:operational_limit,3
COND:weather,CAUSES,COND:physical,1
COND:weather,CONTRIBUTES_TO,COND:fuel_state,2
COND:weather,MASKED_BY_CONDITION,ENT:person,1
COND:weather,UNDER_CONDITION,EVT:GROUND_TAKEOFF,1
COND:weather,CAUSES,COND:aircraft_performance,1
COND:weather,UNDER_CONDITION,EVT:EMERGENCY_LANDING,1
COND:weather,CONTRIBUTES_TO,EVT:EMERGENCY_LANDING,1
COND:weather,CAUSES,COND:energy_state,1
COND:weather,TRIGGERS,EVT:AERODYNAMIC_FLUTTER,1
COND:weather,CAUSES,COND:environmental_hazard,1
COND:weather,CONTRIBUTES_TO,EVT:GROUND_LOOP,1
COND:weather,CAUSES,COND:other,2
COND:weather,CAUSES,COND:organizational,1
COND:aerodynamic,CAUSES,EVT:LOSS_OF_CONTROL_GROUND,44
COND:aerodynamic,UNDER_CONDITION,EVT:LOSS_OF_CONTROL_GROUND,6
COND:aerodynamic,CONTRIBUTES_TO,EVT:LOSS_OF_CONTROL_GROUND,3
COND:aerodynamic,ENABLES,EVT:LOSS_OF_CONTROL_GROUND,3
COND:aerodynamic,CAUSES,EVT:LOSS_OF_CONTROL_INFLIGHT,239
COND:aerodynamic,UNDER_CONDITION,EVT:LOSS_OF_CONTROL_INFLIGHT,22
COND:aerodynamic,INDUCED_CONDITION,EVT:LOSS_OF_CONTROL_INFLIGHT,1
COND:aerodynamic,ENABLES,EVT:LOSS_OF_CONTROL_INFLIGHT,7
COND:aerodynamic,CONTRIBUTES_TO,EVT:LOSS_OF_CONTROL_INFLIGHT,6
COND:aerodynamic,INHIBITS,EVT:LOSS_OF_CONTROL_INFLIGHT,2
COND:aerodynamic,CAUSES,EVT:TERRAIN_OR_OBSTACLE_PROXIMITY,6
COND:aerodynamic,ENABLES,EVT:TERRAIN_OR_OBSTACLE_PROXIMITY,1
COND:aerodynamic,CAUSES,EVT:STALL,396
COND:aerodynamic,UNDER_CONDITION,EVT:STALL,51
COND:aerodynamic,ENABLES,EVT:STALL,1
COND:aerodynamic,INDUCED_CONDITION,EVT:STALL,5
COND:aerodynamic,CONTRIBUTES_TO,EVT:STALL,13
COND:aerodynamic,TRIGGERS,EVT:STALL,1
COND:aerodynamic,RESPONDS_TO,EVT:CONTROL_INPUT_IMPROPER,12
COND:aerodynamic,TRIGGERS,EVT:CONTROL_INPUT_IMPROPER,38
COND:aerodynamic,UNDER_CONDITION,EVT:CONTROL_INPUT_IMPROPER,46
COND:aerodynamic,CAUSES,EVT:CONTROL_INPUT_IMPROPER,75
COND:aerodynamic,CONTRIBUTES_TO,EVT:CONTROL_INPUT_IMPROPER,30
COND:aerodynamic,INHIBITS,EVT:CONTROL_INPUT_IMPROPER,8
COND:aerodynamic,ENABLES,EVT:CONTROL_INPUT_IMPROPER,11
COND:aerodynamic,IF_THEN,EVT:CONTROL_INPUT_IMPROPER,4
COND:aerodynamic,INDUCED_CONDITION,EVT:CONTROL_INPUT_IMPROPER,1
COND:aerodynamic,CAUSES,EVT:RUNWAY_EXCURSION_OR_OVERRUN,40
COND:aerodynamic,CONTRIBUTES_TO,EVT:RUNWAY_EXCURSION_OR_OVERRUN,6
COND:aerodynamic,UNDER_CONDITION,EVT:RUNWAY_EXCURSION_OR_OVERRUN,2
COND:aerodynamic,CAUSES,EVT:INSTRUMENT_OR_AVIONICS_FAILURE,1
COND:aerodynamic,CAUSES,EVT:GROUND_IMPACT,135
COND:aerodynamic,CONTRIBUTES_TO,EVT:GROUND_IMPACT,8
COND:aerodynamic,CAUSES,EVT:PERCEPTION_FAILURE,7
COND:aerodynamic,INHIBITS,EVT:PERCEPTION_FAILURE,2
COND:aerodynamic,UNDER_CONDITION,EVT:PERCEPTION_FAILURE,8
COND:aerodynamic,TRIGGERS,EVT:PERCEPTION_FAILURE,11
COND:aerodynamic,CONTRIBUTES_TO,EVT:PERCEPTION_FAILURE,3
COND:aerodynamic,ENABLES,EVT:PERCEPTION_FAILURE,2
COND:aerodynamic,CAUSES,EVT:DECISION_INAPPROPRIATE,32
COND:aerodynamic,IF_THEN,EVT:DECISION_INAPPROPRIATE,5
COND:aerodynamic,TRIGGERS,EVT:DECISION_INAPPROPRIATE,31
COND:aerodynamic,UNDER_CONDITION,EVT:DECISION_INAPPROPRIATE,8
COND:aerodynamic,INHIBITS,EVT:DECISION_INAPPROPRIATE,6
COND:aerodynamic,ENABLES,EVT:DECISION_INAPPROPRIATE,1
COND:aerodynamic,CONTRIBUTES_TO,EVT:DECISION_INAPPROPRIATE,2
COND:aerodynamic,RESPONDS_TO,EVT:DECISION_INAPPROPRIATE,1
COND:aerodynamic,ENABLES,EVT:WAKE_TURBULENCE_ENCOUNTER,1
COND:aerodynamic,CONTRIBUTES_TO,COND:aerodynamic,3
COND:aerodynamic,CAUSES,COND:aerodynamic,33
COND:aerodynamic,CONCURRENT,COND:aerodynamic,1
COND:aerodynamic,INDUCED_CONDITION,COND:aerodynamic,1
COND:aerodynamic,CAUSES,EVT:ALTITUDE_DEVIATION_UNCONTROLLED,41
COND:aerodynamic,UNDER_CONDITION,EVT:ALTITUDE_DEVIATION_UNCONTROLLED,2
COND:aerodynamic,CAUSES,EVT:LANDING_GEAR_ANOMALY,2
COND:aerodynamic,CAUSES,EVT:ENGINE_FAILURE,6
COND:aerodynamic,UNDER_CONDITION,EVT:ENGINE_FAILURE,1
COND:aerodynamic,CONTRIBUTES_TO,EVT:TURBULENCE_ENCOUNTER,2
COND:aerodynamic,ENABLES,EVT:TURBULENCE_ENCOUNTER,1
COND:aerodynamic,UNDER_CONDITION,EVT:TURBULENCE_ENCOUNTER,2
COND:aerodynamic,CAUSES,EVT:TURBULENCE_ENCOUNTER,2
COND:aerodynamic,CAUSES,COND:configuration,1
COND:aerodynamic,CONTRIBUTES_TO,COND:configuration,1
COND:aerodynamic,TRIGGERS,EVT:AIRFRAME_STRUCTURAL_FAILURE,2
COND:aerodynamic,CAUSES,EVT:AIRFRAME_STRUCTURAL_FAILURE,6
COND:aerodynamic,CAUSES,EVT:PROCEDURE_NOT_FOLLOWED,11
COND:aerodynamic,TRIGGERS,EVT:PROCEDURE_NOT_FOLLOWED,6
COND:aerodynamic,UNDER_CONDITION,EVT:PROCEDURE_NOT_FOLLOWED,2
COND:aerodynamic,RESPONDS_TO,EVT:PROCEDURE_NOT_FOLLOWED,1
COND:aerodynamic,INHIBITS,EVT:PROCEDURE_NOT_FOLLOWED,1
COND:aerodynamic,ENABLES,EVT:PROCEDURE_NOT_FOLLOWED,1
COND:aerodynamic,TRIGGERS,EVT:CREW_COORDINATION_FAILURE,3
COND:aerodynamic,CAUSES,EVT:EMERGENCY_LANDING,2
COND:aerodynamic,UNDER_CONDITION,EVT:GROUND_RESONANCE,1
COND:aerodynamic,CAUSES,EVT:GROUND_RESONANCE,1
COND:aerodynamic,CAUSES,EVT:INFLIGHT_BREAKUP,1
COND:aerodynamic,CAUSES,COND:situational,1
COND:aerodynamic,CAUSES,EVT:STRUCTURAL_OVERLOAD,4
COND:aerodynamic,ENABLES,EVT:STRUCTURAL_OVERLOAD,1
COND:aerodynamic,CONTRIBUTES_TO,EVT:WIND_SHEAR_OR_GUST,1
COND:aerodynamic,CO_OCCURS,COND:weather,1
COND:aerodynamic,CAUSES,EVT:APPROACH_UNSTABLE,1
COND:aerodynamic,RESPONDS_TO,EVT:RESPONDS_TO,1
COND:aerodynamic,CAUSES,COND:mental_state,1
COND:aerodynamic,CAUSES,EVT:WATER_IMPACT,4
COND:aerodynamic,CAUSES,COND:structural,1
COND:aerodynamic,ENABLES,COND:structural,1
COND:aerodynamic,ENABLES,EVT:CONTROL_SURFACE_ANOMALY,1
COND:aerodynamic,CAUSES,EVT:CONTROL_SURFACE_ANOMALY,2
COND:aerodynamic,UNDER_CONDITION,EVT:CONTROL_SURFACE_ANOMALY,1
COND:aerodynamic,UNDER_CONDITION,EVT:RUNWAY_CONDITION_HAZARD,1
COND:aerodynamic,CAUSES,COND:situational_awareness,1
COND:aerodynamic,INDUCED_CONDITION,COND:physiological,1
COND:aerodynamic,CAUSES,COND:flight_phase,1
COND:aerodynamic,CAUSES,COND:energy_state,1
COND:aerodynamic,CAUSES,COND:mechanical,1
COND:aerodynamic,CAUSES,EVT:AUTOMATION_ANOMALY,1
COND:human_factors,CAUSES,EVT:CONTROL_INPUT_IMPROPER,55
COND:human_factors,CONTRIBUTES_TO,EVT:CONTROL_INPUT_IMPROPER,184
COND:human_factors,UNDER_CONDITION,EVT:CONTROL_INPUT_IMPROPER,10
COND:human_factors,ENABLES,EVT:CONTROL_INPUT_IMPROPER,5
COND:human_factors,CAUSES,EVT:PROCEDURE_NOT_FOLLOWED,17
COND:human_factors,CONTRIBUTES_TO,EVT:PROCEDURE_NOT_FOLLOWED,28
COND:human_factors,UNDER_CONDITION,EVT:PROCEDURE_NOT_FOLLOWED,4
COND:human_factors,INHIBITS,EVT:PROCEDURE_NOT_FOLLOWED,1
COND:human_factors,ENABLES,EVT:PROCEDURE_NOT_FOLLOWED,1
COND:human_factors,CONTRIBUTES_TO,EVT:DECISION_INAPPROPRIATE,62
COND:human_factors,CAUSES,EVT:DECISION_INAPPROPRIATE,28
COND:human_factors,UNDER_CONDITION,EVT:DECISION_INAPPROPRIATE,1
COND:human_factors,ENABLES,EVT:DECISION_INAPPROPRIATE,5
COND:human_factors,IF_THEN,EVT:DECISION_INAPPROPRIATE,1
COND:human_factors,CONTRIBUTES_TO,EVT:RUNWAY_EXCURSION_OR_OVERRUN,7
COND:human_factors,CAUSES,EVT:GROUND_IMPACT,5
COND:human_factors,CONTRIBUTES_TO,EVT:GROUND_IMPACT,3
COND:human_factors,CONTRIBUTES_TO,EVT:SPATIAL_DISORIENTATION,21
COND:human_factors,CAUSES,EVT:SPATIAL_DISORIENTATION,8
COND:human_factors,UNDER_CONDITION,EVT:SPATIAL_DISORIENTATION,5
COND:human_factors,INDUCED_CONDITION,EVT:SPATIAL_DISORIENTATION,2
COND:human_factors,INHIBITS,EVT:CREW_COORDINATION_FAILURE,1
COND:human_factors,CAUSES,EVT:CREW_COORDINATION_FAILURE,6
COND:human_factors,CONTRIBUTES_TO,EVT:CREW_COORDINATION_FAILURE,4
COND:human_factors,UNDER_CONDITION,EVT:CREW_COORDINATION_FAILURE,1
COND:human_factors,CONTRIBUTES_TO,EVT:LOSS_OF_CONTROL_INFLIGHT,14
COND:human_factors,CAUSES,EVT:LOSS_OF_CONTROL_INFLIGHT,12
COND:human_factors,ENABLES,EVT:LOSS_OF_CONTROL_INFLIGHT,1
COND:human_factors,INHIBITS,EVT:LOSS_OF_CONTROL_INFLIGHT,1
COND:human_factors,CONTRIBUTES_TO,EVT:LOSS_OF_CONTROL_GROUND,22
COND:human_factors,CAUSES,EVT:LOSS_OF_CONTROL_GROUND,5
COND:human_factors,CONTRIBUTES_TO,EVT:PERCEPTION_FAILURE,34
COND:human_factors,CAUSES,EVT:PERCEPTION_FAILURE,37
COND:human_factors,ENABLES,EVT:PERCEPTION_FAILURE,2
COND:human_factors,UNDER_CONDITION,EVT:PERCEPTION_FAILURE,5
COND:human_factors,CAUSES,EVT:TRAINING_OR_CURRENCY_GAP,3
COND:human_factors,CONTRIBUTES_TO,EVT:LOW_VISIBILITY_OR_IMC,1
COND:human_factors,CONTRIBUTES_TO,COND:human_factors,5
COND:human_factors,CAUSES,COND:human_factors,3
COND:human_factors,CONTRIBUTES_TO,COND:mechanical,1
COND:human_factors,CAUSES,COND:mechanical,5
COND:human_factors,CAUSES,EVT:PILOT_INCAPACITATION_OR_IMPAIRMENT,2
COND:human_factors,CONTRIBUTES_TO,EVT:TERRAIN_OR_OBSTACLE_PROXIMITY,2
COND:human_factors,CAUSES,EVT:TERRAIN_OR_OBSTACLE_PROXIMITY,1
COND:human_factors,CONTRIBUTES_TO,ENT:person,1
COND:human_factors,UNDER_CONDITION,ENT:person,2
COND:human_factors,CAUSES,EVT:LANDING_GEAR_ANOMALY,1
COND:human_factors,CONTRIBUTES_TO,EVT:INJURY_OR_FATALITY,5
COND:human_factors,ENABLES,EVT:INJURY_OR_FATALITY,1
COND:human_factors,CONTRIBUTES_TO,EVT:STALL,2
COND:human_factors,CONTRIBUTES_TO,EVT:GROUND_PERSONNEL_ERROR,1
COND:human_factors,CAUSES,EVT:GROUND_PERSONNEL_ERROR,1
COND:human_factors,CONTRIBUTES_TO,EVT:ALTITUDE_DEVIATION_UNCONTROLLED,2
COND:human_factors,CAUSES,EVT:ALTITUDE_DEVIATION_UNCONTROLLED,1
COND:human_factors,CONTRIBUTES_TO,EVT:WIND_SHEAR_OR_GUST,1
COND:human_factors,CAUSES,EVT:ORG_OR_REGULATORY_INADEQUATE,1
COND:human_factors,CONTRIBUTES_TO,EVT:AIRFRAME_STRUCTURAL_FAILURE,1
COND:human_factors,INHIBITS,EVT:INSTRUMENT_OR_AVIONICS_FAILURE,1
COND:human_factors,ENABLES,EVT:BIRD_OR_WILDLIFE_STRIKE,1
COND:human_factors,CONTRIBUTES_TO,COND:organizational,1
COND:organizational,ENABLES,COND:mechanical,109
COND:organizational,CAUSES,COND:mechanical,475
COND:organizational,CONTRIBUTES_TO,COND:mechanical,104
COND:organizational,INHIBITS,COND:mechanical,8
COND:organizational,MASKED_BY_CONDITION,COND:mechanical,2
COND:organizational,MASKED_BY_CONDITION,ENT:aircraft,1
COND:organizational,UNDER_CONDITION,ENT:aircraft,7
COND:organizational,INHIBITS,ENT:aircraft,3
COND:organizational,ENABLES,ENT:aircraft,1
COND:organizational,SUPERVISED_BY,ENT:aircraft,2
COND:organizational,CONTRIBUTES_TO,EVT:PROCEDURE_NOT_FOLLOWED,142
COND:organizational,CAUSES,EVT:PROCEDURE_NOT_FOLLOWED,68
COND:organizational,ENABLES,EVT:PROCEDURE_NOT_FOLLOWED,41
COND:organizational,UNDER_CONDITION,EVT:PROCEDURE_NOT_FOLLOWED,3
COND:organizational,INHIBITS,EVT:PROCEDURE_NOT_FOLLOWED,7
COND:organizational,CONTRIBUTES_TO,EVT:DECISION_INAPPROPRIATE,154
COND:organizational,CAUSES,EVT:DECISION_INAPPROPRIATE,56
COND:organizational,UNDER_CONDITION,EVT:DECISION_INAPPROPRIATE,6
COND:organizational,ENABLES,EVT:DECISION_INAPPROPRIATE,36
COND:organizational,INHIBITS,EVT:DECISION_INAPPROPRIATE,5
COND:organizational,CONTRIBUTES_TO,EVT:CONTROL_INPUT_IMPROPER,152
COND:organizational,CAUSES,EVT:CONTROL_INPUT_IMPROPER,13
COND:organizational,UNDER_CONDITION,EVT:CONTROL_INPUT_IMPROPER,4
COND:organizational,ENABLES,EVT:CONTROL_INPUT_IMPROPER,7
COND:organizational,INHIBITS,EVT:CONTROL_INPUT_IMPROPER,8
COND:organizational,CONTRIBUTES_TO,EVT:MAINTENANCE_INADEQUATE,55
COND:organizational,CAUSES,EVT:MAINTENANCE_INADEQUATE,83
COND:organizational,ENABLES,EVT:MAINTENANCE_INADEQUATE,16
COND:organizational,INHIBITS,EVT:MAINTENANCE_INADEQUATE,5
COND:organizational,UNDER_CONDITION,EVT:MAINTENANCE_INADEQUATE,4
COND:organizational,RESPONDS_TO,EVT:MAINTENANCE_INADEQUATE,1
COND:organizational,CAUSES,COND:organizational,19
COND:organizational,CONTRIBUTES_TO,COND:organizational,8
COND:organizational,ENABLES,COND:organizational,3
COND:organizational,CONCURRENT,COND:organizational,1
COND:organizational,CONTRIBUTES_TO,COND:human,2
COND:organizational,CAUSES,COND:human,1
COND:organizational,CAUSES,COND:environmental,24
COND:organizational,ENABLES,COND:environmental,8
COND:organizational,CONTRIBUTES_TO,COND:environmental,2
COND:organizational,MASKED_BY_CONDITION,COND:environmental,1
COND:organizational,CAUSES,COND:design,1
COND:organizational,ENABLES,COND:design,1
COND:organizational,CONCURRENT,COND:design,1
COND:organizational,CONTRIBUTES_TO,COND:design,1
COND:organizational,CAUSES,COND:human_performance,1
COND:organizational,CONTRIBUTES_TO,COND:medical,2
COND:organizational,ENABLES,COND:medical,8
COND:organizational,CAUSES,COND:medical,1
COND:organizational,CAUSES,EVT:PERCEPTION_FAILURE,30
COND:organizational,CONTRIBUTES_TO,EVT:PERCEPTION_FAILURE,68
COND:organizational,ENABLES,EVT:PERCEPTION_FAILURE,10
COND:organizational,INHIBITS,EVT:PERCEPTION_FAILURE,7
COND:organizational,UNDER_CONDITION,EVT:PERCEPTION_FAILURE,3
COND:organizational,MASKED_BY_CONDITION,EVT:PERCEPTION_FAILURE,1
COND:organizational,CAUSES,EVT:CREW_COORDINATION_FAILURE,26
COND:organizational,CONTRIBUTES_TO,EVT:CREW_COORDINATION_FAILURE,14
COND:organizational,UNDER_CONDITION,EVT:CREW_COORDINATION_FAILURE,2
COND:organizational,ENABLES,EVT:CREW_COORDINATION_FAILURE,3
COND:organizational,CONTEXT,EVT:CREW_COORDINATION_FAILURE,1
COND:organizational,CONTRIBUTES_TO,EVT:GROUND_IMPACT,10
COND:organizational,ENABLES,EVT:GROUND_IMPACT,1
COND:organizational,UNDER_CONDITION,ENT:person,14
COND:organizational,INHIBITS,ENT:person,10
COND:organizational,CAUSES,ENT:person,2
COND:organizational,SUPERVISED_BY,ENT:person,4
COND:organizational,ENABLES,ENT:person,1
COND:organizational,CAUSES,EVT:ATC_OR_DISPATCH_INADEQUATE,13
COND:organizational,CONTRIBUTES_TO,EVT:ATC_OR_DISPATCH_INADEQUATE,7
COND:organizational,ENABLES,EVT:ATC_OR_DISPATCH_INADEQUATE,4
COND:organizational,CONTRIBUTES_TO,COND:weather,2
COND:organizational,CAUSES,COND:weather,4
COND:organizational,ENABLES,COND:weather,1
COND:organizational,MASKED_BY_CONDITION,COND:weather,1
COND:organizational,CAUSES,EVT:TRAINING_OR_CURRENCY_GAP,3
COND:organizational,UNDER_CONDITION,EVT:TRAINING_OR_CURRENCY_GAP,3
COND:organizational,INDUCED_CONDITION,EVT:TRAINING_OR_CURRENCY_GAP,2
COND:organizational,ENABLES,EVT:TRAINING_OR_CURRENCY_GAP,3
COND:organizational,CONTRIBUTES_TO,EVT:TRAINING_OR_CURRENCY_GAP,2
COND:organizational,CONTRIBUTES_TO,EVT:TERRAIN_OR_OBSTACLE_PROXIMITY,7
COND:organizational,CAUSES,EVT:TERRAIN_OR_OBSTACLE_PROXIMITY,1
COND:organizational,CONTRIBUTES_TO,COND:knowledge,1
COND:organizational,CAUSES,COND:knowledge,3
COND:organizational,ENABLES,COND:knowledge,1
COND:organizational,CAUSES,EVT:GROUND_PERSONNEL_ERROR,15
COND:organizational,CONTRIBUTES_TO,EVT:GROUND_PERSONNEL_ERROR,19
COND:organizational,ENABLES,EVT:GROUND_PERSONNEL_ERROR,12
COND:organizational,UNDER_CONDITION,EVT:GROUND_PERSONNEL_ERROR,2
COND:organizational,ENABLES,EVT:ORG_OR_REGULATORY_INADEQUATE,2
COND:organizational,CAUSES,EVT:ORG_OR_REGULATORY_INADEQUATE,14
COND:organizational,CONTRIBUTES_TO,EVT:ORG_OR_REGULATORY_INADEQUATE,2
COND:organizational,UNDER_CONDITION,EVT:ORG_OR_REGULATORY_INADEQUATE,6
COND:organizational,ENABLES,EVT:RUNWAY_EXCURSION_OR_OVERRUN,1
COND:organizational,CONTRIBUTES_TO,EVT:RUNWAY_EXCURSION_OR_OVERRUN,3
COND:organizational,CAUSES,EVT:RUNWAY_EXCURSION_OR_OVERRUN,3
COND:organizational,INHIBITS,EVT:RUNWAY_EXCURSION_OR_OVERRUN,1
COND:organizational,CONTRIBUTES_TO,EVT:LOSS_OF_CONTROL_GROUND,19
COND:organizational,ENABLES,EVT:LOSS_OF_CONTROL_GROUND,1
COND:organizational,CONTRIBUTES_TO,EVT:INJURY_OR_FATALITY,21
COND:organizational,ENABLES,EVT:INJURY_OR_FATALITY,1
COND:organizational,INHIBITS,EVT:INJURY_OR_FATALITY,1
COND:organizational,CAUSES,COND:physiological,1
COND:organizational,ENABLES,COND:physiological,4
COND:organizational,CONTRIBUTES_TO,COND:physiological,4
COND:organizational,ENABLES,COND:medication,1
COND:organizational,ENABLES,EVT:DESIGN_DEFECT_LATENT,1
COND:organizational,CAUSES,EVT:DESIGN_DEFECT_LATENT,1
COND:organizational,CONTRIBUTES_TO,EVT:ENGINE_FAILURE,13
COND:organizational,CAUSES,EVT:ENGINE_FAILURE,1
COND:organizational,ENABLES,EVT:ENGINE_FAILURE,2
COND:organizational,ENABLES,EVT:ICING_ENCOUNTER,2
COND:organizational,CONTRIBUTES_TO,EVT:ICING_ENCOUNTER,1
COND:organizational,CAUSES,COND:infrastructure,2
COND:organizational,ENABLES,COND:infrastructure,1
COND:organizational,CONTRIBUTES_TO,COND:infrastructure,1
COND:organizational,INHIBITS,EVT:LOSS_OF_CONTROL_INFLIGHT,1
COND:organizational,CONTRIBUTES_TO,EVT:LOSS_OF_CONTROL_INFLIGHT,9
COND:organizational,CAUSES,EVT:LOSS_OF_CONTROL_INFLIGHT,1
COND:organizational,CONTRIBUTES_TO,COND:operational,1
COND:organizational,CONTRIBUTES_TO,EVT:STRUCTURAL_OVERLOAD,1
COND:organizational,CONTRIBUTES_TO,EVT:SPATIAL_DISORIENTATION,6
COND:organizational,CAUSES,EVT:SPATIAL_DISORIENTATION,2
COND:organizational,CONTRIBUTES_TO,EVT:STALL,4
COND:organizational,CAUSES,EVT:STALL,2
COND:organizational,INHIBITS,EVT:STALL,1
COND:organizational,CONTRIBUTES_TO,COND:latent_defect,3
COND:organizational,CAUSES,COND:latent_defect,3
COND:organizational,ENABLES,COND:latent_defect,1
COND:organizational,ENABLES,EVT:PILOT_INCAPACITATION_OR_IMPAIRMENT,4
COND:organizational,CONTRIBUTES_TO,EVT:PILOT_INCAPACITATION_OR_IMPAIRMENT,9
COND:organizational,UNDER_CONDITION,EVT:PILOT_INCAPACITATION_OR_IMPAIRMENT,1
COND:organizational,CAUSES,EVT:CONTROL_SURFACE_ANOMALY,2
COND:organizational,CONTRIBUTES_TO,EVT:CONTROL_SURFACE_ANOMALY,1
COND:organizational,CAUSES,COND:procedural,2
COND:organizational,CONTRIBUTES_TO,COND:procedural,1
COND:organizational,ENABLES,EVT:BIRD_OR_WILDLIFE_STRIKE,3
COND:organizational,CONTRIBUTES_TO,EVT:BIRD_OR_WILDLIFE_STRIKE,2
COND:organizational,CONTRIBUTES_TO,EVT:AIRFRAME_STRUCTURAL_FAILURE,7
COND:organizational,ENABLES,EVT:TURBULENCE_ENCOUNTER,1
COND:organizational,CAUSES,EVT:TURBULENCE_ENCOUNTER,3
COND:organizational,CONTRIBUTES_TO,EVT:TURBULENCE_ENCOUNTER,3
COND:organizational,CONTRIBUTES_TO,EVT:INFLIGHT_FIRE_OR_SMOKE,1
COND:organizational,CONTRIBUTES_TO,COND:human_factors,1
COND:organizational,CAUSES,COND:human_factors,2
COND:organizational,SUPERVISED_BY,ENT:organization,3
COND:organizational,CONTRIBUTES_TO,EVT:INSTRUMENT_OR_AVIONICS_FAILURE,2
COND:organizational,CAUSES,EVT:INSTRUMENT_OR_AVIONICS_FAILURE,1
COND:organizational,CAUSES,COND:information,2
COND:organizational,CAUSES,COND:human_factor,1
COND:organizational,CONTRIBUTES_TO,COND:human_factor,1
COND:organizational,SUPERVISED_BY,ENT:component,1
COND:organizational,CONTRIBUTES_TO,EVT:RUNWAY_CONDITION_HAZARD,1
COND:organizational,CONTRIBUTES_TO,EVT:LOW_VISIBILITY_OR_IMC,4
COND:organizational,CONTRIBUTES_TO,EVT:ALTITUDE_DEVIATION_UNCONTROLLED,3
COND:organizational,CAUSES,COND:structural,2
COND:organizational,CAUSES,COND:physical,1
COND:organizational,ENABLES,COND:physical,1
COND:organizational,CONTRIBUTES_TO,EVT:FUEL_SYSTEM_ANOMALY,1
COND:organizational,CAUSES,EVT:FUEL_SYSTEM_ANOMALY,1
COND:organizational,CONTRIBUTES_TO,EVT:EMERGENCY_LANDING,2
COND:organizational,ENABLES,EVT:TAKEOFF_IMPROPER,1
COND:organizational,ENABLES,EVT:LANDING_GEAR_ANOMALY,2
COND:organizational,CAUSES,EVT:LANDING_GEAR_ANOMALY,1
COND:organizational,MITIGATES,EVT:WATER_IMPACT,1
COND:organizational,CONTRIBUTES_TO,EVT:GROUND_COLLISION_OR_OBSTACLE_STRIKE,1
COND:organizational,CONTRIBUTES_TO,EVT:HYDRAULIC_SYSTEM_FAILURE,1
COND:organizational,CONTRIBUTES_TO,COND:workload,1
COND:organizational,CAUSES,COND:cognitive,1
COND:organizational,CONTRIBUTES_TO,EVT:MIDAIR_COLLISION,1
COND:organizational,CONTRIBUTES_TO,EVT:RESPONDS_TO,1
COND:organizational,CAUSES,EVT:ENGINE_START,1
COND:organizational,INHIBITS,EVT:SUCCESSFUL_RECOVERY,1
COND:environmental,CAUSES,COND:weather,5
COND:environmental,INDUCED_CONDITION,COND:weather,1
COND:environmental,CONTRIBUTES_TO,COND:weather,2
COND:environmental,CO_OCCURS,COND:weather,1
COND:environmental,MASKED_BY_CONDITION,COND:weather,2
COND:environmental,CONCURRENT,COND:weather,1
COND:environmental,CONTRIBUTES_TO,EVT:DECISION_INAPPROPRIATE,154
COND:environmental,UNDER_CONDITION,EVT:DECISION_INAPPROPRIATE,84
COND:environmental,CAUSES,EVT:DECISION_INAPPROPRIATE,153
COND:environmental,TRIGGERS,EVT:DECISION_INAPPROPRIATE,18
COND:environmental,IF_THEN,EVT:DECISION_INAPPROPRIATE,3
COND:environmental,ENABLES,EVT:DECISION_INAPPROPRIATE,52
COND:environmental,INHIBITS,EVT:DECISION_INAPPROPRIATE,49
COND:environmental,MASKED_BY_CONDITION,EVT:DECISION_INAPPROPRIATE,3
COND:environmental,RESPONDS_TO,EVT:DECISION_INAPPROPRIATE,1
COND:environmental,ENABLES,EVT:GROUND_IMPACT,196
COND:environmental,CONTRIBUTES_TO,EVT:GROUND_IMPACT,1510
COND:environmental,CAUSES,EVT:GROUND_IMPACT,344
COND:environmental,UNDER_CONDITION,EVT:GROUND_IMPACT,132
COND:environmental,INHIBITS,EVT:GROUND_IMPACT,4
COND:environmental,CONCURRENT,EVT:GROUND_IMPACT,1
COND:environmental,CONTRIBUTES_TO,EVT:PERCEPTION_FAILURE,188
COND:environmental,CAUSES,EVT:PERCEPTION_FAILURE,197
COND:environmental,UNDER_CONDITION,EVT:PERCEPTION_FAILURE,133
COND:environmental,MASKED_BY_CONDITION,EVT:PERCEPTION_FAILURE,59
COND:environmental,ENABLES,EVT:PERCEPTION_FAILURE,25
COND:environmental,INHIBITS,EVT:PERCEPTION_FAILURE,32
COND:environmental,TRIGGERS,EVT:PERCEPTION_FAILURE,4
COND:environmental,DETECTS,EVT:PERCEPTION_FAILURE,1
COND:environmental,CONTEXT,EVT:PERCEPTION_FAILURE,1
COND:environmental,ENABLES,EVT:TERRAIN_OR_OBSTACLE_PROXIMITY,51
COND:environmental,UNDER_CONDITION,EVT:TERRAIN_OR_OBSTACLE_PROXIMITY,57
COND:environmental,CAUSES,EVT:TERRAIN_OR_OBSTACLE_PROXIMITY,24
COND:environmental,CONTRIBUTES_TO,EVT:TERRAIN_OR_OBSTACLE_PROXIMITY,28
COND:environmental,MASKED_BY_CONDITION,EVT:TERRAIN_OR_OBSTACLE_PROXIMITY,1
COND:environmental,CAUSES,EVT:RUNWAY_EXCURSION_OR_OVERRUN,100
COND:environmental,CONTRIBUTES_TO,EVT:RUNWAY_EXCURSION_OR_OVERRUN,169
COND:environmental,UNDER_CONDITION,EVT:RUNWAY_EXCURSION_OR_OVERRUN,75
COND:environmental,ENABLES,EVT:RUNWAY_EXCURSION_OR_OVERRUN,28
COND:environmental,MASKED_BY_CONDITION,EVT:RUNWAY_EXCURSION_OR_OVERRUN,1
COND:environmental,INHIBITS,EVT:CONTROL_INPUT_IMPROPER,23
COND:environmental,CAUSES,EVT:CONTROL_INPUT_IMPROPER,118
COND:environmental,UNDER_CONDITION,EVT:CONTROL_INPUT_IMPROPER,152
COND:environmental,CONTRIBUTES_TO,EVT:CONTROL_INPUT_IMPROPER,341
COND:environmental,ENABLES,EVT:CONTROL_INPUT_IMPROPER,37
COND:environmental,TRIGGERS,EVT:CONTROL_INPUT_IMPROPER,32
COND:environmental,MASKED_BY_CONDITION,EVT:CONTROL_INPUT_IMPROPER,5
COND:environmental,RESPONDS_TO,EVT:CONTROL_INPUT_IMPROPER,3
COND:environmental,CONCURRENT,EVT:CONTROL_INPUT_IMPROPER,2
COND:environmental,CONTEXT,EVT:CONTROL_INPUT_IMPROPER,1
COND:environmental,CONTRIBUTES_TO,EVT:STRUCTURAL_OVERLOAD,55
COND:environmental,CAUSES,EVT:STRUCTURAL_OVERLOAD,22
COND:environmental,UNDER_CONDITION,EVT:STRUCTURAL_OVERLOAD,2
COND:environmental,ENABLES,EVT:STRUCTURAL_OVERLOAD,3
COND:environmental,UNDER_CONDITION,EVT:STALL,6
COND:environmental,CONTRIBUTES_TO,EVT:STALL,97
COND:environmental,CAUSES,EVT:STALL,23
COND:environmental,INHIBITS,EVT:STALL,4
COND:environmental,ENABLES,EVT:STALL,3
COND:environmental,UNDER_CONDITION,EVT:LOSS_OF_CONTROL_INFLIGHT,29
COND:environmental,CONTRIBUTES_TO,EVT:LOSS_OF_CONTROL_INFLIGHT,108
COND:environmental,INHIBITS,EVT:LOSS_OF_CONTROL_INFLIGHT,10
COND:environmental,CAUSES,EVT:LOSS_OF_CONTROL_INFLIGHT,70
COND:environmental,TRIGGERS,EVT:LOSS_OF_CONTROL_INFLIGHT,1
COND:environmental,ENABLES,EVT:LOSS_OF_CONTROL_INFLIGHT,3
COND:environmental,CONTRIBUTES_TO,EVT:WATER_IMPACT,25
COND:environmental,UNDER_CONDITION,EVT:WATER_IMPACT,3
COND:environmental,ENABLES,EVT:WATER_IMPACT,1
COND:environmental,CAUSES,EVT:WATER_IMPACT,3
COND:environmental,CAUSES,COND:mechanical,93
COND:environmental,CONTRIBUTES_TO,COND:mechanical,41
COND:environmental,ENABLES,COND:mechanical,5
COND:environmental,UNDER_CONDITION,COND:mechanical,1
COND:environmental,IF_THEN,COND:mechanical,1
COND:environmental,CONCURRENT,COND:mechanical,1
COND:environmental,TRIGGERS,COND:mechanical,1
COND:environmental,CAUSES,EVT:PROCEDURE_NOT_FOLLOWED,41
COND:environmental,ENABLES,EVT:PROCEDURE_NOT_FOLLOWED,27
COND:environmental,CONTRIBUTES_TO,EVT:PROCEDURE_NOT_FOLLOWED,59
COND:environmental,TRIGGERS,EVT:PROCEDURE_NOT_FOLLOWED,9
COND:environmental,INHIBITS,EVT:PROCEDURE_NOT_FOLLOWED,22
COND:environmental,UNDER_CONDITION,EVT:PROCEDURE_NOT_FOLLOWED,45
COND:environmental,RESPONDS_TO,EVT:PROCEDURE_NOT_FOLLOWED,2
COND:environmental,CONTEXT,EVT:PROCEDURE_NOT_FOLLOWED,1
COND:environmental,CONTRIBUTES_TO,EVT:ALTITUDE_DEVIATION_UNCONTROLLED,32
COND:environmental,UNDER_CONDITION,EVT:ALTITUDE_DEVIATION_UNCONTROLLED,8
COND:environmental,CAUSES,EVT:ALTITUDE_DEVIATION_UNCONTROLLED,20
COND:environmental,INHIBITS,EVT:ALTITUDE_DEVIATION_UNCONTROLLED,1
COND:environmental,ENABLES,EVT:ALTITUDE_DEVIATION_UNCONTROLLED,1
COND:environmental,UNDER_CONDITION,EVT:RUNWAY_CONDITION_HAZARD,92
COND:environmental,CAUSES,EVT:RUNWAY_CONDITION_HAZARD,31
COND:environmental,ENABLES,EVT:RUNWAY_CONDITION_HAZARD,10
COND:environmental,INDUCED_CONDITION,EVT:RUNWAY_CONDITION_HAZARD,1
COND:environmental,CONTRIBUTES_TO,EVT:RUNWAY_CONDITION_HAZARD,2
COND:environmental,MASKED_BY_CONDITION,EVT:RUNWAY_CONDITION_HAZARD,1
COND:environmental,UNDER_CONDITION,EVT:LOW_VISIBILITY_OR_IMC,26
COND:environmental,ENABLES,EVT:LOW_VISIBILITY_OR_IMC,4
COND:environmental,CAUSES,EVT:LOW_VISIBILITY_OR_IMC,6
COND:environmental,CONTRIBUTES_TO,EVT:LOW_VISIBILITY_OR_IMC,2
COND:environmental,CONTRIBUTES_TO,EVT:ENGINE_FAILURE,52
COND:environmental,CAUSES,EVT:ENGINE_FAILURE,37
COND:environmental,IF_THEN,EVT:ENGINE_FAILURE,1
COND:environmental,INHIBITS,EVT:ENGINE_FAILURE,1
COND:environmental,UNDER_CONDITION,EVT:ENGINE_FAILURE,4
COND:environmental,TRIGGERS,EVT:ENGINE_FAILURE,2
COND:environmental,CO_OCCURS,COND:infrastructure,1
COND:environmental,CONCURRENT,COND:infrastructure,3
COND:environmental,UNDER_CONDITION,COND:infrastructure,1
COND:environmental,ENABLES,COND:infrastructure,1
COND:environmental,CONCURRENT,COND:environmental,9
COND:environmental,CAUSES,COND:environmental,48
COND:environmental,CONTRIBUTES_TO,COND:environmental,3
COND:environmental,ENABLES,COND:environmental,13
COND:environmental,CO_OCCURS,COND:environmental,2
COND:environmental,INDUCED_CONDITION,COND:environmental,2
COND:environmental,IF_THEN,COND:environmental,2
COND:environmental,TRIGGERS,COND:environmental,1
COND:environmental,UNDER_CONDITION,EVT:SPATIAL_DISORIENTATION,15
COND:environmental,ENABLES,EVT:SPATIAL_DISORIENTATION,2
COND:environmental,CONTRIBUTES_TO,EVT:SPATIAL_DISORIENTATION,17
COND:environmental,CAUSES,EVT:SPATIAL_DISORIENTATION,25
COND:environmental,INHIBITS,EVT:SPATIAL_DISORIENTATION,1
COND:environmental,CONTRIBUTES_TO,EVT:LOSS_OF_CONTROL_GROUND,131
COND:environmental,ENABLES,EVT:LOSS_OF_CONTROL_GROUND,21
COND:environmental,UNDER_CONDITION,EVT:LOSS_OF_CONTROL_GROUND,22
COND:environmental,CAUSES,EVT:LOSS_OF_CONTROL_GROUND,86
COND:environmental,TRIGGERS,EVT:LOSS_OF_CONTROL_GROUND,1
COND:environmental,INHIBITS,EVT:LOSS_OF_CONTROL_GROUND,1
COND:environmental,UNDER_CONDITION,EVT:FUEL_SYSTEM_ANOMALY,3
COND:environmental,CAUSES,EVT:FUEL_SYSTEM_ANOMALY,10
COND:environmental,CONTRIBUTES_TO,EVT:FUEL_SYSTEM_ANOMALY,4
COND:environmental,ENABLES,EVT:FUEL_SYSTEM_ANOMALY,1
COND:environmental,CAUSES,COND:resource,1
COND:environmental,CONTRIBUTES_TO,COND:resource,6
COND:environmental,CAUSES,COND:human,4
COND:environmental,CONCURRENT,COND:human,2
COND:environmental,CONTRIBUTES_TO,COND:human,1
COND:environmental,CAUSES,EVT:INFLIGHT_FIRE_OR_SMOKE,15
COND:environmental,ENABLES,EVT:INFLIGHT_FIRE_OR_SMOKE,9
COND:environmental,UNDER_CONDITION,EVT:INFLIGHT_FIRE_OR_SMOKE,3
COND:environmental,CONTRIBUTES_TO,EVT:INFLIGHT_FIRE_OR_SMOKE,1
COND:environmental,CAUSES,EVT:CONTROL_SURFACE_ANOMALY,7
COND:environmental,ENABLES,EVT:CONTROL_SURFACE_ANOMALY,3
COND:environmental,UNDER_CONDITION,EVT:CONTROL_SURFACE_ANOMALY,2
COND:environmental,TRIGGERS,EVT:CONTROL_SURFACE_ANOMALY,1
COND:environmental,CONTRIBUTES_TO,EVT:CONTROL_SURFACE_ANOMALY,6
COND:environmental,UNDER_CONDITION,EVT:EMERGENCY_LANDING,7
COND:environmental,CONTRIBUTES_TO,EVT:EMERGENCY_LANDING,27
COND:environmental,CAUSES,EVT:EMERGENCY_LANDING,7
COND:environmental,INHIBITS,EVT:EMERGENCY_LANDING,2
COND:environmental,CAUSES,EVT:TURBULENCE_ENCOUNTER,14
COND:environmental,UNDER_CONDITION,EVT:TURBULENCE_ENCOUNTER,24
COND:environmental,ENABLES,EVT:TURBULENCE_ENCOUNTER,2
COND:environmental,CONTRIBUTES_TO,EVT:TURBULENCE_ENCOUNTER,3
COND:environmental,UNDER_CONDITION,EVT:BIRD_OR_WILDLIFE_STRIKE,33
COND:environmental,ENABLES,EVT:BIRD_OR_WILDLIFE_STRIKE,23
COND:environmental,CONTRIBUTES_TO,EVT:BIRD_OR_WILDLIFE_STRIKE,17
COND:environmental,CAUSES,EVT:BIRD_OR_WILDLIFE_STRIKE,21
COND:environmental,CONTRIBUTES_TO,EVT:INJURY_OR_FATALITY,5
COND:environmental,CAUSES,EVT:INJURY_OR_FATALITY,3
COND:environmental,UNDER_CONDITION,EVT:INJURY_OR_FATALITY,1
COND:environmental,CONTRIBUTES_TO,EVT:WIND_SHEAR_OR_GUST,4
COND:environmental,UNDER_CONDITION,EVT:WIND_SHEAR_OR_GUST,18
COND:environmental,CAUSES,EVT:WIND_SHEAR_OR_GUST,32
COND:environmental,ENABLES,EVT:WIND_SHEAR_OR_GUST,2
COND:environmental,CONTRIBUTES_TO,EVT:AIRFRAME_STRUCTURAL_FAILURE,15
COND:environmental,UNDER_CONDITION,EVT:AIRFRAME_STRUCTURAL_FAILURE,1
COND:environmental,CAUSES,EVT:AIRFRAME_STRUCTURAL_FAILURE,23
COND:environmental,CONTRIBUTES_TO,COND:human_factor,4
COND:environmental,CAUSES,COND:human_factor,9
COND:environmental,CO_OCCURS,COND:human_factor,1
COND:environmental,CAUSES,COND:material,1
COND:environmental,CONTRIBUTES_TO,COND:situational_awareness,1
COND:environmental,MASKED_BY_CONDITION,COND:situational_awareness,1
COND:environmental,CAUSES,COND:perceptual,13
COND:environmental,CONTRIBUTES_TO,COND:perceptual,3
COND:environmental,ENABLES,COND:perceptual,2
COND:environmental,MASKED_BY_CONDITION,COND:perceptual,1
COND:environmental,INHIBITS,COND:perceptual,1
COND:environmental,ENABLES,COND:aerodynamic,8
COND:environmental,CAUSES,COND:aerodynamic,34
COND:environmental,CONTRIBUTES_TO,COND:aerodynamic,15
COND:environmental,CONCURRENT,COND:aerodynamic,1
COND:environmental,CAUSES,EVT:AUTOMATION_ANOMALY,1
COND:environmental,TRIGGERS,EVT:AUTOMATION_ANOMALY,1
COND:environmental,CAUSES,EVT:PILOT_INCAPACITATION_OR_IMPAIRMENT,5
COND:environmental,CONTRIBUTES_TO,EVT:PILOT_INCAPACITATION_OR_IMPAIRMENT,2
COND:environmental,ENABLES,EVT:PILOT_INCAPACITATION_OR_IMPAIRMENT,1
COND:environmental,CONTRIBUTES_TO,EVT:LANDING_GEAR_ANOMALY,23
COND:environmental,CAUSES,EVT:LANDING_GEAR_ANOMALY,32
COND:environmental,TRIGGERS,EVT:LANDING_GEAR_ANOMALY,1
COND:environmental,UNDER_CONDITION,EVT:LANDING_GEAR_ANOMALY,6
COND:environmental,ENABLES,EVT:LANDING_GEAR_ANOMALY,2
COND:environmental,CAUSES,COND:organizational,6
COND:environmental,ENABLES,EVT:GROUND_INCIDENT,1
COND:environmental,CONTRIBUTES_TO,COND:human_factors,4
COND:environmental,CONCURRENT,COND:human_factors,1
COND:environmental,CAUSES,COND:human_factors,2
COND:environmental,CAUSES,EVT:TIRE_FAILURE,1
COND:environmental,CAUSES,EVT:ICING_ENCOUNTER,1
COND:environmental,UNDER_CONDITION,EVT:ICING_ENCOUNTER,1
COND:environmental,UNDER_CONDITION,EVT:INSTRUMENT_OR_AVIONICS_FAILURE,1
COND:environmental,ENABLES,EVT:INSTRUMENT_OR_AVIONICS_FAILURE,1
COND:environmental,CAUSES,EVT:INSTRUMENT_OR_AVIONICS_FAILURE,2
COND:environmental,CONTRIBUTES_TO,EVT:BRAKING_FAILURE,1
COND:environmental,CONTRIBUTES_TO,EVT:LANDING_LANDS_LONG,1
COND:environmental,ENABLES,EVT:ATC_OR_DISPATCH_INADEQUATE,1
COND:environmental,UNDER_CONDITION,EVT:ATC_OR_DISPATCH_INADEQUATE,1
COND:environmental,CONTRIBUTES_TO,EVT:ATC_OR_DISPATCH_INADEQUATE,1
COND:environmental,CAUSES,EVT:ATC_OR_DISPATCH_INADEQUATE,1
COND:environmental,CAUSES,COND:performance,7
COND:environmental,CONTRIBUTES_TO,COND:performance,2
COND:environmental,CAUSES,COND:physiological,16
COND:environmental,ENABLES,COND:physiological,3
COND:environmental,CONTRIBUTES_TO,COND:physiological,2
COND:environmental,CAUSES,COND:instrument,1
COND:environmental,ENABLES,EVT:GROUND_PERSONNEL_ERROR,11
COND:environmental,UNDER_CONDITION,EVT:GROUND_PERSONNEL_ERROR,6
COND:environmental,CAUSES,EVT:GROUND_PERSONNEL_ERROR,7
COND:environmental,CONTRIBUTES_TO,EVT:GROUND_PERSONNEL_ERROR,7
COND:environmental,CAUSES,COND:visual,3
COND:environmental,CONCURRENT,COND:visual,1
COND:environmental,CAUSES,ENT:animal,1
COND:environmental,CONTRIBUTES_TO,COND:pilot_state,1
COND:environmental,CAUSES,COND:pilot_state,2
COND:environmental,ENABLES,EVT:GROUND_COLLISION,2
COND:environmental,CAUSES,EVT:GROUND_COLLISION,4
COND:environmental,UNDER_CONDITION,EVT:GROUND_COLLISION,1
COND:environmental,UNDER_CONDITION,EVT:TAXIING,2
COND:environmental,CAUSES,COND:operational,6
COND:environmental,CONTRIBUTES_TO,COND:operational,3
COND:environmental,ENABLES,COND:operational,1
COND:environmental,UNDER_CONDITION,EVT:ORG_OR_REGULATORY_INADEQUATE,1
COND:environmental,CAUSES,EVT:SUCCESSFUL_RECOVERY,1
COND:environmental,INHIBITS,EVT:SUCCESSFUL_RECOVERY,1
COND:environmental,UNDER_CONDITION,EVT:TAKEOFF_PERFORMANCE_INADEQUATE,1
COND:environmental,CONTRIBUTES_TO,COND:psychological,1
COND:environmental,CAUSES,COND:psychological,1
COND:environmental,CONTRIBUTES_TO,COND:aircraft_state,2
COND:environmental,CAUSES,COND:aircraft_state,1
COND:environmental,CONTRIBUTES_TO,EVT:INFLIGHT_BREAKUP,2
COND:environmental,CAUSES,EVT:INFLIGHT_BREAKUP,1
COND:environmental,CAUSES,EVT:WAKE_TURBULENCE_ENCOUNTER,1
COND:environmental,CAUSES,EVT:TAXIING_INCIDENT,1
COND:environmental,CAUSES,COND:attention,1
COND:environmental,CONTRIBUTES_TO,EVT:TAKEOFF_IMPROPER,1
COND:environmental,CONTRIBUTES_TO,EVT:DESCENT_BELOW_MINIMUMS,1
COND:environmental,ENABLES,EVT:CREW_COORDINATION_FAILURE,1
COND:environmental,UNDER_CONDITION,EVT:CREW_COORDINATION_FAILURE,1
COND:environmental,CAUSES,EVT:CREW_COORDINATION_FAILURE,1
COND:environmental,CAUSES,COND:cognitive,11
COND:environmental,INHIBITS,COND:cognitive,1
COND:environmental,CONTRIBUTES_TO,COND:cognitive,2
COND:environmental,CAUSES,COND:visibility,2
COND:environmental,CAUSES,COND:spatial,7
COND:environmental,ENABLES,COND:spatial,1
COND:environmental,CONTRIBUTES_TO,COND:spatial,1
COND:environmental,CONTRIBUTES_TO,COND:fuel_state,2
COND:environmental,CONTRIBUTES_TO,COND:human_performance,1
COND:environmental,CAUSES,COND:human_performance,1
COND:environmental,CONTRIBUTES_TO,COND:information,1
COND:environmental,CAUSES,COND:information,1
COND:environmental,TRIGGERS,COND:information,1
COND:environmental,CAUSES,COND:latent,1
COND:environmental,CAUSES,COND:structural,3
COND:environmental,CONTRIBUTES_TO,EVT:BRAKE_FAILURE,1
COND:environmental,CONTRIBUTES_TO,EVT:MIDAIR_COLLISION,1
COND:environmental,CAUSES,EVT:MIDAIR_COLLISION,1
COND:environmental,ENABLES,COND:location,1
COND:environmental,CONCURRENT,COND:unknown,1
COND:environmental,CAUSES,COND:performance_limitation,1
COND:environmental,CO_OCCURS,COND:equipment,1
COND:environmental,CAUSES,COND:physical,4
COND:environmental,ENABLES,COND:wildlife,2
COND:environmental,UNDER_CONDITION,ENT:location,1
COND:environmental,CONTRIBUTES_TO,COND:communication,1
COND:environmental,CONTRIBUTES_TO,EVT:GROUND_LOS_OF_CONTROL,1
COND:environmental,UNDER_CONDITION,EVT:TAXIING_OR_TAKEOFF,1
COND:environmental,TRIGGERS,EVT:GROUND_RESONANCE,1
COND:environmental,CONTRIBUTES_TO,EVT:GROUND_RESONANCE,2
COND:environmental,ENABLES,EVT:GROUND_ROLLOVER,1
COND:environmental,CONTRIBUTES_TO,COND:configuration,1
COND:environmental,RESPONDS_TO,EVT:MAINTENANCE_INADEQUATE,1
COND:environmental,CONTRIBUTES_TO,COND:aircraft_characteristic,1
COND:environmental,CAUSES,EVT:GROUND_DAMAGE,1
COND:environmental,CAUSES,COND:structural_defect,1
COND:environmental,ENABLES,EVT:EXTERNAL_LOAD_ANOMALY,1
COND:terrain,CONTRIBUTES_TO,COND:aerodynamic,1
COND:terrain,CAUSES,COND:aerodynamic,1
COND:terrain,ENABLES,COND:aerodynamic,1
COND:terrain,CAUSES,EVT:RUNWAY_CONDITION_HAZARD,6
COND:terrain,UNDER_CONDITION,EVT:RUNWAY_CONDITION_HAZARD,7
COND:terrain,ENABLES,EVT:TERRAIN_OR_OBSTACLE_PROXIMITY,15
COND:terrain,UNDER_CONDITION,EVT:TERRAIN_OR_OBSTACLE_PROXIMITY,30
COND:terrain,CAUSES,EVT:TERRAIN_OR_OBSTACLE_PROXIMITY,3
COND:terrain,CONTRIBUTES_TO,EVT:TERRAIN_OR_OBSTACLE_PROXIMITY,3
COND:terrain,CAUSES,EVT:RUNWAY_EXCURSION_OR_OVERRUN,15
COND:terrain,CONTRIBUTES_TO,EVT:RUNWAY_EXCURSION_OR_OVERRUN,7
COND:terrain,UNDER_CONDITION,EVT:RUNWAY_EXCURSION_OR_OVERRUN,8
COND:terrain,ENABLES,EVT:RUNWAY_EXCURSION_OR_OVERRUN,2
COND:terrain,CAUSES,EVT:GROUND_IMPACT,56
COND:terrain,ENABLES,EVT:GROUND_IMPACT,59
COND:terrain,CONTRIBUTES_TO,EVT:GROUND_IMPACT,95
COND:terrain,UNDER_CONDITION,EVT:GROUND_IMPACT,45
COND:terrain,CONTRIBUTES_TO,EVT:ENGINE_FAILURE,1
COND:terrain,CONTRIBUTES_TO,EVT:DECISION_INAPPROPRIATE,11
COND:terrain,ENABLES,EVT:DECISION_INAPPROPRIATE,10
COND:terrain,UNDER_CONDITION,EVT:DECISION_INAPPROPRIATE,16
COND:terrain,CAUSES,EVT:DECISION_INAPPROPRIATE,12
COND:terrain,INHIBITS,EVT:DECISION_INAPPROPRIATE,4
COND:terrain,TRIGGERS,EVT:DECISION_INAPPROPRIATE,1
COND:terrain,CAUSES,EVT:STALL,3
COND:terrain,CONTRIBUTES_TO,EVT:STALL,3
COND:terrain,CAUSES,EVT:LOSS_OF_CONTROL_GROUND,6
COND:terrain,CONTRIBUTES_TO,EVT:LOSS_OF_CONTROL_GROUND,8
COND:terrain,UNDER_CONDITION,EVT:LOSS_OF_CONTROL_GROUND,3
COND:terrain,ENABLES,EVT:LOSS_OF_CONTROL_GROUND,2
COND:terrain,ENABLES,EVT:SPATIAL_DISORIENTATION,2
COND:terrain,UNDER_CONDITION,EVT:SPATIAL_DISORIENTATION,3
COND:terrain,CAUSES,EVT:SPATIAL_DISORIENTATION,1
COND:terrain,CAUSES,EVT:LOSS_OF_CONTROL_INFLIGHT,4
COND:terrain,CONTRIBUTES_TO,EVT:LOSS_OF_CONTROL_INFLIGHT,7
COND:terrain,UNDER_CONDITION,EVT:LOSS_OF_CONTROL_INFLIGHT,5
COND:terrain,ENABLES,EVT:LOSS_OF_CONTROL_INFLIGHT,2
COND:terrain,UNDER_CONDITION,EVT:TURBULENCE_ENCOUNTER,2
COND:terrain,CAUSES,EVT:TURBULENCE_ENCOUNTER,2
COND:terrain,ENABLES,EVT:TURBULENCE_ENCOUNTER,1
COND:terrain,CO_OCCURS,COND:environmental,1
COND:terrain,ENABLES,EVT:CONTROL_INPUT_IMPROPER,12
COND:terrain,CONTRIBUTES_TO,EVT:CONTROL_INPUT_IMPROPER,24
COND:terrain,UNDER_CONDITION,EVT:CONTROL_INPUT_IMPROPER,19
COND:terrain,CAUSES,EVT:CONTROL_INPUT_IMPROPER,11
COND:terrain,TRIGGERS,EVT:CONTROL_INPUT_IMPROPER,2
COND:terrain,INHIBITS,EVT:CONTROL_INPUT_IMPROPER,1
COND:terrain,CAUSES,EVT:STRUCTURAL_OVERLOAD,3
COND:terrain,CONTRIBUTES_TO,EVT:STRUCTURAL_OVERLOAD,7
COND:terrain,CAUSES,EVT:PERCEPTION_FAILURE,11
COND:terrain,TRIGGERS,EVT:PERCEPTION_FAILURE,1
COND:terrain,CONTRIBUTES_TO,EVT:PERCEPTION_FAILURE,7
COND:terrain,UNDER_CONDITION,EVT:PERCEPTION_FAILURE,3
COND:terrain,MASKED_BY_CONDITION,EVT:PERCEPTION_FAILURE,3
COND:terrain,ENABLES,EVT:PERCEPTION_FAILURE,3
COND:terrain,CAUSES,EVT:LANDING_GEAR_ANOMALY,11
COND:terrain,CONTRIBUTES_TO,EVT:LANDING_GEAR_ANOMALY,2
COND:terrain,ENABLES,EVT:LANDING_GEAR_ANOMALY,1
COND:terrain,UNDER_CONDITION,EVT:LOW_VISIBILITY_OR_IMC,2
COND:terrain,CAUSES,EVT:LOW_VISIBILITY_OR_IMC,1
COND:terrain,CAUSES,EVT:ALTITUDE_DEVIATION_UNCONTROLLED,9
COND:terrain,CONTRIBUTES_TO,EVT:ALTITUDE_DEVIATION_UNCONTROLLED,3
COND:terrain,INHIBITS,EVT:ALTITUDE_DEVIATION_UNCONTROLLED,2
COND:terrain,UNDER_CONDITION,EVT:ALTITUDE_DEVIATION_UNCONTROLLED,6
COND:terrain,ENABLES,EVT:ALTITUDE_DEVIATION_UNCONTROLLED,1
COND:terrain,CAUSES,COND:weather,10
COND:terrain,CONCURRENT,COND:weather,1
COND:terrain,ENABLES,COND:mechanical,2
COND:terrain,CAUSES,COND:mechanical,1
COND:terrain,UNDER_CONDITION,EVT:GROUND_INCIDENT,1
COND:terrain,CONTRIBUTES_TO,COND:performance,1
COND:terrain,INDUCED_CONDITION,COND:perceptual,2
COND:terrain,CAUSES,COND:terrain,1
COND:terrain,IF_THEN,COND:terrain,1
COND:terrain,UNDER_CONDITION,EVT:PROCEDURE_NOT_FOLLOWED,2
COND:terrain,CONTRIBUTES_TO,EVT:PROCEDURE_NOT_FOLLOWED,1
COND:terrain,UNDER_CONDITION,EVT:WIND_SHEAR_OR_GUST,2
COND:terrain,ENABLES,EVT:WIND_SHEAR_OR_GUST,4
COND:terrain,CAUSES,COND:human_factor,1
COND:terrain,CONTRIBUTES_TO,EVT:AIRFRAME_STRUCTURAL_FAILURE,3
COND:terrain,CAUSES,EVT:AIRFRAME_STRUCTURAL_FAILURE,1
COND:terrain,CAUSES,COND:visibility,1
COND:terrain,MASKED_BY_CONDITION,COND:visibility,1
COND:terrain,ENABLES,COND:flight_envelope,1
COND:infrastructure,CONTRIBUTES_TO,EVT:RUNWAY_EXCURSION_OR_OVERRUN,12
COND:infrastructure,UNDER_CONDITION,EVT:RUNWAY_EXCURSION_OR_OVERRUN,2
COND:infrastructure,ENABLES,EVT:RUNWAY_EXCURSION_OR_OVERRUN,2
COND:infrastructure,CAUSES,EVT:RUNWAY_EXCURSION_OR_OVERRUN,2
COND:infrastructure,CAUSES,EVT:PERCEPTION_FAILURE,11
COND:infrastructure,CONTRIBUTES_TO,EVT:PERCEPTION_FAILURE,15
COND:infrastructure,INHIBITS,EVT:PERCEPTION_FAILURE,2
COND:infrastructure,UNDER_CONDITION,EVT:PERCEPTION_FAILURE,4
COND:infrastructure,MASKED_BY_CONDITION,EVT:PERCEPTION_FAILURE,2
COND:infrastructure,ENABLES,EVT:PERCEPTION_FAILURE,2
COND:infrastructure,CONTRIBUTES_TO,EVT:GROUND_COLLISION,1
COND:infrastructure,ENABLES,EVT:GROUND_COLLISION,1
COND:infrastructure,CONTRIBUTES_TO,EVT:DECISION_INAPPROPRIATE,12
COND:infrastructure,CAUSES,EVT:DECISION_INAPPROPRIATE,6
COND:infrastructure,ENABLES,EVT:DECISION_INAPPROPRIATE,6
COND:infrastructure,UNDER_CONDITION,EVT:DECISION_INAPPROPRIATE,10
COND:infrastructure,CAUSES,COND:weather,3
COND:infrastructure,CONTRIBUTES_TO,COND:weather,1
COND:infrastructure,ENABLES,COND:weather,1
COND:infrastructure,CONTRIBUTES_TO,EVT:GROUND_IMPACT,9
COND:infrastructure,ENABLES,EVT:GROUND_IMPACT,12
COND:infrastructure,CAUSES,EVT:GROUND_IMPACT,3
COND:infrastructure,UNDER_CONDITION,EVT:GROUND_IMPACT,5
COND:infrastructure,CONTRIBUTES_TO,EVT:BIRD_OR_WILDLIFE_STRIKE,1
COND:infrastructure,ENABLES,EVT:BIRD_OR_WILDLIFE_STRIKE,4
COND:infrastructure,CONTRIBUTES_TO,EVT:LOSS_OF_CONTROL_GROUND,4
COND:infrastructure,CAUSES,EVT:LOSS_OF_CONTROL_GROUND,3
COND:infrastructure,UNDER_CONDITION,EVT:LOSS_OF_CONTROL_GROUND,1
COND:infrastructure,CONTRIBUTES_TO,EVT:CONTROL_INPUT_IMPROPER,12
COND:infrastructure,MASKED_BY_CONDITION,EVT:CONTROL_INPUT_IMPROPER,1
COND:infrastructure,UNDER_CONDITION,EVT:CONTROL_INPUT_IMPROPER,1
COND:infrastructure,ENABLES,EVT:CONTROL_INPUT_IMPROPER,1
COND:infrastructure,CAUSES,EVT:CONTROL_INPUT_IMPROPER,3
COND:infrastructure,ENABLES,EVT:TERRAIN_OR_OBSTACLE_PROXIMITY,2
COND:infrastructure,UNDER_CONDITION,EVT:TERRAIN_OR_OBSTACLE_PROXIMITY,3
COND:infrastructure,CAUSES,EVT:TERRAIN_OR_OBSTACLE_PROXIMITY,1
COND:infrastructure,CONTRIBUTES_TO,EVT:LANDING_GEAR_ANOMALY,1
COND:infrastructure,CAUSES,EVT:SPATIAL_DISORIENTATION,1
COND:infrastructure,CONTRIBUTES_TO,EVT:SPATIAL_DISORIENTATION,1
COND:infrastructure,CONTRIBUTES_TO,EVT:PROCEDURE_NOT_FOLLOWED,8
COND:infrastructure,ENABLES,EVT:PROCEDURE_NOT_FOLLOWED,2
COND:infrastructure,CAUSES,EVT:PROCEDURE_NOT_FOLLOWED,1
COND:infrastructure,INHIBITS,EVT:ATC_OR_DISPATCH_INADEQUATE,1
COND:infrastructure,CONTRIBUTES_TO,EVT:CREW_COORDINATION_FAILURE,1
COND:infrastructure,CONTRIBUTES_TO,EVT:ALTITUDE_DEVIATION_UNCONTROLLED,1
COND:infrastructure,CONTRIBUTES_TO,EVT:MIDAIR_COLLISION,1
COND:infrastructure,CONTRIBUTES_TO,COND:environmental,1
COND:infrastructure,CAUSES,COND:environmental,1
COND:infrastructure,CONCURRENT,COND:environmental,1
COND:infrastructure,CAUSES,EVT:RUNWAY_CONDITION_HAZARD,3
COND:infrastructure,UNDER_CONDITION,EVT:RUNWAY_CONDITION_HAZARD,2
COND:infrastructure,ENABLES,EVT:RUNWAY_CONDITION_HAZARD,1
COND:infrastructure,UNDER_CONDITION,EVT:LOW_VISIBILITY_OR_IMC,1
COND:infrastructure,CAUSES,EVT:PERFORMANCE_INADEQUATE,1
COND:infrastructure,CONTRIBUTES_TO,EVT:GROUND_PERSONNEL_ERROR,1
COND:infrastructure,CONTRIBUTES_TO,EVT:WIND_SHEAR_OR_GUST,2
COND:infrastructure,CONTRIBUTES_TO,COND:situational_awareness,1
COND:infrastructure,CONTRIBUTES_TO,EVT:LOSS_OF_CONTROL_INFLIGHT,1
COND:infrastructure,CONTRIBUTES_TO,COND:perceptual,1
COND:human_factor,CONTRIBUTES_TO,EVT:CONTROL_INPUT_IMPROPER,228
COND:human_factor,CAUSES,EVT:CONTROL_INPUT_IMPROPER,48
COND:human_factor,UNDER_CONDITION,EVT:CONTROL_INPUT_IMPROPER,29
COND:human_factor,INHIBITS,EVT:CONTROL_INPUT_IMPROPER,2
COND:human_factor,CAUSES,EVT:PROCEDURE_NOT_FOLLOWED,20
COND:human_factor,CONTRIBUTES_TO,EVT:PROCEDURE_NOT_FOLLOWED,37
COND:human_factor,UNDER_CONDITION,EVT:PROCEDURE_NOT_FOLLOWED,3
COND:human_factor,ENABLES,EVT:PROCEDURE_NOT_FOLLOWED,3
COND:human_factor,INHIBITS,EVT:PROCEDURE_NOT_FOLLOWED,1
COND:human_factor,CONTRIBUTES_TO,EVT:DECISION_INAPPROPRIATE,70
COND:human_factor,CAUSES,EVT:DECISION_INAPPROPRIATE,21
COND:human_factor,UNDER_CONDITION,EVT:DECISION_INAPPROPRIATE,1
COND:human_factor,ENABLES,EVT:DECISION_INAPPROPRIATE,2
COND:human_factor,CAUSES,EVT:INJURY_OR_FATALITY,7
COND:human_factor,ENABLES,EVT:INJURY_OR_FATALITY,1
COND:human_factor,CONTRIBUTES_TO,EVT:INJURY_OR_FATALITY,17
COND:human_factor,CAUSES,EVT:CREW_COORDINATION_FAILURE,1
COND:human_factor,UNDER_CONDITION,EVT:CREW_COORDINATION_FAILURE,2
COND:human_factor,CONTRIBUTES_TO,EVT:CREW_COORDINATION_FAILURE,2
COND:human_factor,CONTRIBUTES_TO,EVT:PERCEPTION_FAILURE,38
COND:human_factor,CAUSES,EVT:PERCEPTION_FAILURE,27
COND:human_factor,UNDER_CONDITION,EVT:PERCEPTION_FAILURE,5
COND:human_factor,CONTRIBUTES_TO,EVT:LOSS_OF_CONTROL_INFLIGHT,21
COND:human_factor,CAUSES,EVT:LOSS_OF_CONTROL_INFLIGHT,27
COND:human_factor,CONTRIBUTES_TO,EVT:STALL,7
COND:human_factor,CONTRIBUTES_TO,EVT:ALTITUDE_DEVIATION_UNCONTROLLED,3
COND:human_factor,CONTRIBUTES_TO,EVT:SPATIAL_DISORIENTATION,23
COND:human_factor,CAUSES,EVT:SPATIAL_DISORIENTATION,7
COND:human_factor,UNDER_CONDITION,EVT:SPATIAL_DISORIENTATION,9
COND:human_factor,INDUCED_CONDITION,EVT:SPATIAL_DISORIENTATION,2
COND:human_factor,CAUSES,EVT:STRUCTURAL_OVERLOAD,1
COND:human_factor,CONTRIBUTES_TO,EVT:RUNWAY_EXCURSION_OR_OVERRUN,5
COND:human_factor,CAUSES,EVT:RUNWAY_EXCURSION_OR_OVERRUN,2
COND:human_factor,UNDER_CONDITION,EVT:RUNWAY_EXCURSION_OR_OVERRUN,1
COND:human_factor,CONTRIBUTES_TO,EVT:GROUND_INCIDENT,1
COND:human_factor,CONTRIBUTES_TO,EVT:LOSS_OF_CONTROL_GROUND,12
COND:human_factor,CAUSES,EVT:LOSS_OF_CONTROL_GROUND,3
COND:human_factor,ENABLES,EVT:LOSS_OF_CONTROL_GROUND,1
COND:human_factor,CONTRIBUTES_TO,COND:human_factor,8
COND:human_factor,CAUSES,COND:human_factor,4
COND:human_factor,CAUSES,EVT:GROUND_COLLISION,2
COND:human_factor,CONTRIBUTES_TO,EVT:TERRAIN_OR_OBSTACLE_PROXIMITY,3
COND:human_factor,CAUSES,COND:mechanical,1
COND:human_factor,ENABLES,COND:mechanical,1
COND:human_factor,IF_THEN,COND:mechanical,1
COND:human_factor,CONTRIBUTES_TO,EVT:GROUND_IMPACT,2
COND:human_factor,CAUSES,EVT:GROUND_IMPACT,1
COND:human_factor,CAUSES,EVT:BIRD_OR_WILDLIFE_STRIKE,1
COND:human_factor,CAUSES,EVT:GROUND_PERSONNEL_ERROR,1
COND:human_factor,CONTRIBUTES_TO,EVT:GROUND_PERSONNEL_ERROR,1
COND:human_factor,CAUSES,EVT:PERSONNEL_VIOLATION,1
COND:human_factor,CAUSES,COND:environmental,1
COND:human_factor,CAUSES,EVT:LANDING_GEAR_ANOMALY,1
COND:human_factor,CAUSES,COND:aerodynamic,1
COND:human_factor,CONTRIBUTES_TO,EVT:LOW_VISIBILITY_OR_IMC,1
COND:human_factor,CONTRIBUTES_TO,EVT:PERSONAL_INJURY,1
COND:training_or_currency_gap,CONTRIBUTES_TO,EVT:LOSS_OF_CONTROL_GROUND,2
COND:training_or_currency_gap,CONTRIBUTES_TO,EVT:CONTROL_INPUT_IMPROPER,23
COND:training_or_currency_gap,CAUSES,EVT:CONTROL_INPUT_IMPROPER,4
COND:training_or_currency_gap,CONTRIBUTES_TO,EVT:PROCEDURE_NOT_FOLLOWED,3
COND:training_or_currency_gap,CONTRIBUTES_TO,EVT:PERCEPTION_FAILURE,4
COND:training_or_currency_gap,CAUSES,EVT:PERCEPTION_FAILURE,2
COND:training_or_currency_gap,CAUSES,EVT:DECISION_INAPPROPRIATE,3
COND:training_or_currency_gap,CONTRIBUTES_TO,EVT:DECISION_INAPPROPRIATE,1
COND:training_or_currency_gap,ENABLES,EVT:DECISION_INAPPROPRIATE,1
COND:training_or_currency_gap,CONTRIBUTES_TO,EVT:STALL,1
COND:training_or_currency_gap,CONTRIBUTES_TO,COND:latent_defect,1
COND:training_or_currency_gap,CAUSES,EVT:LOSS_OF_CONTROL_INFLIGHT,1
COND:training_or_currency_gap,CONTRIBUTES_TO,EVT:LOSS_OF_CONTROL_INFLIGHT,2
COND:attention,CAUSES,EVT:PERCEPTION_FAILURE,7
COND:attention,UNDER_CONDITION,EVT:PERCEPTION_FAILURE,3
COND:attention,CONTRIBUTES_TO,EVT:PERCEPTION_FAILURE,1
COND:attention,CAUSES,EVT:PROCEDURE_NOT_FOLLOWED,7
COND:attention,CAUSES,EVT:STALL,1
COND:attention,CAUSES,EVT:CONTROL_INPUT_IMPROPER,7
COND:attention,CONTRIBUTES_TO,EVT:CONTROL_INPUT_IMPROPER,5
COND:attention,INHIBITS,EVT:CONTROL_INPUT_IMPROPER,1
COND:physiological,CONTRIBUTES_TO,EVT:DECISION_INAPPROPRIATE,64
COND:physiological,CAUSES,EVT:DECISION_INAPPROPRIATE,45
COND:physiological,UNDER_CONDITION,EVT:DECISION_INAPPROPRIATE,2
COND:physiological,ENABLES,EVT:DECISION_INAPPROPRIATE,1
COND:physiological,TRIGGERS,EVT:DECISION_INAPPROPRIATE,1
COND:physiological,INHIBITS,EVT:DECISION_INAPPROPRIATE,1
COND:physiological,CAUSES,EVT:PILOT_INCAPACITATION_OR_IMPAIRMENT,54
COND:physiological,CONTRIBUTES_TO,EVT:PILOT_INCAPACITATION_OR_IMPAIRMENT,2
COND:physiological,UNDER_CONDITION,EVT:PILOT_INCAPACITATION_OR_IMPAIRMENT,22
COND:physiological,INDUCED_CONDITION,EVT:PILOT_INCAPACITATION_OR_IMPAIRMENT,6
COND:physiological,CONTRIBUTES_TO,EVT:LOSS_OF_CONTROL_INFLIGHT,22
COND:physiological,CAUSES,EVT:LOSS_OF_CONTROL_INFLIGHT,45
COND:physiological,UNDER_CONDITION,EVT:LOSS_OF_CONTROL_INFLIGHT,1
COND:physiological,CONTRIBUTES_TO,EVT:PERCEPTION_FAILURE,38
COND:physiological,CAUSES,EVT:PERCEPTION_FAILURE,40
COND:physiological,UNDER_CONDITION,EVT:PERCEPTION_FAILURE,1
COND:physiological,ENABLES,EVT:PERCEPTION_FAILURE,1
COND:physiological,CONTRIBUTES_TO,EVT:CONTROL_INPUT_IMPROPER,93
COND:physiological,CAUSES,EVT:CONTROL_INPUT_IMPROPER,52
COND:physiological,INHIBITS,EVT:CONTROL_INPUT_IMPROPER,3
COND:physiological,CAUSES,EVT:PROCEDURE_NOT_FOLLOWED,7
COND:physiological,CONTRIBUTES_TO,EVT:PROCEDURE_NOT_FOLLOWED,20
COND:physiological,CAUSES,EVT:SPATIAL_DISORIENTATION,9
COND:physiological,CONTRIBUTES_TO,EVT:SPATIAL_DISORIENTATION,9
COND:physiological,UNDER_CONDITION,EVT:SPATIAL_DISORIENTATION,13
COND:physiological,INDUCED_CONDITION,EVT:SPATIAL_DISORIENTATION,1
COND:physiological,UNDER_CONDITION,ENT:person,5
COND:physiological,INHIBITS,ENT:person,2
COND:physiological,CAUSES,EVT:STALL,4
COND:physiological,CONTRIBUTES_TO,EVT:STALL,10
COND:physiological,CONTRIBUTES_TO,EVT:LOW_VISIBILITY_OR_IMC,2
COND:physiological,CONTRIBUTES_TO,EVT:ALTITUDE_DEVIATION_UNCONTROLLED,6
COND:physiological,CAUSES,EVT:ALTITUDE_DEVIATION_UNCONTROLLED,4
COND:physiological,CAUSES,COND:physiological,3
COND:physiological,CONTRIBUTES_TO,COND:physiological,5
COND:physiological,CAUSES,EVT:LOSS_OF_CONTROL_GROUND,2
COND:physiological,CONTRIBUTES_TO,EVT:BIRD_OR_WILDLIFE_STRIKE,1
COND:physiological,INHIBITS,EVT:SUCCESSFUL_RECOVERY,1
COND:physiological,CONTRIBUTES_TO,EVT:TERRAIN_OR_OBSTACLE_PROXIMITY,2
COND:physiological,CAUSES,COND:cognitive,2
COND:physiological,CAUSES,EVT:DESCENT_BELOW_MINIMUMS,1
COND:physiological,CAUSES,COND:resource,1
COND:obstacle,CAUSES,EVT:DECISION_INAPPROPRIATE,1
COND:obstacle,UNDER_CONDITION,EVT:DECISION_INAPPROPRIATE,1
COND:obstacle,UNDER_CONDITION,EVT:TERRAIN_OR_OBSTACLE_PROXIMITY,4
COND:obstacle,ENABLES,EVT:GROUND_IMPACT,2
COND:obstacle,UNDER_CONDITION,EVT:GROUND_IMPACT,1
COND:obstacle,CONTRIBUTES_TO,EVT:GROUND_IMPACT,1
COND:obstacle,UNDER_CONDITION,EVT:CONTROL_INPUT_IMPROPER,1
COND:obstacle,TRIGGERS,EVT:CONTROL_INPUT_IMPROPER,2
COND:medical,CAUSES,EVT:LOSS_OF_CONTROL_INFLIGHT,18
COND:medical,CONTRIBUTES_TO,EVT:LOSS_OF_CONTROL_INFLIGHT,18
COND:medical,CAUSES,COND:medical,14
COND:medical,CONCURRENT,COND:medical,2
COND:medical,ENABLES,COND:medical,1
COND:medical,CONTRIBUTES_TO,COND:medical,2
COND:medical,CAUSES,EVT:PILOT_INCAPACITATION_OR_IMPAIRMENT,109
COND:medical,CONTRIBUTES_TO,EVT:PILOT_INCAPACITATION_OR_IMPAIRMENT,7
COND:medical,UNDER_CONDITION,EVT:PILOT_INCAPACITATION_OR_IMPAIRMENT,3
COND:medical,MASKED_BY_CONDITION,EVT:PILOT_INCAPACITATION_OR_IMPAIRMENT,1
COND:medical,UNDER_CONDITION,ENT:person,5
COND:medical,INHIBITS,ENT:person,2
COND:medical,MASKED_BY_CONDITION,ENT:person,1
COND:medical,CAUSES,EVT:CONTROL_INPUT_IMPROPER,14
COND:medical,CONTRIBUTES_TO,EVT:CONTROL_INPUT_IMPROPER,17
COND:medical,CAUSES,COND:physiological,4
COND:medical,CONTRIBUTES_TO,EVT:DECISION_INAPPROPRIATE,8
COND:medical,CAUSES,EVT:DECISION_INAPPROPRIATE,4
COND:medical,UNDER_CONDITION,EVT:DECISION_INAPPROPRIATE,1
COND:medical,ENABLES,EVT:DECISION_INAPPROPRIATE,1
COND:medical,CAUSES,COND:regulatory,4
COND:medical,CAUSES,COND:organizational,1
COND:medical,CONTRIBUTES_TO,EVT:PERCEPTION_FAILURE,6
COND:medical,CAUSES,EVT:PERCEPTION_FAILURE,3
COND:medical,CAUSES,EVT:INJURY_OR_FATALITY,3
COND:medical,CONTRIBUTES_TO,EVT:EMERGENCY_LANDING,1
COND:medical,CONTRIBUTES_TO,EVT:SPATIAL_DISORIENTATION,1
COND:medical,CAUSES,EVT:SPATIAL_DISORIENTATION,1
COND:medical,CONTRIBUTES_TO,EVT:ENGINE_FAILURE,1
COND:medical,CONTRIBUTES_TO,EVT:STALL,1
COND:medical,UNDER_CONDITION,EVT:ORG_OR_REGULATORY_INADEQUATE,1
COND:medical,INDUCED_CONDITION,EVT:ORG_OR_REGULATORY_INADEQUATE,1
COND:medical,CAUSES,EVT:TERRAIN_OR_OBSTACLE_PROXIMITY,1
COND:medical,CONTRIBUTES_TO,EVT:TERRAIN_OR_OBSTACLE_PROXIMITY,2
COND:medical,CONTRIBUTES_TO,COND:attention,1
COND:medical,CAUSES,COND:cognitive,1
COND:medical,CONTRIBUTES_TO,EVT:PROCEDURE_NOT_FOLLOWED,2
COND:medical,CAUSES,EVT:PROCEDURE_NOT_FOLLOWED,1
COND:medical,CAUSES,COND:fatigue,1
COND:medical,CONTRIBUTES_TO,EVT:LOSS_OF_CONTROL_GROUND,1
COND:medical,UNDER_CONDITION,EVT:LOSS_OF_CONTROL_GROUND,1
COND:latent_defect,CONTRIBUTES_TO,EVT:LANDING_GEAR_ANOMALY,3
COND:latent_defect,CAUSES,EVT:LANDING_GEAR_ANOMALY,3
COND:latent_defect,ENABLES,EVT:LANDING_GEAR_ANOMALY,2
COND:latent_defect,UNDER_CONDITION,EVT:LANDING_GEAR_ANOMALY,1
COND:latent_defect,CAUSES,EVT:INSTRUMENT_OR_AVIONICS_FAILURE,5
COND:latent_defect,ENABLES,EVT:INSTRUMENT_OR_AVIONICS_FAILURE,1
COND:latent_defect,INHIBITS,EVT:INSTRUMENT_OR_AVIONICS_FAILURE,1
COND:latent_defect,ENABLES,COND:mechanical,23
COND:latent_defect,CAUSES,COND:mechanical,147
COND:latent_defect,CONTRIBUTES_TO,COND:mechanical,5
COND:latent_defect,INDUCED_CONDITION,COND:mechanical,2
COND:latent_defect,CAUSES,EVT:MAINTENANCE_INADEQUATE,8
COND:latent_defect,CONTRIBUTES_TO,EVT:MAINTENANCE_INADEQUATE,2
COND:latent_defect,UNDER_CONDITION,EVT:MAINTENANCE_INADEQUATE,1
COND:latent_defect,ENABLES,EVT:MAINTENANCE_INADEQUATE,2
COND:latent_defect,ENABLES,EVT:PROCEDURE_NOT_FOLLOWED,7
COND:latent_defect,CAUSES,EVT:PROCEDURE_NOT_FOLLOWED,9
COND:latent_defect,CONTRIBUTES_TO,EVT:PROCEDURE_NOT_FOLLOWED,8
COND:latent_defect,INHIBITS,EVT:PROCEDURE_NOT_FOLLOWED,1
COND:latent_defect,UNDER_CONDITION,EVT:PROCEDURE_NOT_FOLLOWED,1
COND:latent_defect,CAUSES,EVT:STALL,1
COND:latent_defect,CONTRIBUTES_TO,EVT:STALL,1
COND:latent_defect,CONTRIBUTES_TO,EVT:CONTROL_INPUT_IMPROPER,29
COND:latent_defect,CAUSES,EVT:CONTROL_INPUT_IMPROPER,4
COND:latent_defect,ENABLES,EVT:CONTROL_INPUT_IMPROPER,2
COND:latent_defect,UNDER_CONDITION,EVT:CONTROL_INPUT_IMPROPER,1
COND:latent_defect,CONTRIBUTES_TO,EVT:LOSS_OF_CONTROL_INFLIGHT,8
COND:latent_defect,ENABLES,EVT:LOSS_OF_CONTROL_INFLIGHT,1
COND:latent_defect,CAUSES,EVT:LOSS_OF_CONTROL_INFLIGHT,2
COND:latent_defect,CONTRIBUTES_TO,EVT:GROUND_IMPACT,4
COND:latent_defect,CAUSES,EVT:CONTROL_SURFACE_ANOMALY,7
COND:latent_defect,CONTRIBUTES_TO,EVT:CONTROL_SURFACE_ANOMALY,1
COND:latent_defect,UNDER_CONDITION,EVT:CONTROL_SURFACE_ANOMALY,1
COND:latent_defect,ENABLES,EVT:CONTROL_SURFACE_ANOMALY,1
COND:latent_defect,CAUSES,EVT:FUEL_SYSTEM_ANOMALY,2
COND:latent_defect,CAUSES,EVT:INFLIGHT_FIRE_OR_SMOKE,7
COND:latent_defect,CONTRIBUTES_TO,EVT:INFLIGHT_FIRE_OR_SMOKE,2
COND:latent_defect,INHIBITS,EVT:INFLIGHT_FIRE_OR_SMOKE,1
COND:latent_defect,CAUSES,COND:latent_defect,3
COND:latent_defect,ENABLES,COND:latent_defect,3
COND:latent_defect,CONTRIBUTES_TO,COND:latent_defect,1
COND:latent_defect,CAUSES,EVT:ENGINE_FAILURE,10
COND:latent_defect,ENABLES,EVT:ENGINE_FAILURE,1
COND:latent_defect,CONTRIBUTES_TO,EVT:ENGINE_FAILURE,5
COND:latent_defect,ENABLES,EVT:DECISION_INAPPROPRIATE,5
COND:latent_defect,CAUSES,EVT:DECISION_INAPPROPRIATE,8
COND:latent_defect,CONTRIBUTES_TO,EVT:DECISION_INAPPROPRIATE,5
COND:latent_defect,MASKED_BY_CONDITION,EVT:DECISION_INAPPROPRIATE,1
COND:latent_defect,CAUSES,EVT:ICING_ENCOUNTER,1
COND:latent_defect,CAUSES,COND:knowledge,1
COND:latent_defect,CAUSES,EVT:AIRFRAME_STRUCTURAL_FAILURE,12
COND:latent_defect,CONTRIBUTES_TO,EVT:AIRFRAME_STRUCTURAL_FAILURE,2
COND:latent_defect,UNDER_CONDITION,EVT:AIRFRAME_STRUCTURAL_FAILURE,1
COND:latent_defect,UNDER_CONDITION,ENT:aircraft,2
COND:latent_defect,MASKED_BY_CONDITION,ENT:aircraft,1
COND:latent_defect,MASKED_BY_CONDITION,COND:state,1
COND:latent_defect,CONTRIBUTES_TO,EVT:LOSS_OF_CONTROL_GROUND,2
COND:latent_defect,CAUSES,EVT:LOSS_OF_CONTROL_GROUND,4
COND:latent_defect,CONTRIBUTES_TO,EVT:SPATIAL_DISORIENTATION,2
COND:latent_defect,CONTRIBUTES_TO,EVT:PILOT_INCAPACITATION_OR_IMPAIRMENT,1
COND:latent_defect,CONTRIBUTES_TO,EVT:PERCEPTION_FAILURE,8
COND:latent_defect,CAUSES,EVT:PERCEPTION_FAILURE,2
COND:latent_defect,CAUSES,EVT:LOW_VISIBILITY_OR_IMC,2
COND:latent_defect,CONTRIBUTES_TO,COND:knowledge_gap,1
COND:latent_defect,UNDER_CONDITION,EVT:ORG_OR_REGULATORY_INADEQUATE,1
COND:latent_defect,CAUSES,EVT:STRUCTURAL_OVERLOAD,1
COND:latent_defect,CAUSES,EVT:PROPELLER_FAILURE,1
COND:latent_defect,UNDER_CONDITION,ENT:component,1
COND:latent_defect,CONTRIBUTES_TO,EVT:GROUND_PERSONNEL_ERROR,1
COND:latent_defect,CAUSES,COND:environmental,1
COND:latent_defect,CAUSES,ENT:person,1
COND:latent_defect,ENABLES,ENT:person,1
COND:latent_defect,INHIBITS,ENT:person,1
COND:latent_defect,CAUSES,COND:physical,1
COND:latent_defect,UNDER_CONDITION,EVT:ALTITUDE_DEVIATION_UNCONTROLLED,1
COND:latent_defect,CONTRIBUTES_TO,EVT:INJURY_OR_FATALITY,1
COND:latent_defect,ENABLES,COND:medical,1
COND:latent_defect,CAUSES,EVT:DESIGN_DEFECT_LATENT,1
COND:latent_defect,CAUSES,COND:information,1
COND:latent_defect,CAUSES,COND:physiological,1
COND:latent_defect,ENABLES,COND:physiological,1
COND:fatigue,CONTRIBUTES_TO,EVT:PERCEPTION_FAILURE,12
COND:fatigue,CAUSES,EVT:PERCEPTION_FAILURE,2
COND:fatigue,CONTRIBUTES_TO,EVT:CONTROL_INPUT_IMPROPER,17
COND:fatigue,CAUSES,EVT:CONTROL_INPUT_IMPROPER,1
COND:fatigue,UNDER_CONDITION,EVT:CONTROL_INPUT_IMPROPER,1
COND:fatigue,CAUSES,EVT:PILOT_INCAPACITATION_OR_IMPAIRMENT,3
COND:fatigue,CAUSES,EVT:DECISION_INAPPROPRIATE,2
COND:fatigue,CONTRIBUTES_TO,EVT:DECISION_INAPPROPRIATE,7
COND:fatigue,CONTRIBUTES_TO,EVT:PROCEDURE_NOT_FOLLOWED,8
COND:fatigue,CAUSES,EVT:LOSS_OF_CONTROL_INFLIGHT,1
COND:fatigue,CONTRIBUTES_TO,EVT:LOSS_OF_CONTROL_INFLIGHT,2
COND:fatigue,CONTRIBUTES_TO,EVT:LOSS_OF_CONTROL_GROUND,1
ENT:aircraft,SUPERVISED_BY,COND:organizational,1
ENT:aircraft,CAUSES,COND:weather,12
ENT:aircraft,UNDER_CONDITION,COND:environmental,1
ENT:aircraft,CAUSES,COND:environmental,11
ENT:aircraft,UNDER_CONDITION,COND:latent_defect,2
ENT:aircraft,UNDER_CONDITION,COND:regulatory,1
ENT:aircraft,CAUSES,COND:aerodynamic,1
ENT:aircraft,CAUSES,EVT:GROUND_IMPACT,2
ENT:aircraft,CAUSES,COND:wake_turbulence,1
ENT:aircraft,UNDER_CONDITION,COND:mechanical,1
ENT:location,INDUCED_CONDITION,COND:environmental,1
ENT:location,ENABLES,COND:environmental,1
ENT:location,UNDER_CONDITION,COND:environmental,1
ENT:location,UNDER_CONDITION,COND:weather,1
ENT:location,UNDER_CONDITION,COND:terrain,2
ENT:location,ENABLES,EVT:GROUND_IMPACT,1
ENT:location,CAUSES,ENT:object,1
COND:visual,CAUSES,EVT:PERCEPTION_FAILURE,25
COND:visual,CONTRIBUTES_TO,EVT:PERCEPTION_FAILURE,4
COND:visual,INHIBITS,EVT:PERCEPTION_FAILURE,3
COND:visual,UNDER_CONDITION,EVT:PERCEPTION_FAILURE,3
COND:visual,ENABLES,EVT:PERCEPTION_FAILURE,1
COND:visual,MASKED_BY_CONDITION,EVT:PERCEPTION_FAILURE,1
COND:visual,CAUSES,EVT:CONTROL_INPUT_IMPROPER,1
COND:visual,CONTRIBUTES_TO,EVT:CONTROL_INPUT_IMPROPER,6
COND:visual,MASKED_BY_CONDITION,EVT:CONTROL_INPUT_IMPROPER,1
COND:visual,CAUSES,EVT:DECISION_INAPPROPRIATE,5
COND:visual,CAUSES,EVT:GROUND_IMPACT,2
COND:visual,CONTRIBUTES_TO,EVT:TERRAIN_OR_OBSTACLE_PROXIMITY,1
COND:visual,CAUSES,EVT:PROCEDURE_NOT_FOLLOWED,2
COND:aircraft_state,UNDER_CONDITION,EVT:STALL,2
COND:aircraft_state,CONTRIBUTES_TO,EVT:STALL,8
COND:aircraft_state,CAUSES,EVT:STALL,6
COND:aircraft_state,CONTRIBUTES_TO,EVT:ALTITUDE_DEVIATION_UNCONTROLLED,1
COND:aircraft_state,CAUSES,EVT:ALTITUDE_DEVIATION_UNCONTROLLED,2
COND:aircraft_state,CONTRIBUTES_TO,EVT:BIRD_OR_WILDLIFE_STRIKE,1
COND:aircraft_state,CAUSES,EVT:RUNWAY_EXCURSION_OR_OVERRUN,2
COND:aircraft_state,CONTRIBUTES_TO,EVT:RUNWAY_EXCURSION_OR_OVERRUN,1
COND:aircraft_state,CAUSES,EVT:GROUND_IMPACT,2
COND:aircraft_state,ENABLES,EVT:GROUND_IMPACT,1
COND:aircraft_state,CONTRIBUTES_TO,EVT:CONTROL_INPUT_IMPROPER,5
COND:aircraft_state,ENABLES,EVT:CONTROL_INPUT_IMPROPER,1
COND:aircraft_state,CAUSES,EVT:CONTROL_INPUT_IMPROPER,2
COND:aircraft_state,UNDER_CONDITION,EVT:FUEL_SYSTEM_ANOMALY,1
COND:aircraft_state,UNDER_CONDITION,EVT:DECISION_INAPPROPRIATE,1
COND:aircraft_state,CAUSES,EVT:LOSS_OF_CONTROL_INFLIGHT,5
COND:aircraft_state,UNDER_CONDITION,EVT:LOSS_OF_CONTROL_INFLIGHT,1
COND:aircraft_state,CONTRIBUTES_TO,EVT:LOSS_OF_CONTROL_INFLIGHT,5
COND:aircraft_state,CAUSES,EVT:LOSS_OF_CONTROL_GROUND,3
COND:aircraft_state,CONTRIBUTES_TO,EVT:LOSS_OF_CONTROL_GROUND,1
COND:aircraft_state,CONTRIBUTES_TO,COND:information,1
COND:aircraft_state,ENABLES,EVT:WIND_SHEAR_OR_GUST,1
COND:aircraft_state,CAUSES,EVT:ENGINE_FAILURE,1
COND:aircraft_state,CONTRIBUTES_TO,EVT:TERRAIN_OR_OBSTACLE_PROXIMITY,1
COND:aircraft_state,UNDER_CONDITION,COND:weather,1
COND:aircraft_state,CAUSES,COND:performance_limitation,1
COND:aircraft_state,CAUSES,COND:performance,1
COND:aircraft_state,CAUSES,EVT:PROCEDURE_NOT_FOLLOWED,1
COND:aircraft_state,CAUSES,COND:operational,1
COND:aircraft_state,CONTRIBUTES_TO,EVT:STRUCTURAL_OVERLOAD,1
COND:situational,ENABLES,EVT:BIRD_OR_WILDLIFE_STRIKE,1
COND:situational,CAUSES,EVT:PERCEPTION_FAILURE,3
COND:situational,CAUSES,EVT:DECISION_INAPPROPRIATE,4
COND:situational,CAUSES,EVT:CONTROL_INPUT_IMPROPER,2
COND:situational,ENABLES,EVT:CONTROL_INPUT_IMPROPER,1
COND:situational,CAUSES,EVT:TCAS_TRAFFIC_ADVISORY,1
COND:situational,CONTRIBUTES_TO,EVT:INJURY_OR_FATALITY,1
COND:situational,CONTRIBUTES_TO,EVT:GROUND_PERSONNEL_ERROR,1
COND:maintenance,CAUSES,COND:mechanical,126
COND:maintenance,CONTRIBUTES_TO,COND:mechanical,42
COND:maintenance,ENABLES,COND:mechanical,12
COND:maintenance,INHIBITS,COND:mechanical,2
COND:maintenance,CONTRIBUTES_TO,EVT:DECISION_INAPPROPRIATE,1
COND:maintenance,TRIGGERS,EVT:DECISION_INAPPROPRIATE,1
COND:maintenance,ENABLES,EVT:DECISION_INAPPROPRIATE,1
COND:maintenance,CONTRIBUTES_TO,EVT:CONTROL_SURFACE_ANOMALY,1
COND:maintenance,ENABLES,EVT:CONTROL_SURFACE_ANOMALY,1
COND:maintenance,CONTRIBUTES_TO,EVT:GROUND_IMPACT,1
COND:maintenance,CAUSES,EVT:ENGINE_FAILURE,1
COND:maintenance,CONTRIBUTES_TO,EVT:ENGINE_FAILURE,2
COND:maintenance,CAUSES,EVT:MAINTENANCE_INADEQUATE,2
COND:maintenance,ENABLES,EVT:MAINTENANCE_INADEQUATE,1
COND:maintenance,CONTRIBUTES_TO,EVT:MAINTENANCE_INADEQUATE,1
COND:maintenance,CONTRIBUTES_TO,EVT:CONTROL_INPUT_IMPROPER,1
COND:maintenance,CONTRIBUTES_TO,COND:maintenance,1
COND:maintenance,CAUSES,EVT:FUEL_SYSTEM_ANOMALY,1
COND:maintenance,CAUSES,EVT:LANDING_GEAR_ANOMALY,1
COND:maintenance,CONTRIBUTES_TO,EVT:LANDING_GEAR_ANOMALY,1
COND:maintenance,CONTRIBUTES_TO,COND:structural,1
COND:maintenance,ENABLES,COND:latent_defect,1
COND:maintenance,UNDER_CONDITION,ENT:component,1
COND:maintenance,ENABLES,EVT:INFLIGHT_FIRE_OR_SMOKE,1
COND:maintenance,CONTRIBUTES_TO,EVT:LOSS_OF_CONTROL_GROUND,1
COND:maintenance,CONTRIBUTES_TO,EVT:AIRFRAME_STRUCTURAL_FAILURE,1
COND:human_performance,CAUSES,EVT:FUEL_SYSTEM_ANOMALY,1
COND:human_performance,CAUSES,EVT:CONTROL_INPUT_IMPROPER,9
COND:human_performance,CONTRIBUTES_TO,EVT:CONTROL_INPUT_IMPROPER,43
COND:human_performance,UNDER_CONDITION,EVT:CONTROL_INPUT_IMPROPER,3
COND:human_performance,CAUSES,EVT:PERCEPTION_FAILURE,3
COND:human_performance,CONTRIBUTES_TO,EVT:PERCEPTION_FAILURE,5
COND:human_performance,CONTRIBUTES_TO,EVT:RUNWAY_EXCURSION_OR_OVERRUN,1
COND:human_performance,CAUSES,EVT:DECISION_INAPPROPRIATE,2
COND:human_performance,CONTRIBUTES_TO,EVT:DECISION_INAPPROPRIATE,2
COND:human_performance,CONTRIBUTES_TO,EVT:PROCEDURE_NOT_FOLLOWED,6
COND:human_performance,CAUSES,EVT:PROCEDURE_NOT_FOLLOWED,2
COND:human_performance,CAUSES,EVT:LOSS_OF_CONTROL_GROUND,2
COND:human_performance,CONTRIBUTES_TO,EVT:LOSS_OF_CONTROL_GROUND,3
COND:human_performance,CONTRIBUTES_TO,EVT:GROUND_IMPACT,1
COND:human_performance,CONTRIBUTES_TO,COND:human_performance,1
COND:human_performance,UNDER_CONDITION,EVT:TRAINING_OR_CURRENCY_GAP,1
COND:human_performance,CONTRIBUTES_TO,EVT:SPATIAL_DISORIENTATION,1
COND:human_performance,CAUSES,EVT:LOSS_OF_CONTROL_INFLIGHT,1
COND:human_performance,INHIBITS,EVT:LOSS_OF_CONTROL_INFLIGHT,1
COND:human_performance,CONTRIBUTES_TO,EVT:STALL,1
COND:pilot,CONTRIBUTES_TO,EVT:LOSS_OF_CONTROL_INFLIGHT,2
COND:pilot,CONTRIBUTES_TO,EVT:DECISION_INAPPROPRIATE,7
COND:pilot,UNDER_CONDITION,EVT:DECISION_INAPPROPRIATE,1
COND:pilot,CAUSES,EVT:DECISION_INAPPROPRIATE,2
COND:pilot,CONTRIBUTES_TO,EVT:PROCEDURE_NOT_FOLLOWED,1
COND:pilot,CAUSES,EVT:CONTROL_INPUT_IMPROPER,7
COND:pilot,CONTRIBUTES_TO,EVT:CONTROL_INPUT_IMPROPER,16
COND:pilot,UNDER_CONDITION,EVT:CONTROL_INPUT_IMPROPER,2
COND:pilot,CAUSES,EVT:LANDING_GEAR_ANOMALY,1
COND:pilot,CAUSES,EVT:STALL,2
COND:pilot,CONTRIBUTES_TO,EVT:PERCEPTION_FAILURE,1
COND:pilot,CAUSES,EVT:LOSS_OF_CONTROL_GROUND,1
COND:pilot,CONTRIBUTES_TO,EVT:RUNWAY_EXCURSION_OR_OVERRUN,1
COND:pilot,CONTRIBUTES_TO,EVT:SPATIAL_DISORIENTATION,1
COND:operational,CONTRIBUTES_TO,EVT:LOSS_OF_CONTROL_INFLIGHT,17
COND:operational,CAUSES,EVT:LOSS_OF_CONTROL_INFLIGHT,14
COND:operational,ENABLES,EVT:LOSS_OF_CONTROL_INFLIGHT,2
COND:operational,CONTRIBUTES_TO,EVT:PROCEDURE_NOT_FOLLOWED,4
COND:operational,ENABLES,EVT:PROCEDURE_NOT_FOLLOWED,6
COND:operational,INHIBITS,EVT:PROCEDURE_NOT_FOLLOWED,1
COND:operational,CAUSES,EVT:PROCEDURE_NOT_FOLLOWED,3
COND:operational,UNDER_CONDITION,EVT:PROCEDURE_NOT_FOLLOWED,2
COND:operational,CONTRIBUTES_TO,EVT:CONTROL_INPUT_IMPROPER,37
COND:operational,CAUSES,EVT:CONTROL_INPUT_IMPROPER,12
COND:operational,RESPONDS_TO,EVT:CONTROL_INPUT_IMPROPER,1
COND:operational,UNDER_CONDITION,EVT:CONTROL_INPUT_IMPROPER,10
COND:operational,ENABLES,EVT:CONTROL_INPUT_IMPROPER,6
COND:operational,INHIBITS,EVT:CONTROL_INPUT_IMPROPER,1
COND:operational,CONTRIBUTES_TO,EVT:DECISION_INAPPROPRIATE,17
COND:operational,TRIGGERS,EVT:DECISION_INAPPROPRIATE,4
COND:operational,INHIBITS,EVT:DECISION_INAPPROPRIATE,2
COND:operational,CAUSES,EVT:DECISION_INAPPROPRIATE,13
COND:operational,IF_THEN,EVT:DECISION_INAPPROPRIATE,1
COND:operational,ENABLES,EVT:DECISION_INAPPROPRIATE,10
COND:operational,UNDER_CONDITION,EVT:DECISION_INAPPROPRIATE,5
COND:operational,CONTRIBUTES_TO,EVT:STALL,7
COND:operational,CAUSES,EVT:STALL,12
COND:operational,ENABLES,EVT:STALL,1
COND:operational,INHIBITS,EVT:STALL,2
COND:operational,CAUSES,COND:mechanical,24
COND:operational,CONTRIBUTES_TO,COND:mechanical,5
COND:operational,ENABLES,COND:mechanical,1
COND:operational,INDUCED_CONDITION,COND:mechanical,1
COND:operational,CONTRIBUTES_TO,EVT:ENGINE_FAILURE,13
COND:operational,ENABLES,EVT:ENGINE_FAILURE,2
COND:operational,CAUSES,EVT:ENGINE_FAILURE,17
COND:operational,CONTRIBUTES_TO,EVT:PERCEPTION_FAILURE,8
COND:operational,CAUSES,EVT:PERCEPTION_FAILURE,1
COND:operational,ENABLES,EVT:PERCEPTION_FAILURE,2
COND:operational,CONTRIBUTES_TO,EVT:INJURY_OR_FATALITY,25
COND:operational,CAUSES,EVT:INJURY_OR_FATALITY,5
COND:operational,MITIGATES,EVT:INJURY_OR_FATALITY,2
COND:operational,ENABLES,EVT:INJURY_OR_FATALITY,1
COND:operational,CONTRIBUTES_TO,EVT:RUNWAY_EXCURSION_OR_OVERRUN,2
COND:operational,CAUSES,EVT:RUNWAY_EXCURSION_OR_OVERRUN,4
COND:operational,CONTRIBUTES_TO,EVT:LANDING_GEAR_ANOMALY,1
COND:operational,CAUSES,EVT:LOSS_OF_CONTROL_GROUND,7
COND:operational,CONTRIBUTES_TO,EVT:LOSS_OF_CONTROL_GROUND,4
COND:operational,ENABLES,EVT:LOSS_OF_CONTROL_GROUND,1
COND:operational,UNDER_CONDITION,EVT:LOSS_OF_CONTROL_GROUND,1
COND:operational,CAUSES,EVT:ALTITUDE_DEVIATION_UNCONTROLLED,3
COND:operational,CONTRIBUTES_TO,EVT:ALTITUDE_DEVIATION_UNCONTROLLED,1
COND:operational,UNDER_CONDITION,EVT:ALTITUDE_DEVIATION_UNCONTROLLED,1
COND:operational,ENABLES,EVT:TRAINING_OR_CURRENCY_GAP,1
COND:operational,CAUSES,EVT:AIRFRAME_STRUCTURAL_FAILURE,4
COND:operational,CONTRIBUTES_TO,COND:operational,2
COND:operational,CAUSES,COND:operational,4
COND:operational,CONTRIBUTES_TO,EVT:TURBULENCE_ENCOUNTER,2
COND:operational,UNDER_CONDITION,EVT:TURBULENCE_ENCOUNTER,2
COND:operational,ENABLES,EVT:TURBULENCE_ENCOUNTER,3
COND:operational,CAUSES,EVT:TURBULENCE_ENCOUNTER,1
COND:operational,UNDER_CONDITION,EVT:RUNWAY_CONDITION_HAZARD,2
COND:operational,CAUSES,EVT:FUEL_SYSTEM_ANOMALY,5
COND:operational,ENABLES,EVT:FUEL_SYSTEM_ANOMALY,2
COND:operational,CONTRIBUTES_TO,EVT:FUEL_SYSTEM_ANOMALY,1
COND:operational,CAUSES,COND:environmental,3
COND:operational,UNDER_CONDITION,COND:environmental,1
COND:operational,CONTRIBUTES_TO,EVT:LOW_VISIBILITY_OR_IMC,2
COND:operational,CAUSES,EVT:LOW_VISIBILITY_OR_IMC,1
COND:operational,CAUSES,EVT:GROUND_IMPACT,8
COND:operational,CONTRIBUTES_TO,EVT:GROUND_IMPACT,12
COND:operational,ENABLES,EVT:GROUND_IMPACT,3
COND:operational,UNDER_CONDITION,EVT:GROUND_IMPACT,1
COND:operational,CONTRIBUTES_TO,EVT:WIND_SHEAR_OR_GUST,2
COND:operational,UNDER_CONDITION,ENT:aircraft,1
COND:operational,CONTRIBUTES_TO,ENT:aircraft,1
COND:operational,CONTRIBUTES_TO,EVT:TERRAIN_OR_OBSTACLE_PROXIMITY,1
COND:operational,ENABLES,EVT:TERRAIN_OR_OBSTACLE_PROXIMITY,1
COND:operational,CAUSES,EVT:TERRAIN_OR_OBSTACLE_PROXIMITY,1
COND:operational,CONTRIBUTES_TO,EVT:SPATIAL_DISORIENTATION,1
COND:operational,CONTRIBUTES_TO,EVT:STRUCTURAL_OVERLOAD,1
COND:operational,CAUSES,COND:cognitive,1
COND:operational,CAUSES,EVT:WAKE_TURBULENCE_ENCOUNTER,1
COND:operational,CAUSES,EVT:ATC_OR_DISPATCH_INADEQUATE,1
COND:operational,CAUSES,COND:weight,1
COND:operational,CAUSES,EVT:CREW_COORDINATION_FAILURE,1
COND:operational,UNDER_CONDITION,EVT:CREW_COORDINATION_FAILURE,1
COND:operational,CONTRIBUTES_TO,COND:weather,1
COND:operational,CAUSES,EVT:WATER_IMPACT,1
COND:operational,CAUSES,COND:aerodynamic,2
COND:operational,ENABLES,COND:aerodynamic,1
COND:operational,ENABLES,COND:terrain,1
COND:operational,CAUSES,COND:organizational,1
COND:operational,CAUSES,EVT:CONTROL_SURFACE_ANOMALY,1
COND:operational,CAUSES,COND:fuel_state,1
COND:fuel_state,CAUSES,EVT:FUEL_SYSTEM_ANOMALY,19
COND:fuel_state,UNDER_CONDITION,EVT:FUEL_SYSTEM_ANOMALY,5
COND:fuel_state,CAUSES,EVT:ENGINE_FAILURE,97
COND:fuel_state,ENABLES,COND:latent_defect,1
COND:fuel_state,ENABLES,EVT:PROCEDURE_NOT_FOLLOWED,1
COND:fuel_state,CAUSES,COND:fuel_state,1
COND:fuel_state,TRIGGERS,EVT:PERCEPTION_FAILURE,1
COND:fuel_state,CAUSES,EVT:DECISION_INAPPROPRIATE,1
COND:surface,CONTRIBUTES_TO,EVT:CONTROL_INPUT_IMPROPER,3
COND:surface,CAUSES,EVT:CONTROL_INPUT_IMPROPER,2
COND:surface,UNDER_CONDITION,EVT:CONTROL_INPUT_IMPROPER,1
COND:surface,CONTRIBUTES_TO,EVT:RUNWAY_EXCURSION_OR_OVERRUN,6
COND:surface,UNDER_CONDITION,EVT:RUNWAY_EXCURSION_OR_OVERRUN,3
COND:surface,ENABLES,EVT:RUNWAY_EXCURSION_OR_OVERRUN,6
COND:surface,CAUSES,EVT:RUNWAY_EXCURSION_OR_OVERRUN,4
COND:surface,MASKED_BY_CONDITION,COND:terrain,1
COND:surface,ENABLES,EVT:LANDING_GEAR_ANOMALY,2
COND:surface,CONTRIBUTES_TO,EVT:LANDING_GEAR_ANOMALY,1
COND:surface,CAUSES,EVT:ALTITUDE_DEVIATION_UNCONTROLLED,1
COND:surface,CONTRIBUTES_TO,COND:performance,1
COND:surface,ENABLES,EVT:LOSS_OF_CONTROL_GROUND,4
COND:surface,CONTRIBUTES_TO,EVT:LOSS_OF_CONTROL_GROUND,5
COND:surface,UNDER_CONDITION,EVT:LOSS_OF_CONTROL_GROUND,2
COND:surface,CAUSES,EVT:LOSS_OF_CONTROL_GROUND,1
COND:surface,UNDER_CONDITION,EVT:TERRAIN_OR_OBSTACLE_PROXIMITY,1
COND:surface,UNDER_CONDITION,EVT:GROUND_IMPACT,1
COND:surface,CAUSES,EVT:GROUND_IMPACT,4
COND:surface,CONTRIBUTES_TO,EVT:GROUND_IMPACT,1
COND:surface,CONTRIBUTES_TO,EVT:PROCEDURE_NOT_FOLLOWED,1
COND:surface,UNDER_CONDITION,EVT:LOW_VISIBILITY_OR_IMC,1
COND:surface,CONTRIBUTES_TO,EVT:GROUND_PERSONNEL_ERROR,1
COND:surface,CONTRIBUTES_TO,EVT:ENGINE_FAILURE,1
COND:surface,CONTRIBUTES_TO,EVT:STRUCTURAL_OVERLOAD,1
COND:weight_and_balance,CAUSES,EVT:ENGINE_FAILURE,1
COND:weight_and_balance,CONTRIBUTES_TO,EVT:STALL,3
COND:weight_and_balance,CAUSES,EVT:STALL,1
COND:weight_and_balance,CONTRIBUTES_TO,EVT:CONTROL_INPUT_IMPROPER,6
COND:weight_and_balance,ENABLES,EVT:CONTROL_INPUT_IMPROPER,1
COND:weight_and_balance,CAUSES,EVT:CONTROL_INPUT_IMPROPER,1
COND:weight_and_balance,UNDER_CONDITION,EVT:CONTROL_INPUT_IMPROPER,1
COND:weight_and_balance,CAUSES,EVT:LOSS_OF_CONTROL_INFLIGHT,3
COND:weight_and_balance,CONTRIBUTES_TO,EVT:LOSS_OF_CONTROL_INFLIGHT,2
COND:weight_and_balance,CAUSES,COND:aerodynamic,3
COND:weight_and_balance,CONTRIBUTES_TO,COND:aerodynamic,1
COND:weight_and_balance,CAUSES,EVT:ALTITUDE_DEVIATION_UNCONTROLLED,2
COND:weight_and_balance,CONTRIBUTES_TO,EVT:LOSS_OF_CONTROL_GROUND,1
COND:weight_and_balance,ENABLES,EVT:PROCEDURE_NOT_FOLLOWED,1
COND:weight_and_balance,CONTRIBUTES_TO,EVT:GROUND_IMPACT,1
COND:weight_and_balance,CONTRIBUTES_TO,EVT:SPATIAL_DISORIENTATION,1
COND:training_or_currency,CAUSES,EVT:PROCEDURE_NOT_FOLLOWED,1
COND:training_or_currency,CONTRIBUTES_TO,EVT:PROCEDURE_NOT_FOLLOWED,2
COND:training_or_currency,CONTRIBUTES_TO,EVT:LOSS_OF_CONTROL_INFLIGHT,1
COND:training_or_currency,CONTRIBUTES_TO,EVT:CONTROL_INPUT_IMPROPER,6
COND:training_or_currency,CAUSES,EVT:CONTROL_INPUT_IMPROPER,1
COND:training_or_currency,ENABLES,EVT:DECISION_INAPPROPRIATE,1
COND:training_or_currency,CONTRIBUTES_TO,EVT:DECISION_INAPPROPRIATE,1
COND:training_or_currency,CONTRIBUTES_TO,EVT:LOSS_OF_CONTROL_GROUND,1
COND:configuration,ENABLES,COND:aerodynamic,2
COND:configuration,CONTRIBUTES_TO,COND:aerodynamic,2
COND:configuration,CAUSES,COND:aerodynamic,2
COND:configuration,CAUSES,EVT:LOSS_OF_CONTROL_INFLIGHT,7
COND:configuration,UNDER_CONDITION,EVT:LOSS_OF_CONTROL_INFLIGHT,1
COND:configuration,ENABLES,EVT:CONTROL_INPUT_IMPROPER,1
COND:configuration,CONTRIBUTES_TO,EVT:CONTROL_INPUT_IMPROPER,3
COND:configuration,CAUSES,EVT:CONTROL_INPUT_IMPROPER,1
COND:configuration,CAUSES,EVT:STALL,3
COND:configuration,CONTRIBUTES_TO,EVT:STALL,8
COND:configuration,UNDER_CONDITION,EVT:STALL,1
COND:configuration,ENABLES,EVT:STALL,1
COND:configuration,CONTRIBUTES_TO,EVT:LOSS_OF_CONTROL_GROUND,1
COND:configuration,CAUSES,EVT:LOSS_OF_CONTROL_GROUND,4
COND:configuration,ENABLES,EVT:LOSS_OF_CONTROL_GROUND,1
COND:configuration,CAUSES,EVT:ALTITUDE_DEVIATION_UNCONTROLLED,2
COND:configuration,CONTRIBUTES_TO,EVT:ALTITUDE_DEVIATION_UNCONTROLLED,2
COND:configuration,CAUSES,COND:performance,1
COND:configuration,CAUSES,EVT:GROUND_IMPACT,3
COND:configuration,CONTRIBUTES_TO,EVT:GROUND_IMPACT,1
COND:configuration,CONTRIBUTES_TO,EVT:AUTOMATION_ANOMALY,1
COND:configuration,CAUSES,EVT:RUNWAY_EXCURSION_OR_OVERRUN,3
COND:configuration,CONTRIBUTES_TO,EVT:DECISION_INAPPROPRIATE,1
COND:configuration,ENABLES,EVT:EXTERNAL_LOAD_ANOMALY,1
COND:maintenance_gap,CONTRIBUTES_TO,COND:mechanical,1
COND:psychological,CAUSES,EVT:LOSS_OF_CONTROL_INFLIGHT,4
COND:psychological,CONTRIBUTES_TO,EVT:LOSS_OF_CONTROL_INFLIGHT,1
COND:psychological,CAUSES,EVT:DECISION_INAPPROPRIATE,51
COND:psychological,CONTRIBUTES_TO,EVT:DECISION_INAPPROPRIATE,10
COND:psychological,UNDER_CONDITION,EVT:DECISION_INAPPROPRIATE,1
COND:psychological,CONTRIBUTES_TO,EVT:CONTROL_INPUT_IMPROPER,12
COND:psychological,CAUSES,EVT:CONTROL_INPUT_IMPROPER,10
COND:psychological,INHIBITS,EVT:CONTROL_INPUT_IMPROPER,1
COND:psychological,CAUSES,EVT:PILOT_INCAPACITATION_OR_IMPAIRMENT,5
COND:psychological,UNDER_CONDITION,EVT:PILOT_INCAPACITATION_OR_IMPAIRMENT,1
COND:psychological,CAUSES,EVT:SPATIAL_DISORIENTATION,1
COND:psychological,CONTRIBUTES_TO,EVT:LOW_VISIBILITY_OR_IMC,1
COND:psychological,CAUSES,EVT:CREW_COORDINATION_FAILURE,1
COND:psychological,CONTRIBUTES_TO,EVT:PROCEDURE_NOT_FOLLOWED,2
COND:psychological,INHIBITS,EVT:PROCEDURE_NOT_FOLLOWED,1
COND:psychological,CAUSES,EVT:PROCEDURE_NOT_FOLLOWED,1
COND:psychological,CONTRIBUTES_TO,EVT:PERCEPTION_FAILURE,2
COND:psychological,CAUSES,EVT:PERCEPTION_FAILURE,3
COND:psychological,UNDER_CONDITION,EVT:PERCEPTION_FAILURE,1
COND:psychological,CONTRIBUTES_TO,EVT:RUNWAY_EXCURSION_OR_OVERRUN,1
COND:psychological,CONTRIBUTES_TO,EVT:TERRAIN_OR_OBSTACLE_PROXIMITY,1
COND:mental,CAUSES,EVT:PROCEDURE_NOT_FOLLOWED,1
COND:resource,CAUSES,EVT:ENGINE_FAILURE,114
COND:resource,CONTRIBUTES_TO,EVT:ENGINE_FAILURE,1
COND:resource,UNDER_CONDITION,EVT:DECISION_INAPPROPRIATE,3
COND:resource,CAUSES,EVT:DECISION_INAPPROPRIATE,8
COND:resource,TRIGGERS,EVT:DECISION_INAPPROPRIATE,1
COND:resource,ENABLES,EVT:DECISION_INAPPROPRIATE,1
COND:resource,INHIBITS,EVT:DECISION_INAPPROPRIATE,1
COND:resource,CAUSES,EVT:FUEL_SYSTEM_ANOMALY,32
COND:resource,UNDER_CONDITION,EVT:FUEL_SYSTEM_ANOMALY,5
COND:resource,INDUCED_CONDITION,EVT:FUEL_SYSTEM_ANOMALY,1
COND:resource,CAUSES,EVT:RUNWAY_EXCURSION_OR_OVERRUN,1
COND:resource,CAUSES,EVT:EMERGENCY_LANDING,2
COND:resource,CONTRIBUTES_TO,EVT:EMERGENCY_LANDING,1
COND:resource,ENABLES,COND:mechanical,1
COND:resource,CAUSES,COND:resource,1
COND:information,CONTRIBUTES_TO,EVT:DECISION_INAPPROPRIATE,22
COND:information,ENABLES,EVT:DECISION_INAPPROPRIATE,7
COND:information,CAUSES,EVT:DECISION_INAPPROPRIATE,19
COND:information,INHIBITS,EVT:DECISION_INAPPROPRIATE,4
COND:information,MASKED_BY_CONDITION,EVT:DECISION_INAPPROPRIATE,3
COND:information,INHIBITS,ENT:person,1
COND:information,CONTRIBUTES_TO,EVT:PROCEDURE_NOT_FOLLOWED,10
COND:information,MASKED_BY_CONDITION,EVT:PROCEDURE_NOT_FOLLOWED,1
COND:information,CAUSES,EVT:PROCEDURE_NOT_FOLLOWED,14
COND:information,INHIBITS,EVT:PROCEDURE_NOT_FOLLOWED,3
COND:information,UNDER_CONDITION,EVT:PROCEDURE_NOT_FOLLOWED,2
COND:information,MASKED_BY_CONDITION,COND:terrain,1
COND:information,INHIBITS,EVT:PERCEPTION_FAILURE,2
COND:information,CONTRIBUTES_TO,EVT:PERCEPTION_FAILURE,10
COND:information,UNDER_CONDITION,EVT:PERCEPTION_FAILURE,9
COND:information,CAUSES,EVT:PERCEPTION_FAILURE,22
COND:information,TRIGGERS,EVT:PERCEPTION_FAILURE,2
COND:information,MASKED_BY_CONDITION,EVT:PERCEPTION_FAILURE,10
COND:information,ENABLES,EVT:PERCEPTION_FAILURE,2
COND:information,CAUSES,EVT:ATC_OR_DISPATCH_INADEQUATE,7
COND:information,UNDER_CONDITION,EVT:ATC_OR_DISPATCH_INADEQUATE,2
COND:information,MASKED_BY_CONDITION,EVT:RUNWAY_EXCURSION_OR_OVERRUN,1
COND:information,CONTRIBUTES_TO,EVT:RUNWAY_EXCURSION_OR_OVERRUN,3
COND:information,UNDER_CONDITION,EVT:RUNWAY_EXCURSION_OR_OVERRUN,1
COND:information,CAUSES,EVT:RUNWAY_EXCURSION_OR_OVERRUN,1
COND:information,CONTRIBUTES_TO,EVT:CONTROL_INPUT_IMPROPER,18
COND:information,CAUSES,EVT:CONTROL_INPUT_IMPROPER,2
COND:information,INHIBITS,EVT:CONTROL_INPUT_IMPROPER,1
COND:information,UNDER_CONDITION,EVT:CONTROL_INPUT_IMPROPER,1
COND:information,RESPONDS_TO,EVT:CONTROL_INPUT_IMPROPER,1
COND:information,MASKED_BY_CONDITION,EVT:FUEL_SYSTEM_ANOMALY,1
COND:information,CAUSES,COND:knowledge,1
COND:information,CONTRIBUTES_TO,COND:cognitive,1
COND:information,CAUSES,COND:infrastructure,1
COND:information,CONTRIBUTES_TO,EVT:MAINTENANCE_INADEQUATE,1
COND:information,CAUSES,EVT:TURBULENCE_ENCOUNTER,1
COND:information,CONTRIBUTES_TO,EVT:TURBULENCE_ENCOUNTER,1
COND:information,ENABLES,EVT:TURBULENCE_ENCOUNTER,1
COND:information,UNDER_CONDITION,EVT:TURBULENCE_ENCOUNTER,1
COND:information,INHIBITS,EVT:TURBULENCE_ENCOUNTER,1
COND:information,CONTRIBUTES_TO,COND:weather,1
COND:information,MASKED_BY_CONDITION,COND:weather,2
COND:information,ENABLES,COND:weather,1
COND:information,CAUSES,EVT:ORG_OR_REGULATORY_INADEQUATE,2
COND:information,MASKED_BY_CONDITION,EVT:LANDING_GEAR_ANOMALY,1
COND:information,CAUSES,EVT:LANDING_GEAR_ANOMALY,1
COND:information,CONTRIBUTES_TO,EVT:LANDING_GEAR_ANOMALY,1
COND:information,CONTRIBUTES_TO,EVT:THUNDERSTORM_OR_CONVECTIVE,1
COND:information,CAUSES,EVT:CREW_COORDINATION_FAILURE,1
COND:information,MASKED_BY_CONDITION,EVT:ICING_ENCOUNTER,1
COND:information,MASKED_BY_CONDITION,COND:resource,1
COND:information,ENABLES,EVT:GROUND_PERSONNEL_ERROR,1
COND:information,UNDER_CONDITION,EVT:INSTRUMENT_OR_AVIONICS_FAILURE,1
COND:information,CAUSES,EVT:LOSS_OF_CONTROL_GROUND,1
COND:information,MASKED_BY_CONDITION,EVT:LOW_VISIBILITY_OR_IMC,1
COND:information,ENABLES,COND:environmental,1
COND:information,CAUSES,COND:information,1
COND:information,CONTRIBUTES_TO,EVT:BIRD_OR_WILDLIFE_STRIKE,1
COND:information,MASKED_BY_CONDITION,EVT:ENGINE_FAILURE,1
COND:information,CAUSES,EVT:ALTITUDE_DEVIATION_UNCONTROLLED,1
COND:fuel,CAUSES,EVT:ENGINE_FAILURE,47
COND:fuel,CONTRIBUTES_TO,EVT:ENGINE_FAILURE,2
COND:fuel,CAUSES,COND:fuel,3
COND:fuel,CAUSES,EVT:FUEL_SYSTEM_ANOMALY,12
COND:fuel,CONTRIBUTES_TO,EVT:FUEL_SYSTEM_ANOMALY,1
COND:fuel,UNDER_CONDITION,EVT:FUEL_SYSTEM_ANOMALY,1
COND:fuel,CAUSES,EVT:DECISION_INAPPROPRIATE,6
COND:fuel,CAUSES,EVT:GROUND_IMPACT,1
COND:fuel,INHIBITS,EVT:PROCEDURE_NOT_FOLLOWED,1
COND:fuel,ENABLES,EVT:CONTROL_INPUT_IMPROPER,1
COND:aircraft_configuration,CONTRIBUTES_TO,EVT:AIRFRAME_STRUCTURAL_FAILURE,1
COND:aircraft_configuration,CAUSES,EVT:LOSS_OF_CONTROL_INFLIGHT,2
COND:aircraft_configuration,CONTRIBUTES_TO,EVT:LOSS_OF_CONTROL_INFLIGHT,1
COND:aircraft_configuration,ENABLES,EVT:RUNWAY_EXCURSION_OR_OVERRUN,2
COND:aircraft_configuration,UNDER_CONDITION,EVT:RUNWAY_EXCURSION_OR_OVERRUN,1
COND:aircraft_configuration,CAUSES,EVT:RUNWAY_EXCURSION_OR_OVERRUN,1
COND:aircraft_configuration,CONTRIBUTES_TO,EVT:CONTROL_INPUT_IMPROPER,7
COND:aircraft_configuration,UNDER_CONDITION,EVT:CONTROL_INPUT_IMPROPER,4
COND:aircraft_configuration,CONTRIBUTES_TO,EVT:STALL,4
COND:aircraft_configuration,CAUSES,EVT:STALL,3
COND:aircraft_configuration,ENABLES,EVT:LOSS_OF_CONTROL_GROUND,7
COND:aircraft_configuration,CONTRIBUTES_TO,EVT:LOSS_OF_CONTROL_GROUND,3
COND:aircraft_configuration,CAUSES,EVT:LOSS_OF_CONTROL_GROUND,2
COND:aircraft_configuration,CONTRIBUTES_TO,EVT:ENGINE_FAILURE,1
COND:aircraft_configuration,CONTRIBUTES_TO,EVT:DECISION_INAPPROPRIATE,3
COND:aircraft_configuration,ENABLES,EVT:DECISION_INAPPROPRIATE,1
COND:aircraft_configuration,ENABLES,COND:mental_state,1
COND:aircraft_configuration,CONTRIBUTES_TO,EVT:ALTITUDE_DEVIATION_UNCONTROLLED,1
COND:aircraft_configuration,CAUSES,EVT:GROUND_IMPACT,1
COND:aircraft_configuration,CONTRIBUTES_TO,EVT:GROUND_IMPACT,2
COND:aircraft_configuration,CAUSES,COND:aerodynamic,1
COND:aircraft_configuration,UNDER_CONDITION,EVT:PROCEDURE_NOT_FOLLOWED,1
COND:aircraft_configuration,INHIBITS,EVT:PROCEDURE_NOT_FOLLOWED,1
COND:aircraft_configuration,CONTRIBUTES_TO,EVT:PERFORMANCE_FAILURE,1
COND:aircraft_configuration,CONTRIBUTES_TO,EVT:PERCEPTION_FAILURE,1
COND:aircraft_configuration,CAUSES,EVT:PERCEPTION_FAILURE,1
COND:aircraft_configuration,CAUSES,COND:aircraft_configuration,1
COND:instrument_error,MASKED_BY_CONDITION,EVT:DECISION_INAPPROPRIATE,2
COND:instrument_error,CONTRIBUTES_TO,EVT:DECISION_INAPPROPRIATE,2
COND:instrument_error,ENABLES,EVT:DECISION_INAPPROPRIATE,1
COND:instrument_error,CAUSES,EVT:ALTITUDE_DEVIATION_UNCONTROLLED,1
COND:instrument_error,CONTRIBUTES_TO,EVT:PROCEDURE_NOT_FOLLOWED,1
COND:knowledge,CONTRIBUTES_TO,EVT:PERCEPTION_FAILURE,17
COND:knowledge,CAUSES,EVT:PERCEPTION_FAILURE,15
COND:knowledge,UNDER_CONDITION,EVT:PERCEPTION_FAILURE,2
COND:knowledge,CONTRIBUTES_TO,EVT:DECISION_INAPPROPRIATE,36
COND:knowledge,CAUSES,EVT:DECISION_INAPPROPRIATE,36
COND:knowledge,ENABLES,EVT:DECISION_INAPPROPRIATE,3
COND:knowledge,INHIBITS,EVT:DECISION_INAPPROPRIATE,2
COND:knowledge,UNDER_CONDITION,EVT:DECISION_INAPPROPRIATE,2
COND:knowledge,CAUSES,EVT:PROCEDURE_NOT_FOLLOWED,27
COND:knowledge,CONTRIBUTES_TO,EVT:PROCEDURE_NOT_FOLLOWED,6
COND:knowledge,ENABLES,EVT:PROCEDURE_NOT_FOLLOWED,3
COND:knowledge,UNDER_CONDITION,EVT:PROCEDURE_NOT_FOLLOWED,1
COND:knowledge,CONTRIBUTES_TO,EVT:CONTROL_INPUT_IMPROPER,19
COND:knowledge,CAUSES,EVT:CONTROL_INPUT_IMPROPER,21
COND:knowledge,ENABLES,EVT:CONTROL_INPUT_IMPROPER,2
COND:knowledge,CONTRIBUTES_TO,EVT:LOSS_OF_CONTROL_GROUND,1
COND:knowledge,UNDER_CONDITION,EVT:LOSS_OF_CONTROL_GROUND,1
COND:knowledge,CONTRIBUTES_TO,EVT:LOSS_OF_CONTROL_INFLIGHT,4
COND:knowledge,CONTRIBUTES_TO,EVT:GROUND_COLLISION,1
COND:knowledge,CAUSES,EVT:RUNWAY_EXCURSION_OR_OVERRUN,1
COND:knowledge,CONTRIBUTES_TO,EVT:RUNWAY_EXCURSION_OR_OVERRUN,2
COND:knowledge,CAUSES,EVT:TRAINING_OR_CURRENCY_GAP,2
COND:knowledge,ENABLES,EVT:TRAINING_OR_CURRENCY_GAP,1
COND:knowledge,CAUSES,EVT:SPATIAL_DISORIENTATION,2
COND:knowledge,CONTRIBUTES_TO,EVT:SPATIAL_DISORIENTATION,1
COND:knowledge,ENABLES,EVT:SPATIAL_DISORIENTATION,2
COND:knowledge,CONTRIBUTES_TO,COND:knowledge,1
COND:knowledge,CAUSES,EVT:CREW_COORDINATION_FAILURE,2
COND:knowledge,ENABLES,EVT:CREW_COORDINATION_FAILURE,1
COND:knowledge,CAUSES,EVT:MAINTENANCE_INADEQUATE,2
COND:knowledge,CONTRIBUTES_TO,EVT:MAINTENANCE_INADEQUATE,1
COND:knowledge,CAUSES,COND:mechanical,2
COND:knowledge,CONTRIBUTES_TO,EVT:EMERGENCY_LANDING,1
COND:knowledge,CONTRIBUTES_TO,EVT:LOW_VISIBILITY_OR_IMC,1
COND:knowledge,CONTRIBUTES_TO,EVT:ALTITUDE_DEVIATION_UNCONTROLLED,1
COND:knowledge,CONTRIBUTES_TO,EVT:RUNWAY_CONDITION_HAZARD,1
COND:knowledge,CAUSES,COND:fuel,1
COND:knowledge,CONTRIBUTES_TO,EVT:TURBULENCE_ENCOUNTER,1
COND:knowledge,CAUSES,COND:performance,1
COND:knowledge,UNDER_CONDITION,ENT:person,1
COND:knowledge,CONTRIBUTES_TO,EVT:ENGINE_FAILURE,1
COND:knowledge,CAUSES,COND:procedural,1
COND:spatial,ENABLES,EVT:DECISION_INAPPROPRIATE,3
COND:spatial,CONTRIBUTES_TO,EVT:DECISION_INAPPROPRIATE,1
COND:spatial,INHIBITS,EVT:DECISION_INAPPROPRIATE,3
COND:spatial,CAUSES,EVT:DECISION_INAPPROPRIATE,8
COND:spatial,CAUSES,EVT:SPATIAL_DISORIENTATION,7
COND:spatial,UNDER_CONDITION,EVT:SPATIAL_DISORIENTATION,3
COND:spatial,CAUSES,EVT:PROCEDURE_NOT_FOLLOWED,4
COND:spatial,UNDER_CONDITION,EVT:PROCEDURE_NOT_FOLLOWED,1
COND:spatial,INDUCED_CONDITION,EVT:PROCEDURE_NOT_FOLLOWED,1
COND:spatial,ENABLES,EVT:PROCEDURE_NOT_FOLLOWED,1
COND:spatial,CAUSES,EVT:GROUND_IMPACT,12
COND:spatial,ENABLES,EVT:GROUND_IMPACT,8
COND:spatial,CAUSES,EVT:WATER_IMPACT,1
COND:spatial,UNDER_CONDITION,EVT:ALTITUDE_DEVIATION_UNCONTROLLED,1
COND:spatial,CAUSES,EVT:ALTITUDE_DEVIATION_UNCONTROLLED,2
COND:spatial,CAUSES,EVT:CONTROL_INPUT_IMPROPER,10
COND:spatial,CONTRIBUTES_TO,EVT:CONTROL_INPUT_IMPROPER,2
COND:spatial,TRIGGERS,EVT:CONTROL_INPUT_IMPROPER,4
COND:spatial,UNDER_CONDITION,EVT:CONTROL_INPUT_IMPROPER,2
COND:spatial,ENABLES,EVT:CONTROL_INPUT_IMPROPER,3
COND:spatial,TRIGGERS,EVT:PERCEPTION_FAILURE,1
COND:spatial,CONTRIBUTES_TO,EVT:PERCEPTION_FAILURE,5
COND:spatial,CAUSES,EVT:PERCEPTION_FAILURE,9
COND:spatial,UNDER_CONDITION,EVT:PERCEPTION_FAILURE,3
COND:spatial,ENABLES,EVT:PERCEPTION_FAILURE,2
COND:spatial,INHIBITS,EVT:PERCEPTION_FAILURE,1
COND:spatial,CONTRIBUTES_TO,EVT:RUNWAY_EXCURSION_OR_OVERRUN,1
COND:spatial,CAUSES,EVT:RUNWAY_EXCURSION_OR_OVERRUN,1
COND:spatial,UNDER_CONDITION,COND:terrain,1
COND:spatial,CO_OCCURS,COND:environmental,1
COND:spatial,UNDER_CONDITION,EVT:GROUND_COLLISION,1
COND:spatial,CAUSES,EVT:GROUND_COLLISION,3
COND:spatial,CAUSES,EVT:GROUND_DAMAGE,1
COND:spatial,ENABLES,EVT:GROUND_PERSONNEL_ERROR,1
COND:spatial,UNDER_CONDITION,EVT:GROUND_PERSONNEL_ERROR,2
COND:spatial,CAUSES,COND:perceptual,1
COND:spatial,CAUSES,EVT:LOSS_OF_CONTROL_INFLIGHT,3
COND:spatial,CAUSES,COND:spatial,2
COND:spatial,CAUSES,EVT:LOSS_OF_CONTROL_GROUND,1
COND:spatial,ENABLES,EVT:TURBULENCE_ENCOUNTER,1
COND:spatial,CAUSES,EVT:TERRAIN_OR_OBSTACLE_PROXIMITY,3
COND:spatial,ENABLES,EVT:TERRAIN_OR_OBSTACLE_PROXIMITY,1
COND:spatial,CAUSES,EVT:GROUND_CONTACT,1
COND:pilot_qualification,CONTRIBUTES_TO,EVT:DECISION_INAPPROPRIATE,39
COND:pilot_qualification,INHIBITS,EVT:DECISION_INAPPROPRIATE,1
COND:pilot_qualification,ENABLES,EVT:DECISION_INAPPROPRIATE,3
COND:pilot_qualification,CAUSES,EVT:PERCEPTION_FAILURE,1
COND:pilot_qualification,CONTRIBUTES_TO,EVT:PERCEPTION_FAILURE,3
COND:pilot_qualification,ENABLES,EVT:PERCEPTION_FAILURE,2
COND:pilot_qualification,CONTRIBUTES_TO,EVT:CONTROL_INPUT_IMPROPER,1
COND:pilot_qualification,CONTRIBUTES_TO,EVT:LOSS_OF_CONTROL_GROUND,1
COND:pilot_qualification,CAUSES,EVT:SPATIAL_DISORIENTATION,1
COND:pilot_qualification,CONTRIBUTES_TO,EVT:SPATIAL_DISORIENTATION,2
COND:pilot_qualification,CONTRIBUTES_TO,EVT:PROCEDURE_NOT_FOLLOWED,4
COND:pilot_qualification,ENABLES,EVT:PROCEDURE_NOT_FOLLOWED,2
COND:pilot_qualification,CONTRIBUTES_TO,EVT:LOW_VISIBILITY_OR_IMC,2
COND:runway_condition,CAUSES,EVT:LOSS_OF_CONTROL_GROUND,1
COND:runway_condition,CONTRIBUTES_TO,EVT:CONTROL_INPUT_IMPROPER,1
COND:runway_condition,CONTRIBUTES_TO,EVT:PROCEDURE_NOT_FOLLOWED,1
COND:runway_condition,CAUSES,EVT:RUNWAY_EXCURSION_OR_OVERRUN,1
COND:situational_awareness,CONTRIBUTES_TO,EVT:CONTROL_INPUT_IMPROPER,3
COND:situational_awareness,TRIGGERS,EVT:CONTROL_INPUT_IMPROPER,1
COND:situational_awareness,CAUSES,EVT:CONTROL_INPUT_IMPROPER,10
COND:situational_awareness,UNDER_CONDITION,EVT:CONTROL_INPUT_IMPROPER,1
COND:situational_awareness,CAUSES,EVT:GROUND_IMPACT,4
COND:situational_awareness,CONTRIBUTES_TO,EVT:GROUND_IMPACT,1
COND:situational_awareness,UNDER_CONDITION,EVT:GROUND_IMPACT,1
COND:situational_awareness,ENABLES,EVT:GROUND_IMPACT,1
COND:situational_awareness,CAUSES,EVT:MIDAIR_COLLISION,3
COND:situational_awareness,CONTRIBUTES_TO,EVT:MIDAIR_COLLISION,1
COND:situational_awareness,CAUSES,EVT:DECISION_INAPPROPRIATE,9
COND:situational_awareness,IF_THEN,EVT:DECISION_INAPPROPRIATE,1
COND:situational_awareness,UNDER_CONDITION,EVT:DECISION_INAPPROPRIATE,2
COND:situational_awareness,CAUSES,EVT:PERCEPTION_FAILURE,13
COND:situational_awareness,CONTRIBUTES_TO,EVT:PERCEPTION_FAILURE,4
COND:situational_awareness,UNDER_CONDITION,EVT:PERCEPTION_FAILURE,3
COND:situational_awareness,ENABLES,EVT:PERCEPTION_FAILURE,1
COND:situational_awareness,MASKED_BY_CONDITION,EVT:PERCEPTION_FAILURE,1
COND:situational_awareness,CONTRIBUTES_TO,EVT:PROCEDURE_NOT_FOLLOWED,1
COND:situational_awareness,CAUSES,EVT:PROCEDURE_NOT_FOLLOWED,10
COND:situational_awareness,IF_THEN,EVT:PROCEDURE_NOT_FOLLOWED,1
COND:situational_awareness,INHIBITS,EVT:PROCEDURE_NOT_FOLLOWED,1
COND:situational_awareness,INHIBITS,EVT:BIRD_OR_WILDLIFE_STRIKE,1
COND:situational_awareness,ENABLES,EVT:BIRD_OR_WILDLIFE_STRIKE,1
COND:situational_awareness,INHIBITS,EVT:ATC_OR_DISPATCH_INADEQUATE,1
COND:situational_awareness,ENABLES,EVT:ATC_OR_DISPATCH_INADEQUATE,1
COND:situational_awareness,CAUSES,EVT:ATC_OR_DISPATCH_INADEQUATE,2
COND:situational_awareness,CAUSES,EVT:LOSS_OF_CONTROL_INFLIGHT,1
COND:situational_awareness,CAUSES,EVT:ALTITUDE_DEVIATION_UNCONTROLLED,1
COND:situational_awareness,UNDER_CONDITION,EVT:STALL,1
COND:situational_awareness,CAUSES,EVT:RUNWAY_EXCURSION_OR_OVERRUN,1
COND:situational_awareness,CAUSES,EVT:LOSS_OF_CONTROL_GROUND,1
COND:situational_awareness,CAUSES,EVT:CREW_COORDINATION_FAILURE,1
COND:situational_awareness,CAUSES,COND:situational_awareness,1
ENT:person,SUPERVISED_BY,EVT:CONTROL_INPUT_IMPROPER,2
ENT:person,CAUSES,EVT:CONTROL_INPUT_IMPROPER,6
ENT:person,CONTRIBUTES_TO,EVT:CONTROL_INPUT_IMPROPER,2
ENT:person,PERFORMED_BY,EVT:CONTROL_INPUT_IMPROPER,7
ENT:person,RESPONDS_TO,EVT:CONTROL_INPUT_IMPROPER,8
ENT:person,?,EVT:CONTROL_INPUT_IMPROPER,1
ENT:person,INHIBITS,EVT:CONTROL_INPUT_IMPROPER,1
ENT:person,SUPERVISED_BY,EVT:PROCEDURE_NOT_FOLLOWED,3
ENT:person,PERFORMED_BY,EVT:PROCEDURE_NOT_FOLLOWED,5
ENT:person,RESPONDS_TO,EVT:PROCEDURE_NOT_FOLLOWED,3
ENT:person,CAUSES,EVT:PROCEDURE_NOT_FOLLOWED,4
ENT:person,SUPERVISED_BY,EVT:ATC_OR_DISPATCH_INADEQUATE,1
ENT:person,SUPERVISED_BY,ENT:person,10
ENT:person,UNDER_CONDITION,COND:human_factors,4
ENT:person,SUPERVISED_BY,COND:human_factors,1
ENT:person,CAUSES,COND:mechanical,5
ENT:person,RESPONDS_TO,EVT:LOSS_OF_CONTROL_GROUND,7
ENT:person,PERFORMED_BY,EVT:LOSS_OF_CONTROL_GROUND,1
ENT:person,?,EVT:LOSS_OF_CONTROL_GROUND,1
ENT:person,CAUSES,EVT:LOSS_OF_CONTROL_GROUND,2
ENT:person,CAUSES,EVT:LOSS_OF_CONTROL_INFLIGHT,1
ENT:person,RESPONDS_TO,EVT:LOSS_OF_CONTROL_INFLIGHT,3
ENT:person,?,EVT:LOSS_OF_CONTROL_INFLIGHT,1
ENT:person,UNDER_CONDITION,COND:regulatory,4
ENT:person,SUPERVISED_BY,COND:regulatory,1
ENT:person,SUPERVISED_BY,COND:organizational,3
ENT:person,UNDER_CONDITION,COND:organizational,4
ENT:person,CAUSES,EVT:RUNWAY_EXCURSION_OR_OVERRUN,4
ENT:person,RESPONDS_TO,EVT:RUNWAY_EXCURSION_OR_OVERRUN,7
ENT:person,UNDER_CONDITION,EVT:RUNWAY_EXCURSION_OR_OVERRUN,1
ENT:person,?,EVT:RUNWAY_EXCURSION_OR_OVERRUN,1
ENT:person,RESPONDS_TO,EVT:DECISION_INAPPROPRIATE,3
ENT:person,?,EVT:DECISION_INAPPROPRIATE,1
ENT:person,PERFORMED_BY,EVT:DECISION_INAPPROPRIATE,1
ENT:person,CAUSES,EVT:DECISION_INAPPROPRIATE,1
ENT:person,SUPERVISED_BY,EVT:DECISION_INAPPROPRIATE,1
ENT:person,SUPERVISED_BY,ENT:component,1
ENT:person,CAUSES,EVT:PERCEPTION_FAILURE,1
ENT:person,?,EVT:PERCEPTION_FAILURE,1
ENT:person,PERFORMED_BY,EVT:CREW_COORDINATION_FAILURE,2
ENT:person,SUPERVISED_BY,EVT:CREW_COORDINATION_FAILURE,2
ENT:person,CAUSES,EVT:CREW_COORDINATION_FAILURE,1
ENT:person,CAUSES,EVT:TERRAIN_OR_OBSTACLE_PROXIMITY,1
ENT:person,UNDER_CONDITION,COND:physiological,6
ENT:person,UNDER_CONDITION,COND:operational,2
ENT:person,CAUSES,COND:operational,1
ENT:person,SUPERVISED_BY,EVT:MAINTENANCE_INADEQUATE,1
ENT:person,UNDER_CONDITION,COND:human,2
ENT:person,CAUSES,COND:aircraft_state,1
ENT:person,UNDER_CONDITION,COND:weather,1
ENT:person,CAUSES,EVT:GROUND_IMPACT,1
ENT:person,UNDER_CONDITION,COND:structural,1
ENT:person,UNDER_CONDITION,COND:medical,1
ENT:person,INHIBITS,COND:structural_defect,1
ENT:person,RESPONDS_TO,COND:procedural,1
ENT:person,UNDER_CONDITION,COND:situational_awareness,1
ENT:person,UNDER_CONDITION,EVT:INJURY_OR_FATALITY,1
ENT:person,CAUSES,EVT:AUTOMATION_ANOMALY,1
COND:weight,CONTRIBUTES_TO,EVT:STALL,28
COND:weight,CAUSES,EVT:STALL,9
COND:weight,CAUSES,EVT:LOSS_OF_CONTROL_INFLIGHT,19
COND:weight,CONTRIBUTES_TO,EVT:LOSS_OF_CONTROL_INFLIGHT,13
COND:weight,UNDER_CONDITION,EVT:LOSS_OF_CONTROL_INFLIGHT,2
COND:weight,UNDER_CONDITION,EVT:PROCEDURE_NOT_FOLLOWED,2
COND:weight,CONTRIBUTES_TO,EVT:PROCEDURE_NOT_FOLLOWED,2
COND:weight,ENABLES,EVT:PROCEDURE_NOT_FOLLOWED,1
COND:weight,CAUSES,EVT:PROCEDURE_NOT_FOLLOWED,1
COND:weight,CONTRIBUTES_TO,EVT:PERCEPTION_FAILURE,1
COND:weight,CAUSES,COND:aerodynamic,13
COND:weight,CONTRIBUTES_TO,COND:aerodynamic,4
COND:weight,ENABLES,COND:aerodynamic,1
COND:weight,CONTRIBUTES_TO,EVT:CONTROL_INPUT_IMPROPER,31
COND:weight,ENABLES,EVT:CONTROL_INPUT_IMPROPER,2
COND:weight,CAUSES,EVT:CONTROL_INPUT_IMPROPER,4
COND:weight,UNDER_CONDITION,EVT:CONTROL_INPUT_IMPROPER,1
COND:weight,CONTRIBUTES_TO,EVT:LOSS_OF_CONTROL_GROUND,4
COND:weight,UNDER_CONDITION,EVT:LOSS_OF_CONTROL_GROUND,2
COND:weight,CAUSES,EVT:LOSS_OF_CONTROL_GROUND,3
COND:weight,CAUSES,COND:performance,7
COND:weight,CONTRIBUTES_TO,COND:performance,1
COND:weight,CONCURRENT,COND:altitude,1
COND:weight,CONTRIBUTES_TO,EVT:TAKEOFF_IMPROPER,1
COND:weight,CONTRIBUTES_TO,EVT:ALTITUDE_DEVIATION_UNCONTROLLED,7
COND:weight,CAUSES,EVT:ALTITUDE_DEVIATION_UNCONTROLLED,2
COND:weight,UNDER_CONDITION,EVT:ALTITUDE_DEVIATION_UNCONTROLLED,1
COND:weight,ENABLES,EVT:DECISION_INAPPROPRIATE,6
COND:weight,CONTRIBUTES_TO,EVT:DECISION_INAPPROPRIATE,5
COND:weight,CAUSES,EVT:DECISION_INAPPROPRIATE,1
COND:weight,UNDER_CONDITION,EVT:DECISION_INAPPROPRIATE,1
COND:weight,CAUSES,EVT:ENGINE_FAILURE,1
COND:weight,CAUSES,EVT:RUNWAY_EXCURSION_OR_OVERRUN,2
COND:weight,CO_OCCURS,COND:environmental,1
COND:weight,CAUSES,EVT:PERFORMANCE_INADEQUATE,1
COND:weight,ENABLES,EVT:TAKEOFF,1
COND:weight,CONTRIBUTES_TO,COND:operational,1
COND:weight,CONTRIBUTES_TO,COND:mechanical,1
COND:structural,CAUSES,EVT:INFLIGHT_BREAKUP,5
COND:structural,CAUSES,EVT:AIRFRAME_STRUCTURAL_FAILURE,23
COND:structural,CONTRIBUTES_TO,EVT:AIRFRAME_STRUCTURAL_FAILURE,1
COND:structural,UNDER_CONDITION,EVT:AIRFRAME_STRUCTURAL_FAILURE,2
COND:structural,CAUSES,EVT:LANDING_GEAR_ANOMALY,7
COND:structural,CAUSES,COND:structural,4
COND:structural,CONTRIBUTES_TO,COND:structural,1
COND:structural,CO_OCCURS,COND:structural,1
COND:structural,CAUSES,EVT:CONTROL_SURFACE_ANOMALY,3
COND:structural,MASKED_BY_CONDITION,EVT:PERCEPTION_FAILURE,1
COND:structural,CAUSES,EVT:ENGINE_FAILURE,1
COND:structural,CONTRIBUTES_TO,EVT:GROUND_IMPACT,1
COND:structural,ENABLES,EVT:STRUCTURAL_OVERLOAD,1
COND:structural,CAUSES,EVT:STRUCTURAL_OVERLOAD,1
COND:structural,ENABLES,EVT:PROCEDURE_NOT_FOLLOWED,1
COND:structural,ENABLES,EVT:ICING_ENCOUNTER,1
COND:design_defect,CAUSES,EVT:INFLIGHT_FIRE_OR_SMOKE,2
COND:design_defect,CONTRIBUTES_TO,EVT:STALL,1
COND:design_defect,ENABLES,ENT:component,1
COND:design_defect,CAUSES,COND:latent_defect,1
COND:design_defect,CAUSES,COND:structural_defect,2
COND:design_defect,CONTRIBUTES_TO,EVT:PERCEPTION_FAILURE,1
COND:regulatory_gap,CAUSES,COND:design_defect,1
COND:other,TRIGGERS,EVT:CONTROL_INPUT_IMPROPER,1
COND:other,CONTRIBUTES_TO,EVT:CONTROL_INPUT_IMPROPER,15
COND:other,CAUSES,EVT:CONTROL_INPUT_IMPROPER,11
COND:other,ENABLES,EVT:CONTROL_INPUT_IMPROPER,3
COND:other,UNDER_CONDITION,EVT:CONTROL_INPUT_IMPROPER,1
COND:other,CAUSES,EVT:DECISION_INAPPROPRIATE,4
COND:other,CONTRIBUTES_TO,EVT:DECISION_INAPPROPRIATE,7
COND:other,UNDER_CONDITION,EVT:DECISION_INAPPROPRIATE,1
COND:other,CAUSES,EVT:LOSS_OF_CONTROL_GROUND,1
COND:other,CONTRIBUTES_TO,EVT:LOSS_OF_CONTROL_GROUND,2
COND:other,CAUSES,COND:mechanical,5
COND:other,ENABLES,COND:mechanical,1
COND:other,CONTRIBUTES_TO,EVT:PROCEDURE_NOT_FOLLOWED,3
COND:other,ENABLES,EVT:PROCEDURE_NOT_FOLLOWED,4
COND:other,CAUSES,EVT:PROCEDURE_NOT_FOLLOWED,4
COND:other,CAUSES,EVT:ENGINE_FAILURE,4
COND:other,CAUSES,EVT:FUEL_SYSTEM_ANOMALY,1
COND:other,CAUSES,EVT:PERCEPTION_FAILURE,6
COND:other,INHIBITS,EVT:PERCEPTION_FAILURE,1
COND:other,CONTRIBUTES_TO,EVT:PERCEPTION_FAILURE,7
COND:other,UNDER_CONDITION,EVT:PERCEPTION_FAILURE,1
COND:other,CAUSES,EVT:MIDAIR_COLLISION,2
COND:other,CONTRIBUTES_TO,EVT:ATC_OR_DISPATCH_INADEQUATE,1
COND:other,CAUSES,EVT:GROUND_IMPACT,7
COND:other,CONTRIBUTES_TO,EVT:LOSS_OF_CONTROL_INFLIGHT,5
COND:other,UNDER_CONDITION,EVT:LOSS_OF_CONTROL_INFLIGHT,2
COND:other,ENABLES,EVT:RUNWAY_EXCURSION_OR_OVERRUN,1
COND:other,CAUSES,EVT:RUNWAY_EXCURSION_OR_OVERRUN,1
COND:other,CONTRIBUTES_TO,EVT:STALL,1
COND:other,CAUSES,COND:other,1
COND:other,CAUSES,EVT:CONTROL_SURFACE_ANOMALY,1
COND:other,CAUSES,EVT:TURBULENCE_ENCOUNTER,1
COND:other,CAUSES,EVT:SPATIAL_DISORIENTATION,1
COND:other,INHIBITS,ENT:person,1
COND:training,CAUSES,EVT:CREW_COORDINATION_FAILURE,2
COND:training,CONTRIBUTES_TO,EVT:CREW_COORDINATION_FAILURE,1
COND:training,CONTRIBUTES_TO,EVT:CONTROL_INPUT_IMPROPER,33
COND:training,UNDER_CONDITION,EVT:CONTROL_INPUT_IMPROPER,2
COND:training,CAUSES,EVT:CONTROL_INPUT_IMPROPER,7
COND:training,CONTRIBUTES_TO,EVT:PROCEDURE_NOT_FOLLOWED,14
COND:training,CAUSES,EVT:PROCEDURE_NOT_FOLLOWED,6
COND:training,INHIBITS,EVT:PROCEDURE_NOT_FOLLOWED,1
COND:training,ENABLES,EVT:PROCEDURE_NOT_FOLLOWED,1
COND:training,CONTRIBUTES_TO,EVT:DECISION_INAPPROPRIATE,13
COND:training,INHIBITS,ENT:person,3
COND:training,UNDER_CONDITION,ENT:person,1
COND:training,CONTRIBUTES_TO,COND:human_factors,1
COND:training,CAUSES,COND:human_factors,1
COND:training,CONTRIBUTES_TO,EVT:PERCEPTION_FAILURE,4
COND:training,CAUSES,EVT:PERCEPTION_FAILURE,2
COND:training,CONTRIBUTES_TO,EVT:LOSS_OF_CONTROL_INFLIGHT,5
COND:training,CAUSES,EVT:SPATIAL_DISORIENTATION,1
COND:training,CONTRIBUTES_TO,EVT:STALL,1
COND:training,CONTRIBUTES_TO,COND:human_factor,1
COND:training,CAUSES,COND:knowledge,3
COND:training,CONTRIBUTES_TO,EVT:PILOT_INCAPACITATION_OR_IMPAIRMENT,1
COND:training,CONTRIBUTES_TO,EVT:ALTITUDE_DEVIATION_UNCONTROLLED,1
COND:training,CONTRIBUTES_TO,COND:human_performance,1
COND:training,ENABLES,EVT:TRAINING_OR_CURRENCY_GAP,1
COND:training,CAUSES,EVT:TRAINING_OR_CURRENCY_GAP,1
COND:training,CONTRIBUTES_TO,EVT:LOSS_OF_CONTROL_GROUND,1
ENT:component,CAUSES,COND:mechanical,20
ENT:component,UNDER_CONDITION,COND:mechanical,56
ENT:component,ENABLES,COND:mechanical,3
ENT:component,INDUCED_CONDITION,COND:mechanical,8
ENT:component,SUPERVISED_BY,COND:mechanical,18
ENT:component,HAS_CONDITION,COND:mechanical,5
ENT:component,CONTAINS,COND:mechanical,1
ENT:component,CAUSES,EVT:LANDING_GEAR_ANOMALY,1
ENT:component,CAUSES,EVT:ENGINE_FAILURE,18
ENT:component,UNDER_CONDITION,EVT:ENGINE_FAILURE,4
ENT:component,CAUSES,COND:environmental,1
ENT:component,UNDER_CONDITION,COND:environmental,1
ENT:component,SUPERVISED_BY,ENT:component,16
ENT:component,SUPERVISED_BY,ENT:aircraft,2
ENT:component,UNDER_CONDITION,EVT:AIRFRAME_STRUCTURAL_FAILURE,2
ENT:component,CAUSES,EVT:AIRFRAME_STRUCTURAL_FAILURE,1
ENT:component,UNDER_CONDITION,COND:latent_defect,2
ENT:component,UNDER_CONDITION,COND:structural,1
ENT:component,CAUSES,EVT:INFLIGHT_FIRE_OR_SMOKE,1
ENT:component,UNDER_CONDITION,EVT:INFLIGHT_FIRE_OR_SMOKE,1
ENT:component,UNDER_CONDITION,EVT:CONTROL_SURFACE_ANOMALY,1
ENT:component,UNDER_CONDITION,EVT:MAINTENANCE_INADEQUATE,1
COND:location,ENABLES,EVT:PERCEPTION_FAILURE,1
COND:location,CONTRIBUTES_TO,EVT:GROUND_IMPACT,3
COND:location,ENABLES,EVT:GROUND_IMPACT,8
COND:location,UNDER_CONDITION,EVT:GROUND_IMPACT,4
COND:location,CAUSES,EVT:GROUND_IMPACT,2
COND:location,CAUSES,COND:terrain,1
COND:location,CAUSES,COND:environmental,1
COND:location,CAUSES,EVT:DECISION_INAPPROPRIATE,1
COND:location,UNDER_CONDITION,EVT:DECISION_INAPPROPRIATE,1
COND:location,ENABLES,EVT:DECISION_INAPPROPRIATE,1
COND:location,CONTRIBUTES_TO,EVT:DECISION_INAPPROPRIATE,1
COND:location,CAUSES,EVT:LOSS_OF_CONTROL_INFLIGHT,1
COND:location,CONTRIBUTES_TO,EVT:LOSS_OF_CONTROL_INFLIGHT,1
COND:location,UNDER_CONDITION,EVT:TERRAIN_OR_OBSTACLE_PROXIMITY,1
COND:location,ENABLES,EVT:TERRAIN_OR_OBSTACLE_PROXIMITY,3
COND:location,CAUSES,EVT:TERRAIN_OR_OBSTACLE_PROXIMITY,1
COND:location,CONTRIBUTES_TO,EVT:RUNWAY_EXCURSION_OR_OVERRUN,3
COND:location,UNDER_CONDITION,EVT:RUNWAY_EXCURSION_OR_OVERRUN,4
COND:location,CAUSES,EVT:RUNWAY_EXCURSION_OR_OVERRUN,1
COND:location,UNDER_CONDITION,EVT:PROCEDURE_NOT_FOLLOWED,1
COND:location,CAUSES,EVT:PROCEDURE_NOT_FOLLOWED,1
COND:location,CONTRIBUTES_TO,EVT:CONTROL_INPUT_IMPROPER,4
COND:location,CAUSES,EVT:CONTROL_INPUT_IMPROPER,1
COND:location,INHIBITS,EVT:CONTROL_INPUT_IMPROPER,1
COND:location,ENABLES,EVT:LOSS_OF_CONTROL_GROUND,1
COND:location,ENABLES,COND:weather,1
COND:location,CAUSES,COND:weather,2
COND:vehicle_state,CAUSES,EVT:CONTROL_INPUT_IMPROPER,1
COND:skill/knowledge,CONTRIBUTES_TO,EVT:CONTROL_INPUT_IMPROPER,3
COND:skill/knowledge,CONTRIBUTES_TO,EVT:PERCEPTION_FAILURE,1
COND:skill/knowledge,CONTRIBUTES_TO,EVT:LOSS_OF_CONTROL_GROUND,1
COND:design,CAUSES,EVT:PROCEDURE_NOT_FOLLOWED,1
COND:design,CONTRIBUTES_TO,EVT:PROCEDURE_NOT_FOLLOWED,7
COND:design,ENABLES,EVT:PROCEDURE_NOT_FOLLOWED,1
COND:design,INHIBITS,EVT:PROCEDURE_NOT_FOLLOWED,2
COND:design,INHIBITS,EVT:AIRFRAME_STRUCTURAL_FAILURE,1
COND:design,CONTRIBUTES_TO,EVT:AIRFRAME_STRUCTURAL_FAILURE,1
COND:design,CAUSES,EVT:AIRFRAME_STRUCTURAL_FAILURE,1
COND:design,CAUSES,EVT:PERCEPTION_FAILURE,3
COND:design,CONTRIBUTES_TO,EVT:PERCEPTION_FAILURE,4
COND:design,ENABLES,EVT:PERCEPTION_FAILURE,1
COND:design,INHIBITS,EVT:PERCEPTION_FAILURE,1
COND:design,ENABLES,COND:mechanical,12
COND:design,CAUSES,COND:mechanical,53
COND:design,INHIBITS,COND:mechanical,1
COND:design,CONTRIBUTES_TO,COND:mechanical,5
COND:design,ENABLES,EVT:CONTROL_INPUT_IMPROPER,8
COND:design,CAUSES,EVT:CONTROL_INPUT_IMPROPER,2
COND:design,CONTRIBUTES_TO,EVT:CONTROL_INPUT_IMPROPER,8
COND:design,INHIBITS,EVT:CONTROL_INPUT_IMPROPER,1
COND:design,CAUSES,EVT:ENGINE_FAILURE,1
COND:design,CONTRIBUTES_TO,EVT:ENGINE_FAILURE,3
COND:design,ENABLES,EVT:AERODYNAMIC_STATE,1
COND:design,CAUSES,EVT:GROUND_IMPACT,1
COND:design,INHIBITS,EVT:GROUND_IMPACT,1
COND:design,ENABLES,EVT:AUTOMATION_ANOMALY,1
COND:design,ENABLES,EVT:FUEL_SYSTEM_ANOMALY,2
COND:design,CAUSES,EVT:FUEL_SYSTEM_ANOMALY,1
COND:design,CAUSES,EVT:INFLIGHT_FIRE_OR_SMOKE,2
COND:design,UNDER_CONDITION,ENT:component,1
COND:design,CONTRIBUTES_TO,EVT:LOSS_OF_CONTROL_GROUND,1
COND:design,CAUSES,EVT:LOSS_OF_CONTROL_GROUND,1
COND:design,CONTRIBUTES_TO,EVT:MAINTENANCE_INADEQUATE,1
COND:design,ENABLES,EVT:MAINTENANCE_INADEQUATE,1
COND:design,CAUSES,COND:structural,1
COND:design,ENABLES,EVT:LANDING_GEAR_ANOMALY,2
COND:design,CAUSES,EVT:INFLIGHT_BREAKUP,1
COND:design,CAUSES,COND:environmental,1
COND:design,CAUSES,EVT:INSTRUMENT_OR_AVIONICS_FAILURE,2
COND:design,CONTRIBUTES_TO,EVT:INSTRUMENT_OR_AVIONICS_FAILURE,1
COND:design,CONTRIBUTES_TO,EVT:INJURY_OR_FATALITY,1
COND:design,INHIBITS,EVT:INJURY_OR_FATALITY,1
COND:design,CAUSES,EVT:FLAP_ANOMALY,1
COND:design,INHIBITS,EVT:DECISION_INAPPROPRIATE,1
COND:design,CAUSES,EVT:CONTROL_SURFACE_ANOMALY,1
COND:cognitive,CAUSES,EVT:PERCEPTION_FAILURE,37
COND:cognitive,UNDER_CONDITION,EVT:PERCEPTION_FAILURE,3
COND:cognitive,CONTRIBUTES_TO,EVT:PERCEPTION_FAILURE,2
COND:cognitive,INHIBITS,EVT:PERCEPTION_FAILURE,1
COND:cognitive,MASKED_BY_CONDITION,EVT:PERCEPTION_FAILURE,1
COND:cognitive,CAUSES,EVT:CONTROL_INPUT_IMPROPER,16
COND:cognitive,MASKED_BY_CONDITION,EVT:CONTROL_INPUT_IMPROPER,1
COND:cognitive,CONTRIBUTES_TO,EVT:CONTROL_INPUT_IMPROPER,1
COND:cognitive,CONTRIBUTES_TO,EVT:DECISION_INAPPROPRIATE,6
COND:cognitive,CAUSES,EVT:DECISION_INAPPROPRIATE,26
COND:cognitive,UNDER_CONDITION,EVT:DECISION_INAPPROPRIATE,1
COND:cognitive,CAUSES,EVT:PROCEDURE_NOT_FOLLOWED,21
COND:cognitive,INHIBITS,EVT:PROCEDURE_NOT_FOLLOWED,2
COND:cognitive,CONTRIBUTES_TO,EVT:PROCEDURE_NOT_FOLLOWED,4
COND:cognitive,CAUSES,COND:mechanical,13
COND:cognitive,ENABLES,COND:mechanical,1
COND:cognitive,CAUSES,EVT:LOSS_OF_CONTROL_INFLIGHT,1
COND:cognitive,CAUSES,EVT:ALTITUDE_DEVIATION_UNCONTROLLED,2
COND:cognitive,CONTRIBUTES_TO,EVT:ALTITUDE_DEVIATION_UNCONTROLLED,1
COND:cognitive,INHIBITS,EVT:GROUND_IMPACT,1
COND:cognitive,CAUSES,EVT:GROUND_IMPACT,1
COND:cognitive,CAUSES,EVT:ENGINE_FAILURE,2
COND:cognitive,CAUSES,COND:fuel_state,2
COND:cognitive,CAUSES,EVT:TERRAIN_OR_OBSTACLE_PROXIMITY,2
COND:cognitive,UNDER_CONDITION,EVT:SPATIAL_DISORIENTATION,2
COND:cognitive,CAUSES,EVT:SPATIAL_DISORIENTATION,1
COND:cognitive,CAUSES,EVT:CREW_COORDINATION_FAILURE,1
COND:cognitive,CAUSES,EVT:PILOT_INCAPACITATION_OR_IMPAIRMENT,1
COND:cognitive,CAUSES,EVT:RUNWAY_EXCURSION_OR_OVERRUN,2
COND:cognitive,CAUSES,COND:fuel,1
COND:cognitive,CAUSES,COND:perceptual,1
COND:cognitive,CAUSES,EVT:FUEL_SYSTEM_ANOMALY,1
COND:cognitive,CAUSES,EVT:TAXIING_INCIDENT,1
COND:physical,CONTRIBUTES_TO,EVT:CONTROL_INPUT_IMPROPER,6
COND:physical,CAUSES,EVT:CONTROL_INPUT_IMPROPER,7
COND:physical,ENABLES,EVT:CONTROL_INPUT_IMPROPER,2
COND:physical,INHIBITS,EVT:CONTROL_INPUT_IMPROPER,5
COND:physical,UNDER_CONDITION,EVT:CONTROL_INPUT_IMPROPER,2
COND:physical,RESPONDS_TO,EVT:CONTROL_INPUT_IMPROPER,1
COND:physical,CAUSES,EVT:STALL,2
COND:physical,ENABLES,EVT:GROUND_IMPACT,7
COND:physical,CONTRIBUTES_TO,EVT:GROUND_IMPACT,1
COND:physical,INHIBITS,EVT:GROUND_IMPACT,1
COND:physical,CAUSES,EVT:PERCEPTION_FAILURE,4
COND:physical,INHIBITS,EVT:PERCEPTION_FAILURE,3
COND:physical,CONTRIBUTES_TO,EVT:PERCEPTION_FAILURE,3
COND:physical,MASKED_BY_CONDITION,EVT:PERCEPTION_FAILURE,2
COND:physical,ENABLES,EVT:PERCEPTION_FAILURE,3
COND:physical,UNDER_CONDITION,EVT:PERCEPTION_FAILURE,2
COND:physical,TRIGGERS,EVT:PERCEPTION_FAILURE,1
COND:physical,CAUSES,EVT:LOSS_OF_CONTROL_GROUND,2
COND:physical,ENABLES,EVT:LOSS_OF_CONTROL_GROUND,1
COND:physical,CAUSES,EVT:ENGINE_FAILURE,1
COND:physical,CONTRIBUTES_TO,EVT:DECISION_INAPPROPRIATE,2
COND:physical,TRIGGERS,EVT:DECISION_INAPPROPRIATE,1
COND:physical,CAUSES,EVT:DECISION_INAPPROPRIATE,1
COND:physical,ENABLES,EVT:DECISION_INAPPROPRIATE,1
COND:physical,CONTRIBUTES_TO,EVT:LOSS_OF_CONTROL_INFLIGHT,3
COND:physical,CAUSES,EVT:LOSS_OF_CONTROL_INFLIGHT,1
COND:physical,INHIBITS,EVT:PROCEDURE_NOT_FOLLOWED,1
COND:physical,ENABLES,EVT:PROCEDURE_NOT_FOLLOWED,1
COND:physical,CAUSES,EVT:PROCEDURE_NOT_FOLLOWED,1
COND:physical,CONTRIBUTES_TO,EVT:PROCEDURE_NOT_FOLLOWED,4
COND:physical,UNDER_CONDITION,EVT:PROCEDURE_NOT_FOLLOWED,1
COND:physical,CONTRIBUTES_TO,EVT:INJURY_OR_FATALITY,2
COND:physical,CONTRIBUTES_TO,EVT:ATC_OR_DISPATCH_INADEQUATE,2
COND:physical,UNDER_CONDITION,EVT:TERRAIN_OR_OBSTACLE_PROXIMITY,1
COND:physical,CAUSES,EVT:GROUND_PERSONNEL_ERROR,1
COND:physical,CONTRIBUTES_TO,EVT:GROUND_PERSONNEL_ERROR,1
COND:physical,CONTRIBUTES_TO,EVT:SPATIAL_DISORIENTATION,1
COND:physical,CAUSES,COND:mechanical,1
COND:physical,CONTRIBUTES_TO,EVT:RUNWAY_EXCURSION_OR_OVERRUN,1
COND:physical,CAUSES,EVT:RUNWAY_EXCURSION_OR_OVERRUN,3
COND:physical,CAUSES,EVT:PILOT_INCAPACITATION_OR_IMPAIRMENT,2
COND:physical,CAUSES,COND:physical,1
COND:physical,CAUSES,EVT:AIRFRAME_STRUCTURAL_FAILURE,1
COND:competence,CONTRIBUTES_TO,EVT:SPATIAL_DISORIENTATION,1
COND:competence,CONTRIBUTES_TO,EVT:DECISION_INAPPROPRIATE,1
COND:regulatory,CAUSES,EVT:TRAINING_OR_CURRENCY_GAP,1
COND:regulatory,ENABLES,EVT:TRAINING_OR_CURRENCY_GAP,5
COND:regulatory,CONTRIBUTES_TO,EVT:DECISION_INAPPROPRIATE,14
COND:regulatory,CAUSES,EVT:DECISION_INAPPROPRIATE,1
COND:regulatory,ENABLES,EVT:DECISION_INAPPROPRIATE,15
COND:regulatory,INHIBITS,EVT:DECISION_INAPPROPRIATE,6
COND:regulatory,UNDER_CONDITION,ENT:person,8
COND:regulatory,INHIBITS,ENT:person,5
COND:regulatory,SUPERVISED_BY,ENT:person,1
COND:regulatory,ENABLES,ENT:person,1
COND:regulatory,CONTRIBUTES_TO,COND:mechanical,2
COND:regulatory,CAUSES,COND:mechanical,2
COND:regulatory,ENABLES,COND:mechanical,1
COND:regulatory,CONTRIBUTES_TO,EVT:ENGINE_FAILURE,1
COND:regulatory,CONTRIBUTES_TO,EVT:CONTROL_INPUT_IMPROPER,11
COND:regulatory,ENABLES,EVT:CONTROL_INPUT_IMPROPER,2
COND:regulatory,INHIBITS,EVT:PROCEDURE_NOT_FOLLOWED,6
COND:regulatory,ENABLES,EVT:PROCEDURE_NOT_FOLLOWED,9
COND:regulatory,CAUSES,EVT:PROCEDURE_NOT_FOLLOWED,5
COND:regulatory,UNDER_CONDITION,EVT:PROCEDURE_NOT_FOLLOWED,3
COND:regulatory,CONTRIBUTES_TO,EVT:PROCEDURE_NOT_FOLLOWED,5
COND:regulatory,IF_THEN,EVT:PROCEDURE_NOT_FOLLOWED,1
COND:regulatory,INDUCED_CONDITION,EVT:PROCEDURE_NOT_FOLLOWED,1
COND:regulatory,ENABLES,EVT:PILOT_INCAPACITATION_OR_IMPAIRMENT,2
COND:regulatory,CONTRIBUTES_TO,EVT:PILOT_INCAPACITATION_OR_IMPAIRMENT,2
COND:regulatory,UNDER_CONDITION,EVT:ORG_OR_REGULATORY_INADEQUATE,2
COND:regulatory,CAUSES,EVT:ORG_OR_REGULATORY_INADEQUATE,4
COND:regulatory,ENABLES,EVT:ORG_OR_REGULATORY_INADEQUATE,1
COND:regulatory,CONTRIBUTES_TO,EVT:RUNWAY_EXCURSION_OR_OVERRUN,1
COND:regulatory,ENABLES,COND:design,1
COND:regulatory,CAUSES,EVT:FUEL_SYSTEM_ANOMALY,1
COND:regulatory,CONTRIBUTES_TO,COND:human_factors,1
COND:regulatory,UNDER_CONDITION,ENT:aircraft,4
COND:regulatory,INHIBITS,ENT:aircraft,1
COND:regulatory,CAUSES,EVT:MAINTENANCE_INADEQUATE,1
COND:regulatory,ENABLES,EVT:DESIGN_DEFECT_LATENT,1
COND:regulatory,CONTRIBUTES_TO,EVT:GROUND_IMPACT,1
COND:regulatory,CAUSES,COND:information,1
COND:regulatory,CAUSES,COND:equipment,1
COND:regulatory,ENABLES,EVT:MIDAIR_COLLISION,1
COND:regulatory,CAUSES,COND:physiological,1
COND:regulatory,ENABLES,EVT:ATC_OR_DISPATCH_INADEQUATE,1
COND:regulatory,CONTRIBUTES_TO,EVT:INJURY_OR_FATALITY,1
COND:regulatory,CONTRIBUTES_TO,COND:maintenance,1
COND:regulatory,CONTRIBUTES_TO,EVT:STALL,1
COND:regulatory,CONTRIBUTES_TO,COND:structural,1
COND:regulatory,CONTRIBUTES_TO,EVT:LOSS_OF_CONTROL_INFLIGHT,1
COND:regulatory,CONTRIBUTES_TO,EVT:LOW_VISIBILITY_OR_IMC,1
COND:regulatory,CONTRIBUTES_TO,EVT:TERRAIN_OR_OBSTACLE_PROXIMITY,1
COND:regulatory,CAUSES,EVT:AIRFRAME_STRUCTURAL_FAILURE,1
COND:procedural,CAUSES,EVT:PROCEDURE_NOT_FOLLOWED,17
COND:procedural,CONTRIBUTES_TO,EVT:PROCEDURE_NOT_FOLLOWED,20
COND:procedural,UNDER_CONDITION,EVT:PROCEDURE_NOT_FOLLOWED,2
COND:procedural,INHIBITS,EVT:PROCEDURE_NOT_FOLLOWED,5
COND:procedural,ENABLES,EVT:PROCEDURE_NOT_FOLLOWED,6
COND:procedural,MASKED_BY_CONDITION,EVT:PROCEDURE_NOT_FOLLOWED,1
COND:procedural,CAUSES,COND:knowledge,1
COND:procedural,ENABLES,EVT:TURBULENCE_ENCOUNTER,1
COND:procedural,CAUSES,EVT:TURBULENCE_ENCOUNTER,1
COND:procedural,ENABLES,EVT:LOSS_OF_CONTROL_GROUND,4
COND:procedural,CONTRIBUTES_TO,EVT:LOSS_OF_CONTROL_GROUND,1
COND:procedural,CAUSES,EVT:LOSS_OF_CONTROL_GROUND,2
COND:procedural,CAUSES,EVT:PERCEPTION_FAILURE,6
COND:procedural,CONTRIBUTES_TO,EVT:PERCEPTION_FAILURE,12
COND:procedural,ENABLES,EVT:PERCEPTION_FAILURE,2
COND:procedural,CONTRIBUTES_TO,EVT:MIDAIR_COLLISION,1
COND:procedural,CAUSES,EVT:MIDAIR_COLLISION,2
COND:procedural,ENABLES,EVT:MIDAIR_COLLISION,1
COND:procedural,CAUSES,COND:mechanical,19
COND:procedural,MASKED_BY_CONDITION,COND:mechanical,1
COND:procedural,ENABLES,COND:mechanical,2
COND:procedural,CAUSES,EVT:DECISION_INAPPROPRIATE,4
COND:procedural,ENABLES,EVT:DECISION_INAPPROPRIATE,3
COND:procedural,CONTRIBUTES_TO,EVT:DECISION_INAPPROPRIATE,5
COND:procedural,ENABLES,EVT:CONTROL_SURFACE_ANOMALY,4
COND:procedural,CAUSES,EVT:ENGINE_FAILURE,4
COND:procedural,INHIBITS,EVT:ENGINE_FAILURE,1
COND:procedural,CONTRIBUTES_TO,EVT:CONTROL_INPUT_IMPROPER,4
COND:procedural,CAUSES,EVT:CONTROL_INPUT_IMPROPER,4
COND:procedural,INHIBITS,EVT:CONTROL_INPUT_IMPROPER,1
COND:procedural,CAUSES,EVT:ALTITUDE_DEVIATION_UNCONTROLLED,1
COND:procedural,INHIBITS,EVT:ATC_OR_DISPATCH_INADEQUATE,1
COND:procedural,ENABLES,EVT:ATC_OR_DISPATCH_INADEQUATE,3
COND:procedural,CAUSES,EVT:ATC_OR_DISPATCH_INADEQUATE,4
COND:procedural,INHIBITS,EVT:INJURY_OR_FATALITY,1
COND:procedural,CONTRIBUTES_TO,EVT:INJURY_OR_FATALITY,6
COND:procedural,MITIGATES,EVT:INJURY_OR_FATALITY,1
COND:procedural,ENABLES,EVT:INJURY_OR_FATALITY,1
COND:procedural,CAUSES,EVT:GROUND_PERSONNEL_ERROR,1
COND:procedural,ENABLES,EVT:GROUND_PERSONNEL_ERROR,4
COND:procedural,CONTRIBUTES_TO,EVT:GROUND_PERSONNEL_ERROR,1
COND:procedural,CAUSES,EVT:GROUND_IMPACT,3
COND:procedural,CONTRIBUTES_TO,EVT:GROUND_IMPACT,3
COND:procedural,ENABLES,EVT:GROUND_IMPACT,1
COND:procedural,CONTRIBUTES_TO,EVT:MAINTENANCE_INADEQUATE,2
COND:procedural,CAUSES,EVT:MAINTENANCE_INADEQUATE,4
COND:procedural,INHIBITS,EVT:MAINTENANCE_INADEQUATE,1
COND:procedural,CONTRIBUTES_TO,EVT:CREW_COORDINATION_FAILURE,1
COND:procedural,CAUSES,EVT:INFLIGHT_FIRE_OR_SMOKE,1
COND:procedural,CAUSES,EVT:RUNWAY_EXCURSION_OR_OVERRUN,2
COND:procedural,CAUSES,EVT:EXTERNAL_OPERATOR_ERROR,1
COND:procedural,CAUSES,ENT:organization,1
COND:procedural,CONTRIBUTES_TO,EVT:LOSS_OF_CONTROL_INFLIGHT,1
COND:procedural,INHIBITS,EVT:ORG_OR_REGULATORY_INADEQUATE,1
COND:procedural,CAUSES,EVT:LANDING_GEAR_ANOMALY,2
COND:procedural,ENABLES,EVT:LANDING_GEAR_ANOMALY,1
COND:procedural,ENABLES,EVT:AIRFRAME_STRUCTURAL_FAILURE,1
COND:procedural,ENABLES,COND:weight,1
COND:procedural,CAUSES,EVT:STALL,1
COND:procedural,CAUSES,EVT:GROUND_COLLISION_OR_OBSTACLE_STRIKE,1
COND:procedural,UNDER_CONDITION,EVT:TERRAIN_OR_OBSTACLE_PROXIMITY,1
COND:weight_balance,CONTRIBUTES_TO,EVT:CONTROL_INPUT_IMPROPER,7
COND:weight_balance,CONTRIBUTES_TO,EVT:STALL,1
COND:weight_balance,CAUSES,EVT:STALL,1
COND:weight_balance,CAUSES,EVT:ALTITUDE_DEVIATION_UNCONTROLLED,1
COND:weight_balance,CAUSES,EVT:LOSS_OF_CONTROL_INFLIGHT,1
COND:weight_balance,CAUSES,EVT:DECISION_INAPPROPRIATE,1
COND:weight_balance,CONTRIBUTES_TO,EVT:PERCEPTION_FAILURE,1
COND:latent,CONTRIBUTES_TO,EVT:DECISION_INAPPROPRIATE,6
COND:latent,CAUSES,EVT:DECISION_INAPPROPRIATE,2
COND:latent,ENABLES,EVT:DECISION_INAPPROPRIATE,1
COND:latent,CAUSES,EVT:RUNWAY_EXCURSION_OR_OVERRUN,1
COND:latent,CONTRIBUTES_TO,EVT:SPATIAL_DISORIENTATION,1
COND:latent,CONTRIBUTES_TO,EVT:THUNDERSTORM_OR_CONVECTIVE,1
COND:latent,CONTRIBUTES_TO,COND:mechanical,1
COND:latent,CAUSES,COND:mechanical,18
COND:latent,ENABLES,COND:mechanical,5
COND:latent,CONTRIBUTES_TO,EVT:ALTITUDE_DEVIATION_UNCONTROLLED,1
COND:latent,CONTRIBUTES_TO,EVT:PROCEDURE_NOT_FOLLOWED,7
COND:latent,CAUSES,EVT:PROCEDURE_NOT_FOLLOWED,4
COND:latent,ENABLES,EVT:PROCEDURE_NOT_FOLLOWED,1
COND:latent,CONTRIBUTES_TO,EVT:CONTROL_INPUT_IMPROPER,7
COND:latent,CAUSES,EVT:CONTROL_INPUT_IMPROPER,1
COND:latent,INHIBITS,EVT:CONTROL_INPUT_IMPROPER,1
COND:latent,CAUSES,EVT:LANDING_GEAR_ANOMALY,1
COND:latent,CONTRIBUTES_TO,EVT:LANDING_GEAR_ANOMALY,1
COND:latent,CAUSES,COND:environmental,1
COND:latent,CONTRIBUTES_TO,EVT:STALL,1
COND:latent,CAUSES,EVT:STALL,1
COND:latent,CAUSES,EVT:PERCEPTION_FAILURE,1
COND:latent,CONTRIBUTES_TO,EVT:PERCEPTION_FAILURE,2
COND:latent,INHIBITS,EVT:PERCEPTION_FAILURE,2
COND:latent,CONTRIBUTES_TO,EVT:WIND_SHEAR_OR_GUST,1
COND:latent,CAUSES,EVT:MAINTENANCE_INADEQUATE,1
COND:latent,CAUSES,EVT:GROUND_IMPACT,1
COND:latent,CAUSES,EVT:TURBULENCE_ENCOUNTER,1
ENT:organization,SUPERVISED_BY,COND:latent_defect,5
ENT:organization,CAUSES,COND:latent_defect,2
ENT:organization,CAUSES,COND:procedural,2
ENT:organization,CAUSES,COND:mechanical,14
ENT:organization,SUPERVISED_BY,COND:mechanical,8
ENT:organization,SUPERVISED_BY,COND:organizational,11
ENT:organization,CAUSES,COND:organizational,5
ENT:organization,SUPERVISED_BY,EVT:MAINTENANCE_INADEQUATE,5
ENT:organization,SUPERVISED_BY,COND:design,3
ENT:organization,CAUSES,COND:training,1
ENT:organization,SUPERVISED_BY,ENT:person,1
ENT:organization,SUPERVISED_BY,COND:organizational_gap,1
ENT:organization,SUPERVISED_BY,ENT:component,2
ENT:organization,SUPERVISED_BY,COND:infrastructure,1
ENT:organization,SUPERVISED_BY,EVT:DESIGN_DEFECT_LATENT,1
ENT:organization,SUPERVISED_BY,EVT:PROCEDURE_NOT_FOLLOWED,1
COND:runway,CAUSES,EVT:LOSS_OF_CONTROL_GROUND,1
COND:runway,UNDER_CONDITION,EVT:TERRAIN_OR_OBSTACLE_PROXIMITY,1
COND:runway,CONTRIBUTES_TO,EVT:RUNWAY_EXCURSION_OR_OVERRUN,1
COND:runway,UNDER_CONDITION,EVT:RUNWAY_EXCURSION_OR_OVERRUN,2
COND:runway,CONTRIBUTES_TO,EVT:CONTROL_INPUT_IMPROPER,2
COND:terrain_obstacle,ENABLES,EVT:GROUND_IMPACT,1
COND:terrain_obstacle,TRIGGERS,EVT:CONTROL_INPUT_IMPROPER,1
COND:terrain_obstacle,CAUSES,EVT:TERRAIN_OR_OBSTACLE_PROXIMITY,1
COND:workload,CONTRIBUTES_TO,EVT:PERCEPTION_FAILURE,2
COND:workload,CAUSES,EVT:PERCEPTION_FAILURE,1
COND:workload,INHIBITS,EVT:PROCEDURE_NOT_FOLLOWED,1
COND:workload,CONTRIBUTES_TO,EVT:PROCEDURE_NOT_FOLLOWED,1
COND:latent_defect_or_design,CONTRIBUTES_TO,EVT:CONTROL_INPUT_IMPROPER,1
COND:perceptual,CAUSES,EVT:PERCEPTION_FAILURE,8
COND:perceptual,UNDER_CONDITION,EVT:PERCEPTION_FAILURE,5
COND:perceptual,INDUCED_CONDITION,EVT:PERCEPTION_FAILURE,1
COND:perceptual,CAUSES,EVT:CONTROL_INPUT_IMPROPER,10
COND:perceptual,UNDER_CONDITION,EVT:CONTROL_INPUT_IMPROPER,1
COND:perceptual,CAUSES,EVT:STALL,1
COND:perceptual,INHIBITS,EVT:ALTITUDE_DEVIATION_UNCONTROLLED,1
COND:perceptual,CAUSES,EVT:ALTITUDE_DEVIATION_UNCONTROLLED,1
COND:perceptual,CAUSES,EVT:MIDAIR_COLLISION,1
COND:perceptual,CAUSES,EVT:DECISION_INAPPROPRIATE,5
COND:perceptual,TRIGGERS,EVT:DECISION_INAPPROPRIATE,1
COND:perceptual,CAUSES,EVT:RUNWAY_EXCURSION_OR_OVERRUN,1
COND:perceptual,CONTRIBUTES_TO,EVT:RUNWAY_EXCURSION_OR_OVERRUN,1
COND:perceptual,CONTRIBUTES_TO,EVT:GROUND_IMPACT,1
COND:perceptual,CAUSES,EVT:GROUND_IMPACT,2
COND:perceptual,CAUSES,EVT:LOSS_OF_CONTROL_INFLIGHT,1
COND:perceptual,CAUSES,EVT:PROCEDURE_NOT_FOLLOWED,1
COND:perceptual,CONTRIBUTES_TO,EVT:PROCEDURE_NOT_FOLLOWED,1
COND:perceptual,CAUSES,EVT:TERRAIN_OR_OBSTACLE_PROXIMITY,1
COND:aircraft_performance,CAUSES,EVT:ALTITUDE_DEVIATION_UNCONTROLLED,2
COND:aircraft_performance,CONTRIBUTES_TO,EVT:CONTROL_INPUT_IMPROPER,2
COND:aircraft_performance,CAUSES,EVT:RUNWAY_EXCURSION_OR_OVERRUN,1
COND:aircraft_performance,CAUSES,EVT:LOSS_OF_CONTROL_INFLIGHT,2
COND:aircraft_performance,CONTRIBUTES_TO,EVT:STALL,1
COND:equipment,CONTRIBUTES_TO,EVT:PROCEDURE_NOT_FOLLOWED,6
COND:equipment,ENABLES,EVT:PROCEDURE_NOT_FOLLOWED,3
COND:equipment,CAUSES,EVT:PROCEDURE_NOT_FOLLOWED,1
COND:equipment,INHIBITS,EVT:PROCEDURE_NOT_FOLLOWED,3
COND:equipment,CONTRIBUTES_TO,EVT:LOSS_OF_CONTROL_INFLIGHT,1
COND:equipment,INHIBITS,EVT:STALL,1
COND:equipment,CAUSES,EVT:LOSS_OF_CONTROL_GROUND,2
COND:equipment,CAUSES,EVT:PERCEPTION_FAILURE,10
COND:equipment,CONTRIBUTES_TO,EVT:PERCEPTION_FAILURE,14
COND:equipment,INHIBITS,EVT:PERCEPTION_FAILURE,3
COND:equipment,MASKED_BY_CONDITION,EVT:PERCEPTION_FAILURE,1
COND:equipment,ENABLES,EVT:AIRFRAME_STRUCTURAL_FAILURE,1
COND:equipment,INHIBITS,EVT:INSTRUMENT_OR_AVIONICS_FAILURE,1
COND:equipment,CAUSES,EVT:INSTRUMENT_OR_AVIONICS_FAILURE,1
COND:equipment,ENABLES,EVT:DECISION_INAPPROPRIATE,3
COND:equipment,CONTRIBUTES_TO,EVT:DECISION_INAPPROPRIATE,5
COND:equipment,CAUSES,EVT:DECISION_INAPPROPRIATE,3
COND:equipment,CONTRIBUTES_TO,EVT:CONTROL_INPUT_IMPROPER,5
COND:equipment,INHIBITS,EVT:GROUND_IMPACT,2
COND:equipment,CONTRIBUTES_TO,EVT:GROUND_IMPACT,2
COND:equipment,CAUSES,EVT:GROUND_IMPACT,1
COND:equipment,CONTRIBUTES_TO,EVT:SPATIAL_DISORIENTATION,6
COND:equipment,CAUSES,EVT:SPATIAL_DISORIENTATION,2
COND:equipment,CONTRIBUTES_TO,EVT:INJURY_OR_FATALITY,4
COND:equipment,CAUSES,EVT:INJURY_OR_FATALITY,1
COND:equipment,INHIBITS,EVT:INJURY_OR_FATALITY,1
COND:equipment,CONTRIBUTES_TO,COND:operational,1
COND:equipment,CAUSES,EVT:PILOT_INCAPACITATION_OR_IMPAIRMENT,1
COND:equipment,ENABLES,EVT:PILOT_INCAPACITATION_OR_IMPAIRMENT,1
COND:equipment,CONTRIBUTES_TO,COND:weather,1
COND:equipment,CONTRIBUTES_TO,EVT:THUNDERSTORM_OR_CONVECTIVE,2
COND:equipment,INHIBITS,EVT:MIDAIR_COLLISION,1
COND:equipment,CONTRIBUTES_TO,EVT:ALTITUDE_DEVIATION_UNCONTROLLED,1
COND:equipment,INHIBITS,EVT:ALTITUDE_DEVIATION_UNCONTROLLED,1
COND:equipment,CAUSES,COND:information,1
COND:equipment,INHIBITS,EVT:TERRAIN_OR_OBSTACLE_PROXIMITY,1
COND:equipment,CAUSES,COND:cognitive,1
COND:equipment,CAUSES,EVT:GROUND_PERSONNEL_ERROR,2
COND:equipment,CONTRIBUTES_TO,EVT:GROUND_PERSONNEL_ERROR,1
COND:equipment,CAUSES,COND:physiological,1
COND:equipment,CONTRIBUTES_TO,EVT:ATC_OR_DISPATCH_INADEQUATE,1
COND:instrumentation,CAUSES,EVT:MAINTENANCE_INADEQUATE,1
COND:instrumentation,CAUSES,EVT:DECISION_INAPPROPRIATE,1
COND:instrumentation,CAUSES,EVT:PERCEPTION_FAILURE,1
COND:performance,TRIGGERS,EVT:DECISION_INAPPROPRIATE,2
COND:performance,CONTRIBUTES_TO,EVT:DECISION_INAPPROPRIATE,2
COND:performance,CAUSES,EVT:DECISION_INAPPROPRIATE,5
COND:performance,ENABLES,EVT:DECISION_INAPPROPRIATE,1
COND:performance,UNDER_CONDITION,EVT:DECISION_INAPPROPRIATE,1
COND:performance,UNDER_CONDITION,EVT:RUNWAY_EXCURSION_OR_OVERRUN,1
COND:performance,CAUSES,EVT:RUNWAY_EXCURSION_OR_OVERRUN,1
COND:performance,CAUSES,EVT:LOSS_OF_CONTROL_INFLIGHT,10
COND:performance,UNDER_CONDITION,EVT:LOSS_OF_CONTROL_INFLIGHT,3
COND:performance,CONTRIBUTES_TO,EVT:LOSS_OF_CONTROL_INFLIGHT,1
COND:performance,CAUSES,EVT:ENGINE_FAILURE,3
COND:performance,CAUSES,COND:aerodynamic,1
COND:performance,UNDER_CONDITION,EVT:CONTROL_INPUT_IMPROPER,3
COND:performance,CONTRIBUTES_TO,EVT:CONTROL_INPUT_IMPROPER,3
COND:performance,CAUSES,EVT:CONTROL_INPUT_IMPROPER,4
COND:performance,ENABLES,EVT:CONTROL_INPUT_IMPROPER,1
COND:performance,CAUSES,EVT:LOSS_OF_CONTROL_GROUND,3
COND:performance,CONTRIBUTES_TO,EVT:TERRAIN_OR_OBSTACLE_PROXIMITY,1
COND:performance,CAUSES,EVT:TERRAIN_OR_OBSTACLE_PROXIMITY,1
COND:performance,CAUSES,EVT:ALTITUDE_DEVIATION_UNCONTROLLED,3
COND:performance,CONTRIBUTES_TO,EVT:ALTITUDE_DEVIATION_UNCONTROLLED,1
COND:performance,UNDER_CONDITION,EVT:ALTITUDE_DEVIATION_UNCONTROLLED,1
COND:performance,CAUSES,EVT:RUNWAY_CONDITION_HAZARD,1
COND:performance,CAUSES,EVT:STALL,3
COND:performance,CAUSES,EVT:GROUND_IMPACT,1
COND:performance,CONTRIBUTES_TO,COND:performance,1
COND:performance,CONTRIBUTES_TO,EVT:PERCEPTION_FAILURE,1
COND:performance,CAUSES,EVT:PERCEPTION_FAILURE,1
COND:thermal,CAUSES,EVT:FUEL_SYSTEM_ANOMALY,1
COND:thermal,CAUSES,EVT:INFLIGHT_FIRE_OR_SMOKE,1
COND:thermal,CAUSES,EVT:AIRFRAME_STRUCTURAL_FAILURE,1
COND:thermal,CAUSES,COND:mechanical,2
COND:thermal,CAUSES,EVT:ENGINE_FAILURE,1
COND:attentional,CAUSES,EVT:CONTROL_INPUT_IMPROPER,2
COND:attentional,CAUSES,EVT:PERCEPTION_FAILURE,2
COND:experience,CONTRIBUTES_TO,EVT:CONTROL_INPUT_IMPROPER,9
COND:experience,CONTRIBUTES_TO,EVT:SPATIAL_DISORIENTATION,1
COND:experience,CONTRIBUTES_TO,EVT:PERCEPTION_FAILURE,1
COND:experience,CONTRIBUTES_TO,COND:psychological,1
COND:experience,CONTRIBUTES_TO,EVT:STALL,1
COND:experience,CONTRIBUTES_TO,EVT:DECISION_INAPPROPRIATE,1
COND:aircraft,CONTRIBUTES_TO,EVT:LOSS_OF_CONTROL_INFLIGHT,1
COND:aircraft,CAUSES,COND:operational,1
COND:aircraft,INHIBITS,EVT:CONTROL_INPUT_IMPROPER,1
COND:aircraft,CONTRIBUTES_TO,EVT:LOSS_OF_CONTROL_GROUND,2
COND:aircraft,ENABLES,EVT:LOSS_OF_CONTROL_GROUND,1
COND:aircraft,CAUSES,EVT:LOSS_OF_CONTROL_GROUND,1
COND:aircraft,CONTRIBUTES_TO,EVT:STALL,1
COND:aircraft,CONTRIBUTES_TO,EVT:RUNWAY_EXCURSION_OR_OVERRUN,1
COND:instrument,CONTRIBUTES_TO,EVT:DECISION_INAPPROPRIATE,9
COND:instrument,CAUSES,EVT:DECISION_INAPPROPRIATE,4
COND:instrument,MASKED_BY_CONDITION,EVT:DECISION_INAPPROPRIATE,1
COND:instrument,CONTRIBUTES_TO,EVT:CONTROL_INPUT_IMPROPER,3
COND:instrument,CAUSES,EVT:CONTROL_INPUT_IMPROPER,3
COND:instrument,CONTRIBUTES_TO,EVT:PROCEDURE_NOT_FOLLOWED,4
COND:instrument,MASKED_BY_CONDITION,EVT:PROCEDURE_NOT_FOLLOWED,4
COND:instrument,ENABLES,EVT:PROCEDURE_NOT_FOLLOWED,1
COND:instrument,TRIGGERS,EVT:PROCEDURE_NOT_FOLLOWED,1
COND:instrument,CAUSES,EVT:LOSS_OF_CONTROL_INFLIGHT,2
COND:instrument,CAUSES,EVT:STALL,1
COND:instrument,CAUSES,EVT:PERCEPTION_FAILURE,7
COND:instrument,MASKED_BY_CONDITION,EVT:PERCEPTION_FAILURE,3
COND:instrument,UNDER_CONDITION,EVT:PERCEPTION_FAILURE,1
COND:instrument,CONTRIBUTES_TO,EVT:PERCEPTION_FAILURE,1
COND:instrument,ENABLES,EVT:PERCEPTION_FAILURE,1
COND:instrument,CAUSES,EVT:SPATIAL_DISORIENTATION,1
COND:instrument,UNDER_CONDITION,EVT:INSTRUMENT_OR_AVIONICS_FAILURE,2
COND:resource_depletion,CAUSES,EVT:FUEL_SYSTEM_ANOMALY,3
COND:resource_depletion,CAUSES,EVT:ENGINE_FAILURE,5
COND:material,CAUSES,EVT:INFLIGHT_FIRE_OR_SMOKE,3
COND:material,ENABLES,EVT:INFLIGHT_FIRE_OR_SMOKE,2
COND:material,CONTRIBUTES_TO,EVT:AIRFRAME_STRUCTURAL_FAILURE,1
COND:material,CONTRIBUTES_TO,COND:mechanical,1
COND:unknown,ENABLES,EVT:GROUND_PERSONNEL_ERROR,1
COND:unknown,CAUSES,EVT:ENGINE_FAILURE,14
COND:unknown,CAUSES,EVT:CONTROL_INPUT_IMPROPER,3
COND:unknown,CONTRIBUTES_TO,EVT:CONTROL_INPUT_IMPROPER,2
COND:unknown,CAUSES,EVT:UNKNOWN_EVENT,1
COND:unknown,CAUSES,COND:unknown,1
COND:unknown,CONTRIBUTES_TO,COND:unknown,2
COND:unknown,CAUSES,EVT:PERCEPTION_FAILURE,3
COND:unknown,UNDER_CONDITION,EVT:PERCEPTION_FAILURE,1
COND:unknown,CAUSES,EVT:INFLIGHT_FIRE_OR_SMOKE,2
COND:unknown,CONTRIBUTES_TO,EVT:DECISION_INAPPROPRIATE,4
COND:unknown,CAUSES,EVT:DECISION_INAPPROPRIATE,2
COND:unknown,CAUSES,EVT:GROUND_IMPACT,2
COND:unknown,CONTRIBUTES_TO,EVT:LOSS_OF_CONTROL_GROUND,1
COND:unknown,CAUSES,EVT:GROUND_FIRE_OR_SMOKE,1
COND:unknown,CAUSES,EVT:LOSS_OF_CONTROL_INFLIGHT,8
COND:unknown,UNDER_CONDITION,EVT:LOSS_OF_CONTROL_INFLIGHT,1
COND:unknown,CONTRIBUTES_TO,EVT:LOSS_OF_CONTROL_INFLIGHT,1
COND:unknown,CAUSES,EVT:AIRFRAME_STRUCTURAL_FAILURE,1
COND:unknown,CAUSES,EVT:LANDING_GEAR_ANOMALY,1
COND:unknown,CAUSES,EVT:RUNWAY_EXCURSION_OR_OVERRUN,1
COND:unknown,CONTRIBUTES_TO,EVT:PROCEDURE_NOT_FOLLOWED,1
COND:unknown,CAUSES,EVT:BIRD_OR_WILDLIFE_STRIKE,1
COND:aircraft_capability,ENABLES,EVT:PERCEPTION_FAILURE,1
COND:aircraft_capability,ENABLES,EVT:DECISION_INAPPROPRIATE,1
COND:aircraft_capability,CONTRIBUTES_TO,EVT:DECISION_INAPPROPRIATE,1
COND:behavioral,CONTRIBUTES_TO,EVT:CONTROL_INPUT_IMPROPER,7
COND:behavioral,CAUSES,EVT:CONTROL_INPUT_IMPROPER,4
COND:behavioral,UNDER_CONDITION,ENT:person,1
COND:behavioral,CAUSES,EVT:PROCEDURE_NOT_FOLLOWED,1
COND:behavioral,INHIBITS,EVT:PERCEPTION_FAILURE,1
COND:behavioral,CAUSES,EVT:PERCEPTION_FAILURE,1
COND:behavioral,CAUSES,EVT:INJURY_OR_FATALITY,2
COND:behavioral,INHIBITS,COND:medical,1
COND:behavioral,CAUSES,EVT:DECISION_INAPPROPRIATE,1
COND:environmental_hazard,UNDER_CONDITION,EVT:GROUND_IMPACT,5
COND:environmental_hazard,ENABLES,EVT:GROUND_IMPACT,3
COND:environmental_hazard,CAUSES,EVT:GROUND_IMPACT,1
COND:environmental_hazard,CONTRIBUTES_TO,EVT:GROUND_IMPACT,1
COND:environmental_hazard,UNDER_CONDITION,EVT:PERCEPTION_FAILURE,1
COND:environmental_hazard,UNDER_CONDITION,EVT:RUNWAY_EXCURSION_OR_OVERRUN,2
COND:environmental_hazard,CAUSES,EVT:TERRAIN_OR_OBSTACLE_PROXIMITY,2
COND:environmental_hazard,ENABLES,EVT:DECISION_INAPPROPRIATE,1
COND:environmental_hazard,CAUSES,EVT:DECISION_INAPPROPRIATE,1
COND:environmental_hazard,ENABLES,EVT:BIRD_OR_WILDLIFE_STRIKE,1
ENT:object,INDUCED_CONDITION,COND:mechanical,1
ENT:object,CAUSES,COND:mechanical,1
ENT:object,ENABLES,EVT:GROUND_IMPACT,2
ENT:object,AFFECTED_BY,EVT:GROUND_IMPACT,1
ENT:object,CONTRIBUTES_TO,EVT:GROUND_IMPACT,1
ENT:object,CAUSES,COND:environmental,1
ENT:object,ENABLES,EVT:CONTROL_INPUT_IMPROPER,1
COND:aircraft_characteristic,ENABLES,EVT:CONTROL_INPUT_IMPROPER,2
COND:aircraft_characteristic,UNDER_CONDITION,EVT:CONTROL_INPUT_IMPROPER,2
COND:aircraft_characteristic,CONTRIBUTES_TO,EVT:CONTROL_INPUT_IMPROPER,1
COND:aircraft_characteristic,ENABLES,EVT:WIND_SHEAR_OR_GUST,1
COND:aircraft_characteristic,INHIBITS,EVT:PERCEPTION_FAILURE,2
COND:aircraft_characteristic,ENABLES,EVT:LOSS_OF_CONTROL_GROUND,4
COND:spatial_reference,CAUSES,EVT:PERCEPTION_FAILURE,1
COND:spatial_reference,CAUSES,EVT:SPATIAL_DISORIENTATION,1
COND:spatial_reference,CAUSES,EVT:PROCEDURE_NOT_FOLLOWED,1
COND:spatial_reference,CAUSES,EVT:ALTITUDE_DEVIATION_UNCONTROLLED,1
COND:pilot_state,CAUSES,EVT:PROCEDURE_NOT_FOLLOWED,2
COND:pilot_state,CONTRIBUTES_TO,EVT:PROCEDURE_NOT_FOLLOWED,2
COND:pilot_state,UNDER_CONDITION,EVT:PROCEDURE_NOT_FOLLOWED,1
COND:pilot_state,CAUSES,EVT:DECISION_INAPPROPRIATE,3
COND:pilot_state,CONTRIBUTES_TO,EVT:DECISION_INAPPROPRIATE,1
COND:pilot_state,UNDER_CONDITION,EVT:DECISION_INAPPROPRIATE,1
COND:pilot_state,CONTRIBUTES_TO,EVT:LOSS_OF_CONTROL_INFLIGHT,1
COND:pilot_state,CAUSES,EVT:LOSS_OF_CONTROL_INFLIGHT,2
COND:pilot_state,CONTRIBUTES_TO,EVT:PERCEPTION_FAILURE,2
COND:pilot_state,INDUCED_CONDITION,EVT:PERCEPTION_FAILURE,1
COND:pilot_state,UNDER_CONDITION,EVT:SPATIAL_DISORIENTATION,1
COND:pilot_state,INDUCED_CONDITION,EVT:SPATIAL_DISORIENTATION,1
COND:pilot_state,UNDER_CONDITION,EVT:CONTROL_INPUT_IMPROPER,2
COND:pilot_state,CONTRIBUTES_TO,EVT:CONTROL_INPUT_IMPROPER,3
COND:pilot_state,CAUSES,EVT:CONTROL_INPUT_IMPROPER,4
COND:pilot_state,INHIBITS,EVT:CONTROL_INPUT_IMPROPER,1
COND:pilot_state,CAUSES,EVT:STALL,1
ENT:vehicle,CONCURRENT,EVT:GROUND_IMPACT,1
ENT:vehicle,ENABLES,EVT:GROUND_IMPACT,2
ENT:vehicle,CAUSES,EVT:CONTROL_INPUT_IMPROPER,1
ENT:vehicle,ENABLES,COND:environmental,1
COND:communication,CAUSES,EVT:PERCEPTION_FAILURE,2
COND:communication,UNDER_CONDITION,EVT:PERCEPTION_FAILURE,1
COND:communication,CONTRIBUTES_TO,EVT:PERCEPTION_FAILURE,2
COND:communication,CONTRIBUTES_TO,EVT:PROCEDURE_NOT_FOLLOWED,3
COND:communication,INHIBITS,EVT:PROCEDURE_NOT_FOLLOWED,1
COND:communication,CAUSES,COND:situational_awareness,1
COND:communication,CAUSES,EVT:DECISION_INAPPROPRIATE,3
COND:communication,ENABLES,EVT:DECISION_INAPPROPRIATE,1
COND:communication,CONTRIBUTES_TO,EVT:DECISION_INAPPROPRIATE,1
COND:communication,UNDER_CONDITION,EVT:CONTROL_INPUT_IMPROPER,1
COND:communication,CAUSES,EVT:CONTROL_INPUT_IMPROPER,1
COND:communication,CONTRIBUTES_TO,EVT:GROUND_PERSONNEL_ERROR,1
COND:communication,CAUSES,EVT:ATC_OR_DISPATCH_INADEQUATE,1
COND:communication,ENABLES,EVT:ALTITUDE_DEVIATION_UNCONTROLLED,1
COND:communication,CONTRIBUTES_TO,EVT:MIDAIR_COLLISION,1
COND:perception,CAUSES,EVT:MIDAIR_COLLISION,1
COND:perception,UNDER_CONDITION,EVT:PERCEPTION_FAILURE,1
COND:perception,CAUSES,EVT:CONTROL_INPUT_IMPROPER,3
COND:perception,CAUSES,EVT:DECISION_INAPPROPRIATE,1
COND:perception,CAUSES,EVT:TERRAIN_OR_OBSTACLE_PROXIMITY,1
COND:training_gap,CAUSES,EVT:PROCEDURE_NOT_FOLLOWED,2
COND:training_gap,CONTRIBUTES_TO,EVT:PROCEDURE_NOT_FOLLOWED,2
COND:training_gap,CONTRIBUTES_TO,EVT:CONTROL_INPUT_IMPROPER,1
COND:training_gap,CAUSES,EVT:CONTROL_INPUT_IMPROPER,3
COND:training_gap,CONTRIBUTES_TO,EVT:STALL,1
COND:training_gap,CONTRIBUTES_TO,EVT:DECISION_INAPPROPRIATE,1
COND:training_gap,CONTRIBUTES_TO,EVT:LOSS_OF_CONTROL_INFLIGHT,1
COND:training_gap,CAUSES,EVT:TRAINING_OR_CURRENCY_GAP,1
COND:training_gap,CONTRIBUTES_TO,EVT:PERCEPTION_FAILURE,1
COND:medication,CONTRIBUTES_TO,EVT:CONTROL_INPUT_IMPROPER,3
COND:medication,CAUSES,EVT:CONTROL_INPUT_IMPROPER,1
COND:medication,CAUSES,EVT:PILOT_INCAPACITATION_OR_IMPAIRMENT,3
COND:medication,CONTRIBUTES_TO,EVT:PROCEDURE_NOT_FOLLOWED,2
COND:medication,CONTRIBUTES_TO,EVT:PERCEPTION_FAILURE,1
COND:medication,CONTRIBUTES_TO,EVT:DECISION_INAPPROPRIATE,1
COND:chemical,CAUSES,EVT:INFLIGHT_FIRE_OR_SMOKE,2
COND:chemical,CONTRIBUTES_TO,EVT:ENGINE_FAILURE,1
COND:system,CAUSES,EVT:INSTRUMENT_OR_AVIONICS_FAILURE,4
COND:system,ENABLES,EVT:DECISION_INAPPROPRIATE,1
COND:system,CAUSES,EVT:DECISION_INAPPROPRIATE,1
COND:system,CAUSES,EVT:SPATIAL_DISORIENTATION,1
COND:system,MASKED_BY_CONDITION,EVT:PERCEPTION_FAILURE,2
COND:system,ENABLES,EVT:PERCEPTION_FAILURE,1
COND:system,CAUSES,EVT:LOSS_OF_CONTROL_INFLIGHT,1
COND:system,INDUCED_CONDITION,EVT:ATC_OR_DISPATCH_INADEQUATE,1
COND:system,INHIBITS,EVT:PROCEDURE_NOT_FOLLOWED,1
COND:mental_state,CAUSES,EVT:CONTROL_INPUT_IMPROPER,2
COND:mental_state,CONTRIBUTES_TO,EVT:CONTROL_INPUT_IMPROPER,3
COND:mental_state,CAUSES,EVT:PROCEDURE_NOT_FOLLOWED,2
COND:mental_state,CAUSES,EVT:DECISION_INAPPROPRIATE,6
COND:mental_state,CONTRIBUTES_TO,EVT:DECISION_INAPPROPRIATE,1
COND:mental_state,CAUSES,EVT:PERCEPTION_FAILURE,1
COND:mental_state,CONTRIBUTES_TO,EVT:PERCEPTION_FAILURE,1
COND:geographical,ENABLES,EVT:GROUND_IMPACT,1
COND:aircraft_type,CONTRIBUTES_TO,EVT:CONTROL_INPUT_IMPROPER,1
COND:altitude,CAUSES,EVT:LOSS_OF_CONTROL_INFLIGHT,1
COND:altitude,CONTRIBUTES_TO,EVT:LOSS_OF_CONTROL_INFLIGHT,1
COND:altitude,ENABLES,EVT:LOSS_OF_CONTROL_INFLIGHT,1
COND:altitude,CAUSES,EVT:PERCEPTION_FAILURE,1
COND:altitude,CONTRIBUTES_TO,EVT:GROUND_IMPACT,3
COND:altitude,INHIBITS,EVT:GROUND_IMPACT,1
COND:altitude,CAUSES,EVT:GROUND_IMPACT,1
COND:altitude,INHIBITS,EVT:PROCEDURE_NOT_FOLLOWED,1
COND:altitude,CONTRIBUTES_TO,EVT:CONTROL_INPUT_IMPROPER,1
COND:altitude,INHIBITS,EVT:CONTROL_INPUT_IMPROPER,1
COND:altitude,CONCURRENT,COND:terrain,1
COND:altitude,CAUSES,COND:terrain,1
COND:altitude,ENABLES,EVT:TERRAIN_OR_OBSTACLE_PROXIMITY,1
COND:altitude,CONTRIBUTES_TO,EVT:ALTITUDE_DEVIATION_UNCONTROLLED,1
COND:altitude,CAUSES,EVT:DECISION_INAPPROPRIATE,1
COND:fluid_contamination,CAUSES,EVT:FUEL_SYSTEM_ANOMALY,1
COND:operational_state,ENABLES,COND:fluid_contamination,1
COND:alcohol_impairment,CONTRIBUTES_TO,EVT:DECISION_INAPPROPRIATE,1
COND:misleading_visual_cue,CONTRIBUTES_TO,EVT:DECISION_INAPPROPRIATE,1
COND:task_load,CAUSES,EVT:PERCEPTION_FAILURE,1
COND:task_load,CONTRIBUTES_TO,EVT:PERCEPTION_FAILURE,1
COND:task_load,CONTRIBUTES_TO,EVT:CONTROL_INPUT_IMPROPER,1
COND:visibility,CAUSES,EVT:PERCEPTION_FAILURE,6
COND:visibility,INHIBITS,EVT:PERCEPTION_FAILURE,1
COND:visibility,UNDER_CONDITION,EVT:PERCEPTION_FAILURE,1
COND:visibility,CONTRIBUTES_TO,EVT:PERCEPTION_FAILURE,1
COND:visibility,UNDER_CONDITION,EVT:THUNDERSTORM_OR_CONVECTIVE,1
COND:visibility,CONTRIBUTES_TO,EVT:CONTROL_INPUT_IMPROPER,2
COND:visibility,INHIBITS,EVT:CONTROL_INPUT_IMPROPER,1
COND:visibility,ENABLES,EVT:TURBULENCE_ENCOUNTER,1
COND:visibility,UNDER_CONDITION,EVT:LOSS_OF_CONTROL_GROUND,1
COND:visibility,CONTRIBUTES_TO,EVT:LOSS_OF_CONTROL_GROUND,1
COND:visibility,CONTRIBUTES_TO,EVT:GROUND_IMPACT,1
COND:visibility,UNDER_CONDITION,EVT:DECISION_INAPPROPRIATE,1
COND:visibility,CONTRIBUTES_TO,EVT:RUNWAY_EXCURSION_OR_OVERRUN,1
COND:visibility,CAUSES,EVT:LANDING_GEAR_ANOMALY,1
COND:visibility,CONTRIBUTES_TO,EVT:PROCEDURE_NOT_FOLLOWED,1
COND:aircraft_characteristics,ENABLES,EVT:CONTROL_INPUT_IMPROPER,1
COND:aircraft_characteristics,CONTRIBUTES_TO,EVT:CONTROL_INPUT_IMPROPER,1
COND:aircraft_characteristics,CAUSES,EVT:LOSS_OF_CONTROL_GROUND,1
COND:aircraft_characteristics,CONTRIBUTES_TO,EVT:LOSS_OF_CONTROL_GROUND,1
COND:aircraft_characteristics,ENABLES,EVT:RUNWAY_EXCURSION_OR_OVERRUN,1
COND:habit,CAUSES,EVT:CONTROL_INPUT_IMPROPER,2
COND:habit,CONTRIBUTES_TO,EVT:CONTROL_INPUT_IMPROPER,1
COND:planning,CAUSES,EVT:PROCEDURE_NOT_FOLLOWED,1
COND:airport_design,ENABLES,EVT:PROCEDURE_NOT_FOLLOWED,1
COND:airport_design,ENABLES,COND:terrain_or_obstacle,1
COND:procedural_gap,ENABLES,EVT:PROCEDURE_NOT_FOLLOWED,1
COND:procedural_gap,CAUSES,EVT:MAINTENANCE_INADEQUATE,1
COND:communication_quality,CONTRIBUTES_TO,EVT:PROCEDURE_NOT_FOLLOWED,1
COND:substance_use,CONTRIBUTES_TO,EVT:CONTROL_INPUT_IMPROPER,1
COND:decision,CAUSES,EVT:RUNWAY_CONDITION_HAZARD,1
COND:flight_phase,UNDER_CONDITION,EVT:CONTROL_INPUT_IMPROPER,1
COND:flight_phase,CONTRIBUTES_TO,EVT:GROUND_IMPACT,1
COND:operational_limit,ENABLES,EVT:DECISION_INAPPROPRIATE,1
COND:operational_limit,UNDER_CONDITION,EVT:CONTROL_INPUT_IMPROPER,1
COND:operational_limit,CONTRIBUTES_TO,EVT:LOSS_OF_CONTROL_GROUND,2
COND:information_deficit,CONTRIBUTES_TO,EVT:DECISION_INAPPROPRIATE,1
COND:structural_limit,UNDER_CONDITION,EVT:STRUCTURAL_OVERLOAD,1
COND:structural_limit,CAUSES,EVT:AIRFRAME_STRUCTURAL_FAILURE,1
COND:spatial_orientation,CONTRIBUTES_TO,EVT:DECISION_INAPPROPRIATE,1
COND:flight_attitude,ENABLES,COND:latent_defect,1
COND:organizational_culture,CAUSES,EVT:DECISION_INAPPROPRIATE,1
COND:regulatory_compliance,ENABLES,EVT:ORG_OR_REGULATORY_INADEQUATE,1
COND:regulatory_compliance,ENABLES,ENT:person,1
COND:crew,CONTRIBUTES_TO,COND:weight,1
COND:crew,CONTRIBUTES_TO,EVT:CREW_COORDINATION_FAILURE,1
COND:crew,CONTRIBUTES_TO,EVT:DECISION_INAPPROPRIATE,1
COND:crew,UNDER_CONDITION,EVT:PERCEPTION_FAILURE,1
COND:crew,INHIBITS,EVT:PERCEPTION_FAILURE,1
COND:crew,CONTRIBUTES_TO,EVT:CONTROL_INPUT_IMPROPER,2
COND:crew,CAUSES,EVT:CONTROL_INPUT_IMPROPER,1
COND:wind,UNDER_CONDITION,EVT:RUNWAY_CONDITION_HAZARD,1
COND:wind,CONTRIBUTES_TO,EVT:CONTROL_INPUT_IMPROPER,1
COND:wind,UNDER_CONDITION,EVT:DECISION_INAPPROPRIATE,1
COND:wind,CONTRIBUTES_TO,EVT:LOSS_OF_CONTROL_GROUND,2
COND:hypoxia,CAUSES,EVT:PILOT_INCAPACITATION_OR_IMPAIRMENT,1
COND:spatial_disorientation,CAUSES,EVT:SPATIAL_DISORIENTATION,1
COND:spatial_disorientation,CAUSES,EVT:STALL,1
COND:spatial_disorientation,CAUSES,EVT:DECISION_INAPPROPRIATE,2
COND:spatial_disorientation,CAUSES,EVT:LOSS_OF_CONTROL_INFLIGHT,3
COND:spatial_disorientation,CAUSES,EVT:PERCEPTION_FAILURE,1
COND:spatial_disorientation,CAUSES,EVT:PROCEDURE_NOT_FOLLOWED,2
COND:fuel_quantity,CAUSES,EVT:ENGINE_FAILURE,1
COND:pharmacological,CAUSES,EVT:PILOT_INCAPACITATION_OR_IMPAIRMENT,1
COND:pharmacological,CONTRIBUTES_TO,COND:psychological,1
COND:pharmacological,CONTRIBUTES_TO,EVT:PERCEPTION_FAILURE,1
COND:pharmacological,CONTRIBUTES_TO,EVT:CONTROL_INPUT_IMPROPER,1
COND:state,CAUSES,EVT:PROCEDURE_NOT_FOLLOWED,1
COND:state,CONTRIBUTES_TO,EVT:PROCEDURE_NOT_FOLLOWED,1
COND:state,CAUSES,EVT:LANDING_GEAR_ANOMALY,1
COND:state,CAUSES,EVT:ENGINE_FAILURE,1
COND:state,ENABLES,EVT:GROUND_COLLISION,1
COND:state,ENABLES,EVT:GROUND_IMPACT,2
COND:state,CAUSES,EVT:DECISION_INAPPROPRIATE,1
COND:operational_limitation,CONTRIBUTES_TO,EVT:DECISION_INAPPROPRIATE,1
COND:operational_limitation,CONTRIBUTES_TO,EVT:CONTROL_INPUT_IMPROPER,1
COND:pilot_knowledge,MASKED_BY_CONDITION,COND:mechanical,1
COND:pilot_knowledge,CAUSES,EVT:DECISION_INAPPROPRIATE,1
COND:fuel_flow,CAUSES,EVT:ENGINE_FAILURE,1
COND:biological,UNDER_CONDITION,EVT:BIRD_OR_WILDLIFE_STRIKE,1
COND:biological,ENABLES,EVT:BIRD_OR_WILDLIFE_STRIKE,1
COND:aircraft_design,MASKED_BY_CONDITION,EVT:PERCEPTION_FAILURE,1
COND:navigation,CAUSES,EVT:PERCEPTION_FAILURE,2
COND:navigation,CAUSES,EVT:DECISION_INAPPROPRIATE,1
COND:regulatory_non_compliance,UNDER_CONDITION,EVT:TRAINING_OR_CURRENCY_GAP,1
COND:ergonomic,CONTRIBUTES_TO,EVT:CONTROL_INPUT_IMPROPER,5
COND:ergonomic,INHIBITS,EVT:CONTROL_INPUT_IMPROPER,2
COND:ergonomic,ENABLES,EVT:CONTROL_INPUT_IMPROPER,2
COND:ergonomic,CAUSES,EVT:DECISION_INAPPROPRIATE,1
COND:ergonomic,CONTRIBUTES_TO,EVT:PROCEDURE_NOT_FOLLOWED,1
COND:position,CAUSES,EVT:DECISION_INAPPROPRIATE,1
COND:position,TRIGGERS,EVT:DECISION_INAPPROPRIATE,1
COND:position,CAUSES,EVT:MIDAIR_COLLISION,1
COND:position,CAUSES,EVT:GROUND_IMPACT,1
COND:position,UNDER_CONDITION,EVT:LOW_VISIBILITY_OR_IMC,1
COND:position,ENABLES,EVT:CONTROL_INPUT_IMPROPER,1
COND:surface_condition,CONTRIBUTES_TO,EVT:PROCEDURE_NOT_FOLLOWED,1
COND:surface_condition,UNDER_CONDITION,EVT:LOSS_OF_CONTROL_GROUND,1
COND:skill,CONTRIBUTES_TO,EVT:CONTROL_INPUT_IMPROPER,3
COND:skill,CONTRIBUTES_TO,EVT:SPATIAL_DISORIENTATION,1
COND:skill,CAUSES,EVT:STALL,1
COND:skill,CONTRIBUTES_TO,EVT:DECISION_INAPPROPRIATE,2
COND:geometric,ENABLES,EVT:LOSS_OF_CONTROL_GROUND,1
COND:crew_qualification,CONTRIBUTES_TO,EVT:DECISION_INAPPROPRIATE,1
COND:crew_qualification,CONTRIBUTES_TO,EVT:TERRAIN_OR_OBSTACLE_PROXIMITY,1
COND:administrative,UNDER_CONDITION,ENT:person,1
ENT:substance,INDUCED_CONDITION,COND:fatigue,1
COND:qualification,CAUSES,EVT:DECISION_INAPPROPRIATE,1
COND:qualification,CONTRIBUTES_TO,EVT:DECISION_INAPPROPRIATE,2
COND:task,CONTRIBUTES_TO,EVT:CONTROL_INPUT_IMPROPER,2
COND:mission_profile,CONTRIBUTES_TO,EVT:TERRAIN_OR_OBSTACLE_PROXIMITY,1
COND:ground_condition,UNDER_CONDITION,EVT:RUNWAY_EXCURSION_OR_OVERRUN,1
COND:technical,CONTRIBUTES_TO,EVT:PROCEDURE_NOT_FOLLOWED,1
COND:pilot_status,CONTRIBUTES_TO,EVT:DECISION_INAPPROPRIATE,2
COND:pilot_status,ENABLES,EVT:DECISION_INAPPROPRIATE,1
COND:auditory,CAUSES,EVT:PERCEPTION_FAILURE,1
COND:traffic,UNDER_CONDITION,EVT:PERCEPTION_FAILURE,1
COND:traffic,CAUSES,EVT:PERCEPTION_FAILURE,1
COND:traffic,CAUSES,COND:visual,1
COND:traffic,TRIGGERS,EVT:DECISION_INAPPROPRIATE,1
COND:supervision,CONTRIBUTES_TO,EVT:CONTROL_INPUT_IMPROPER,1
COND:security,ENABLES,EVT:PILOT_INCAPACITATION_OR_IMPAIRMENT,1
COND:security,CAUSES,EVT:PILOT_INCAPACITATION_OR_IMPAIRMENT,1
COND:security,ENABLES,EVT:PERCEPTION_FAILURE,1
COND:security,UNDER_CONDITION,EVT:PERCEPTION_FAILURE,1
COND:security,ENABLES,COND:security,1
COND:environmental_obstacle,TRIGGERS,EVT:CONTROL_INPUT_IMPROPER,1
COND:object,UNDER_CONDITION,EVT:BIRD_OR_WILDLIFE_STRIKE,1
COND:aircraft_loading,CAUSES,EVT:LOSS_OF_CONTROL_GROUND,1
COND:information_gap,CAUSES,COND:environmental,1
COND:information_gap,CONTRIBUTES_TO,EVT:PROCEDURE_NOT_FOLLOWED,1
COND:information_gap,CONTRIBUTES_TO,EVT:DECISION_INAPPROPRIATE,2
COND:information_gap,CONTRIBUTES_TO,EVT:RUNWAY_EXCURSION_OR_OVERRUN,1
COND:information_gap,ENABLES,EVT:MAINTENANCE_INADEQUATE,1
COND:performance_limitation,CAUSES,EVT:ALTITUDE_DEVIATION_UNCONTROLLED,1
COND:performance_limitation,CONTRIBUTES_TO,EVT:DECISION_INAPPROPRIATE,1
COND:equipment_status,CONTRIBUTES_TO,EVT:PERCEPTION_FAILURE,2
COND:personnel,CONTRIBUTES_TO,EVT:STALL,1
COND:personnel,CONTRIBUTES_TO,EVT:PERCEPTION_FAILURE,1
COND:lack_of_currency,CAUSES,EVT:DECISION_INAPPROPRIATE,1
ENT:wildlife,INDUCED_CONDITION,COND:environmental,1
COND:lighting,CONTRIBUTES_TO,EVT:PERCEPTION_FAILURE,1
COND:lighting,CAUSES,EVT:PERCEPTION_FAILURE,1
COND:attentional_state,CONTRIBUTES_TO,EVT:CONTROL_INPUT_IMPROPER,1
COND:visual_illusion,CAUSES,EVT:CONTROL_INPUT_IMPROPER,3
COND:visual_illusion,CAUSES,EVT:PERCEPTION_FAILURE,1
COND:drug_impairment,CAUSES,EVT:CONTROL_INPUT_IMPROPER,1
COND:drug_impairment,UNDER_CONDITION,ENT:person,1
ENT:equipment,UNDER_CONDITION,COND:environmental,1
ENT:equipment,ENABLES,COND:mechanical,1
ENT:equipment,UNDER_CONDITION,COND:mechanical,1
ENT:equipment,INDUCED_CONDITION,COND:mechanical,1
ENT:equipment,CAUSES,EVT:GROUND_IMPACT,1
ENT:equipment,RESPONDS_TO,ENT:person,1
COND:mental_model,CAUSES,EVT:DECISION_INAPPROPRIATE,1
COND:mental_model,CAUSES,EVT:PROCEDURE_NOT_FOLLOWED,1
COND:terrain_or_obstacle_proximity,CAUSES,EVT:PERCEPTION_FAILURE,1
COND:system_state,TRIGGERS,EVT:PROCEDURE_NOT_FOLLOWED,1
COND:flight_path,CAUSES,EVT:DECISION_INAPPROPRIATE,1
COND:flight_path,CAUSES,EVT:CONTROL_INPUT_IMPROPER,1
COND:flight_path,CONTRIBUTES_TO,EVT:STALL,1
COND:pilot_misperception,CAUSES,EVT:RUNWAY_EXCURSION_OR_OVERRUN,1
COND:organizational_gap,CAUSES,COND:design_defect,1
COND:fatigue_or_alcohol_impairment,CAUSES,EVT:PERCEPTION_FAILURE,1
COND:night_flight,CAUSES,EVT:PERCEPTION_FAILURE,1
COND:experience_gap,CONTRIBUTES_TO,EVT:CONTROL_INPUT_IMPROPER,1
COND:knowledge_gap,CONTRIBUTES_TO,EVT:CONTROL_INPUT_IMPROPER,1
COND:knowledge_gap,CONTRIBUTES_TO,EVT:PROCEDURE_NOT_FOLLOWED,1
COND:knowledge_gap,CAUSES,EVT:PROCEDURE_NOT_FOLLOWED,1
COND:knowledge_gap,CAUSES,EVT:DECISION_INAPPROPRIATE,1
COND:knowledge_gap,CAUSES,EVT:PERCEPTION_FAILURE,1
COND:latency,CONTRIBUTES_TO,EVT:PERCEPTION_FAILURE,1
COND:drug_impaired,CONTRIBUTES_TO,EVT:DECISION_INAPPROPRIATE,1
ENT:procedure,INHIBITS,EVT:MAINTENANCE_INADEQUATE,1
COND:latent_design,CAUSES,EVT:ENGINE_FAILURE,1
COND:external_load,ENABLES,EVT:CONTROL_SURFACE_ANOMALY,1
COND:external_load,UNDER_CONDITION,EVT:EXTERNAL_LOAD_ANOMALY,1
COND:crew_coordination,CAUSES,EVT:STALL,1
COND:crew_coordination,INHIBITS,EVT:CONTROL_INPUT_IMPROPER,1
COND:anatomical,CONTRIBUTES_TO,EVT:PERCEPTION_FAILURE,1
COND:procedural_violation,ENABLES,EVT:INFLIGHT_FIRE_OR_SMOKE,1
COND:physical_damage,TRIGGERS,EVT:INFLIGHT_FIRE_OR_SMOKE,1
COND:maintenance_inadequate,ENABLES,COND:latent_defect,1
COND:maintenance_inadequate,CAUSES,COND:latent_defect,1
COND:fuel_starvation,CAUSES,EVT:ENGINE_FAILURE,1
COND:organizational_deficiency,CAUSES,EVT:PROCEDURE_NOT_FOLLOWED,1
ENT:medical,INDUCED_CONDITION,COND:physiological,1
COND:infrastructure_defect,CAUSES,EVT:RUNWAY_EXCURSION_OR_OVERRUN,1
COND:infrastructure_defect,UNDER_CONDITION,EVT:GROUND_INCIDENT,1
COND:traffic_density,CONTRIBUTES_TO,EVT:ATC_OR_DISPATCH_INADEQUATE,1
COND:electrical,UNDER_CONDITION,EVT:PERCEPTION_FAILURE,1
COND:electrical,CAUSES,EVT:INSTRUMENT_OR_AVIONICS_FAILURE,2
COND:electrical,UNDER_CONDITION,EVT:PROCEDURE_NOT_FOLLOWED,1
COND:contamination,CAUSES,EVT:STALL,1
COND:training_scenario,CAUSES,EVT:CONTROL_INPUT_IMPROPER,1
COND:distraction,CONTRIBUTES_TO,EVT:PROCEDURE_NOT_FOLLOWED,1
COND:legal,CAUSES,EVT:PROCEDURE_NOT_FOLLOWED,1
COND:structural_defect,CAUSES,COND:structural_defect,1
COND:structural_defect,CAUSES,EVT:AIRFRAME_STRUCTURAL_FAILURE,4
COND:structural_defect,ENABLES,EVT:AIRFRAME_STRUCTURAL_FAILURE,1
COND:structural_defect,CAUSES,EVT:LANDING_GEAR_ANOMALY,1
COND:structural_defect,UNDER_CONDITION,ENT:component,1
COND:attitude,CAUSES,EVT:GROUND_IMPACT,1
COND:attitude,CONTRIBUTES_TO,EVT:STALL,1
COND:terrain_obstruction,CAUSES,EVT:GROUND_IMPACT,1
COND:facility_deficiency,CONTRIBUTES_TO,EVT:CONTROL_INPUT_IMPROPER,1
COND:maintenance_deficiency,ENABLES,EVT:PROCEDURE_NOT_FOLLOWED,1
COND:procedure,CONTRIBUTES_TO,EVT:INJURY_OR_FATALITY,1
COND:wildlife,UNDER_CONDITION,EVT:BIRD_OR_WILDLIFE_STRIKE,2
COND:wildlife,CAUSES,EVT:BIRD_OR_WILDLIFE_STRIKE,1
COND:manufacturing,CAUSES,COND:mechanical,1
COND:ground_effect,CAUSES,EVT:LOSS_OF_CONTROL_GROUND,1
COND:material_state,CONTRIBUTES_TO,EVT:LANDING_GEAR_ANOMALY,1
COND:behavioral_tendency,CAUSES,EVT:CONTROL_INPUT_IMPROPER,1
COND:pilot_competence,CONTRIBUTES_TO,EVT:CONTROL_INPUT_IMPROPER,1
COND:aerodynamic_state,CAUSES,EVT:LOSS_OF_CONTROL_INFLIGHT,1
COND:terrain_or_obstacle,CAUSES,EVT:DECISION_INAPPROPRIATE,1
COND:health,CAUSES,EVT:PILOT_INCAPACITATION_OR_IMPAIRMENT,1
COND:organizational_defect,CAUSES,EVT:PROCEDURE_NOT_FOLLOWED,1
COND:flight_envelope,CAUSES,EVT:STALL,1
COND:external,CONTRIBUTES_TO,COND:aerodynamic,1
COND:external,CAUSES,EVT:GROUND_IMPACT,1
COND:wake_turbulence,UNDER_CONDITION,EVT:TURBULENCE_ENCOUNTER,2
COND:spatial_disorientation_lack_of_situational_awareness,CONTRIBUTES_TO,EVT:DECISION_INAPPROPRIATE,1
COND:instrument_failure,CONTRIBUTES_TO,EVT:DECISION_INAPPROPRIATE,1
COND:crew_resource_management,ENABLES,EVT:CREW_COORDINATION_FAILURE,1
COND:aerodynamic_load,CAUSES,EVT:STRUCTURAL_OVERLOAD,1
COND:regulatory_violation,ENABLES,EVT:CONTROL_INPUT_IMPROPER,1
COND:regulatory_violation,UNDER_CONDITION,ENT:person,1
COND:pilot_performance,CAUSES,EVT:STALL,1
COND:energy_state,TRIGGERS,EVT:DECISION_INAPPROPRIATE,1
COND:energy_state,CAUSES,EVT:RUNWAY_EXCURSION_OR_OVERRUN,1
COND:pilot_characteristic,CONTRIBUTES_TO,EVT:CONTROL_INPUT_IMPROPER,1
COND:low_visibility_or_imc,CONTRIBUTES_TO,EVT:PERCEPTION_FAILURE,1
COND:skill_gap,CONTRIBUTES_TO,EVT:CONTROL_INPUT_IMPROPER,1
COND:airframe,CAUSES,EVT:STALL,1
COND:inexperience,CONTRIBUTES_TO,EVT:LOSS_OF_CONTROL_INFLIGHT,1
COND:structural_damage,CAUSES,EVT:LANDING_GEAR_ANOMALY,1
COND:positioning,CONTRIBUTES_TO,EVT:CONTROL_INPUT_IMPROPER,1
COND:human_state,CONTRIBUTES_TO,EVT:PERSONNEL_INJURY,1
COND:organizational_pressure,CAUSES,COND:human_error_state,1
COND:human_error_state,CAUSES,EVT:GROUND_PERSONNEL_ERROR,1
COND:operational_procedure,ENABLES,EVT:CONTROL_INPUT_IMPROPER,1
COND:operational_procedure,ENABLES,EVT:TERRAIN_OR_OBSTACLE_PROXIMITY,1
COND:crew_state,CONTRIBUTES_TO,EVT:LOSS_OF_CONTROL_INFLIGHT,1
ENT:other,CAUSES,COND:environmental,1
COND:mental_health,CAUSES,EVT:DECISION_INAPPROPRIATE,1
COND:low_fuel,CONTRIBUTES_TO,EVT:CONTROL_INPUT_IMPROPER,1
COND:certification,CONTRIBUTES_TO,EVT:LOSS_OF_CONTROL_GROUND,1
COND:cg,CAUSES,COND:performance,1
COND:weight_distribution,CONTRIBUTES_TO,EVT:LOSS_OF_CONTROL_GROUND,1
COND:aircraft_equipment,ENABLES,EVT:PERCEPTION_FAILURE,1
COND:latent defect,CAUSES,EVT:LANDING_GEAR_ANOMALY,1
COND:navigation_equipment_failure,CAUSES,EVT:DECISION_INAPPROPRIATE,1
COND:cargo,ENABLES,EVT:STRUCTURAL_OVERLOAD,1
